BioProject	SRA	BioSample	treatment	tissue	stage	cultivar	code	temperature	attributes
PRJEB21674	ERR2040773	SAMEA104170817	NA	NA	NA	NA	M-Y	NA	ENA first public:2017-07-23; ENA last update:2017-07-23; ENA-CHECKLIST:ERC000011; External Id:SAMEA104170817; INSDC center alias:Department of Biological Sciences; INSDC center name:Department of Biological Sciences; INSDC first public:2017-07-23T17:01:29Z; INSDC last update:2017-07-23T05:36:38Z; INSDC status:public; Submitter Id:SOHV; common name:proso millet; sample name:SOHV; sequencer:HiSeq; source mat id:E. Kellogg PI 536011 (MO; tissue type:mature leaf
PRJNA592319	SRR10583843	SAMN13420647	NA	leaf	NA	SS 212	SSL	NA	isolate:not collected; cultivar:SS 212; ecotype:not collected; age:not collected; dev stage:not collected; geo loc name:not collected; tissue:Leaf
PRJNA592319	SRR10583844	SAMN13420647	NA	leaf	NA	SS 212	SSL	NA	isolate:not collected; cultivar:SS 212; ecotype:not collected; age:not collected; dev stage:not collected; geo loc name:not collected; tissue:Leaf
PRJNA592319	SRR10583845	SAMN13420650	NA	root	NA	ST 47	STR	NA	isolate:not collected; cultivar:ST 47; ecotype:not collected; age:not collected; dev stage:not collected; geo loc name:not collected; tissue:Root
PRJNA592319	SRR10583846	SAMN13420650	NA	root	NA	ST 47	STR	NA	isolate:not collected; cultivar:ST 47; ecotype:not collected; age:not collected; dev stage:not collected; geo loc name:not collected; tissue:Root
PRJNA592319	SRR10583847	SAMN13420647	NA	leaf	NA	SS 212	SSL	NA	isolate:not collected; cultivar:SS 212; ecotype:not collected; age:not collected; dev stage:not collected; geo loc name:not collected; tissue:Leaf
PRJNA592319	SRR10583848	SAMN13420650	NA	root	NA	ST 47	STR	NA	isolate:not collected; cultivar:ST 47; ecotype:not collected; age:not collected; dev stage:not collected; geo loc name:not collected; tissue:Root
PRJNA592319	SRR10583849	SAMN13420650	NA	root	NA	ST 47	STR	NA	isolate:not collected; cultivar:ST 47; ecotype:not collected; age:not collected; dev stage:not collected; geo loc name:not collected; tissue:Root
PRJNA592319	SRR10583850	SAMN13420650	NA	root	NA	ST 47	STR	NA	isolate:not collected; cultivar:ST 47; ecotype:not collected; age:not collected; dev stage:not collected; geo loc name:not collected; tissue:Root
PRJNA592319	SRR10583851	SAMN13420650	NA	root	NA	ST 47	STR	NA	isolate:not collected; cultivar:ST 47; ecotype:not collected; age:not collected; dev stage:not collected; geo loc name:not collected; tissue:Root
PRJNA592319	SRR10583852	SAMN13420650	NA	root	NA	ST 47	STR	NA	isolate:not collected; cultivar:ST 47; ecotype:not collected; age:not collected; dev stage:not collected; geo loc name:not collected; tissue:Root
PRJNA592319	SRR10583853	SAMN13420650	NA	root	NA	ST 47	STR	NA	isolate:not collected; cultivar:ST 47; ecotype:not collected; age:not collected; dev stage:not collected; geo loc name:not collected; tissue:Root
PRJNA592319	SRR10583854	SAMN13420650	NA	root	NA	ST 47	STR	NA	isolate:not collected; cultivar:ST 47; ecotype:not collected; age:not collected; dev stage:not collected; geo loc name:not collected; tissue:Root
PRJNA592319	SRR10583855	SAMN13420650	NA	root	NA	ST 47	STR	NA	isolate:not collected; cultivar:ST 47; ecotype:not collected; age:not collected; dev stage:not collected; geo loc name:not collected; tissue:Root
PRJNA592319	SRR10583856	SAMN13420650	NA	root	NA	ST 47	STR	NA	isolate:not collected; cultivar:ST 47; ecotype:not collected; age:not collected; dev stage:not collected; geo loc name:not collected; tissue:Root
PRJNA592319	SRR10583857	SAMN13420650	NA	root	NA	ST 47	STR	NA	isolate:not collected; cultivar:ST 47; ecotype:not collected; age:not collected; dev stage:not collected; geo loc name:not collected; tissue:Root
PRJNA592319	SRR10583858	SAMN13420647	NA	leaf	NA	SS 212	SSL	NA	isolate:not collected; cultivar:SS 212; ecotype:not collected; age:not collected; dev stage:not collected; geo loc name:not collected; tissue:Leaf
PRJNA592319	SRR10583859	SAMN13420650	NA	root	NA	ST 47	STR	NA	isolate:not collected; cultivar:ST 47; ecotype:not collected; age:not collected; dev stage:not collected; geo loc name:not collected; tissue:Root
PRJNA592319	SRR10583860	SAMN13420650	NA	root	NA	ST 47	STR	NA	isolate:not collected; cultivar:ST 47; ecotype:not collected; age:not collected; dev stage:not collected; geo loc name:not collected; tissue:Root
PRJNA592319	SRR10583861	SAMN13420650	NA	root	NA	ST 47	STR	NA	isolate:not collected; cultivar:ST 47; ecotype:not collected; age:not collected; dev stage:not collected; geo loc name:not collected; tissue:Root
PRJNA592319	SRR10583862	SAMN13420650	NA	root	NA	ST 47	STR	NA	isolate:not collected; cultivar:ST 47; ecotype:not collected; age:not collected; dev stage:not collected; geo loc name:not collected; tissue:Root
PRJNA592319	SRR10583863	SAMN13420650	NA	root	NA	ST 47	STR	NA	isolate:not collected; cultivar:ST 47; ecotype:not collected; age:not collected; dev stage:not collected; geo loc name:not collected; tissue:Root
PRJNA592319	SRR10583864	SAMN13420650	NA	root	NA	ST 47	STR	NA	isolate:not collected; cultivar:ST 47; ecotype:not collected; age:not collected; dev stage:not collected; geo loc name:not collected; tissue:Root
PRJNA592319	SRR10583865	SAMN13420649	NA	leaf	NA	ST 47	STL	NA	isolate:not collected; cultivar:ST 47; ecotype:not collected; age:not collected; dev stage:not collected; geo loc name:not collected; tissue:Leaf
PRJNA592319	SRR10583866	SAMN13420649	NA	leaf	NA	ST 47	STL	NA	isolate:not collected; cultivar:ST 47; ecotype:not collected; age:not collected; dev stage:not collected; geo loc name:not collected; tissue:Leaf
PRJNA592319	SRR10583867	SAMN13420649	NA	leaf	NA	ST 47	STL	NA	isolate:not collected; cultivar:ST 47; ecotype:not collected; age:not collected; dev stage:not collected; geo loc name:not collected; tissue:Leaf
PRJNA592319	SRR10583868	SAMN13420649	NA	leaf	NA	ST 47	STL	NA	isolate:not collected; cultivar:ST 47; ecotype:not collected; age:not collected; dev stage:not collected; geo loc name:not collected; tissue:Leaf
PRJNA592319	SRR10583869	SAMN13420647	NA	leaf	NA	SS 212	SSL	NA	isolate:not collected; cultivar:SS 212; ecotype:not collected; age:not collected; dev stage:not collected; geo loc name:not collected; tissue:Leaf
PRJNA592319	SRR10583870	SAMN13420649	NA	leaf	NA	ST 47	STL	NA	isolate:not collected; cultivar:ST 47; ecotype:not collected; age:not collected; dev stage:not collected; geo loc name:not collected; tissue:Leaf
PRJNA592319	SRR10583871	SAMN13420649	NA	leaf	NA	ST 47	STL	NA	isolate:not collected; cultivar:ST 47; ecotype:not collected; age:not collected; dev stage:not collected; geo loc name:not collected; tissue:Leaf
PRJNA592319	SRR10583872	SAMN13420649	NA	leaf	NA	ST 47	STL	NA	isolate:not collected; cultivar:ST 47; ecotype:not collected; age:not collected; dev stage:not collected; geo loc name:not collected; tissue:Leaf
PRJNA592319	SRR10583873	SAMN13420649	NA	leaf	NA	ST 47	STL	NA	isolate:not collected; cultivar:ST 47; ecotype:not collected; age:not collected; dev stage:not collected; geo loc name:not collected; tissue:Leaf
PRJNA592319	SRR10583874	SAMN13420649	NA	leaf	NA	ST 47	STL	NA	isolate:not collected; cultivar:ST 47; ecotype:not collected; age:not collected; dev stage:not collected; geo loc name:not collected; tissue:Leaf
PRJNA592319	SRR10583875	SAMN13420649	NA	leaf	NA	ST 47	STL	NA	isolate:not collected; cultivar:ST 47; ecotype:not collected; age:not collected; dev stage:not collected; geo loc name:not collected; tissue:Leaf
PRJNA592319	SRR10583876	SAMN13420649	NA	leaf	NA	ST 47	STL	NA	isolate:not collected; cultivar:ST 47; ecotype:not collected; age:not collected; dev stage:not collected; geo loc name:not collected; tissue:Leaf
PRJNA592319	SRR10583877	SAMN13420649	NA	leaf	NA	ST 47	STL	NA	isolate:not collected; cultivar:ST 47; ecotype:not collected; age:not collected; dev stage:not collected; geo loc name:not collected; tissue:Leaf
PRJNA592319	SRR10583878	SAMN13420649	NA	leaf	NA	ST 47	STL	NA	isolate:not collected; cultivar:ST 47; ecotype:not collected; age:not collected; dev stage:not collected; geo loc name:not collected; tissue:Leaf
PRJNA592319	SRR10583879	SAMN13420649	NA	leaf	NA	ST 47	STL	NA	isolate:not collected; cultivar:ST 47; ecotype:not collected; age:not collected; dev stage:not collected; geo loc name:not collected; tissue:Leaf
PRJNA592319	SRR10583880	SAMN13420647	NA	leaf	NA	SS 212	SSL	NA	isolate:not collected; cultivar:SS 212; ecotype:not collected; age:not collected; dev stage:not collected; geo loc name:not collected; tissue:Leaf
PRJNA592319	SRR10583881	SAMN13420649	NA	leaf	NA	ST 47	STL	NA	isolate:not collected; cultivar:ST 47; ecotype:not collected; age:not collected; dev stage:not collected; geo loc name:not collected; tissue:Leaf
PRJNA592319	SRR10583882	SAMN13420649	NA	leaf	NA	ST 47	STL	NA	isolate:not collected; cultivar:ST 47; ecotype:not collected; age:not collected; dev stage:not collected; geo loc name:not collected; tissue:Leaf
PRJNA592319	SRR10583883	SAMN13420649	NA	leaf	NA	ST 47	STL	NA	isolate:not collected; cultivar:ST 47; ecotype:not collected; age:not collected; dev stage:not collected; geo loc name:not collected; tissue:Leaf
PRJNA592319	SRR10583884	SAMN13420649	NA	leaf	NA	ST 47	STL	NA	isolate:not collected; cultivar:ST 47; ecotype:not collected; age:not collected; dev stage:not collected; geo loc name:not collected; tissue:Leaf
PRJNA592319	SRR10583885	SAMN13420648	NA	root	NA	SS 212	SSR	NA	isolate:not collected; cultivar:SS 212; ecotype:not collected; age:not collected; dev stage:not collected; geo loc name:not collected; tissue:Root
PRJNA592319	SRR10583886	SAMN13420648	NA	root	NA	SS 212	SSR	NA	isolate:not collected; cultivar:SS 212; ecotype:not collected; age:not collected; dev stage:not collected; geo loc name:not collected; tissue:Root
PRJNA592319	SRR10583887	SAMN13420648	NA	root	NA	SS 212	SSR	NA	isolate:not collected; cultivar:SS 212; ecotype:not collected; age:not collected; dev stage:not collected; geo loc name:not collected; tissue:Root
PRJNA592319	SRR10583888	SAMN13420648	NA	root	NA	SS 212	SSR	NA	isolate:not collected; cultivar:SS 212; ecotype:not collected; age:not collected; dev stage:not collected; geo loc name:not collected; tissue:Root
PRJNA592319	SRR10583889	SAMN13420648	NA	root	NA	SS 212	SSR	NA	isolate:not collected; cultivar:SS 212; ecotype:not collected; age:not collected; dev stage:not collected; geo loc name:not collected; tissue:Root
PRJNA592319	SRR10583890	SAMN13420648	NA	root	NA	SS 212	SSR	NA	isolate:not collected; cultivar:SS 212; ecotype:not collected; age:not collected; dev stage:not collected; geo loc name:not collected; tissue:Root
PRJNA592319	SRR10583891	SAMN13420647	NA	leaf	NA	SS 212	SSL	NA	isolate:not collected; cultivar:SS 212; ecotype:not collected; age:not collected; dev stage:not collected; geo loc name:not collected; tissue:Leaf
PRJNA592319	SRR10583892	SAMN13420648	NA	root	NA	SS 212	SSR	NA	isolate:not collected; cultivar:SS 212; ecotype:not collected; age:not collected; dev stage:not collected; geo loc name:not collected; tissue:Root
PRJNA592319	SRR10583893	SAMN13420648	NA	root	NA	SS 212	SSR	NA	isolate:not collected; cultivar:SS 212; ecotype:not collected; age:not collected; dev stage:not collected; geo loc name:not collected; tissue:Root
PRJNA592319	SRR10583894	SAMN13420648	NA	root	NA	SS 212	SSR	NA	isolate:not collected; cultivar:SS 212; ecotype:not collected; age:not collected; dev stage:not collected; geo loc name:not collected; tissue:Root
PRJNA592319	SRR10583895	SAMN13420648	NA	root	NA	SS 212	SSR	NA	isolate:not collected; cultivar:SS 212; ecotype:not collected; age:not collected; dev stage:not collected; geo loc name:not collected; tissue:Root
PRJNA592319	SRR10583896	SAMN13420648	NA	root	NA	SS 212	SSR	NA	isolate:not collected; cultivar:SS 212; ecotype:not collected; age:not collected; dev stage:not collected; geo loc name:not collected; tissue:Root
PRJNA592319	SRR10583897	SAMN13420648	NA	root	NA	SS 212	SSR	NA	isolate:not collected; cultivar:SS 212; ecotype:not collected; age:not collected; dev stage:not collected; geo loc name:not collected; tissue:Root
PRJNA592319	SRR10583898	SAMN13420648	NA	root	NA	SS 212	SSR	NA	isolate:not collected; cultivar:SS 212; ecotype:not collected; age:not collected; dev stage:not collected; geo loc name:not collected; tissue:Root
PRJNA592319	SRR10583899	SAMN13420648	NA	root	NA	SS 212	SSR	NA	isolate:not collected; cultivar:SS 212; ecotype:not collected; age:not collected; dev stage:not collected; geo loc name:not collected; tissue:Root
PRJNA592319	SRR10583900	SAMN13420648	NA	root	NA	SS 212	SSR	NA	isolate:not collected; cultivar:SS 212; ecotype:not collected; age:not collected; dev stage:not collected; geo loc name:not collected; tissue:Root
PRJNA592319	SRR10583901	SAMN13420648	NA	root	NA	SS 212	SSR	NA	isolate:not collected; cultivar:SS 212; ecotype:not collected; age:not collected; dev stage:not collected; geo loc name:not collected; tissue:Root
PRJNA592319	SRR10583902	SAMN13420647	NA	leaf	NA	SS 212	SSL	NA	isolate:not collected; cultivar:SS 212; ecotype:not collected; age:not collected; dev stage:not collected; geo loc name:not collected; tissue:Leaf
PRJNA592319	SRR10583903	SAMN13420648	NA	root	NA	SS 212	SSR	NA	isolate:not collected; cultivar:SS 212; ecotype:not collected; age:not collected; dev stage:not collected; geo loc name:not collected; tissue:Root
PRJNA592319	SRR10583904	SAMN13420648	NA	root	NA	SS 212	SSR	NA	isolate:not collected; cultivar:SS 212; ecotype:not collected; age:not collected; dev stage:not collected; geo loc name:not collected; tissue:Root
PRJNA592319	SRR10583905	SAMN13420647	NA	leaf	NA	SS 212	SSL	NA	isolate:not collected; cultivar:SS 212; ecotype:not collected; age:not collected; dev stage:not collected; geo loc name:not collected; tissue:Leaf
PRJNA592319	SRR10583906	SAMN13420647	NA	leaf	NA	SS 212	SSL	NA	isolate:not collected; cultivar:SS 212; ecotype:not collected; age:not collected; dev stage:not collected; geo loc name:not collected; tissue:Leaf
PRJNA592319	SRR10583907	SAMN13420647	NA	leaf	NA	SS 212	SSL	NA	isolate:not collected; cultivar:SS 212; ecotype:not collected; age:not collected; dev stage:not collected; geo loc name:not collected; tissue:Leaf
PRJNA592319	SRR10583908	SAMN13420647	NA	leaf	NA	SS 212	SSL	NA	isolate:not collected; cultivar:SS 212; ecotype:not collected; age:not collected; dev stage:not collected; geo loc name:not collected; tissue:Leaf
PRJNA592319	SRR10583909	SAMN13420647	NA	leaf	NA	SS 212	SSL	NA	isolate:not collected; cultivar:SS 212; ecotype:not collected; age:not collected; dev stage:not collected; geo loc name:not collected; tissue:Leaf
PRJNA592319	SRR10583910	SAMN13420647	NA	leaf	NA	SS 212	SSL	NA	isolate:not collected; cultivar:SS 212; ecotype:not collected; age:not collected; dev stage:not collected; geo loc name:not collected; tissue:Leaf
PRJNA592319	SRR10583911	SAMN13420647	NA	leaf	NA	SS 212	SSL	NA	isolate:not collected; cultivar:SS 212; ecotype:not collected; age:not collected; dev stage:not collected; geo loc name:not collected; tissue:Leaf
PRJNA592319	SRR10583912	SAMN13420647	NA	leaf	NA	SS 212	SSL	NA	isolate:not collected; cultivar:SS 212; ecotype:not collected; age:not collected; dev stage:not collected; geo loc name:not collected; tissue:Leaf
PRJNA592319	SRR10583913	SAMN13420647	NA	leaf	NA	SS 212	SSL	NA	isolate:not collected; cultivar:SS 212; ecotype:not collected; age:not collected; dev stage:not collected; geo loc name:not collected; tissue:Leaf
PRJNA592319	SRR10583914	SAMN13420647	NA	leaf	NA	SS 212	SSL	NA	isolate:not collected; cultivar:SS 212; ecotype:not collected; age:not collected; dev stage:not collected; geo loc name:not collected; tissue:Leaf
PRJNA650146	SRR12399893	SAMN15693839	NA	leaf	three leaf stage	NA	Proso_millet	NA	ecotype:earlybird/USDAPI 578073; dev stage:Three leaf stage; geo loc name:USA: Nebraska; tissue:leave
PRJNA650146	SRR12399894	SAMN15693839	NA	leaf	three leaf stage	NA	Proso_millet	NA	ecotype:earlybird/USDAPI 578073; dev stage:Three leaf stage; geo loc name:USA: Nebraska; tissue:leave
PRJNA650146	SRR12399895	SAMN15693839	NA	leaf	three leaf stage	NA	Proso_millet	NA	ecotype:earlybird/USDAPI 578073; dev stage:Three leaf stage; geo loc name:USA: Nebraska; tissue:leave
PRJNA650146	SRR12399896	SAMN15693839	NA	leaf	three leaf stage	NA	Proso_millet	NA	ecotype:earlybird/USDAPI 578073; dev stage:Three leaf stage; geo loc name:USA: Nebraska; tissue:leave
PRJNA650146	SRR12399897	SAMN15693839	NA	leaf	three leaf stage	NA	Proso_millet	NA	ecotype:earlybird/USDAPI 578073; dev stage:Three leaf stage; geo loc name:USA: Nebraska; tissue:leave
PRJNA650146	SRR12399898	SAMN15693839	NA	leaf	three leaf stage	NA	Proso_millet	NA	ecotype:earlybird/USDAPI 578073; dev stage:Three leaf stage; geo loc name:USA: Nebraska; tissue:leave
PRJNA650146	SRR12399899	SAMN15693839	NA	leaf	three leaf stage	NA	Proso_millet	NA	ecotype:earlybird/USDAPI 578073; dev stage:Three leaf stage; geo loc name:USA: Nebraska; tissue:leave
PRJNA650146	SRR12399903	SAMN15693839	NA	leaf	three leaf stage	NA	Proso_millet	NA	ecotype:earlybird/USDAPI 578073; dev stage:Three leaf stage; geo loc name:USA: Nebraska; tissue:leave
PRJNA650146	SRR12399904	SAMN15693839	NA	leaf	three leaf stage	NA	Proso_millet	NA	ecotype:earlybird/USDAPI 578073; dev stage:Three leaf stage; geo loc name:USA: Nebraska; tissue:leave
PRJNA650146	SRR12399905	SAMN15693839	NA	leaf	three leaf stage	NA	Proso_millet	NA	ecotype:earlybird/USDAPI 578073; dev stage:Three leaf stage; geo loc name:USA: Nebraska; tissue:leave
PRJNA650146	SRR12399906	SAMN15693839	NA	leaf	three leaf stage	NA	Proso_millet	NA	ecotype:earlybird/USDAPI 578073; dev stage:Three leaf stage; geo loc name:USA: Nebraska; tissue:leave
PRJNA650146	SRR12399907	SAMN15693839	NA	leaf	three leaf stage	NA	Proso_millet	NA	ecotype:earlybird/USDAPI 578073; dev stage:Three leaf stage; geo loc name:USA: Nebraska; tissue:leave
PRJNA650146	SRR12399908	SAMN15693839	NA	leaf	three leaf stage	NA	Proso_millet	NA	ecotype:earlybird/USDAPI 578073; dev stage:Three leaf stage; geo loc name:USA: Nebraska; tissue:leave
PRJNA650146	SRR12399909	SAMN15693839	NA	leaf	three leaf stage	NA	Proso_millet	NA	ecotype:earlybird/USDAPI 578073; dev stage:Three leaf stage; geo loc name:USA: Nebraska; tissue:leave
PRJNA650146	SRR12399910	SAMN15693839	NA	leaf	three leaf stage	NA	Proso_millet	NA	ecotype:earlybird/USDAPI 578073; dev stage:Three leaf stage; geo loc name:USA: Nebraska; tissue:leave
PRJNA650146	SRR12399911	SAMN15693839	NA	leaf	three leaf stage	NA	Proso_millet	NA	ecotype:earlybird/USDAPI 578073; dev stage:Three leaf stage; geo loc name:USA: Nebraska; tissue:leave
PRJNA650146	SRR12399912	SAMN15693839	NA	leaf	three leaf stage	NA	Proso_millet	NA	ecotype:earlybird/USDAPI 578073; dev stage:Three leaf stage; geo loc name:USA: Nebraska; tissue:leave
PRJNA650146	SRR12399914	SAMN15693839	NA	leaf	three leaf stage	NA	Proso_millet	NA	ecotype:earlybird/USDAPI 578073; dev stage:Three leaf stage; geo loc name:USA: Nebraska; tissue:leave
PRJNA650146	SRR12399915	SAMN15693839	NA	leaf	three leaf stage	NA	Proso_millet	NA	ecotype:earlybird/USDAPI 578073; dev stage:Three leaf stage; geo loc name:USA: Nebraska; tissue:leave
PRJNA650146	SRR12399916	SAMN15693839	NA	leaf	three leaf stage	NA	Proso_millet	NA	ecotype:earlybird/USDAPI 578073; dev stage:Three leaf stage; geo loc name:USA: Nebraska; tissue:leave
PRJNA650146	SRR12399917	SAMN15693839	NA	leaf	three leaf stage	NA	Proso_millet	NA	ecotype:earlybird/USDAPI 578073; dev stage:Three leaf stage; geo loc name:USA: Nebraska; tissue:leave
PRJNA650146	SRR12399918	SAMN15693839	NA	leaf	three leaf stage	NA	Proso_millet	NA	ecotype:earlybird/USDAPI 578073; dev stage:Three leaf stage; geo loc name:USA: Nebraska; tissue:leave
PRJNA650146	SRR12399919	SAMN15693839	NA	leaf	three leaf stage	NA	Proso_millet	NA	ecotype:earlybird/USDAPI 578073; dev stage:Three leaf stage; geo loc name:USA: Nebraska; tissue:leave
PRJNA650146	SRR12399920	SAMN15693839	NA	leaf	three leaf stage	NA	Proso_millet	NA	ecotype:earlybird/USDAPI 578073; dev stage:Three leaf stage; geo loc name:USA: Nebraska; tissue:leave
PRJNA650146	SRR12399921	SAMN15693839	NA	leaf	three leaf stage	NA	Proso_millet	NA	ecotype:earlybird/USDAPI 578073; dev stage:Three leaf stage; geo loc name:USA: Nebraska; tissue:leave
PRJNA650146	SRR12399922	SAMN15693839	NA	leaf	three leaf stage	NA	Proso_millet	NA	ecotype:earlybird/USDAPI 578073; dev stage:Three leaf stage; geo loc name:USA: Nebraska; tissue:leave
PRJNA650146	SRR12399923	SAMN15693839	NA	leaf	three leaf stage	NA	Proso_millet	NA	ecotype:earlybird/USDAPI 578073; dev stage:Three leaf stage; geo loc name:USA: Nebraska; tissue:leave
PRJNA650146	SRR12399925	SAMN15693839	NA	leaf	three leaf stage	NA	Proso_millet	NA	ecotype:earlybird/USDAPI 578073; dev stage:Three leaf stage; geo loc name:USA: Nebraska; tissue:leave
PRJNA650146	SRR12399926	SAMN15693839	NA	leaf	three leaf stage	NA	Proso_millet	NA	ecotype:earlybird/USDAPI 578073; dev stage:Three leaf stage; geo loc name:USA: Nebraska; tissue:leave
PRJNA650146	SRR12399927	SAMN15693839	NA	leaf	three leaf stage	NA	Proso_millet	NA	ecotype:earlybird/USDAPI 578073; dev stage:Three leaf stage; geo loc name:USA: Nebraska; tissue:leave
PRJNA650146	SRR12399928	SAMN15693839	NA	leaf	three leaf stage	NA	Proso_millet	NA	ecotype:earlybird/USDAPI 578073; dev stage:Three leaf stage; geo loc name:USA: Nebraska; tissue:leave
PRJNA650146	SRR12399929	SAMN15693839	NA	leaf	three leaf stage	NA	Proso_millet	NA	ecotype:earlybird/USDAPI 578073; dev stage:Three leaf stage; geo loc name:USA: Nebraska; tissue:leave
PRJNA650146	SRR12399930	SAMN15693839	NA	leaf	three leaf stage	NA	Proso_millet	NA	ecotype:earlybird/USDAPI 578073; dev stage:Three leaf stage; geo loc name:USA: Nebraska; tissue:leave
PRJNA650146	SRR12399931	SAMN15693839	NA	leaf	three leaf stage	NA	Proso_millet	NA	ecotype:earlybird/USDAPI 578073; dev stage:Three leaf stage; geo loc name:USA: Nebraska; tissue:leave
PRJNA650146	SRR12399932	SAMN15693839	NA	leaf	three leaf stage	NA	Proso_millet	NA	ecotype:earlybird/USDAPI 578073; dev stage:Three leaf stage; geo loc name:USA: Nebraska; tissue:leave
PRJNA650146	SRR12399933	SAMN15693839	NA	leaf	three leaf stage	NA	Proso_millet	NA	ecotype:earlybird/USDAPI 578073; dev stage:Three leaf stage; geo loc name:USA: Nebraska; tissue:leave
PRJNA658058	SRR12658938	SAMN15856763	drought	leaf	NA	Yanshu No. 10	YD_1	NA	cultivar:Yanshu No. 10; age:not collected; geo loc name:China:ShanXi; tissue:leaf; treatment:drought; replicate:biological replicate 1
PRJNA658058	SRR12658939	SAMN15856762	control	leaf	NA	Yanshu No. 10	YC_3	NA	cultivar:Yanshu No. 10; age:not collected; geo loc name:China:ShanXi; tissue:leaf; treatment:control; replicate:biological replicate 3
PRJNA658058	SRR12658940	SAMN15856761	control	leaf	NA	Yanshu No. 10	YC_2	NA	cultivar:Yanshu No. 10; age:not collected; geo loc name:China:ShanXi; tissue:leaf; treatment:control; replicate:biological replicate 2
PRJNA658058	SRR12658941	SAMN15856760	control	leaf	NA	Yanshu No. 10	YC_1	NA	cultivar:Yanshu No. 10; age:not collected; geo loc name:China:ShanXi; tissue:leaf; treatment:control; replicate:biological replicate 1
PRJNA658058	SRR12658942	SAMN15856759	drought	leaf	NA	Hequ red millet	HD_3	NA	cultivar:Hequ red millet; age:not collected; geo loc name:China:ShanXi; tissue:leaf; treatment:drought; replicate:biological replicate 3
PRJNA658058	SRR12658943	SAMN15856758	drought	leaf	NA	Hequ red millet	HD_2	NA	cultivar:Hequ red millet; age:not collected; geo loc name:China:ShanXi; tissue:leaf; treatment:drought; replicate:biological replicate 2
PRJNA658058	SRR12658944	SAMN15856757	drought	leaf	NA	Hequ red millet	HD_1	NA	cultivar:Hequ red millet; age:not collected; geo loc name:China:ShanXi; tissue:leaf; treatment:drought; replicate:biological replicate 1
PRJNA658058	SRR12658945	SAMN15856756	control	leaf	NA	Hequ red millet	HC_3	NA	cultivar:Hequ red millet; age:not collected; geo loc name:China:ShanXi; tissue:leaf; treatment:control; replicate:biological replicate 3
PRJNA658058	SRR12658946	SAMN15856765	drought	leaf	NA	Yanshu No. 10	YD_3	NA	cultivar:Yanshu No. 10; age:not collected; geo loc name:China:ShanXi; tissue:leaf; treatment:drought; replicate:biological replicate 3
PRJNA658058	SRR12658947	SAMN15856764	drought	leaf	NA	Yanshu No. 10	YD_2	NA	cultivar:Yanshu No. 10; age:not collected; geo loc name:China:ShanXi; tissue:leaf; treatment:drought; replicate:biological replicate 2
PRJNA658058	SRR12658948	SAMN15856755	control	leaf	NA	Hequ red millet	HC_2	NA	cultivar:Hequ red millet; age:not collected; geo loc name:China:ShanXi; tissue:leaf; treatment:control; replicate:biological replicate 2
PRJNA658058	SRR12658949	SAMN15856754	control	leaf	NA	Hequ red millet	HC_1	NA	cultivar:Hequ red millet; age:not collected; geo loc name:China:ShanXi; tissue:leaf; treatment:control; replicate:biological replicate 1
PRJNA371752	SRR12659031	SAMN15856763	drought	leaf	NA	Yanshu No. 10	YD_1	NA	cultivar:Yanshu No. 10; age:not collected; geo loc name:China:ShanXi; tissue:leaf; treatment:drought; replicate:biological replicate 1
PRJNA371752	SRR12659032	SAMN15856762	control	leaf	NA	Yanshu No. 10	YC_3	NA	cultivar:Yanshu No. 10; age:not collected; geo loc name:China:ShanXi; tissue:leaf; treatment:control; replicate:biological replicate 3
PRJNA371752	SRR12659033	SAMN15856761	control	leaf	NA	Yanshu No. 10	YC_2	NA	cultivar:Yanshu No. 10; age:not collected; geo loc name:China:ShanXi; tissue:leaf; treatment:control; replicate:biological replicate 2
PRJNA371752	SRR12659034	SAMN15856760	control	leaf	NA	Yanshu No. 10	YC_1	NA	cultivar:Yanshu No. 10; age:not collected; geo loc name:China:ShanXi; tissue:leaf; treatment:control; replicate:biological replicate 1
PRJNA371752	SRR12659035	SAMN15856759	drought	leaf	NA	Hequ red millet	HD_3	NA	cultivar:Hequ red millet; age:not collected; geo loc name:China:ShanXi; tissue:leaf; treatment:drought; replicate:biological replicate 3
PRJNA371752	SRR12659036	SAMN15856758	drought	leaf	NA	Hequ red millet	HD_2	NA	cultivar:Hequ red millet; age:not collected; geo loc name:China:ShanXi; tissue:leaf; treatment:drought; replicate:biological replicate 2
PRJNA371752	SRR12659037	SAMN15856757	drought	leaf	NA	Hequ red millet	HD_1	NA	cultivar:Hequ red millet; age:not collected; geo loc name:China:ShanXi; tissue:leaf; treatment:drought; replicate:biological replicate 1
PRJNA371752	SRR12659038	SAMN15856756	control	leaf	NA	Hequ red millet	HC_3	NA	cultivar:Hequ red millet; age:not collected; geo loc name:China:ShanXi; tissue:leaf; treatment:control; replicate:biological replicate 3
PRJNA371752	SRR12659039	SAMN15856765	drought	leaf	NA	Yanshu No. 10	YD_3	NA	cultivar:Yanshu No. 10; age:not collected; geo loc name:China:ShanXi; tissue:leaf; treatment:drought; replicate:biological replicate 3
PRJNA371752	SRR12659040	SAMN15856764	drought	leaf	NA	Yanshu No. 10	YD_2	NA	cultivar:Yanshu No. 10; age:not collected; geo loc name:China:ShanXi; tissue:leaf; treatment:drought; replicate:biological replicate 2
PRJNA371752	SRR12659041	SAMN15856755	control	leaf	NA	Hequ red millet	HC_2	NA	cultivar:Hequ red millet; age:not collected; geo loc name:China:ShanXi; tissue:leaf; treatment:control; replicate:biological replicate 2
PRJNA371752	SRR12659042	SAMN15856754	control	leaf	NA	Hequ red millet	HC_1	NA	cultivar:Hequ red millet; age:not collected; geo loc name:China:ShanXi; tissue:leaf; treatment:control; replicate:biological replicate 1
PRJNA751482	SRR15364373	SAMN20519525	NA	NA	NA	NA	DS190	NA	cultivar:broomcorn millet; collection date:2021-02; depth:not applicable; env broad scale:not applicable; env local scale:not applicable; env medium:not applicable; geo loc name:China: hainan; isol growth condt:not applicable; lat lon:not applicable
PRJNA751482	SRR15364374	SAMN20519525	NA	NA	NA	NA	DS190	NA	cultivar:broomcorn millet; collection date:2021-02; depth:not applicable; env broad scale:not applicable; env local scale:not applicable; env medium:not applicable; geo loc name:China: hainan; isol growth condt:not applicable; lat lon:not applicable
PRJNA751482	SRR15364375	SAMN20519525	NA	NA	NA	NA	DS190	NA	cultivar:broomcorn millet; collection date:2021-02; depth:not applicable; env broad scale:not applicable; env local scale:not applicable; env medium:not applicable; geo loc name:China: hainan; isol growth condt:not applicable; lat lon:not applicable
PRJNA751482	SRR15364376	SAMN20519525	NA	NA	NA	NA	DS190	NA	cultivar:broomcorn millet; collection date:2021-02; depth:not applicable; env broad scale:not applicable; env local scale:not applicable; env medium:not applicable; geo loc name:China: hainan; isol growth condt:not applicable; lat lon:not applicable
PRJNA751482	SRR15364377	SAMN20519525	NA	NA	NA	NA	DS190	NA	cultivar:broomcorn millet; collection date:2021-02; depth:not applicable; env broad scale:not applicable; env local scale:not applicable; env medium:not applicable; geo loc name:China: hainan; isol growth condt:not applicable; lat lon:not applicable
PRJNA751482	SRR15364378	SAMN20519525	NA	NA	NA	NA	DS190	NA	cultivar:broomcorn millet; collection date:2021-02; depth:not applicable; env broad scale:not applicable; env local scale:not applicable; env medium:not applicable; geo loc name:China: hainan; isol growth condt:not applicable; lat lon:not applicable
PRJNA751482	SRR15364379	SAMN20519525	NA	NA	NA	NA	DS190	NA	cultivar:broomcorn millet; collection date:2021-02; depth:not applicable; env broad scale:not applicable; env local scale:not applicable; env medium:not applicable; geo loc name:China: hainan; isol growth condt:not applicable; lat lon:not applicable
PRJNA751482	SRR15364380	SAMN20519525	NA	NA	NA	NA	DS190	NA	cultivar:broomcorn millet; collection date:2021-02; depth:not applicable; env broad scale:not applicable; env local scale:not applicable; env medium:not applicable; geo loc name:China: hainan; isol growth condt:not applicable; lat lon:not applicable
PRJNA751482	SRR15364381	SAMN20519525	NA	NA	NA	NA	DS190	NA	cultivar:broomcorn millet; collection date:2021-02; depth:not applicable; env broad scale:not applicable; env local scale:not applicable; env medium:not applicable; geo loc name:China: hainan; isol growth condt:not applicable; lat lon:not applicable
PRJNA751482	SRR15364382	SAMN20519525	NA	NA	NA	NA	DS190	NA	cultivar:broomcorn millet; collection date:2021-02; depth:not applicable; env broad scale:not applicable; env local scale:not applicable; env medium:not applicable; geo loc name:China: hainan; isol growth condt:not applicable; lat lon:not applicable
PRJNA751482	SRR15364383	SAMN20519525	NA	NA	NA	NA	DS190	NA	cultivar:broomcorn millet; collection date:2021-02; depth:not applicable; env broad scale:not applicable; env local scale:not applicable; env medium:not applicable; geo loc name:China: hainan; isol growth condt:not applicable; lat lon:not applicable
PRJNA751482	SRR15364384	SAMN20519525	NA	NA	NA	NA	DS190	NA	cultivar:broomcorn millet; collection date:2021-02; depth:not applicable; env broad scale:not applicable; env local scale:not applicable; env medium:not applicable; geo loc name:China: hainan; isol growth condt:not applicable; lat lon:not applicable
PRJNA751482	SRR15364385	SAMN20519525	NA	NA	NA	NA	DS190	NA	cultivar:broomcorn millet; collection date:2021-02; depth:not applicable; env broad scale:not applicable; env local scale:not applicable; env medium:not applicable; geo loc name:China: hainan; isol growth condt:not applicable; lat lon:not applicable
PRJNA751482	SRR15364386	SAMN20519525	NA	NA	NA	NA	DS190	NA	cultivar:broomcorn millet; collection date:2021-02; depth:not applicable; env broad scale:not applicable; env local scale:not applicable; env medium:not applicable; geo loc name:China: hainan; isol growth condt:not applicable; lat lon:not applicable
PRJNA751482	SRR15364387	SAMN20519525	NA	NA	NA	NA	DS190	NA	cultivar:broomcorn millet; collection date:2021-02; depth:not applicable; env broad scale:not applicable; env local scale:not applicable; env medium:not applicable; geo loc name:China: hainan; isol growth condt:not applicable; lat lon:not applicable
PRJNA751482	SRR15364388	SAMN20519525	NA	NA	NA	NA	DS190	NA	cultivar:broomcorn millet; collection date:2021-02; depth:not applicable; env broad scale:not applicable; env local scale:not applicable; env medium:not applicable; geo loc name:China: hainan; isol growth condt:not applicable; lat lon:not applicable
PRJNA751482	SRR15364389	SAMN20519525	NA	NA	NA	NA	DS190	NA	cultivar:broomcorn millet; collection date:2021-02; depth:not applicable; env broad scale:not applicable; env local scale:not applicable; env medium:not applicable; geo loc name:China: hainan; isol growth condt:not applicable; lat lon:not applicable
PRJNA751482	SRR15364390	SAMN20519525	NA	NA	NA	NA	DS190	NA	cultivar:broomcorn millet; collection date:2021-02; depth:not applicable; env broad scale:not applicable; env local scale:not applicable; env medium:not applicable; geo loc name:China: hainan; isol growth condt:not applicable; lat lon:not applicable
PRJNA751482	SRR15364391	SAMN20519524	NA	NA	NA	NA	DT43	NA	cultivar:broomcorn millet; collection date:2021-02; depth:not applicable; env broad scale:not applicable; env local scale:not applicable; env medium:not applicable; geo loc name:China: neimenggu; isol growth condt:not applicable; lat lon:not applicable
PRJNA751482	SRR15364392	SAMN20519524	NA	NA	NA	NA	DT43	NA	cultivar:broomcorn millet; collection date:2021-02; depth:not applicable; env broad scale:not applicable; env local scale:not applicable; env medium:not applicable; geo loc name:China: neimenggu; isol growth condt:not applicable; lat lon:not applicable
PRJNA751482	SRR15364393	SAMN20519524	NA	NA	NA	NA	DT43	NA	cultivar:broomcorn millet; collection date:2021-02; depth:not applicable; env broad scale:not applicable; env local scale:not applicable; env medium:not applicable; geo loc name:China: neimenggu; isol growth condt:not applicable; lat lon:not applicable
PRJNA751482	SRR15364394	SAMN20519524	NA	NA	NA	NA	DT43	NA	cultivar:broomcorn millet; collection date:2021-02; depth:not applicable; env broad scale:not applicable; env local scale:not applicable; env medium:not applicable; geo loc name:China: neimenggu; isol growth condt:not applicable; lat lon:not applicable
PRJNA751482	SRR15364395	SAMN20519524	NA	NA	NA	NA	DT43	NA	cultivar:broomcorn millet; collection date:2021-02; depth:not applicable; env broad scale:not applicable; env local scale:not applicable; env medium:not applicable; geo loc name:China: neimenggu; isol growth condt:not applicable; lat lon:not applicable
PRJNA751482	SRR15364396	SAMN20519524	NA	NA	NA	NA	DT43	NA	cultivar:broomcorn millet; collection date:2021-02; depth:not applicable; env broad scale:not applicable; env local scale:not applicable; env medium:not applicable; geo loc name:China: neimenggu; isol growth condt:not applicable; lat lon:not applicable
PRJNA751482	SRR15364397	SAMN20519525	NA	NA	NA	NA	DS190	NA	cultivar:broomcorn millet; collection date:2021-02; depth:not applicable; env broad scale:not applicable; env local scale:not applicable; env medium:not applicable; geo loc name:China: hainan; isol growth condt:not applicable; lat lon:not applicable
PRJNA751482	SRR15364398	SAMN20519524	NA	NA	NA	NA	DT43	NA	cultivar:broomcorn millet; collection date:2021-02; depth:not applicable; env broad scale:not applicable; env local scale:not applicable; env medium:not applicable; geo loc name:China: neimenggu; isol growth condt:not applicable; lat lon:not applicable
PRJNA751482	SRR15364399	SAMN20519524	NA	NA	NA	NA	DT43	NA	cultivar:broomcorn millet; collection date:2021-02; depth:not applicable; env broad scale:not applicable; env local scale:not applicable; env medium:not applicable; geo loc name:China: neimenggu; isol growth condt:not applicable; lat lon:not applicable
PRJNA751482	SRR15364400	SAMN20519524	NA	NA	NA	NA	DT43	NA	cultivar:broomcorn millet; collection date:2021-02; depth:not applicable; env broad scale:not applicable; env local scale:not applicable; env medium:not applicable; geo loc name:China: neimenggu; isol growth condt:not applicable; lat lon:not applicable
PRJNA751482	SRR15364401	SAMN20519524	NA	NA	NA	NA	DT43	NA	cultivar:broomcorn millet; collection date:2021-02; depth:not applicable; env broad scale:not applicable; env local scale:not applicable; env medium:not applicable; geo loc name:China: neimenggu; isol growth condt:not applicable; lat lon:not applicable
PRJNA751482	SRR15364402	SAMN20519524	NA	NA	NA	NA	DT43	NA	cultivar:broomcorn millet; collection date:2021-02; depth:not applicable; env broad scale:not applicable; env local scale:not applicable; env medium:not applicable; geo loc name:China: neimenggu; isol growth condt:not applicable; lat lon:not applicable
PRJNA751482	SRR15364403	SAMN20519524	NA	NA	NA	NA	DT43	NA	cultivar:broomcorn millet; collection date:2021-02; depth:not applicable; env broad scale:not applicable; env local scale:not applicable; env medium:not applicable; geo loc name:China: neimenggu; isol growth condt:not applicable; lat lon:not applicable
PRJNA751482	SRR15364404	SAMN20519524	NA	NA	NA	NA	DT43	NA	cultivar:broomcorn millet; collection date:2021-02; depth:not applicable; env broad scale:not applicable; env local scale:not applicable; env medium:not applicable; geo loc name:China: neimenggu; isol growth condt:not applicable; lat lon:not applicable
PRJNA751482	SRR15364405	SAMN20519524	NA	NA	NA	NA	DT43	NA	cultivar:broomcorn millet; collection date:2021-02; depth:not applicable; env broad scale:not applicable; env local scale:not applicable; env medium:not applicable; geo loc name:China: neimenggu; isol growth condt:not applicable; lat lon:not applicable
PRJNA751482	SRR15364406	SAMN20519524	NA	NA	NA	NA	DT43	NA	cultivar:broomcorn millet; collection date:2021-02; depth:not applicable; env broad scale:not applicable; env local scale:not applicable; env medium:not applicable; geo loc name:China: neimenggu; isol growth condt:not applicable; lat lon:not applicable
PRJNA751482	SRR15364407	SAMN20519524	NA	NA	NA	NA	DT43	NA	cultivar:broomcorn millet; collection date:2021-02; depth:not applicable; env broad scale:not applicable; env local scale:not applicable; env medium:not applicable; geo loc name:China: neimenggu; isol growth condt:not applicable; lat lon:not applicable
PRJNA751482	SRR15364408	SAMN20519525	NA	NA	NA	NA	DS190	NA	cultivar:broomcorn millet; collection date:2021-02; depth:not applicable; env broad scale:not applicable; env local scale:not applicable; env medium:not applicable; geo loc name:China: hainan; isol growth condt:not applicable; lat lon:not applicable
PRJNA751482	SRR15364409	SAMN20519524	NA	NA	NA	NA	DT43	NA	cultivar:broomcorn millet; collection date:2021-02; depth:not applicable; env broad scale:not applicable; env local scale:not applicable; env medium:not applicable; geo loc name:China: neimenggu; isol growth condt:not applicable; lat lon:not applicable
PRJNA751482	SRR15364410	SAMN20519524	NA	NA	NA	NA	DT43	NA	cultivar:broomcorn millet; collection date:2021-02; depth:not applicable; env broad scale:not applicable; env local scale:not applicable; env medium:not applicable; geo loc name:China: neimenggu; isol growth condt:not applicable; lat lon:not applicable
PRJNA751482	SRR15364411	SAMN20519524	NA	NA	NA	NA	DT43	NA	cultivar:broomcorn millet; collection date:2021-02; depth:not applicable; env broad scale:not applicable; env local scale:not applicable; env medium:not applicable; geo loc name:China: neimenggu; isol growth condt:not applicable; lat lon:not applicable
PRJNA751482	SRR15364412	SAMN20519524	NA	NA	NA	NA	DT43	NA	cultivar:broomcorn millet; collection date:2021-02; depth:not applicable; env broad scale:not applicable; env local scale:not applicable; env medium:not applicable; geo loc name:China: neimenggu; isol growth condt:not applicable; lat lon:not applicable
PRJNA751482	SRR15364413	SAMN20519524	NA	NA	NA	NA	DT43	NA	cultivar:broomcorn millet; collection date:2021-02; depth:not applicable; env broad scale:not applicable; env local scale:not applicable; env medium:not applicable; geo loc name:China: neimenggu; isol growth condt:not applicable; lat lon:not applicable
PRJNA751482	SRR15364414	SAMN20519524	NA	NA	NA	NA	DT43	NA	cultivar:broomcorn millet; collection date:2021-02; depth:not applicable; env broad scale:not applicable; env local scale:not applicable; env medium:not applicable; geo loc name:China: neimenggu; isol growth condt:not applicable; lat lon:not applicable
PRJNA751482	SRR15364415	SAMN20519524	NA	NA	NA	NA	DT43	NA	cultivar:broomcorn millet; collection date:2021-02; depth:not applicable; env broad scale:not applicable; env local scale:not applicable; env medium:not applicable; geo loc name:China: neimenggu; isol growth condt:not applicable; lat lon:not applicable
PRJNA751482	SRR15364416	SAMN20519524	NA	NA	NA	NA	DT43	NA	cultivar:broomcorn millet; collection date:2021-02; depth:not applicable; env broad scale:not applicable; env local scale:not applicable; env medium:not applicable; geo loc name:China: neimenggu; isol growth condt:not applicable; lat lon:not applicable
PRJNA751482	SRR15364417	SAMN20519525	NA	NA	NA	NA	DS190	NA	cultivar:broomcorn millet; collection date:2021-02; depth:not applicable; env broad scale:not applicable; env local scale:not applicable; env medium:not applicable; geo loc name:China: hainan; isol growth condt:not applicable; lat lon:not applicable
PRJNA751482	SRR15364418	SAMN20519525	NA	NA	NA	NA	DS190	NA	cultivar:broomcorn millet; collection date:2021-02; depth:not applicable; env broad scale:not applicable; env local scale:not applicable; env medium:not applicable; geo loc name:China: hainan; isol growth condt:not applicable; lat lon:not applicable
PRJNA751482	SRR15364419	SAMN20519525	NA	NA	NA	NA	DS190	NA	cultivar:broomcorn millet; collection date:2021-02; depth:not applicable; env broad scale:not applicable; env local scale:not applicable; env medium:not applicable; geo loc name:China: hainan; isol growth condt:not applicable; lat lon:not applicable
PRJNA751482	SRR15364420	SAMN20519525	NA	NA	NA	NA	DS190	NA	cultivar:broomcorn millet; collection date:2021-02; depth:not applicable; env broad scale:not applicable; env local scale:not applicable; env medium:not applicable; geo loc name:China: hainan; isol growth condt:not applicable; lat lon:not applicable
PRJNA756378	SRR15531566	SAMN05607107	NA	root	early filling stage	Yixuandahongmi	R_Meizi_syHou	NA	cultivar:Yixuandahongmi; dev stage:Early filling stage; geo loc name:China: Inner Mongolia; tissue:Root
PRJNA792682	SRR17406718	SAMN24450452	NA	leaf	4 weeks	BC7344	BC7344	NA	cultivar:BC7344; dev stage:4 week; geo loc name:China: Beijing; tissue:leaf
PRJNA792682	SRR17406719	SAMN24450452	NA	leaf	4 weeks	BC7344	BC7344	NA	cultivar:BC7344; dev stage:4 week; geo loc name:China: Beijing; tissue:leaf
PRJNA792682	SRR17406720	SAMN24450452	NA	leaf	4 weeks	BC7344	BC7344	NA	cultivar:BC7344; dev stage:4 week; geo loc name:China: Beijing; tissue:leaf
PRJNA792682	SRR17406721	SAMN24450452	NA	leaf	4 weeks	BC7344	BC7344	NA	cultivar:BC7344; dev stage:4 week; geo loc name:China: Beijing; tissue:leaf
PRJNA792682	SRR17406725	SAMN24450452	NA	leaf	4 weeks	BC7344	BC7344	NA	cultivar:BC7344; dev stage:4 week; geo loc name:China: Beijing; tissue:leaf
PRJNA792682	SRR17406726	SAMN24450452	NA	leaf	4 weeks	BC7344	BC7344	NA	cultivar:BC7344; dev stage:4 week; geo loc name:China: Beijing; tissue:leaf
PRJNA792682	SRR17406727	SAMN24450452	NA	leaf	4 weeks	BC7344	BC7344	NA	cultivar:BC7344; dev stage:4 week; geo loc name:China: Beijing; tissue:leaf
PRJNA792682	SRR17406728	SAMN24450452	NA	leaf	4 weeks	BC7344	BC7344	NA	cultivar:BC7344; dev stage:4 week; geo loc name:China: Beijing; tissue:leaf
PRJNA792682	SRR17406729	SAMN24450452	NA	leaf	4 weeks	BC7344	BC7344	NA	cultivar:BC7344; dev stage:4 week; geo loc name:China: Beijing; tissue:leaf
PRJNA792682	SRR17406730	SAMN24450452	NA	leaf	4 weeks	BC7344	BC7344	NA	cultivar:BC7344; dev stage:4 week; geo loc name:China: Beijing; tissue:leaf
PRJNA792682	SRR17406731	SAMN24450452	NA	leaf	4 weeks	BC7344	BC7344	NA	cultivar:BC7344; dev stage:4 week; geo loc name:China: Beijing; tissue:leaf
PRJNA792682	SRR17406732	SAMN24450452	NA	leaf	4 weeks	BC7344	BC7344	NA	cultivar:BC7344; dev stage:4 week; geo loc name:China: Beijing; tissue:leaf
PRJNA792682	SRR17406733	SAMN24450452	NA	leaf	4 weeks	BC7344	BC7344	NA	cultivar:BC7344; dev stage:4 week; geo loc name:China: Beijing; tissue:leaf
PRJNA792682	SRR17406734	SAMN24450452	NA	leaf	4 weeks	BC7344	BC7344	NA	cultivar:BC7344; dev stage:4 week; geo loc name:China: Beijing; tissue:leaf
PRJNA792682	SRR17406735	SAMN24450452	NA	leaf	4 weeks	BC7344	BC7344	NA	cultivar:BC7344; dev stage:4 week; geo loc name:China: Beijing; tissue:leaf
PRJNA792682	SRR17406736	SAMN24450452	NA	leaf	4 weeks	BC7344	BC7344	NA	cultivar:BC7344; dev stage:4 week; geo loc name:China: Beijing; tissue:leaf
PRJNA792682	SRR17406737	SAMN24450452	NA	leaf	4 weeks	BC7344	BC7344	NA	cultivar:BC7344; dev stage:4 week; geo loc name:China: Beijing; tissue:leaf
PRJNA847741	SRR19629750	SAMN13925828	NA	leaf	seedling stage	NA	BC188	NA	isolate:188; cultivar:not collected; ecotype:not collected; age:not collected; dev stage:Seedling; geo loc name:not collected; tissue:Leaf; biomaterial provider:Xianmin Diao; cell line:not collected; cell type:not collected; collected by:not collected; collection date:not collected; culture collection:not collected; disease:not collected; disease stage:not collected; genotype:not collected; growth protocol:not collected; height or length:not collected; isolation source:not collected; lat lon:not collected; phenotype:not collected; population:not collected; sample type:not collected; sex:not collected; specimen voucher:not collected; temp:not collected; treatment:not collected
PRJNA847741	SRR19629751	SAMN13925810	NA	leaf	seedling stage	NA	BC170	NA	isolate:170; cultivar:not collected; ecotype:not collected; age:not collected; dev stage:Seedling; geo loc name:not collected; tissue:Leaf; biomaterial provider:Xianmin Diao; cell line:not collected; cell type:not collected; collected by:not collected; collection date:not collected; culture collection:not collected; disease:not collected; disease stage:not collected; genotype:not collected; growth protocol:not collected; height or length:not collected; isolation source:not collected; lat lon:not collected; phenotype:not collected; population:not collected; sample type:not collected; sex:not collected; specimen voucher:not collected; temp:not collected; treatment:not collected
PRJNA847741	SRR19629752	SAMN13925776	NA	leaf	seedling stage	NA	BC136	NA	isolate:136; cultivar:not collected; ecotype:not collected; age:not collected; dev stage:Seedling; geo loc name:not collected; tissue:Leaf; biomaterial provider:Xianmin Diao; cell line:not collected; cell type:not collected; collected by:not collected; collection date:not collected; culture collection:not collected; disease:not collected; disease stage:not collected; genotype:not collected; growth protocol:not collected; height or length:not collected; isolation source:not collected; lat lon:not collected; phenotype:not collected; population:not collected; sample type:not collected; sex:not collected; specimen voucher:not collected; temp:not collected; treatment:not collected
PRJNA847741	SRR19629753	SAMN13925740	NA	leaf	seedling stage	NA	BC100	NA	isolate:100; cultivar:not collected; ecotype:not collected; age:not collected; dev stage:Seedling; geo loc name:not collected; tissue:Leaf; biomaterial provider:Xianmin Diao; cell line:not collected; cell type:not collected; collected by:not collected; collection date:not collected; culture collection:not collected; disease:not collected; disease stage:not collected; genotype:not collected; growth protocol:not collected; height or length:not collected; isolation source:not collected; lat lon:not collected; phenotype:not collected; population:not collected; sample type:not collected; sex:not collected; specimen voucher:not collected; temp:not collected; treatment:not collected
PRJNA847741	SRR19629754	SAMN13926138	NA	leaf	seedling stage	NA	BC498	NA	isolate:498; cultivar:not collected; ecotype:not collected; age:not collected; dev stage:Seedling; geo loc name:not collected; tissue:Leaf; biomaterial provider:Xianmin Diao; cell line:not collected; cell type:not collected; collected by:not collected; collection date:not collected; culture collection:not collected; disease:not collected; disease stage:not collected; genotype:not collected; growth protocol:not collected; height or length:not collected; isolation source:not collected; lat lon:not collected; phenotype:not collected; population:not collected; sample type:not collected; sex:not collected; specimen voucher:not collected; temp:not collected; treatment:not collected
PRJNA847741	SRR19629755	SAMN13926134	NA	leaf	seedling stage	NA	BC494	NA	isolate:494; cultivar:not collected; ecotype:not collected; age:not collected; dev stage:Seedling; geo loc name:not collected; tissue:Leaf; biomaterial provider:Xianmin Diao; cell line:not collected; cell type:not collected; collected by:not collected; collection date:not collected; culture collection:not collected; disease:not collected; disease stage:not collected; genotype:not collected; growth protocol:not collected; height or length:not collected; isolation source:not collected; lat lon:not collected; phenotype:not collected; population:not collected; sample type:not collected; sex:not collected; specimen voucher:not collected; temp:not collected; treatment:not collected
PRJNA847741	SRR19629756	SAMN13925688	NA	leaf	seedling stage	NA	BC48	NA	isolate:48; cultivar:not collected; ecotype:not collected; age:not collected; dev stage:Seedling; geo loc name:not collected; tissue:Leaf; biomaterial provider:Xianmin Diao; cell line:not collected; cell type:not collected; collected by:not collected; collection date:not collected; culture collection:not collected; disease:not collected; disease stage:not collected; genotype:not collected; growth protocol:not collected; height or length:not collected; isolation source:not collected; lat lon:not collected; phenotype:not collected; population:not collected; sample type:not collected; sex:not collected; specimen voucher:not collected; temp:not collected; treatment:not collected
PRJNA847741	SRR19629757	SAMN13926117	NA	leaf	seedling stage	NA	BC477	NA	isolate:477; cultivar:not collected; ecotype:not collected; age:not collected; dev stage:Seedling; geo loc name:not collected; tissue:Leaf; biomaterial provider:Xianmin Diao; cell line:not collected; cell type:not collected; collected by:not collected; collection date:not collected; culture collection:not collected; disease:not collected; disease stage:not collected; genotype:not collected; growth protocol:not collected; height or length:not collected; isolation source:not collected; lat lon:not collected; phenotype:not collected; population:not collected; sample type:not collected; sex:not collected; specimen voucher:not collected; temp:not collected; treatment:not collected
PRJNA847741	SRR19629758	SAMN13926115	NA	leaf	seedling stage	NA	BC475	NA	isolate:475; cultivar:not collected; ecotype:not collected; age:not collected; dev stage:Seedling; geo loc name:not collected; tissue:Leaf; biomaterial provider:Xianmin Diao; cell line:not collected; cell type:not collected; collected by:not collected; collection date:not collected; culture collection:not collected; disease:not collected; disease stage:not collected; genotype:not collected; growth protocol:not collected; height or length:not collected; isolation source:not collected; lat lon:not collected; phenotype:not collected; population:not collected; sample type:not collected; sex:not collected; specimen voucher:not collected; temp:not collected; treatment:not collected
PRJNA847741	SRR19629759	SAMN13926074	NA	leaf	seedling stage	NA	BC434	NA	isolate:434; cultivar:not collected; ecotype:not collected; age:not collected; dev stage:Seedling; geo loc name:not collected; tissue:Leaf; biomaterial provider:Xianmin Diao; cell line:not collected; cell type:not collected; collected by:not collected; collection date:not collected; culture collection:not collected; disease:not collected; disease stage:not collected; genotype:not collected; growth protocol:not collected; height or length:not collected; isolation source:not collected; lat lon:not collected; phenotype:not collected; population:not collected; sample type:not collected; sex:not collected; specimen voucher:not collected; temp:not collected; treatment:not collected
PRJNA847741	SRR19629760	SAMN13925667	NA	leaf	seedling stage	NA	BC27	NA	isolate:27; cultivar:not collected; ecotype:not collected; age:not collected; dev stage:Seedling; geo loc name:not collected; tissue:Leaf; biomaterial provider:Xianmin Diao; cell line:not collected; cell type:not collected; collected by:not collected; collection date:not collected; culture collection:not collected; disease:not collected; disease stage:not collected; genotype:not collected; growth protocol:not collected; height or length:not collected; isolation source:not collected; lat lon:not collected; phenotype:not collected; population:not collected; sample type:not collected; sex:not collected; specimen voucher:not collected; temp:not collected; treatment:not collected
PRJNA847741	SRR19629761	SAMN13926066	NA	leaf	seedling stage	NA	BC426	NA	isolate:426; cultivar:not collected; ecotype:not collected; age:not collected; dev stage:Seedling; geo loc name:not collected; tissue:Leaf; biomaterial provider:Xianmin Diao; cell line:not collected; cell type:not collected; collected by:not collected; collection date:not collected; culture collection:not collected; disease:not collected; disease stage:not collected; genotype:not collected; growth protocol:not collected; height or length:not collected; isolation source:not collected; lat lon:not collected; phenotype:not collected; population:not collected; sample type:not collected; sex:not collected; specimen voucher:not collected; temp:not collected; treatment:not collected
PRJNA847741	SRR19629762	SAMN13926058	NA	leaf	seedling stage	NA	BC418	NA	isolate:418; cultivar:not collected; ecotype:not collected; age:not collected; dev stage:Seedling; geo loc name:not collected; tissue:Leaf; biomaterial provider:Xianmin Diao; cell line:not collected; cell type:not collected; collected by:not collected; collection date:not collected; culture collection:not collected; disease:not collected; disease stage:not collected; genotype:not collected; growth protocol:not collected; height or length:not collected; isolation source:not collected; lat lon:not collected; phenotype:not collected; population:not collected; sample type:not collected; sex:not collected; specimen voucher:not collected; temp:not collected; treatment:not collected
PRJNA847741	SRR19629763	SAMN13926047	NA	leaf	seedling stage	NA	BC407	NA	isolate:407; cultivar:not collected; ecotype:not collected; age:not collected; dev stage:Seedling; geo loc name:not collected; tissue:Leaf; biomaterial provider:Xianmin Diao; cell line:not collected; cell type:not collected; collected by:not collected; collection date:not collected; culture collection:not collected; disease:not collected; disease stage:not collected; genotype:not collected; growth protocol:not collected; height or length:not collected; isolation source:not collected; lat lon:not collected; phenotype:not collected; population:not collected; sample type:not collected; sex:not collected; specimen voucher:not collected; temp:not collected; treatment:not collected
PRJNA847741	SRR19629764	SAMN13926044	NA	leaf	seedling stage	NA	BC404	NA	isolate:404; cultivar:not collected; ecotype:not collected; age:not collected; dev stage:Seedling; geo loc name:not collected; tissue:Leaf; biomaterial provider:Xianmin Diao; cell line:not collected; cell type:not collected; collected by:not collected; collection date:not collected; culture collection:not collected; disease:not collected; disease stage:not collected; genotype:not collected; growth protocol:not collected; height or length:not collected; isolation source:not collected; lat lon:not collected; phenotype:not collected; population:not collected; sample type:not collected; sex:not collected; specimen voucher:not collected; temp:not collected; treatment:not collected
PRJNA847741	SRR19629765	SAMN13925680	NA	leaf	seedling stage	NA	BC40	NA	isolate:40; cultivar:not collected; ecotype:not collected; age:not collected; dev stage:Seedling; geo loc name:not collected; tissue:Leaf; biomaterial provider:Xianmin Diao; cell line:not collected; cell type:not collected; collected by:not collected; collection date:not collected; culture collection:not collected; disease:not collected; disease stage:not collected; genotype:not collected; growth protocol:not collected; height or length:not collected; isolation source:not collected; lat lon:not collected; phenotype:not collected; population:not collected; sample type:not collected; sex:not collected; specimen voucher:not collected; temp:not collected; treatment:not collected
PRJNA847741	SRR19629766	SAMN13926038	NA	leaf	seedling stage	NA	BC398	NA	isolate:398; cultivar:not collected; ecotype:not collected; age:not collected; dev stage:Seedling; geo loc name:not collected; tissue:Leaf; biomaterial provider:Xianmin Diao; cell line:not collected; cell type:not collected; collected by:not collected; collection date:not collected; culture collection:not collected; disease:not collected; disease stage:not collected; genotype:not collected; growth protocol:not collected; height or length:not collected; isolation source:not collected; lat lon:not collected; phenotype:not collected; population:not collected; sample type:not collected; sex:not collected; specimen voucher:not collected; temp:not collected; treatment:not collected
PRJNA847741	SRR19629767	SAMN13926022	NA	leaf	seedling stage	NA	BC382	NA	isolate:382; cultivar:not collected; ecotype:not collected; age:not collected; dev stage:Seedling; geo loc name:not collected; tissue:Leaf; biomaterial provider:Xianmin Diao; cell line:not collected; cell type:not collected; collected by:not collected; collection date:not collected; culture collection:not collected; disease:not collected; disease stage:not collected; genotype:not collected; growth protocol:not collected; height or length:not collected; isolation source:not collected; lat lon:not collected; phenotype:not collected; population:not collected; sample type:not collected; sex:not collected; specimen voucher:not collected; temp:not collected; treatment:not collected
PRJNA847741	SRR19629768	SAMN13926002	NA	leaf	seedling stage	NA	BC362	NA	isolate:362; cultivar:not collected; ecotype:not collected; age:not collected; dev stage:Seedling; geo loc name:not collected; tissue:Leaf; biomaterial provider:Xianmin Diao; cell line:not collected; cell type:not collected; collected by:not collected; collection date:not collected; culture collection:not collected; disease:not collected; disease stage:not collected; genotype:not collected; growth protocol:not collected; height or length:not collected; isolation source:not collected; lat lon:not collected; phenotype:not collected; population:not collected; sample type:not collected; sex:not collected; specimen voucher:not collected; temp:not collected; treatment:not collected
PRJNA847741	SRR19629769	SAMN13926000	NA	leaf	seedling stage	NA	BC360	NA	isolate:360; cultivar:not collected; ecotype:not collected; age:not collected; dev stage:Seedling; geo loc name:not collected; tissue:Leaf; biomaterial provider:Xianmin Diao; cell line:not collected; cell type:not collected; collected by:not collected; collection date:not collected; culture collection:not collected; disease:not collected; disease stage:not collected; genotype:not collected; growth protocol:not collected; height or length:not collected; isolation source:not collected; lat lon:not collected; phenotype:not collected; population:not collected; sample type:not collected; sex:not collected; specimen voucher:not collected; temp:not collected; treatment:not collected
PRJNA847741	SRR19629770	SAMN13925990	NA	leaf	seedling stage	NA	BC350	NA	isolate:350; cultivar:not collected; ecotype:not collected; age:not collected; dev stage:Seedling; geo loc name:not collected; tissue:Leaf; biomaterial provider:Xianmin Diao; cell line:not collected; cell type:not collected; collected by:not collected; collection date:not collected; culture collection:not collected; disease:not collected; disease stage:not collected; genotype:not collected; growth protocol:not collected; height or length:not collected; isolation source:not collected; lat lon:not collected; phenotype:not collected; population:not collected; sample type:not collected; sex:not collected; specimen voucher:not collected; temp:not collected; treatment:not collected
PRJNA847741	SRR19629771	SAMN13925904	NA	leaf	seedling stage	NA	BC264	NA	isolate:264; cultivar:not collected; ecotype:not collected; age:not collected; dev stage:Seedling; geo loc name:not collected; tissue:Leaf; biomaterial provider:Xianmin Diao; cell line:not collected; cell type:not collected; collected by:not collected; collection date:not collected; culture collection:not collected; disease:not collected; disease stage:not collected; genotype:not collected; growth protocol:not collected; height or length:not collected; isolation source:not collected; lat lon:not collected; phenotype:not collected; population:not collected; sample type:not collected; sex:not collected; specimen voucher:not collected; temp:not collected; treatment:not collected
PRJNA847741	SRR19629772	SAMN13925972	NA	leaf	seedling stage	NA	BC332	NA	isolate:332; cultivar:not collected; ecotype:not collected; age:not collected; dev stage:Seedling; geo loc name:not collected; tissue:Leaf; biomaterial provider:Xianmin Diao; cell line:not collected; cell type:not collected; collected by:not collected; collection date:not collected; culture collection:not collected; disease:not collected; disease stage:not collected; genotype:not collected; growth protocol:not collected; height or length:not collected; isolation source:not collected; lat lon:not collected; phenotype:not collected; population:not collected; sample type:not collected; sex:not collected; specimen voucher:not collected; temp:not collected; treatment:not collected
PRJNA847741	SRR19629773	SAMN13925968	NA	leaf	seedling stage	NA	BC328	NA	isolate:328; cultivar:not collected; ecotype:not collected; age:not collected; dev stage:Seedling; geo loc name:not collected; tissue:Leaf; biomaterial provider:Xianmin Diao; cell line:not collected; cell type:not collected; collected by:not collected; collection date:not collected; culture collection:not collected; disease:not collected; disease stage:not collected; genotype:not collected; growth protocol:not collected; height or length:not collected; isolation source:not collected; lat lon:not collected; phenotype:not collected; population:not collected; sample type:not collected; sex:not collected; specimen voucher:not collected; temp:not collected; treatment:not collected
PRJNA847741	SRR19629774	SAMN13925955	NA	leaf	seedling stage	NA	BC315	NA	isolate:315; cultivar:not collected; ecotype:not collected; age:not collected; dev stage:Seedling; geo loc name:not collected; tissue:Leaf; biomaterial provider:Xianmin Diao; cell line:not collected; cell type:not collected; collected by:not collected; collection date:not collected; culture collection:not collected; disease:not collected; disease stage:not collected; genotype:not collected; growth protocol:not collected; height or length:not collected; isolation source:not collected; lat lon:not collected; phenotype:not collected; population:not collected; sample type:not collected; sex:not collected; specimen voucher:not collected; temp:not collected; treatment:not collected
PRJNA847741	SRR19629775	SAMN13925951	NA	leaf	seedling stage	NA	BC311	NA	isolate:311; cultivar:not collected; ecotype:not collected; age:not collected; dev stage:Seedling; geo loc name:not collected; tissue:Leaf; biomaterial provider:Xianmin Diao; cell line:not collected; cell type:not collected; collected by:not collected; collection date:not collected; culture collection:not collected; disease:not collected; disease stage:not collected; genotype:not collected; growth protocol:not collected; height or length:not collected; isolation source:not collected; lat lon:not collected; phenotype:not collected; population:not collected; sample type:not collected; sex:not collected; specimen voucher:not collected; temp:not collected; treatment:not collected
PRJNA847741	SRR19629776	SAMN13925950	NA	leaf	seedling stage	NA	BC310	NA	isolate:310; cultivar:not collected; ecotype:not collected; age:not collected; dev stage:Seedling; geo loc name:not collected; tissue:Leaf; biomaterial provider:Xianmin Diao; cell line:not collected; cell type:not collected; collected by:not collected; collection date:not collected; culture collection:not collected; disease:not collected; disease stage:not collected; genotype:not collected; growth protocol:not collected; height or length:not collected; isolation source:not collected; lat lon:not collected; phenotype:not collected; population:not collected; sample type:not collected; sex:not collected; specimen voucher:not collected; temp:not collected; treatment:not collected
PRJNA847741	SRR19629777	SAMN13925932	NA	leaf	seedling stage	NA	BC292	NA	isolate:292; cultivar:not collected; ecotype:not collected; age:not collected; dev stage:Seedling; geo loc name:not collected; tissue:Leaf; biomaterial provider:Xianmin Diao; cell line:not collected; cell type:not collected; collected by:not collected; collection date:not collected; culture collection:not collected; disease:not collected; disease stage:not collected; genotype:not collected; growth protocol:not collected; height or length:not collected; isolation source:not collected; lat lon:not collected; phenotype:not collected; population:not collected; sample type:not collected; sex:not collected; specimen voucher:not collected; temp:not collected; treatment:not collected
PRJNA847741	SRR19629778	SAMN13925667	NA	leaf	seedling stage	NA	BC27	NA	isolate:27; cultivar:not collected; ecotype:not collected; age:not collected; dev stage:Seedling; geo loc name:not collected; tissue:Leaf; biomaterial provider:Xianmin Diao; cell line:not collected; cell type:not collected; collected by:not collected; collection date:not collected; culture collection:not collected; disease:not collected; disease stage:not collected; genotype:not collected; growth protocol:not collected; height or length:not collected; isolation source:not collected; lat lon:not collected; phenotype:not collected; population:not collected; sample type:not collected; sex:not collected; specimen voucher:not collected; temp:not collected; treatment:not collected
PRJNA847741	SRR19629779	SAMN13925904	NA	leaf	seedling stage	NA	BC264	NA	isolate:264; cultivar:not collected; ecotype:not collected; age:not collected; dev stage:Seedling; geo loc name:not collected; tissue:Leaf; biomaterial provider:Xianmin Diao; cell line:not collected; cell type:not collected; collected by:not collected; collection date:not collected; culture collection:not collected; disease:not collected; disease stage:not collected; genotype:not collected; growth protocol:not collected; height or length:not collected; isolation source:not collected; lat lon:not collected; phenotype:not collected; population:not collected; sample type:not collected; sex:not collected; specimen voucher:not collected; temp:not collected; treatment:not collected
PRJNA847741	SRR19629780	SAMN13925884	NA	leaf	seedling stage	NA	BC244	NA	isolate:244; cultivar:not collected; ecotype:not collected; age:not collected; dev stage:Seedling; geo loc name:not collected; tissue:Leaf; biomaterial provider:Xianmin Diao; cell line:not collected; cell type:not collected; collected by:not collected; collection date:not collected; culture collection:not collected; disease:not collected; disease stage:not collected; genotype:not collected; growth protocol:not collected; height or length:not collected; isolation source:not collected; lat lon:not collected; phenotype:not collected; population:not collected; sample type:not collected; sex:not collected; specimen voucher:not collected; temp:not collected; treatment:not collected
PRJNA847741	SRR19629781	SAMN13925875	NA	leaf	seedling stage	NA	BC235	NA	isolate:235; cultivar:not collected; ecotype:not collected; age:not collected; dev stage:Seedling; geo loc name:not collected; tissue:Leaf; biomaterial provider:Xianmin Diao; cell line:not collected; cell type:not collected; collected by:not collected; collection date:not collected; culture collection:not collected; disease:not collected; disease stage:not collected; genotype:not collected; growth protocol:not collected; height or length:not collected; isolation source:not collected; lat lon:not collected; phenotype:not collected; population:not collected; sample type:not collected; sex:not collected; specimen voucher:not collected; temp:not collected; treatment:not collected
PRJNA847741	SRR19629782	SAMN13925884	NA	leaf	seedling stage	NA	BC244	NA	isolate:244; cultivar:not collected; ecotype:not collected; age:not collected; dev stage:Seedling; geo loc name:not collected; tissue:Leaf; biomaterial provider:Xianmin Diao; cell line:not collected; cell type:not collected; collected by:not collected; collection date:not collected; culture collection:not collected; disease:not collected; disease stage:not collected; genotype:not collected; growth protocol:not collected; height or length:not collected; isolation source:not collected; lat lon:not collected; phenotype:not collected; population:not collected; sample type:not collected; sex:not collected; specimen voucher:not collected; temp:not collected; treatment:not collected
PRJNA847741	SRR19629783	SAMN13925857	NA	leaf	seedling stage	NA	BC217	NA	isolate:217; cultivar:not collected; ecotype:not collected; age:not collected; dev stage:Seedling; geo loc name:not collected; tissue:Leaf; biomaterial provider:Xianmin Diao; cell line:not collected; cell type:not collected; collected by:not collected; collection date:not collected; culture collection:not collected; disease:not collected; disease stage:not collected; genotype:not collected; growth protocol:not collected; height or length:not collected; isolation source:not collected; lat lon:not collected; phenotype:not collected; population:not collected; sample type:not collected; sex:not collected; specimen voucher:not collected; temp:not collected; treatment:not collected
PRJNA847741	SRR19629784	SAMN13925844	NA	leaf	seedling stage	NA	BC204	NA	isolate:204; cultivar:not collected; ecotype:not collected; age:not collected; dev stage:Seedling; geo loc name:not collected; tissue:Leaf; biomaterial provider:Xianmin Diao; cell line:not collected; cell type:not collected; collected by:not collected; collection date:not collected; culture collection:not collected; disease:not collected; disease stage:not collected; genotype:not collected; growth protocol:not collected; height or length:not collected; isolation source:not collected; lat lon:not collected; phenotype:not collected; population:not collected; sample type:not collected; sex:not collected; specimen voucher:not collected; temp:not collected; treatment:not collected
PRJNA847741	SRR19629785	SAMN13925828	NA	leaf	seedling stage	NA	BC188	NA	isolate:188; cultivar:not collected; ecotype:not collected; age:not collected; dev stage:Seedling; geo loc name:not collected; tissue:Leaf; biomaterial provider:Xianmin Diao; cell line:not collected; cell type:not collected; collected by:not collected; collection date:not collected; culture collection:not collected; disease:not collected; disease stage:not collected; genotype:not collected; growth protocol:not collected; height or length:not collected; isolation source:not collected; lat lon:not collected; phenotype:not collected; population:not collected; sample type:not collected; sex:not collected; specimen voucher:not collected; temp:not collected; treatment:not collected
PRJNA847741	SRR19629786	SAMN13925810	NA	leaf	seedling stage	NA	BC170	NA	isolate:170; cultivar:not collected; ecotype:not collected; age:not collected; dev stage:Seedling; geo loc name:not collected; tissue:Leaf; biomaterial provider:Xianmin Diao; cell line:not collected; cell type:not collected; collected by:not collected; collection date:not collected; culture collection:not collected; disease:not collected; disease stage:not collected; genotype:not collected; growth protocol:not collected; height or length:not collected; isolation source:not collected; lat lon:not collected; phenotype:not collected; population:not collected; sample type:not collected; sex:not collected; specimen voucher:not collected; temp:not collected; treatment:not collected
PRJNA847741	SRR19629787	SAMN13925776	NA	leaf	seedling stage	NA	BC136	NA	isolate:136; cultivar:not collected; ecotype:not collected; age:not collected; dev stage:Seedling; geo loc name:not collected; tissue:Leaf; biomaterial provider:Xianmin Diao; cell line:not collected; cell type:not collected; collected by:not collected; collection date:not collected; culture collection:not collected; disease:not collected; disease stage:not collected; genotype:not collected; growth protocol:not collected; height or length:not collected; isolation source:not collected; lat lon:not collected; phenotype:not collected; population:not collected; sample type:not collected; sex:not collected; specimen voucher:not collected; temp:not collected; treatment:not collected
PRJNA847741	SRR19629788	SAMN13925740	NA	leaf	seedling stage	NA	BC100	NA	isolate:100; cultivar:not collected; ecotype:not collected; age:not collected; dev stage:Seedling; geo loc name:not collected; tissue:Leaf; biomaterial provider:Xianmin Diao; cell line:not collected; cell type:not collected; collected by:not collected; collection date:not collected; culture collection:not collected; disease:not collected; disease stage:not collected; genotype:not collected; growth protocol:not collected; height or length:not collected; isolation source:not collected; lat lon:not collected; phenotype:not collected; population:not collected; sample type:not collected; sex:not collected; specimen voucher:not collected; temp:not collected; treatment:not collected
PRJNA847741	SRR19629789	SAMN13926138	NA	leaf	seedling stage	NA	BC498	NA	isolate:498; cultivar:not collected; ecotype:not collected; age:not collected; dev stage:Seedling; geo loc name:not collected; tissue:Leaf; biomaterial provider:Xianmin Diao; cell line:not collected; cell type:not collected; collected by:not collected; collection date:not collected; culture collection:not collected; disease:not collected; disease stage:not collected; genotype:not collected; growth protocol:not collected; height or length:not collected; isolation source:not collected; lat lon:not collected; phenotype:not collected; population:not collected; sample type:not collected; sex:not collected; specimen voucher:not collected; temp:not collected; treatment:not collected
PRJNA847741	SRR19629790	SAMN13926134	NA	leaf	seedling stage	NA	BC494	NA	isolate:494; cultivar:not collected; ecotype:not collected; age:not collected; dev stage:Seedling; geo loc name:not collected; tissue:Leaf; biomaterial provider:Xianmin Diao; cell line:not collected; cell type:not collected; collected by:not collected; collection date:not collected; culture collection:not collected; disease:not collected; disease stage:not collected; genotype:not collected; growth protocol:not collected; height or length:not collected; isolation source:not collected; lat lon:not collected; phenotype:not collected; population:not collected; sample type:not collected; sex:not collected; specimen voucher:not collected; temp:not collected; treatment:not collected
PRJNA847741	SRR19629791	SAMN13925688	NA	leaf	seedling stage	NA	BC48	NA	isolate:48; cultivar:not collected; ecotype:not collected; age:not collected; dev stage:Seedling; geo loc name:not collected; tissue:Leaf; biomaterial provider:Xianmin Diao; cell line:not collected; cell type:not collected; collected by:not collected; collection date:not collected; culture collection:not collected; disease:not collected; disease stage:not collected; genotype:not collected; growth protocol:not collected; height or length:not collected; isolation source:not collected; lat lon:not collected; phenotype:not collected; population:not collected; sample type:not collected; sex:not collected; specimen voucher:not collected; temp:not collected; treatment:not collected
PRJNA847741	SRR19629792	SAMN13926117	NA	leaf	seedling stage	NA	BC477	NA	isolate:477; cultivar:not collected; ecotype:not collected; age:not collected; dev stage:Seedling; geo loc name:not collected; tissue:Leaf; biomaterial provider:Xianmin Diao; cell line:not collected; cell type:not collected; collected by:not collected; collection date:not collected; culture collection:not collected; disease:not collected; disease stage:not collected; genotype:not collected; growth protocol:not collected; height or length:not collected; isolation source:not collected; lat lon:not collected; phenotype:not collected; population:not collected; sample type:not collected; sex:not collected; specimen voucher:not collected; temp:not collected; treatment:not collected
PRJNA847741	SRR19629793	SAMN13925875	NA	leaf	seedling stage	NA	BC235	NA	isolate:235; cultivar:not collected; ecotype:not collected; age:not collected; dev stage:Seedling; geo loc name:not collected; tissue:Leaf; biomaterial provider:Xianmin Diao; cell line:not collected; cell type:not collected; collected by:not collected; collection date:not collected; culture collection:not collected; disease:not collected; disease stage:not collected; genotype:not collected; growth protocol:not collected; height or length:not collected; isolation source:not collected; lat lon:not collected; phenotype:not collected; population:not collected; sample type:not collected; sex:not collected; specimen voucher:not collected; temp:not collected; treatment:not collected
PRJNA847741	SRR19629794	SAMN13926115	NA	leaf	seedling stage	NA	BC475	NA	isolate:475; cultivar:not collected; ecotype:not collected; age:not collected; dev stage:Seedling; geo loc name:not collected; tissue:Leaf; biomaterial provider:Xianmin Diao; cell line:not collected; cell type:not collected; collected by:not collected; collection date:not collected; culture collection:not collected; disease:not collected; disease stage:not collected; genotype:not collected; growth protocol:not collected; height or length:not collected; isolation source:not collected; lat lon:not collected; phenotype:not collected; population:not collected; sample type:not collected; sex:not collected; specimen voucher:not collected; temp:not collected; treatment:not collected
PRJNA847741	SRR19629795	SAMN13926074	NA	leaf	seedling stage	NA	BC434	NA	isolate:434; cultivar:not collected; ecotype:not collected; age:not collected; dev stage:Seedling; geo loc name:not collected; tissue:Leaf; biomaterial provider:Xianmin Diao; cell line:not collected; cell type:not collected; collected by:not collected; collection date:not collected; culture collection:not collected; disease:not collected; disease stage:not collected; genotype:not collected; growth protocol:not collected; height or length:not collected; isolation source:not collected; lat lon:not collected; phenotype:not collected; population:not collected; sample type:not collected; sex:not collected; specimen voucher:not collected; temp:not collected; treatment:not collected
PRJNA847741	SRR19629796	SAMN13926066	NA	leaf	seedling stage	NA	BC426	NA	isolate:426; cultivar:not collected; ecotype:not collected; age:not collected; dev stage:Seedling; geo loc name:not collected; tissue:Leaf; biomaterial provider:Xianmin Diao; cell line:not collected; cell type:not collected; collected by:not collected; collection date:not collected; culture collection:not collected; disease:not collected; disease stage:not collected; genotype:not collected; growth protocol:not collected; height or length:not collected; isolation source:not collected; lat lon:not collected; phenotype:not collected; population:not collected; sample type:not collected; sex:not collected; specimen voucher:not collected; temp:not collected; treatment:not collected
PRJNA847741	SRR19629797	SAMN13926058	NA	leaf	seedling stage	NA	BC418	NA	isolate:418; cultivar:not collected; ecotype:not collected; age:not collected; dev stage:Seedling; geo loc name:not collected; tissue:Leaf; biomaterial provider:Xianmin Diao; cell line:not collected; cell type:not collected; collected by:not collected; collection date:not collected; culture collection:not collected; disease:not collected; disease stage:not collected; genotype:not collected; growth protocol:not collected; height or length:not collected; isolation source:not collected; lat lon:not collected; phenotype:not collected; population:not collected; sample type:not collected; sex:not collected; specimen voucher:not collected; temp:not collected; treatment:not collected
PRJNA847741	SRR19629798	SAMN13926047	NA	leaf	seedling stage	NA	BC407	NA	isolate:407; cultivar:not collected; ecotype:not collected; age:not collected; dev stage:Seedling; geo loc name:not collected; tissue:Leaf; biomaterial provider:Xianmin Diao; cell line:not collected; cell type:not collected; collected by:not collected; collection date:not collected; culture collection:not collected; disease:not collected; disease stage:not collected; genotype:not collected; growth protocol:not collected; height or length:not collected; isolation source:not collected; lat lon:not collected; phenotype:not collected; population:not collected; sample type:not collected; sex:not collected; specimen voucher:not collected; temp:not collected; treatment:not collected
PRJNA847741	SRR19629799	SAMN13926044	NA	leaf	seedling stage	NA	BC404	NA	isolate:404; cultivar:not collected; ecotype:not collected; age:not collected; dev stage:Seedling; geo loc name:not collected; tissue:Leaf; biomaterial provider:Xianmin Diao; cell line:not collected; cell type:not collected; collected by:not collected; collection date:not collected; culture collection:not collected; disease:not collected; disease stage:not collected; genotype:not collected; growth protocol:not collected; height or length:not collected; isolation source:not collected; lat lon:not collected; phenotype:not collected; population:not collected; sample type:not collected; sex:not collected; specimen voucher:not collected; temp:not collected; treatment:not collected
PRJNA847741	SRR19629800	SAMN13925680	NA	leaf	seedling stage	NA	BC40	NA	isolate:40; cultivar:not collected; ecotype:not collected; age:not collected; dev stage:Seedling; geo loc name:not collected; tissue:Leaf; biomaterial provider:Xianmin Diao; cell line:not collected; cell type:not collected; collected by:not collected; collection date:not collected; culture collection:not collected; disease:not collected; disease stage:not collected; genotype:not collected; growth protocol:not collected; height or length:not collected; isolation source:not collected; lat lon:not collected; phenotype:not collected; population:not collected; sample type:not collected; sex:not collected; specimen voucher:not collected; temp:not collected; treatment:not collected
PRJNA847741	SRR19629801	SAMN13926038	NA	leaf	seedling stage	NA	BC398	NA	isolate:398; cultivar:not collected; ecotype:not collected; age:not collected; dev stage:Seedling; geo loc name:not collected; tissue:Leaf; biomaterial provider:Xianmin Diao; cell line:not collected; cell type:not collected; collected by:not collected; collection date:not collected; culture collection:not collected; disease:not collected; disease stage:not collected; genotype:not collected; growth protocol:not collected; height or length:not collected; isolation source:not collected; lat lon:not collected; phenotype:not collected; population:not collected; sample type:not collected; sex:not collected; specimen voucher:not collected; temp:not collected; treatment:not collected
PRJNA847741	SRR19629802	SAMN13926022	NA	leaf	seedling stage	NA	BC382	NA	isolate:382; cultivar:not collected; ecotype:not collected; age:not collected; dev stage:Seedling; geo loc name:not collected; tissue:Leaf; biomaterial provider:Xianmin Diao; cell line:not collected; cell type:not collected; collected by:not collected; collection date:not collected; culture collection:not collected; disease:not collected; disease stage:not collected; genotype:not collected; growth protocol:not collected; height or length:not collected; isolation source:not collected; lat lon:not collected; phenotype:not collected; population:not collected; sample type:not collected; sex:not collected; specimen voucher:not collected; temp:not collected; treatment:not collected
PRJNA847741	SRR19629803	SAMN13926002	NA	leaf	seedling stage	NA	BC362	NA	isolate:362; cultivar:not collected; ecotype:not collected; age:not collected; dev stage:Seedling; geo loc name:not collected; tissue:Leaf; biomaterial provider:Xianmin Diao; cell line:not collected; cell type:not collected; collected by:not collected; collection date:not collected; culture collection:not collected; disease:not collected; disease stage:not collected; genotype:not collected; growth protocol:not collected; height or length:not collected; isolation source:not collected; lat lon:not collected; phenotype:not collected; population:not collected; sample type:not collected; sex:not collected; specimen voucher:not collected; temp:not collected; treatment:not collected
PRJNA847741	SRR19629804	SAMN13925857	NA	leaf	seedling stage	NA	BC217	NA	isolate:217; cultivar:not collected; ecotype:not collected; age:not collected; dev stage:Seedling; geo loc name:not collected; tissue:Leaf; biomaterial provider:Xianmin Diao; cell line:not collected; cell type:not collected; collected by:not collected; collection date:not collected; culture collection:not collected; disease:not collected; disease stage:not collected; genotype:not collected; growth protocol:not collected; height or length:not collected; isolation source:not collected; lat lon:not collected; phenotype:not collected; population:not collected; sample type:not collected; sex:not collected; specimen voucher:not collected; temp:not collected; treatment:not collected
PRJNA847741	SRR19629805	SAMN13926000	NA	leaf	seedling stage	NA	BC360	NA	isolate:360; cultivar:not collected; ecotype:not collected; age:not collected; dev stage:Seedling; geo loc name:not collected; tissue:Leaf; biomaterial provider:Xianmin Diao; cell line:not collected; cell type:not collected; collected by:not collected; collection date:not collected; culture collection:not collected; disease:not collected; disease stage:not collected; genotype:not collected; growth protocol:not collected; height or length:not collected; isolation source:not collected; lat lon:not collected; phenotype:not collected; population:not collected; sample type:not collected; sex:not collected; specimen voucher:not collected; temp:not collected; treatment:not collected
PRJNA847741	SRR19629806	SAMN13925990	NA	leaf	seedling stage	NA	BC350	NA	isolate:350; cultivar:not collected; ecotype:not collected; age:not collected; dev stage:Seedling; geo loc name:not collected; tissue:Leaf; biomaterial provider:Xianmin Diao; cell line:not collected; cell type:not collected; collected by:not collected; collection date:not collected; culture collection:not collected; disease:not collected; disease stage:not collected; genotype:not collected; growth protocol:not collected; height or length:not collected; isolation source:not collected; lat lon:not collected; phenotype:not collected; population:not collected; sample type:not collected; sex:not collected; specimen voucher:not collected; temp:not collected; treatment:not collected
PRJNA847741	SRR19629807	SAMN13925972	NA	leaf	seedling stage	NA	BC332	NA	isolate:332; cultivar:not collected; ecotype:not collected; age:not collected; dev stage:Seedling; geo loc name:not collected; tissue:Leaf; biomaterial provider:Xianmin Diao; cell line:not collected; cell type:not collected; collected by:not collected; collection date:not collected; culture collection:not collected; disease:not collected; disease stage:not collected; genotype:not collected; growth protocol:not collected; height or length:not collected; isolation source:not collected; lat lon:not collected; phenotype:not collected; population:not collected; sample type:not collected; sex:not collected; specimen voucher:not collected; temp:not collected; treatment:not collected
PRJNA847741	SRR19629808	SAMN13925968	NA	leaf	seedling stage	NA	BC328	NA	isolate:328; cultivar:not collected; ecotype:not collected; age:not collected; dev stage:Seedling; geo loc name:not collected; tissue:Leaf; biomaterial provider:Xianmin Diao; cell line:not collected; cell type:not collected; collected by:not collected; collection date:not collected; culture collection:not collected; disease:not collected; disease stage:not collected; genotype:not collected; growth protocol:not collected; height or length:not collected; isolation source:not collected; lat lon:not collected; phenotype:not collected; population:not collected; sample type:not collected; sex:not collected; specimen voucher:not collected; temp:not collected; treatment:not collected
PRJNA847741	SRR19629809	SAMN13925955	NA	leaf	seedling stage	NA	BC315	NA	isolate:315; cultivar:not collected; ecotype:not collected; age:not collected; dev stage:Seedling; geo loc name:not collected; tissue:Leaf; biomaterial provider:Xianmin Diao; cell line:not collected; cell type:not collected; collected by:not collected; collection date:not collected; culture collection:not collected; disease:not collected; disease stage:not collected; genotype:not collected; growth protocol:not collected; height or length:not collected; isolation source:not collected; lat lon:not collected; phenotype:not collected; population:not collected; sample type:not collected; sex:not collected; specimen voucher:not collected; temp:not collected; treatment:not collected
PRJNA847741	SRR19629810	SAMN13925951	NA	leaf	seedling stage	NA	BC311	NA	isolate:311; cultivar:not collected; ecotype:not collected; age:not collected; dev stage:Seedling; geo loc name:not collected; tissue:Leaf; biomaterial provider:Xianmin Diao; cell line:not collected; cell type:not collected; collected by:not collected; collection date:not collected; culture collection:not collected; disease:not collected; disease stage:not collected; genotype:not collected; growth protocol:not collected; height or length:not collected; isolation source:not collected; lat lon:not collected; phenotype:not collected; population:not collected; sample type:not collected; sex:not collected; specimen voucher:not collected; temp:not collected; treatment:not collected
PRJNA847741	SRR19629811	SAMN13925950	NA	leaf	seedling stage	NA	BC310	NA	isolate:310; cultivar:not collected; ecotype:not collected; age:not collected; dev stage:Seedling; geo loc name:not collected; tissue:Leaf; biomaterial provider:Xianmin Diao; cell line:not collected; cell type:not collected; collected by:not collected; collection date:not collected; culture collection:not collected; disease:not collected; disease stage:not collected; genotype:not collected; growth protocol:not collected; height or length:not collected; isolation source:not collected; lat lon:not collected; phenotype:not collected; population:not collected; sample type:not collected; sex:not collected; specimen voucher:not collected; temp:not collected; treatment:not collected
PRJNA847741	SRR19629812	SAMN13925932	NA	leaf	seedling stage	NA	BC292	NA	isolate:292; cultivar:not collected; ecotype:not collected; age:not collected; dev stage:Seedling; geo loc name:not collected; tissue:Leaf; biomaterial provider:Xianmin Diao; cell line:not collected; cell type:not collected; collected by:not collected; collection date:not collected; culture collection:not collected; disease:not collected; disease stage:not collected; genotype:not collected; growth protocol:not collected; height or length:not collected; isolation source:not collected; lat lon:not collected; phenotype:not collected; population:not collected; sample type:not collected; sex:not collected; specimen voucher:not collected; temp:not collected; treatment:not collected
PRJNA847741	SRR19629813	SAMN13925667	NA	leaf	seedling stage	NA	BC27	NA	isolate:27; cultivar:not collected; ecotype:not collected; age:not collected; dev stage:Seedling; geo loc name:not collected; tissue:Leaf; biomaterial provider:Xianmin Diao; cell line:not collected; cell type:not collected; collected by:not collected; collection date:not collected; culture collection:not collected; disease:not collected; disease stage:not collected; genotype:not collected; growth protocol:not collected; height or length:not collected; isolation source:not collected; lat lon:not collected; phenotype:not collected; population:not collected; sample type:not collected; sex:not collected; specimen voucher:not collected; temp:not collected; treatment:not collected
PRJNA847741	SRR19629814	SAMN13925904	NA	leaf	seedling stage	NA	BC264	NA	isolate:264; cultivar:not collected; ecotype:not collected; age:not collected; dev stage:Seedling; geo loc name:not collected; tissue:Leaf; biomaterial provider:Xianmin Diao; cell line:not collected; cell type:not collected; collected by:not collected; collection date:not collected; culture collection:not collected; disease:not collected; disease stage:not collected; genotype:not collected; growth protocol:not collected; height or length:not collected; isolation source:not collected; lat lon:not collected; phenotype:not collected; population:not collected; sample type:not collected; sex:not collected; specimen voucher:not collected; temp:not collected; treatment:not collected
PRJNA847741	SRR19629815	SAMN13925844	NA	leaf	seedling stage	NA	BC204	NA	isolate:204; cultivar:not collected; ecotype:not collected; age:not collected; dev stage:Seedling; geo loc name:not collected; tissue:Leaf; biomaterial provider:Xianmin Diao; cell line:not collected; cell type:not collected; collected by:not collected; collection date:not collected; culture collection:not collected; disease:not collected; disease stage:not collected; genotype:not collected; growth protocol:not collected; height or length:not collected; isolation source:not collected; lat lon:not collected; phenotype:not collected; population:not collected; sample type:not collected; sex:not collected; specimen voucher:not collected; temp:not collected; treatment:not collected
PRJNA847741	SRR19629816	SAMN13925884	NA	leaf	seedling stage	NA	BC244	NA	isolate:244; cultivar:not collected; ecotype:not collected; age:not collected; dev stage:Seedling; geo loc name:not collected; tissue:Leaf; biomaterial provider:Xianmin Diao; cell line:not collected; cell type:not collected; collected by:not collected; collection date:not collected; culture collection:not collected; disease:not collected; disease stage:not collected; genotype:not collected; growth protocol:not collected; height or length:not collected; isolation source:not collected; lat lon:not collected; phenotype:not collected; population:not collected; sample type:not collected; sex:not collected; specimen voucher:not collected; temp:not collected; treatment:not collected
PRJNA847741	SRR19629817	SAMN13925875	NA	leaf	seedling stage	NA	BC235	NA	isolate:235; cultivar:not collected; ecotype:not collected; age:not collected; dev stage:Seedling; geo loc name:not collected; tissue:Leaf; biomaterial provider:Xianmin Diao; cell line:not collected; cell type:not collected; collected by:not collected; collection date:not collected; culture collection:not collected; disease:not collected; disease stage:not collected; genotype:not collected; growth protocol:not collected; height or length:not collected; isolation source:not collected; lat lon:not collected; phenotype:not collected; population:not collected; sample type:not collected; sex:not collected; specimen voucher:not collected; temp:not collected; treatment:not collected
PRJNA847741	SRR19629818	SAMN13925857	NA	leaf	seedling stage	NA	BC217	NA	isolate:217; cultivar:not collected; ecotype:not collected; age:not collected; dev stage:Seedling; geo loc name:not collected; tissue:Leaf; biomaterial provider:Xianmin Diao; cell line:not collected; cell type:not collected; collected by:not collected; collection date:not collected; culture collection:not collected; disease:not collected; disease stage:not collected; genotype:not collected; growth protocol:not collected; height or length:not collected; isolation source:not collected; lat lon:not collected; phenotype:not collected; population:not collected; sample type:not collected; sex:not collected; specimen voucher:not collected; temp:not collected; treatment:not collected
PRJNA847741	SRR19629819	SAMN13925844	NA	leaf	seedling stage	NA	BC204	NA	isolate:204; cultivar:not collected; ecotype:not collected; age:not collected; dev stage:Seedling; geo loc name:not collected; tissue:Leaf; biomaterial provider:Xianmin Diao; cell line:not collected; cell type:not collected; collected by:not collected; collection date:not collected; culture collection:not collected; disease:not collected; disease stage:not collected; genotype:not collected; growth protocol:not collected; height or length:not collected; isolation source:not collected; lat lon:not collected; phenotype:not collected; population:not collected; sample type:not collected; sex:not collected; specimen voucher:not collected; temp:not collected; treatment:not collected
PRJNA847741	SRR19629820	SAMN13925828	NA	leaf	seedling stage	NA	BC188	NA	isolate:188; cultivar:not collected; ecotype:not collected; age:not collected; dev stage:Seedling; geo loc name:not collected; tissue:Leaf; biomaterial provider:Xianmin Diao; cell line:not collected; cell type:not collected; collected by:not collected; collection date:not collected; culture collection:not collected; disease:not collected; disease stage:not collected; genotype:not collected; growth protocol:not collected; height or length:not collected; isolation source:not collected; lat lon:not collected; phenotype:not collected; population:not collected; sample type:not collected; sex:not collected; specimen voucher:not collected; temp:not collected; treatment:not collected
PRJNA847741	SRR19629821	SAMN13925810	NA	leaf	seedling stage	NA	BC170	NA	isolate:170; cultivar:not collected; ecotype:not collected; age:not collected; dev stage:Seedling; geo loc name:not collected; tissue:Leaf; biomaterial provider:Xianmin Diao; cell line:not collected; cell type:not collected; collected by:not collected; collection date:not collected; culture collection:not collected; disease:not collected; disease stage:not collected; genotype:not collected; growth protocol:not collected; height or length:not collected; isolation source:not collected; lat lon:not collected; phenotype:not collected; population:not collected; sample type:not collected; sex:not collected; specimen voucher:not collected; temp:not collected; treatment:not collected
PRJNA847741	SRR19629822	SAMN13925776	NA	leaf	seedling stage	NA	BC136	NA	isolate:136; cultivar:not collected; ecotype:not collected; age:not collected; dev stage:Seedling; geo loc name:not collected; tissue:Leaf; biomaterial provider:Xianmin Diao; cell line:not collected; cell type:not collected; collected by:not collected; collection date:not collected; culture collection:not collected; disease:not collected; disease stage:not collected; genotype:not collected; growth protocol:not collected; height or length:not collected; isolation source:not collected; lat lon:not collected; phenotype:not collected; population:not collected; sample type:not collected; sex:not collected; specimen voucher:not collected; temp:not collected; treatment:not collected
PRJNA847741	SRR19629823	SAMN13925740	NA	leaf	seedling stage	NA	BC100	NA	isolate:100; cultivar:not collected; ecotype:not collected; age:not collected; dev stage:Seedling; geo loc name:not collected; tissue:Leaf; biomaterial provider:Xianmin Diao; cell line:not collected; cell type:not collected; collected by:not collected; collection date:not collected; culture collection:not collected; disease:not collected; disease stage:not collected; genotype:not collected; growth protocol:not collected; height or length:not collected; isolation source:not collected; lat lon:not collected; phenotype:not collected; population:not collected; sample type:not collected; sex:not collected; specimen voucher:not collected; temp:not collected; treatment:not collected
PRJNA847741	SRR19629824	SAMN13926138	NA	leaf	seedling stage	NA	BC498	NA	isolate:498; cultivar:not collected; ecotype:not collected; age:not collected; dev stage:Seedling; geo loc name:not collected; tissue:Leaf; biomaterial provider:Xianmin Diao; cell line:not collected; cell type:not collected; collected by:not collected; collection date:not collected; culture collection:not collected; disease:not collected; disease stage:not collected; genotype:not collected; growth protocol:not collected; height or length:not collected; isolation source:not collected; lat lon:not collected; phenotype:not collected; population:not collected; sample type:not collected; sex:not collected; specimen voucher:not collected; temp:not collected; treatment:not collected
PRJNA847741	SRR19629825	SAMN13926134	NA	leaf	seedling stage	NA	BC494	NA	isolate:494; cultivar:not collected; ecotype:not collected; age:not collected; dev stage:Seedling; geo loc name:not collected; tissue:Leaf; biomaterial provider:Xianmin Diao; cell line:not collected; cell type:not collected; collected by:not collected; collection date:not collected; culture collection:not collected; disease:not collected; disease stage:not collected; genotype:not collected; growth protocol:not collected; height or length:not collected; isolation source:not collected; lat lon:not collected; phenotype:not collected; population:not collected; sample type:not collected; sex:not collected; specimen voucher:not collected; temp:not collected; treatment:not collected
PRJNA847741	SRR19629826	SAMN13925828	NA	leaf	seedling stage	NA	BC188	NA	isolate:188; cultivar:not collected; ecotype:not collected; age:not collected; dev stage:Seedling; geo loc name:not collected; tissue:Leaf; biomaterial provider:Xianmin Diao; cell line:not collected; cell type:not collected; collected by:not collected; collection date:not collected; culture collection:not collected; disease:not collected; disease stage:not collected; genotype:not collected; growth protocol:not collected; height or length:not collected; isolation source:not collected; lat lon:not collected; phenotype:not collected; population:not collected; sample type:not collected; sex:not collected; specimen voucher:not collected; temp:not collected; treatment:not collected
PRJNA847741	SRR19629827	SAMN13925688	NA	leaf	seedling stage	NA	BC48	NA	isolate:48; cultivar:not collected; ecotype:not collected; age:not collected; dev stage:Seedling; geo loc name:not collected; tissue:Leaf; biomaterial provider:Xianmin Diao; cell line:not collected; cell type:not collected; collected by:not collected; collection date:not collected; culture collection:not collected; disease:not collected; disease stage:not collected; genotype:not collected; growth protocol:not collected; height or length:not collected; isolation source:not collected; lat lon:not collected; phenotype:not collected; population:not collected; sample type:not collected; sex:not collected; specimen voucher:not collected; temp:not collected; treatment:not collected
PRJNA847741	SRR19629828	SAMN13926117	NA	leaf	seedling stage	NA	BC477	NA	isolate:477; cultivar:not collected; ecotype:not collected; age:not collected; dev stage:Seedling; geo loc name:not collected; tissue:Leaf; biomaterial provider:Xianmin Diao; cell line:not collected; cell type:not collected; collected by:not collected; collection date:not collected; culture collection:not collected; disease:not collected; disease stage:not collected; genotype:not collected; growth protocol:not collected; height or length:not collected; isolation source:not collected; lat lon:not collected; phenotype:not collected; population:not collected; sample type:not collected; sex:not collected; specimen voucher:not collected; temp:not collected; treatment:not collected
PRJNA847741	SRR19629829	SAMN13926115	NA	leaf	seedling stage	NA	BC475	NA	isolate:475; cultivar:not collected; ecotype:not collected; age:not collected; dev stage:Seedling; geo loc name:not collected; tissue:Leaf; biomaterial provider:Xianmin Diao; cell line:not collected; cell type:not collected; collected by:not collected; collection date:not collected; culture collection:not collected; disease:not collected; disease stage:not collected; genotype:not collected; growth protocol:not collected; height or length:not collected; isolation source:not collected; lat lon:not collected; phenotype:not collected; population:not collected; sample type:not collected; sex:not collected; specimen voucher:not collected; temp:not collected; treatment:not collected
PRJNA847741	SRR19629830	SAMN13926074	NA	leaf	seedling stage	NA	BC434	NA	isolate:434; cultivar:not collected; ecotype:not collected; age:not collected; dev stage:Seedling; geo loc name:not collected; tissue:Leaf; biomaterial provider:Xianmin Diao; cell line:not collected; cell type:not collected; collected by:not collected; collection date:not collected; culture collection:not collected; disease:not collected; disease stage:not collected; genotype:not collected; growth protocol:not collected; height or length:not collected; isolation source:not collected; lat lon:not collected; phenotype:not collected; population:not collected; sample type:not collected; sex:not collected; specimen voucher:not collected; temp:not collected; treatment:not collected
PRJNA847741	SRR19629831	SAMN13926066	NA	leaf	seedling stage	NA	BC426	NA	isolate:426; cultivar:not collected; ecotype:not collected; age:not collected; dev stage:Seedling; geo loc name:not collected; tissue:Leaf; biomaterial provider:Xianmin Diao; cell line:not collected; cell type:not collected; collected by:not collected; collection date:not collected; culture collection:not collected; disease:not collected; disease stage:not collected; genotype:not collected; growth protocol:not collected; height or length:not collected; isolation source:not collected; lat lon:not collected; phenotype:not collected; population:not collected; sample type:not collected; sex:not collected; specimen voucher:not collected; temp:not collected; treatment:not collected
PRJNA847741	SRR19629832	SAMN13926058	NA	leaf	seedling stage	NA	BC418	NA	isolate:418; cultivar:not collected; ecotype:not collected; age:not collected; dev stage:Seedling; geo loc name:not collected; tissue:Leaf; biomaterial provider:Xianmin Diao; cell line:not collected; cell type:not collected; collected by:not collected; collection date:not collected; culture collection:not collected; disease:not collected; disease stage:not collected; genotype:not collected; growth protocol:not collected; height or length:not collected; isolation source:not collected; lat lon:not collected; phenotype:not collected; population:not collected; sample type:not collected; sex:not collected; specimen voucher:not collected; temp:not collected; treatment:not collected
PRJNA847741	SRR19629833	SAMN13926047	NA	leaf	seedling stage	NA	BC407	NA	isolate:407; cultivar:not collected; ecotype:not collected; age:not collected; dev stage:Seedling; geo loc name:not collected; tissue:Leaf; biomaterial provider:Xianmin Diao; cell line:not collected; cell type:not collected; collected by:not collected; collection date:not collected; culture collection:not collected; disease:not collected; disease stage:not collected; genotype:not collected; growth protocol:not collected; height or length:not collected; isolation source:not collected; lat lon:not collected; phenotype:not collected; population:not collected; sample type:not collected; sex:not collected; specimen voucher:not collected; temp:not collected; treatment:not collected
PRJNA847741	SRR19629834	SAMN13926044	NA	leaf	seedling stage	NA	BC404	NA	isolate:404; cultivar:not collected; ecotype:not collected; age:not collected; dev stage:Seedling; geo loc name:not collected; tissue:Leaf; biomaterial provider:Xianmin Diao; cell line:not collected; cell type:not collected; collected by:not collected; collection date:not collected; culture collection:not collected; disease:not collected; disease stage:not collected; genotype:not collected; growth protocol:not collected; height or length:not collected; isolation source:not collected; lat lon:not collected; phenotype:not collected; population:not collected; sample type:not collected; sex:not collected; specimen voucher:not collected; temp:not collected; treatment:not collected
PRJNA847741	SRR19629835	SAMN13925680	NA	leaf	seedling stage	NA	BC40	NA	isolate:40; cultivar:not collected; ecotype:not collected; age:not collected; dev stage:Seedling; geo loc name:not collected; tissue:Leaf; biomaterial provider:Xianmin Diao; cell line:not collected; cell type:not collected; collected by:not collected; collection date:not collected; culture collection:not collected; disease:not collected; disease stage:not collected; genotype:not collected; growth protocol:not collected; height or length:not collected; isolation source:not collected; lat lon:not collected; phenotype:not collected; population:not collected; sample type:not collected; sex:not collected; specimen voucher:not collected; temp:not collected; treatment:not collected
PRJNA847741	SRR19629836	SAMN13926038	NA	leaf	seedling stage	NA	BC398	NA	isolate:398; cultivar:not collected; ecotype:not collected; age:not collected; dev stage:Seedling; geo loc name:not collected; tissue:Leaf; biomaterial provider:Xianmin Diao; cell line:not collected; cell type:not collected; collected by:not collected; collection date:not collected; culture collection:not collected; disease:not collected; disease stage:not collected; genotype:not collected; growth protocol:not collected; height or length:not collected; isolation source:not collected; lat lon:not collected; phenotype:not collected; population:not collected; sample type:not collected; sex:not collected; specimen voucher:not collected; temp:not collected; treatment:not collected
PRJNA847741	SRR19629837	SAMN13925810	NA	leaf	seedling stage	NA	BC170	NA	isolate:170; cultivar:not collected; ecotype:not collected; age:not collected; dev stage:Seedling; geo loc name:not collected; tissue:Leaf; biomaterial provider:Xianmin Diao; cell line:not collected; cell type:not collected; collected by:not collected; collection date:not collected; culture collection:not collected; disease:not collected; disease stage:not collected; genotype:not collected; growth protocol:not collected; height or length:not collected; isolation source:not collected; lat lon:not collected; phenotype:not collected; population:not collected; sample type:not collected; sex:not collected; specimen voucher:not collected; temp:not collected; treatment:not collected
PRJNA847741	SRR19629838	SAMN13926022	NA	leaf	seedling stage	NA	BC382	NA	isolate:382; cultivar:not collected; ecotype:not collected; age:not collected; dev stage:Seedling; geo loc name:not collected; tissue:Leaf; biomaterial provider:Xianmin Diao; cell line:not collected; cell type:not collected; collected by:not collected; collection date:not collected; culture collection:not collected; disease:not collected; disease stage:not collected; genotype:not collected; growth protocol:not collected; height or length:not collected; isolation source:not collected; lat lon:not collected; phenotype:not collected; population:not collected; sample type:not collected; sex:not collected; specimen voucher:not collected; temp:not collected; treatment:not collected
PRJNA847741	SRR19629839	SAMN13926002	NA	leaf	seedling stage	NA	BC362	NA	isolate:362; cultivar:not collected; ecotype:not collected; age:not collected; dev stage:Seedling; geo loc name:not collected; tissue:Leaf; biomaterial provider:Xianmin Diao; cell line:not collected; cell type:not collected; collected by:not collected; collection date:not collected; culture collection:not collected; disease:not collected; disease stage:not collected; genotype:not collected; growth protocol:not collected; height or length:not collected; isolation source:not collected; lat lon:not collected; phenotype:not collected; population:not collected; sample type:not collected; sex:not collected; specimen voucher:not collected; temp:not collected; treatment:not collected
PRJNA847741	SRR19629840	SAMN13926000	NA	leaf	seedling stage	NA	BC360	NA	isolate:360; cultivar:not collected; ecotype:not collected; age:not collected; dev stage:Seedling; geo loc name:not collected; tissue:Leaf; biomaterial provider:Xianmin Diao; cell line:not collected; cell type:not collected; collected by:not collected; collection date:not collected; culture collection:not collected; disease:not collected; disease stage:not collected; genotype:not collected; growth protocol:not collected; height or length:not collected; isolation source:not collected; lat lon:not collected; phenotype:not collected; population:not collected; sample type:not collected; sex:not collected; specimen voucher:not collected; temp:not collected; treatment:not collected
PRJNA847741	SRR19629841	SAMN13925990	NA	leaf	seedling stage	NA	BC350	NA	isolate:350; cultivar:not collected; ecotype:not collected; age:not collected; dev stage:Seedling; geo loc name:not collected; tissue:Leaf; biomaterial provider:Xianmin Diao; cell line:not collected; cell type:not collected; collected by:not collected; collection date:not collected; culture collection:not collected; disease:not collected; disease stage:not collected; genotype:not collected; growth protocol:not collected; height or length:not collected; isolation source:not collected; lat lon:not collected; phenotype:not collected; population:not collected; sample type:not collected; sex:not collected; specimen voucher:not collected; temp:not collected; treatment:not collected
PRJNA847741	SRR19629842	SAMN13925972	NA	leaf	seedling stage	NA	BC332	NA	isolate:332; cultivar:not collected; ecotype:not collected; age:not collected; dev stage:Seedling; geo loc name:not collected; tissue:Leaf; biomaterial provider:Xianmin Diao; cell line:not collected; cell type:not collected; collected by:not collected; collection date:not collected; culture collection:not collected; disease:not collected; disease stage:not collected; genotype:not collected; growth protocol:not collected; height or length:not collected; isolation source:not collected; lat lon:not collected; phenotype:not collected; population:not collected; sample type:not collected; sex:not collected; specimen voucher:not collected; temp:not collected; treatment:not collected
PRJNA847741	SRR19629843	SAMN13925968	NA	leaf	seedling stage	NA	BC328	NA	isolate:328; cultivar:not collected; ecotype:not collected; age:not collected; dev stage:Seedling; geo loc name:not collected; tissue:Leaf; biomaterial provider:Xianmin Diao; cell line:not collected; cell type:not collected; collected by:not collected; collection date:not collected; culture collection:not collected; disease:not collected; disease stage:not collected; genotype:not collected; growth protocol:not collected; height or length:not collected; isolation source:not collected; lat lon:not collected; phenotype:not collected; population:not collected; sample type:not collected; sex:not collected; specimen voucher:not collected; temp:not collected; treatment:not collected
PRJNA847741	SRR19629844	SAMN13925955	NA	leaf	seedling stage	NA	BC315	NA	isolate:315; cultivar:not collected; ecotype:not collected; age:not collected; dev stage:Seedling; geo loc name:not collected; tissue:Leaf; biomaterial provider:Xianmin Diao; cell line:not collected; cell type:not collected; collected by:not collected; collection date:not collected; culture collection:not collected; disease:not collected; disease stage:not collected; genotype:not collected; growth protocol:not collected; height or length:not collected; isolation source:not collected; lat lon:not collected; phenotype:not collected; population:not collected; sample type:not collected; sex:not collected; specimen voucher:not collected; temp:not collected; treatment:not collected
PRJNA847741	SRR19629845	SAMN13926138	NA	leaf	seedling stage	NA	BC498	NA	isolate:498; cultivar:not collected; ecotype:not collected; age:not collected; dev stage:Seedling; geo loc name:not collected; tissue:Leaf; biomaterial provider:Xianmin Diao; cell line:not collected; cell type:not collected; collected by:not collected; collection date:not collected; culture collection:not collected; disease:not collected; disease stage:not collected; genotype:not collected; growth protocol:not collected; height or length:not collected; isolation source:not collected; lat lon:not collected; phenotype:not collected; population:not collected; sample type:not collected; sex:not collected; specimen voucher:not collected; temp:not collected; treatment:not collected
PRJNA847741	SRR19629846	SAMN13926134	NA	leaf	seedling stage	NA	BC494	NA	isolate:494; cultivar:not collected; ecotype:not collected; age:not collected; dev stage:Seedling; geo loc name:not collected; tissue:Leaf; biomaterial provider:Xianmin Diao; cell line:not collected; cell type:not collected; collected by:not collected; collection date:not collected; culture collection:not collected; disease:not collected; disease stage:not collected; genotype:not collected; growth protocol:not collected; height or length:not collected; isolation source:not collected; lat lon:not collected; phenotype:not collected; population:not collected; sample type:not collected; sex:not collected; specimen voucher:not collected; temp:not collected; treatment:not collected
PRJNA847741	SRR19629847	SAMN13925688	NA	leaf	seedling stage	NA	BC48	NA	isolate:48; cultivar:not collected; ecotype:not collected; age:not collected; dev stage:Seedling; geo loc name:not collected; tissue:Leaf; biomaterial provider:Xianmin Diao; cell line:not collected; cell type:not collected; collected by:not collected; collection date:not collected; culture collection:not collected; disease:not collected; disease stage:not collected; genotype:not collected; growth protocol:not collected; height or length:not collected; isolation source:not collected; lat lon:not collected; phenotype:not collected; population:not collected; sample type:not collected; sex:not collected; specimen voucher:not collected; temp:not collected; treatment:not collected
PRJNA847741	SRR19629848	SAMN13926117	NA	leaf	seedling stage	NA	BC477	NA	isolate:477; cultivar:not collected; ecotype:not collected; age:not collected; dev stage:Seedling; geo loc name:not collected; tissue:Leaf; biomaterial provider:Xianmin Diao; cell line:not collected; cell type:not collected; collected by:not collected; collection date:not collected; culture collection:not collected; disease:not collected; disease stage:not collected; genotype:not collected; growth protocol:not collected; height or length:not collected; isolation source:not collected; lat lon:not collected; phenotype:not collected; population:not collected; sample type:not collected; sex:not collected; specimen voucher:not collected; temp:not collected; treatment:not collected
PRJNA847741	SRR19629849	SAMN13926115	NA	leaf	seedling stage	NA	BC475	NA	isolate:475; cultivar:not collected; ecotype:not collected; age:not collected; dev stage:Seedling; geo loc name:not collected; tissue:Leaf; biomaterial provider:Xianmin Diao; cell line:not collected; cell type:not collected; collected by:not collected; collection date:not collected; culture collection:not collected; disease:not collected; disease stage:not collected; genotype:not collected; growth protocol:not collected; height or length:not collected; isolation source:not collected; lat lon:not collected; phenotype:not collected; population:not collected; sample type:not collected; sex:not collected; specimen voucher:not collected; temp:not collected; treatment:not collected
PRJNA847741	SRR19629850	SAMN13926074	NA	leaf	seedling stage	NA	BC434	NA	isolate:434; cultivar:not collected; ecotype:not collected; age:not collected; dev stage:Seedling; geo loc name:not collected; tissue:Leaf; biomaterial provider:Xianmin Diao; cell line:not collected; cell type:not collected; collected by:not collected; collection date:not collected; culture collection:not collected; disease:not collected; disease stage:not collected; genotype:not collected; growth protocol:not collected; height or length:not collected; isolation source:not collected; lat lon:not collected; phenotype:not collected; population:not collected; sample type:not collected; sex:not collected; specimen voucher:not collected; temp:not collected; treatment:not collected
PRJNA847741	SRR19629851	SAMN13926066	NA	leaf	seedling stage	NA	BC426	NA	isolate:426; cultivar:not collected; ecotype:not collected; age:not collected; dev stage:Seedling; geo loc name:not collected; tissue:Leaf; biomaterial provider:Xianmin Diao; cell line:not collected; cell type:not collected; collected by:not collected; collection date:not collected; culture collection:not collected; disease:not collected; disease stage:not collected; genotype:not collected; growth protocol:not collected; height or length:not collected; isolation source:not collected; lat lon:not collected; phenotype:not collected; population:not collected; sample type:not collected; sex:not collected; specimen voucher:not collected; temp:not collected; treatment:not collected
PRJNA847741	SRR19629852	SAMN13926058	NA	leaf	seedling stage	NA	BC418	NA	isolate:418; cultivar:not collected; ecotype:not collected; age:not collected; dev stage:Seedling; geo loc name:not collected; tissue:Leaf; biomaterial provider:Xianmin Diao; cell line:not collected; cell type:not collected; collected by:not collected; collection date:not collected; culture collection:not collected; disease:not collected; disease stage:not collected; genotype:not collected; growth protocol:not collected; height or length:not collected; isolation source:not collected; lat lon:not collected; phenotype:not collected; population:not collected; sample type:not collected; sex:not collected; specimen voucher:not collected; temp:not collected; treatment:not collected
PRJNA847741	SRR19629853	SAMN13925951	NA	leaf	seedling stage	NA	BC311	NA	isolate:311; cultivar:not collected; ecotype:not collected; age:not collected; dev stage:Seedling; geo loc name:not collected; tissue:Leaf; biomaterial provider:Xianmin Diao; cell line:not collected; cell type:not collected; collected by:not collected; collection date:not collected; culture collection:not collected; disease:not collected; disease stage:not collected; genotype:not collected; growth protocol:not collected; height or length:not collected; isolation source:not collected; lat lon:not collected; phenotype:not collected; population:not collected; sample type:not collected; sex:not collected; specimen voucher:not collected; temp:not collected; treatment:not collected
PRJNA847741	SRR19629854	SAMN13926047	NA	leaf	seedling stage	NA	BC407	NA	isolate:407; cultivar:not collected; ecotype:not collected; age:not collected; dev stage:Seedling; geo loc name:not collected; tissue:Leaf; biomaterial provider:Xianmin Diao; cell line:not collected; cell type:not collected; collected by:not collected; collection date:not collected; culture collection:not collected; disease:not collected; disease stage:not collected; genotype:not collected; growth protocol:not collected; height or length:not collected; isolation source:not collected; lat lon:not collected; phenotype:not collected; population:not collected; sample type:not collected; sex:not collected; specimen voucher:not collected; temp:not collected; treatment:not collected
PRJNA847741	SRR19629855	SAMN13926044	NA	leaf	seedling stage	NA	BC404	NA	isolate:404; cultivar:not collected; ecotype:not collected; age:not collected; dev stage:Seedling; geo loc name:not collected; tissue:Leaf; biomaterial provider:Xianmin Diao; cell line:not collected; cell type:not collected; collected by:not collected; collection date:not collected; culture collection:not collected; disease:not collected; disease stage:not collected; genotype:not collected; growth protocol:not collected; height or length:not collected; isolation source:not collected; lat lon:not collected; phenotype:not collected; population:not collected; sample type:not collected; sex:not collected; specimen voucher:not collected; temp:not collected; treatment:not collected
PRJNA847741	SRR19629856	SAMN13925680	NA	leaf	seedling stage	NA	BC40	NA	isolate:40; cultivar:not collected; ecotype:not collected; age:not collected; dev stage:Seedling; geo loc name:not collected; tissue:Leaf; biomaterial provider:Xianmin Diao; cell line:not collected; cell type:not collected; collected by:not collected; collection date:not collected; culture collection:not collected; disease:not collected; disease stage:not collected; genotype:not collected; growth protocol:not collected; height or length:not collected; isolation source:not collected; lat lon:not collected; phenotype:not collected; population:not collected; sample type:not collected; sex:not collected; specimen voucher:not collected; temp:not collected; treatment:not collected
PRJNA847741	SRR19629857	SAMN13926038	NA	leaf	seedling stage	NA	BC398	NA	isolate:398; cultivar:not collected; ecotype:not collected; age:not collected; dev stage:Seedling; geo loc name:not collected; tissue:Leaf; biomaterial provider:Xianmin Diao; cell line:not collected; cell type:not collected; collected by:not collected; collection date:not collected; culture collection:not collected; disease:not collected; disease stage:not collected; genotype:not collected; growth protocol:not collected; height or length:not collected; isolation source:not collected; lat lon:not collected; phenotype:not collected; population:not collected; sample type:not collected; sex:not collected; specimen voucher:not collected; temp:not collected; treatment:not collected
PRJNA847741	SRR19629858	SAMN13926022	NA	leaf	seedling stage	NA	BC382	NA	isolate:382; cultivar:not collected; ecotype:not collected; age:not collected; dev stage:Seedling; geo loc name:not collected; tissue:Leaf; biomaterial provider:Xianmin Diao; cell line:not collected; cell type:not collected; collected by:not collected; collection date:not collected; culture collection:not collected; disease:not collected; disease stage:not collected; genotype:not collected; growth protocol:not collected; height or length:not collected; isolation source:not collected; lat lon:not collected; phenotype:not collected; population:not collected; sample type:not collected; sex:not collected; specimen voucher:not collected; temp:not collected; treatment:not collected
PRJNA847741	SRR19629859	SAMN13926002	NA	leaf	seedling stage	NA	BC362	NA	isolate:362; cultivar:not collected; ecotype:not collected; age:not collected; dev stage:Seedling; geo loc name:not collected; tissue:Leaf; biomaterial provider:Xianmin Diao; cell line:not collected; cell type:not collected; collected by:not collected; collection date:not collected; culture collection:not collected; disease:not collected; disease stage:not collected; genotype:not collected; growth protocol:not collected; height or length:not collected; isolation source:not collected; lat lon:not collected; phenotype:not collected; population:not collected; sample type:not collected; sex:not collected; specimen voucher:not collected; temp:not collected; treatment:not collected
PRJNA847741	SRR19629860	SAMN13926000	NA	leaf	seedling stage	NA	BC360	NA	isolate:360; cultivar:not collected; ecotype:not collected; age:not collected; dev stage:Seedling; geo loc name:not collected; tissue:Leaf; biomaterial provider:Xianmin Diao; cell line:not collected; cell type:not collected; collected by:not collected; collection date:not collected; culture collection:not collected; disease:not collected; disease stage:not collected; genotype:not collected; growth protocol:not collected; height or length:not collected; isolation source:not collected; lat lon:not collected; phenotype:not collected; population:not collected; sample type:not collected; sex:not collected; specimen voucher:not collected; temp:not collected; treatment:not collected
PRJNA847741	SRR19629861	SAMN13925990	NA	leaf	seedling stage	NA	BC350	NA	isolate:350; cultivar:not collected; ecotype:not collected; age:not collected; dev stage:Seedling; geo loc name:not collected; tissue:Leaf; biomaterial provider:Xianmin Diao; cell line:not collected; cell type:not collected; collected by:not collected; collection date:not collected; culture collection:not collected; disease:not collected; disease stage:not collected; genotype:not collected; growth protocol:not collected; height or length:not collected; isolation source:not collected; lat lon:not collected; phenotype:not collected; population:not collected; sample type:not collected; sex:not collected; specimen voucher:not collected; temp:not collected; treatment:not collected
PRJNA847741	SRR19629862	SAMN13925972	NA	leaf	seedling stage	NA	BC332	NA	isolate:332; cultivar:not collected; ecotype:not collected; age:not collected; dev stage:Seedling; geo loc name:not collected; tissue:Leaf; biomaterial provider:Xianmin Diao; cell line:not collected; cell type:not collected; collected by:not collected; collection date:not collected; culture collection:not collected; disease:not collected; disease stage:not collected; genotype:not collected; growth protocol:not collected; height or length:not collected; isolation source:not collected; lat lon:not collected; phenotype:not collected; population:not collected; sample type:not collected; sex:not collected; specimen voucher:not collected; temp:not collected; treatment:not collected
PRJNA847741	SRR19629863	SAMN13925968	NA	leaf	seedling stage	NA	BC328	NA	isolate:328; cultivar:not collected; ecotype:not collected; age:not collected; dev stage:Seedling; geo loc name:not collected; tissue:Leaf; biomaterial provider:Xianmin Diao; cell line:not collected; cell type:not collected; collected by:not collected; collection date:not collected; culture collection:not collected; disease:not collected; disease stage:not collected; genotype:not collected; growth protocol:not collected; height or length:not collected; isolation source:not collected; lat lon:not collected; phenotype:not collected; population:not collected; sample type:not collected; sex:not collected; specimen voucher:not collected; temp:not collected; treatment:not collected
PRJNA847741	SRR19629864	SAMN13925950	NA	leaf	seedling stage	NA	BC310	NA	isolate:310; cultivar:not collected; ecotype:not collected; age:not collected; dev stage:Seedling; geo loc name:not collected; tissue:Leaf; biomaterial provider:Xianmin Diao; cell line:not collected; cell type:not collected; collected by:not collected; collection date:not collected; culture collection:not collected; disease:not collected; disease stage:not collected; genotype:not collected; growth protocol:not collected; height or length:not collected; isolation source:not collected; lat lon:not collected; phenotype:not collected; population:not collected; sample type:not collected; sex:not collected; specimen voucher:not collected; temp:not collected; treatment:not collected
PRJNA847741	SRR19629865	SAMN13925955	NA	leaf	seedling stage	NA	BC315	NA	isolate:315; cultivar:not collected; ecotype:not collected; age:not collected; dev stage:Seedling; geo loc name:not collected; tissue:Leaf; biomaterial provider:Xianmin Diao; cell line:not collected; cell type:not collected; collected by:not collected; collection date:not collected; culture collection:not collected; disease:not collected; disease stage:not collected; genotype:not collected; growth protocol:not collected; height or length:not collected; isolation source:not collected; lat lon:not collected; phenotype:not collected; population:not collected; sample type:not collected; sex:not collected; specimen voucher:not collected; temp:not collected; treatment:not collected
PRJNA847741	SRR19629866	SAMN13925951	NA	leaf	seedling stage	NA	BC311	NA	isolate:311; cultivar:not collected; ecotype:not collected; age:not collected; dev stage:Seedling; geo loc name:not collected; tissue:Leaf; biomaterial provider:Xianmin Diao; cell line:not collected; cell type:not collected; collected by:not collected; collection date:not collected; culture collection:not collected; disease:not collected; disease stage:not collected; genotype:not collected; growth protocol:not collected; height or length:not collected; isolation source:not collected; lat lon:not collected; phenotype:not collected; population:not collected; sample type:not collected; sex:not collected; specimen voucher:not collected; temp:not collected; treatment:not collected
PRJNA847741	SRR19629867	SAMN13925950	NA	leaf	seedling stage	NA	BC310	NA	isolate:310; cultivar:not collected; ecotype:not collected; age:not collected; dev stage:Seedling; geo loc name:not collected; tissue:Leaf; biomaterial provider:Xianmin Diao; cell line:not collected; cell type:not collected; collected by:not collected; collection date:not collected; culture collection:not collected; disease:not collected; disease stage:not collected; genotype:not collected; growth protocol:not collected; height or length:not collected; isolation source:not collected; lat lon:not collected; phenotype:not collected; population:not collected; sample type:not collected; sex:not collected; specimen voucher:not collected; temp:not collected; treatment:not collected
PRJNA847741	SRR19629868	SAMN13925932	NA	leaf	seedling stage	NA	BC292	NA	isolate:292; cultivar:not collected; ecotype:not collected; age:not collected; dev stage:Seedling; geo loc name:not collected; tissue:Leaf; biomaterial provider:Xianmin Diao; cell line:not collected; cell type:not collected; collected by:not collected; collection date:not collected; culture collection:not collected; disease:not collected; disease stage:not collected; genotype:not collected; growth protocol:not collected; height or length:not collected; isolation source:not collected; lat lon:not collected; phenotype:not collected; population:not collected; sample type:not collected; sex:not collected; specimen voucher:not collected; temp:not collected; treatment:not collected
PRJNA847741	SRR19629869	SAMN13925667	NA	leaf	seedling stage	NA	BC27	NA	isolate:27; cultivar:not collected; ecotype:not collected; age:not collected; dev stage:Seedling; geo loc name:not collected; tissue:Leaf; biomaterial provider:Xianmin Diao; cell line:not collected; cell type:not collected; collected by:not collected; collection date:not collected; culture collection:not collected; disease:not collected; disease stage:not collected; genotype:not collected; growth protocol:not collected; height or length:not collected; isolation source:not collected; lat lon:not collected; phenotype:not collected; population:not collected; sample type:not collected; sex:not collected; specimen voucher:not collected; temp:not collected; treatment:not collected
PRJNA847741	SRR19629870	SAMN13925904	NA	leaf	seedling stage	NA	BC264	NA	isolate:264; cultivar:not collected; ecotype:not collected; age:not collected; dev stage:Seedling; geo loc name:not collected; tissue:Leaf; biomaterial provider:Xianmin Diao; cell line:not collected; cell type:not collected; collected by:not collected; collection date:not collected; culture collection:not collected; disease:not collected; disease stage:not collected; genotype:not collected; growth protocol:not collected; height or length:not collected; isolation source:not collected; lat lon:not collected; phenotype:not collected; population:not collected; sample type:not collected; sex:not collected; specimen voucher:not collected; temp:not collected; treatment:not collected
PRJNA847741	SRR19629871	SAMN13925884	NA	leaf	seedling stage	NA	BC244	NA	isolate:244; cultivar:not collected; ecotype:not collected; age:not collected; dev stage:Seedling; geo loc name:not collected; tissue:Leaf; biomaterial provider:Xianmin Diao; cell line:not collected; cell type:not collected; collected by:not collected; collection date:not collected; culture collection:not collected; disease:not collected; disease stage:not collected; genotype:not collected; growth protocol:not collected; height or length:not collected; isolation source:not collected; lat lon:not collected; phenotype:not collected; population:not collected; sample type:not collected; sex:not collected; specimen voucher:not collected; temp:not collected; treatment:not collected
PRJNA847741	SRR19629872	SAMN13925875	NA	leaf	seedling stage	NA	BC235	NA	isolate:235; cultivar:not collected; ecotype:not collected; age:not collected; dev stage:Seedling; geo loc name:not collected; tissue:Leaf; biomaterial provider:Xianmin Diao; cell line:not collected; cell type:not collected; collected by:not collected; collection date:not collected; culture collection:not collected; disease:not collected; disease stage:not collected; genotype:not collected; growth protocol:not collected; height or length:not collected; isolation source:not collected; lat lon:not collected; phenotype:not collected; population:not collected; sample type:not collected; sex:not collected; specimen voucher:not collected; temp:not collected; treatment:not collected
PRJNA847741	SRR19629873	SAMN13925857	NA	leaf	seedling stage	NA	BC217	NA	isolate:217; cultivar:not collected; ecotype:not collected; age:not collected; dev stage:Seedling; geo loc name:not collected; tissue:Leaf; biomaterial provider:Xianmin Diao; cell line:not collected; cell type:not collected; collected by:not collected; collection date:not collected; culture collection:not collected; disease:not collected; disease stage:not collected; genotype:not collected; growth protocol:not collected; height or length:not collected; isolation source:not collected; lat lon:not collected; phenotype:not collected; population:not collected; sample type:not collected; sex:not collected; specimen voucher:not collected; temp:not collected; treatment:not collected
PRJNA847741	SRR19629874	SAMN13925844	NA	leaf	seedling stage	NA	BC204	NA	isolate:204; cultivar:not collected; ecotype:not collected; age:not collected; dev stage:Seedling; geo loc name:not collected; tissue:Leaf; biomaterial provider:Xianmin Diao; cell line:not collected; cell type:not collected; collected by:not collected; collection date:not collected; culture collection:not collected; disease:not collected; disease stage:not collected; genotype:not collected; growth protocol:not collected; height or length:not collected; isolation source:not collected; lat lon:not collected; phenotype:not collected; population:not collected; sample type:not collected; sex:not collected; specimen voucher:not collected; temp:not collected; treatment:not collected
PRJNA847741	SRR19629875	SAMN13925932	NA	leaf	seedling stage	NA	BC292	NA	isolate:292; cultivar:not collected; ecotype:not collected; age:not collected; dev stage:Seedling; geo loc name:not collected; tissue:Leaf; biomaterial provider:Xianmin Diao; cell line:not collected; cell type:not collected; collected by:not collected; collection date:not collected; culture collection:not collected; disease:not collected; disease stage:not collected; genotype:not collected; growth protocol:not collected; height or length:not collected; isolation source:not collected; lat lon:not collected; phenotype:not collected; population:not collected; sample type:not collected; sex:not collected; specimen voucher:not collected; temp:not collected; treatment:not collected
PRJNA847741	SRR19629876	SAMN13925776	NA	leaf	seedling stage	NA	BC136	NA	isolate:136; cultivar:not collected; ecotype:not collected; age:not collected; dev stage:Seedling; geo loc name:not collected; tissue:Leaf; biomaterial provider:Xianmin Diao; cell line:not collected; cell type:not collected; collected by:not collected; collection date:not collected; culture collection:not collected; disease:not collected; disease stage:not collected; genotype:not collected; growth protocol:not collected; height or length:not collected; isolation source:not collected; lat lon:not collected; phenotype:not collected; population:not collected; sample type:not collected; sex:not collected; specimen voucher:not collected; temp:not collected; treatment:not collected
PRJNA847741	SRR19629877	SAMN13925740	NA	leaf	seedling stage	NA	BC100	NA	isolate:100; cultivar:not collected; ecotype:not collected; age:not collected; dev stage:Seedling; geo loc name:not collected; tissue:Leaf; biomaterial provider:Xianmin Diao; cell line:not collected; cell type:not collected; collected by:not collected; collection date:not collected; culture collection:not collected; disease:not collected; disease stage:not collected; genotype:not collected; growth protocol:not collected; height or length:not collected; isolation source:not collected; lat lon:not collected; phenotype:not collected; population:not collected; sample type:not collected; sex:not collected; specimen voucher:not collected; temp:not collected; treatment:not collected
PRJNA429322	SRR20315264	SAMN08335224	NA	seedling	14 days	Longmi4	Longmi4	NA	cultivar:Longmi4; dev stage:14 day seedlings; geo loc name:China: Beijing; tissue:seedling
PRJNA429322	SRR20315265	SAMN08335224	NA	seedling	14 days	Longmi4	Longmi4	NA	cultivar:Longmi4; dev stage:14 day seedlings; geo loc name:China: Beijing; tissue:seedling
PRJNA429322	SRR20315266	SAMN08335224	NA	seedling	14 days	Longmi4	Longmi4	NA	cultivar:Longmi4; dev stage:14 day seedlings; geo loc name:China: Beijing; tissue:seedling
PRJNA872304	SRR21185362	SAMN30451036	NA	leaf	NA	NA	jinshu7_genome	NA	isolate:jinshu7; age:not collected; dev stage:not collected; geo loc name:China: Beijing; tissue:leaf
PRJNA872304	SRR21185363	SAMN30451036	NA	leaf	NA	NA	jinshu7_genome	NA	isolate:jinshu7; age:not collected; dev stage:not collected; geo loc name:China: Beijing; tissue:leaf
PRJNA872304	SRR21185364	SAMN30451036	NA	leaf	NA	NA	jinshu7_genome	NA	isolate:jinshu7; age:not collected; dev stage:not collected; geo loc name:China: Beijing; tissue:leaf
PRJNA872304	SRR21185365	SAMN30451036	NA	leaf	NA	NA	jinshu7_genome	NA	isolate:jinshu7; age:not collected; dev stage:not collected; geo loc name:China: Beijing; tissue:leaf
PRJNA872304	SRR21185366	SAMN30451036	NA	leaf	NA	NA	jinshu7_genome	NA	isolate:jinshu7; age:not collected; dev stage:not collected; geo loc name:China: Beijing; tissue:leaf
PRJNA872304	SRR21185370	SAMN30451036	NA	leaf	NA	NA	jinshu7_genome	NA	isolate:jinshu7; age:not collected; dev stage:not collected; geo loc name:China: Beijing; tissue:leaf
PRJNA872304	SRR21185371	SAMN30451036	NA	leaf	NA	NA	jinshu7_genome	NA	isolate:jinshu7; age:not collected; dev stage:not collected; geo loc name:China: Beijing; tissue:leaf
PRJNA872304	SRR21185372	SAMN30451036	NA	leaf	NA	NA	jinshu7_genome	NA	isolate:jinshu7; age:not collected; dev stage:not collected; geo loc name:China: Beijing; tissue:leaf
PRJNA872304	SRR21185373	SAMN30451036	NA	leaf	NA	NA	jinshu7_genome	NA	isolate:jinshu7; age:not collected; dev stage:not collected; geo loc name:China: Beijing; tissue:leaf
PRJNA872304	SRR21185374	SAMN30451036	NA	leaf	NA	NA	jinshu7_genome	NA	isolate:jinshu7; age:not collected; dev stage:not collected; geo loc name:China: Beijing; tissue:leaf
PRJNA293602	SRR2179899	SAMN04008866	NA	leaf	NA	NA	E1-3	NA	geo loc name:China: Ningxia; tissue:Leaves; age:three leaves stage; development stage:seedling stage; cultivar:cultivar; ecotype:salt-tolerance variety; isolate:0h under stress
PRJNA293602	SRR2179900	SAMN04008867	NA	leaf	NA	NA	E4-6	NA	geo loc name:China: Ningxia; tissue:Leaves; age:three leaves stage; development stage:seedling stage; cultivar:cultivar; ecotype:salt-tolerance variety; isolate:12h under stress
PRJNA293602	SRR2179901	SAMN04008868	NA	leaf	NA	NA	E7-9	NA	geo loc name:China: Ningxia; tissue:Leaves; age:three leaves stage; development stage:seedling stage; cultivar:cultivar; ecotype:salt-tolerance variety; isolate:24h under stress
PRJNA293602	SRR2179902	SAMN04008869	NA	leaf	NA	NA	E10-12	NA	geo loc name:China: Ningxia; tissue:Leaves; age:three leaves stage; development stage:seedling stage; cultivar:cultivar; ecotype:salt-tolerance variety; isolate:36h under stress
PRJNA293602	SRR2179903	SAMN04008870	NA	leaf	NA	NA	E13-15	NA	geo loc name:China: Yichuan  Shaanxi; tissue:Leaves; age:three leaves stage; development stage:seedling stage; cultivar:cultivar; ecotype:salt-sensitive variety; isolate:0h under stress
PRJNA293602	SRR2179904	SAMN04008871	NA	leaf	NA	NA	E16-18	NA	geo loc name:China: Yichuan  Shaanxi; tissue:Leaves; age:three leaves stage; development stage:seedling stage; cultivar:cultivar; ecotype:salt-sensitive variety; isolate:12h under stress
PRJNA293602	SRR2179905	SAMN04008872	NA	leaf	NA	NA	E19-21	NA	geo loc name:China: Yichuan  Shaanxi; tissue:Leaves; age:three leaves stage; development stage:seedling stage; cultivar:cultivar; ecotype:salt-sensitive variety; isolate:24h under stress
PRJNA293602	SRR2179906	SAMN04008873	NA	leaf	NA	NA	E22-24	NA	geo loc name:China: Yichuan  Shaanxi; tissue:Leaves; age:three leaves stage; development stage:seedling stage; cultivar:cultivar; ecotype:salt-sensitive variety; isolate:36h under stress
PRJNA293257	SRR2179907	SAMN04000108	NA	leaf	NA	NA	Laomizi	NA	geo loc name:China: Yichuan  Shaanxi; tissue:Leaves; age:three leaves stage; development stage:seedling stage; cultivar:cultivar; ecotype:salt-sensitive variety; isolate:e; not collected
PRJNA293257	SRR2179908	SAMN04000109	NA	leaf	NA	NA	287	NA	geo loc name:China: Ningxia; tissue:Leaves; age:three leaves stage; development stage:seedling stage; cultivar:cultivar; ecotype:salt-tolerance variety; isolate:e; not collected
PRJNA293631	SRR2179952	SAMN04008926	NA	leaf	NA	NA	T1-E1	NA	geo loc name:China: Zhenyuan  Gansu; tissue:Leaves; age:three leaves stage; development stage:seedling stage; cultivar:cultivar; ecotype:drought-sensitive variety 0h under PEG stress; isolate:e; not collected
PRJNA293631	SRR2179961	SAMN04008927	NA	leaf	NA	NA	T1-E2	NA	geo loc name:China: Zhenyuan  Gansu; tissue:Leaves; age:three leaves stage; development stage:seedling stage; cultivar:cultivar; ecotype:drought-sensitive variety 1h under PEG stress; isolate:e; not collected
PRJNA893337	SRR22060477	SAMN31418642	inoculation	leaf	ear sprouting period	Susceptible millet	S1-1	NA	cultivar:Susceptible millet; age:1; dev stage:ear sprouting period; geo loc name:China: Yangling; tissue:leaf; biomaterial provider:NWAFU; treatment:inoculation; replicate:Non - diseased Leaves of Susceptible Broomcorn Millet after Inoculation biological repeat 1
PRJNA893337	SRR22060478	SAMN31418641	control	leaf	ear sprouting period	Susceptible millet	S0-3	NA	cultivar:Susceptible millet; age:1; dev stage:ear sprouting period; geo loc name:China: Yangling; tissue:leaf; biomaterial provider:NWAFU; treatment:control; replicate:Disease-susceptible broomcorn millet control group biological repeat 3
PRJNA893337	SRR22060479	SAMN31418640	control	leaf	ear sprouting period	Susceptible millet	S0-2	NA	cultivar:Susceptible millet; age:1; dev stage:ear sprouting period; geo loc name:China: Yangling; tissue:leaf; biomaterial provider:NWAFU; treatment:control; replicate:Disease-susceptible broomcorn millet control group biological repeat 2
PRJNA893337	SRR22060480	SAMN31418639	control	leaf	ear sprouting period	Susceptible millet	S0-1	NA	cultivar:Susceptible millet; age:1; dev stage:ear sprouting period; geo loc name:China: Yangling; tissue:leaf; biomaterial provider:NWAFU; treatment:control; replicate:Disease-susceptible broomcorn millet control group biological repeat 1
PRJNA893337	SRR22060481	SAMN31418638	inoculation	leaf	ear sprouting period	Disease resistant	R1-3	NA	cultivar:Disease-resistant broomcorn millet; age:1; dev stage:ear sprouting period; geo loc name:China: Yangling; tissue:leaf; biomaterial provider:NWAFU; treatment:inoculation; replicate:Disease-resistant millet inoculation group biological repetition 3
PRJNA893337	SRR22060482	SAMN31418637	inoculation	leaf	ear sprouting period	Disease resistant	R1-2	NA	cultivar:Disease-resistant broomcorn millet; age:1; dev stage:ear sprouting period; geo loc name:China: Yangling; tissue:leaf; biomaterial provider:NWAFU; treatment:inoculation; replicate:Disease-resistant millet inoculation group biological repetition 2
PRJNA893337	SRR22060483	SAMN31418636	inoculation	leaf	ear sprouting period	Disease resistant	R1-1	NA	cultivar:Disease-resistant broomcorn millet; age:1; dev stage:ear sprouting period; geo loc name:China: Yangling; tissue:leaf; biomaterial provider:NWAFU; treatment:inoculation; replicate:Disease-resistant millet inoculation group biological repetition 1
PRJNA893337	SRR22060484	SAMN31418635	control	leaf	ear sprouting period	Disease resistant	R0-3	NA	cultivar:Disease-resistant broomcorn millet; age:1; dev stage:ear sprouting period; geo loc name:China: Yangling; tissue:leaf; biomaterial provider:NWAFU; treatment:control; replicate:Disease-resistant broomcorn millet control group Biological repeat 3
PRJNA893337	SRR22060485	SAMN31418650	inoculation	leaf	ear sprouting period	Susceptible millet	S3-3	NA	cultivar:Susceptible millet; age:1; dev stage:ear sprouting period; geo loc name:China: Yangling; tissue:leaf; biomaterial provider:NWAFU; treatment:inoculation; replicate:Normal Leaf of Susceptible broomcorn millet biological repetition 3
PRJNA893337	SRR22060486	SAMN31418649	inoculation	leaf	ear sprouting period	Susceptible millet	S3-2	NA	cultivar:Susceptible millet; age:1; dev stage:ear sprouting period; geo loc name:China: Yangling; tissue:leaf; biomaterial provider:NWAFU; treatment:inoculation; replicate:Normal Leaf of Susceptible broomcorn millet biological repetition 2
PRJNA893337	SRR22060487	SAMN31418648	inoculation	leaf	ear sprouting period	Susceptible millet	S3-1	NA	cultivar:Susceptible millet; age:1; dev stage:ear sprouting period; geo loc name:China: Yangling; tissue:leaf; biomaterial provider:NWAFU; treatment:inoculation; replicate:Normal Leaf of Susceptible broomcorn millet biological repetition 1
PRJNA893337	SRR22060488	SAMN31418647	inoculation	leaf	ear sprouting period	Susceptible millet	S2-3	NA	cultivar:Susceptible millet; age:1; dev stage:ear sprouting period; geo loc name:China: Yangling; tissue:leaf; biomaterial provider:NWAFU; treatment:inoculation; replicate:Top leaves of susceptible broomcorn millet biological repetition 3
PRJNA893337	SRR22060489	SAMN31418646	inoculation	leaf	ear sprouting period	Susceptible millet	S2-2	NA	cultivar:Susceptible millet; age:1; dev stage:ear sprouting period; geo loc name:China: Yangling; tissue:leaf; biomaterial provider:NWAFU; treatment:inoculation; replicate:Top leaves of susceptible broomcorn millet biological repetition 2
PRJNA893337	SRR22060490	SAMN31418645	inoculation	leaf	ear sprouting period	Susceptible millet	S2-1	NA	cultivar:Susceptible millet; age:1; dev stage:ear sprouting period; geo loc name:China: Yangling; tissue:leaf; biomaterial provider:NWAFU; treatment:inoculation; replicate:Top leaves of susceptible broomcorn millet biological repetition 1
PRJNA893337	SRR22060491	SAMN31418644	inoculation	leaf	ear sprouting period	Susceptible millet	S1-3	NA	cultivar:Susceptible millet; age:1; dev stage:ear sprouting period; geo loc name:China: Yangling; tissue:leaf; biomaterial provider:NWAFU; treatment:inoculation; replicate:Non - diseased Leaves of Susceptible Broomcorn Millet after Inoculation biological repeat 3
PRJNA893337	SRR22060492	SAMN31418643	inoculation	leaf	ear sprouting period	Susceptible millet	S1-2	NA	cultivar:Susceptible millet; age:1; dev stage:ear sprouting period; geo loc name:China: Yangling; tissue:leaf; biomaterial provider:NWAFU; treatment:inoculation; replicate:Non - diseased Leaves of Susceptible Broomcorn Millet after Inoculation biological repeat 2
PRJNA893337	SRR22060493	SAMN31418634	control	leaf	ear sprouting period	Disease resistant	R0-2	NA	cultivar:Disease-resistant broomcorn millet; age:1; dev stage:ear sprouting period; geo loc name:China: Yangling; tissue:leaf; biomaterial provider:NWAFU; treatment:control; replicate:Disease-resistant broomcorn millet control group Biological repeat 2
PRJNA893337	SRR22060494	SAMN31418633	control	leaf	ear sprouting period	Disease resistant	R0-1	NA	cultivar:Disease-resistant broomcorn millet; age:1; dev stage:ear sprouting period; geo loc name:China: Yangling; tissue:leaf; biomaterial provider:NWAFU; treatment:control; replicate:Disease-resistant broomcorn millet control group Biological repeat 1
PRJNA847741	SRR22903690	SAMN13926138	NA	leaf	seedling stage	NA	BC498	NA	isolate:498; cultivar:not collected; ecotype:not collected; age:not collected; dev stage:Seedling; geo loc name:not collected; tissue:Leaf; biomaterial provider:Xianmin Diao; cell line:not collected; cell type:not collected; collected by:not collected; collection date:not collected; culture collection:not collected; disease:not collected; disease stage:not collected; genotype:not collected; growth protocol:not collected; height or length:not collected; isolation source:not collected; lat lon:not collected; phenotype:not collected; population:not collected; sample type:not collected; sex:not collected; specimen voucher:not collected; temp:not collected; treatment:not collected
PRJNA847741	SRR22903691	SAMN13926134	NA	leaf	seedling stage	NA	BC494	NA	isolate:494; cultivar:not collected; ecotype:not collected; age:not collected; dev stage:Seedling; geo loc name:not collected; tissue:Leaf; biomaterial provider:Xianmin Diao; cell line:not collected; cell type:not collected; collected by:not collected; collection date:not collected; culture collection:not collected; disease:not collected; disease stage:not collected; genotype:not collected; growth protocol:not collected; height or length:not collected; isolation source:not collected; lat lon:not collected; phenotype:not collected; population:not collected; sample type:not collected; sex:not collected; specimen voucher:not collected; temp:not collected; treatment:not collected
PRJNA847741	SRR22903692	SAMN13926117	NA	leaf	seedling stage	NA	BC477	NA	isolate:477; cultivar:not collected; ecotype:not collected; age:not collected; dev stage:Seedling; geo loc name:not collected; tissue:Leaf; biomaterial provider:Xianmin Diao; cell line:not collected; cell type:not collected; collected by:not collected; collection date:not collected; culture collection:not collected; disease:not collected; disease stage:not collected; genotype:not collected; growth protocol:not collected; height or length:not collected; isolation source:not collected; lat lon:not collected; phenotype:not collected; population:not collected; sample type:not collected; sex:not collected; specimen voucher:not collected; temp:not collected; treatment:not collected
PRJNA847741	SRR22903693	SAMN13926115	NA	leaf	seedling stage	NA	BC475	NA	isolate:475; cultivar:not collected; ecotype:not collected; age:not collected; dev stage:Seedling; geo loc name:not collected; tissue:Leaf; biomaterial provider:Xianmin Diao; cell line:not collected; cell type:not collected; collected by:not collected; collection date:not collected; culture collection:not collected; disease:not collected; disease stage:not collected; genotype:not collected; growth protocol:not collected; height or length:not collected; isolation source:not collected; lat lon:not collected; phenotype:not collected; population:not collected; sample type:not collected; sex:not collected; specimen voucher:not collected; temp:not collected; treatment:not collected
PRJNA847741	SRR22903694	SAMN13926074	NA	leaf	seedling stage	NA	BC434	NA	isolate:434; cultivar:not collected; ecotype:not collected; age:not collected; dev stage:Seedling; geo loc name:not collected; tissue:Leaf; biomaterial provider:Xianmin Diao; cell line:not collected; cell type:not collected; collected by:not collected; collection date:not collected; culture collection:not collected; disease:not collected; disease stage:not collected; genotype:not collected; growth protocol:not collected; height or length:not collected; isolation source:not collected; lat lon:not collected; phenotype:not collected; population:not collected; sample type:not collected; sex:not collected; specimen voucher:not collected; temp:not collected; treatment:not collected
PRJNA847741	SRR22903695	SAMN13926066	NA	leaf	seedling stage	NA	BC426	NA	isolate:426; cultivar:not collected; ecotype:not collected; age:not collected; dev stage:Seedling; geo loc name:not collected; tissue:Leaf; biomaterial provider:Xianmin Diao; cell line:not collected; cell type:not collected; collected by:not collected; collection date:not collected; culture collection:not collected; disease:not collected; disease stage:not collected; genotype:not collected; growth protocol:not collected; height or length:not collected; isolation source:not collected; lat lon:not collected; phenotype:not collected; population:not collected; sample type:not collected; sex:not collected; specimen voucher:not collected; temp:not collected; treatment:not collected
PRJNA847741	SRR22903696	SAMN13925875	NA	leaf	seedling stage	NA	BC235	NA	isolate:235; cultivar:not collected; ecotype:not collected; age:not collected; dev stage:Seedling; geo loc name:not collected; tissue:Leaf; biomaterial provider:Xianmin Diao; cell line:not collected; cell type:not collected; collected by:not collected; collection date:not collected; culture collection:not collected; disease:not collected; disease stage:not collected; genotype:not collected; growth protocol:not collected; height or length:not collected; isolation source:not collected; lat lon:not collected; phenotype:not collected; population:not collected; sample type:not collected; sex:not collected; specimen voucher:not collected; temp:not collected; treatment:not collected
PRJNA847741	SRR22903697	SAMN13926058	NA	leaf	seedling stage	NA	BC418	NA	isolate:418; cultivar:not collected; ecotype:not collected; age:not collected; dev stage:Seedling; geo loc name:not collected; tissue:Leaf; biomaterial provider:Xianmin Diao; cell line:not collected; cell type:not collected; collected by:not collected; collection date:not collected; culture collection:not collected; disease:not collected; disease stage:not collected; genotype:not collected; growth protocol:not collected; height or length:not collected; isolation source:not collected; lat lon:not collected; phenotype:not collected; population:not collected; sample type:not collected; sex:not collected; specimen voucher:not collected; temp:not collected; treatment:not collected
PRJNA847741	SRR22903698	SAMN13926047	NA	leaf	seedling stage	NA	BC407	NA	isolate:407; cultivar:not collected; ecotype:not collected; age:not collected; dev stage:Seedling; geo loc name:not collected; tissue:Leaf; biomaterial provider:Xianmin Diao; cell line:not collected; cell type:not collected; collected by:not collected; collection date:not collected; culture collection:not collected; disease:not collected; disease stage:not collected; genotype:not collected; growth protocol:not collected; height or length:not collected; isolation source:not collected; lat lon:not collected; phenotype:not collected; population:not collected; sample type:not collected; sex:not collected; specimen voucher:not collected; temp:not collected; treatment:not collected
PRJNA847741	SRR22903699	SAMN13926044	NA	leaf	seedling stage	NA	BC404	NA	isolate:404; cultivar:not collected; ecotype:not collected; age:not collected; dev stage:Seedling; geo loc name:not collected; tissue:Leaf; biomaterial provider:Xianmin Diao; cell line:not collected; cell type:not collected; collected by:not collected; collection date:not collected; culture collection:not collected; disease:not collected; disease stage:not collected; genotype:not collected; growth protocol:not collected; height or length:not collected; isolation source:not collected; lat lon:not collected; phenotype:not collected; population:not collected; sample type:not collected; sex:not collected; specimen voucher:not collected; temp:not collected; treatment:not collected
PRJNA847741	SRR22903700	SAMN13926038	NA	leaf	seedling stage	NA	BC398	NA	isolate:398; cultivar:not collected; ecotype:not collected; age:not collected; dev stage:Seedling; geo loc name:not collected; tissue:Leaf; biomaterial provider:Xianmin Diao; cell line:not collected; cell type:not collected; collected by:not collected; collection date:not collected; culture collection:not collected; disease:not collected; disease stage:not collected; genotype:not collected; growth protocol:not collected; height or length:not collected; isolation source:not collected; lat lon:not collected; phenotype:not collected; population:not collected; sample type:not collected; sex:not collected; specimen voucher:not collected; temp:not collected; treatment:not collected
PRJNA847741	SRR22903701	SAMN13926022	NA	leaf	seedling stage	NA	BC382	NA	isolate:382; cultivar:not collected; ecotype:not collected; age:not collected; dev stage:Seedling; geo loc name:not collected; tissue:Leaf; biomaterial provider:Xianmin Diao; cell line:not collected; cell type:not collected; collected by:not collected; collection date:not collected; culture collection:not collected; disease:not collected; disease stage:not collected; genotype:not collected; growth protocol:not collected; height or length:not collected; isolation source:not collected; lat lon:not collected; phenotype:not collected; population:not collected; sample type:not collected; sex:not collected; specimen voucher:not collected; temp:not collected; treatment:not collected
PRJNA847741	SRR22903702	SAMN13926002	NA	leaf	seedling stage	NA	BC362	NA	isolate:362; cultivar:not collected; ecotype:not collected; age:not collected; dev stage:Seedling; geo loc name:not collected; tissue:Leaf; biomaterial provider:Xianmin Diao; cell line:not collected; cell type:not collected; collected by:not collected; collection date:not collected; culture collection:not collected; disease:not collected; disease stage:not collected; genotype:not collected; growth protocol:not collected; height or length:not collected; isolation source:not collected; lat lon:not collected; phenotype:not collected; population:not collected; sample type:not collected; sex:not collected; specimen voucher:not collected; temp:not collected; treatment:not collected
PRJNA847741	SRR22903703	SAMN13926000	NA	leaf	seedling stage	NA	BC360	NA	isolate:360; cultivar:not collected; ecotype:not collected; age:not collected; dev stage:Seedling; geo loc name:not collected; tissue:Leaf; biomaterial provider:Xianmin Diao; cell line:not collected; cell type:not collected; collected by:not collected; collection date:not collected; culture collection:not collected; disease:not collected; disease stage:not collected; genotype:not collected; growth protocol:not collected; height or length:not collected; isolation source:not collected; lat lon:not collected; phenotype:not collected; population:not collected; sample type:not collected; sex:not collected; specimen voucher:not collected; temp:not collected; treatment:not collected
PRJNA847741	SRR22903704	SAMN13925990	NA	leaf	seedling stage	NA	BC350	NA	isolate:350; cultivar:not collected; ecotype:not collected; age:not collected; dev stage:Seedling; geo loc name:not collected; tissue:Leaf; biomaterial provider:Xianmin Diao; cell line:not collected; cell type:not collected; collected by:not collected; collection date:not collected; culture collection:not collected; disease:not collected; disease stage:not collected; genotype:not collected; growth protocol:not collected; height or length:not collected; isolation source:not collected; lat lon:not collected; phenotype:not collected; population:not collected; sample type:not collected; sex:not collected; specimen voucher:not collected; temp:not collected; treatment:not collected
PRJNA847741	SRR22903705	SAMN13925972	NA	leaf	seedling stage	NA	BC332	NA	isolate:332; cultivar:not collected; ecotype:not collected; age:not collected; dev stage:Seedling; geo loc name:not collected; tissue:Leaf; biomaterial provider:Xianmin Diao; cell line:not collected; cell type:not collected; collected by:not collected; collection date:not collected; culture collection:not collected; disease:not collected; disease stage:not collected; genotype:not collected; growth protocol:not collected; height or length:not collected; isolation source:not collected; lat lon:not collected; phenotype:not collected; population:not collected; sample type:not collected; sex:not collected; specimen voucher:not collected; temp:not collected; treatment:not collected
PRJNA847741	SRR22903706	SAMN13925968	NA	leaf	seedling stage	NA	BC328	NA	isolate:328; cultivar:not collected; ecotype:not collected; age:not collected; dev stage:Seedling; geo loc name:not collected; tissue:Leaf; biomaterial provider:Xianmin Diao; cell line:not collected; cell type:not collected; collected by:not collected; collection date:not collected; culture collection:not collected; disease:not collected; disease stage:not collected; genotype:not collected; growth protocol:not collected; height or length:not collected; isolation source:not collected; lat lon:not collected; phenotype:not collected; population:not collected; sample type:not collected; sex:not collected; specimen voucher:not collected; temp:not collected; treatment:not collected
PRJNA847741	SRR22903707	SAMN13925857	NA	leaf	seedling stage	NA	BC217	NA	isolate:217; cultivar:not collected; ecotype:not collected; age:not collected; dev stage:Seedling; geo loc name:not collected; tissue:Leaf; biomaterial provider:Xianmin Diao; cell line:not collected; cell type:not collected; collected by:not collected; collection date:not collected; culture collection:not collected; disease:not collected; disease stage:not collected; genotype:not collected; growth protocol:not collected; height or length:not collected; isolation source:not collected; lat lon:not collected; phenotype:not collected; population:not collected; sample type:not collected; sex:not collected; specimen voucher:not collected; temp:not collected; treatment:not collected
PRJNA847741	SRR22903708	SAMN13925955	NA	leaf	seedling stage	NA	BC315	NA	isolate:315; cultivar:not collected; ecotype:not collected; age:not collected; dev stage:Seedling; geo loc name:not collected; tissue:Leaf; biomaterial provider:Xianmin Diao; cell line:not collected; cell type:not collected; collected by:not collected; collection date:not collected; culture collection:not collected; disease:not collected; disease stage:not collected; genotype:not collected; growth protocol:not collected; height or length:not collected; isolation source:not collected; lat lon:not collected; phenotype:not collected; population:not collected; sample type:not collected; sex:not collected; specimen voucher:not collected; temp:not collected; treatment:not collected
PRJNA847741	SRR22903709	SAMN13925951	NA	leaf	seedling stage	NA	BC311	NA	isolate:311; cultivar:not collected; ecotype:not collected; age:not collected; dev stage:Seedling; geo loc name:not collected; tissue:Leaf; biomaterial provider:Xianmin Diao; cell line:not collected; cell type:not collected; collected by:not collected; collection date:not collected; culture collection:not collected; disease:not collected; disease stage:not collected; genotype:not collected; growth protocol:not collected; height or length:not collected; isolation source:not collected; lat lon:not collected; phenotype:not collected; population:not collected; sample type:not collected; sex:not collected; specimen voucher:not collected; temp:not collected; treatment:not collected
PRJNA847741	SRR22903710	SAMN13925950	NA	leaf	seedling stage	NA	BC310	NA	isolate:310; cultivar:not collected; ecotype:not collected; age:not collected; dev stage:Seedling; geo loc name:not collected; tissue:Leaf; biomaterial provider:Xianmin Diao; cell line:not collected; cell type:not collected; collected by:not collected; collection date:not collected; culture collection:not collected; disease:not collected; disease stage:not collected; genotype:not collected; growth protocol:not collected; height or length:not collected; isolation source:not collected; lat lon:not collected; phenotype:not collected; population:not collected; sample type:not collected; sex:not collected; specimen voucher:not collected; temp:not collected; treatment:not collected
PRJNA847741	SRR22903711	SAMN13925932	NA	leaf	seedling stage	NA	BC292	NA	isolate:292; cultivar:not collected; ecotype:not collected; age:not collected; dev stage:Seedling; geo loc name:not collected; tissue:Leaf; biomaterial provider:Xianmin Diao; cell line:not collected; cell type:not collected; collected by:not collected; collection date:not collected; culture collection:not collected; disease:not collected; disease stage:not collected; genotype:not collected; growth protocol:not collected; height or length:not collected; isolation source:not collected; lat lon:not collected; phenotype:not collected; population:not collected; sample type:not collected; sex:not collected; specimen voucher:not collected; temp:not collected; treatment:not collected
PRJNA847741	SRR22903712	SAMN13925904	NA	leaf	seedling stage	NA	BC264	NA	isolate:264; cultivar:not collected; ecotype:not collected; age:not collected; dev stage:Seedling; geo loc name:not collected; tissue:Leaf; biomaterial provider:Xianmin Diao; cell line:not collected; cell type:not collected; collected by:not collected; collection date:not collected; culture collection:not collected; disease:not collected; disease stage:not collected; genotype:not collected; growth protocol:not collected; height or length:not collected; isolation source:not collected; lat lon:not collected; phenotype:not collected; population:not collected; sample type:not collected; sex:not collected; specimen voucher:not collected; temp:not collected; treatment:not collected
PRJNA847741	SRR22903713	SAMN13925884	NA	leaf	seedling stage	NA	BC244	NA	isolate:244; cultivar:not collected; ecotype:not collected; age:not collected; dev stage:Seedling; geo loc name:not collected; tissue:Leaf; biomaterial provider:Xianmin Diao; cell line:not collected; cell type:not collected; collected by:not collected; collection date:not collected; culture collection:not collected; disease:not collected; disease stage:not collected; genotype:not collected; growth protocol:not collected; height or length:not collected; isolation source:not collected; lat lon:not collected; phenotype:not collected; population:not collected; sample type:not collected; sex:not collected; specimen voucher:not collected; temp:not collected; treatment:not collected
PRJNA847741	SRR22903714	SAMN13925875	NA	leaf	seedling stage	NA	BC235	NA	isolate:235; cultivar:not collected; ecotype:not collected; age:not collected; dev stage:Seedling; geo loc name:not collected; tissue:Leaf; biomaterial provider:Xianmin Diao; cell line:not collected; cell type:not collected; collected by:not collected; collection date:not collected; culture collection:not collected; disease:not collected; disease stage:not collected; genotype:not collected; growth protocol:not collected; height or length:not collected; isolation source:not collected; lat lon:not collected; phenotype:not collected; population:not collected; sample type:not collected; sex:not collected; specimen voucher:not collected; temp:not collected; treatment:not collected
PRJNA847741	SRR22903715	SAMN13925857	NA	leaf	seedling stage	NA	BC217	NA	isolate:217; cultivar:not collected; ecotype:not collected; age:not collected; dev stage:Seedling; geo loc name:not collected; tissue:Leaf; biomaterial provider:Xianmin Diao; cell line:not collected; cell type:not collected; collected by:not collected; collection date:not collected; culture collection:not collected; disease:not collected; disease stage:not collected; genotype:not collected; growth protocol:not collected; height or length:not collected; isolation source:not collected; lat lon:not collected; phenotype:not collected; population:not collected; sample type:not collected; sex:not collected; specimen voucher:not collected; temp:not collected; treatment:not collected
PRJNA847741	SRR22903716	SAMN13925844	NA	leaf	seedling stage	NA	BC204	NA	isolate:204; cultivar:not collected; ecotype:not collected; age:not collected; dev stage:Seedling; geo loc name:not collected; tissue:Leaf; biomaterial provider:Xianmin Diao; cell line:not collected; cell type:not collected; collected by:not collected; collection date:not collected; culture collection:not collected; disease:not collected; disease stage:not collected; genotype:not collected; growth protocol:not collected; height or length:not collected; isolation source:not collected; lat lon:not collected; phenotype:not collected; population:not collected; sample type:not collected; sex:not collected; specimen voucher:not collected; temp:not collected; treatment:not collected
PRJNA847741	SRR22903717	SAMN13925828	NA	leaf	seedling stage	NA	BC188	NA	isolate:188; cultivar:not collected; ecotype:not collected; age:not collected; dev stage:Seedling; geo loc name:not collected; tissue:Leaf; biomaterial provider:Xianmin Diao; cell line:not collected; cell type:not collected; collected by:not collected; collection date:not collected; culture collection:not collected; disease:not collected; disease stage:not collected; genotype:not collected; growth protocol:not collected; height or length:not collected; isolation source:not collected; lat lon:not collected; phenotype:not collected; population:not collected; sample type:not collected; sex:not collected; specimen voucher:not collected; temp:not collected; treatment:not collected
PRJNA847741	SRR22903718	SAMN13925844	NA	leaf	seedling stage	NA	BC204	NA	isolate:204; cultivar:not collected; ecotype:not collected; age:not collected; dev stage:Seedling; geo loc name:not collected; tissue:Leaf; biomaterial provider:Xianmin Diao; cell line:not collected; cell type:not collected; collected by:not collected; collection date:not collected; culture collection:not collected; disease:not collected; disease stage:not collected; genotype:not collected; growth protocol:not collected; height or length:not collected; isolation source:not collected; lat lon:not collected; phenotype:not collected; population:not collected; sample type:not collected; sex:not collected; specimen voucher:not collected; temp:not collected; treatment:not collected
PRJNA847741	SRR22903719	SAMN13925810	NA	leaf	seedling stage	NA	BC170	NA	isolate:170; cultivar:not collected; ecotype:not collected; age:not collected; dev stage:Seedling; geo loc name:not collected; tissue:Leaf; biomaterial provider:Xianmin Diao; cell line:not collected; cell type:not collected; collected by:not collected; collection date:not collected; culture collection:not collected; disease:not collected; disease stage:not collected; genotype:not collected; growth protocol:not collected; height or length:not collected; isolation source:not collected; lat lon:not collected; phenotype:not collected; population:not collected; sample type:not collected; sex:not collected; specimen voucher:not collected; temp:not collected; treatment:not collected
PRJNA847741	SRR22903720	SAMN13925776	NA	leaf	seedling stage	NA	BC136	NA	isolate:136; cultivar:not collected; ecotype:not collected; age:not collected; dev stage:Seedling; geo loc name:not collected; tissue:Leaf; biomaterial provider:Xianmin Diao; cell line:not collected; cell type:not collected; collected by:not collected; collection date:not collected; culture collection:not collected; disease:not collected; disease stage:not collected; genotype:not collected; growth protocol:not collected; height or length:not collected; isolation source:not collected; lat lon:not collected; phenotype:not collected; population:not collected; sample type:not collected; sex:not collected; specimen voucher:not collected; temp:not collected; treatment:not collected
PRJNA847741	SRR22903721	SAMN13925740	NA	leaf	seedling stage	NA	BC100	NA	isolate:100; cultivar:not collected; ecotype:not collected; age:not collected; dev stage:Seedling; geo loc name:not collected; tissue:Leaf; biomaterial provider:Xianmin Diao; cell line:not collected; cell type:not collected; collected by:not collected; collection date:not collected; culture collection:not collected; disease:not collected; disease stage:not collected; genotype:not collected; growth protocol:not collected; height or length:not collected; isolation source:not collected; lat lon:not collected; phenotype:not collected; population:not collected; sample type:not collected; sex:not collected; specimen voucher:not collected; temp:not collected; treatment:not collected
PRJNA847741	SRR22903722	SAMN13925688	NA	leaf	seedling stage	NA	BC48	NA	isolate:48; cultivar:not collected; ecotype:not collected; age:not collected; dev stage:Seedling; geo loc name:not collected; tissue:Leaf; biomaterial provider:Xianmin Diao; cell line:not collected; cell type:not collected; collected by:not collected; collection date:not collected; culture collection:not collected; disease:not collected; disease stage:not collected; genotype:not collected; growth protocol:not collected; height or length:not collected; isolation source:not collected; lat lon:not collected; phenotype:not collected; population:not collected; sample type:not collected; sex:not collected; specimen voucher:not collected; temp:not collected; treatment:not collected
PRJNA847741	SRR22903723	SAMN13925680	NA	leaf	seedling stage	NA	BC40	NA	isolate:40; cultivar:not collected; ecotype:not collected; age:not collected; dev stage:Seedling; geo loc name:not collected; tissue:Leaf; biomaterial provider:Xianmin Diao; cell line:not collected; cell type:not collected; collected by:not collected; collection date:not collected; culture collection:not collected; disease:not collected; disease stage:not collected; genotype:not collected; growth protocol:not collected; height or length:not collected; isolation source:not collected; lat lon:not collected; phenotype:not collected; population:not collected; sample type:not collected; sex:not collected; specimen voucher:not collected; temp:not collected; treatment:not collected
PRJNA847741	SRR22903724	SAMN13925667	NA	leaf	seedling stage	NA	BC27	NA	isolate:27; cultivar:not collected; ecotype:not collected; age:not collected; dev stage:Seedling; geo loc name:not collected; tissue:Leaf; biomaterial provider:Xianmin Diao; cell line:not collected; cell type:not collected; collected by:not collected; collection date:not collected; culture collection:not collected; disease:not collected; disease stage:not collected; genotype:not collected; growth protocol:not collected; height or length:not collected; isolation source:not collected; lat lon:not collected; phenotype:not collected; population:not collected; sample type:not collected; sex:not collected; specimen voucher:not collected; temp:not collected; treatment:not collected
PRJNA847741	SRR22903725	SAMN13926138	NA	leaf	seedling stage	NA	BC498	NA	isolate:498; cultivar:not collected; ecotype:not collected; age:not collected; dev stage:Seedling; geo loc name:not collected; tissue:Leaf; biomaterial provider:Xianmin Diao; cell line:not collected; cell type:not collected; collected by:not collected; collection date:not collected; culture collection:not collected; disease:not collected; disease stage:not collected; genotype:not collected; growth protocol:not collected; height or length:not collected; isolation source:not collected; lat lon:not collected; phenotype:not collected; population:not collected; sample type:not collected; sex:not collected; specimen voucher:not collected; temp:not collected; treatment:not collected
PRJNA847741	SRR22903726	SAMN13926134	NA	leaf	seedling stage	NA	BC494	NA	isolate:494; cultivar:not collected; ecotype:not collected; age:not collected; dev stage:Seedling; geo loc name:not collected; tissue:Leaf; biomaterial provider:Xianmin Diao; cell line:not collected; cell type:not collected; collected by:not collected; collection date:not collected; culture collection:not collected; disease:not collected; disease stage:not collected; genotype:not collected; growth protocol:not collected; height or length:not collected; isolation source:not collected; lat lon:not collected; phenotype:not collected; population:not collected; sample type:not collected; sex:not collected; specimen voucher:not collected; temp:not collected; treatment:not collected
PRJNA847741	SRR22903727	SAMN13926117	NA	leaf	seedling stage	NA	BC477	NA	isolate:477; cultivar:not collected; ecotype:not collected; age:not collected; dev stage:Seedling; geo loc name:not collected; tissue:Leaf; biomaterial provider:Xianmin Diao; cell line:not collected; cell type:not collected; collected by:not collected; collection date:not collected; culture collection:not collected; disease:not collected; disease stage:not collected; genotype:not collected; growth protocol:not collected; height or length:not collected; isolation source:not collected; lat lon:not collected; phenotype:not collected; population:not collected; sample type:not collected; sex:not collected; specimen voucher:not collected; temp:not collected; treatment:not collected
PRJNA847741	SRR22903728	SAMN13926115	NA	leaf	seedling stage	NA	BC475	NA	isolate:475; cultivar:not collected; ecotype:not collected; age:not collected; dev stage:Seedling; geo loc name:not collected; tissue:Leaf; biomaterial provider:Xianmin Diao; cell line:not collected; cell type:not collected; collected by:not collected; collection date:not collected; culture collection:not collected; disease:not collected; disease stage:not collected; genotype:not collected; growth protocol:not collected; height or length:not collected; isolation source:not collected; lat lon:not collected; phenotype:not collected; population:not collected; sample type:not collected; sex:not collected; specimen voucher:not collected; temp:not collected; treatment:not collected
PRJNA847741	SRR22903729	SAMN13925828	NA	leaf	seedling stage	NA	BC188	NA	isolate:188; cultivar:not collected; ecotype:not collected; age:not collected; dev stage:Seedling; geo loc name:not collected; tissue:Leaf; biomaterial provider:Xianmin Diao; cell line:not collected; cell type:not collected; collected by:not collected; collection date:not collected; culture collection:not collected; disease:not collected; disease stage:not collected; genotype:not collected; growth protocol:not collected; height or length:not collected; isolation source:not collected; lat lon:not collected; phenotype:not collected; population:not collected; sample type:not collected; sex:not collected; specimen voucher:not collected; temp:not collected; treatment:not collected
PRJNA847741	SRR22903730	SAMN13926074	NA	leaf	seedling stage	NA	BC434	NA	isolate:434; cultivar:not collected; ecotype:not collected; age:not collected; dev stage:Seedling; geo loc name:not collected; tissue:Leaf; biomaterial provider:Xianmin Diao; cell line:not collected; cell type:not collected; collected by:not collected; collection date:not collected; culture collection:not collected; disease:not collected; disease stage:not collected; genotype:not collected; growth protocol:not collected; height or length:not collected; isolation source:not collected; lat lon:not collected; phenotype:not collected; population:not collected; sample type:not collected; sex:not collected; specimen voucher:not collected; temp:not collected; treatment:not collected
PRJNA847741	SRR22903731	SAMN13926066	NA	leaf	seedling stage	NA	BC426	NA	isolate:426; cultivar:not collected; ecotype:not collected; age:not collected; dev stage:Seedling; geo loc name:not collected; tissue:Leaf; biomaterial provider:Xianmin Diao; cell line:not collected; cell type:not collected; collected by:not collected; collection date:not collected; culture collection:not collected; disease:not collected; disease stage:not collected; genotype:not collected; growth protocol:not collected; height or length:not collected; isolation source:not collected; lat lon:not collected; phenotype:not collected; population:not collected; sample type:not collected; sex:not collected; specimen voucher:not collected; temp:not collected; treatment:not collected
PRJNA847741	SRR22903732	SAMN13926058	NA	leaf	seedling stage	NA	BC418	NA	isolate:418; cultivar:not collected; ecotype:not collected; age:not collected; dev stage:Seedling; geo loc name:not collected; tissue:Leaf; biomaterial provider:Xianmin Diao; cell line:not collected; cell type:not collected; collected by:not collected; collection date:not collected; culture collection:not collected; disease:not collected; disease stage:not collected; genotype:not collected; growth protocol:not collected; height or length:not collected; isolation source:not collected; lat lon:not collected; phenotype:not collected; population:not collected; sample type:not collected; sex:not collected; specimen voucher:not collected; temp:not collected; treatment:not collected
PRJNA847741	SRR22903733	SAMN13926047	NA	leaf	seedling stage	NA	BC407	NA	isolate:407; cultivar:not collected; ecotype:not collected; age:not collected; dev stage:Seedling; geo loc name:not collected; tissue:Leaf; biomaterial provider:Xianmin Diao; cell line:not collected; cell type:not collected; collected by:not collected; collection date:not collected; culture collection:not collected; disease:not collected; disease stage:not collected; genotype:not collected; growth protocol:not collected; height or length:not collected; isolation source:not collected; lat lon:not collected; phenotype:not collected; population:not collected; sample type:not collected; sex:not collected; specimen voucher:not collected; temp:not collected; treatment:not collected
PRJNA847741	SRR22903734	SAMN13926044	NA	leaf	seedling stage	NA	BC404	NA	isolate:404; cultivar:not collected; ecotype:not collected; age:not collected; dev stage:Seedling; geo loc name:not collected; tissue:Leaf; biomaterial provider:Xianmin Diao; cell line:not collected; cell type:not collected; collected by:not collected; collection date:not collected; culture collection:not collected; disease:not collected; disease stage:not collected; genotype:not collected; growth protocol:not collected; height or length:not collected; isolation source:not collected; lat lon:not collected; phenotype:not collected; population:not collected; sample type:not collected; sex:not collected; specimen voucher:not collected; temp:not collected; treatment:not collected
PRJNA847741	SRR22903735	SAMN13926038	NA	leaf	seedling stage	NA	BC398	NA	isolate:398; cultivar:not collected; ecotype:not collected; age:not collected; dev stage:Seedling; geo loc name:not collected; tissue:Leaf; biomaterial provider:Xianmin Diao; cell line:not collected; cell type:not collected; collected by:not collected; collection date:not collected; culture collection:not collected; disease:not collected; disease stage:not collected; genotype:not collected; growth protocol:not collected; height or length:not collected; isolation source:not collected; lat lon:not collected; phenotype:not collected; population:not collected; sample type:not collected; sex:not collected; specimen voucher:not collected; temp:not collected; treatment:not collected
PRJNA847741	SRR22903736	SAMN13926022	NA	leaf	seedling stage	NA	BC382	NA	isolate:382; cultivar:not collected; ecotype:not collected; age:not collected; dev stage:Seedling; geo loc name:not collected; tissue:Leaf; biomaterial provider:Xianmin Diao; cell line:not collected; cell type:not collected; collected by:not collected; collection date:not collected; culture collection:not collected; disease:not collected; disease stage:not collected; genotype:not collected; growth protocol:not collected; height or length:not collected; isolation source:not collected; lat lon:not collected; phenotype:not collected; population:not collected; sample type:not collected; sex:not collected; specimen voucher:not collected; temp:not collected; treatment:not collected
PRJNA847741	SRR22903737	SAMN13926002	NA	leaf	seedling stage	NA	BC362	NA	isolate:362; cultivar:not collected; ecotype:not collected; age:not collected; dev stage:Seedling; geo loc name:not collected; tissue:Leaf; biomaterial provider:Xianmin Diao; cell line:not collected; cell type:not collected; collected by:not collected; collection date:not collected; culture collection:not collected; disease:not collected; disease stage:not collected; genotype:not collected; growth protocol:not collected; height or length:not collected; isolation source:not collected; lat lon:not collected; phenotype:not collected; population:not collected; sample type:not collected; sex:not collected; specimen voucher:not collected; temp:not collected; treatment:not collected
PRJNA847741	SRR22903738	SAMN13926000	NA	leaf	seedling stage	NA	BC360	NA	isolate:360; cultivar:not collected; ecotype:not collected; age:not collected; dev stage:Seedling; geo loc name:not collected; tissue:Leaf; biomaterial provider:Xianmin Diao; cell line:not collected; cell type:not collected; collected by:not collected; collection date:not collected; culture collection:not collected; disease:not collected; disease stage:not collected; genotype:not collected; growth protocol:not collected; height or length:not collected; isolation source:not collected; lat lon:not collected; phenotype:not collected; population:not collected; sample type:not collected; sex:not collected; specimen voucher:not collected; temp:not collected; treatment:not collected
PRJNA847741	SRR22903739	SAMN13925990	NA	leaf	seedling stage	NA	BC350	NA	isolate:350; cultivar:not collected; ecotype:not collected; age:not collected; dev stage:Seedling; geo loc name:not collected; tissue:Leaf; biomaterial provider:Xianmin Diao; cell line:not collected; cell type:not collected; collected by:not collected; collection date:not collected; culture collection:not collected; disease:not collected; disease stage:not collected; genotype:not collected; growth protocol:not collected; height or length:not collected; isolation source:not collected; lat lon:not collected; phenotype:not collected; population:not collected; sample type:not collected; sex:not collected; specimen voucher:not collected; temp:not collected; treatment:not collected
PRJNA847741	SRR22903740	SAMN13925810	NA	leaf	seedling stage	NA	BC170	NA	isolate:170; cultivar:not collected; ecotype:not collected; age:not collected; dev stage:Seedling; geo loc name:not collected; tissue:Leaf; biomaterial provider:Xianmin Diao; cell line:not collected; cell type:not collected; collected by:not collected; collection date:not collected; culture collection:not collected; disease:not collected; disease stage:not collected; genotype:not collected; growth protocol:not collected; height or length:not collected; isolation source:not collected; lat lon:not collected; phenotype:not collected; population:not collected; sample type:not collected; sex:not collected; specimen voucher:not collected; temp:not collected; treatment:not collected
PRJNA847741	SRR22903741	SAMN13925972	NA	leaf	seedling stage	NA	BC332	NA	isolate:332; cultivar:not collected; ecotype:not collected; age:not collected; dev stage:Seedling; geo loc name:not collected; tissue:Leaf; biomaterial provider:Xianmin Diao; cell line:not collected; cell type:not collected; collected by:not collected; collection date:not collected; culture collection:not collected; disease:not collected; disease stage:not collected; genotype:not collected; growth protocol:not collected; height or length:not collected; isolation source:not collected; lat lon:not collected; phenotype:not collected; population:not collected; sample type:not collected; sex:not collected; specimen voucher:not collected; temp:not collected; treatment:not collected
PRJNA847741	SRR22903742	SAMN13925968	NA	leaf	seedling stage	NA	BC328	NA	isolate:328; cultivar:not collected; ecotype:not collected; age:not collected; dev stage:Seedling; geo loc name:not collected; tissue:Leaf; biomaterial provider:Xianmin Diao; cell line:not collected; cell type:not collected; collected by:not collected; collection date:not collected; culture collection:not collected; disease:not collected; disease stage:not collected; genotype:not collected; growth protocol:not collected; height or length:not collected; isolation source:not collected; lat lon:not collected; phenotype:not collected; population:not collected; sample type:not collected; sex:not collected; specimen voucher:not collected; temp:not collected; treatment:not collected
PRJNA847741	SRR22903743	SAMN13925955	NA	leaf	seedling stage	NA	BC315	NA	isolate:315; cultivar:not collected; ecotype:not collected; age:not collected; dev stage:Seedling; geo loc name:not collected; tissue:Leaf; biomaterial provider:Xianmin Diao; cell line:not collected; cell type:not collected; collected by:not collected; collection date:not collected; culture collection:not collected; disease:not collected; disease stage:not collected; genotype:not collected; growth protocol:not collected; height or length:not collected; isolation source:not collected; lat lon:not collected; phenotype:not collected; population:not collected; sample type:not collected; sex:not collected; specimen voucher:not collected; temp:not collected; treatment:not collected
PRJNA847741	SRR22903744	SAMN13925951	NA	leaf	seedling stage	NA	BC311	NA	isolate:311; cultivar:not collected; ecotype:not collected; age:not collected; dev stage:Seedling; geo loc name:not collected; tissue:Leaf; biomaterial provider:Xianmin Diao; cell line:not collected; cell type:not collected; collected by:not collected; collection date:not collected; culture collection:not collected; disease:not collected; disease stage:not collected; genotype:not collected; growth protocol:not collected; height or length:not collected; isolation source:not collected; lat lon:not collected; phenotype:not collected; population:not collected; sample type:not collected; sex:not collected; specimen voucher:not collected; temp:not collected; treatment:not collected
PRJNA847741	SRR22903745	SAMN13925950	NA	leaf	seedling stage	NA	BC310	NA	isolate:310; cultivar:not collected; ecotype:not collected; age:not collected; dev stage:Seedling; geo loc name:not collected; tissue:Leaf; biomaterial provider:Xianmin Diao; cell line:not collected; cell type:not collected; collected by:not collected; collection date:not collected; culture collection:not collected; disease:not collected; disease stage:not collected; genotype:not collected; growth protocol:not collected; height or length:not collected; isolation source:not collected; lat lon:not collected; phenotype:not collected; population:not collected; sample type:not collected; sex:not collected; specimen voucher:not collected; temp:not collected; treatment:not collected
PRJNA847741	SRR22903746	SAMN13925932	NA	leaf	seedling stage	NA	BC292	NA	isolate:292; cultivar:not collected; ecotype:not collected; age:not collected; dev stage:Seedling; geo loc name:not collected; tissue:Leaf; biomaterial provider:Xianmin Diao; cell line:not collected; cell type:not collected; collected by:not collected; collection date:not collected; culture collection:not collected; disease:not collected; disease stage:not collected; genotype:not collected; growth protocol:not collected; height or length:not collected; isolation source:not collected; lat lon:not collected; phenotype:not collected; population:not collected; sample type:not collected; sex:not collected; specimen voucher:not collected; temp:not collected; treatment:not collected
PRJNA847741	SRR22903747	SAMN13925904	NA	leaf	seedling stage	NA	BC264	NA	isolate:264; cultivar:not collected; ecotype:not collected; age:not collected; dev stage:Seedling; geo loc name:not collected; tissue:Leaf; biomaterial provider:Xianmin Diao; cell line:not collected; cell type:not collected; collected by:not collected; collection date:not collected; culture collection:not collected; disease:not collected; disease stage:not collected; genotype:not collected; growth protocol:not collected; height or length:not collected; isolation source:not collected; lat lon:not collected; phenotype:not collected; population:not collected; sample type:not collected; sex:not collected; specimen voucher:not collected; temp:not collected; treatment:not collected
PRJNA847741	SRR22903748	SAMN13925884	NA	leaf	seedling stage	NA	BC244	NA	isolate:244; cultivar:not collected; ecotype:not collected; age:not collected; dev stage:Seedling; geo loc name:not collected; tissue:Leaf; biomaterial provider:Xianmin Diao; cell line:not collected; cell type:not collected; collected by:not collected; collection date:not collected; culture collection:not collected; disease:not collected; disease stage:not collected; genotype:not collected; growth protocol:not collected; height or length:not collected; isolation source:not collected; lat lon:not collected; phenotype:not collected; population:not collected; sample type:not collected; sex:not collected; specimen voucher:not collected; temp:not collected; treatment:not collected
PRJNA847741	SRR22903749	SAMN13925875	NA	leaf	seedling stage	NA	BC235	NA	isolate:235; cultivar:not collected; ecotype:not collected; age:not collected; dev stage:Seedling; geo loc name:not collected; tissue:Leaf; biomaterial provider:Xianmin Diao; cell line:not collected; cell type:not collected; collected by:not collected; collection date:not collected; culture collection:not collected; disease:not collected; disease stage:not collected; genotype:not collected; growth protocol:not collected; height or length:not collected; isolation source:not collected; lat lon:not collected; phenotype:not collected; population:not collected; sample type:not collected; sex:not collected; specimen voucher:not collected; temp:not collected; treatment:not collected
PRJNA847741	SRR22903750	SAMN13925857	NA	leaf	seedling stage	NA	BC217	NA	isolate:217; cultivar:not collected; ecotype:not collected; age:not collected; dev stage:Seedling; geo loc name:not collected; tissue:Leaf; biomaterial provider:Xianmin Diao; cell line:not collected; cell type:not collected; collected by:not collected; collection date:not collected; culture collection:not collected; disease:not collected; disease stage:not collected; genotype:not collected; growth protocol:not collected; height or length:not collected; isolation source:not collected; lat lon:not collected; phenotype:not collected; population:not collected; sample type:not collected; sex:not collected; specimen voucher:not collected; temp:not collected; treatment:not collected
PRJNA847741	SRR22903751	SAMN13925776	NA	leaf	seedling stage	NA	BC136	NA	isolate:136; cultivar:not collected; ecotype:not collected; age:not collected; dev stage:Seedling; geo loc name:not collected; tissue:Leaf; biomaterial provider:Xianmin Diao; cell line:not collected; cell type:not collected; collected by:not collected; collection date:not collected; culture collection:not collected; disease:not collected; disease stage:not collected; genotype:not collected; growth protocol:not collected; height or length:not collected; isolation source:not collected; lat lon:not collected; phenotype:not collected; population:not collected; sample type:not collected; sex:not collected; specimen voucher:not collected; temp:not collected; treatment:not collected
PRJNA847741	SRR22903752	SAMN13925844	NA	leaf	seedling stage	NA	BC204	NA	isolate:204; cultivar:not collected; ecotype:not collected; age:not collected; dev stage:Seedling; geo loc name:not collected; tissue:Leaf; biomaterial provider:Xianmin Diao; cell line:not collected; cell type:not collected; collected by:not collected; collection date:not collected; culture collection:not collected; disease:not collected; disease stage:not collected; genotype:not collected; growth protocol:not collected; height or length:not collected; isolation source:not collected; lat lon:not collected; phenotype:not collected; population:not collected; sample type:not collected; sex:not collected; specimen voucher:not collected; temp:not collected; treatment:not collected
PRJNA847741	SRR22903753	SAMN13925828	NA	leaf	seedling stage	NA	BC188	NA	isolate:188; cultivar:not collected; ecotype:not collected; age:not collected; dev stage:Seedling; geo loc name:not collected; tissue:Leaf; biomaterial provider:Xianmin Diao; cell line:not collected; cell type:not collected; collected by:not collected; collection date:not collected; culture collection:not collected; disease:not collected; disease stage:not collected; genotype:not collected; growth protocol:not collected; height or length:not collected; isolation source:not collected; lat lon:not collected; phenotype:not collected; population:not collected; sample type:not collected; sex:not collected; specimen voucher:not collected; temp:not collected; treatment:not collected
PRJNA847741	SRR22903754	SAMN13925810	NA	leaf	seedling stage	NA	BC170	NA	isolate:170; cultivar:not collected; ecotype:not collected; age:not collected; dev stage:Seedling; geo loc name:not collected; tissue:Leaf; biomaterial provider:Xianmin Diao; cell line:not collected; cell type:not collected; collected by:not collected; collection date:not collected; culture collection:not collected; disease:not collected; disease stage:not collected; genotype:not collected; growth protocol:not collected; height or length:not collected; isolation source:not collected; lat lon:not collected; phenotype:not collected; population:not collected; sample type:not collected; sex:not collected; specimen voucher:not collected; temp:not collected; treatment:not collected
PRJNA847741	SRR22903755	SAMN13925776	NA	leaf	seedling stage	NA	BC136	NA	isolate:136; cultivar:not collected; ecotype:not collected; age:not collected; dev stage:Seedling; geo loc name:not collected; tissue:Leaf; biomaterial provider:Xianmin Diao; cell line:not collected; cell type:not collected; collected by:not collected; collection date:not collected; culture collection:not collected; disease:not collected; disease stage:not collected; genotype:not collected; growth protocol:not collected; height or length:not collected; isolation source:not collected; lat lon:not collected; phenotype:not collected; population:not collected; sample type:not collected; sex:not collected; specimen voucher:not collected; temp:not collected; treatment:not collected
PRJNA847741	SRR22903756	SAMN13925740	NA	leaf	seedling stage	NA	BC100	NA	isolate:100; cultivar:not collected; ecotype:not collected; age:not collected; dev stage:Seedling; geo loc name:not collected; tissue:Leaf; biomaterial provider:Xianmin Diao; cell line:not collected; cell type:not collected; collected by:not collected; collection date:not collected; culture collection:not collected; disease:not collected; disease stage:not collected; genotype:not collected; growth protocol:not collected; height or length:not collected; isolation source:not collected; lat lon:not collected; phenotype:not collected; population:not collected; sample type:not collected; sex:not collected; specimen voucher:not collected; temp:not collected; treatment:not collected
PRJNA847741	SRR22903757	SAMN13925688	NA	leaf	seedling stage	NA	BC48	NA	isolate:48; cultivar:not collected; ecotype:not collected; age:not collected; dev stage:Seedling; geo loc name:not collected; tissue:Leaf; biomaterial provider:Xianmin Diao; cell line:not collected; cell type:not collected; collected by:not collected; collection date:not collected; culture collection:not collected; disease:not collected; disease stage:not collected; genotype:not collected; growth protocol:not collected; height or length:not collected; isolation source:not collected; lat lon:not collected; phenotype:not collected; population:not collected; sample type:not collected; sex:not collected; specimen voucher:not collected; temp:not collected; treatment:not collected
PRJNA847741	SRR22903758	SAMN13925680	NA	leaf	seedling stage	NA	BC40	NA	isolate:40; cultivar:not collected; ecotype:not collected; age:not collected; dev stage:Seedling; geo loc name:not collected; tissue:Leaf; biomaterial provider:Xianmin Diao; cell line:not collected; cell type:not collected; collected by:not collected; collection date:not collected; culture collection:not collected; disease:not collected; disease stage:not collected; genotype:not collected; growth protocol:not collected; height or length:not collected; isolation source:not collected; lat lon:not collected; phenotype:not collected; population:not collected; sample type:not collected; sex:not collected; specimen voucher:not collected; temp:not collected; treatment:not collected
PRJNA847741	SRR22903759	SAMN13925667	NA	leaf	seedling stage	NA	BC27	NA	isolate:27; cultivar:not collected; ecotype:not collected; age:not collected; dev stage:Seedling; geo loc name:not collected; tissue:Leaf; biomaterial provider:Xianmin Diao; cell line:not collected; cell type:not collected; collected by:not collected; collection date:not collected; culture collection:not collected; disease:not collected; disease stage:not collected; genotype:not collected; growth protocol:not collected; height or length:not collected; isolation source:not collected; lat lon:not collected; phenotype:not collected; population:not collected; sample type:not collected; sex:not collected; specimen voucher:not collected; temp:not collected; treatment:not collected
PRJNA847741	SRR22903760	SAMN13926138	NA	leaf	seedling stage	NA	BC498	NA	isolate:498; cultivar:not collected; ecotype:not collected; age:not collected; dev stage:Seedling; geo loc name:not collected; tissue:Leaf; biomaterial provider:Xianmin Diao; cell line:not collected; cell type:not collected; collected by:not collected; collection date:not collected; culture collection:not collected; disease:not collected; disease stage:not collected; genotype:not collected; growth protocol:not collected; height or length:not collected; isolation source:not collected; lat lon:not collected; phenotype:not collected; population:not collected; sample type:not collected; sex:not collected; specimen voucher:not collected; temp:not collected; treatment:not collected
PRJNA847741	SRR22903761	SAMN13926134	NA	leaf	seedling stage	NA	BC494	NA	isolate:494; cultivar:not collected; ecotype:not collected; age:not collected; dev stage:Seedling; geo loc name:not collected; tissue:Leaf; biomaterial provider:Xianmin Diao; cell line:not collected; cell type:not collected; collected by:not collected; collection date:not collected; culture collection:not collected; disease:not collected; disease stage:not collected; genotype:not collected; growth protocol:not collected; height or length:not collected; isolation source:not collected; lat lon:not collected; phenotype:not collected; population:not collected; sample type:not collected; sex:not collected; specimen voucher:not collected; temp:not collected; treatment:not collected
PRJNA847741	SRR22903762	SAMN13925740	NA	leaf	seedling stage	NA	BC100	NA	isolate:100; cultivar:not collected; ecotype:not collected; age:not collected; dev stage:Seedling; geo loc name:not collected; tissue:Leaf; biomaterial provider:Xianmin Diao; cell line:not collected; cell type:not collected; collected by:not collected; collection date:not collected; culture collection:not collected; disease:not collected; disease stage:not collected; genotype:not collected; growth protocol:not collected; height or length:not collected; isolation source:not collected; lat lon:not collected; phenotype:not collected; population:not collected; sample type:not collected; sex:not collected; specimen voucher:not collected; temp:not collected; treatment:not collected
PRJNA847741	SRR22903763	SAMN13926117	NA	leaf	seedling stage	NA	BC477	NA	isolate:477; cultivar:not collected; ecotype:not collected; age:not collected; dev stage:Seedling; geo loc name:not collected; tissue:Leaf; biomaterial provider:Xianmin Diao; cell line:not collected; cell type:not collected; collected by:not collected; collection date:not collected; culture collection:not collected; disease:not collected; disease stage:not collected; genotype:not collected; growth protocol:not collected; height or length:not collected; isolation source:not collected; lat lon:not collected; phenotype:not collected; population:not collected; sample type:not collected; sex:not collected; specimen voucher:not collected; temp:not collected; treatment:not collected
PRJNA847741	SRR22903764	SAMN13926115	NA	leaf	seedling stage	NA	BC475	NA	isolate:475; cultivar:not collected; ecotype:not collected; age:not collected; dev stage:Seedling; geo loc name:not collected; tissue:Leaf; biomaterial provider:Xianmin Diao; cell line:not collected; cell type:not collected; collected by:not collected; collection date:not collected; culture collection:not collected; disease:not collected; disease stage:not collected; genotype:not collected; growth protocol:not collected; height or length:not collected; isolation source:not collected; lat lon:not collected; phenotype:not collected; population:not collected; sample type:not collected; sex:not collected; specimen voucher:not collected; temp:not collected; treatment:not collected
PRJNA847741	SRR22903765	SAMN13926074	NA	leaf	seedling stage	NA	BC434	NA	isolate:434; cultivar:not collected; ecotype:not collected; age:not collected; dev stage:Seedling; geo loc name:not collected; tissue:Leaf; biomaterial provider:Xianmin Diao; cell line:not collected; cell type:not collected; collected by:not collected; collection date:not collected; culture collection:not collected; disease:not collected; disease stage:not collected; genotype:not collected; growth protocol:not collected; height or length:not collected; isolation source:not collected; lat lon:not collected; phenotype:not collected; population:not collected; sample type:not collected; sex:not collected; specimen voucher:not collected; temp:not collected; treatment:not collected
PRJNA847741	SRR22903766	SAMN13926066	NA	leaf	seedling stage	NA	BC426	NA	isolate:426; cultivar:not collected; ecotype:not collected; age:not collected; dev stage:Seedling; geo loc name:not collected; tissue:Leaf; biomaterial provider:Xianmin Diao; cell line:not collected; cell type:not collected; collected by:not collected; collection date:not collected; culture collection:not collected; disease:not collected; disease stage:not collected; genotype:not collected; growth protocol:not collected; height or length:not collected; isolation source:not collected; lat lon:not collected; phenotype:not collected; population:not collected; sample type:not collected; sex:not collected; specimen voucher:not collected; temp:not collected; treatment:not collected
PRJNA847741	SRR22903767	SAMN13926058	NA	leaf	seedling stage	NA	BC418	NA	isolate:418; cultivar:not collected; ecotype:not collected; age:not collected; dev stage:Seedling; geo loc name:not collected; tissue:Leaf; biomaterial provider:Xianmin Diao; cell line:not collected; cell type:not collected; collected by:not collected; collection date:not collected; culture collection:not collected; disease:not collected; disease stage:not collected; genotype:not collected; growth protocol:not collected; height or length:not collected; isolation source:not collected; lat lon:not collected; phenotype:not collected; population:not collected; sample type:not collected; sex:not collected; specimen voucher:not collected; temp:not collected; treatment:not collected
PRJNA847741	SRR22903768	SAMN13926047	NA	leaf	seedling stage	NA	BC407	NA	isolate:407; cultivar:not collected; ecotype:not collected; age:not collected; dev stage:Seedling; geo loc name:not collected; tissue:Leaf; biomaterial provider:Xianmin Diao; cell line:not collected; cell type:not collected; collected by:not collected; collection date:not collected; culture collection:not collected; disease:not collected; disease stage:not collected; genotype:not collected; growth protocol:not collected; height or length:not collected; isolation source:not collected; lat lon:not collected; phenotype:not collected; population:not collected; sample type:not collected; sex:not collected; specimen voucher:not collected; temp:not collected; treatment:not collected
PRJNA847741	SRR22903769	SAMN13926044	NA	leaf	seedling stage	NA	BC404	NA	isolate:404; cultivar:not collected; ecotype:not collected; age:not collected; dev stage:Seedling; geo loc name:not collected; tissue:Leaf; biomaterial provider:Xianmin Diao; cell line:not collected; cell type:not collected; collected by:not collected; collection date:not collected; culture collection:not collected; disease:not collected; disease stage:not collected; genotype:not collected; growth protocol:not collected; height or length:not collected; isolation source:not collected; lat lon:not collected; phenotype:not collected; population:not collected; sample type:not collected; sex:not collected; specimen voucher:not collected; temp:not collected; treatment:not collected
PRJNA847741	SRR22903770	SAMN13926038	NA	leaf	seedling stage	NA	BC398	NA	isolate:398; cultivar:not collected; ecotype:not collected; age:not collected; dev stage:Seedling; geo loc name:not collected; tissue:Leaf; biomaterial provider:Xianmin Diao; cell line:not collected; cell type:not collected; collected by:not collected; collection date:not collected; culture collection:not collected; disease:not collected; disease stage:not collected; genotype:not collected; growth protocol:not collected; height or length:not collected; isolation source:not collected; lat lon:not collected; phenotype:not collected; population:not collected; sample type:not collected; sex:not collected; specimen voucher:not collected; temp:not collected; treatment:not collected
PRJNA847741	SRR22903771	SAMN13926022	NA	leaf	seedling stage	NA	BC382	NA	isolate:382; cultivar:not collected; ecotype:not collected; age:not collected; dev stage:Seedling; geo loc name:not collected; tissue:Leaf; biomaterial provider:Xianmin Diao; cell line:not collected; cell type:not collected; collected by:not collected; collection date:not collected; culture collection:not collected; disease:not collected; disease stage:not collected; genotype:not collected; growth protocol:not collected; height or length:not collected; isolation source:not collected; lat lon:not collected; phenotype:not collected; population:not collected; sample type:not collected; sex:not collected; specimen voucher:not collected; temp:not collected; treatment:not collected
PRJNA847741	SRR22903772	SAMN13926002	NA	leaf	seedling stage	NA	BC362	NA	isolate:362; cultivar:not collected; ecotype:not collected; age:not collected; dev stage:Seedling; geo loc name:not collected; tissue:Leaf; biomaterial provider:Xianmin Diao; cell line:not collected; cell type:not collected; collected by:not collected; collection date:not collected; culture collection:not collected; disease:not collected; disease stage:not collected; genotype:not collected; growth protocol:not collected; height or length:not collected; isolation source:not collected; lat lon:not collected; phenotype:not collected; population:not collected; sample type:not collected; sex:not collected; specimen voucher:not collected; temp:not collected; treatment:not collected
PRJNA847741	SRR22903773	SAMN13925688	NA	leaf	seedling stage	NA	BC48	NA	isolate:48; cultivar:not collected; ecotype:not collected; age:not collected; dev stage:Seedling; geo loc name:not collected; tissue:Leaf; biomaterial provider:Xianmin Diao; cell line:not collected; cell type:not collected; collected by:not collected; collection date:not collected; culture collection:not collected; disease:not collected; disease stage:not collected; genotype:not collected; growth protocol:not collected; height or length:not collected; isolation source:not collected; lat lon:not collected; phenotype:not collected; population:not collected; sample type:not collected; sex:not collected; specimen voucher:not collected; temp:not collected; treatment:not collected
PRJNA847741	SRR22903774	SAMN13926000	NA	leaf	seedling stage	NA	BC360	NA	isolate:360; cultivar:not collected; ecotype:not collected; age:not collected; dev stage:Seedling; geo loc name:not collected; tissue:Leaf; biomaterial provider:Xianmin Diao; cell line:not collected; cell type:not collected; collected by:not collected; collection date:not collected; culture collection:not collected; disease:not collected; disease stage:not collected; genotype:not collected; growth protocol:not collected; height or length:not collected; isolation source:not collected; lat lon:not collected; phenotype:not collected; population:not collected; sample type:not collected; sex:not collected; specimen voucher:not collected; temp:not collected; treatment:not collected
PRJNA847741	SRR22903775	SAMN13925990	NA	leaf	seedling stage	NA	BC350	NA	isolate:350; cultivar:not collected; ecotype:not collected; age:not collected; dev stage:Seedling; geo loc name:not collected; tissue:Leaf; biomaterial provider:Xianmin Diao; cell line:not collected; cell type:not collected; collected by:not collected; collection date:not collected; culture collection:not collected; disease:not collected; disease stage:not collected; genotype:not collected; growth protocol:not collected; height or length:not collected; isolation source:not collected; lat lon:not collected; phenotype:not collected; population:not collected; sample type:not collected; sex:not collected; specimen voucher:not collected; temp:not collected; treatment:not collected
PRJNA847741	SRR22903776	SAMN13925972	NA	leaf	seedling stage	NA	BC332	NA	isolate:332; cultivar:not collected; ecotype:not collected; age:not collected; dev stage:Seedling; geo loc name:not collected; tissue:Leaf; biomaterial provider:Xianmin Diao; cell line:not collected; cell type:not collected; collected by:not collected; collection date:not collected; culture collection:not collected; disease:not collected; disease stage:not collected; genotype:not collected; growth protocol:not collected; height or length:not collected; isolation source:not collected; lat lon:not collected; phenotype:not collected; population:not collected; sample type:not collected; sex:not collected; specimen voucher:not collected; temp:not collected; treatment:not collected
PRJNA847741	SRR22903777	SAMN13925968	NA	leaf	seedling stage	NA	BC328	NA	isolate:328; cultivar:not collected; ecotype:not collected; age:not collected; dev stage:Seedling; geo loc name:not collected; tissue:Leaf; biomaterial provider:Xianmin Diao; cell line:not collected; cell type:not collected; collected by:not collected; collection date:not collected; culture collection:not collected; disease:not collected; disease stage:not collected; genotype:not collected; growth protocol:not collected; height or length:not collected; isolation source:not collected; lat lon:not collected; phenotype:not collected; population:not collected; sample type:not collected; sex:not collected; specimen voucher:not collected; temp:not collected; treatment:not collected
PRJNA847741	SRR22903778	SAMN13925955	NA	leaf	seedling stage	NA	BC315	NA	isolate:315; cultivar:not collected; ecotype:not collected; age:not collected; dev stage:Seedling; geo loc name:not collected; tissue:Leaf; biomaterial provider:Xianmin Diao; cell line:not collected; cell type:not collected; collected by:not collected; collection date:not collected; culture collection:not collected; disease:not collected; disease stage:not collected; genotype:not collected; growth protocol:not collected; height or length:not collected; isolation source:not collected; lat lon:not collected; phenotype:not collected; population:not collected; sample type:not collected; sex:not collected; specimen voucher:not collected; temp:not collected; treatment:not collected
PRJNA847741	SRR22903779	SAMN13925951	NA	leaf	seedling stage	NA	BC311	NA	isolate:311; cultivar:not collected; ecotype:not collected; age:not collected; dev stage:Seedling; geo loc name:not collected; tissue:Leaf; biomaterial provider:Xianmin Diao; cell line:not collected; cell type:not collected; collected by:not collected; collection date:not collected; culture collection:not collected; disease:not collected; disease stage:not collected; genotype:not collected; growth protocol:not collected; height or length:not collected; isolation source:not collected; lat lon:not collected; phenotype:not collected; population:not collected; sample type:not collected; sex:not collected; specimen voucher:not collected; temp:not collected; treatment:not collected
PRJNA847741	SRR22903780	SAMN13925950	NA	leaf	seedling stage	NA	BC310	NA	isolate:310; cultivar:not collected; ecotype:not collected; age:not collected; dev stage:Seedling; geo loc name:not collected; tissue:Leaf; biomaterial provider:Xianmin Diao; cell line:not collected; cell type:not collected; collected by:not collected; collection date:not collected; culture collection:not collected; disease:not collected; disease stage:not collected; genotype:not collected; growth protocol:not collected; height or length:not collected; isolation source:not collected; lat lon:not collected; phenotype:not collected; population:not collected; sample type:not collected; sex:not collected; specimen voucher:not collected; temp:not collected; treatment:not collected
PRJNA847741	SRR22903781	SAMN13925932	NA	leaf	seedling stage	NA	BC292	NA	isolate:292; cultivar:not collected; ecotype:not collected; age:not collected; dev stage:Seedling; geo loc name:not collected; tissue:Leaf; biomaterial provider:Xianmin Diao; cell line:not collected; cell type:not collected; collected by:not collected; collection date:not collected; culture collection:not collected; disease:not collected; disease stage:not collected; genotype:not collected; growth protocol:not collected; height or length:not collected; isolation source:not collected; lat lon:not collected; phenotype:not collected; population:not collected; sample type:not collected; sex:not collected; specimen voucher:not collected; temp:not collected; treatment:not collected
PRJNA847741	SRR22903782	SAMN13925904	NA	leaf	seedling stage	NA	BC264	NA	isolate:264; cultivar:not collected; ecotype:not collected; age:not collected; dev stage:Seedling; geo loc name:not collected; tissue:Leaf; biomaterial provider:Xianmin Diao; cell line:not collected; cell type:not collected; collected by:not collected; collection date:not collected; culture collection:not collected; disease:not collected; disease stage:not collected; genotype:not collected; growth protocol:not collected; height or length:not collected; isolation source:not collected; lat lon:not collected; phenotype:not collected; population:not collected; sample type:not collected; sex:not collected; specimen voucher:not collected; temp:not collected; treatment:not collected
PRJNA847741	SRR22903783	SAMN13925884	NA	leaf	seedling stage	NA	BC244	NA	isolate:244; cultivar:not collected; ecotype:not collected; age:not collected; dev stage:Seedling; geo loc name:not collected; tissue:Leaf; biomaterial provider:Xianmin Diao; cell line:not collected; cell type:not collected; collected by:not collected; collection date:not collected; culture collection:not collected; disease:not collected; disease stage:not collected; genotype:not collected; growth protocol:not collected; height or length:not collected; isolation source:not collected; lat lon:not collected; phenotype:not collected; population:not collected; sample type:not collected; sex:not collected; specimen voucher:not collected; temp:not collected; treatment:not collected
PRJNA847741	SRR22903784	SAMN13925680	NA	leaf	seedling stage	NA	BC40	NA	isolate:40; cultivar:not collected; ecotype:not collected; age:not collected; dev stage:Seedling; geo loc name:not collected; tissue:Leaf; biomaterial provider:Xianmin Diao; cell line:not collected; cell type:not collected; collected by:not collected; collection date:not collected; culture collection:not collected; disease:not collected; disease stage:not collected; genotype:not collected; growth protocol:not collected; height or length:not collected; isolation source:not collected; lat lon:not collected; phenotype:not collected; population:not collected; sample type:not collected; sex:not collected; specimen voucher:not collected; temp:not collected; treatment:not collected
PRJNA847741	SRR22903785	SAMN13925667	NA	leaf	seedling stage	NA	BC27	NA	isolate:27; cultivar:not collected; ecotype:not collected; age:not collected; dev stage:Seedling; geo loc name:not collected; tissue:Leaf; biomaterial provider:Xianmin Diao; cell line:not collected; cell type:not collected; collected by:not collected; collection date:not collected; culture collection:not collected; disease:not collected; disease stage:not collected; genotype:not collected; growth protocol:not collected; height or length:not collected; isolation source:not collected; lat lon:not collected; phenotype:not collected; population:not collected; sample type:not collected; sex:not collected; specimen voucher:not collected; temp:not collected; treatment:not collected
PRJNA847741	SRR22924240	SAMN13925875	NA	leaf	seedling stage	NA	BC235	NA	isolate:235; cultivar:not collected; ecotype:not collected; age:not collected; dev stage:Seedling; geo loc name:not collected; tissue:Leaf; biomaterial provider:Xianmin Diao; cell line:not collected; cell type:not collected; collected by:not collected; collection date:not collected; culture collection:not collected; disease:not collected; disease stage:not collected; genotype:not collected; growth protocol:not collected; height or length:not collected; isolation source:not collected; lat lon:not collected; phenotype:not collected; population:not collected; sample type:not collected; sex:not collected; specimen voucher:not collected; temp:not collected; treatment:not collected
PRJNA847741	SRR22924241	SAMN13925857	NA	leaf	seedling stage	NA	BC217	NA	isolate:217; cultivar:not collected; ecotype:not collected; age:not collected; dev stage:Seedling; geo loc name:not collected; tissue:Leaf; biomaterial provider:Xianmin Diao; cell line:not collected; cell type:not collected; collected by:not collected; collection date:not collected; culture collection:not collected; disease:not collected; disease stage:not collected; genotype:not collected; growth protocol:not collected; height or length:not collected; isolation source:not collected; lat lon:not collected; phenotype:not collected; population:not collected; sample type:not collected; sex:not collected; specimen voucher:not collected; temp:not collected; treatment:not collected
PRJNA847741	SRR22924242	SAMN13925844	NA	leaf	seedling stage	NA	BC204	NA	isolate:204; cultivar:not collected; ecotype:not collected; age:not collected; dev stage:Seedling; geo loc name:not collected; tissue:Leaf; biomaterial provider:Xianmin Diao; cell line:not collected; cell type:not collected; collected by:not collected; collection date:not collected; culture collection:not collected; disease:not collected; disease stage:not collected; genotype:not collected; growth protocol:not collected; height or length:not collected; isolation source:not collected; lat lon:not collected; phenotype:not collected; population:not collected; sample type:not collected; sex:not collected; specimen voucher:not collected; temp:not collected; treatment:not collected
PRJNA847741	SRR22924243	SAMN13926038	NA	leaf	seedling stage	NA	BC398	NA	isolate:398; cultivar:not collected; ecotype:not collected; age:not collected; dev stage:Seedling; geo loc name:not collected; tissue:Leaf; biomaterial provider:Xianmin Diao; cell line:not collected; cell type:not collected; collected by:not collected; collection date:not collected; culture collection:not collected; disease:not collected; disease stage:not collected; genotype:not collected; growth protocol:not collected; height or length:not collected; isolation source:not collected; lat lon:not collected; phenotype:not collected; population:not collected; sample type:not collected; sex:not collected; specimen voucher:not collected; temp:not collected; treatment:not collected
PRJNA847741	SRR22924244	SAMN13926022	NA	leaf	seedling stage	NA	BC382	NA	isolate:382; cultivar:not collected; ecotype:not collected; age:not collected; dev stage:Seedling; geo loc name:not collected; tissue:Leaf; biomaterial provider:Xianmin Diao; cell line:not collected; cell type:not collected; collected by:not collected; collection date:not collected; culture collection:not collected; disease:not collected; disease stage:not collected; genotype:not collected; growth protocol:not collected; height or length:not collected; isolation source:not collected; lat lon:not collected; phenotype:not collected; population:not collected; sample type:not collected; sex:not collected; specimen voucher:not collected; temp:not collected; treatment:not collected
PRJNA847741	SRR22924245	SAMN13926002	NA	leaf	seedling stage	NA	BC362	NA	isolate:362; cultivar:not collected; ecotype:not collected; age:not collected; dev stage:Seedling; geo loc name:not collected; tissue:Leaf; biomaterial provider:Xianmin Diao; cell line:not collected; cell type:not collected; collected by:not collected; collection date:not collected; culture collection:not collected; disease:not collected; disease stage:not collected; genotype:not collected; growth protocol:not collected; height or length:not collected; isolation source:not collected; lat lon:not collected; phenotype:not collected; population:not collected; sample type:not collected; sex:not collected; specimen voucher:not collected; temp:not collected; treatment:not collected
PRJNA847741	SRR22924246	SAMN13926000	NA	leaf	seedling stage	NA	BC360	NA	isolate:360; cultivar:not collected; ecotype:not collected; age:not collected; dev stage:Seedling; geo loc name:not collected; tissue:Leaf; biomaterial provider:Xianmin Diao; cell line:not collected; cell type:not collected; collected by:not collected; collection date:not collected; culture collection:not collected; disease:not collected; disease stage:not collected; genotype:not collected; growth protocol:not collected; height or length:not collected; isolation source:not collected; lat lon:not collected; phenotype:not collected; population:not collected; sample type:not collected; sex:not collected; specimen voucher:not collected; temp:not collected; treatment:not collected
PRJNA847741	SRR22924247	SAMN13925990	NA	leaf	seedling stage	NA	BC350	NA	isolate:350; cultivar:not collected; ecotype:not collected; age:not collected; dev stage:Seedling; geo loc name:not collected; tissue:Leaf; biomaterial provider:Xianmin Diao; cell line:not collected; cell type:not collected; collected by:not collected; collection date:not collected; culture collection:not collected; disease:not collected; disease stage:not collected; genotype:not collected; growth protocol:not collected; height or length:not collected; isolation source:not collected; lat lon:not collected; phenotype:not collected; population:not collected; sample type:not collected; sex:not collected; specimen voucher:not collected; temp:not collected; treatment:not collected
PRJNA847741	SRR22924248	SAMN13925972	NA	leaf	seedling stage	NA	BC332	NA	isolate:332; cultivar:not collected; ecotype:not collected; age:not collected; dev stage:Seedling; geo loc name:not collected; tissue:Leaf; biomaterial provider:Xianmin Diao; cell line:not collected; cell type:not collected; collected by:not collected; collection date:not collected; culture collection:not collected; disease:not collected; disease stage:not collected; genotype:not collected; growth protocol:not collected; height or length:not collected; isolation source:not collected; lat lon:not collected; phenotype:not collected; population:not collected; sample type:not collected; sex:not collected; specimen voucher:not collected; temp:not collected; treatment:not collected
PRJNA847741	SRR22924249	SAMN13925968	NA	leaf	seedling stage	NA	BC328	NA	isolate:328; cultivar:not collected; ecotype:not collected; age:not collected; dev stage:Seedling; geo loc name:not collected; tissue:Leaf; biomaterial provider:Xianmin Diao; cell line:not collected; cell type:not collected; collected by:not collected; collection date:not collected; culture collection:not collected; disease:not collected; disease stage:not collected; genotype:not collected; growth protocol:not collected; height or length:not collected; isolation source:not collected; lat lon:not collected; phenotype:not collected; population:not collected; sample type:not collected; sex:not collected; specimen voucher:not collected; temp:not collected; treatment:not collected
PRJNA847741	SRR22924250	SAMN13925955	NA	leaf	seedling stage	NA	BC315	NA	isolate:315; cultivar:not collected; ecotype:not collected; age:not collected; dev stage:Seedling; geo loc name:not collected; tissue:Leaf; biomaterial provider:Xianmin Diao; cell line:not collected; cell type:not collected; collected by:not collected; collection date:not collected; culture collection:not collected; disease:not collected; disease stage:not collected; genotype:not collected; growth protocol:not collected; height or length:not collected; isolation source:not collected; lat lon:not collected; phenotype:not collected; population:not collected; sample type:not collected; sex:not collected; specimen voucher:not collected; temp:not collected; treatment:not collected
PRJNA847741	SRR22924251	SAMN13925951	NA	leaf	seedling stage	NA	BC311	NA	isolate:311; cultivar:not collected; ecotype:not collected; age:not collected; dev stage:Seedling; geo loc name:not collected; tissue:Leaf; biomaterial provider:Xianmin Diao; cell line:not collected; cell type:not collected; collected by:not collected; collection date:not collected; culture collection:not collected; disease:not collected; disease stage:not collected; genotype:not collected; growth protocol:not collected; height or length:not collected; isolation source:not collected; lat lon:not collected; phenotype:not collected; population:not collected; sample type:not collected; sex:not collected; specimen voucher:not collected; temp:not collected; treatment:not collected
PRJNA847741	SRR22924252	SAMN13925828	NA	leaf	seedling stage	NA	BC188	NA	isolate:188; cultivar:not collected; ecotype:not collected; age:not collected; dev stage:Seedling; geo loc name:not collected; tissue:Leaf; biomaterial provider:Xianmin Diao; cell line:not collected; cell type:not collected; collected by:not collected; collection date:not collected; culture collection:not collected; disease:not collected; disease stage:not collected; genotype:not collected; growth protocol:not collected; height or length:not collected; isolation source:not collected; lat lon:not collected; phenotype:not collected; population:not collected; sample type:not collected; sex:not collected; specimen voucher:not collected; temp:not collected; treatment:not collected
PRJNA847741	SRR22924253	SAMN13925950	NA	leaf	seedling stage	NA	BC310	NA	isolate:310; cultivar:not collected; ecotype:not collected; age:not collected; dev stage:Seedling; geo loc name:not collected; tissue:Leaf; biomaterial provider:Xianmin Diao; cell line:not collected; cell type:not collected; collected by:not collected; collection date:not collected; culture collection:not collected; disease:not collected; disease stage:not collected; genotype:not collected; growth protocol:not collected; height or length:not collected; isolation source:not collected; lat lon:not collected; phenotype:not collected; population:not collected; sample type:not collected; sex:not collected; specimen voucher:not collected; temp:not collected; treatment:not collected
PRJNA847741	SRR22924254	SAMN13925932	NA	leaf	seedling stage	NA	BC292	NA	isolate:292; cultivar:not collected; ecotype:not collected; age:not collected; dev stage:Seedling; geo loc name:not collected; tissue:Leaf; biomaterial provider:Xianmin Diao; cell line:not collected; cell type:not collected; collected by:not collected; collection date:not collected; culture collection:not collected; disease:not collected; disease stage:not collected; genotype:not collected; growth protocol:not collected; height or length:not collected; isolation source:not collected; lat lon:not collected; phenotype:not collected; population:not collected; sample type:not collected; sex:not collected; specimen voucher:not collected; temp:not collected; treatment:not collected
PRJNA847741	SRR22924255	SAMN13925904	NA	leaf	seedling stage	NA	BC264	NA	isolate:264; cultivar:not collected; ecotype:not collected; age:not collected; dev stage:Seedling; geo loc name:not collected; tissue:Leaf; biomaterial provider:Xianmin Diao; cell line:not collected; cell type:not collected; collected by:not collected; collection date:not collected; culture collection:not collected; disease:not collected; disease stage:not collected; genotype:not collected; growth protocol:not collected; height or length:not collected; isolation source:not collected; lat lon:not collected; phenotype:not collected; population:not collected; sample type:not collected; sex:not collected; specimen voucher:not collected; temp:not collected; treatment:not collected
PRJNA847741	SRR22924256	SAMN13925884	NA	leaf	seedling stage	NA	BC244	NA	isolate:244; cultivar:not collected; ecotype:not collected; age:not collected; dev stage:Seedling; geo loc name:not collected; tissue:Leaf; biomaterial provider:Xianmin Diao; cell line:not collected; cell type:not collected; collected by:not collected; collection date:not collected; culture collection:not collected; disease:not collected; disease stage:not collected; genotype:not collected; growth protocol:not collected; height or length:not collected; isolation source:not collected; lat lon:not collected; phenotype:not collected; population:not collected; sample type:not collected; sex:not collected; specimen voucher:not collected; temp:not collected; treatment:not collected
PRJNA847741	SRR22924257	SAMN13925875	NA	leaf	seedling stage	NA	BC235	NA	isolate:235; cultivar:not collected; ecotype:not collected; age:not collected; dev stage:Seedling; geo loc name:not collected; tissue:Leaf; biomaterial provider:Xianmin Diao; cell line:not collected; cell type:not collected; collected by:not collected; collection date:not collected; culture collection:not collected; disease:not collected; disease stage:not collected; genotype:not collected; growth protocol:not collected; height or length:not collected; isolation source:not collected; lat lon:not collected; phenotype:not collected; population:not collected; sample type:not collected; sex:not collected; specimen voucher:not collected; temp:not collected; treatment:not collected
PRJNA847741	SRR22924258	SAMN13925857	NA	leaf	seedling stage	NA	BC217	NA	isolate:217; cultivar:not collected; ecotype:not collected; age:not collected; dev stage:Seedling; geo loc name:not collected; tissue:Leaf; biomaterial provider:Xianmin Diao; cell line:not collected; cell type:not collected; collected by:not collected; collection date:not collected; culture collection:not collected; disease:not collected; disease stage:not collected; genotype:not collected; growth protocol:not collected; height or length:not collected; isolation source:not collected; lat lon:not collected; phenotype:not collected; population:not collected; sample type:not collected; sex:not collected; specimen voucher:not collected; temp:not collected; treatment:not collected
PRJNA847741	SRR22924259	SAMN13925844	NA	leaf	seedling stage	NA	BC204	NA	isolate:204; cultivar:not collected; ecotype:not collected; age:not collected; dev stage:Seedling; geo loc name:not collected; tissue:Leaf; biomaterial provider:Xianmin Diao; cell line:not collected; cell type:not collected; collected by:not collected; collection date:not collected; culture collection:not collected; disease:not collected; disease stage:not collected; genotype:not collected; growth protocol:not collected; height or length:not collected; isolation source:not collected; lat lon:not collected; phenotype:not collected; population:not collected; sample type:not collected; sex:not collected; specimen voucher:not collected; temp:not collected; treatment:not collected
PRJNA847741	SRR22924260	SAMN13925828	NA	leaf	seedling stage	NA	BC188	NA	isolate:188; cultivar:not collected; ecotype:not collected; age:not collected; dev stage:Seedling; geo loc name:not collected; tissue:Leaf; biomaterial provider:Xianmin Diao; cell line:not collected; cell type:not collected; collected by:not collected; collection date:not collected; culture collection:not collected; disease:not collected; disease stage:not collected; genotype:not collected; growth protocol:not collected; height or length:not collected; isolation source:not collected; lat lon:not collected; phenotype:not collected; population:not collected; sample type:not collected; sex:not collected; specimen voucher:not collected; temp:not collected; treatment:not collected
PRJNA847741	SRR22924261	SAMN13925810	NA	leaf	seedling stage	NA	BC170	NA	isolate:170; cultivar:not collected; ecotype:not collected; age:not collected; dev stage:Seedling; geo loc name:not collected; tissue:Leaf; biomaterial provider:Xianmin Diao; cell line:not collected; cell type:not collected; collected by:not collected; collection date:not collected; culture collection:not collected; disease:not collected; disease stage:not collected; genotype:not collected; growth protocol:not collected; height or length:not collected; isolation source:not collected; lat lon:not collected; phenotype:not collected; population:not collected; sample type:not collected; sex:not collected; specimen voucher:not collected; temp:not collected; treatment:not collected
PRJNA847741	SRR22924262	SAMN13925776	NA	leaf	seedling stage	NA	BC136	NA	isolate:136; cultivar:not collected; ecotype:not collected; age:not collected; dev stage:Seedling; geo loc name:not collected; tissue:Leaf; biomaterial provider:Xianmin Diao; cell line:not collected; cell type:not collected; collected by:not collected; collection date:not collected; culture collection:not collected; disease:not collected; disease stage:not collected; genotype:not collected; growth protocol:not collected; height or length:not collected; isolation source:not collected; lat lon:not collected; phenotype:not collected; population:not collected; sample type:not collected; sex:not collected; specimen voucher:not collected; temp:not collected; treatment:not collected
PRJNA847741	SRR22924263	SAMN13925810	NA	leaf	seedling stage	NA	BC170	NA	isolate:170; cultivar:not collected; ecotype:not collected; age:not collected; dev stage:Seedling; geo loc name:not collected; tissue:Leaf; biomaterial provider:Xianmin Diao; cell line:not collected; cell type:not collected; collected by:not collected; collection date:not collected; culture collection:not collected; disease:not collected; disease stage:not collected; genotype:not collected; growth protocol:not collected; height or length:not collected; isolation source:not collected; lat lon:not collected; phenotype:not collected; population:not collected; sample type:not collected; sex:not collected; specimen voucher:not collected; temp:not collected; treatment:not collected
PRJNA847741	SRR22924264	SAMN13925740	NA	leaf	seedling stage	NA	BC100	NA	isolate:100; cultivar:not collected; ecotype:not collected; age:not collected; dev stage:Seedling; geo loc name:not collected; tissue:Leaf; biomaterial provider:Xianmin Diao; cell line:not collected; cell type:not collected; collected by:not collected; collection date:not collected; culture collection:not collected; disease:not collected; disease stage:not collected; genotype:not collected; growth protocol:not collected; height or length:not collected; isolation source:not collected; lat lon:not collected; phenotype:not collected; population:not collected; sample type:not collected; sex:not collected; specimen voucher:not collected; temp:not collected; treatment:not collected
PRJNA847741	SRR22924265	SAMN13925688	NA	leaf	seedling stage	NA	BC48	NA	isolate:48; cultivar:not collected; ecotype:not collected; age:not collected; dev stage:Seedling; geo loc name:not collected; tissue:Leaf; biomaterial provider:Xianmin Diao; cell line:not collected; cell type:not collected; collected by:not collected; collection date:not collected; culture collection:not collected; disease:not collected; disease stage:not collected; genotype:not collected; growth protocol:not collected; height or length:not collected; isolation source:not collected; lat lon:not collected; phenotype:not collected; population:not collected; sample type:not collected; sex:not collected; specimen voucher:not collected; temp:not collected; treatment:not collected
PRJNA847741	SRR22924266	SAMN13925680	NA	leaf	seedling stage	NA	BC40	NA	isolate:40; cultivar:not collected; ecotype:not collected; age:not collected; dev stage:Seedling; geo loc name:not collected; tissue:Leaf; biomaterial provider:Xianmin Diao; cell line:not collected; cell type:not collected; collected by:not collected; collection date:not collected; culture collection:not collected; disease:not collected; disease stage:not collected; genotype:not collected; growth protocol:not collected; height or length:not collected; isolation source:not collected; lat lon:not collected; phenotype:not collected; population:not collected; sample type:not collected; sex:not collected; specimen voucher:not collected; temp:not collected; treatment:not collected
PRJNA847741	SRR22924267	SAMN13925667	NA	leaf	seedling stage	NA	BC27	NA	isolate:27; cultivar:not collected; ecotype:not collected; age:not collected; dev stage:Seedling; geo loc name:not collected; tissue:Leaf; biomaterial provider:Xianmin Diao; cell line:not collected; cell type:not collected; collected by:not collected; collection date:not collected; culture collection:not collected; disease:not collected; disease stage:not collected; genotype:not collected; growth protocol:not collected; height or length:not collected; isolation source:not collected; lat lon:not collected; phenotype:not collected; population:not collected; sample type:not collected; sex:not collected; specimen voucher:not collected; temp:not collected; treatment:not collected
PRJNA847741	SRR22924268	SAMN13926038	NA	leaf	seedling stage	NA	BC398	NA	isolate:398; cultivar:not collected; ecotype:not collected; age:not collected; dev stage:Seedling; geo loc name:not collected; tissue:Leaf; biomaterial provider:Xianmin Diao; cell line:not collected; cell type:not collected; collected by:not collected; collection date:not collected; culture collection:not collected; disease:not collected; disease stage:not collected; genotype:not collected; growth protocol:not collected; height or length:not collected; isolation source:not collected; lat lon:not collected; phenotype:not collected; population:not collected; sample type:not collected; sex:not collected; specimen voucher:not collected; temp:not collected; treatment:not collected
PRJNA847741	SRR22924269	SAMN13926022	NA	leaf	seedling stage	NA	BC382	NA	isolate:382; cultivar:not collected; ecotype:not collected; age:not collected; dev stage:Seedling; geo loc name:not collected; tissue:Leaf; biomaterial provider:Xianmin Diao; cell line:not collected; cell type:not collected; collected by:not collected; collection date:not collected; culture collection:not collected; disease:not collected; disease stage:not collected; genotype:not collected; growth protocol:not collected; height or length:not collected; isolation source:not collected; lat lon:not collected; phenotype:not collected; population:not collected; sample type:not collected; sex:not collected; specimen voucher:not collected; temp:not collected; treatment:not collected
PRJNA847741	SRR22924270	SAMN13926002	NA	leaf	seedling stage	NA	BC362	NA	isolate:362; cultivar:not collected; ecotype:not collected; age:not collected; dev stage:Seedling; geo loc name:not collected; tissue:Leaf; biomaterial provider:Xianmin Diao; cell line:not collected; cell type:not collected; collected by:not collected; collection date:not collected; culture collection:not collected; disease:not collected; disease stage:not collected; genotype:not collected; growth protocol:not collected; height or length:not collected; isolation source:not collected; lat lon:not collected; phenotype:not collected; population:not collected; sample type:not collected; sex:not collected; specimen voucher:not collected; temp:not collected; treatment:not collected
PRJNA847741	SRR22924271	SAMN13926000	NA	leaf	seedling stage	NA	BC360	NA	isolate:360; cultivar:not collected; ecotype:not collected; age:not collected; dev stage:Seedling; geo loc name:not collected; tissue:Leaf; biomaterial provider:Xianmin Diao; cell line:not collected; cell type:not collected; collected by:not collected; collection date:not collected; culture collection:not collected; disease:not collected; disease stage:not collected; genotype:not collected; growth protocol:not collected; height or length:not collected; isolation source:not collected; lat lon:not collected; phenotype:not collected; population:not collected; sample type:not collected; sex:not collected; specimen voucher:not collected; temp:not collected; treatment:not collected
PRJNA847741	SRR22924272	SAMN13925990	NA	leaf	seedling stage	NA	BC350	NA	isolate:350; cultivar:not collected; ecotype:not collected; age:not collected; dev stage:Seedling; geo loc name:not collected; tissue:Leaf; biomaterial provider:Xianmin Diao; cell line:not collected; cell type:not collected; collected by:not collected; collection date:not collected; culture collection:not collected; disease:not collected; disease stage:not collected; genotype:not collected; growth protocol:not collected; height or length:not collected; isolation source:not collected; lat lon:not collected; phenotype:not collected; population:not collected; sample type:not collected; sex:not collected; specimen voucher:not collected; temp:not collected; treatment:not collected
PRJNA847741	SRR22924273	SAMN13925972	NA	leaf	seedling stage	NA	BC332	NA	isolate:332; cultivar:not collected; ecotype:not collected; age:not collected; dev stage:Seedling; geo loc name:not collected; tissue:Leaf; biomaterial provider:Xianmin Diao; cell line:not collected; cell type:not collected; collected by:not collected; collection date:not collected; culture collection:not collected; disease:not collected; disease stage:not collected; genotype:not collected; growth protocol:not collected; height or length:not collected; isolation source:not collected; lat lon:not collected; phenotype:not collected; population:not collected; sample type:not collected; sex:not collected; specimen voucher:not collected; temp:not collected; treatment:not collected
PRJNA847741	SRR22924274	SAMN13925776	NA	leaf	seedling stage	NA	BC136	NA	isolate:136; cultivar:not collected; ecotype:not collected; age:not collected; dev stage:Seedling; geo loc name:not collected; tissue:Leaf; biomaterial provider:Xianmin Diao; cell line:not collected; cell type:not collected; collected by:not collected; collection date:not collected; culture collection:not collected; disease:not collected; disease stage:not collected; genotype:not collected; growth protocol:not collected; height or length:not collected; isolation source:not collected; lat lon:not collected; phenotype:not collected; population:not collected; sample type:not collected; sex:not collected; specimen voucher:not collected; temp:not collected; treatment:not collected
PRJNA847741	SRR22924275	SAMN13925968	NA	leaf	seedling stage	NA	BC328	NA	isolate:328; cultivar:not collected; ecotype:not collected; age:not collected; dev stage:Seedling; geo loc name:not collected; tissue:Leaf; biomaterial provider:Xianmin Diao; cell line:not collected; cell type:not collected; collected by:not collected; collection date:not collected; culture collection:not collected; disease:not collected; disease stage:not collected; genotype:not collected; growth protocol:not collected; height or length:not collected; isolation source:not collected; lat lon:not collected; phenotype:not collected; population:not collected; sample type:not collected; sex:not collected; specimen voucher:not collected; temp:not collected; treatment:not collected
PRJNA847741	SRR22924276	SAMN13925955	NA	leaf	seedling stage	NA	BC315	NA	isolate:315; cultivar:not collected; ecotype:not collected; age:not collected; dev stage:Seedling; geo loc name:not collected; tissue:Leaf; biomaterial provider:Xianmin Diao; cell line:not collected; cell type:not collected; collected by:not collected; collection date:not collected; culture collection:not collected; disease:not collected; disease stage:not collected; genotype:not collected; growth protocol:not collected; height or length:not collected; isolation source:not collected; lat lon:not collected; phenotype:not collected; population:not collected; sample type:not collected; sex:not collected; specimen voucher:not collected; temp:not collected; treatment:not collected
PRJNA847741	SRR22924277	SAMN13925951	NA	leaf	seedling stage	NA	BC311	NA	isolate:311; cultivar:not collected; ecotype:not collected; age:not collected; dev stage:Seedling; geo loc name:not collected; tissue:Leaf; biomaterial provider:Xianmin Diao; cell line:not collected; cell type:not collected; collected by:not collected; collection date:not collected; culture collection:not collected; disease:not collected; disease stage:not collected; genotype:not collected; growth protocol:not collected; height or length:not collected; isolation source:not collected; lat lon:not collected; phenotype:not collected; population:not collected; sample type:not collected; sex:not collected; specimen voucher:not collected; temp:not collected; treatment:not collected
PRJNA847741	SRR22924278	SAMN13925950	NA	leaf	seedling stage	NA	BC310	NA	isolate:310; cultivar:not collected; ecotype:not collected; age:not collected; dev stage:Seedling; geo loc name:not collected; tissue:Leaf; biomaterial provider:Xianmin Diao; cell line:not collected; cell type:not collected; collected by:not collected; collection date:not collected; culture collection:not collected; disease:not collected; disease stage:not collected; genotype:not collected; growth protocol:not collected; height or length:not collected; isolation source:not collected; lat lon:not collected; phenotype:not collected; population:not collected; sample type:not collected; sex:not collected; specimen voucher:not collected; temp:not collected; treatment:not collected
PRJNA847741	SRR22924279	SAMN13925932	NA	leaf	seedling stage	NA	BC292	NA	isolate:292; cultivar:not collected; ecotype:not collected; age:not collected; dev stage:Seedling; geo loc name:not collected; tissue:Leaf; biomaterial provider:Xianmin Diao; cell line:not collected; cell type:not collected; collected by:not collected; collection date:not collected; culture collection:not collected; disease:not collected; disease stage:not collected; genotype:not collected; growth protocol:not collected; height or length:not collected; isolation source:not collected; lat lon:not collected; phenotype:not collected; population:not collected; sample type:not collected; sex:not collected; specimen voucher:not collected; temp:not collected; treatment:not collected
PRJNA847741	SRR22924280	SAMN13925904	NA	leaf	seedling stage	NA	BC264	NA	isolate:264; cultivar:not collected; ecotype:not collected; age:not collected; dev stage:Seedling; geo loc name:not collected; tissue:Leaf; biomaterial provider:Xianmin Diao; cell line:not collected; cell type:not collected; collected by:not collected; collection date:not collected; culture collection:not collected; disease:not collected; disease stage:not collected; genotype:not collected; growth protocol:not collected; height or length:not collected; isolation source:not collected; lat lon:not collected; phenotype:not collected; population:not collected; sample type:not collected; sex:not collected; specimen voucher:not collected; temp:not collected; treatment:not collected
PRJNA847741	SRR22924281	SAMN13925884	NA	leaf	seedling stage	NA	BC244	NA	isolate:244; cultivar:not collected; ecotype:not collected; age:not collected; dev stage:Seedling; geo loc name:not collected; tissue:Leaf; biomaterial provider:Xianmin Diao; cell line:not collected; cell type:not collected; collected by:not collected; collection date:not collected; culture collection:not collected; disease:not collected; disease stage:not collected; genotype:not collected; growth protocol:not collected; height or length:not collected; isolation source:not collected; lat lon:not collected; phenotype:not collected; population:not collected; sample type:not collected; sex:not collected; specimen voucher:not collected; temp:not collected; treatment:not collected
PRJNA847741	SRR22924282	SAMN13925875	NA	leaf	seedling stage	NA	BC235	NA	isolate:235; cultivar:not collected; ecotype:not collected; age:not collected; dev stage:Seedling; geo loc name:not collected; tissue:Leaf; biomaterial provider:Xianmin Diao; cell line:not collected; cell type:not collected; collected by:not collected; collection date:not collected; culture collection:not collected; disease:not collected; disease stage:not collected; genotype:not collected; growth protocol:not collected; height or length:not collected; isolation source:not collected; lat lon:not collected; phenotype:not collected; population:not collected; sample type:not collected; sex:not collected; specimen voucher:not collected; temp:not collected; treatment:not collected
PRJNA847741	SRR22924283	SAMN13925857	NA	leaf	seedling stage	NA	BC217	NA	isolate:217; cultivar:not collected; ecotype:not collected; age:not collected; dev stage:Seedling; geo loc name:not collected; tissue:Leaf; biomaterial provider:Xianmin Diao; cell line:not collected; cell type:not collected; collected by:not collected; collection date:not collected; culture collection:not collected; disease:not collected; disease stage:not collected; genotype:not collected; growth protocol:not collected; height or length:not collected; isolation source:not collected; lat lon:not collected; phenotype:not collected; population:not collected; sample type:not collected; sex:not collected; specimen voucher:not collected; temp:not collected; treatment:not collected
PRJNA847741	SRR22924284	SAMN13925844	NA	leaf	seedling stage	NA	BC204	NA	isolate:204; cultivar:not collected; ecotype:not collected; age:not collected; dev stage:Seedling; geo loc name:not collected; tissue:Leaf; biomaterial provider:Xianmin Diao; cell line:not collected; cell type:not collected; collected by:not collected; collection date:not collected; culture collection:not collected; disease:not collected; disease stage:not collected; genotype:not collected; growth protocol:not collected; height or length:not collected; isolation source:not collected; lat lon:not collected; phenotype:not collected; population:not collected; sample type:not collected; sex:not collected; specimen voucher:not collected; temp:not collected; treatment:not collected
PRJNA847741	SRR22924285	SAMN13925740	NA	leaf	seedling stage	NA	BC100	NA	isolate:100; cultivar:not collected; ecotype:not collected; age:not collected; dev stage:Seedling; geo loc name:not collected; tissue:Leaf; biomaterial provider:Xianmin Diao; cell line:not collected; cell type:not collected; collected by:not collected; collection date:not collected; culture collection:not collected; disease:not collected; disease stage:not collected; genotype:not collected; growth protocol:not collected; height or length:not collected; isolation source:not collected; lat lon:not collected; phenotype:not collected; population:not collected; sample type:not collected; sex:not collected; specimen voucher:not collected; temp:not collected; treatment:not collected
PRJNA847741	SRR22924286	SAMN13925828	NA	leaf	seedling stage	NA	BC188	NA	isolate:188; cultivar:not collected; ecotype:not collected; age:not collected; dev stage:Seedling; geo loc name:not collected; tissue:Leaf; biomaterial provider:Xianmin Diao; cell line:not collected; cell type:not collected; collected by:not collected; collection date:not collected; culture collection:not collected; disease:not collected; disease stage:not collected; genotype:not collected; growth protocol:not collected; height or length:not collected; isolation source:not collected; lat lon:not collected; phenotype:not collected; population:not collected; sample type:not collected; sex:not collected; specimen voucher:not collected; temp:not collected; treatment:not collected
PRJNA847741	SRR22924287	SAMN13925810	NA	leaf	seedling stage	NA	BC170	NA	isolate:170; cultivar:not collected; ecotype:not collected; age:not collected; dev stage:Seedling; geo loc name:not collected; tissue:Leaf; biomaterial provider:Xianmin Diao; cell line:not collected; cell type:not collected; collected by:not collected; collection date:not collected; culture collection:not collected; disease:not collected; disease stage:not collected; genotype:not collected; growth protocol:not collected; height or length:not collected; isolation source:not collected; lat lon:not collected; phenotype:not collected; population:not collected; sample type:not collected; sex:not collected; specimen voucher:not collected; temp:not collected; treatment:not collected
PRJNA847741	SRR22924288	SAMN13925776	NA	leaf	seedling stage	NA	BC136	NA	isolate:136; cultivar:not collected; ecotype:not collected; age:not collected; dev stage:Seedling; geo loc name:not collected; tissue:Leaf; biomaterial provider:Xianmin Diao; cell line:not collected; cell type:not collected; collected by:not collected; collection date:not collected; culture collection:not collected; disease:not collected; disease stage:not collected; genotype:not collected; growth protocol:not collected; height or length:not collected; isolation source:not collected; lat lon:not collected; phenotype:not collected; population:not collected; sample type:not collected; sex:not collected; specimen voucher:not collected; temp:not collected; treatment:not collected
PRJNA847741	SRR22924289	SAMN13925740	NA	leaf	seedling stage	NA	BC100	NA	isolate:100; cultivar:not collected; ecotype:not collected; age:not collected; dev stage:Seedling; geo loc name:not collected; tissue:Leaf; biomaterial provider:Xianmin Diao; cell line:not collected; cell type:not collected; collected by:not collected; collection date:not collected; culture collection:not collected; disease:not collected; disease stage:not collected; genotype:not collected; growth protocol:not collected; height or length:not collected; isolation source:not collected; lat lon:not collected; phenotype:not collected; population:not collected; sample type:not collected; sex:not collected; specimen voucher:not collected; temp:not collected; treatment:not collected
PRJNA847741	SRR22924290	SAMN13925688	NA	leaf	seedling stage	NA	BC48	NA	isolate:48; cultivar:not collected; ecotype:not collected; age:not collected; dev stage:Seedling; geo loc name:not collected; tissue:Leaf; biomaterial provider:Xianmin Diao; cell line:not collected; cell type:not collected; collected by:not collected; collection date:not collected; culture collection:not collected; disease:not collected; disease stage:not collected; genotype:not collected; growth protocol:not collected; height or length:not collected; isolation source:not collected; lat lon:not collected; phenotype:not collected; population:not collected; sample type:not collected; sex:not collected; specimen voucher:not collected; temp:not collected; treatment:not collected
PRJNA847741	SRR22924291	SAMN13925680	NA	leaf	seedling stage	NA	BC40	NA	isolate:40; cultivar:not collected; ecotype:not collected; age:not collected; dev stage:Seedling; geo loc name:not collected; tissue:Leaf; biomaterial provider:Xianmin Diao; cell line:not collected; cell type:not collected; collected by:not collected; collection date:not collected; culture collection:not collected; disease:not collected; disease stage:not collected; genotype:not collected; growth protocol:not collected; height or length:not collected; isolation source:not collected; lat lon:not collected; phenotype:not collected; population:not collected; sample type:not collected; sex:not collected; specimen voucher:not collected; temp:not collected; treatment:not collected
PRJNA847741	SRR22924292	SAMN13925667	NA	leaf	seedling stage	NA	BC27	NA	isolate:27; cultivar:not collected; ecotype:not collected; age:not collected; dev stage:Seedling; geo loc name:not collected; tissue:Leaf; biomaterial provider:Xianmin Diao; cell line:not collected; cell type:not collected; collected by:not collected; collection date:not collected; culture collection:not collected; disease:not collected; disease stage:not collected; genotype:not collected; growth protocol:not collected; height or length:not collected; isolation source:not collected; lat lon:not collected; phenotype:not collected; population:not collected; sample type:not collected; sex:not collected; specimen voucher:not collected; temp:not collected; treatment:not collected
PRJNA847741	SRR22924293	SAMN13926038	NA	leaf	seedling stage	NA	BC398	NA	isolate:398; cultivar:not collected; ecotype:not collected; age:not collected; dev stage:Seedling; geo loc name:not collected; tissue:Leaf; biomaterial provider:Xianmin Diao; cell line:not collected; cell type:not collected; collected by:not collected; collection date:not collected; culture collection:not collected; disease:not collected; disease stage:not collected; genotype:not collected; growth protocol:not collected; height or length:not collected; isolation source:not collected; lat lon:not collected; phenotype:not collected; population:not collected; sample type:not collected; sex:not collected; specimen voucher:not collected; temp:not collected; treatment:not collected
PRJNA847741	SRR22924294	SAMN13926022	NA	leaf	seedling stage	NA	BC382	NA	isolate:382; cultivar:not collected; ecotype:not collected; age:not collected; dev stage:Seedling; geo loc name:not collected; tissue:Leaf; biomaterial provider:Xianmin Diao; cell line:not collected; cell type:not collected; collected by:not collected; collection date:not collected; culture collection:not collected; disease:not collected; disease stage:not collected; genotype:not collected; growth protocol:not collected; height or length:not collected; isolation source:not collected; lat lon:not collected; phenotype:not collected; population:not collected; sample type:not collected; sex:not collected; specimen voucher:not collected; temp:not collected; treatment:not collected
PRJNA847741	SRR22924295	SAMN13926002	NA	leaf	seedling stage	NA	BC362	NA	isolate:362; cultivar:not collected; ecotype:not collected; age:not collected; dev stage:Seedling; geo loc name:not collected; tissue:Leaf; biomaterial provider:Xianmin Diao; cell line:not collected; cell type:not collected; collected by:not collected; collection date:not collected; culture collection:not collected; disease:not collected; disease stage:not collected; genotype:not collected; growth protocol:not collected; height or length:not collected; isolation source:not collected; lat lon:not collected; phenotype:not collected; population:not collected; sample type:not collected; sex:not collected; specimen voucher:not collected; temp:not collected; treatment:not collected
PRJNA847741	SRR22924296	SAMN13925688	NA	leaf	seedling stage	NA	BC48	NA	isolate:48; cultivar:not collected; ecotype:not collected; age:not collected; dev stage:Seedling; geo loc name:not collected; tissue:Leaf; biomaterial provider:Xianmin Diao; cell line:not collected; cell type:not collected; collected by:not collected; collection date:not collected; culture collection:not collected; disease:not collected; disease stage:not collected; genotype:not collected; growth protocol:not collected; height or length:not collected; isolation source:not collected; lat lon:not collected; phenotype:not collected; population:not collected; sample type:not collected; sex:not collected; specimen voucher:not collected; temp:not collected; treatment:not collected
PRJNA847741	SRR22924297	SAMN13926000	NA	leaf	seedling stage	NA	BC360	NA	isolate:360; cultivar:not collected; ecotype:not collected; age:not collected; dev stage:Seedling; geo loc name:not collected; tissue:Leaf; biomaterial provider:Xianmin Diao; cell line:not collected; cell type:not collected; collected by:not collected; collection date:not collected; culture collection:not collected; disease:not collected; disease stage:not collected; genotype:not collected; growth protocol:not collected; height or length:not collected; isolation source:not collected; lat lon:not collected; phenotype:not collected; population:not collected; sample type:not collected; sex:not collected; specimen voucher:not collected; temp:not collected; treatment:not collected
PRJNA847741	SRR22924298	SAMN13925990	NA	leaf	seedling stage	NA	BC350	NA	isolate:350; cultivar:not collected; ecotype:not collected; age:not collected; dev stage:Seedling; geo loc name:not collected; tissue:Leaf; biomaterial provider:Xianmin Diao; cell line:not collected; cell type:not collected; collected by:not collected; collection date:not collected; culture collection:not collected; disease:not collected; disease stage:not collected; genotype:not collected; growth protocol:not collected; height or length:not collected; isolation source:not collected; lat lon:not collected; phenotype:not collected; population:not collected; sample type:not collected; sex:not collected; specimen voucher:not collected; temp:not collected; treatment:not collected
PRJNA847741	SRR22924299	SAMN13925972	NA	leaf	seedling stage	NA	BC332	NA	isolate:332; cultivar:not collected; ecotype:not collected; age:not collected; dev stage:Seedling; geo loc name:not collected; tissue:Leaf; biomaterial provider:Xianmin Diao; cell line:not collected; cell type:not collected; collected by:not collected; collection date:not collected; culture collection:not collected; disease:not collected; disease stage:not collected; genotype:not collected; growth protocol:not collected; height or length:not collected; isolation source:not collected; lat lon:not collected; phenotype:not collected; population:not collected; sample type:not collected; sex:not collected; specimen voucher:not collected; temp:not collected; treatment:not collected
PRJNA847741	SRR22924300	SAMN13925968	NA	leaf	seedling stage	NA	BC328	NA	isolate:328; cultivar:not collected; ecotype:not collected; age:not collected; dev stage:Seedling; geo loc name:not collected; tissue:Leaf; biomaterial provider:Xianmin Diao; cell line:not collected; cell type:not collected; collected by:not collected; collection date:not collected; culture collection:not collected; disease:not collected; disease stage:not collected; genotype:not collected; growth protocol:not collected; height or length:not collected; isolation source:not collected; lat lon:not collected; phenotype:not collected; population:not collected; sample type:not collected; sex:not collected; specimen voucher:not collected; temp:not collected; treatment:not collected
PRJNA847741	SRR22924301	SAMN13925955	NA	leaf	seedling stage	NA	BC315	NA	isolate:315; cultivar:not collected; ecotype:not collected; age:not collected; dev stage:Seedling; geo loc name:not collected; tissue:Leaf; biomaterial provider:Xianmin Diao; cell line:not collected; cell type:not collected; collected by:not collected; collection date:not collected; culture collection:not collected; disease:not collected; disease stage:not collected; genotype:not collected; growth protocol:not collected; height or length:not collected; isolation source:not collected; lat lon:not collected; phenotype:not collected; population:not collected; sample type:not collected; sex:not collected; specimen voucher:not collected; temp:not collected; treatment:not collected
PRJNA847741	SRR22924302	SAMN13925951	NA	leaf	seedling stage	NA	BC311	NA	isolate:311; cultivar:not collected; ecotype:not collected; age:not collected; dev stage:Seedling; geo loc name:not collected; tissue:Leaf; biomaterial provider:Xianmin Diao; cell line:not collected; cell type:not collected; collected by:not collected; collection date:not collected; culture collection:not collected; disease:not collected; disease stage:not collected; genotype:not collected; growth protocol:not collected; height or length:not collected; isolation source:not collected; lat lon:not collected; phenotype:not collected; population:not collected; sample type:not collected; sex:not collected; specimen voucher:not collected; temp:not collected; treatment:not collected
PRJNA847741	SRR22924303	SAMN13925950	NA	leaf	seedling stage	NA	BC310	NA	isolate:310; cultivar:not collected; ecotype:not collected; age:not collected; dev stage:Seedling; geo loc name:not collected; tissue:Leaf; biomaterial provider:Xianmin Diao; cell line:not collected; cell type:not collected; collected by:not collected; collection date:not collected; culture collection:not collected; disease:not collected; disease stage:not collected; genotype:not collected; growth protocol:not collected; height or length:not collected; isolation source:not collected; lat lon:not collected; phenotype:not collected; population:not collected; sample type:not collected; sex:not collected; specimen voucher:not collected; temp:not collected; treatment:not collected
PRJNA847741	SRR22924304	SAMN13925932	NA	leaf	seedling stage	NA	BC292	NA	isolate:292; cultivar:not collected; ecotype:not collected; age:not collected; dev stage:Seedling; geo loc name:not collected; tissue:Leaf; biomaterial provider:Xianmin Diao; cell line:not collected; cell type:not collected; collected by:not collected; collection date:not collected; culture collection:not collected; disease:not collected; disease stage:not collected; genotype:not collected; growth protocol:not collected; height or length:not collected; isolation source:not collected; lat lon:not collected; phenotype:not collected; population:not collected; sample type:not collected; sex:not collected; specimen voucher:not collected; temp:not collected; treatment:not collected
PRJNA847741	SRR22924305	SAMN13925904	NA	leaf	seedling stage	NA	BC264	NA	isolate:264; cultivar:not collected; ecotype:not collected; age:not collected; dev stage:Seedling; geo loc name:not collected; tissue:Leaf; biomaterial provider:Xianmin Diao; cell line:not collected; cell type:not collected; collected by:not collected; collection date:not collected; culture collection:not collected; disease:not collected; disease stage:not collected; genotype:not collected; growth protocol:not collected; height or length:not collected; isolation source:not collected; lat lon:not collected; phenotype:not collected; population:not collected; sample type:not collected; sex:not collected; specimen voucher:not collected; temp:not collected; treatment:not collected
PRJNA847741	SRR22924306	SAMN13925884	NA	leaf	seedling stage	NA	BC244	NA	isolate:244; cultivar:not collected; ecotype:not collected; age:not collected; dev stage:Seedling; geo loc name:not collected; tissue:Leaf; biomaterial provider:Xianmin Diao; cell line:not collected; cell type:not collected; collected by:not collected; collection date:not collected; culture collection:not collected; disease:not collected; disease stage:not collected; genotype:not collected; growth protocol:not collected; height or length:not collected; isolation source:not collected; lat lon:not collected; phenotype:not collected; population:not collected; sample type:not collected; sex:not collected; specimen voucher:not collected; temp:not collected; treatment:not collected
PRJNA847741	SRR22924307	SAMN13925680	NA	leaf	seedling stage	NA	BC40	NA	isolate:40; cultivar:not collected; ecotype:not collected; age:not collected; dev stage:Seedling; geo loc name:not collected; tissue:Leaf; biomaterial provider:Xianmin Diao; cell line:not collected; cell type:not collected; collected by:not collected; collection date:not collected; culture collection:not collected; disease:not collected; disease stage:not collected; genotype:not collected; growth protocol:not collected; height or length:not collected; isolation source:not collected; lat lon:not collected; phenotype:not collected; population:not collected; sample type:not collected; sex:not collected; specimen voucher:not collected; temp:not collected; treatment:not collected
PRJNA847741	SRR22924308	SAMN13925667	NA	leaf	seedling stage	NA	BC27	NA	isolate:27; cultivar:not collected; ecotype:not collected; age:not collected; dev stage:Seedling; geo loc name:not collected; tissue:Leaf; biomaterial provider:Xianmin Diao; cell line:not collected; cell type:not collected; collected by:not collected; collection date:not collected; culture collection:not collected; disease:not collected; disease stage:not collected; genotype:not collected; growth protocol:not collected; height or length:not collected; isolation source:not collected; lat lon:not collected; phenotype:not collected; population:not collected; sample type:not collected; sex:not collected; specimen voucher:not collected; temp:not collected; treatment:not collected
PRJNA847741	SRR22936343	SAMN13926044	NA	leaf	seedling stage	NA	BC404	NA	isolate:404; cultivar:not collected; ecotype:not collected; age:not collected; dev stage:Seedling; geo loc name:not collected; tissue:Leaf; biomaterial provider:Xianmin Diao; cell line:not collected; cell type:not collected; collected by:not collected; collection date:not collected; culture collection:not collected; disease:not collected; disease stage:not collected; genotype:not collected; growth protocol:not collected; height or length:not collected; isolation source:not collected; lat lon:not collected; phenotype:not collected; population:not collected; sample type:not collected; sex:not collected; specimen voucher:not collected; temp:not collected; treatment:not collected
PRJNA847741	SRR22936344	SAMN13926138	NA	leaf	seedling stage	NA	BC498	NA	isolate:498; cultivar:not collected; ecotype:not collected; age:not collected; dev stage:Seedling; geo loc name:not collected; tissue:Leaf; biomaterial provider:Xianmin Diao; cell line:not collected; cell type:not collected; collected by:not collected; collection date:not collected; culture collection:not collected; disease:not collected; disease stage:not collected; genotype:not collected; growth protocol:not collected; height or length:not collected; isolation source:not collected; lat lon:not collected; phenotype:not collected; population:not collected; sample type:not collected; sex:not collected; specimen voucher:not collected; temp:not collected; treatment:not collected
PRJNA847741	SRR22936345	SAMN13926134	NA	leaf	seedling stage	NA	BC494	NA	isolate:494; cultivar:not collected; ecotype:not collected; age:not collected; dev stage:Seedling; geo loc name:not collected; tissue:Leaf; biomaterial provider:Xianmin Diao; cell line:not collected; cell type:not collected; collected by:not collected; collection date:not collected; culture collection:not collected; disease:not collected; disease stage:not collected; genotype:not collected; growth protocol:not collected; height or length:not collected; isolation source:not collected; lat lon:not collected; phenotype:not collected; population:not collected; sample type:not collected; sex:not collected; specimen voucher:not collected; temp:not collected; treatment:not collected
PRJNA847741	SRR22936346	SAMN13926117	NA	leaf	seedling stage	NA	BC477	NA	isolate:477; cultivar:not collected; ecotype:not collected; age:not collected; dev stage:Seedling; geo loc name:not collected; tissue:Leaf; biomaterial provider:Xianmin Diao; cell line:not collected; cell type:not collected; collected by:not collected; collection date:not collected; culture collection:not collected; disease:not collected; disease stage:not collected; genotype:not collected; growth protocol:not collected; height or length:not collected; isolation source:not collected; lat lon:not collected; phenotype:not collected; population:not collected; sample type:not collected; sex:not collected; specimen voucher:not collected; temp:not collected; treatment:not collected
PRJNA847741	SRR22936347	SAMN13926115	NA	leaf	seedling stage	NA	BC475	NA	isolate:475; cultivar:not collected; ecotype:not collected; age:not collected; dev stage:Seedling; geo loc name:not collected; tissue:Leaf; biomaterial provider:Xianmin Diao; cell line:not collected; cell type:not collected; collected by:not collected; collection date:not collected; culture collection:not collected; disease:not collected; disease stage:not collected; genotype:not collected; growth protocol:not collected; height or length:not collected; isolation source:not collected; lat lon:not collected; phenotype:not collected; population:not collected; sample type:not collected; sex:not collected; specimen voucher:not collected; temp:not collected; treatment:not collected
PRJNA847741	SRR22936348	SAMN13926074	NA	leaf	seedling stage	NA	BC434	NA	isolate:434; cultivar:not collected; ecotype:not collected; age:not collected; dev stage:Seedling; geo loc name:not collected; tissue:Leaf; biomaterial provider:Xianmin Diao; cell line:not collected; cell type:not collected; collected by:not collected; collection date:not collected; culture collection:not collected; disease:not collected; disease stage:not collected; genotype:not collected; growth protocol:not collected; height or length:not collected; isolation source:not collected; lat lon:not collected; phenotype:not collected; population:not collected; sample type:not collected; sex:not collected; specimen voucher:not collected; temp:not collected; treatment:not collected
PRJNA847741	SRR22936349	SAMN13926066	NA	leaf	seedling stage	NA	BC426	NA	isolate:426; cultivar:not collected; ecotype:not collected; age:not collected; dev stage:Seedling; geo loc name:not collected; tissue:Leaf; biomaterial provider:Xianmin Diao; cell line:not collected; cell type:not collected; collected by:not collected; collection date:not collected; culture collection:not collected; disease:not collected; disease stage:not collected; genotype:not collected; growth protocol:not collected; height or length:not collected; isolation source:not collected; lat lon:not collected; phenotype:not collected; population:not collected; sample type:not collected; sex:not collected; specimen voucher:not collected; temp:not collected; treatment:not collected
PRJNA847741	SRR22936350	SAMN13926138	NA	leaf	seedling stage	NA	BC498	NA	isolate:498; cultivar:not collected; ecotype:not collected; age:not collected; dev stage:Seedling; geo loc name:not collected; tissue:Leaf; biomaterial provider:Xianmin Diao; cell line:not collected; cell type:not collected; collected by:not collected; collection date:not collected; culture collection:not collected; disease:not collected; disease stage:not collected; genotype:not collected; growth protocol:not collected; height or length:not collected; isolation source:not collected; lat lon:not collected; phenotype:not collected; population:not collected; sample type:not collected; sex:not collected; specimen voucher:not collected; temp:not collected; treatment:not collected
PRJNA847741	SRR22936351	SAMN13926134	NA	leaf	seedling stage	NA	BC494	NA	isolate:494; cultivar:not collected; ecotype:not collected; age:not collected; dev stage:Seedling; geo loc name:not collected; tissue:Leaf; biomaterial provider:Xianmin Diao; cell line:not collected; cell type:not collected; collected by:not collected; collection date:not collected; culture collection:not collected; disease:not collected; disease stage:not collected; genotype:not collected; growth protocol:not collected; height or length:not collected; isolation source:not collected; lat lon:not collected; phenotype:not collected; population:not collected; sample type:not collected; sex:not collected; specimen voucher:not collected; temp:not collected; treatment:not collected
PRJNA847741	SRR22936352	SAMN13926117	NA	leaf	seedling stage	NA	BC477	NA	isolate:477; cultivar:not collected; ecotype:not collected; age:not collected; dev stage:Seedling; geo loc name:not collected; tissue:Leaf; biomaterial provider:Xianmin Diao; cell line:not collected; cell type:not collected; collected by:not collected; collection date:not collected; culture collection:not collected; disease:not collected; disease stage:not collected; genotype:not collected; growth protocol:not collected; height or length:not collected; isolation source:not collected; lat lon:not collected; phenotype:not collected; population:not collected; sample type:not collected; sex:not collected; specimen voucher:not collected; temp:not collected; treatment:not collected
PRJNA847741	SRR22936353	SAMN13926115	NA	leaf	seedling stage	NA	BC475	NA	isolate:475; cultivar:not collected; ecotype:not collected; age:not collected; dev stage:Seedling; geo loc name:not collected; tissue:Leaf; biomaterial provider:Xianmin Diao; cell line:not collected; cell type:not collected; collected by:not collected; collection date:not collected; culture collection:not collected; disease:not collected; disease stage:not collected; genotype:not collected; growth protocol:not collected; height or length:not collected; isolation source:not collected; lat lon:not collected; phenotype:not collected; population:not collected; sample type:not collected; sex:not collected; specimen voucher:not collected; temp:not collected; treatment:not collected
PRJNA847741	SRR22936354	SAMN13926074	NA	leaf	seedling stage	NA	BC434	NA	isolate:434; cultivar:not collected; ecotype:not collected; age:not collected; dev stage:Seedling; geo loc name:not collected; tissue:Leaf; biomaterial provider:Xianmin Diao; cell line:not collected; cell type:not collected; collected by:not collected; collection date:not collected; culture collection:not collected; disease:not collected; disease stage:not collected; genotype:not collected; growth protocol:not collected; height or length:not collected; isolation source:not collected; lat lon:not collected; phenotype:not collected; population:not collected; sample type:not collected; sex:not collected; specimen voucher:not collected; temp:not collected; treatment:not collected
PRJNA847741	SRR22936355	SAMN13926066	NA	leaf	seedling stage	NA	BC426	NA	isolate:426; cultivar:not collected; ecotype:not collected; age:not collected; dev stage:Seedling; geo loc name:not collected; tissue:Leaf; biomaterial provider:Xianmin Diao; cell line:not collected; cell type:not collected; collected by:not collected; collection date:not collected; culture collection:not collected; disease:not collected; disease stage:not collected; genotype:not collected; growth protocol:not collected; height or length:not collected; isolation source:not collected; lat lon:not collected; phenotype:not collected; population:not collected; sample type:not collected; sex:not collected; specimen voucher:not collected; temp:not collected; treatment:not collected
PRJNA847741	SRR22936356	SAMN13926058	NA	leaf	seedling stage	NA	BC418	NA	isolate:418; cultivar:not collected; ecotype:not collected; age:not collected; dev stage:Seedling; geo loc name:not collected; tissue:Leaf; biomaterial provider:Xianmin Diao; cell line:not collected; cell type:not collected; collected by:not collected; collection date:not collected; culture collection:not collected; disease:not collected; disease stage:not collected; genotype:not collected; growth protocol:not collected; height or length:not collected; isolation source:not collected; lat lon:not collected; phenotype:not collected; population:not collected; sample type:not collected; sex:not collected; specimen voucher:not collected; temp:not collected; treatment:not collected
PRJNA847741	SRR22936357	SAMN13926058	NA	leaf	seedling stage	NA	BC418	NA	isolate:418; cultivar:not collected; ecotype:not collected; age:not collected; dev stage:Seedling; geo loc name:not collected; tissue:Leaf; biomaterial provider:Xianmin Diao; cell line:not collected; cell type:not collected; collected by:not collected; collection date:not collected; culture collection:not collected; disease:not collected; disease stage:not collected; genotype:not collected; growth protocol:not collected; height or length:not collected; isolation source:not collected; lat lon:not collected; phenotype:not collected; population:not collected; sample type:not collected; sex:not collected; specimen voucher:not collected; temp:not collected; treatment:not collected
PRJNA847741	SRR22936358	SAMN13926047	NA	leaf	seedling stage	NA	BC407	NA	isolate:407; cultivar:not collected; ecotype:not collected; age:not collected; dev stage:Seedling; geo loc name:not collected; tissue:Leaf; biomaterial provider:Xianmin Diao; cell line:not collected; cell type:not collected; collected by:not collected; collection date:not collected; culture collection:not collected; disease:not collected; disease stage:not collected; genotype:not collected; growth protocol:not collected; height or length:not collected; isolation source:not collected; lat lon:not collected; phenotype:not collected; population:not collected; sample type:not collected; sex:not collected; specimen voucher:not collected; temp:not collected; treatment:not collected
PRJNA847741	SRR22936359	SAMN13926044	NA	leaf	seedling stage	NA	BC404	NA	isolate:404; cultivar:not collected; ecotype:not collected; age:not collected; dev stage:Seedling; geo loc name:not collected; tissue:Leaf; biomaterial provider:Xianmin Diao; cell line:not collected; cell type:not collected; collected by:not collected; collection date:not collected; culture collection:not collected; disease:not collected; disease stage:not collected; genotype:not collected; growth protocol:not collected; height or length:not collected; isolation source:not collected; lat lon:not collected; phenotype:not collected; population:not collected; sample type:not collected; sex:not collected; specimen voucher:not collected; temp:not collected; treatment:not collected
PRJNA847741	SRR22936360	SAMN13926138	NA	leaf	seedling stage	NA	BC498	NA	isolate:498; cultivar:not collected; ecotype:not collected; age:not collected; dev stage:Seedling; geo loc name:not collected; tissue:Leaf; biomaterial provider:Xianmin Diao; cell line:not collected; cell type:not collected; collected by:not collected; collection date:not collected; culture collection:not collected; disease:not collected; disease stage:not collected; genotype:not collected; growth protocol:not collected; height or length:not collected; isolation source:not collected; lat lon:not collected; phenotype:not collected; population:not collected; sample type:not collected; sex:not collected; specimen voucher:not collected; temp:not collected; treatment:not collected
PRJNA847741	SRR22936361	SAMN13926134	NA	leaf	seedling stage	NA	BC494	NA	isolate:494; cultivar:not collected; ecotype:not collected; age:not collected; dev stage:Seedling; geo loc name:not collected; tissue:Leaf; biomaterial provider:Xianmin Diao; cell line:not collected; cell type:not collected; collected by:not collected; collection date:not collected; culture collection:not collected; disease:not collected; disease stage:not collected; genotype:not collected; growth protocol:not collected; height or length:not collected; isolation source:not collected; lat lon:not collected; phenotype:not collected; population:not collected; sample type:not collected; sex:not collected; specimen voucher:not collected; temp:not collected; treatment:not collected
PRJNA847741	SRR22936362	SAMN13926117	NA	leaf	seedling stage	NA	BC477	NA	isolate:477; cultivar:not collected; ecotype:not collected; age:not collected; dev stage:Seedling; geo loc name:not collected; tissue:Leaf; biomaterial provider:Xianmin Diao; cell line:not collected; cell type:not collected; collected by:not collected; collection date:not collected; culture collection:not collected; disease:not collected; disease stage:not collected; genotype:not collected; growth protocol:not collected; height or length:not collected; isolation source:not collected; lat lon:not collected; phenotype:not collected; population:not collected; sample type:not collected; sex:not collected; specimen voucher:not collected; temp:not collected; treatment:not collected
PRJNA847741	SRR22936363	SAMN13926115	NA	leaf	seedling stage	NA	BC475	NA	isolate:475; cultivar:not collected; ecotype:not collected; age:not collected; dev stage:Seedling; geo loc name:not collected; tissue:Leaf; biomaterial provider:Xianmin Diao; cell line:not collected; cell type:not collected; collected by:not collected; collection date:not collected; culture collection:not collected; disease:not collected; disease stage:not collected; genotype:not collected; growth protocol:not collected; height or length:not collected; isolation source:not collected; lat lon:not collected; phenotype:not collected; population:not collected; sample type:not collected; sex:not collected; specimen voucher:not collected; temp:not collected; treatment:not collected
PRJNA847741	SRR22936364	SAMN13926074	NA	leaf	seedling stage	NA	BC434	NA	isolate:434; cultivar:not collected; ecotype:not collected; age:not collected; dev stage:Seedling; geo loc name:not collected; tissue:Leaf; biomaterial provider:Xianmin Diao; cell line:not collected; cell type:not collected; collected by:not collected; collection date:not collected; culture collection:not collected; disease:not collected; disease stage:not collected; genotype:not collected; growth protocol:not collected; height or length:not collected; isolation source:not collected; lat lon:not collected; phenotype:not collected; population:not collected; sample type:not collected; sex:not collected; specimen voucher:not collected; temp:not collected; treatment:not collected
PRJNA847741	SRR22936365	SAMN13926066	NA	leaf	seedling stage	NA	BC426	NA	isolate:426; cultivar:not collected; ecotype:not collected; age:not collected; dev stage:Seedling; geo loc name:not collected; tissue:Leaf; biomaterial provider:Xianmin Diao; cell line:not collected; cell type:not collected; collected by:not collected; collection date:not collected; culture collection:not collected; disease:not collected; disease stage:not collected; genotype:not collected; growth protocol:not collected; height or length:not collected; isolation source:not collected; lat lon:not collected; phenotype:not collected; population:not collected; sample type:not collected; sex:not collected; specimen voucher:not collected; temp:not collected; treatment:not collected
PRJNA847741	SRR22936366	SAMN13926058	NA	leaf	seedling stage	NA	BC418	NA	isolate:418; cultivar:not collected; ecotype:not collected; age:not collected; dev stage:Seedling; geo loc name:not collected; tissue:Leaf; biomaterial provider:Xianmin Diao; cell line:not collected; cell type:not collected; collected by:not collected; collection date:not collected; culture collection:not collected; disease:not collected; disease stage:not collected; genotype:not collected; growth protocol:not collected; height or length:not collected; isolation source:not collected; lat lon:not collected; phenotype:not collected; population:not collected; sample type:not collected; sex:not collected; specimen voucher:not collected; temp:not collected; treatment:not collected
PRJNA847741	SRR22936367	SAMN13926047	NA	leaf	seedling stage	NA	BC407	NA	isolate:407; cultivar:not collected; ecotype:not collected; age:not collected; dev stage:Seedling; geo loc name:not collected; tissue:Leaf; biomaterial provider:Xianmin Diao; cell line:not collected; cell type:not collected; collected by:not collected; collection date:not collected; culture collection:not collected; disease:not collected; disease stage:not collected; genotype:not collected; growth protocol:not collected; height or length:not collected; isolation source:not collected; lat lon:not collected; phenotype:not collected; population:not collected; sample type:not collected; sex:not collected; specimen voucher:not collected; temp:not collected; treatment:not collected
PRJNA847741	SRR22936368	SAMN13926047	NA	leaf	seedling stage	NA	BC407	NA	isolate:407; cultivar:not collected; ecotype:not collected; age:not collected; dev stage:Seedling; geo loc name:not collected; tissue:Leaf; biomaterial provider:Xianmin Diao; cell line:not collected; cell type:not collected; collected by:not collected; collection date:not collected; culture collection:not collected; disease:not collected; disease stage:not collected; genotype:not collected; growth protocol:not collected; height or length:not collected; isolation source:not collected; lat lon:not collected; phenotype:not collected; population:not collected; sample type:not collected; sex:not collected; specimen voucher:not collected; temp:not collected; treatment:not collected
PRJNA847741	SRR22936369	SAMN13926044	NA	leaf	seedling stage	NA	BC404	NA	isolate:404; cultivar:not collected; ecotype:not collected; age:not collected; dev stage:Seedling; geo loc name:not collected; tissue:Leaf; biomaterial provider:Xianmin Diao; cell line:not collected; cell type:not collected; collected by:not collected; collection date:not collected; culture collection:not collected; disease:not collected; disease stage:not collected; genotype:not collected; growth protocol:not collected; height or length:not collected; isolation source:not collected; lat lon:not collected; phenotype:not collected; population:not collected; sample type:not collected; sex:not collected; specimen voucher:not collected; temp:not collected; treatment:not collected
PRJNA977238	SRR24757962	SAMN35522113	NA	NA	NA	IIMR-163	Panicle3	35	isolate:Panicle Stage 3; cultivar:IIMR-163; ecotype:NA; chem administration:Nil; collection date:2020-04-03; env broad scale:Rainfed; env local scale:Tropical; env medium:sandy; food source:NA; geo loc name:India: Hyderabad; host age:NA; host common name:NA; host genotype:NA; host height:NA; host length:NA; host life stage:NA; host phenotype:NA; host tot mass:NA; isol growth condt:NA; lat lon:17.385 N 78.4867 E; microbial biomass:NA; microbial biomass meth:NA; samp store dur:NA; samp store loc:NA; sieving:NA; soil type:Sandy; soil type meth:Sandy; store cond:Sandy; temp:35-38
PRJNA977238	SRR24757963	SAMN35522112	NA	NA	NA	IIMR-163	Panicle2	35	isolate:Panicle Stage 2; cultivar:IIMR-163; ecotype:NA; chem administration:Nil; collection date:2020-04-03; env broad scale:Rainfed; env local scale:Tropical; env medium:sandy; food source:NA; geo loc name:India: Hyderabad; host age:NA; host common name:NA; host genotype:NA; host height:NA; host length:NA; host life stage:NA; host phenotype:NA; host tot mass:NA; isol growth condt:NA; lat lon:17.385 N 78.4867 E; microbial biomass:NA; microbial biomass meth:NA; samp store dur:NA; samp store loc:NA; sieving:NA; soil type:Sandy; soil type meth:Sandy; store cond:Sandy; temp:35-38
PRJNA977238	SRR24757964	SAMN35522111	NA	NA	NA	IIMR-163	Panicle1	35	isolate:Panicle Stage 1; cultivar:IIMR-163; ecotype:NA; chem administration:Nil; collection date:2020-04-03; env broad scale:Rainfed; env local scale:Tropical; env medium:sandy; food source:NA; geo loc name:India: Hyderabad; host age:NA; host common name:NA; host genotype:NA; host height:NA; host length:NA; host life stage:NA; host phenotype:NA; host tot mass:NA; isol growth condt:NA; lat lon:17.385 N 78.4867 E; microbial biomass:NA; microbial biomass meth:NA; samp store dur:NA; samp store loc:NA; sieving:NA; soil type:Sandy; soil type meth:Sandy; store cond:Sandy; temp:35-38
PRJNA977238	SRR24757965	SAMN35522110	NA	NA	NA	IIMR-163	Leaf3	35	isolate:Leaf Stage 3; cultivar:IIMR-163; ecotype:NA; chem administration:Nil; collection date:2020-04-03; env broad scale:Rainfed; env local scale:Tropical; env medium:sandy; food source:NA; geo loc name:India: Hyderabad; host age:NA; host common name:NA; host genotype:NA; host height:NA; host length:NA; host life stage:NA; host phenotype:NA; host tot mass:NA; isol growth condt:NA; lat lon:17.385 N 78.4867 E; microbial biomass:NA; microbial biomass meth:NA; samp store dur:NA; samp store loc:NA; sieving:NA; soil type:Sandy; soil type meth:Sandy; store cond:Sandy; temp:35-38
PRJNA977238	SRR24757966	SAMN35522109	NA	NA	NA	IIMR-163	Leaf2	35	isolate:Leaf Stage 2; cultivar:IIMR-163; ecotype:NA; chem administration:Nil; collection date:2020-04-03; env broad scale:Rainfed; env local scale:Tropical; env medium:sandy; food source:NA; geo loc name:India: Hyderabad; host age:NA; host common name:NA; host genotype:NA; host height:NA; host length:NA; host life stage:NA; host phenotype:NA; host tot mass:NA; isol growth condt:NA; lat lon:17.385 N 78.4867 E; microbial biomass:NA; microbial biomass meth:NA; samp store dur:NA; samp store loc:NA; sieving:NA; soil type:Sandy; soil type meth:Sandy; store cond:Sandy; temp:35-38
PRJNA977238	SRR24757967	SAMN35522108	NA	NA	NA	IIMR-163	Leaf1	35	isolate:Leaf Stage 1; cultivar:IIMR-163; ecotype:NA; chem administration:Nil; collection date:2020-04-03; env broad scale:Rainfed; env local scale:Tropical; env medium:sandy; food source:NA; geo loc name:India: Hyderabad; host age:NA; host common name:NA; host genotype:NA; host height:NA; host length:NA; host life stage:NA; host phenotype:NA; host tot mass:NA; isol growth condt:NA; lat lon:17.385 N 78.4867 E; microbial biomass:NA; microbial biomass meth:NA; samp store dur:NA; samp store loc:NA; sieving:NA; soil type:Sandy; soil type meth:Sandy; store cond:Sandy; temp:35-38
PRJNA993302	SRR25235727	SAMN36398128	NA	leaf	seedling stage	Shanmi 1	8x_3	NA	isolate:broomcorn millet; cultivar:Shanmi 1; ecotype:octaploid; age:45 d; dev stage:seedling stage; collection date:2022; geo loc name:China: Yangling; tissue:leaf; replicate:Biological repeat 3
PRJNA993302	SRR25235728	SAMN36398127	NA	leaf	seedling stage	Shanmi 1	8x_2	NA	isolate:broomcorn millet; cultivar:Shanmi 1; ecotype:octaploid; age:45 d; dev stage:seedling stage; collection date:2022; geo loc name:China: Yangling; tissue:leaf; replicate:Biological repeat 2
PRJNA993302	SRR25235729	SAMN36398126	NA	leaf	seedling stage	Shanmi 1	8x_1	NA	isolate:broomcorn millet; cultivar:Shanmi 1; ecotype:octaploid; age:45 d; dev stage:seedling stage; collection date:2022; geo loc name:China: Yangling; tissue:leaf; replicate:Biological repeat 1
PRJNA993302	SRR25235730	SAMN36398125	NA	leaf	seedling stage	Shanmi 1	4x_3	NA	isolate:broomcorn millet; cultivar:Shanmi 1; ecotype:tetraploid; age:45 d; dev stage:seedling stage; collection date:2022; geo loc name:China: Yangling; tissue:leaf; replicate:Biological repeat 3
PRJNA993302	SRR25235731	SAMN36398124	NA	leaf	seedling stage	Shanmi 1	4x_2	NA	isolate:broomcorn millet; cultivar:Shanmi 1; ecotype:tetraploid; age:45 d; dev stage:seedling stage; collection date:2022; geo loc name:China: Yangling; tissue:leaf; replicate:Biological repeat 2
PRJNA993302	SRR25235732	SAMN36398123	NA	leaf	seedling stage	Shanmi 1	4x_1	NA	isolate:broomcorn millet; cultivar:Shanmi 1; ecotype:tetraploid; age:45 d; dev stage:seedling stage; collection date:2022; geo loc name:China: Yangling; tissue:leaf; replicate:Biological repeat 1
PRJNA1059665	SRR27463911	SAMN39214993	NA	root	filling stage	AJ8	AJ08-3A.9094	NA	cultivar:AJ8; dev stage:fillling; collection date:2023-07-14; geo loc name:China: Taiyuan City  Shanxi Province  field; tissue:root
PRJNA1059665	SRR27463912	SAMN39214994	NA	tassel	filling stage	AJ8	AJ08-4A.9095	NA	cultivar:AJ8; dev stage:fillling; collection date:2023-07-14; geo loc name:China: Taiyuan City  Shanxi Province  field; tissue:tassel
PRJNA1059665	SRR27463914	SAMN39214981	NA	stem	jointing stage	AJ8	AJ08-2A.9082	NA	cultivar:AJ8; dev stage:jointing; collection date:2023-06-19; geo loc name:China: Taiyuan City  Shanxi Province  field; tissue:stem
PRJNA1059665	SRR27463915	SAMN39214982	NA	root	jointing stage	AJ8	AJ08-3A.9083	NA	cultivar:AJ8; dev stage:jointing; collection date:2023-06-19; geo loc name:China: Taiyuan City  Shanxi Province  field; tissue:root
PRJNA1059665	SRR27463916	SAMN39214983	NA	leaf	booting stage	AJ8	AJ08-1A.9084	NA	cultivar:AJ8; dev stage:booting; collection date:2023-06-30; geo loc name:China: Taiyuan City  Shanxi Province  field; tissue:leaf
PRJNA1059665	SRR27463917	SAMN39214984	NA	stem	booting stage	AJ8	AJ08-2A.9085	NA	cultivar:AJ8; dev stage:booting; collection date:2023-06-30; geo loc name:China: Taiyuan City  Shanxi Province  field; tissue:stem
PRJNA1059665	SRR27463918	SAMN39214985	NA	root	booting stage	AJ8	AJ08-3A.9086	NA	cultivar:AJ8; dev stage:booting; collection date:2023-06-30; geo loc name:China: Taiyuan City  Shanxi Province  field; tissue:root
PRJNA1059665	SRR27463919	SAMN39214986	NA	tassel	booting stage	AJ8	AJ08-4A.9087	NA	cultivar:AJ8; dev stage:booting; collection date:2023-06-30; geo loc name:China: Taiyuan City  Shanxi Province  field; tissue:tassel
PRJNA1059665	SRR27463920	SAMN39214987	NA	leaf	heading stage	AJ8	AJ08-1A.9088	NA	cultivar:AJ8; dev stage:heading; collection date:2023-07-05; geo loc name:China: Taiyuan City  Shanxi Province  field; tissue:leaf
PRJNA1059665	SRR27463921	SAMN39214988	NA	stem	heading stage	AJ8	AJ08-2A.9089	NA	cultivar:AJ8; dev stage:heading; collection date:2023-07-05; geo loc name:China: Taiyuan City  Shanxi Province  field; tissue:stem
PRJNA1059665	SRR27463922	SAMN39214990	NA	tassel	heading stage	AJ8	AJ08-4A.9091	NA	cultivar:AJ8; dev stage:heading; collection date:2023-07-05; geo loc name:China: Taiyuan City  Shanxi Province  field; tissue:tassel
PRJNA1059665	SRR27463923	SAMN39214989	NA	root	heading stage	AJ8	AJ08-3A.9090	NA	cultivar:AJ8; dev stage:heading; collection date:2023-07-05; geo loc name:China: Taiyuan City  Shanxi Province  field; tissue:root
PRJNA1059665	SRR27463925	SAMN39214991	NA	leaf	filling stage	AJ8	AJ08-1A.9092	NA	cultivar:AJ8; dev stage:fillling; collection date:2023-07-14; geo loc name:China: Taiyuan City  Shanxi Province  field; tissue:leaf
PRJNA1059665	SRR27463926	SAMN39214992	NA	stem	filling stage	AJ8	AJ08-2A.9093	NA	cultivar:AJ8; dev stage:fillling; collection date:2023-07-14; geo loc name:China: Taiyuan City  Shanxi Province  field; tissue:stem
PRJNA1059665	SRR27463927	SAMN39214974	NA	leaf	seedling stage	AJ8	AJ08-1A.9075	NA	cultivar:AJ8; dev stage:seedling; collection date:2023-05-29; geo loc name:China: Taiyuan City  Shanxi Province  field; tissue:leaf
PRJNA1059665	SRR27463928	SAMN39214975	NA	stem	seedling stage	AJ8	AJ08-2A.9076	NA	cultivar:AJ8; dev stage:seedling; collection date:2023-05-29; geo loc name:China: Taiyuan City  Shanxi Province  field; tissue:stem
PRJNA1059665	SRR27463929	SAMN39214976	NA	root	seedling stage	AJ8	AJ08-3A.9077	NA	cultivar:AJ8; dev stage:seedling; collection date:2023-05-29; geo loc name:China: Taiyuan City  Shanxi Province  field; tissue:root
PRJNA1059665	SRR27463930	SAMN39214977	NA	leaf	tillering stage	AJ8	AJ08-1A.9078	NA	cultivar:AJ8; dev stage:tillering; collection date:2023-06-09; geo loc name:China: Taiyuan City  Shanxi Province  field; tissue:leaf
PRJNA1059665	SRR27463931	SAMN39214978	NA	stem	tillering stage	AJ8	AJ08-2A.9079	NA	cultivar:AJ8; dev stage:tillering; collection date:2023-06-09; geo loc name:China: Taiyuan City  Shanxi Province  field; tissue:stem
PRJNA1059665	SRR27463932	SAMN39214979	NA	root	tillering stage	AJ8	AJ08-3A.9080	NA	cultivar:AJ8; dev stage:tillering; collection date:2023-06-09; geo loc name:China: Taiyuan City  Shanxi Province  field; tissue:root
PRJNA1059665	SRR27463933	SAMN39214980	NA	leaf	jointing stage	AJ8	AJ08-1A.9081	NA	cultivar:AJ8; dev stage:jointing; collection date:2023-06-19; geo loc name:China: Taiyuan City  Shanxi Province  field; tissue:leaf
PRJNA1064651	SRR27546850	SAMN39437292	NA	cluster leaf	seedling stage	NF5	IL3raw	NA	isolate:flag leaf; cultivar:NF5; ecotype:missing; age:20 d; dev stage:seedling; collection date:2021-06-20; geo loc name:missing; tissue:cluster leaf; tpm:6
PRJNA1064651	SRR27546851	SAMN39437291	NA	cluster leaf	seedling stage	NF5	IL2raw	NA	isolate:flag leaf; cultivar:NF5; ecotype:missing; age:20 d; dev stage:seedling; collection date:2021-06-20; geo loc name:missing; tissue:cluster leaf; tpm:5
PRJNA1064651	SRR27546852	SAMN39437290	NA	cluster leaf	seedling stage	NF5	IL1raw	NA	isolate:flag leaf; cultivar:NF5; ecotype:missing; age:20 d; dev stage:seedling; collection date:2021-06-20; geo loc name:missing; tissue:cluster leaf; tpm:4
PRJNA1064651	SRR27546853	SAMN39437289	NA	flag leaf	seedling stage	NF5	HL3raw	NA	isolate:flag leaf; cultivar:NF5; ecotype:missing; age:20 d; dev stage:seedling; collection date:2021-06-20; geo loc name:missing; tissue:flag leaf; tpm:3
PRJNA1064651	SRR27546854	SAMN39437288	NA	flag leaf	seedling stage	NF5	HL2raw	NA	isolate:flag leaf; cultivar:NF5; ecotype:missing; age:20 d; dev stage:seedling; collection date:2021-06-20; geo loc name:missing; tissue:flag leaf; tpm:2
PRJNA1064651	SRR27546855	SAMN39437287	NA	flag leaf	seedling stage	NF5	HL1raw	NA	isolate:flag leaf; cultivar:NF5; ecotype:missing; age:20 d; dev stage:seedling; collection date:2021-06-20; geo loc name:missing; tissue:flag leaf; tpm:1
PRJNA1141739	SRR30246924	SAMN43076416	NA	mixed	filling stage	NA	WNX24F1	NA	isolate:WNX24F1; ecotype:wild types; dev stage:filling; collection date:2020-11-16; geo loc name:China:Ningxia; tissue:mixture of roots  stems  leaves  and seeds
PRJNA1141739	SRR30246925	SAMN43076415	NA	mixed	seedling stage	NA	WNX24S3	NA	isolate:WNX24S3; ecotype:wild types; dev stage:seedling; collection date:2020-11-16; geo loc name:China:Ningxia; tissue:mixture of roots  stems  leaves  and seeds
PRJNA1141739	SRR30246926	SAMN43076414	NA	mixed	seedling stage	NA	WNX24S2	NA	isolate:WNX24S2; ecotype:wild types; dev stage:seedling; collection date:2020-11-16; geo loc name:China:Ningxia; tissue:mixture of roots  stems  leaves  and seeds
PRJNA1141739	SRR30246927	SAMN43076413	NA	mixed	seedling stage	NA	WNX24S1	NA	isolate:WNX24S1; ecotype:wild types; dev stage:seedling; collection date:2020-11-16; geo loc name:China:Ningxia; tissue:mixture of roots  stems  leaves  and seeds
PRJNA1141739	SRR30246928	SAMN43076412	NA	mixed	filling stage	NA	WNM8F3	NA	isolate:WNM8F3; ecotype:wild types; dev stage:filling; collection date:2020-11-16; geo loc name:China:Neimenggu; tissue:mixture of roots  stems  leaves  and seeds
PRJNA1141739	SRR30246929	SAMN43076411	NA	mixed	filling stage	NA	WNM8F2	NA	isolate:WNM8F2; ecotype:wild types; dev stage:filling; collection date:2020-11-16; geo loc name:China:Neimenggu; tissue:mixture of roots  stems  leaves  and seeds
PRJNA1141739	SRR30246930	SAMN43076442	NA	mixed	filling stage	NA	ISX63F3	NA	isolate:ISX63F3; ecotype:improved cultivars; dev stage:filling; collection date:2020-11-16; geo loc name:China:Shanxi; tissue:mixture of roots  stems  leaves  and seeds
PRJNA1141739	SRR30246931	SAMN43076441	NA	mixed	filling stage	NA	ISX63F2	NA	isolate:ISX63F2; ecotype:improved cultivars; dev stage:filling; collection date:2020-11-16; geo loc name:China:Shanxi; tissue:mixture of roots  stems  leaves  and seeds
PRJNA1141739	SRR30246932	SAMN43076440	NA	mixed	filling stage	NA	ISX63F1	NA	isolate:ISX63F1; ecotype:improved cultivars; dev stage:filling; collection date:2020-11-16; geo loc name:China:Shanxi; tissue:mixture of roots  stems  leaves  and seeds
PRJNA1141739	SRR30246933	SAMN43076439	NA	mixed	seedling stage	NA	ISX63S3	NA	isolate:ISX63S3; ecotype:improved cultivars; dev stage:seedling; collection date:2020-11-16; geo loc name:China:Shanxi; tissue:mixture of roots  stems  leaves  and seeds
PRJNA1141739	SRR30246934	SAMN43076438	NA	mixed	seedling stage	NA	ISX63S2	NA	isolate:ISX63S2; ecotype:improved cultivars; dev stage:seedling; collection date:2020-11-16; geo loc name:China:Shanxi; tissue:mixture of roots  stems  leaves  and seeds
PRJNA1141739	SRR30246935	SAMN43076437	NA	mixed	seedling stage	NA	ISX63S1	NA	isolate:ISX63S1; ecotype:improved cultivars; dev stage:seedling; collection date:2020-11-16; geo loc name:China:Shanxi; tissue:mixture of roots  stems  leaves  and seeds
PRJNA1141739	SRR30246936	SAMN43076410	NA	mixed	filling stage	NA	WNM8F1	NA	isolate:WNM8F1; ecotype:wild types; dev stage:filling; collection date:2020-11-16; geo loc name:China:Neimenggu; tissue:mixture of roots  stems  leaves  and seeds
PRJNA1141739	SRR30246937	SAMN43076436	NA	mixed	filling stage	NA	IGS169F3	NA	isolate:IGS169F3; ecotype:improved cultivars; dev stage:filling; collection date:2020-12-25; geo loc name:China:Gansu; tissue:mixture of roots  stems  leaves  and seeds
PRJNA1141739	SRR30246938	SAMN43076435	NA	mixed	filling stage	NA	IGS169F2	NA	isolate:IGS169F2; ecotype:improved cultivars; dev stage:filling; collection date:2020-12-25; geo loc name:China:Gansu; tissue:mixture of roots  stems  leaves  and seeds
PRJNA1141739	SRR30246939	SAMN43076434	NA	mixed	filling stage	NA	IGS169F1	NA	isolate:IGS169F1; ecotype:improved cultivars; dev stage:filling; collection date:2020-12-25; geo loc name:China:Gansu; tissue:mixture of roots  stems  leaves  and seeds
PRJNA1141739	SRR30246940	SAMN43076433	NA	mixed	seedling stage	NA	IGS169S3	NA	isolate:IGS169S3; ecotype:improved cultivars; dev stage:seedling; collection date:2020-12-25; geo loc name:China:Gansu; tissue:mixture of roots  stems  leaves  and seeds
PRJNA1141739	SRR30246941	SAMN43076432	NA	mixed	seedling stage	NA	IGS169S2	NA	isolate:IGS169S2; ecotype:improved cultivars; dev stage:seedling; collection date:2020-12-25; geo loc name:China:Gansu; tissue:mixture of roots  stems  leaves  and seeds
PRJNA1141739	SRR30246942	SAMN43076431	NA	mixed	seedling stage	NA	IGS169S1	NA	isolate:IGS169S1; ecotype:improved cultivars; dev stage:seedling; collection date:2020-12-25; geo loc name:China:Gansu; tissue:mixture of roots  stems  leaves  and seeds
PRJNA1141739	SRR30246943	SAMN43076430	NA	mixed	filling stage	NA	LLN5F3	NA	isolate:LLN5F3; ecotype:landraces; dev stage:filling; collection date:2020-11-16; geo loc name:China:Liaoning; tissue:mixture of roots  stems  leaves  and seeds
PRJNA1141739	SRR30246944	SAMN43076429	NA	mixed	filling stage	NA	LLN5F2	NA	isolate:LLN5F2; ecotype:landraces; dev stage:filling; collection date:2020-11-16; geo loc name:China:Liaoning; tissue:mixture of roots  stems  leaves  and seeds
PRJNA1141739	SRR30246945	SAMN43076428	NA	mixed	filling stage	NA	LLN5F1	NA	isolate:LLN5F1; ecotype:landraces; dev stage:filling; collection date:2020-11-16; geo loc name:China:Liaoning; tissue:mixture of roots  stems  leaves  and seeds
PRJNA1141739	SRR30246946	SAMN43076427	NA	mixed	seedling stage	NA	LLN5S3	NA	isolate:LLN5S3; ecotype:landraces; dev stage:seedling; collection date:2020-11-16; geo loc name:China:Liaoning; tissue:mixture of roots  stems  leaves  and seeds
PRJNA1141739	SRR30246947	SAMN43076409	NA	mixed	seedling stage	NA	WNM8S3	NA	isolate:WNM8S3; ecotype:wild types; dev stage:seedling; collection date:2020-11-16; geo loc name:China:Neimenggu; tissue:mixture of roots  stems  leaves  and seeds
PRJNA1141739	SRR30246948	SAMN43076426	NA	mixed	seedling stage	NA	LLN5S2	NA	isolate:LLN5S2; ecotype:landraces; dev stage:seedling; collection date:2020-11-16; geo loc name:China:Liaoning; tissue:mixture of roots  stems  leaves  and seeds
PRJNA1141739	SRR30246949	SAMN43076425	NA	mixed	seedling stage	NA	LLN5S1	NA	isolate:LLN5S1; ecotype:landraces; dev stage:seedling; collection date:2020-11-16; geo loc name:China:Liaoning; tissue:mixture of roots  stems  leaves  and seeds
PRJNA1141739	SRR30246950	SAMN43076424	NA	mixed	filling stage	NA	LJL8F3	NA	isolate:LJL8F3; ecotype:landraces; dev stage:filling; collection date:2020-12-25; geo loc name:China:Jilin; tissue:mixture of roots  stems  leaves  and seeds
PRJNA1141739	SRR30246951	SAMN43076423	NA	mixed	filling stage	NA	LJL8F2	NA	isolate:LJL8F2; ecotype:landraces; dev stage:filling; collection date:2020-12-25; geo loc name:China:Jilin; tissue:mixture of roots  stems  leaves  and seeds
PRJNA1141739	SRR30246952	SAMN43076422	NA	mixed	filling stage	NA	LJL8F1	NA	isolate:LJL8F1; ecotype:landraces; dev stage:filling; collection date:2020-12-25; geo loc name:China:Jilin; tissue:mixture of roots  stems  leaves  and seeds
PRJNA1141739	SRR30246953	SAMN43076421	NA	mixed	seedling stage	NA	LJL8S3	NA	isolate:LJL8S3; ecotype:landraces; dev stage:seedling; collection date:2020-12-25; geo loc name:China:Jilin; tissue:mixture of roots  stems  leaves  and seeds
PRJNA1141739	SRR30246954	SAMN43076420	NA	mixed	seedling stage	NA	LJL8S2	NA	isolate:LJL8S2; ecotype:landraces; dev stage:seedling; collection date:2020-12-25; geo loc name:China:Jilin; tissue:mixture of roots  stems  leaves  and seeds
PRJNA1141739	SRR30246955	SAMN43076419	NA	mixed	seedling stage	NA	LJL8S1	NA	isolate:LJL8S1; ecotype:landraces; dev stage:seedling; collection date:2020-12-25; geo loc name:China:Jilin; tissue:mixture of roots  stems  leaves  and seeds
PRJNA1141739	SRR30246956	SAMN43076418	NA	mixed	filling stage	NA	WNX24F3	NA	isolate:WNX24F3; ecotype:wild types; dev stage:filling; collection date:2020-11-16; geo loc name:China:Ningxia; tissue:mixture of roots  stems  leaves  and seeds
PRJNA1141739	SRR30246957	SAMN43076417	NA	mixed	filling stage	NA	WNX24F2	NA	isolate:WNX24F2; ecotype:wild types; dev stage:filling; collection date:2020-11-16; geo loc name:China:Ningxia; tissue:mixture of roots  stems  leaves  and seeds
PRJNA1141739	SRR30246958	SAMN43076408	NA	mixed	seedling stage	NA	WNM8S2	NA	isolate:WNM8S2; ecotype:wild types; dev stage:seedling; collection date:2020-11-16; geo loc name:China:Neimenggu; tissue:mixture of roots  stems  leaves  and seeds
PRJNA1141739	SRR30246959	SAMN43076407	NA	mixed	seedling stage	NA	WNM8S1	NA	isolate:WNM8S1; ecotype:wild types; dev stage:seedling; collection date:2020-11-16; geo loc name:China:Neimenggu; tissue:mixture of roots  stems  leaves  and seeds
PRJNA1267576	SRR33693401	SAMN48725776	NA	NA	NA	NA	PR1_1	NA	isolate:Shanxi Agricultural University; cultivar:not applicable1; ecotype:Panicum miliaceum L.10; age:not applicable1; dev stage:not applicable1; collection date:2024-08-13; geo loc name:China:Taiyuan; tissue:tissue10
PRJNA1267576	SRR33693402	SAMN48725775	NA	NA	NA	NA	PP2_3	NA	isolate:Shanxi Agricultural University; cultivar:not applicable1; ecotype:Panicum miliaceum L.9; age:not applicable1; dev stage:not applicable1; collection date:2024-08-13; geo loc name:China:Taiyuan; tissue:tissue9
PRJNA1267576	SRR33693403	SAMN48725774	NA	NA	NA	NA	PP2_2	NA	isolate:Shanxi Agricultural University; cultivar:not applicable1; ecotype:Panicum miliaceum L.8; age:not applicable1; dev stage:not applicable1; collection date:2024-08-13; geo loc name:China:Taiyuan; tissue:tissue8
PRJNA1267576	SRR33693404	SAMN48725773	NA	NA	NA	NA	PP2_1	NA	isolate:Shanxi Agricultural University; cultivar:not applicable1; ecotype:Panicum miliaceum L.7; age:not applicable1; dev stage:not applicable1; collection date:2024-08-13; geo loc name:China:Taiyuan; tissue:tissue7
PRJNA1267576	SRR33693405	SAMN48725772	NA	NA	NA	NA	PL2_3	NA	isolate:Shanxi Agricultural University; cultivar:not applicable1; ecotype:Panicum miliaceum L.6; age:not applicable1; dev stage:not applicable1; collection date:2024-08-13; geo loc name:China:Taiyuan; tissue:tissue6
PRJNA1267576	SRR33693406	SAMN48725771	NA	NA	NA	NA	PL2_2	NA	isolate:Shanxi Agricultural University; cultivar:not applicable1; ecotype:Panicum miliaceum L.5; age:not applicable1; dev stage:not applicable1; collection date:2024-08-13; geo loc name:China:Taiyuan; tissue:tissue5
PRJNA1267576	SRR33693407	SAMN48725770	NA	NA	NA	NA	PL2_1	NA	isolate:Shanxi Agricultural University; cultivar:not applicable1; ecotype:Panicum miliaceum L.4; age:not applicable1; dev stage:not applicable1; collection date:2024-08-13; geo loc name:China:Taiyuan; tissue:tissue4
PRJNA1267576	SRR33693408	SAMN48725787	NA	NA	NA	NA	PS2_3	NA	isolate:Shanxi Agricultural University; cultivar:not applicable1; ecotype:Panicum miliaceum L.21; age:not applicable1; dev stage:not applicable1; collection date:2024-08-13; geo loc name:China:Taiyuan; tissue:tissue21
PRJNA1267576	SRR33693409	SAMN48725769	NA	NA	NA	NA	PL1_3	NA	isolate:Shanxi Agricultural University; cultivar:not applicable1; ecotype:Panicum miliaceum L.3; age:not applicable1; dev stage:not applicable1; collection date:2024-08-13; geo loc name:China:Taiyuan; tissue:tissue3
PRJNA1267576	SRR33693410	SAMN48725786	NA	NA	NA	NA	PS2_2	NA	isolate:Shanxi Agricultural University; cultivar:not applicable1; ecotype:Panicum miliaceum L.20; age:not applicable1; dev stage:not applicable1; collection date:2024-08-13; geo loc name:China:Taiyuan; tissue:tissue20
PRJNA1267576	SRR33693411	SAMN48725785	NA	NA	NA	NA	PS2_1	NA	isolate:Shanxi Agricultural University; cultivar:not applicable1; ecotype:Panicum miliaceum L.19; age:not applicable1; dev stage:not applicable1; collection date:2024-08-13; geo loc name:China:Taiyuan; tissue:tissue19
PRJNA1267576	SRR33693412	SAMN48725784	NA	NA	NA	NA	PS1_3	NA	isolate:Shanxi Agricultural University; cultivar:not applicable1; ecotype:Panicum miliaceum L.18; age:not applicable1; dev stage:not applicable1; collection date:2024-08-13; geo loc name:China:Taiyuan; tissue:tissue18
PRJNA1267576	SRR33693413	SAMN48725783	NA	NA	NA	NA	PS1_2	NA	isolate:Shanxi Agricultural University; cultivar:not applicable1; ecotype:Panicum miliaceum L.17; age:not applicable1; dev stage:not applicable1; collection date:2024-08-13; geo loc name:China:Taiyuan; tissue:tissue17
PRJNA1267576	SRR33693414	SAMN48725782	NA	NA	NA	NA	PS1_1	NA	isolate:Shanxi Agricultural University; cultivar:not applicable1; ecotype:Panicum miliaceum L.16; age:not applicable1; dev stage:not applicable1; collection date:2024-08-13; geo loc name:China:Taiyuan; tissue:tissue16
PRJNA1267576	SRR33693415	SAMN48725781	NA	NA	NA	NA	PR2_3	NA	isolate:Shanxi Agricultural University; cultivar:not applicable1; ecotype:Panicum miliaceum L.15; age:not applicable1; dev stage:not applicable1; collection date:2024-08-13; geo loc name:China:Taiyuan; tissue:tissue15
PRJNA1267576	SRR33693416	SAMN48725780	NA	NA	NA	NA	PR2_2	NA	isolate:Shanxi Agricultural University; cultivar:not applicable1; ecotype:Panicum miliaceum L.14; age:not applicable1; dev stage:not applicable1; collection date:2024-08-13; geo loc name:China:Taiyuan; tissue:tissue14
PRJNA1267576	SRR33693417	SAMN48725779	NA	NA	NA	NA	PR2_1	NA	isolate:Shanxi Agricultural University; cultivar:not applicable1; ecotype:Panicum miliaceum L.13; age:not applicable1; dev stage:not applicable1; collection date:2024-08-13; geo loc name:China:Taiyuan; tissue:tissue13
PRJNA1267576	SRR33693418	SAMN48725778	NA	NA	NA	NA	PR1_3	NA	isolate:Shanxi Agricultural University; cultivar:not applicable1; ecotype:Panicum miliaceum L.12; age:not applicable1; dev stage:not applicable1; collection date:2024-08-13; geo loc name:China:Taiyuan; tissue:tissue12
PRJNA1267576	SRR33693419	SAMN48725777	NA	NA	NA	NA	PR1_2	NA	isolate:Shanxi Agricultural University; cultivar:not applicable1; ecotype:Panicum miliaceum L.11; age:not applicable1; dev stage:not applicable1; collection date:2024-08-13; geo loc name:China:Taiyuan; tissue:tissue11
PRJNA1267576	SRR33693420	SAMN48725768	NA	NA	NA	NA	PL1_2	NA	isolate:Shanxi Agricultural University; cultivar:not applicable1; ecotype:Panicum miliaceum L.2; age:not applicable1; dev stage:not applicable1; collection date:2024-08-13; geo loc name:China:Taiyuan; tissue:tissue2
PRJNA1267576	SRR33693421	SAMN48725767	NA	NA	NA	NA	PL1_1	NA	isolate:Shanxi Agricultural University; cultivar:not applicable1; ecotype:Panicum miliaceum L.1; age:not applicable1; dev stage:not applicable1; collection date:2024-08-13; geo loc name:China:Taiyuan; tissue:tissue1
PRJNA339701	SRR4069168	SAMN05607109	NA	leaf	early filling stage	Yixuandahongmi	L5F_Meizi_syHou	NA	cultivar:Yixuandahongmi; dev stage:Early filling stage; geo loc name:China: Inner Mongolia; tissue:Leaf
PRJNA339701	SRR4069169	SAMN05607107	NA	root	early filling stage	Yixuandahongmi	R_Meizi_syHou	NA	cultivar:Yixuandahongmi; dev stage:Early filling stage; geo loc name:China: Inner Mongolia; tissue:Root
PRJNA339701	SRR4069170	SAMN05607104	NA	spike	early filling stage	Yixuandahongmi	EF_Meizi_syHou	NA	cultivar:Yixuandahongmi; dev stage:Early filling stage; geo loc name:China: Inner Mongolia; tissue:Spike
PRJNA339701	SRR4069171	SAMN05607110	NA	leaf	early filling stage	Yixuandahongmi	FL_Meizi_syHou	NA	cultivar:Yixuandahongmi; dev stage:Early filling stage; geo loc name:China: Inner Mongolia; tissue:Leaf
PRJNA339701	SRR4069172	SAMN05607103	NA	spike	mid filling stage	Yixuandahongmi	MF_Meizi_syHou	NA	cultivar:Yixuandahongmi; dev stage:Mid filling stage; geo loc name:China: Inner Mongolia; tissue:Spike
PRJNA339701	SRR4069173	SAMN05607112	NA	leaf	seedling stage	Yixuandahongmi	SL_Meizi_syHou	NA	cultivar:Yixuandahongmi; dev stage:seedling stage; geo loc name:China: Inner Mongolia; tissue:Leaf
PRJNA380659	SRR5406186	SAMN06645991	NA	leaf	NA	NA	Panicum_miliaceum_PI578073	NA	ecotype:PI 578073; age:not collected; dev stage:not collected; geo loc name:not applicable; tissue:leaf
PRJNA429322	SRR6457753	SAMN08335224	NA	seedling	14 days	Longmi4	Longmi4	NA	cultivar:Longmi4; dev stage:14 day seedlings; geo loc name:China: Beijing; tissue:seedling
PRJNA431485	SRR6660738	SAMN08391649	NA	seed	NA	CGRIS00000390	seed_mature	NA	cultivar:CGRIS00000390; age:12-week; geo loc name:China: Ji'lin; tissue:mature seeds
PRJNA431485	SRR6660739	SAMN08391648	NA	root	NA	CGRIS00000390	root_8w	NA	cultivar:CGRIS00000390; age:8-week; geo loc name:China: Ji'lin; tissue:root
PRJNA431485	SRR6660740	SAMN08391648	NA	root	NA	CGRIS00000390	root_8w	NA	cultivar:CGRIS00000390; age:8-week; geo loc name:China: Ji'lin; tissue:root
PRJNA431485	SRR6660741	SAMN08391648	NA	root	NA	CGRIS00000390	root_8w	NA	cultivar:CGRIS00000390; age:8-week; geo loc name:China: Ji'lin; tissue:root
PRJNA431485	SRR6660742	SAMN08391648	NA	root	NA	CGRIS00000390	root_8w	NA	cultivar:CGRIS00000390; age:8-week; geo loc name:China: Ji'lin; tissue:root
PRJNA431485	SRR6660743	SAMN08391648	NA	root	NA	CGRIS00000390	root_8w	NA	cultivar:CGRIS00000390; age:8-week; geo loc name:China: Ji'lin; tissue:root
PRJNA431485	SRR6660744	SAMN08391647	NA	stem	NA	CGRIS00000390	inflorescences_8w	NA	cultivar:CGRIS00000390; age:8-week; geo loc name:China: Ji'lin; tissue:stem
PRJNA431485	SRR6660745	SAMN08391647	NA	stem	NA	CGRIS00000390	inflorescences_8w	NA	cultivar:CGRIS00000390; age:8-week; geo loc name:China: Ji'lin; tissue:stem
PRJNA431485	SRR6660746	SAMN08391645	NA	leaf sheath	NA	CGRIS00000390	leaf_sheath_8w	NA	cultivar:CGRIS00000390; age:8-week; geo loc name:China: Ji'lin; tissue:leaf sheath
PRJNA431485	SRR6660747	SAMN08391645	NA	leaf sheath	NA	CGRIS00000390	leaf_sheath_8w	NA	cultivar:CGRIS00000390; age:8-week; geo loc name:China: Ji'lin; tissue:leaf sheath
PRJNA431485	SRR6660748	SAMN08391645	NA	leaf sheath	NA	CGRIS00000390	leaf_sheath_8w	NA	cultivar:CGRIS00000390; age:8-week; geo loc name:China: Ji'lin; tissue:leaf sheath
PRJNA431485	SRR6660749	SAMN08391644	NA	leaf blade	NA	CGRIS00000390	leaf_blade_8w	NA	cultivar:CGRIS00000390; age:8-week; geo loc name:China: Ji'lin; tissue:leaf blade
PRJNA431485	SRR6660750	SAMN08391644	NA	leaf blade	NA	CGRIS00000390	leaf_blade_8w	NA	cultivar:CGRIS00000390; age:8-week; geo loc name:China: Ji'lin; tissue:leaf blade
PRJNA431485	SRR6660751	SAMN08391644	NA	leaf blade	NA	CGRIS00000390	leaf_blade_8w	NA	cultivar:CGRIS00000390; age:8-week; geo loc name:China: Ji'lin; tissue:leaf blade
PRJNA431485	SRR6660752	SAMN08391644	NA	leaf blade	NA	CGRIS00000390	leaf_blade_8w	NA	cultivar:CGRIS00000390; age:8-week; geo loc name:China: Ji'lin; tissue:leaf blade
PRJNA431485	SRR6660753	SAMN08391644	NA	leaf blade	NA	CGRIS00000390	leaf_blade_8w	NA	cultivar:CGRIS00000390; age:8-week; geo loc name:China: Ji'lin; tissue:leaf blade
PRJNA431485	SRR6660754	SAMN08391644	NA	leaf blade	NA	CGRIS00000390	leaf_blade_8w	NA	cultivar:CGRIS00000390; age:8-week; geo loc name:China: Ji'lin; tissue:leaf blade
PRJNA431485	SRR6660755	SAMN08391643	NA	shoot	NA	CGRIS00000390	shoot_3w	NA	cultivar:CGRIS00000390; age:3-week; geo loc name:China: Ji'lin; tissue:shoot
PRJNA431485	SRR6660756	SAMN08391647	NA	stem	NA	CGRIS00000390	inflorescences_8w	NA	cultivar:CGRIS00000390; age:8-week; geo loc name:China: Ji'lin; tissue:stem
PRJNA431485	SRR6660757	SAMN08391649	NA	seed	NA	CGRIS00000390	seed_mature	NA	cultivar:CGRIS00000390; age:12-week; geo loc name:China: Ji'lin; tissue:mature seeds
PRJNA431485	SRR6660758	SAMN08391649	NA	seed	NA	CGRIS00000390	seed_mature	NA	cultivar:CGRIS00000390; age:12-week; geo loc name:China: Ji'lin; tissue:mature seeds
PRJNA431485	SRR6660759	SAMN08391646	NA	inflorescence	NA	CGRIS00000390	stem_8w	NA	cultivar:CGRIS00000390; age:8-week; geo loc name:China: Ji'lin; tissue:inflorescence
PRJNA431485	SRR6660760	SAMN08391646	NA	inflorescence	NA	CGRIS00000390	stem_8w	NA	cultivar:CGRIS00000390; age:8-week; geo loc name:China: Ji'lin; tissue:inflorescence
PRJNA431485	SRR6660761	SAMN08391646	NA	inflorescence	NA	CGRIS00000390	stem_8w	NA	cultivar:CGRIS00000390; age:8-week; geo loc name:China: Ji'lin; tissue:inflorescence
PRJNA431485	SRR6660762	SAMN08391646	NA	inflorescence	NA	CGRIS00000390	stem_8w	NA	cultivar:CGRIS00000390; age:8-week; geo loc name:China: Ji'lin; tissue:inflorescence
PRJNA431485	SRR6660763	SAMN08391645	NA	leaf sheath	NA	CGRIS00000390	leaf_sheath_8w	NA	cultivar:CGRIS00000390; age:8-week; geo loc name:China: Ji'lin; tissue:leaf sheath
PRJNA431485	SRR6660764	SAMN08391646	NA	inflorescence	NA	CGRIS00000390	stem_8w	NA	cultivar:CGRIS00000390; age:8-week; geo loc name:China: Ji'lin; tissue:inflorescence
PRJNA431485	SRR6660765	SAMN08391645	NA	leaf sheath	NA	CGRIS00000390	leaf_sheath_8w	NA	cultivar:CGRIS00000390; age:8-week; geo loc name:China: Ji'lin; tissue:leaf sheath
PRJNA431485	SRR6660766	SAMN08391645	NA	leaf sheath	NA	CGRIS00000390	leaf_sheath_8w	NA	cultivar:CGRIS00000390; age:8-week; geo loc name:China: Ji'lin; tissue:leaf sheath
PRJNA431485	SRR6660767	SAMN08391648	NA	root	NA	CGRIS00000390	root_8w	NA	cultivar:CGRIS00000390; age:8-week; geo loc name:China: Ji'lin; tissue:root
PRJNA431485	SRR6660768	SAMN08391647	NA	stem	NA	CGRIS00000390	inflorescences_8w	NA	cultivar:CGRIS00000390; age:8-week; geo loc name:China: Ji'lin; tissue:stem
PRJNA431485	SRR6660769	SAMN08391647	NA	stem	NA	CGRIS00000390	inflorescences_8w	NA	cultivar:CGRIS00000390; age:8-week; geo loc name:China: Ji'lin; tissue:stem
PRJNA431485	SRR6660770	SAMN08391643	NA	shoot	NA	CGRIS00000390	shoot_3w	NA	cultivar:CGRIS00000390; age:3-week; geo loc name:China: Ji'lin; tissue:shoot
PRJNA431485	SRR6660771	SAMN08391643	NA	shoot	NA	CGRIS00000390	shoot_3w	NA	cultivar:CGRIS00000390; age:3-week; geo loc name:China: Ji'lin; tissue:shoot
PRJNA431485	SRR6660772	SAMN08391643	NA	shoot	NA	CGRIS00000390	shoot_3w	NA	cultivar:CGRIS00000390; age:3-week; geo loc name:China: Ji'lin; tissue:shoot
PRJNA431485	SRR6660773	SAMN08391642	NA	seedling	NA	CGRIS00000390	seedling_1w	NA	cultivar:CGRIS00000390; age:1-week; geo loc name:China: Ji'lin; tissue:seedling
PRJNA431485	SRR6660774	SAMN08391643	NA	shoot	NA	CGRIS00000390	shoot_3w	NA	cultivar:CGRIS00000390; age:3-week; geo loc name:China: Ji'lin; tissue:shoot
PRJNA431485	SRR6660775	SAMN08391643	NA	shoot	NA	CGRIS00000390	shoot_3w	NA	cultivar:CGRIS00000390; age:3-week; geo loc name:China: Ji'lin; tissue:shoot
PRJNA431485	SRR6660776	SAMN08391642	NA	seedling	NA	CGRIS00000390	seedling_1w	NA	cultivar:CGRIS00000390; age:1-week; geo loc name:China: Ji'lin; tissue:seedling
PRJNA431485	SRR6660777	SAMN08391642	NA	seedling	NA	CGRIS00000390	seedling_1w	NA	cultivar:CGRIS00000390; age:1-week; geo loc name:China: Ji'lin; tissue:seedling
PRJNA431485	SRR6660778	SAMN08391642	NA	seedling	NA	CGRIS00000390	seedling_1w	NA	cultivar:CGRIS00000390; age:1-week; geo loc name:China: Ji'lin; tissue:seedling
PRJNA431485	SRR6660779	SAMN08391642	NA	seedling	NA	CGRIS00000390	seedling_1w	NA	cultivar:CGRIS00000390; age:1-week; geo loc name:China: Ji'lin; tissue:seedling
PRJNA454008	SRR7121385	SAMN08947072	20% PEG 6h	leaf	three leaf stage	Neimi 5	NM5T6-2	NA	cultivar:Neimi 5; dev stage:three-leaf stage; geo loc name:China: Inner Mongolia; tissue:leaf; treatment:Treated with 20% PEG-6000 for 6h; replicate:biological replicate 2
PRJNA454008	SRR7121386	SAMN08947071	20% PEG 6h	leaf	three leaf stage	Neimi 5	NM5T6-1	NA	cultivar:Neimi 5; dev stage:three-leaf stage; geo loc name:China: Inner Mongolia; tissue:leaf; treatment:Treated with 20% PEG-6000 for 6h; replicate:biological replicate 1
PRJNA454008	SRR7121387	SAMN08947070	control	leaf	three leaf stage	Neimi 5	NM5CK-3	NA	cultivar:Neimi 5; dev stage:three-leaf stage; geo loc name:China: Inner Mongolia; tissue:leaf; treatment:The control; replicate:biological replicate 3
PRJNA454008	SRR7121388	SAMN08947069	control	leaf	three leaf stage	Neimi 5	NM5CK-2	NA	cultivar:Neimi 5; dev stage:three-leaf stage; geo loc name:China: Inner Mongolia; tissue:leaf; treatment:The control; replicate:biological replicate 2
PRJNA454008	SRR7121389	SAMN08947076	20% PEG 24h	leaf	three leaf stage	Neimi 5	NM5T24-3	NA	cultivar:Neimi 5; dev stage:three-leaf stage; geo loc name:China: Inner Mongolia; tissue:leaf; treatment:Treated with 20% PEG-6000 for 24h; replicate:biological replicate 3
PRJNA454008	SRR7121390	SAMN08947075	20% PEG 24h	leaf	three leaf stage	Neimi 5	NM5T24-2	NA	cultivar:Neimi 5; dev stage:three-leaf stage; geo loc name:China: Inner Mongolia; tissue:leaf; treatment:Treated with 20% PEG-6000 for 24h; replicate:biological replicate 2
PRJNA454008	SRR7121391	SAMN08947074	20% PEG 24h	leaf	three leaf stage	Neimi 5	NM5T24-1	NA	cultivar:Neimi 5; dev stage:three-leaf stage; geo loc name:China: Inner Mongolia; tissue:leaf; treatment:Treated with 20% PEG-6000 for 24h; replicate:biological replicate 1
PRJNA454008	SRR7121392	SAMN08947073	20% PEG 6h	leaf	three leaf stage	Neimi 5	NM5T6-3	NA	cultivar:Neimi 5; dev stage:three-leaf stage; geo loc name:China: Inner Mongolia; tissue:leaf; treatment:Treated with 20% PEG-6000 for 6h; replicate:biological replicate 3
PRJNA454008	SRR7121393	SAMN08947060	control	leaf	three leaf stage	Jinshu 6	JS6CK-2	NA	cultivar:Jinshu 6; dev stage:three-leaf stage; geo loc name:China: Shanxi; tissue:leaf; treatment:The control; replicate:biological replicate 2
PRJNA454008	SRR7121394	SAMN08947059	control	leaf	three leaf stage	Jinshu 6	JS6CK-1	NA	cultivar:Jinshu 6; dev stage:three-leaf stage; geo loc name:China: Shanxi; tissue:leaf; treatment:The control; replicate:biological replicate 1
PRJNA454008	SRR7121395	SAMN08947062	20% PEG 6h	leaf	three leaf stage	Jinshu 6	JS6T6-1	NA	cultivar:Jinshu 6; dev stage:three-leaf stage; geo loc name:China: Shanxi; tissue:leaf; treatment:Treated with 20% PEG-6000 for 6h; replicate:biological replicate 1
PRJNA454008	SRR7121396	SAMN08947061	control	leaf	three leaf stage	Jinshu 6	JS6CK-3	NA	cultivar:Jinshu 6; dev stage:three-leaf stage; geo loc name:China: Shanxi; tissue:leaf; treatment:The control; replicate:biological replicate 3
PRJNA454008	SRR7121397	SAMN08947064	20% PEG 6h	leaf	three leaf stage	Jinshu 6	JS6T6-3	NA	cultivar:Jinshu 6; dev stage:three-leaf stage; geo loc name:China: Shanxi; tissue:leaf; treatment:Treated with 20% PEG-6000 for 6h; replicate:biological replicate 3
PRJNA454008	SRR7121398	SAMN08947063	20% PEG 6h	leaf	three leaf stage	Jinshu 6	JS6T6-2	NA	cultivar:Jinshu 6; dev stage:three-leaf stage; geo loc name:China: Shanxi; tissue:leaf; treatment:Treated with 20% PEG-6000 for 6h; replicate:biological replicate 2
PRJNA454008	SRR7121399	SAMN08947066	20% PEG 24h	leaf	three leaf stage	Jinshu 6	JS6T24-2	NA	cultivar:Jinshu 6; dev stage:three-leaf stage; geo loc name:China: Shanxi; tissue:leaf; treatment:Treated with 20% PEG-6000 for 24h; replicate:biological replicate 2
PRJNA454008	SRR7121400	SAMN08947065	20% PEG 24h	leaf	three leaf stage	Jinshu 6	JS6T24-1	NA	cultivar:Jinshu 6; dev stage:three-leaf stage; geo loc name:China: Shanxi; tissue:leaf; treatment:Treated with 20% PEG-6000 for 24h; replicate:biological replicate 1
PRJNA454008	SRR7121401	SAMN08947068	control	leaf	three leaf stage	Neimi 5	NM5CK-1	NA	cultivar:Neimi 5; dev stage:three-leaf stage; geo loc name:China: Inner Mongolia; tissue:leaf; treatment:The control; replicate:biological replicate 1
PRJNA454008	SRR7121402	SAMN08947067	20% PEG 24h	leaf	three leaf stage	Jinshu 6	JS6T24-3	NA	cultivar:Jinshu 6; dev stage:three-leaf stage; geo loc name:China: Shanxi; tissue:leaf; treatment:Treated with 20% PEG-6000 for 24h; replicate:biological replicate 3
PRJNA508442	SRR9651119	SAMN12217323	NA	leaf	NA	NA	Panicum_miliaceum_Leaf_RNA-Seq	NA	cultivar:L.; age:30 days; geo loc name:Australia; tissue:Leaf
PRJNA508442	SRR9651120	SAMN12217323	NA	leaf	NA	NA	Panicum_miliaceum_Leaf_RNA-Seq	NA	cultivar:L.; age:30 days; geo loc name:Australia; tissue:Leaf
PRJNA508442	SRR9651121	SAMN12217323	NA	leaf	NA	NA	Panicum_miliaceum_Leaf_RNA-Seq	NA	cultivar:L.; age:30 days; geo loc name:Australia; tissue:Leaf
PRJNA508442	SRR9651122	SAMN12217323	NA	leaf	NA	NA	Panicum_miliaceum_Leaf_RNA-Seq	NA	cultivar:L.; age:30 days; geo loc name:Australia; tissue:Leaf
PRJNA508442	SRR9651123	SAMN12217323	NA	leaf	NA	NA	Panicum_miliaceum_Leaf_RNA-Seq	NA	cultivar:L.; age:30 days; geo loc name:Australia; tissue:Leaf
PRJNA508442	SRR9651124	SAMN12217323	NA	leaf	NA	NA	Panicum_miliaceum_Leaf_RNA-Seq	NA	cultivar:L.; age:30 days; geo loc name:Australia; tissue:Leaf
PRJNA508442	SRR9651125	SAMN12217323	NA	leaf	NA	NA	Panicum_miliaceum_Leaf_RNA-Seq	NA	cultivar:L.; age:30 days; geo loc name:Australia; tissue:Leaf
PRJNA508442	SRR9651147	SAMN12217323	NA	leaf	NA	NA	Panicum_miliaceum_Leaf_RNA-Seq	NA	cultivar:L.; age:30 days; geo loc name:Australia; tissue:Leaf
PRJNA508442	SRR9651148	SAMN12217323	NA	leaf	NA	NA	Panicum_miliaceum_Leaf_RNA-Seq	NA	cultivar:L.; age:30 days; geo loc name:Australia; tissue:Leaf
PRJNA266434	SRR1697309	SAMN03252933	NA	leaf	juvenile	Huangmizi	Huangmizi	NA	cultivar:Huangmizi; dev stage:Juvenile; geo loc name:China: Shanaxi  Dingbian; tissue:leaves
PRJNA266434	SRR1697310	SAMN03252967	NA	leaf	juvenile	Zhenyuandamizi	Zhenyuandamizi	NA	cultivar:Zhenyuandamizi; dev stage:Juvenile; geo loc name:China: Gansu  Zhenyuan; tissue:Leaves
