BioProject	SRA	BioSample	treatment	tissue	stage	cultivar	code	temperature	attributes
PRJDB4919	DRR062863	SAMD00053719	NA	NA	seedling having three leaves	Foma	SAMD00053719	NA	sample name:T1 cDNA library;  cultivar:Foma;  dev stage:seedling having three leaves;  tissue type:third leaf
PRJDB4919	DRR062864	SAMD00053720	NA	NA	seedling having three leaves	NA	SAMD00053720	NA	sample name:T2 cDNA library;  dev stage:seedling having three leaves;  strain:cer-zv.342;  tissue type:third leaf
PRJDB4754	DRR087971	SAMD00074917	NA	NA	NA	Foma	SAMD00074917	NA	sample name:Foma AP1;  cultivar:Foma
PRJDB4754	DRR087972	SAMD00074918	NA	NA	NA	Foma	SAMD00074918	NA	sample name:Foma AP2;  cultivar:Foma
PRJDB4754	DRR087973	SAMD00074919	NA	NA	NA	Foma	SAMD00074919	NA	sample name:Foma AP3;  cultivar:Foma
PRJDB4754	DRR087974	SAMD00074920	NA	NA	NA	Foma	SAMD00074920	NA	sample name:Deficiens2 AP1;  cultivar:Foma
PRJDB4754	DRR087975	SAMD00074921	NA	NA	NA	Foma	SAMD00074921	NA	sample name:Deficiens2 AP2;  cultivar:Foma
PRJDB4754	DRR087976	SAMD00074922	NA	NA	NA	Foma	SAMD00074922	NA	sample name:Deficiens2 AP3;  cultivar:Foma
PRJEB12540	ERR1248084	SAMEA3857507	NA	NA	NA	NA	SAMEA3857507	NA	ENA first public:2016-04-30;  ENA last update:2017-04-06;  ENA-CHECKLIST:ERC000011;  External Id:SAMEA3857507;  INSDC center alias:Estacion Experimental de Aula Dei (CSIC - Spain);  INSDC center name:Estacion Experimental de Aula Dei (CSIC - Spain);  INSDC first public:2016-04-30T17:10:34Z;  INSDC last update:2017-04-06T13:17:51Z;  INSDC status:public;  Submitter Id:SCYIC 1 6 19;  common name:domesticated barley;  sample name:SCYIC 1 6 19;  sub species:vulgare
PRJEB12540	ERR1248085	SAMEA3857508	NA	NA	NA	NA	SAMEA3857508	NA	ENA first public:2016-04-30;  ENA last update:2017-04-06;  ENA-CHECKLIST:ERC000011;  External Id:SAMEA3857508;  INSDC center alias:Estacion Experimental de Aula Dei (CSIC - Spain);  INSDC center name:Estacion Experimental de Aula Dei (CSIC - Spain);  INSDC first public:2016-04-30T17:10:34Z;  INSDC last update:2017-04-06T13:17:51Z;  INSDC status:public;  Submitter Id:SCYIC 2 4 22;  common name:domesticated barley;  sample name:SCYIC 2 4 22;  sub species:vulgare
PRJEB12540	ERR1248086	SAMEA3857509	NA	NA	NA	NA	SAMEA3857509	NA	ENA first public:2016-04-30;  ENA last update:2017-04-06;  ENA-CHECKLIST:ERC000011;  External Id:SAMEA3857509;  INSDC center alias:Estacion Experimental de Aula Dei (CSIC - Spain);  INSDC center name:Estacion Experimental de Aula Dei (CSIC - Spain);  INSDC first public:2016-04-30T17:10:34Z;  INSDC last update:2017-04-06T13:17:51Z;  INSDC status:public;  Submitter Id:SCYID 1 6 18;  common name:domesticated barley;  sample name:SCYID 1 6 18;  sub species:vulgare
PRJEB12540	ERR1248087	SAMEA3857510	NA	NA	NA	NA	SAMEA3857510	NA	ENA first public:2016-04-30;  ENA last update:2017-04-06;  ENA-CHECKLIST:ERC000011;  External Id:SAMEA3857510;  INSDC center alias:Estacion Experimental de Aula Dei (CSIC - Spain);  INSDC center name:Estacion Experimental de Aula Dei (CSIC - Spain);  INSDC first public:2016-04-30T17:10:34Z;  INSDC last update:2017-04-06T13:17:51Z;  INSDC status:public;  Submitter Id:SCYID 2 5 23;  common name:domesticated barley;  sample name:SCYID 2 5 23;  sub species:vulgare
PRJEB12540	ERR1248088	SAMEA3857511	NA	NA	NA	NA	SAMEA3857511	NA	ENA first public:2016-04-30;  ENA last update:2017-04-06;  ENA-CHECKLIST:ERC000011;  External Id:SAMEA3857511;  INSDC center alias:Estacion Experimental de Aula Dei (CSIC - Spain);  INSDC center name:Estacion Experimental de Aula Dei (CSIC - Spain);  INSDC first public:2016-04-30T17:10:34Z;  INSDC last update:2017-04-06T13:17:51Z;  INSDC status:public;  Submitter Id:SCYIG 1 4 6;  common name:domesticated barley;  sample name:SCYIG 1 4 6;  sub species:vulgare
PRJEB12540	ERR1248089	SAMEA3857512	NA	NA	NA	NA	SAMEA3857512	NA	ENA first public:2016-04-30;  ENA last update:2017-04-06;  ENA-CHECKLIST:ERC000011;  External Id:SAMEA3857512;  INSDC center alias:Estacion Experimental de Aula Dei (CSIC - Spain);  INSDC center name:Estacion Experimental de Aula Dei (CSIC - Spain);  INSDC first public:2016-04-30T17:10:34Z;  INSDC last update:2017-04-06T13:17:51Z;  INSDC status:public;  Submitter Id:SCYIG 2 4 25;  common name:domesticated barley;  sample name:SCYIG 2 4 25;  sub species:vulgare
PRJEB12540	ERR1248116	SAMEA3857519	NA	NA	NA	NA	SAMEA3857519	NA	ENA first public:2016-04-30;  ENA last update:2017-04-06;  ENA-CHECKLIST:ERC000011;  External Id:SAMEA3857519;  INSDC center alias:Estacion Experimental de Aula Dei (CSIC - Spain);  INSDC center name:Estacion Experimental de Aula Dei (CSIC - Spain);  INSDC first public:2016-04-30T17:10:34Z;  INSDC last update:2017-04-06T13:17:30Z;  INSDC status:public;  Submitter Id:SCLFC 1 7 8;  common name:domesticated barley;  sample name:SCLFC 1 7 8;  sub species:vulgare
PRJEB12540	ERR1248117	SAMEA3857520	NA	NA	NA	NA	SAMEA3857520	NA	ENA first public:2016-04-30;  ENA last update:2017-04-06;  ENA-CHECKLIST:ERC000011;  External Id:SAMEA3857520;  INSDC center alias:Estacion Experimental de Aula Dei (CSIC - Spain);  INSDC center name:Estacion Experimental de Aula Dei (CSIC - Spain);  INSDC first public:2016-04-30T17:10:35Z;  INSDC last update:2017-04-06T13:17:30Z;  INSDC status:public;  Submitter Id:SCLFC 2 8 12;  common name:domesticated barley;  sample name:SCLFC 2 8 12;  sub species:vulgare
PRJEB12540	ERR1248118	SAMEA3857521	NA	NA	NA	NA	SAMEA3857521	NA	ENA first public:2016-04-30;  ENA last update:2017-04-06;  ENA-CHECKLIST:ERC000011;  External Id:SAMEA3857521;  INSDC center alias:Estacion Experimental de Aula Dei (CSIC - Spain);  INSDC center name:Estacion Experimental de Aula Dei (CSIC - Spain);  INSDC first public:2016-04-30T17:10:34Z;  INSDC last update:2017-04-06T13:17:30Z;  INSDC status:public;  Submitter Id:SCLFC 3 5 27;  common name:domesticated barley;  sample name:SCLFC 3 5 27;  sub species:vulgare
PRJEB12540	ERR1248119	SAMEA3857522	NA	NA	NA	NA	SAMEA3857522	NA	ENA first public:2016-04-30;  ENA last update:2017-04-06;  ENA-CHECKLIST:ERC000011;  External Id:SAMEA3857522;  INSDC center alias:Estacion Experimental de Aula Dei (CSIC - Spain);  INSDC center name:Estacion Experimental de Aula Dei (CSIC - Spain);  INSDC first public:2016-04-30T17:10:34Z;  INSDC last update:2017-04-06T13:17:30Z;  INSDC status:public;  Submitter Id:SCLFD 1 8 11;  common name:domesticated barley;  sample name:SCLFD 1 8 11;  sub species:vulgare
PRJEB12540	ERR1248120	SAMEA3857523	NA	NA	NA	NA	SAMEA3857523	NA	ENA first public:2016-04-30;  ENA last update:2017-04-06;  ENA-CHECKLIST:ERC000011;  External Id:SAMEA3857523;  INSDC center alias:Estacion Experimental de Aula Dei (CSIC - Spain);  INSDC center name:Estacion Experimental de Aula Dei (CSIC - Spain);  INSDC first public:2016-04-30T17:10:35Z;  INSDC last update:2017-04-06T13:17:30Z;  INSDC status:public;  Submitter Id:SCLFD 2 8 14;  common name:domesticated barley;  sample name:SCLFD 2 8 14;  sub species:vulgare
PRJEB12540	ERR1248121	SAMEA3857524	NA	NA	NA	NA	SAMEA3857524	NA	ENA first public:2016-04-30;  ENA last update:2017-04-06;  ENA-CHECKLIST:ERC000011;  External Id:SAMEA3857524;  INSDC center alias:Estacion Experimental de Aula Dei (CSIC - Spain);  INSDC center name:Estacion Experimental de Aula Dei (CSIC - Spain);  INSDC first public:2016-04-30T17:10:34Z;  INSDC last update:2017-04-06T13:17:30Z;  INSDC status:public;  Submitter Id:SCLFD 3 5 22;  common name:domesticated barley;  sample name:SCLFD 3 5 22;  sub species:vulgare
PRJEB12540	ERR1248274	SAMEA3857527	NA	NA	NA	NA	SAMEA3857527	NA	ENA first public:2016-04-30;  ENA last update:2017-04-06;  ENA-CHECKLIST:ERC000011;  External Id:SAMEA3857527;  INSDC center alias:Estacion Experimental de Aula Dei (CSIC - Spain);  INSDC center name:Estacion Experimental de Aula Dei (CSIC - Spain);  INSDC first public:2016-04-30T17:10:35Z;  INSDC last update:2017-04-06T13:17:07Z;  INSDC status:public;  Submitter Id:73YIC 1 5 20;  common name:domesticated barley;  sample name:73YIC 1 5 20;  sub species:vulgare
PRJEB12540	ERR1248275	SAMEA3857528	NA	NA	NA	NA	SAMEA3857528	NA	ENA first public:2016-04-30;  ENA last update:2017-04-06;  ENA-CHECKLIST:ERC000011;  External Id:SAMEA3857528;  INSDC center alias:Estacion Experimental de Aula Dei (CSIC - Spain);  INSDC center name:Estacion Experimental de Aula Dei (CSIC - Spain);  INSDC first public:2016-04-30T17:10:35Z;  INSDC last update:2017-04-06T13:17:07Z;  INSDC status:public;  Submitter Id:73YIC 2 6 15;  common name:domesticated barley;  sample name:73YIC 2 6 15;  sub species:vulgare
PRJEB12540	ERR1248276	SAMEA3857529	NA	NA	NA	NA	SAMEA3857529	NA	ENA first public:2016-04-30;  ENA last update:2017-04-06;  ENA-CHECKLIST:ERC000011;  External Id:SAMEA3857529;  INSDC center alias:Estacion Experimental de Aula Dei (CSIC - Spain);  INSDC center name:Estacion Experimental de Aula Dei (CSIC - Spain);  INSDC first public:2016-04-30T17:10:34Z;  INSDC last update:2017-04-06T13:17:07Z;  INSDC status:public;  Submitter Id:73YID 1 6 16;  common name:domesticated barley;  sample name:73YID 1 6 16;  sub species:vulgare
PRJEB12540	ERR1248277	SAMEA3857530	NA	NA	NA	NA	SAMEA3857530	NA	ENA first public:2016-04-30;  ENA last update:2017-04-06;  ENA-CHECKLIST:ERC000011;  External Id:SAMEA3857530;  INSDC center alias:Estacion Experimental de Aula Dei (CSIC - Spain);  INSDC center name:Estacion Experimental de Aula Dei (CSIC - Spain);  INSDC first public:2016-04-30T17:10:35Z;  INSDC last update:2017-04-06T13:17:07Z;  INSDC status:public;  Submitter Id:73YID 2 4 21;  common name:domesticated barley;  sample name:73YID 2 4 21;  sub species:vulgare
PRJEB12540	ERR1248278	SAMEA3857531	NA	NA	NA	NA	SAMEA3857531	NA	ENA first public:2016-04-30;  ENA last update:2017-04-06;  ENA-CHECKLIST:ERC000011;  External Id:SAMEA3857531;  INSDC center alias:Estacion Experimental de Aula Dei (CSIC - Spain);  INSDC center name:Estacion Experimental de Aula Dei (CSIC - Spain);  INSDC first public:2016-04-30T17:10:35Z;  INSDC last update:2017-04-06T13:17:07Z;  INSDC status:public;  Submitter Id:73YIG 1 4 4;  common name:domesticated barley;  sample name:73YIG 1 4 4;  sub species:vulgare
PRJEB12540	ERR1248279	SAMEA3857532	NA	NA	NA	NA	SAMEA3857532	NA	ENA first public:2016-04-30;  ENA last update:2017-04-06;  ENA-CHECKLIST:ERC000011;  External Id:SAMEA3857532;  INSDC center alias:Estacion Experimental de Aula Dei (CSIC - Spain);  INSDC center name:Estacion Experimental de Aula Dei (CSIC - Spain);  INSDC first public:2016-04-30T17:10:34Z;  INSDC last update:2017-04-06T13:17:07Z;  INSDC status:public;  Submitter Id:73YIG 2 3 21;  common name:domesticated barley;  sample name:73YIG 2 3 21;  sub species:vulgare
PRJEB12540	ERR1248280	SAMEA3857533	NA	NA	NA	NA	SAMEA3857533	NA	ENA first public:2016-04-30;  ENA last update:2017-04-06;  ENA-CHECKLIST:ERC000011;  External Id:SAMEA3857533;  INSDC center alias:Estacion Experimental de Aula Dei (CSIC - Spain);  INSDC center name:Estacion Experimental de Aula Dei (CSIC - Spain);  INSDC first public:2016-04-30T17:10:35Z;  INSDC last update:2017-04-06T13:16:39Z;  INSDC status:public;  Submitter Id:73LFC 1 4 7;  common name:domesticated barley;  sample name:73LFC 1 4 7;  sub species:vulgare
PRJEB12540	ERR1248281	SAMEA3857534	NA	NA	NA	NA	SAMEA3857534	NA	ENA first public:2016-04-30;  ENA last update:2017-04-06;  ENA-CHECKLIST:ERC000011;  External Id:SAMEA3857534;  INSDC center alias:Estacion Experimental de Aula Dei (CSIC - Spain);  INSDC center name:Estacion Experimental de Aula Dei (CSIC - Spain);  INSDC first public:2016-04-30T17:10:34Z;  INSDC last update:2017-04-06T13:16:39Z;  INSDC status:public;  Submitter Id:73LFC 2 7 9;  common name:domesticated barley;  sample name:73LFC 2 7 9;  sub species:vulgare
PRJEB12540	ERR1248282	SAMEA3857535	NA	NA	NA	NA	SAMEA3857535	NA	ENA first public:2016-04-30;  ENA last update:2017-04-06;  ENA-CHECKLIST:ERC000011;  External Id:SAMEA3857535;  INSDC center alias:Estacion Experimental de Aula Dei (CSIC - Spain);  INSDC center name:Estacion Experimental de Aula Dei (CSIC - Spain);  INSDC first public:2016-04-30T17:10:34Z;  INSDC last update:2017-04-06T13:16:39Z;  INSDC status:public;  Submitter Id:73LFC 3 8 13;  common name:domesticated barley;  sample name:73LFC 3 8 13;  sub species:vulgare
PRJEB12540	ERR1248283	SAMEA3857536	NA	NA	NA	NA	SAMEA3857536	NA	ENA first public:2016-04-30;  ENA last update:2017-04-06;  ENA-CHECKLIST:ERC000011;  External Id:SAMEA3857536;  INSDC center alias:Estacion Experimental de Aula Dei (CSIC - Spain);  INSDC center name:Estacion Experimental de Aula Dei (CSIC - Spain);  INSDC first public:2016-04-30T17:10:34Z;  INSDC last update:2017-04-06T13:16:39Z;  INSDC status:public;  Submitter Id:73LFD 1 7 10;  common name:domesticated barley;  sample name:73LFD 1 7 10;  sub species:vulgare
PRJEB12540	ERR1248285	SAMEA3857538	NA	NA	NA	NA	SAMEA3857538	NA	ENA first public:2016-04-30;  ENA last update:2017-04-06;  ENA-CHECKLIST:ERC000011;  External Id:SAMEA3857538;  INSDC center alias:Estacion Experimental de Aula Dei (CSIC - Spain);  INSDC center name:Estacion Experimental de Aula Dei (CSIC - Spain);  INSDC first public:2016-04-30T17:10:35Z;  INSDC last update:2017-04-06T13:16:39Z;  INSDC status:public;  Submitter Id:73LFD 3 5 25;  common name:domesticated barley;  sample name:73LFD 3 5 25;  sub species:vulgare
PRJEB12540	ERR1248286	SAMEA3857539	NA	NA	NA	NA	SAMEA3857539	NA	ENA first public:2016-04-30;  ENA last update:2017-04-06;  ENA-CHECKLIST:ERC000011;  External Id:SAMEA3857539;  INSDC center alias:Estacion Experimental de Aula Dei (CSIC - Spain);  INSDC center name:Estacion Experimental de Aula Dei (CSIC - Spain);  INSDC first public:2016-04-30T17:10:34Z;  INSDC last update:2017-04-06T13:16:39Z;  INSDC status:public;  Submitter Id:73LFG 1 4 3;  common name:domesticated barley;  sample name:73LFG 1 4 3;  sub species:vulgare
PRJEB12540	ERR1248287	SAMEA3857540	NA	NA	NA	NA	SAMEA3857540	NA	ENA first public:2016-04-30;  ENA last update:2017-04-06;  ENA-CHECKLIST:ERC000011;  External Id:SAMEA3857540;  INSDC center alias:Estacion Experimental de Aula Dei (CSIC - Spain);  INSDC center name:Estacion Experimental de Aula Dei (CSIC - Spain);  INSDC first public:2016-04-30T17:10:35Z;  INSDC last update:2017-04-06T13:16:39Z;  INSDC status:public;  Submitter Id:73LFG 2 4 20;  common name:domesticated barley;  sample name:73LFG 2 4 20;  sub species:vulgare
PRJEB13621	ERR1366263	SAMEA3935047	NA	NA	NA	Clipper	SAMEA3935047	NA	ENA first public:2017-01-06;  ENA last update:2016-04-20;  ENA-CHECKLIST:ERC000011;  External Id:SAMEA3935047;  INSDC center alias:MU;  INSDC center name:Murdoch University;  INSDC first public:2017-01-06T17:01:23Z;  INSDC last update:2016-04-20T10:20:01Z;  INSDC status:public;  Submitter Id:E-MTAB-4634:C0 Z1-1;  age:3;  broker name:ArrayExpress;  developmental stage:0 seed germination stage;  genotype:Clipper;  organism part:Root meristematic zone;  sample name:E-MTAB-4634:C0 Z1-1
PRJEB13621	ERR1366267	SAMEA3935048	NA	NA	NA	Clipper	SAMEA3935048	NA	ENA first public:2017-01-06;  ENA last update:2016-04-20;  ENA-CHECKLIST:ERC000011;  External Id:SAMEA3935048;  INSDC center alias:MU;  INSDC center name:Murdoch University;  INSDC first public:2017-01-06T17:01:23Z;  INSDC last update:2016-04-20T10:20:01Z;  INSDC status:public;  Submitter Id:E-MTAB-4634:C0 Z1-2;  age:3;  broker name:ArrayExpress;  developmental stage:0 seed germination stage;  genotype:Clipper;  organism part:Root meristematic zone;  sample name:E-MTAB-4634:C0 Z1-2
PRJEB13621	ERR1366271	SAMEA3935049	NA	NA	NA	Clipper	SAMEA3935049	NA	ENA first public:2017-01-06;  ENA last update:2016-04-20;  ENA-CHECKLIST:ERC000011;  External Id:SAMEA3935049;  INSDC center alias:MU;  INSDC center name:Murdoch University;  INSDC first public:2017-01-06T17:01:23Z;  INSDC last update:2016-04-20T10:20:01Z;  INSDC status:public;  Submitter Id:E-MTAB-4634:C0 Z1-3;  age:3;  broker name:ArrayExpress;  developmental stage:0 seed germination stage;  genotype:Clipper;  organism part:Root meristematic zone;  sample name:E-MTAB-4634:C0 Z1-3
PRJEB13621	ERR1366275	SAMEA3935050	NA	NA	NA	Clipper	SAMEA3935050	NA	ENA first public:2017-01-06;  ENA last update:2016-04-20;  ENA-CHECKLIST:ERC000011;  External Id:SAMEA3935050;  INSDC center alias:MU;  INSDC center name:Murdoch University;  INSDC first public:2017-01-06T17:01:23Z;  INSDC last update:2016-04-20T10:20:01Z;  INSDC status:public;  Submitter Id:E-MTAB-4634:C0 Z1-4;  age:3;  broker name:ArrayExpress;  developmental stage:0 seed germination stage;  genotype:Clipper;  organism part:Root meristematic zone;  sample name:E-MTAB-4634:C0 Z1-4
PRJEB13621	ERR1366279	SAMEA3935051	NA	NA	NA	Clipper	SAMEA3935051	NA	ENA first public:2017-01-06;  ENA last update:2016-04-20;  ENA-CHECKLIST:ERC000011;  External Id:SAMEA3935051;  INSDC center alias:MU;  INSDC center name:Murdoch University;  INSDC first public:2017-01-06T17:01:23Z;  INSDC last update:2016-04-20T10:20:01Z;  INSDC status:public;  Submitter Id:E-MTAB-4634:C0 Z2-1;  age:3;  broker name:ArrayExpress;  developmental stage:0 seed germination stage;  genotype:Clipper;  organism part:Root elongation zone;  sample name:E-MTAB-4634:C0 Z2-1
PRJEB13621	ERR1366283	SAMEA3935052	NA	NA	NA	Clipper	SAMEA3935052	NA	ENA first public:2017-01-06;  ENA last update:2016-04-20;  ENA-CHECKLIST:ERC000011;  External Id:SAMEA3935052;  INSDC center alias:MU;  INSDC center name:Murdoch University;  INSDC first public:2017-01-06T17:01:23Z;  INSDC last update:2016-04-20T10:20:01Z;  INSDC status:public;  Submitter Id:E-MTAB-4634:C0 Z2-2;  age:3;  broker name:ArrayExpress;  developmental stage:0 seed germination stage;  genotype:Clipper;  organism part:Root elongation zone;  sample name:E-MTAB-4634:C0 Z2-2
PRJEB13621	ERR1366287	SAMEA3935053	NA	NA	NA	Clipper	SAMEA3935053	NA	ENA first public:2017-01-06;  ENA last update:2016-04-20;  ENA-CHECKLIST:ERC000011;  External Id:SAMEA3935053;  INSDC center alias:MU;  INSDC center name:Murdoch University;  INSDC first public:2017-01-06T17:01:23Z;  INSDC last update:2016-04-20T10:20:01Z;  INSDC status:public;  Submitter Id:E-MTAB-4634:C0 Z2-3;  age:3;  broker name:ArrayExpress;  developmental stage:0 seed germination stage;  genotype:Clipper;  organism part:Root elongation zone;  sample name:E-MTAB-4634:C0 Z2-3
PRJEB13621	ERR1366291	SAMEA3935054	NA	NA	NA	Clipper	SAMEA3935054	NA	ENA first public:2017-01-06;  ENA last update:2016-04-20;  ENA-CHECKLIST:ERC000011;  External Id:SAMEA3935054;  INSDC center alias:MU;  INSDC center name:Murdoch University;  INSDC first public:2017-01-06T17:01:23Z;  INSDC last update:2016-04-20T10:20:01Z;  INSDC status:public;  Submitter Id:E-MTAB-4634:C0 Z2-4;  age:3;  broker name:ArrayExpress;  developmental stage:0 seed germination stage;  genotype:Clipper;  organism part:Root elongation zone;  sample name:E-MTAB-4634:C0 Z2-4
PRJEB13621	ERR1366295	SAMEA3935055	NA	NA	NA	Clipper	SAMEA3935055	NA	ENA first public:2017-01-06;  ENA last update:2016-04-20;  ENA-CHECKLIST:ERC000011;  External Id:SAMEA3935055;  INSDC center alias:MU;  INSDC center name:Murdoch University;  INSDC first public:2017-01-06T17:01:23Z;  INSDC last update:2016-04-20T10:20:01Z;  INSDC status:public;  Submitter Id:E-MTAB-4634:C0 Z3-1;  age:3;  broker name:ArrayExpress;  developmental stage:0 seed germination stage;  genotype:Clipper;  organism part:Root maturation zone;  sample name:E-MTAB-4634:C0 Z3-1
PRJEB13621	ERR1366299	SAMEA3935056	NA	NA	NA	Clipper	SAMEA3935056	NA	ENA first public:2017-01-06;  ENA last update:2016-04-20;  ENA-CHECKLIST:ERC000011;  External Id:SAMEA3935056;  INSDC center alias:MU;  INSDC center name:Murdoch University;  INSDC first public:2017-01-06T17:01:23Z;  INSDC last update:2016-04-20T10:20:01Z;  INSDC status:public;  Submitter Id:E-MTAB-4634:C0 Z3-2;  age:3;  broker name:ArrayExpress;  developmental stage:0 seed germination stage;  genotype:Clipper;  organism part:Root maturation zone;  sample name:E-MTAB-4634:C0 Z3-2
PRJEB13621	ERR1366303	SAMEA3935057	NA	NA	NA	Clipper	SAMEA3935057	NA	ENA first public:2017-01-06;  ENA last update:2016-04-20;  ENA-CHECKLIST:ERC000011;  External Id:SAMEA3935057;  INSDC center alias:MU;  INSDC center name:Murdoch University;  INSDC first public:2017-01-06T17:01:23Z;  INSDC last update:2016-04-20T10:20:01Z;  INSDC status:public;  Submitter Id:E-MTAB-4634:C0 Z3-3;  age:3;  broker name:ArrayExpress;  developmental stage:0 seed germination stage;  genotype:Clipper;  organism part:Root maturation zone;  sample name:E-MTAB-4634:C0 Z3-3
PRJEB13621	ERR1366307	SAMEA3935058	NA	NA	NA	Clipper	SAMEA3935058	NA	ENA first public:2017-01-06;  ENA last update:2016-04-20;  ENA-CHECKLIST:ERC000011;  External Id:SAMEA3935058;  INSDC center alias:MU;  INSDC center name:Murdoch University;  INSDC first public:2017-01-06T17:01:23Z;  INSDC last update:2016-04-20T10:20:01Z;  INSDC status:public;  Submitter Id:E-MTAB-4634:C0 Z3-4;  age:3;  broker name:ArrayExpress;  developmental stage:0 seed germination stage;  genotype:Clipper;  organism part:Root maturation zone;  sample name:E-MTAB-4634:C0 Z3-4
PRJEB13621	ERR1366311	SAMEA3935059	NA	NA	NA	Clipper	SAMEA3935059	NA	ENA first public:2017-01-06;  ENA last update:2016-04-20;  ENA-CHECKLIST:ERC000011;  External Id:SAMEA3935059;  INSDC center alias:MU;  INSDC center name:Murdoch University;  INSDC first public:2017-01-06T17:01:23Z;  INSDC last update:2016-04-20T10:20:01Z;  INSDC status:public;  Submitter Id:E-MTAB-4634:C100 Z1-1;  age:3;  broker name:ArrayExpress;  developmental stage:0 seed germination stage;  genotype:Clipper;  organism part:Root meristematic zone;  sample name:E-MTAB-4634:C100 Z1-1
PRJEB13621	ERR1366315	SAMEA3935060	NA	NA	NA	Clipper	SAMEA3935060	NA	ENA first public:2017-01-06;  ENA last update:2016-04-20;  ENA-CHECKLIST:ERC000011;  External Id:SAMEA3935060;  INSDC center alias:MU;  INSDC center name:Murdoch University;  INSDC first public:2017-01-06T17:01:23Z;  INSDC last update:2016-04-20T10:20:01Z;  INSDC status:public;  Submitter Id:E-MTAB-4634:C100 Z1-2;  age:3;  broker name:ArrayExpress;  developmental stage:0 seed germination stage;  genotype:Clipper;  organism part:Root meristematic zone;  sample name:E-MTAB-4634:C100 Z1-2
PRJEB13621	ERR1366319	SAMEA3935061	NA	NA	NA	Clipper	SAMEA3935061	NA	ENA first public:2017-01-06;  ENA last update:2016-04-20;  ENA-CHECKLIST:ERC000011;  External Id:SAMEA3935061;  INSDC center alias:MU;  INSDC center name:Murdoch University;  INSDC first public:2017-01-06T17:01:23Z;  INSDC last update:2016-04-20T10:20:01Z;  INSDC status:public;  Submitter Id:E-MTAB-4634:C100 Z1-3;  age:3;  broker name:ArrayExpress;  developmental stage:0 seed germination stage;  genotype:Clipper;  organism part:Root meristematic zone;  sample name:E-MTAB-4634:C100 Z1-3
PRJEB13621	ERR1366323	SAMEA3935062	NA	NA	NA	Clipper	SAMEA3935062	NA	ENA first public:2017-01-06;  ENA last update:2016-04-20;  ENA-CHECKLIST:ERC000011;  External Id:SAMEA3935062;  INSDC center alias:MU;  INSDC center name:Murdoch University;  INSDC first public:2017-01-06T17:01:23Z;  INSDC last update:2016-04-20T10:20:01Z;  INSDC status:public;  Submitter Id:E-MTAB-4634:C100 Z1-4;  age:3;  broker name:ArrayExpress;  developmental stage:0 seed germination stage;  genotype:Clipper;  organism part:Root meristematic zone;  sample name:E-MTAB-4634:C100 Z1-4
PRJEB13621	ERR1366327	SAMEA3935063	NA	NA	NA	Clipper	SAMEA3935063	NA	ENA first public:2017-01-06;  ENA last update:2016-04-20;  ENA-CHECKLIST:ERC000011;  External Id:SAMEA3935063;  INSDC center alias:MU;  INSDC center name:Murdoch University;  INSDC first public:2017-01-06T17:01:23Z;  INSDC last update:2016-04-20T10:20:01Z;  INSDC status:public;  Submitter Id:E-MTAB-4634:C100 Z2-1;  age:3;  broker name:ArrayExpress;  developmental stage:0 seed germination stage;  genotype:Clipper;  organism part:Root elongation zone;  sample name:E-MTAB-4634:C100 Z2-1
PRJEB13621	ERR1366331	SAMEA3935064	NA	NA	NA	Clipper	SAMEA3935064	NA	ENA first public:2017-01-06;  ENA last update:2016-04-20;  ENA-CHECKLIST:ERC000011;  External Id:SAMEA3935064;  INSDC center alias:MU;  INSDC center name:Murdoch University;  INSDC first public:2017-01-06T17:01:23Z;  INSDC last update:2016-04-20T10:20:01Z;  INSDC status:public;  Submitter Id:E-MTAB-4634:C100 Z2-2;  age:3;  broker name:ArrayExpress;  developmental stage:0 seed germination stage;  genotype:Clipper;  organism part:Root elongation zone;  sample name:E-MTAB-4634:C100 Z2-2
PRJEB13621	ERR1366335	SAMEA3935065	NA	NA	NA	Clipper	SAMEA3935065	NA	ENA first public:2017-01-06;  ENA last update:2016-04-20;  ENA-CHECKLIST:ERC000011;  External Id:SAMEA3935065;  INSDC center alias:MU;  INSDC center name:Murdoch University;  INSDC first public:2017-01-06T17:01:23Z;  INSDC last update:2016-04-20T10:20:01Z;  INSDC status:public;  Submitter Id:E-MTAB-4634:C100 Z2-3;  age:3;  broker name:ArrayExpress;  developmental stage:0 seed germination stage;  genotype:Clipper;  organism part:Root elongation zone;  sample name:E-MTAB-4634:C100 Z2-3
PRJEB13621	ERR1366339	SAMEA3935066	NA	NA	NA	Clipper	SAMEA3935066	NA	ENA first public:2017-01-06;  ENA last update:2016-04-20;  ENA-CHECKLIST:ERC000011;  External Id:SAMEA3935066;  INSDC center alias:MU;  INSDC center name:Murdoch University;  INSDC first public:2017-01-06T17:01:23Z;  INSDC last update:2016-04-20T10:20:01Z;  INSDC status:public;  Submitter Id:E-MTAB-4634:C100 Z2-4;  age:3;  broker name:ArrayExpress;  developmental stage:0 seed germination stage;  genotype:Clipper;  organism part:Root elongation zone;  sample name:E-MTAB-4634:C100 Z2-4
PRJEB13621	ERR1366343	SAMEA3935067	NA	NA	NA	Clipper	SAMEA3935067	NA	ENA first public:2017-01-06;  ENA last update:2016-04-20;  ENA-CHECKLIST:ERC000011;  External Id:SAMEA3935067;  INSDC center alias:MU;  INSDC center name:Murdoch University;  INSDC first public:2017-01-06T17:01:23Z;  INSDC last update:2016-04-20T10:20:01Z;  INSDC status:public;  Submitter Id:E-MTAB-4634:C100 Z3-1;  age:3;  broker name:ArrayExpress;  developmental stage:0 seed germination stage;  genotype:Clipper;  organism part:Root maturation zone;  sample name:E-MTAB-4634:C100 Z3-1
PRJEB13621	ERR1366347	SAMEA3935068	NA	NA	NA	Clipper	SAMEA3935068	NA	ENA first public:2017-01-06;  ENA last update:2016-04-20;  ENA-CHECKLIST:ERC000011;  External Id:SAMEA3935068;  INSDC center alias:MU;  INSDC center name:Murdoch University;  INSDC first public:2017-01-06T17:01:23Z;  INSDC last update:2016-04-20T10:20:01Z;  INSDC status:public;  Submitter Id:E-MTAB-4634:C100 Z3-2;  age:3;  broker name:ArrayExpress;  developmental stage:0 seed germination stage;  genotype:Clipper;  organism part:Root maturation zone;  sample name:E-MTAB-4634:C100 Z3-2
PRJEB13621	ERR1366351	SAMEA3935069	NA	NA	NA	Clipper	SAMEA3935069	NA	ENA first public:2017-01-06;  ENA last update:2016-04-20;  ENA-CHECKLIST:ERC000011;  External Id:SAMEA3935069;  INSDC center alias:MU;  INSDC center name:Murdoch University;  INSDC first public:2017-01-06T17:01:23Z;  INSDC last update:2016-04-20T10:20:01Z;  INSDC status:public;  Submitter Id:E-MTAB-4634:C100 Z3-3;  age:3;  broker name:ArrayExpress;  developmental stage:0 seed germination stage;  genotype:Clipper;  organism part:Root maturation zone;  sample name:E-MTAB-4634:C100 Z3-3
PRJEB13621	ERR1366355	SAMEA3935070	NA	NA	NA	Clipper	SAMEA3935070	NA	ENA first public:2017-01-06;  ENA last update:2016-04-20;  ENA-CHECKLIST:ERC000011;  External Id:SAMEA3935070;  INSDC center alias:MU;  INSDC center name:Murdoch University;  INSDC first public:2017-01-06T17:01:23Z;  INSDC last update:2016-04-20T10:20:01Z;  INSDC status:public;  Submitter Id:E-MTAB-4634:C100 Z3-4;  age:3;  broker name:ArrayExpress;  developmental stage:0 seed germination stage;  genotype:Clipper;  organism part:Root maturation zone;  sample name:E-MTAB-4634:C100 Z3-4
PRJEB13621	ERR1366359	SAMEA3935071	NA	NA	NA	Sahara	SAMEA3935071	NA	ENA first public:2017-01-06;  ENA last update:2016-04-20;  ENA-CHECKLIST:ERC000011;  External Id:SAMEA3935071;  INSDC center alias:MU;  INSDC center name:Murdoch University;  INSDC first public:2017-01-06T17:01:23Z;  INSDC last update:2016-04-20T10:20:01Z;  INSDC status:public;  Submitter Id:E-MTAB-4634:S0 Z1-1;  age:3;  broker name:ArrayExpress;  developmental stage:0 seed germination stage;  genotype:Sahara;  organism part:Root meristematic zone;  sample name:E-MTAB-4634:S0 Z1-1
PRJEB13621	ERR1366363	SAMEA3935072	NA	NA	NA	Sahara	SAMEA3935072	NA	ENA first public:2017-01-06;  ENA last update:2016-04-20;  ENA-CHECKLIST:ERC000011;  External Id:SAMEA3935072;  INSDC center alias:MU;  INSDC center name:Murdoch University;  INSDC first public:2017-01-06T17:01:23Z;  INSDC last update:2016-04-20T10:20:01Z;  INSDC status:public;  Submitter Id:E-MTAB-4634:S0 Z1-2;  age:3;  broker name:ArrayExpress;  developmental stage:0 seed germination stage;  genotype:Sahara;  organism part:Root meristematic zone;  sample name:E-MTAB-4634:S0 Z1-2
PRJEB13621	ERR1366367	SAMEA3935073	NA	NA	NA	Sahara	SAMEA3935073	NA	ENA first public:2017-01-06;  ENA last update:2016-04-20;  ENA-CHECKLIST:ERC000011;  External Id:SAMEA3935073;  INSDC center alias:MU;  INSDC center name:Murdoch University;  INSDC first public:2017-01-06T17:01:23Z;  INSDC last update:2016-04-20T10:20:01Z;  INSDC status:public;  Submitter Id:E-MTAB-4634:S0 Z1-3;  age:3;  broker name:ArrayExpress;  developmental stage:0 seed germination stage;  genotype:Sahara;  organism part:Root meristematic zone;  sample name:E-MTAB-4634:S0 Z1-3
PRJEB13621	ERR1366371	SAMEA3935074	NA	NA	NA	Sahara	SAMEA3935074	NA	ENA first public:2017-01-06;  ENA last update:2016-04-20;  ENA-CHECKLIST:ERC000011;  External Id:SAMEA3935074;  INSDC center alias:MU;  INSDC center name:Murdoch University;  INSDC first public:2017-01-06T17:01:23Z;  INSDC last update:2016-04-20T10:20:01Z;  INSDC status:public;  Submitter Id:E-MTAB-4634:S0 Z1-4;  age:3;  broker name:ArrayExpress;  developmental stage:0 seed germination stage;  genotype:Sahara;  organism part:Root meristematic zone;  sample name:E-MTAB-4634:S0 Z1-4
PRJEB13621	ERR1366375	SAMEA3935075	NA	NA	NA	Sahara	SAMEA3935075	NA	ENA first public:2017-01-06;  ENA last update:2016-04-20;  ENA-CHECKLIST:ERC000011;  External Id:SAMEA3935075;  INSDC center alias:MU;  INSDC center name:Murdoch University;  INSDC first public:2017-01-06T17:01:23Z;  INSDC last update:2016-04-20T10:20:01Z;  INSDC status:public;  Submitter Id:E-MTAB-4634:S0 Z2-1;  age:3;  broker name:ArrayExpress;  developmental stage:0 seed germination stage;  genotype:Sahara;  organism part:Root elongation zone;  sample name:E-MTAB-4634:S0 Z2-1
PRJEB13621	ERR1366379	SAMEA3935076	NA	NA	NA	Sahara	SAMEA3935076	NA	ENA first public:2017-01-06;  ENA last update:2016-04-20;  ENA-CHECKLIST:ERC000011;  External Id:SAMEA3935076;  INSDC center alias:MU;  INSDC center name:Murdoch University;  INSDC first public:2017-01-06T17:01:23Z;  INSDC last update:2016-04-20T10:20:02Z;  INSDC status:public;  Submitter Id:E-MTAB-4634:S0 Z2-2;  age:3;  broker name:ArrayExpress;  developmental stage:0 seed germination stage;  genotype:Sahara;  organism part:Root elongation zone;  sample name:E-MTAB-4634:S0 Z2-2
PRJEB13621	ERR1366383	SAMEA3935077	NA	NA	NA	Sahara	SAMEA3935077	NA	ENA first public:2017-01-06;  ENA last update:2016-04-20;  ENA-CHECKLIST:ERC000011;  External Id:SAMEA3935077;  INSDC center alias:MU;  INSDC center name:Murdoch University;  INSDC first public:2017-01-06T17:01:23Z;  INSDC last update:2016-04-20T10:20:02Z;  INSDC status:public;  Submitter Id:E-MTAB-4634:S0 Z2-3;  age:3;  broker name:ArrayExpress;  developmental stage:0 seed germination stage;  genotype:Sahara;  organism part:Root elongation zone;  sample name:E-MTAB-4634:S0 Z2-3
PRJEB13621	ERR1366387	SAMEA3935078	NA	NA	NA	Sahara	SAMEA3935078	NA	ENA first public:2017-01-06;  ENA last update:2016-04-20;  ENA-CHECKLIST:ERC000011;  External Id:SAMEA3935078;  INSDC center alias:MU;  INSDC center name:Murdoch University;  INSDC first public:2017-01-06T17:01:23Z;  INSDC last update:2016-04-20T10:20:02Z;  INSDC status:public;  Submitter Id:E-MTAB-4634:S0 Z2-4;  age:3;  broker name:ArrayExpress;  developmental stage:0 seed germination stage;  genotype:Sahara;  organism part:Root elongation zone;  sample name:E-MTAB-4634:S0 Z2-4
PRJEB13621	ERR1366391	SAMEA3935079	NA	NA	NA	Sahara	SAMEA3935079	NA	ENA first public:2017-01-06;  ENA last update:2016-04-20;  ENA-CHECKLIST:ERC000011;  External Id:SAMEA3935079;  INSDC center alias:MU;  INSDC center name:Murdoch University;  INSDC first public:2017-01-06T17:01:23Z;  INSDC last update:2016-04-20T10:20:02Z;  INSDC status:public;  Submitter Id:E-MTAB-4634:S0 Z3-1;  age:3;  broker name:ArrayExpress;  developmental stage:0 seed germination stage;  genotype:Sahara;  organism part:Root maturation zone;  sample name:E-MTAB-4634:S0 Z3-1
PRJEB13621	ERR1366395	SAMEA3935080	NA	NA	NA	Sahara	SAMEA3935080	NA	ENA first public:2017-01-06;  ENA last update:2016-04-20;  ENA-CHECKLIST:ERC000011;  External Id:SAMEA3935080;  INSDC center alias:MU;  INSDC center name:Murdoch University;  INSDC first public:2017-01-06T17:01:23Z;  INSDC last update:2016-04-20T10:20:02Z;  INSDC status:public;  Submitter Id:E-MTAB-4634:S0 Z3-2;  age:3;  broker name:ArrayExpress;  developmental stage:0 seed germination stage;  genotype:Sahara;  organism part:Root maturation zone;  sample name:E-MTAB-4634:S0 Z3-2
PRJEB13621	ERR1366399	SAMEA3935081	NA	NA	NA	Sahara	SAMEA3935081	NA	ENA first public:2017-01-06;  ENA last update:2016-04-20;  ENA-CHECKLIST:ERC000011;  External Id:SAMEA3935081;  INSDC center alias:MU;  INSDC center name:Murdoch University;  INSDC first public:2017-01-06T17:01:23Z;  INSDC last update:2016-04-20T10:20:02Z;  INSDC status:public;  Submitter Id:E-MTAB-4634:S0 Z3-3;  age:3;  broker name:ArrayExpress;  developmental stage:0 seed germination stage;  genotype:Sahara;  organism part:Root maturation zone;  sample name:E-MTAB-4634:S0 Z3-3
PRJEB13621	ERR1366403	SAMEA3935082	NA	NA	NA	Sahara	SAMEA3935082	NA	ENA first public:2017-01-06;  ENA last update:2016-04-20;  ENA-CHECKLIST:ERC000011;  External Id:SAMEA3935082;  INSDC center alias:MU;  INSDC center name:Murdoch University;  INSDC first public:2017-01-06T17:01:23Z;  INSDC last update:2016-04-20T10:20:02Z;  INSDC status:public;  Submitter Id:E-MTAB-4634:S0 Z3-4;  age:3;  broker name:ArrayExpress;  developmental stage:0 seed germination stage;  genotype:Sahara;  organism part:Root maturation zone;  sample name:E-MTAB-4634:S0 Z3-4
PRJEB13621	ERR1366407	SAMEA3935083	NA	NA	NA	Sahara	SAMEA3935083	NA	ENA first public:2017-01-06;  ENA last update:2016-04-20;  ENA-CHECKLIST:ERC000011;  External Id:SAMEA3935083;  INSDC center alias:MU;  INSDC center name:Murdoch University;  INSDC first public:2017-01-06T17:01:23Z;  INSDC last update:2016-04-20T10:20:02Z;  INSDC status:public;  Submitter Id:E-MTAB-4634:S100 Z1-1;  age:3;  broker name:ArrayExpress;  developmental stage:0 seed germination stage;  genotype:Sahara;  organism part:Root meristematic zone;  sample name:E-MTAB-4634:S100 Z1-1
PRJEB13621	ERR1366411	SAMEA3935084	NA	NA	NA	Sahara	SAMEA3935084	NA	ENA first public:2017-01-06;  ENA last update:2016-04-20;  ENA-CHECKLIST:ERC000011;  External Id:SAMEA3935084;  INSDC center alias:MU;  INSDC center name:Murdoch University;  INSDC first public:2017-01-06T17:01:23Z;  INSDC last update:2016-04-20T10:20:02Z;  INSDC status:public;  Submitter Id:E-MTAB-4634:S100 Z1-2;  age:3;  broker name:ArrayExpress;  developmental stage:0 seed germination stage;  genotype:Sahara;  organism part:Root meristematic zone;  sample name:E-MTAB-4634:S100 Z1-2
PRJEB13621	ERR1366415	SAMEA3935085	NA	NA	NA	Sahara	SAMEA3935085	NA	ENA first public:2017-01-06;  ENA last update:2016-04-20;  ENA-CHECKLIST:ERC000011;  External Id:SAMEA3935085;  INSDC center alias:MU;  INSDC center name:Murdoch University;  INSDC first public:2017-01-06T17:01:23Z;  INSDC last update:2016-04-20T10:20:02Z;  INSDC status:public;  Submitter Id:E-MTAB-4634:S100 Z1-3;  age:3;  broker name:ArrayExpress;  developmental stage:0 seed germination stage;  genotype:Sahara;  organism part:Root meristematic zone;  sample name:E-MTAB-4634:S100 Z1-3
PRJEB13621	ERR1366419	SAMEA3935086	NA	NA	NA	Sahara	SAMEA3935086	NA	ENA first public:2017-01-06;  ENA last update:2016-04-20;  ENA-CHECKLIST:ERC000011;  External Id:SAMEA3935086;  INSDC center alias:MU;  INSDC center name:Murdoch University;  INSDC first public:2017-01-06T17:01:23Z;  INSDC last update:2016-04-20T10:20:02Z;  INSDC status:public;  Submitter Id:E-MTAB-4634:S100 Z1-4;  age:3;  broker name:ArrayExpress;  developmental stage:0 seed germination stage;  genotype:Sahara;  organism part:Root meristematic zone;  sample name:E-MTAB-4634:S100 Z1-4
PRJEB13621	ERR1366423	SAMEA3935087	NA	NA	NA	Sahara	SAMEA3935087	NA	ENA first public:2017-01-06;  ENA last update:2016-04-20;  ENA-CHECKLIST:ERC000011;  External Id:SAMEA3935087;  INSDC center alias:MU;  INSDC center name:Murdoch University;  INSDC first public:2017-01-06T17:01:23Z;  INSDC last update:2016-04-20T10:20:02Z;  INSDC status:public;  Submitter Id:E-MTAB-4634:S100 Z2-1;  age:3;  broker name:ArrayExpress;  developmental stage:0 seed germination stage;  genotype:Sahara;  organism part:Root elongation zone;  sample name:E-MTAB-4634:S100 Z2-1
PRJEB13621	ERR1366427	SAMEA3935088	NA	NA	NA	Sahara	SAMEA3935088	NA	ENA first public:2017-01-06;  ENA last update:2016-04-20;  ENA-CHECKLIST:ERC000011;  External Id:SAMEA3935088;  INSDC center alias:MU;  INSDC center name:Murdoch University;  INSDC first public:2017-01-06T17:01:23Z;  INSDC last update:2016-04-20T10:20:02Z;  INSDC status:public;  Submitter Id:E-MTAB-4634:S100 Z2-2;  age:3;  broker name:ArrayExpress;  developmental stage:0 seed germination stage;  genotype:Sahara;  organism part:Root elongation zone;  sample name:E-MTAB-4634:S100 Z2-2
PRJEB13621	ERR1366431	SAMEA3935089	NA	NA	NA	Sahara	SAMEA3935089	NA	ENA first public:2017-01-06;  ENA last update:2016-04-20;  ENA-CHECKLIST:ERC000011;  External Id:SAMEA3935089;  INSDC center alias:MU;  INSDC center name:Murdoch University;  INSDC first public:2017-01-06T17:01:23Z;  INSDC last update:2016-04-20T10:20:02Z;  INSDC status:public;  Submitter Id:E-MTAB-4634:S100 Z2-3;  age:3;  broker name:ArrayExpress;  developmental stage:0 seed germination stage;  genotype:Sahara;  organism part:Root elongation zone;  sample name:E-MTAB-4634:S100 Z2-3
PRJEB13621	ERR1366435	SAMEA3935090	NA	NA	NA	Sahara	SAMEA3935090	NA	ENA first public:2017-01-06;  ENA last update:2016-04-20;  ENA-CHECKLIST:ERC000011;  External Id:SAMEA3935090;  INSDC center alias:MU;  INSDC center name:Murdoch University;  INSDC first public:2017-01-06T17:01:23Z;  INSDC last update:2016-04-20T10:20:02Z;  INSDC status:public;  Submitter Id:E-MTAB-4634:S100 Z2-4;  age:3;  broker name:ArrayExpress;  developmental stage:0 seed germination stage;  genotype:Sahara;  organism part:Root elongation zone;  sample name:E-MTAB-4634:S100 Z2-4
PRJEB13621	ERR1366439	SAMEA3935091	NA	NA	NA	Sahara	SAMEA3935091	NA	ENA first public:2017-01-06;  ENA last update:2016-04-20;  ENA-CHECKLIST:ERC000011;  External Id:SAMEA3935091;  INSDC center alias:MU;  INSDC center name:Murdoch University;  INSDC first public:2017-01-06T17:01:23Z;  INSDC last update:2016-04-20T10:20:02Z;  INSDC status:public;  Submitter Id:E-MTAB-4634:S100 Z3-1;  age:3;  broker name:ArrayExpress;  developmental stage:0 seed germination stage;  genotype:Sahara;  organism part:Root maturation zone;  sample name:E-MTAB-4634:S100 Z3-1
PRJEB13621	ERR1366443	SAMEA3935092	NA	NA	NA	Sahara	SAMEA3935092	NA	ENA first public:2017-01-06;  ENA last update:2016-04-20;  ENA-CHECKLIST:ERC000011;  External Id:SAMEA3935092;  INSDC center alias:MU;  INSDC center name:Murdoch University;  INSDC first public:2017-01-06T17:01:23Z;  INSDC last update:2016-04-20T10:20:02Z;  INSDC status:public;  Submitter Id:E-MTAB-4634:S100 Z3-2;  age:3;  broker name:ArrayExpress;  developmental stage:0 seed germination stage;  genotype:Sahara;  organism part:Root maturation zone;  sample name:E-MTAB-4634:S100 Z3-2
PRJEB13621	ERR1366447	SAMEA3935093	NA	NA	NA	Sahara	SAMEA3935093	NA	ENA first public:2017-01-06;  ENA last update:2016-04-20;  ENA-CHECKLIST:ERC000011;  External Id:SAMEA3935093;  INSDC center alias:MU;  INSDC center name:Murdoch University;  INSDC first public:2017-01-06T17:01:23Z;  INSDC last update:2016-04-20T10:20:02Z;  INSDC status:public;  Submitter Id:E-MTAB-4634:S100 Z3-3;  age:3;  broker name:ArrayExpress;  developmental stage:0 seed germination stage;  genotype:Sahara;  organism part:Root maturation zone;  sample name:E-MTAB-4634:S100 Z3-3
PRJEB13621	ERR1366451	SAMEA3935094	NA	NA	NA	Sahara	SAMEA3935094	NA	ENA first public:2017-01-06;  ENA last update:2016-04-20;  ENA-CHECKLIST:ERC000011;  External Id:SAMEA3935094;  INSDC center alias:MU;  INSDC center name:Murdoch University;  INSDC first public:2017-01-06T17:01:23Z;  INSDC last update:2016-04-20T10:20:02Z;  INSDC status:public;  Submitter Id:E-MTAB-4634:S100 Z3-4;  age:3;  broker name:ArrayExpress;  developmental stage:0 seed germination stage;  genotype:Sahara;  organism part:Root maturation zone;  sample name:E-MTAB-4634:S100 Z3-4
PRJEB14349	ERR1457163	SAMEA4034914	NA	NA	NA	NA	SAMEA4034914	NA	ENA first public:2017-02-03;  ENA last update:2016-06-16;  ENA-CHECKLIST:ERC000011;  External Id:SAMEA4034914;  INSDC center alias:JHI;  INSDC center name:The James Hutton Institute  Scotland  United Kingdom;  INSDC first public:2017-02-03T17:01:31Z;  INSDC last update:2016-06-16T11:21:43Z;  INSDC status:public;  Submitter Id:CAR5 2 B2;  common name:barley;  sample name:CAR5 2 B2
PRJEB14349	ERR1457164	SAMEA4034915	NA	NA	NA	NA	SAMEA4034915	NA	ENA first public:2017-02-03;  ENA last update:2016-06-16;  ENA-CHECKLIST:ERC000011;  External Id:SAMEA4034915;  INSDC center alias:JHI;  INSDC center name:The James Hutton Institute  Scotland  United Kingdom;  INSDC first public:2017-02-03T17:01:31Z;  INSDC last update:2016-06-16T11:21:43Z;  INSDC status:public;  Submitter Id:CAR5 3 B2;  common name:barley;  sample name:CAR5 3 B2
PRJEB14349	ERR1457165	SAMEA4034916	NA	NA	NA	NA	SAMEA4034916	NA	ENA first public:2017-02-03;  ENA last update:2016-06-16;  ENA-CHECKLIST:ERC000011;  External Id:SAMEA4034916;  INSDC center alias:JHI;  INSDC center name:The James Hutton Institute  Scotland  United Kingdom;  INSDC first public:2017-02-03T17:01:31Z;  INSDC last update:2016-06-16T11:21:43Z;  INSDC status:public;  Submitter Id:CAR5 4 B2;  common name:barley;  sample name:CAR5 4 B2
PRJEB14349	ERR1457166	SAMEA4034917	NA	NA	NA	NA	SAMEA4034917	NA	ENA first public:2017-02-03;  ENA last update:2016-06-16;  ENA-CHECKLIST:ERC000011;  External Id:SAMEA4034917;  INSDC center alias:JHI;  INSDC center name:The James Hutton Institute  Scotland  United Kingdom;  INSDC first public:2017-02-03T17:01:31Z;  INSDC last update:2016-06-16T11:21:43Z;  INSDC status:public;  Submitter Id:EMB a B2;  common name:barley;  sample name:EMB a B2
PRJEB14349	ERR1457167	SAMEA4034918	NA	NA	NA	NA	SAMEA4034918	NA	ENA first public:2017-02-03;  ENA last update:2016-06-16;  ENA-CHECKLIST:ERC000011;  External Id:SAMEA4034918;  INSDC center alias:JHI;  INSDC center name:The James Hutton Institute  Scotland  United Kingdom;  INSDC first public:2017-02-03T17:01:31Z;  INSDC last update:2016-06-16T11:21:43Z;  INSDC status:public;  Submitter Id:EMB b B2;  common name:barley;  sample name:EMB b B2
PRJEB14349	ERR1457178	SAMEA4034929	NA	NA	NA	NA	SAMEA4034929	NA	ENA first public:2017-02-03;  ENA last update:2016-06-16;  ENA-CHECKLIST:ERC000011;  External Id:SAMEA4034929;  INSDC center alias:JHI;  INSDC center name:The James Hutton Institute  Scotland  United Kingdom;  INSDC first public:2017-02-03T17:01:31Z;  INSDC last update:2016-06-16T11:21:43Z;  INSDC status:public;  Submitter Id:INF2 f B2;  common name:barley;  sample name:INF2 f B2
PRJEB14349	ERR1457179	SAMEA4034930	NA	NA	NA	NA	SAMEA4034930	NA	ENA first public:2017-02-03;  ENA last update:2016-06-16;  ENA-CHECKLIST:ERC000011;  External Id:SAMEA4034930;  INSDC center alias:JHI;  INSDC center name:The James Hutton Institute  Scotland  United Kingdom;  INSDC first public:2017-02-03T17:01:31Z;  INSDC last update:2016-06-16T11:21:43Z;  INSDC status:public;  Submitter Id:INF2 g B2;  common name:barley;  sample name:INF2 g B2
PRJEB14349	ERR1457180	SAMEA4034931	NA	NA	NA	NA	SAMEA4034931	NA	ENA first public:2017-02-03;  ENA last update:2016-06-16;  ENA-CHECKLIST:ERC000011;  External Id:SAMEA4034931;  INSDC center alias:JHI;  INSDC center name:The James Hutton Institute  Scotland  United Kingdom;  INSDC first public:2017-02-03T17:01:31Z;  INSDC last update:2016-06-16T11:21:43Z;  INSDC status:public;  Submitter Id:INF2 h B2;  common name:barley;  sample name:INF2 h B2
PRJEB14349	ERR1457181	SAMEA4034932	NA	NA	NA	NA	SAMEA4034932	NA	ENA first public:2017-02-03;  ENA last update:2016-06-16;  ENA-CHECKLIST:ERC000011;  External Id:SAMEA4034932;  INSDC center alias:JHI;  INSDC center name:The James Hutton Institute  Scotland  United Kingdom;  INSDC first public:2017-02-03T17:01:31Z;  INSDC last update:2016-06-16T11:21:43Z;  INSDC status:public;  Submitter Id:NOD a B2;  common name:barley;  sample name:NOD a B2
PRJEB14349	ERR1457182	SAMEA4034933	NA	NA	NA	NA	SAMEA4034933	NA	ENA first public:2017-02-03;  ENA last update:2016-06-16;  ENA-CHECKLIST:ERC000011;  External Id:SAMEA4034933;  INSDC center alias:JHI;  INSDC center name:The James Hutton Institute  Scotland  United Kingdom;  INSDC first public:2017-02-03T17:01:31Z;  INSDC last update:2016-06-16T11:21:43Z;  INSDC status:public;  Submitter Id:NOD b B2;  common name:barley;  sample name:NOD b B2
PRJEB14349	ERR1457183	SAMEA4034934	NA	NA	NA	NA	SAMEA4034934	NA	ENA first public:2017-02-03;  ENA last update:2016-06-16;  ENA-CHECKLIST:ERC000011;  External Id:SAMEA4034934;  INSDC center alias:JHI;  INSDC center name:The James Hutton Institute  Scotland  United Kingdom;  INSDC first public:2017-02-03T17:01:31Z;  INSDC last update:2016-06-16T11:21:43Z;  INSDC status:public;  Submitter Id:NOD c B2;  common name:barley;  sample name:NOD c B2
PRJEB14349	ERR1457184	SAMEA4034935	NA	NA	NA	NA	SAMEA4034935	NA	ENA first public:2017-02-03;  ENA last update:2016-06-16;  ENA-CHECKLIST:ERC000011;  External Id:SAMEA4034935;  INSDC center alias:JHI;  INSDC center name:The James Hutton Institute  Scotland  United Kingdom;  INSDC first public:2017-02-03T17:01:31Z;  INSDC last update:2016-06-16T11:21:43Z;  INSDC status:public;  Submitter Id:INF1 a B2;  common name:barley;  sample name:INF1 a B2
PRJEB14349	ERR1457185	SAMEA4034936	NA	NA	NA	NA	SAMEA4034936	NA	ENA first public:2017-02-03;  ENA last update:2016-06-16;  ENA-CHECKLIST:ERC000011;  External Id:SAMEA4034936;  INSDC center alias:JHI;  INSDC center name:The James Hutton Institute  Scotland  United Kingdom;  INSDC first public:2017-02-03T17:01:31Z;  INSDC last update:2016-06-16T11:21:43Z;  INSDC status:public;  Submitter Id:INF1 b B2;  common name:barley;  sample name:INF1 b B2
PRJEB14349	ERR1457186	SAMEA4034937	NA	NA	NA	NA	SAMEA4034937	NA	ENA first public:2017-02-03;  ENA last update:2016-06-16;  ENA-CHECKLIST:ERC000011;  External Id:SAMEA4034937;  INSDC center alias:JHI;  INSDC center name:The James Hutton Institute  Scotland  United Kingdom;  INSDC first public:2017-02-03T17:01:31Z;  INSDC last update:2016-06-16T11:21:43Z;  INSDC status:public;  Submitter Id:INF1 c B2;  common name:barley;  sample name:INF1 c B2
PRJEB14349	ERR1457187	SAMEA4034938	NA	NA	NA	NA	SAMEA4034938	NA	ENA first public:2017-02-03;  ENA last update:2016-06-16;  ENA-CHECKLIST:ERC000011;  External Id:SAMEA4034938;  INSDC center alias:JHI;  INSDC center name:The James Hutton Institute  Scotland  United Kingdom;  INSDC first public:2017-02-03T17:01:31Z;  INSDC last update:2016-06-16T11:21:43Z;  INSDC status:public;  Submitter Id:extraNOD b B2;  common name:barley;  sample name:extraNOD b B2
PRJEB14349	ERR1457208	SAMEA4034959	NA	NA	NA	NA	SAMEA4034959	NA	ENA first public:2017-02-03;  ENA last update:2016-06-16;  ENA-CHECKLIST:ERC000011;  External Id:SAMEA4034959;  INSDC center alias:JHI;  INSDC center name:The James Hutton Institute  Scotland  United Kingdom;  INSDC first public:2017-02-03T17:01:31Z;  INSDC last update:2016-06-16T11:21:44Z;  INSDC status:public;  Submitter Id:NOD c B1;  common name:barley;  sample name:NOD c B1
PRJEB14349	ERR1457212	SAMEA4034963	NA	NA	NA	NA	SAMEA4034963	NA	ENA first public:2017-02-03;  ENA last update:2016-06-16;  ENA-CHECKLIST:ERC000011;  External Id:SAMEA4034963;  INSDC center alias:JHI;  INSDC center name:The James Hutton Institute  Scotland  United Kingdom;  INSDC first public:2017-02-03T17:01:31Z;  INSDC last update:2016-06-16T11:21:44Z;  INSDC status:public;  Submitter Id:ETI 1 B1;  common name:barley;  sample name:ETI 1 B1
PRJEB14349	ERR1457213	SAMEA4034964	NA	NA	NA	NA	SAMEA4034964	NA	ENA first public:2017-02-03;  ENA last update:2016-06-16;  ENA-CHECKLIST:ERC000011;  External Id:SAMEA4034964;  INSDC center alias:JHI;  INSDC center name:The James Hutton Institute  Scotland  United Kingdom;  INSDC first public:2017-02-03T17:01:31Z;  INSDC last update:2016-06-16T11:21:44Z;  INSDC status:public;  Submitter Id:ETI 2 B1;  common name:barley;  sample name:ETI 2 B1
PRJEB14349	ERR1457214	SAMEA4034965	NA	NA	NA	NA	SAMEA4034965	NA	ENA first public:2017-02-03;  ENA last update:2016-06-16;  ENA-CHECKLIST:ERC000011;  External Id:SAMEA4034965;  INSDC center alias:JHI;  INSDC center name:The James Hutton Institute  Scotland  United Kingdom;  INSDC first public:2017-02-03T17:01:31Z;  INSDC last update:2016-06-16T11:21:44Z;  INSDC status:public;  Submitter Id:ETI 3 B1;  common name:barley;  sample name:ETI 3 B1
PRJEB14349	ERR1457215	SAMEA4034966	NA	NA	NA	NA	SAMEA4034966	NA	ENA first public:2017-02-03;  ENA last update:2016-06-16;  ENA-CHECKLIST:ERC000011;  External Id:SAMEA4034966;  INSDC center alias:JHI;  INSDC center name:The James Hutton Institute  Scotland  United Kingdom;  INSDC first public:2017-02-03T17:01:31Z;  INSDC last update:2016-06-16T11:21:44Z;  INSDC status:public;  Submitter Id:LEM 1 B1;  common name:barley;  sample name:LEM 1 B1
PRJEB14349	ERR1457216	SAMEA4034967	NA	NA	NA	NA	SAMEA4034967	NA	ENA first public:2017-02-03;  ENA last update:2016-06-16;  ENA-CHECKLIST:ERC000011;  External Id:SAMEA4034967;  INSDC center alias:JHI;  INSDC center name:The James Hutton Institute  Scotland  United Kingdom;  INSDC first public:2017-02-03T17:01:31Z;  INSDC last update:2016-06-16T11:21:44Z;  INSDC status:public;  Submitter Id:LEM 2 B1;  common name:barley;  sample name:LEM 2 B1
PRJEB14349	ERR1457217	SAMEA4034968	NA	NA	NA	NA	SAMEA4034968	NA	ENA first public:2017-02-03;  ENA last update:2016-06-16;  ENA-CHECKLIST:ERC000011;  External Id:SAMEA4034968;  INSDC center alias:JHI;  INSDC center name:The James Hutton Institute  Scotland  United Kingdom;  INSDC first public:2017-02-03T17:01:31Z;  INSDC last update:2016-06-16T11:21:44Z;  INSDC status:public;  Submitter Id:LEM 3 B1;  common name:barley;  sample name:LEM 3 B1
PRJEB14349	ERR1457218	SAMEA4034969	NA	NA	NA	NA	SAMEA4034969	NA	ENA first public:2017-02-03;  ENA last update:2016-06-16;  ENA-CHECKLIST:ERC000011;  External Id:SAMEA4034969;  INSDC center alias:JHI;  INSDC center name:The James Hutton Institute  Scotland  United Kingdom;  INSDC first public:2017-02-03T17:01:31Z;  INSDC last update:2016-06-16T11:21:44Z;  INSDC status:public;  Submitter Id:LOD 1 B1;  common name:barley;  sample name:LOD 1 B1
PRJEB14349	ERR1457219	SAMEA4034970	NA	NA	NA	NA	SAMEA4034970	NA	ENA first public:2017-02-03;  ENA last update:2016-06-16;  ENA-CHECKLIST:ERC000011;  External Id:SAMEA4034970;  INSDC center alias:JHI;  INSDC center name:The James Hutton Institute  Scotland  United Kingdom;  INSDC first public:2017-02-03T17:01:31Z;  INSDC last update:2016-06-16T11:21:44Z;  INSDC status:public;  Submitter Id:LOD 2 B1;  common name:barley;  sample name:LOD 2 B1
PRJEB14349	ERR1457220	SAMEA4034971	NA	NA	NA	NA	SAMEA4034971	NA	ENA first public:2017-02-03;  ENA last update:2016-06-16;  ENA-CHECKLIST:ERC000011;  External Id:SAMEA4034971;  INSDC center alias:JHI;  INSDC center name:The James Hutton Institute  Scotland  United Kingdom;  INSDC first public:2017-02-03T17:01:31Z;  INSDC last update:2016-06-16T11:21:44Z;  INSDC status:public;  Submitter Id:LOD 3 B1;  common name:barley;  sample name:LOD 3 B1
PRJEB14349	ERR1457221	SAMEA4034972	NA	NA	NA	NA	SAMEA4034972	NA	ENA first public:2017-02-03;  ENA last update:2016-06-16;  ENA-CHECKLIST:ERC000011;  External Id:SAMEA4034972;  INSDC center alias:JHI;  INSDC center name:The James Hutton Institute  Scotland  United Kingdom;  INSDC first public:2017-02-03T17:01:31Z;  INSDC last update:2016-06-16T11:21:44Z;  INSDC status:public;  Submitter Id:PAL 1 B1;  common name:barley;  sample name:PAL 1 B1
PRJEB14349	ERR1457222	SAMEA4034973	NA	NA	NA	NA	SAMEA4034973	NA	ENA first public:2017-02-03;  ENA last update:2016-06-16;  ENA-CHECKLIST:ERC000011;  External Id:SAMEA4034973;  INSDC center alias:JHI;  INSDC center name:The James Hutton Institute  Scotland  United Kingdom;  INSDC first public:2017-02-03T17:01:31Z;  INSDC last update:2016-06-16T11:21:44Z;  INSDC status:public;  Submitter Id:PAL 2 B1;  common name:barley;  sample name:PAL 2 B1
PRJEB14349	ERR1457223	SAMEA4034974	NA	NA	NA	NA	SAMEA4034974	NA	ENA first public:2017-02-03;  ENA last update:2016-06-16;  ENA-CHECKLIST:ERC000011;  External Id:SAMEA4034974;  INSDC center alias:JHI;  INSDC center name:The James Hutton Institute  Scotland  United Kingdom;  INSDC first public:2017-02-03T17:01:31Z;  INSDC last update:2016-06-16T11:21:44Z;  INSDC status:public;  Submitter Id:PAL 3 B1;  common name:barley;  sample name:PAL 3 B1
PRJEB14349	ERR1457224	SAMEA4034975	NA	NA	NA	NA	SAMEA4034975	NA	ENA first public:2017-02-03;  ENA last update:2016-06-16;  ENA-CHECKLIST:ERC000011;  External Id:SAMEA4034975;  INSDC center alias:JHI;  INSDC center name:The James Hutton Institute  Scotland  United Kingdom;  INSDC first public:2017-02-03T17:01:31Z;  INSDC last update:2016-06-16T11:21:44Z;  INSDC status:public;  Submitter Id:EPI 1 B1;  common name:barley;  sample name:EPI 1 B1
PRJEB14349	ERR1457225	SAMEA4034976	NA	NA	NA	NA	SAMEA4034976	NA	ENA first public:2017-02-03;  ENA last update:2016-06-16;  ENA-CHECKLIST:ERC000011;  External Id:SAMEA4034976;  INSDC center alias:JHI;  INSDC center name:The James Hutton Institute  Scotland  United Kingdom;  INSDC first public:2017-02-03T17:01:31Z;  INSDC last update:2016-06-16T11:21:44Z;  INSDC status:public;  Submitter Id:EPI 2 B1;  common name:barley;  sample name:EPI 2 B1
PRJEB14349	ERR1457226	SAMEA4034977	NA	NA	NA	NA	SAMEA4034977	NA	ENA first public:2017-02-03;  ENA last update:2016-06-16;  ENA-CHECKLIST:ERC000011;  External Id:SAMEA4034977;  INSDC center alias:JHI;  INSDC center name:The James Hutton Institute  Scotland  United Kingdom;  INSDC first public:2017-02-03T17:01:31Z;  INSDC last update:2016-06-16T11:21:44Z;  INSDC status:public;  Submitter Id:EPI 3 B1;  common name:barley;  sample name:EPI 3 B1
PRJEB14349	ERR1457227	SAMEA4034978	NA	NA	NA	NA	SAMEA4034978	NA	ENA first public:2017-02-03;  ENA last update:2016-06-16;  ENA-CHECKLIST:ERC000011;  External Id:SAMEA4034978;  INSDC center alias:JHI;  INSDC center name:The James Hutton Institute  Scotland  United Kingdom;  INSDC first public:2017-02-03T17:01:31Z;  INSDC last update:2016-06-16T11:21:44Z;  INSDC status:public;  Submitter Id:RAC 1 B1;  common name:barley;  sample name:RAC 1 B1
PRJEB14349	ERR1457228	SAMEA4034979	NA	NA	NA	NA	SAMEA4034979	NA	ENA first public:2017-02-03;  ENA last update:2016-06-16;  ENA-CHECKLIST:ERC000011;  External Id:SAMEA4034979;  INSDC center alias:JHI;  INSDC center name:The James Hutton Institute  Scotland  United Kingdom;  INSDC first public:2017-02-03T17:01:31Z;  INSDC last update:2016-06-16T11:21:44Z;  INSDC status:public;  Submitter Id:RAC 2 B1;  common name:barley;  sample name:RAC 2 B1
PRJEB14349	ERR1457229	SAMEA4034980	NA	NA	NA	NA	SAMEA4034980	NA	ENA first public:2017-02-03;  ENA last update:2016-06-16;  ENA-CHECKLIST:ERC000011;  External Id:SAMEA4034980;  INSDC center alias:JHI;  INSDC center name:The James Hutton Institute  Scotland  United Kingdom;  INSDC first public:2017-02-03T17:01:31Z;  INSDC last update:2016-06-16T11:21:44Z;  INSDC status:public;  Submitter Id:RAC 3 B1;  common name:barley;  sample name:RAC 3 B1
PRJEB14349	ERR1457230	SAMEA4034981	NA	NA	NA	NA	SAMEA4034981	NA	ENA first public:2017-02-03;  ENA last update:2016-06-16;  ENA-CHECKLIST:ERC000011;  External Id:SAMEA4034981;  INSDC center alias:JHI;  INSDC center name:The James Hutton Institute  Scotland  United Kingdom;  INSDC first public:2017-02-03T17:01:31Z;  INSDC last update:2016-06-16T11:21:44Z;  INSDC status:public;  Submitter Id:ROO2 1 B1;  common name:barley;  sample name:ROO2 1 B1
PRJEB14349	ERR1457231	SAMEA4034982	NA	NA	NA	NA	SAMEA4034982	NA	ENA first public:2017-02-03;  ENA last update:2016-06-16;  ENA-CHECKLIST:ERC000011;  External Id:SAMEA4034982;  INSDC center alias:JHI;  INSDC center name:The James Hutton Institute  Scotland  United Kingdom;  INSDC first public:2017-02-03T17:01:31Z;  INSDC last update:2016-06-16T11:21:44Z;  INSDC status:public;  Submitter Id:ROO2 2 B1;  common name:barley;  sample name:ROO2 2 B1
PRJEB14349	ERR1457232	SAMEA4034983	NA	NA	NA	NA	SAMEA4034983	NA	ENA first public:2017-02-03;  ENA last update:2016-06-16;  ENA-CHECKLIST:ERC000011;  External Id:SAMEA4034983;  INSDC center alias:JHI;  INSDC center name:The James Hutton Institute  Scotland  United Kingdom;  INSDC first public:2017-02-03T17:01:31Z;  INSDC last update:2016-06-16T11:21:44Z;  INSDC status:public;  Submitter Id:ROO2 3 B1;  common name:barley;  sample name:ROO2 3 B1
PRJEB14349	ERR1457233	SAMEA4034984	NA	NA	NA	NA	SAMEA4034984	NA	ENA first public:2017-02-03;  ENA last update:2016-06-16;  ENA-CHECKLIST:ERC000011;  External Id:SAMEA4034984;  INSDC center alias:JHI;  INSDC center name:The James Hutton Institute  Scotland  United Kingdom;  INSDC first public:2017-02-03T17:01:31Z;  INSDC last update:2016-06-16T11:21:44Z;  INSDC status:public;  Submitter Id:SEN 1 B1;  common name:barley;  sample name:SEN 1 B1
PRJEB14349	ERR1457234	SAMEA4034985	NA	NA	NA	NA	SAMEA4034985	NA	ENA first public:2017-02-03;  ENA last update:2016-06-16;  ENA-CHECKLIST:ERC000011;  External Id:SAMEA4034985;  INSDC center alias:JHI;  INSDC center name:The James Hutton Institute  Scotland  United Kingdom;  INSDC first public:2017-02-03T17:01:31Z;  INSDC last update:2016-06-16T11:21:44Z;  INSDC status:public;  Submitter Id:SEN 2 B1;  common name:barley;  sample name:SEN 2 B1
PRJEB14349	ERR1457235	SAMEA4034986	NA	NA	NA	NA	SAMEA4034986	NA	ENA first public:2017-02-03;  ENA last update:2016-06-16;  ENA-CHECKLIST:ERC000011;  External Id:SAMEA4034986;  INSDC center alias:JHI;  INSDC center name:The James Hutton Institute  Scotland  United Kingdom;  INSDC first public:2017-02-03T17:01:31Z;  INSDC last update:2016-06-16T11:21:44Z;  INSDC status:public;  Submitter Id:SEN 3 B1;  common name:barley;  sample name:SEN 3 B1
PRJEB14349	ERR1457236	SAMEA4034987	NA	NA	NA	NA	SAMEA4034987	NA	ENA first public:2017-02-03;  ENA last update:2016-06-16;  ENA-CHECKLIST:ERC000011;  External Id:SAMEA4034987;  INSDC center alias:JHI;  INSDC center name:The James Hutton Institute  Scotland  United Kingdom;  INSDC first public:2017-02-03T17:01:31Z;  INSDC last update:2016-06-16T11:21:44Z;  INSDC status:public;  Submitter Id:ETI 1 B2;  common name:barley;  sample name:ETI 1 B2
PRJEB14349	ERR1457237	SAMEA4034988	NA	NA	NA	NA	SAMEA4034988	NA	ENA first public:2017-02-03;  ENA last update:2016-06-16;  ENA-CHECKLIST:ERC000011;  External Id:SAMEA4034988;  INSDC center alias:JHI;  INSDC center name:The James Hutton Institute  Scotland  United Kingdom;  INSDC first public:2017-02-03T17:01:31Z;  INSDC last update:2016-06-16T11:21:44Z;  INSDC status:public;  Submitter Id:ETI 2 B2;  common name:barley;  sample name:ETI 2 B2
PRJEB14349	ERR1457238	SAMEA4034989	NA	NA	NA	NA	SAMEA4034989	NA	ENA first public:2017-02-03;  ENA last update:2016-06-16;  ENA-CHECKLIST:ERC000011;  External Id:SAMEA4034989;  INSDC center alias:JHI;  INSDC center name:The James Hutton Institute  Scotland  United Kingdom;  INSDC first public:2017-02-03T17:01:31Z;  INSDC last update:2016-06-16T11:21:44Z;  INSDC status:public;  Submitter Id:ETI 3 B2;  common name:barley;  sample name:ETI 3 B2
PRJEB14349	ERR1457239	SAMEA4034990	NA	NA	NA	NA	SAMEA4034990	NA	ENA first public:2017-02-03;  ENA last update:2016-06-16;  ENA-CHECKLIST:ERC000011;  External Id:SAMEA4034990;  INSDC center alias:JHI;  INSDC center name:The James Hutton Institute  Scotland  United Kingdom;  INSDC first public:2017-02-03T17:01:31Z;  INSDC last update:2016-06-16T11:21:44Z;  INSDC status:public;  Submitter Id:LEM 1 B2;  common name:barley;  sample name:LEM 1 B2
PRJEB14349	ERR1457240	SAMEA4034991	NA	NA	NA	NA	SAMEA4034991	NA	ENA first public:2017-02-03;  ENA last update:2016-06-16;  ENA-CHECKLIST:ERC000011;  External Id:SAMEA4034991;  INSDC center alias:JHI;  INSDC center name:The James Hutton Institute  Scotland  United Kingdom;  INSDC first public:2017-02-03T17:01:31Z;  INSDC last update:2016-06-16T11:21:44Z;  INSDC status:public;  Submitter Id:LEM 2 B2;  common name:barley;  sample name:LEM 2 B2
PRJEB14349	ERR1457241	SAMEA4034992	NA	NA	NA	NA	SAMEA4034992	NA	ENA first public:2017-02-03;  ENA last update:2016-06-16;  ENA-CHECKLIST:ERC000011;  External Id:SAMEA4034992;  INSDC center alias:JHI;  INSDC center name:The James Hutton Institute  Scotland  United Kingdom;  INSDC first public:2017-02-03T17:01:31Z;  INSDC last update:2016-06-16T11:21:44Z;  INSDC status:public;  Submitter Id:LEM 3 B2;  common name:barley;  sample name:LEM 3 B2
PRJEB14349	ERR1457242	SAMEA4034993	NA	NA	NA	NA	SAMEA4034993	NA	ENA first public:2017-02-03;  ENA last update:2016-06-16;  ENA-CHECKLIST:ERC000011;  External Id:SAMEA4034993;  INSDC center alias:JHI;  INSDC center name:The James Hutton Institute  Scotland  United Kingdom;  INSDC first public:2017-02-03T17:01:31Z;  INSDC last update:2016-06-16T11:21:45Z;  INSDC status:public;  Submitter Id:LOD 1 B2;  common name:barley;  sample name:LOD 1 B2
PRJEB14349	ERR1457243	SAMEA4034994	NA	NA	NA	NA	SAMEA4034994	NA	ENA first public:2017-02-03;  ENA last update:2016-06-16;  ENA-CHECKLIST:ERC000011;  External Id:SAMEA4034994;  INSDC center alias:JHI;  INSDC center name:The James Hutton Institute  Scotland  United Kingdom;  INSDC first public:2017-02-03T17:01:31Z;  INSDC last update:2016-06-16T11:21:45Z;  INSDC status:public;  Submitter Id:LOD 2 B2;  common name:barley;  sample name:LOD 2 B2
PRJEB14349	ERR1457244	SAMEA4034995	NA	NA	NA	NA	SAMEA4034995	NA	ENA first public:2017-02-03;  ENA last update:2016-06-16;  ENA-CHECKLIST:ERC000011;  External Id:SAMEA4034995;  INSDC center alias:JHI;  INSDC center name:The James Hutton Institute  Scotland  United Kingdom;  INSDC first public:2017-02-03T17:01:31Z;  INSDC last update:2016-06-16T11:21:45Z;  INSDC status:public;  Submitter Id:LOD 3 B2;  common name:barley;  sample name:LOD 3 B2
PRJEB14349	ERR1457245	SAMEA4034996	NA	NA	NA	NA	SAMEA4034996	NA	ENA first public:2017-02-03;  ENA last update:2016-06-16;  ENA-CHECKLIST:ERC000011;  External Id:SAMEA4034996;  INSDC center alias:JHI;  INSDC center name:The James Hutton Institute  Scotland  United Kingdom;  INSDC first public:2017-02-03T17:01:31Z;  INSDC last update:2016-06-16T11:21:45Z;  INSDC status:public;  Submitter Id:PAL 1 B2;  common name:barley;  sample name:PAL 1 B2
PRJEB14349	ERR1457246	SAMEA4034997	NA	NA	NA	NA	SAMEA4034997	NA	ENA first public:2017-02-03;  ENA last update:2016-06-16;  ENA-CHECKLIST:ERC000011;  External Id:SAMEA4034997;  INSDC center alias:JHI;  INSDC center name:The James Hutton Institute  Scotland  United Kingdom;  INSDC first public:2017-02-03T17:01:31Z;  INSDC last update:2016-06-16T11:21:45Z;  INSDC status:public;  Submitter Id:PAL 2 B2;  common name:barley;  sample name:PAL 2 B2
PRJEB14349	ERR1457247	SAMEA4034998	NA	NA	NA	NA	SAMEA4034998	NA	ENA first public:2017-02-03;  ENA last update:2016-06-16;  ENA-CHECKLIST:ERC000011;  External Id:SAMEA4034998;  INSDC center alias:JHI;  INSDC center name:The James Hutton Institute  Scotland  United Kingdom;  INSDC first public:2017-02-03T17:01:31Z;  INSDC last update:2016-06-16T11:21:45Z;  INSDC status:public;  Submitter Id:PAL 3 B2;  common name:barley;  sample name:PAL 3 B2
PRJEB14349	ERR1457248	SAMEA4034999	NA	NA	NA	NA	SAMEA4034999	NA	ENA first public:2017-02-03;  ENA last update:2016-06-16;  ENA-CHECKLIST:ERC000011;  External Id:SAMEA4034999;  INSDC center alias:JHI;  INSDC center name:The James Hutton Institute  Scotland  United Kingdom;  INSDC first public:2017-02-03T17:01:31Z;  INSDC last update:2016-06-16T11:21:45Z;  INSDC status:public;  Submitter Id:EPI 1 B2;  common name:barley;  sample name:EPI 1 B2
PRJEB14349	ERR1457249	SAMEA4035000	NA	NA	NA	NA	SAMEA4035000	NA	ENA first public:2017-02-03;  ENA last update:2016-06-16;  ENA-CHECKLIST:ERC000011;  External Id:SAMEA4035000;  INSDC center alias:JHI;  INSDC center name:The James Hutton Institute  Scotland  United Kingdom;  INSDC first public:2017-02-03T17:01:31Z;  INSDC last update:2016-06-16T11:21:45Z;  INSDC status:public;  Submitter Id:EPI 2 B2;  common name:barley;  sample name:EPI 2 B2
PRJEB14349	ERR1457250	SAMEA4035001	NA	NA	NA	NA	SAMEA4035001	NA	ENA first public:2017-02-03;  ENA last update:2016-06-16;  ENA-CHECKLIST:ERC000011;  External Id:SAMEA4035001;  INSDC center alias:JHI;  INSDC center name:The James Hutton Institute  Scotland  United Kingdom;  INSDC first public:2017-02-03T17:01:31Z;  INSDC last update:2016-06-16T11:21:45Z;  INSDC status:public;  Submitter Id:EPI 3 B2;  common name:barley;  sample name:EPI 3 B2
PRJEB14349	ERR1457251	SAMEA4035002	NA	NA	NA	NA	SAMEA4035002	NA	ENA first public:2017-02-03;  ENA last update:2016-06-16;  ENA-CHECKLIST:ERC000011;  External Id:SAMEA4035002;  INSDC center alias:JHI;  INSDC center name:The James Hutton Institute  Scotland  United Kingdom;  INSDC first public:2017-02-03T17:01:31Z;  INSDC last update:2016-06-16T11:21:45Z;  INSDC status:public;  Submitter Id:RAC 1 B2;  common name:barley;  sample name:RAC 1 B2
PRJEB14349	ERR1457252	SAMEA4035003	NA	NA	NA	NA	SAMEA4035003	NA	ENA first public:2017-02-03;  ENA last update:2016-06-16;  ENA-CHECKLIST:ERC000011;  External Id:SAMEA4035003;  INSDC center alias:JHI;  INSDC center name:The James Hutton Institute  Scotland  United Kingdom;  INSDC first public:2017-02-03T17:01:31Z;  INSDC last update:2016-06-16T11:21:45Z;  INSDC status:public;  Submitter Id:RAC 2 B2;  common name:barley;  sample name:RAC 2 B2
PRJEB14349	ERR1457253	SAMEA4035004	NA	NA	NA	NA	SAMEA4035004	NA	ENA first public:2017-02-03;  ENA last update:2016-06-16;  ENA-CHECKLIST:ERC000011;  External Id:SAMEA4035004;  INSDC center alias:JHI;  INSDC center name:The James Hutton Institute  Scotland  United Kingdom;  INSDC first public:2017-02-03T17:01:31Z;  INSDC last update:2016-06-16T11:21:45Z;  INSDC status:public;  Submitter Id:RAC 3 B2;  common name:barley;  sample name:RAC 3 B2
PRJEB14349	ERR1457254	SAMEA4035005	NA	NA	NA	NA	SAMEA4035005	NA	ENA first public:2017-02-03;  ENA last update:2016-06-16;  ENA-CHECKLIST:ERC000011;  External Id:SAMEA4035005;  INSDC center alias:JHI;  INSDC center name:The James Hutton Institute  Scotland  United Kingdom;  INSDC first public:2017-02-03T17:01:31Z;  INSDC last update:2016-06-16T11:21:45Z;  INSDC status:public;  Submitter Id:ROO2 1 B2;  common name:barley;  sample name:ROO2 1 B2
PRJEB14349	ERR1457255	SAMEA4035006	NA	NA	NA	NA	SAMEA4035006	NA	ENA first public:2017-02-03;  ENA last update:2016-06-16;  ENA-CHECKLIST:ERC000011;  External Id:SAMEA4035006;  INSDC center alias:JHI;  INSDC center name:The James Hutton Institute  Scotland  United Kingdom;  INSDC first public:2017-02-03T17:01:31Z;  INSDC last update:2016-06-16T11:21:45Z;  INSDC status:public;  Submitter Id:ROO2 2 B2;  common name:barley;  sample name:ROO2 2 B2
PRJEB14349	ERR1457256	SAMEA4035007	NA	NA	NA	NA	SAMEA4035007	NA	ENA first public:2017-02-03;  ENA last update:2016-06-16;  ENA-CHECKLIST:ERC000011;  External Id:SAMEA4035007;  INSDC center alias:JHI;  INSDC center name:The James Hutton Institute  Scotland  United Kingdom;  INSDC first public:2017-02-03T17:01:31Z;  INSDC last update:2016-06-16T11:21:45Z;  INSDC status:public;  Submitter Id:ROO2 3 B2;  common name:barley;  sample name:ROO2 3 B2
PRJEB14349	ERR1457257	SAMEA4035008	NA	NA	NA	NA	SAMEA4035008	NA	ENA first public:2017-02-03;  ENA last update:2016-06-16;  ENA-CHECKLIST:ERC000011;  External Id:SAMEA4035008;  INSDC center alias:JHI;  INSDC center name:The James Hutton Institute  Scotland  United Kingdom;  INSDC first public:2017-02-03T17:01:31Z;  INSDC last update:2016-06-16T11:21:45Z;  INSDC status:public;  Submitter Id:SEN 1 B2;  common name:barley;  sample name:SEN 1 B2
PRJEB14349	ERR1457258	SAMEA4035009	NA	NA	NA	NA	SAMEA4035009	NA	ENA first public:2017-02-03;  ENA last update:2016-06-16;  ENA-CHECKLIST:ERC000011;  External Id:SAMEA4035009;  INSDC center alias:JHI;  INSDC center name:The James Hutton Institute  Scotland  United Kingdom;  INSDC first public:2017-02-03T17:01:31Z;  INSDC last update:2016-06-16T11:21:45Z;  INSDC status:public;  Submitter Id:SEN 2 B2;  common name:barley;  sample name:SEN 2 B2
PRJEB14349	ERR1457259	SAMEA4035010	NA	NA	NA	NA	SAMEA4035010	NA	ENA first public:2017-02-03;  ENA last update:2016-06-16;  ENA-CHECKLIST:ERC000011;  External Id:SAMEA4035010;  INSDC center alias:JHI;  INSDC center name:The James Hutton Institute  Scotland  United Kingdom;  INSDC first public:2017-02-03T17:01:31Z;  INSDC last update:2016-06-16T11:21:45Z;  INSDC status:public;  Submitter Id:SEN 3 B2;  common name:barley;  sample name:SEN 3 B2
PRJEB18276	ERR1744565	SAMEA18181168	NA	NA	NA	Igri	SAMEA18181168	17.0	ENA first public:2016-12-12;  ENA last update:2016-11-30;  ENA-CHECKLIST:ERC000011;  External Id:SAMEA18181168;  INSDC center alias:Department of Chemistry  Biotechnology and Food Science  Norwegian University of Life Sciences;  INSDC center name:Department of Chemistry  Biotechnology and Food Science  Norwegian University of Life Sciences;  INSDC first public:2016-12-12T11:05:38Z;  INSDC last update:2016-11-30T15:57:24Z;  INSDC status:public;  Submitter Id:E-MTAB-5300:HoVu.D0.mix.1;  broker name:ArrayExpress;  day length:12;  genotype:variety Igri;  individual:mix;  light intensity:150;  organism part:leaf;  sample name:E-MTAB-5300:HoVu.D0.mix.1;  temperature:17
PRJEB18276	ERR1744566	SAMEA18181918	NA	NA	NA	Igri	SAMEA18181918	17.0	ENA first public:2016-12-12;  ENA last update:2016-11-30;  ENA-CHECKLIST:ERC000011;  External Id:SAMEA18181918;  INSDC center alias:Department of Chemistry  Biotechnology and Food Science  Norwegian University of Life Sciences;  INSDC center name:Department of Chemistry  Biotechnology and Food Science  Norwegian University of Life Sciences;  INSDC first public:2016-12-12T11:05:38Z;  INSDC last update:2016-11-30T15:57:24Z;  INSDC status:public;  Submitter Id:E-MTAB-5300:HoVu.W0.mix.1;  broker name:ArrayExpress;  day length:12;  genotype:variety Igri;  individual:mix;  light intensity:150;  organism part:leaf;  sample name:E-MTAB-5300:HoVu.W0.mix.1;  temperature:17
PRJEB18276	ERR1744567	SAMEA18182668	NA	NA	NA	Igri	SAMEA18182668	6.0	ENA first public:2016-12-12;  ENA last update:2016-11-30;  ENA-CHECKLIST:ERC000011;  External Id:SAMEA18182668;  INSDC center alias:Department of Chemistry  Biotechnology and Food Science  Norwegian University of Life Sciences;  INSDC center name:Department of Chemistry  Biotechnology and Food Science  Norwegian University of Life Sciences;  INSDC first public:2016-12-12T11:05:38Z;  INSDC last update:2016-11-30T15:57:24Z;  INSDC status:public;  Submitter Id:E-MTAB-5300:HoVu.D1.ind.2;  broker name:ArrayExpress;  day length:8;  genotype:variety Igri;  individual:single;  light intensity:50;  organism part:leaf;  sample name:E-MTAB-5300:HoVu.D1.ind.2;  temperature:6
PRJEB18276	ERR1744568	SAMEA18183418	NA	NA	NA	Igri	SAMEA18183418	6.0	ENA first public:2016-12-12;  ENA last update:2016-11-30;  ENA-CHECKLIST:ERC000011;  External Id:SAMEA18183418;  INSDC center alias:Department of Chemistry  Biotechnology and Food Science  Norwegian University of Life Sciences;  INSDC center name:Department of Chemistry  Biotechnology and Food Science  Norwegian University of Life Sciences;  INSDC first public:2016-12-12T11:05:38Z;  INSDC last update:2016-11-30T15:57:24Z;  INSDC status:public;  Submitter Id:E-MTAB-5300:HoVu.D1.ind.3;  broker name:ArrayExpress;  day length:8;  genotype:variety Igri;  individual:single;  light intensity:50;  organism part:leaf;  sample name:E-MTAB-5300:HoVu.D1.ind.3;  temperature:6
PRJEB18276	ERR1744569	SAMEA18184168	NA	NA	NA	Igri	SAMEA18184168	6.0	ENA first public:2016-12-12;  ENA last update:2016-11-30;  ENA-CHECKLIST:ERC000011;  External Id:SAMEA18184168;  INSDC center alias:Department of Chemistry  Biotechnology and Food Science  Norwegian University of Life Sciences;  INSDC center name:Department of Chemistry  Biotechnology and Food Science  Norwegian University of Life Sciences;  INSDC first public:2016-12-12T11:05:38Z;  INSDC last update:2016-11-30T15:57:24Z;  INSDC status:public;  Submitter Id:E-MTAB-5300:HoVu.D1.ind.4;  broker name:ArrayExpress;  day length:8;  genotype:variety Igri;  individual:single;  light intensity:50;  organism part:leaf;  sample name:E-MTAB-5300:HoVu.D1.ind.4;  temperature:6
PRJEB18276	ERR1744570	SAMEA18184918	NA	NA	NA	Igri	SAMEA18184918	6.0	ENA first public:2016-12-12;  ENA last update:2016-11-30;  ENA-CHECKLIST:ERC000011;  External Id:SAMEA18184918;  INSDC center alias:Department of Chemistry  Biotechnology and Food Science  Norwegian University of Life Sciences;  INSDC center name:Department of Chemistry  Biotechnology and Food Science  Norwegian University of Life Sciences;  INSDC first public:2016-12-12T11:05:38Z;  INSDC last update:2016-11-30T15:57:24Z;  INSDC status:public;  Submitter Id:E-MTAB-5300:HoVu.W4.mix.1;  broker name:ArrayExpress;  day length:8;  genotype:variety Igri;  individual:mix;  light intensity:50;  organism part:leaf;  sample name:E-MTAB-5300:HoVu.W4.mix.1;  temperature:6
PRJEB18276	ERR1744571	SAMEA18185668	NA	NA	NA	Igri	SAMEA18185668	6.0	ENA first public:2016-12-12;  ENA last update:2016-11-30;  ENA-CHECKLIST:ERC000011;  External Id:SAMEA18185668;  INSDC center alias:Department of Chemistry  Biotechnology and Food Science  Norwegian University of Life Sciences;  INSDC center name:Department of Chemistry  Biotechnology and Food Science  Norwegian University of Life Sciences;  INSDC first public:2016-12-12T11:05:38Z;  INSDC last update:2016-11-30T15:57:24Z;  INSDC status:public;  Submitter Id:E-MTAB-5300:HoVu.W9.ind.1;  broker name:ArrayExpress;  day length:8;  genotype:variety Igri;  individual:single;  light intensity:50;  organism part:leaf;  sample name:E-MTAB-5300:HoVu.W9.ind.1;  temperature:6
PRJEB18276	ERR1744573	SAMEA18187168	NA	NA	NA	Igri	SAMEA18187168	6.0	ENA first public:2016-12-12;  ENA last update:2016-11-30;  ENA-CHECKLIST:ERC000011;  External Id:SAMEA18187168;  INSDC center alias:Department of Chemistry  Biotechnology and Food Science  Norwegian University of Life Sciences;  INSDC center name:Department of Chemistry  Biotechnology and Food Science  Norwegian University of Life Sciences;  INSDC first public:2016-12-12T11:05:38Z;  INSDC last update:2016-11-30T15:57:24Z;  INSDC status:public;  Submitter Id:E-MTAB-5300:HoVu.W9.ind.3;  broker name:ArrayExpress;  day length:8;  genotype:variety Igri;  individual:single;  light intensity:50;  organism part:leaf;  sample name:E-MTAB-5300:HoVu.W9.ind.3;  temperature:6
PRJEB18276	ERR1744574	SAMEA18187918	NA	NA	NA	Igri	SAMEA18187918	6.0	ENA first public:2016-12-12;  ENA last update:2016-11-30;  ENA-CHECKLIST:ERC000011;  External Id:SAMEA18187918;  INSDC center alias:Department of Chemistry  Biotechnology and Food Science  Norwegian University of Life Sciences;  INSDC center name:Department of Chemistry  Biotechnology and Food Science  Norwegian University of Life Sciences;  INSDC first public:2016-12-12T11:05:38Z;  INSDC last update:2016-11-30T15:57:24Z;  INSDC status:public;  Submitter Id:E-MTAB-5300:HoVu.W9.mix.1;  broker name:ArrayExpress;  day length:8;  genotype:variety Igri;  individual:mix;  light intensity:50;  organism part:leaf;  sample name:E-MTAB-5300:HoVu.W9.mix.1;  temperature:6
PRJEB19243	ERR2026421	SAMEA104152066	NA	NA	NA	NA	SAMEA104152066	NA	ENA first public:2017-10-16;  ENA last update:2017-07-05;  ENA-CHECKLIST:ERC000011;  External Id:SAMEA104152066;  INSDC center alias:JHI;  INSDC center name:The James Hutton Institute  Scotland  United Kingdom;  INSDC first public:2017-10-16T17:02:17Z;  INSDC last update:2017-07-05T11:53:23Z;  INSDC status:public;  Submitter Id:Bw 1 AP;  sample name:Bw 1 AP
PRJEB19243	ERR2026422	SAMEA104152067	NA	NA	NA	NA	SAMEA104152067	NA	ENA first public:2017-10-16;  ENA last update:2017-07-05;  ENA-CHECKLIST:ERC000011;  External Id:SAMEA104152067;  INSDC center alias:JHI;  INSDC center name:The James Hutton Institute  Scotland  United Kingdom;  INSDC first public:2017-10-16T17:02:17Z;  INSDC last update:2017-07-05T11:53:23Z;  INSDC status:public;  Submitter Id:Bw 2 AP;  sample name:Bw 2 AP
PRJEB19243	ERR2026423	SAMEA104152068	NA	NA	NA	NA	SAMEA104152068	NA	ENA first public:2017-10-16;  ENA last update:2017-07-05;  ENA-CHECKLIST:ERC000011;  External Id:SAMEA104152068;  INSDC center alias:JHI;  INSDC center name:The James Hutton Institute  Scotland  United Kingdom;  INSDC first public:2017-10-16T17:02:17Z;  INSDC last update:2017-07-05T11:53:23Z;  INSDC status:public;  Submitter Id:Bw 3 AP;  sample name:Bw 3 AP
PRJEB19243	ERR2026424	SAMEA104152069	NA	NA	NA	NA	SAMEA104152069	NA	ENA first public:2017-10-16;  ENA last update:2017-07-05;  ENA-CHECKLIST:ERC000011;  External Id:SAMEA104152069;  INSDC center alias:JHI;  INSDC center name:The James Hutton Institute  Scotland  United Kingdom;  INSDC first public:2017-10-16T17:02:17Z;  INSDC last update:2017-07-05T11:53:23Z;  INSDC status:public;  Submitter Id:Bw 4 AP;  sample name:Bw 4 AP
PRJEB19243	ERR2026425	SAMEA104152070	NA	NA	NA	NA	SAMEA104152070	NA	ENA first public:2017-10-16;  ENA last update:2017-07-05;  ENA-CHECKLIST:ERC000011;  External Id:SAMEA104152070;  INSDC center alias:JHI;  INSDC center name:The James Hutton Institute  Scotland  United Kingdom;  INSDC first public:2017-10-16T17:02:17Z;  INSDC last update:2017-07-05T11:53:23Z;  INSDC status:public;  Submitter Id:Bw 7 AP;  sample name:Bw 7 AP
PRJEB19243	ERR2026426	SAMEA104152071	NA	NA	NA	NA	SAMEA104152071	NA	ENA first public:2017-10-16;  ENA last update:2017-07-05;  ENA-CHECKLIST:ERC000011;  External Id:SAMEA104152071;  INSDC center alias:JHI;  INSDC center name:The James Hutton Institute  Scotland  United Kingdom;  INSDC first public:2017-10-16T17:02:17Z;  INSDC last update:2017-07-05T11:53:23Z;  INSDC status:public;  Submitter Id:Bw 8 AP;  sample name:Bw 8 AP
PRJEB19243	ERR2026427	SAMEA104152072	NA	NA	NA	NA	SAMEA104152072	NA	ENA first public:2017-10-16;  ENA last update:2017-07-05;  ENA-CHECKLIST:ERC000011;  External Id:SAMEA104152072;  INSDC center alias:JHI;  INSDC center name:The James Hutton Institute  Scotland  United Kingdom;  INSDC first public:2017-10-16T17:02:17Z;  INSDC last update:2017-07-05T11:53:23Z;  INSDC status:public;  Submitter Id:Bw 9 AP;  sample name:Bw 9 AP
PRJEB19243	ERR2026428	SAMEA104152073	NA	NA	NA	NA	SAMEA104152073	NA	ENA first public:2017-10-16;  ENA last update:2017-07-05;  ENA-CHECKLIST:ERC000011;  External Id:SAMEA104152073;  INSDC center alias:JHI;  INSDC center name:The James Hutton Institute  Scotland  United Kingdom;  INSDC first public:2017-10-16T17:02:17Z;  INSDC last update:2017-07-05T11:53:23Z;  INSDC status:public;  Submitter Id:Bw 10 AP;  sample name:Bw 10 AP
PRJEB19243	ERR2026429	SAMEA104152074	NA	NA	NA	NA	SAMEA104152074	NA	ENA first public:2017-10-16;  ENA last update:2017-07-05;  ENA-CHECKLIST:ERC000011;  External Id:SAMEA104152074;  INSDC center alias:JHI;  INSDC center name:The James Hutton Institute  Scotland  United Kingdom;  INSDC first public:2017-10-16T17:02:17Z;  INSDC last update:2017-07-05T11:53:23Z;  INSDC status:public;  Submitter Id:Bw 1 WA;  sample name:Bw 1 WA
PRJEB19243	ERR2026430	SAMEA104152075	NA	NA	NA	NA	SAMEA104152075	NA	ENA first public:2017-10-16;  ENA last update:2017-07-05;  ENA-CHECKLIST:ERC000011;  External Id:SAMEA104152075;  INSDC center alias:JHI;  INSDC center name:The James Hutton Institute  Scotland  United Kingdom;  INSDC first public:2017-10-16T17:02:17Z;  INSDC last update:2017-07-05T11:53:23Z;  INSDC status:public;  Submitter Id:Bw 2 WA;  sample name:Bw 2 WA
PRJEB19243	ERR2026431	SAMEA104152076	NA	NA	NA	NA	SAMEA104152076	NA	ENA first public:2017-10-16;  ENA last update:2017-07-05;  ENA-CHECKLIST:ERC000011;  External Id:SAMEA104152076;  INSDC center alias:JHI;  INSDC center name:The James Hutton Institute  Scotland  United Kingdom;  INSDC first public:2017-10-16T17:02:17Z;  INSDC last update:2017-07-05T11:53:23Z;  INSDC status:public;  Submitter Id:Bw 3 WA;  sample name:Bw 3 WA
PRJEB19243	ERR2026432	SAMEA104152077	NA	NA	NA	NA	SAMEA104152077	NA	ENA first public:2017-10-16;  ENA last update:2017-07-05;  ENA-CHECKLIST:ERC000011;  External Id:SAMEA104152077;  INSDC center alias:JHI;  INSDC center name:The James Hutton Institute  Scotland  United Kingdom;  INSDC first public:2017-10-16T17:02:17Z;  INSDC last update:2017-07-05T11:53:23Z;  INSDC status:public;  Submitter Id:Bw 4 WA;  sample name:Bw 4 WA
PRJEB19243	ERR2026433	SAMEA104152078	NA	NA	NA	NA	SAMEA104152078	NA	ENA first public:2017-10-16;  ENA last update:2017-07-05;  ENA-CHECKLIST:ERC000011;  External Id:SAMEA104152078;  INSDC center alias:JHI;  INSDC center name:The James Hutton Institute  Scotland  United Kingdom;  INSDC first public:2017-10-16T17:02:17Z;  INSDC last update:2017-07-05T11:53:23Z;  INSDC status:public;  Submitter Id:Bw 7 WA;  sample name:Bw 7 WA
PRJEB19243	ERR2026434	SAMEA104152079	NA	NA	NA	NA	SAMEA104152079	NA	ENA first public:2017-10-16;  ENA last update:2017-07-05;  ENA-CHECKLIST:ERC000011;  External Id:SAMEA104152079;  INSDC center alias:JHI;  INSDC center name:The James Hutton Institute  Scotland  United Kingdom;  INSDC first public:2017-10-16T17:02:17Z;  INSDC last update:2017-07-05T11:53:23Z;  INSDC status:public;  Submitter Id:Bw 8 WA;  sample name:Bw 8 WA
PRJEB19243	ERR2026435	SAMEA104152080	NA	NA	NA	NA	SAMEA104152080	NA	ENA first public:2017-10-16;  ENA last update:2017-07-05;  ENA-CHECKLIST:ERC000011;  External Id:SAMEA104152080;  INSDC center alias:JHI;  INSDC center name:The James Hutton Institute  Scotland  United Kingdom;  INSDC first public:2017-10-16T17:02:17Z;  INSDC last update:2017-07-05T11:53:23Z;  INSDC status:public;  Submitter Id:Bw 9 WA;  sample name:Bw 9 WA
PRJEB19243	ERR2026436	SAMEA104152081	NA	NA	NA	NA	SAMEA104152081	NA	ENA first public:2017-10-16;  ENA last update:2017-07-05;  ENA-CHECKLIST:ERC000011;  External Id:SAMEA104152081;  INSDC center alias:JHI;  INSDC center name:The James Hutton Institute  Scotland  United Kingdom;  INSDC first public:2017-10-16T17:02:17Z;  INSDC last update:2017-07-05T11:53:23Z;  INSDC status:public;  Submitter Id:Bw 10 WA;  sample name:Bw 10 WA
PRJEB19243	ERR2026437	SAMEA104152082	NA	NA	NA	NA	SAMEA104152082	NA	ENA first public:2017-10-16;  ENA last update:2017-07-05;  ENA-CHECKLIST:ERC000011;  External Id:SAMEA104152082;  INSDC center alias:JHI;  INSDC center name:The James Hutton Institute  Scotland  United Kingdom;  INSDC first public:2017-10-16T17:02:17Z;  INSDC last update:2017-07-05T11:53:23Z;  INSDC status:public;  Submitter Id:Bw902 1 AP;  sample name:Bw902 1 AP
PRJEB19243	ERR2026438	SAMEA104152083	NA	NA	NA	NA	SAMEA104152083	NA	ENA first public:2017-10-16;  ENA last update:2017-07-05;  ENA-CHECKLIST:ERC000011;  External Id:SAMEA104152083;  INSDC center alias:JHI;  INSDC center name:The James Hutton Institute  Scotland  United Kingdom;  INSDC first public:2017-10-16T17:02:17Z;  INSDC last update:2017-07-05T11:53:23Z;  INSDC status:public;  Submitter Id:Bw902 2 AP;  sample name:Bw902 2 AP
PRJEB19243	ERR2026439	SAMEA104152084	NA	NA	NA	NA	SAMEA104152084	NA	ENA first public:2017-10-16;  ENA last update:2017-07-05;  ENA-CHECKLIST:ERC000011;  External Id:SAMEA104152084;  INSDC center alias:JHI;  INSDC center name:The James Hutton Institute  Scotland  United Kingdom;  INSDC first public:2017-10-16T17:02:17Z;  INSDC last update:2017-07-05T11:53:23Z;  INSDC status:public;  Submitter Id:Bw902 3 AP;  sample name:Bw902 3 AP
PRJEB19243	ERR2026440	SAMEA104152085	NA	NA	NA	NA	SAMEA104152085	NA	ENA first public:2017-10-16;  ENA last update:2017-07-05;  ENA-CHECKLIST:ERC000011;  External Id:SAMEA104152085;  INSDC center alias:JHI;  INSDC center name:The James Hutton Institute  Scotland  United Kingdom;  INSDC first public:2017-10-16T17:02:17Z;  INSDC last update:2017-07-05T11:53:23Z;  INSDC status:public;  Submitter Id:Bw902 4 AP;  sample name:Bw902 4 AP
PRJEB19243	ERR2026441	SAMEA104152086	NA	NA	NA	NA	SAMEA104152086	NA	ENA first public:2017-10-16;  ENA last update:2017-07-05;  ENA-CHECKLIST:ERC000011;  External Id:SAMEA104152086;  INSDC center alias:JHI;  INSDC center name:The James Hutton Institute  Scotland  United Kingdom;  INSDC first public:2017-10-16T17:02:17Z;  INSDC last update:2017-07-05T11:53:23Z;  INSDC status:public;  Submitter Id:Bw902 7 AP;  sample name:Bw902 7 AP
PRJEB19243	ERR2026442	SAMEA104152087	NA	NA	NA	NA	SAMEA104152087	NA	ENA first public:2017-10-16;  ENA last update:2017-07-05;  ENA-CHECKLIST:ERC000011;  External Id:SAMEA104152087;  INSDC center alias:JHI;  INSDC center name:The James Hutton Institute  Scotland  United Kingdom;  INSDC first public:2017-10-16T17:02:17Z;  INSDC last update:2017-07-05T11:53:23Z;  INSDC status:public;  Submitter Id:Bw902 8 AP;  sample name:Bw902 8 AP
PRJEB19243	ERR2026443	SAMEA104152088	NA	NA	NA	NA	SAMEA104152088	NA	ENA first public:2017-10-16;  ENA last update:2017-07-05;  ENA-CHECKLIST:ERC000011;  External Id:SAMEA104152088;  INSDC center alias:JHI;  INSDC center name:The James Hutton Institute  Scotland  United Kingdom;  INSDC first public:2017-10-16T17:02:17Z;  INSDC last update:2017-07-05T11:53:24Z;  INSDC status:public;  Submitter Id:Bw902 9 AP;  sample name:Bw902 9 AP
PRJEB19243	ERR2026444	SAMEA104152089	NA	NA	NA	NA	SAMEA104152089	NA	ENA first public:2017-10-16;  ENA last update:2017-07-05;  ENA-CHECKLIST:ERC000011;  External Id:SAMEA104152089;  INSDC center alias:JHI;  INSDC center name:The James Hutton Institute  Scotland  United Kingdom;  INSDC first public:2017-10-16T17:02:17Z;  INSDC last update:2017-07-05T11:53:24Z;  INSDC status:public;  Submitter Id:Bw902 10 AP;  sample name:Bw902 10 AP
PRJEB19243	ERR2026445	SAMEA104152090	NA	NA	NA	NA	SAMEA104152090	NA	ENA first public:2017-10-16;  ENA last update:2017-07-05;  ENA-CHECKLIST:ERC000011;  External Id:SAMEA104152090;  INSDC center alias:JHI;  INSDC center name:The James Hutton Institute  Scotland  United Kingdom;  INSDC first public:2017-10-16T17:02:17Z;  INSDC last update:2017-07-05T11:53:24Z;  INSDC status:public;  Submitter Id:Bw902 1 WA;  sample name:Bw902 1 WA
PRJEB19243	ERR2026446	SAMEA104152091	NA	NA	NA	NA	SAMEA104152091	NA	ENA first public:2017-10-16;  ENA last update:2017-07-05;  ENA-CHECKLIST:ERC000011;  External Id:SAMEA104152091;  INSDC center alias:JHI;  INSDC center name:The James Hutton Institute  Scotland  United Kingdom;  INSDC first public:2017-10-16T17:02:17Z;  INSDC last update:2017-07-05T11:53:24Z;  INSDC status:public;  Submitter Id:Bw902 2 WA;  sample name:Bw902 2 WA
PRJEB19243	ERR2026447	SAMEA104152092	NA	NA	NA	NA	SAMEA104152092	NA	ENA first public:2017-10-16;  ENA last update:2017-07-05;  ENA-CHECKLIST:ERC000011;  External Id:SAMEA104152092;  INSDC center alias:JHI;  INSDC center name:The James Hutton Institute  Scotland  United Kingdom;  INSDC first public:2017-10-16T17:02:17Z;  INSDC last update:2017-07-05T11:53:24Z;  INSDC status:public;  Submitter Id:Bw902 3 WA;  sample name:Bw902 3 WA
PRJEB19243	ERR2026448	SAMEA104152093	NA	NA	NA	NA	SAMEA104152093	NA	ENA first public:2017-10-16;  ENA last update:2017-07-05;  ENA-CHECKLIST:ERC000011;  External Id:SAMEA104152093;  INSDC center alias:JHI;  INSDC center name:The James Hutton Institute  Scotland  United Kingdom;  INSDC first public:2017-10-16T17:02:17Z;  INSDC last update:2017-07-05T11:53:24Z;  INSDC status:public;  Submitter Id:Bw902 4 WA;  sample name:Bw902 4 WA
PRJEB19243	ERR2026449	SAMEA104152094	NA	NA	NA	NA	SAMEA104152094	NA	ENA first public:2017-10-16;  ENA last update:2017-07-05;  ENA-CHECKLIST:ERC000011;  External Id:SAMEA104152094;  INSDC center alias:JHI;  INSDC center name:The James Hutton Institute  Scotland  United Kingdom;  INSDC first public:2017-10-16T17:02:17Z;  INSDC last update:2017-07-05T11:53:24Z;  INSDC status:public;  Submitter Id:Bw902 7 WA;  sample name:Bw902 7 WA
PRJEB19243	ERR2026450	SAMEA104152095	NA	NA	NA	NA	SAMEA104152095	NA	ENA first public:2017-10-16;  ENA last update:2017-07-05;  ENA-CHECKLIST:ERC000011;  External Id:SAMEA104152095;  INSDC center alias:JHI;  INSDC center name:The James Hutton Institute  Scotland  United Kingdom;  INSDC first public:2017-10-16T17:02:17Z;  INSDC last update:2017-07-05T11:53:24Z;  INSDC status:public;  Submitter Id:Bw902 8 WA;  sample name:Bw902 8 WA
PRJEB19243	ERR2026451	SAMEA104152096	NA	NA	NA	NA	SAMEA104152096	NA	ENA first public:2017-10-16;  ENA last update:2017-07-05;  ENA-CHECKLIST:ERC000011;  External Id:SAMEA104152096;  INSDC center alias:JHI;  INSDC center name:The James Hutton Institute  Scotland  United Kingdom;  INSDC first public:2017-10-16T17:02:17Z;  INSDC last update:2017-07-05T11:53:24Z;  INSDC status:public;  Submitter Id:Bw902 9 WA;  sample name:Bw902 9 WA
PRJEB19243	ERR2026452	SAMEA104152097	NA	NA	NA	NA	SAMEA104152097	NA	ENA first public:2017-10-16;  ENA last update:2017-07-05;  ENA-CHECKLIST:ERC000011;  External Id:SAMEA104152097;  INSDC center alias:JHI;  INSDC center name:The James Hutton Institute  Scotland  United Kingdom;  INSDC first public:2017-10-16T17:02:17Z;  INSDC last update:2017-07-05T11:53:24Z;  INSDC status:public;  Submitter Id:Bw902 10 WA;  sample name:Bw902 10 WA
PRJEB3149	ERR233228	SAMN00009845	NA	NA	NA	NA	unidentified	NA	NA
PRJEB3149	ERR233229	SAMN00009845	NA	NA	NA	NA	unidentified	NA	NA
PRJEB3149	ERR233233	SAMN00009845	NA	NA	NA	NA	unidentified	NA	NA
PRJEB3149	ERR233234	SAMN00009845	NA	NA	NA	NA	unidentified	NA	NA
PRJEB3149	ERR233235	SAMN00009845	NA	NA	NA	NA	unidentified	NA	NA
PRJEB3149	ERR233236	SAMN00009845	NA	NA	NA	NA	unidentified	NA	NA
PRJEB3149	ERR233237	SAMN00009845	NA	NA	NA	NA	unidentified	NA	NA
PRJEB3149	ERR233241	SAMN00009845	NA	NA	NA	NA	unidentified	NA	NA
PRJEB3149	ERR233242	SAMN00009845	NA	NA	NA	NA	unidentified	NA	NA
PRJEB3149	ERR233243	SAMN00009845	NA	NA	NA	NA	unidentified	NA	NA
PRJEB3149	ERR233244	SAMN00009845	NA	NA	NA	NA	unidentified	NA	NA
PRJEB3149	ERR233248	SAMN00009845	NA	NA	NA	NA	unidentified	NA	NA
PRJEB3149	ERR233249	SAMN00009845	NA	NA	NA	NA	unidentified	NA	NA
PRJEB3149	ERR233250	SAMN00009845	NA	NA	NA	NA	unidentified	NA	NA
PRJEB3149	ERR233274	SAMEA1711084	NA	NA	NA	NA	SAMEA1711084	NA	External Id:SAMEA1711084;  INSDC center name:TGAC;  INSDC first public:2012-07-13T22:22:28Z;  INSDC last update:2018-03-08T15:49:50Z;  INSDC status:public;  Submitter Id:RW S14 barley;  common name:domesticated barley;  sample name:RW S14 barley;  scientific name:Hordeum vulgare subsp. vulgare;  sub species:vulgare
PRJEB7729	ERR674184	SAMEA3120856	NA	NA	NA	Barke	SAMEA3120856	NA	ENA first public:2016-05-20;  ENA last update:2016-05-20;  ENA-CHECKLIST:ERC000035;  External Id:SAMEA3997827;  INSDC center alias:ENA;  INSDC center name:ENA;  INSDC first public:2016-05-20T16:38:06Z;  INSDC last update:2016-05-20T15:56:23Z;  INSDC status:public;  Submitter Id:ERR674184 SAMEA3120856;  age:4 week;  cultivar:Barke;  experimental factor 1:infect;  experimental factor 2:sampling site;  growth condition:green house study;  infect:Xanthomonas translucens pv. cerealis;  organism part:leaf (EFO 0000993);  recurated from:SAMEA3120856;  sample name:ERR674184 SAMEA3120856;  sub species:vulgare;  ENA checklist:ERC000011;  INSDC center alias:Helmholtz Zentrum Muenchen  Department of Environmental Sciences  Institute of Biochemical Plant Pathology;  INSDC center name:Helmholtz Zentrum Muenchen  Department of Environmental Sciences  Institute of Biochemical Plant Pathology;  INSDC first public:2014-11-24T17:01:34Z;  INSDC last update:2014-11-13T14:39:20Z;  INSDC status:public;  SRA accession:ERS605006;  Sample Name:ERS605006;  age:4;  alias:E-MTAB-3063:SX rep2;  broker name:ArrayExpress;  cultivar:Barke;  growth condition:green house study;  infect:Xanthomonas translucens pathovar cerealis;  organism:Hordeum vulgare;  organism part:leaf;  sampling site:systemic leaf not at the site of infection;  title:SX rep2;  sub species:vulgare
PRJEB7729	ERR674185	SAMEA3120850	NA	NA	NA	Barke	SAMEA3120850	NA	ENA first public:2016-05-20;  ENA last update:2016-05-20;  ENA-CHECKLIST:ERC000035;  External Id:SAMEA3997828;  INSDC center alias:ENA;  INSDC center name:ENA;  INSDC first public:2016-05-20T16:38:06Z;  INSDC last update:2016-05-20T15:56:23Z;  INSDC status:public;  Submitter Id:ERR674185 SAMEA3120850;  age:4 week;  cultivar:Barke;  experimental factor 1:infect;  experimental factor 2:sampling site;  growth condition:green house study;  infect:Pseudomonas syringae pv. japonica;  organism part:leaf (EFO 0000993);  recurated from:SAMEA3120850;  sample name:ERR674185 SAMEA3120850;  sub species:vulgare;  ENA checklist:ERC000011;  INSDC center alias:Helmholtz Zentrum Muenchen  Department of Environmental Sciences  Institute of Biochemical Plant Pathology;  INSDC center name:Helmholtz Zentrum Muenchen  Department of Environmental Sciences  Institute of Biochemical Plant Pathology;  INSDC first public:2014-11-24T17:01:34Z;  INSDC last update:2014-11-13T14:39:20Z;  INSDC status:public;  SRA accession:ERS605000;  Sample Name:ERS605000;  age:4;  alias:E-MTAB-3063:SP rep2;  broker name:ArrayExpress;  cultivar:Barke;  growth condition:green house study;  infect:Pseudomonas syringae pathovar japonica;  organism:Hordeum vulgare;  organism part:leaf;  sampling site:systemic leaf not at the site of infection;  title:SP rep2;  sub species:vulgare
PRJEB7729	ERR674186	SAMEA3120859	NA	NA	NA	Barke	SAMEA3120859	NA	ENA first public:2016-05-20;  ENA last update:2016-05-20;  ENA-CHECKLIST:ERC000035;  External Id:SAMEA3997829;  INSDC center alias:ENA;  INSDC center name:ENA;  INSDC first public:2016-05-20T16:38:06Z;  INSDC last update:2016-05-20T15:56:23Z;  INSDC status:public;  Submitter Id:ERR674186 SAMEA3120859;  age:4 week;  cultivar:Barke;  experimental factor 1:infect;  experimental factor 2:sampling site;  growth condition:green house study;  infect:Pseudomonas syringae pv. japonica;  organism part:leaf (EFO 0000993);  recurated from:SAMEA3120859;  sample name:ERR674186 SAMEA3120859;  sub species:vulgare;  ENA checklist:ERC000011;  INSDC center alias:Helmholtz Zentrum Muenchen  Department of Environmental Sciences  Institute of Biochemical Plant Pathology;  INSDC center name:Helmholtz Zentrum Muenchen  Department of Environmental Sciences  Institute of Biochemical Plant Pathology;  INSDC first public:2014-11-24T17:01:34Z;  INSDC last update:2014-11-13T14:39:20Z;  INSDC status:public;  SRA accession:ERS605009;  Sample Name:ERS605009;  age:4;  alias:E-MTAB-3063:LP rep3;  broker name:ArrayExpress;  cultivar:Barke;  growth condition:green house study;  infect:Pseudomonas syringae pathovar japonica;  organism:Hordeum vulgare;  organism part:leaf;  sampling site:local leaf at site of infection;  title:LP rep3;  sub species:vulgare
PRJEB7729	ERR674187	SAMEA3120849	NA	NA	NA	Barke	SAMEA3120849	NA	ENA first public:2016-05-20;  ENA last update:2016-05-20;  ENA-CHECKLIST:ERC000035;  External Id:SAMEA3997830;  INSDC center alias:ENA;  INSDC center name:ENA;  INSDC first public:2016-05-20T16:38:06Z;  INSDC last update:2016-05-20T15:56:23Z;  INSDC status:public;  Submitter Id:ERR674187 SAMEA3120849;  age:4 week;  cultivar:Barke;  experimental factor 1:infect;  experimental factor 2:sampling site;  growth condition:green house study;  infect:mock (EFO 0001461);  organism part:leaf (EFO 0000993);  recurated from:SAMEA3120849;  sample name:ERR674187 SAMEA3120849;  sub species:vulgare;  ENA checklist:ERC000011;  INSDC center alias:Helmholtz Zentrum Muenchen  Department of Environmental Sciences  Institute of Biochemical Plant Pathology;  INSDC center name:Helmholtz Zentrum Muenchen  Department of Environmental Sciences  Institute of Biochemical Plant Pathology;  INSDC first public:2014-11-24T17:01:34Z;  INSDC last update:2014-11-13T14:39:20Z;  INSDC status:public;  SRA accession:ERS604999;  Sample Name:ERS604999;  age:4;  alias:E-MTAB-3063:LM rep3;  broker name:ArrayExpress;  cultivar:Barke;  growth condition:green house study;  infect:mock;  organism:Hordeum vulgare;  organism part:leaf;  sampling site:local leaf at site of infection;  title:LM rep3;  sub species:vulgare
PRJEB7729	ERR674188	SAMEA3120845	NA	NA	NA	Barke	SAMEA3120845	NA	ENA first public:2016-05-20;  ENA last update:2016-05-20;  ENA-CHECKLIST:ERC000035;  External Id:SAMEA3997831;  INSDC center alias:ENA;  INSDC center name:ENA;  INSDC first public:2016-05-20T16:38:06Z;  INSDC last update:2016-05-20T15:56:23Z;  INSDC status:public;  Submitter Id:ERR674188 SAMEA3120845;  age:4 week;  cultivar:Barke;  experimental factor 1:infect;  experimental factor 2:sampling site;  growth condition:green house study;  infect:mock (EFO 0001461);  organism part:leaf (EFO 0000993);  recurated from:SAMEA3120845;  sample name:ERR674188 SAMEA3120845;  sub species:vulgare;  ENA checklist:ERC000011;  INSDC center alias:Helmholtz Zentrum Muenchen  Department of Environmental Sciences  Institute of Biochemical Plant Pathology;  INSDC center name:Helmholtz Zentrum Muenchen  Department of Environmental Sciences  Institute of Biochemical Plant Pathology;  INSDC first public:2014-11-24T17:01:34Z;  INSDC last update:2014-11-13T14:39:20Z;  INSDC status:public;  SRA accession:ERS604995;  Sample Name:ERS604995;  age:4;  alias:E-MTAB-3063:LM rep1;  broker name:ArrayExpress;  cultivar:Barke;  growth condition:green house study;  infect:mock;  organism:Hordeum vulgare;  organism part:leaf;  sampling site:local leaf at site of infection;  title:LM rep1;  sub species:vulgare
PRJEB7729	ERR674191	SAMEA3120851	NA	NA	NA	Barke	SAMEA3120851	NA	ENA first public:2016-05-20;  ENA last update:2016-05-20;  ENA-CHECKLIST:ERC000035;  External Id:SAMEA3997834;  INSDC center alias:ENA;  INSDC center name:ENA;  INSDC first public:2016-05-20T16:38:06Z;  INSDC last update:2016-05-20T15:56:23Z;  INSDC status:public;  Submitter Id:ERR674191 SAMEA3120851;  age:4 week;  cultivar:Barke;  experimental factor 1:infect;  experimental factor 2:sampling site;  growth condition:green house study;  infect:Pseudomonas syringae pv. japonica;  organism part:leaf (EFO 0000993);  recurated from:SAMEA3120851;  sample name:ERR674191 SAMEA3120851;  sub species:vulgare;  ENA checklist:ERC000011;  INSDC center alias:Helmholtz Zentrum Muenchen  Department of Environmental Sciences  Institute of Biochemical Plant Pathology;  INSDC center name:Helmholtz Zentrum Muenchen  Department of Environmental Sciences  Institute of Biochemical Plant Pathology;  INSDC first public:2014-11-24T17:01:34Z;  INSDC last update:2014-11-13T14:39:20Z;  INSDC status:public;  SRA accession:ERS605001;  Sample Name:ERS605001;  age:4;  alias:E-MTAB-3063:LP rep2;  broker name:ArrayExpress;  cultivar:Barke;  growth condition:green house study;  infect:Pseudomonas syringae pathovar japonica;  organism:Hordeum vulgare;  organism part:leaf;  sampling site:local leaf at site of infection;  title:LP rep2;  sub species:vulgare
PRJEB7729	ERR674192	SAMEA3120857	NA	NA	NA	Barke	SAMEA3120857	NA	ENA first public:2016-05-20;  ENA last update:2016-05-20;  ENA-CHECKLIST:ERC000035;  External Id:SAMEA3997835;  INSDC center alias:ENA;  INSDC center name:ENA;  INSDC first public:2016-05-20T16:38:06Z;  INSDC last update:2016-05-20T15:56:23Z;  INSDC status:public;  Submitter Id:ERR674192 SAMEA3120857;  age:4 week;  cultivar:Barke;  experimental factor 1:infect;  experimental factor 2:sampling site;  growth condition:green house study;  infect:Pseudomonas syringae pv. japonica;  organism part:leaf (EFO 0000993);  recurated from:SAMEA3120857;  sample name:ERR674192 SAMEA3120857;  sub species:vulgare;  ENA checklist:ERC000011;  INSDC center alias:Helmholtz Zentrum Muenchen  Department of Environmental Sciences  Institute of Biochemical Plant Pathology;  INSDC center name:Helmholtz Zentrum Muenchen  Department of Environmental Sciences  Institute of Biochemical Plant Pathology;  INSDC first public:2014-11-24T17:01:34Z;  INSDC last update:2014-11-13T14:39:20Z;  INSDC status:public;  SRA accession:ERS605007;  Sample Name:ERS605007;  age:4;  alias:E-MTAB-3063:LP rep1;  broker name:ArrayExpress;  cultivar:Barke;  growth condition:green house study;  infect:Pseudomonas syringae pathovar japonica;  organism:Hordeum vulgare;  organism part:leaf;  sampling site:local leaf at site of infection;  title:LP rep1;  sub species:vulgare
PRJEB7729	ERR674193	SAMEA3120852	NA	NA	NA	Barke	SAMEA3120852	NA	ENA first public:2016-05-20;  ENA last update:2016-05-20;  ENA-CHECKLIST:ERC000035;  External Id:SAMEA3997836;  INSDC center alias:ENA;  INSDC center name:ENA;  INSDC first public:2016-05-20T16:38:06Z;  INSDC last update:2016-05-20T15:56:23Z;  INSDC status:public;  Submitter Id:ERR674193 SAMEA3120852;  age:4 week;  cultivar:Barke;  experimental factor 1:infect;  experimental factor 2:sampling site;  growth condition:green house study;  infect:Pseudomonas syringae pv. japonica;  organism part:leaf (EFO 0000993);  recurated from:SAMEA3120852;  sample name:ERR674193 SAMEA3120852;  sub species:vulgare;  ENA checklist:ERC000011;  INSDC center alias:Helmholtz Zentrum Muenchen  Department of Environmental Sciences  Institute of Biochemical Plant Pathology;  INSDC center name:Helmholtz Zentrum Muenchen  Department of Environmental Sciences  Institute of Biochemical Plant Pathology;  INSDC first public:2014-11-24T17:01:34Z;  INSDC last update:2014-11-13T14:39:20Z;  INSDC status:public;  SRA accession:ERS605002;  Sample Name:ERS605002;  age:4;  alias:E-MTAB-3063:SP rep1;  broker name:ArrayExpress;  cultivar:Barke;  growth condition:green house study;  infect:Pseudomonas syringae pathovar japonica;  organism:Hordeum vulgare;  organism part:leaf;  sampling site:systemic leaf not at the site of infection;  title:SP rep1;  sub species:vulgare
PRJEB7729	ERR674194	SAMEA3120854	NA	NA	NA	Barke	SAMEA3120854	NA	ENA first public:2016-05-20;  ENA last update:2016-05-20;  ENA-CHECKLIST:ERC000035;  External Id:SAMEA3997837;  INSDC center alias:ENA;  INSDC center name:ENA;  INSDC first public:2016-05-20T16:38:06Z;  INSDC last update:2016-05-20T15:56:23Z;  INSDC status:public;  Submitter Id:ERR674194 SAMEA3120854;  age:4 week;  cultivar:Barke;  experimental factor 1:infect;  experimental factor 2:sampling site;  growth condition:green house study;  infect:mock (EFO 0001461);  organism part:leaf (EFO 0000993);  recurated from:SAMEA3120854;  sample name:ERR674194 SAMEA3120854;  sub species:vulgare;  ENA checklist:ERC000011;  INSDC center alias:Helmholtz Zentrum Muenchen  Department of Environmental Sciences  Institute of Biochemical Plant Pathology;  INSDC center name:Helmholtz Zentrum Muenchen  Department of Environmental Sciences  Institute of Biochemical Plant Pathology;  INSDC first public:2014-11-24T17:01:34Z;  INSDC last update:2014-11-13T14:39:20Z;  INSDC status:public;  SRA accession:ERS605004;  Sample Name:ERS605004;  age:4;  alias:E-MTAB-3063:SM rep1;  broker name:ArrayExpress;  cultivar:Barke;  growth condition:green house study;  infect:mock;  organism:Hordeum vulgare;  organism part:leaf;  sampling site:systemic leaf not at the site of infection;  title:SM rep1;  sub species:vulgare
PRJEB7729	ERR674196	SAMEA3120846	NA	NA	NA	Barke	SAMEA3120846	NA	ENA first public:2016-05-20;  ENA last update:2016-05-20;  ENA-CHECKLIST:ERC000035;  External Id:SAMEA3997839;  INSDC center alias:ENA;  INSDC center name:ENA;  INSDC first public:2016-05-20T16:38:06Z;  INSDC last update:2016-05-20T15:56:23Z;  INSDC status:public;  Submitter Id:ERR674196 SAMEA3120846;  age:4 week;  cultivar:Barke;  experimental factor 1:infect;  experimental factor 2:sampling site;  growth condition:green house study;  infect:Xanthomonas translucens pv. cerealis;  organism part:leaf (EFO 0000993);  recurated from:SAMEA3120846;  sample name:ERR674196 SAMEA3120846;  sub species:vulgare;  ENA checklist:ERC000011;  INSDC center alias:Helmholtz Zentrum Muenchen  Department of Environmental Sciences  Institute of Biochemical Plant Pathology;  INSDC center name:Helmholtz Zentrum Muenchen  Department of Environmental Sciences  Institute of Biochemical Plant Pathology;  INSDC first public:2014-11-24T17:01:34Z;  INSDC last update:2014-11-13T14:39:20Z;  INSDC status:public;  SRA accession:ERS604996;  Sample Name:ERS604996;  age:4;  alias:E-MTAB-3063:SX rep3;  broker name:ArrayExpress;  cultivar:Barke;  growth condition:green house study;  infect:Xanthomonas translucens pathovar cerealis;  organism:Hordeum vulgare;  organism part:leaf;  sampling site:systemic leaf not at the site of infection;  title:SX rep3;  sub species:vulgare
PRJEB7729	ERR674198	SAMEA3120860	NA	NA	NA	Barke	SAMEA3120860	NA	ENA first public:2016-05-20;  ENA last update:2016-05-20;  ENA-CHECKLIST:ERC000035;  External Id:SAMEA3997841;  INSDC center alias:ENA;  INSDC center name:ENA;  INSDC first public:2016-05-20T16:38:06Z;  INSDC last update:2016-05-20T15:56:23Z;  INSDC status:public;  Submitter Id:ERR674198 SAMEA3120860;  age:4 week;  cultivar:Barke;  experimental factor 1:infect;  experimental factor 2:sampling site;  growth condition:green house study;  infect:mock (EFO 0001461);  organism part:leaf (EFO 0000993);  recurated from:SAMEA3120860;  sample name:ERR674198 SAMEA3120860;  sub species:vulgare;  ENA checklist:ERC000011;  INSDC center alias:Helmholtz Zentrum Muenchen  Department of Environmental Sciences  Institute of Biochemical Plant Pathology;  INSDC center name:Helmholtz Zentrum Muenchen  Department of Environmental Sciences  Institute of Biochemical Plant Pathology;  INSDC first public:2014-11-24T17:01:34Z;  INSDC last update:2014-11-13T14:39:20Z;  INSDC status:public;  SRA accession:ERS605010;  Sample Name:ERS605010;  age:4;  alias:E-MTAB-3063:SM rep3;  broker name:ArrayExpress;  cultivar:Barke;  growth condition:green house study;  infect:mock;  organism:Hordeum vulgare;  organism part:leaf;  sampling site:systemic leaf not at the site of infection;  title:SM rep3;  sub species:vulgare
PRJEB7729	ERR674199	SAMEA3120844	NA	NA	NA	Barke	SAMEA3120844	NA	ENA first public:2016-05-20;  ENA last update:2016-05-20;  ENA-CHECKLIST:ERC000035;  External Id:SAMEA3997842;  INSDC center alias:ENA;  INSDC center name:ENA;  INSDC first public:2016-05-20T16:38:06Z;  INSDC last update:2016-05-20T15:56:23Z;  INSDC status:public;  Submitter Id:ERR674199 SAMEA3120844;  age:4 week;  cultivar:Barke;  experimental factor 1:infect;  experimental factor 2:sampling site;  growth condition:green house study;  infect:Xanthomonas translucens pv. cerealis;  organism part:leaf (EFO 0000993);  recurated from:SAMEA3120844;  sample name:ERR674199 SAMEA3120844;  sub species:vulgare;  ENA checklist:ERC000011;  INSDC center alias:Helmholtz Zentrum Muenchen  Department of Environmental Sciences  Institute of Biochemical Plant Pathology;  INSDC center name:Helmholtz Zentrum Muenchen  Department of Environmental Sciences  Institute of Biochemical Plant Pathology;  INSDC first public:2014-11-24T17:01:34Z;  INSDC last update:2014-11-13T14:39:20Z;  INSDC status:public;  SRA accession:ERS604994;  Sample Name:ERS604994;  age:4;  alias:E-MTAB-3063:LX rep2;  broker name:ArrayExpress;  cultivar:Barke;  growth condition:green house study;  infect:Xanthomonas translucens pathovar cerealis;  organism:Hordeum vulgare;  organism part:leaf;  sampling site:local leaf at site of infection;  title:LX rep2;  sub species:vulgare
PRJEB8748	ERR781039	SAMEA3304876	NA	apex	NA	wild type genotype	SAMEA3304876	NA	ENA first public:2016-05-20;  ENA last update:2016-05-20;  ENA-CHECKLIST:ERC000035;  External Id:SAMEA3998037;  INSDC center alias:ENA;  INSDC center name:ENA;  INSDC first public:2016-05-20T16:38:06Z;  INSDC last update:2016-05-20T15:56:28Z;  INSDC status:public;  Submitter Id:ERR781039 SAMEA3304876;  dev stage:vegetative phase;  environmental stress:short day length regimen;  experimental factor 1:dev stage;  experimental factor 2:genotype;  experimental factor 3:environmental stress;  experimental factor 4:organism part;  genotype:wild type genotype;  organism part:shoot apex (EFO 0001947);  recurated from:SAMEA3304876;  sample name:ERR781039 SAMEA3304876;  Daytime of harvest (Zeitgeber (ZT): hours after lights on):ZT5;  Developmental stage (Waddington stage):W0.5;  ENA first public:2015-03-11;  ENA last update:2015-03-10;  ENA-CHECKLIST:ERC000011;  External Id:SAMEA3304876;  Harvest time (Days after separation into SD/LD):0;  INSDC center alias:HHU (Heinrich Heine University);  INSDC center name:HHU (Heinrich Heine University);  INSDC first public:2015-03-11T17:01:48Z;  INSDC last update:2015-03-10T19:20:55Z;  INSDC status:public;  Leaf number (emerged from main shoot):1;  Submitter Id:A Apex SD S42-IL017 W0.5 0DAS rep1;  average number of floret primoria on harvested main shoot apices:0;  biological replication:1.1;  common name:barley;  genotype:S42-IL107;  photoperiod:Short Day;  sample name:A Apex SD S42-IL017 W0.5 0DAS rep1;  tissue:Apex
PRJEB8748	ERR781043	SAMEA3304859	NA	apex	NA	ppd-H1 mutant	SAMEA3304859	NA	ENA first public:2016-05-20;  ENA last update:2016-05-20;  ENA-CHECKLIST:ERC000035;  External Id:SAMEA3998041;  INSDC center alias:ENA;  INSDC center name:ENA;  INSDC first public:2016-05-20T16:38:06Z;  INSDC last update:2016-05-20T15:56:28Z;  INSDC status:public;  Submitter Id:ERR781043 SAMEA3304859;  dev stage:end of vegetative phase;  environmental stress:long day length regimen;  experimental factor 1:dev stage;  experimental factor 2:genotype;  experimental factor 3:environmental stress;  experimental factor 4:organism part;  genotype:ppd-H1 mutant;  organism part:shoot apex (EFO 0001947);  recurated from:SAMEA3304859;  sample name:ERR781043 SAMEA3304859;  Daytime of harvest (Zeitgeber (ZT): hours after lights on):ZT13;  Developmental stage (Waddington stage):W1.0;  ENA first public:2015-03-11;  ENA last update:2015-03-10;  ENA-CHECKLIST:ERC000011;  External Id:SAMEA3304859;  Harvest time (Days after separation into SD/LD):3;  INSDC center alias:HHU (Heinrich Heine University);  INSDC center name:HHU (Heinrich Heine University);  INSDC first public:2015-03-11T17:01:48Z;  INSDC last update:2015-03-10T19:20:56Z;  INSDC status:public;  Leaf number (emerged from main shoot):2;  Submitter Id:E Apex LD Scarlett W1 3DAS rep2;  average number of floret primoria on harvested main shoot apices:0;  biological replication:2.2;  common name:barley;  genotype:Scarlett;  photoperiod:Long Day;  sample name:E Apex LD Scarlett W1 3DAS rep2;  tissue:Apex
PRJEB8748	ERR781044	SAMEA3304878	NA	apex	NA	ppd-H1 mutant	SAMEA3304878	NA	ENA first public:2016-05-20;  ENA last update:2016-05-20;  ENA-CHECKLIST:ERC000035;  External Id:SAMEA3998042;  INSDC center alias:ENA;  INSDC center name:ENA;  INSDC first public:2016-05-20T16:38:06Z;  INSDC last update:2016-05-20T15:56:28Z;  INSDC status:public;  Submitter Id:ERR781044 SAMEA3304878;  dev stage:end of vegetative phase;  environmental stress:long day length regimen;  experimental factor 1:dev stage;  experimental factor 2:genotype;  experimental factor 3:environmental stress;  experimental factor 4:organism part;  genotype:ppd-H1 mutant;  organism part:shoot apex (EFO 0001947);  recurated from:SAMEA3304878;  sample name:ERR781044 SAMEA3304878;  Daytime of harvest (Zeitgeber (ZT): hours after lights on):ZT13;  Developmental stage (Waddington stage):W1.0;  ENA first public:2015-03-11;  ENA last update:2015-03-10;  ENA-CHECKLIST:ERC000011;  External Id:SAMEA3304878;  Harvest time (Days after separation into SD/LD):3;  INSDC center alias:HHU (Heinrich Heine University);  INSDC center name:HHU (Heinrich Heine University);  INSDC first public:2015-03-11T17:01:48Z;  INSDC last update:2015-03-10T19:20:57Z;  INSDC status:public;  Leaf number (emerged from main shoot):2;  Submitter Id:F Apex LD Scarlett W1 3DAS rep3;  average number of floret primoria on harvested main shoot apices:0;  biological replication:2.3;  common name:barley;  genotype:Scarlett;  photoperiod:Long Day;  sample name:F Apex LD Scarlett W1 3DAS rep3;  tissue:Apex
PRJEB8748	ERR781045	SAMEA3304852	NA	apex	NA	wild type genotype	SAMEA3304852	NA	ENA first public:2016-05-20;  ENA last update:2016-05-20;  ENA-CHECKLIST:ERC000035;  External Id:SAMEA3998043;  INSDC center alias:ENA;  INSDC center name:ENA;  INSDC first public:2016-05-20T16:38:06Z;  INSDC last update:2016-05-20T15:56:28Z;  INSDC status:public;  Submitter Id:ERR781045 SAMEA3304852;  dev stage:end of vegetative phase;  environmental stress:long day length regimen;  experimental factor 1:dev stage;  experimental factor 2:genotype;  experimental factor 3:environmental stress;  experimental factor 4:organism part;  genotype:wild type genotype;  organism part:shoot apex (EFO 0001947);  recurated from:SAMEA3304852;  sample name:ERR781045 SAMEA3304852;  Daytime of harvest (Zeitgeber (ZT): hours after lights on):ZT13;  Developmental stage (Waddington stage):W1.0;  ENA first public:2015-03-11;  ENA last update:2015-03-10;  ENA-CHECKLIST:ERC000011;  External Id:SAMEA3304852;  Harvest time (Days after separation into SD/LD):3;  INSDC center alias:HHU (Heinrich Heine University);  INSDC center name:HHU (Heinrich Heine University);  INSDC first public:2015-03-11T17:01:48Z;  INSDC last update:2015-03-10T19:20:57Z;  INSDC status:public;  Leaf number (emerged from main shoot):2;  Submitter Id:G Apex LD S42-IL017 W1 3DAS rep1;  average number of floret primoria on harvested main shoot apices:0;  biological replication:3.1;  common name:barley;  genotype:S42-IL107;  photoperiod:Long Day;  sample name:G Apex LD S42-IL017 W1 3DAS rep1;  tissue:Apex
PRJEB8748	ERR781046	SAMEA3304875	NA	apex	NA	wild type genotype	SAMEA3304875	NA	ENA first public:2016-05-20;  ENA last update:2016-05-20;  ENA-CHECKLIST:ERC000035;  External Id:SAMEA3998044;  INSDC center alias:ENA;  INSDC center name:ENA;  INSDC first public:2016-05-20T16:38:06Z;  INSDC last update:2016-05-20T15:56:28Z;  INSDC status:public;  Submitter Id:ERR781046 SAMEA3304875;  dev stage:end of vegetative phase;  environmental stress:long day length regimen;  experimental factor 1:dev stage;  experimental factor 2:genotype;  experimental factor 3:environmental stress;  experimental factor 4:organism part;  genotype:wild type genotype;  organism part:shoot apex (EFO 0001947);  recurated from:SAMEA3304875;  sample name:ERR781046 SAMEA3304875;  Daytime of harvest (Zeitgeber (ZT): hours after lights on):ZT13;  Developmental stage (Waddington stage):W1.0;  ENA first public:2015-03-11;  ENA last update:2015-03-10;  ENA-CHECKLIST:ERC000011;  External Id:SAMEA3304875;  Harvest time (Days after separation into SD/LD):3;  INSDC center alias:HHU (Heinrich Heine University);  INSDC center name:HHU (Heinrich Heine University);  INSDC first public:2015-03-11T17:01:48Z;  INSDC last update:2015-03-10T19:20:57Z;  INSDC status:public;  Leaf number (emerged from main shoot):2;  Submitter Id:H Apex LD S42-IL017 W1 3DAS rep2;  average number of floret primoria on harvested main shoot apices:0;  biological replication:3.2;  common name:barley;  genotype:S42-IL107;  photoperiod:Long Day;  sample name:H Apex LD S42-IL017 W1 3DAS rep2;  tissue:Apex
PRJEB8748	ERR781047	SAMEA3304847	NA	apex	NA	wild type genotype	SAMEA3304847	NA	ENA first public:2016-05-20;  ENA last update:2016-05-20;  ENA-CHECKLIST:ERC000035;  External Id:SAMEA3998045;  INSDC center alias:ENA;  INSDC center name:ENA;  INSDC first public:2016-05-20T16:38:06Z;  INSDC last update:2016-05-20T15:56:28Z;  INSDC status:public;  Submitter Id:ERR781047 SAMEA3304847;  dev stage:end of vegetative phase;  environmental stress:long day length regimen;  experimental factor 1:dev stage;  experimental factor 2:genotype;  experimental factor 3:environmental stress;  experimental factor 4:organism part;  genotype:wild type genotype;  organism part:shoot apex (EFO 0001947);  recurated from:SAMEA3304847;  sample name:ERR781047 SAMEA3304847;  Daytime of harvest (Zeitgeber (ZT): hours after lights on):ZT13;  Developmental stage (Waddington stage):W1.0;  ENA first public:2015-03-11;  ENA last update:2015-03-10;  ENA-CHECKLIST:ERC000011;  External Id:SAMEA3304847;  Harvest time (Days after separation into SD/LD):3;  INSDC center alias:HHU (Heinrich Heine University);  INSDC center name:HHU (Heinrich Heine University);  INSDC first public:2015-03-11T17:01:48Z;  INSDC last update:2015-03-10T19:20:58Z;  INSDC status:public;  Leaf number (emerged from main shoot):2;  Submitter Id:I Apex LD S42-IL017 W1 3DAS rep3;  average number of floret primoria on harvested main shoot apices:0;  biological replication:3.3;  common name:barley;  genotype:S42-IL107;  photoperiod:Long Day;  sample name:I Apex LD S42-IL017 W1 3DAS rep3;  tissue:Apex
PRJEB8748	ERR781048	SAMEA3304886	NA	apex	NA	wild type genotype	SAMEA3304886	NA	ENA first public:2016-05-20;  ENA last update:2016-05-20;  ENA-CHECKLIST:ERC000035;  External Id:SAMEA3998046;  INSDC center alias:ENA;  INSDC center name:ENA;  INSDC first public:2016-05-20T16:38:06Z;  INSDC last update:2016-05-20T15:56:28Z;  INSDC status:public;  Submitter Id:ERR781048 SAMEA3304886;  dev stage:early reproductive phase;  environmental stress:long day length regimen;  experimental factor 1:dev stage;  experimental factor 2:genotype;  experimental factor 3:environmental stress;  experimental factor 4:organism part;  genotype:wild type genotype;  organism part:shoot apex (EFO 0001947);  recurated from:SAMEA3304886;  sample name:ERR781048 SAMEA3304886;  Daytime of harvest (Zeitgeber (ZT): hours after lights on):ZT13;  Developmental stage (Waddington stage):W2.0;  ENA first public:2015-03-11;  ENA last update:2015-03-10;  ENA-CHECKLIST:ERC000011;  External Id:SAMEA3304886;  Harvest time (Days after separation into SD/LD):6;  INSDC center alias:HHU (Heinrich Heine University);  INSDC center name:HHU (Heinrich Heine University);  INSDC first public:2015-03-11T17:01:48Z;  INSDC last update:2015-03-10T19:20:58Z;  INSDC status:public;  Leaf number (emerged from main shoot):2.5;  Submitter Id:J Apex LD S42-IL017 W2 6DAS rep1;  average number of floret primoria on harvested main shoot apices:4-6;  biological replication:4.1;  common name:barley;  genotype:S42-IL107;  photoperiod:Long Day;  sample name:J Apex LD S42-IL017 W2 6DAS rep1;  tissue:Apex
PRJEB8748	ERR781049	SAMEA3304850	NA	apex	NA	wild type genotype	SAMEA3304850	NA	ENA first public:2016-05-20;  ENA last update:2016-05-20;  ENA-CHECKLIST:ERC000035;  External Id:SAMEA3998047;  INSDC center alias:ENA;  INSDC center name:ENA;  INSDC first public:2016-05-20T16:38:06Z;  INSDC last update:2016-05-20T15:56:28Z;  INSDC status:public;  Submitter Id:ERR781049 SAMEA3304850;  dev stage:early reproductive phase;  environmental stress:long day length regimen;  experimental factor 1:dev stage;  experimental factor 2:genotype;  experimental factor 3:environmental stress;  experimental factor 4:organism part;  genotype:wild type genotype;  organism part:shoot apex (EFO 0001947);  recurated from:SAMEA3304850;  sample name:ERR781049 SAMEA3304850;  Daytime of harvest (Zeitgeber (ZT): hours after lights on):ZT13;  Developmental stage (Waddington stage):W2.0;  ENA first public:2015-03-11;  ENA last update:2015-03-10;  ENA-CHECKLIST:ERC000011;  External Id:SAMEA3304850;  Harvest time (Days after separation into SD/LD):6;  INSDC center alias:HHU (Heinrich Heine University);  INSDC center name:HHU (Heinrich Heine University);  INSDC first public:2015-03-11T17:01:48Z;  INSDC last update:2015-03-10T19:20:59Z;  INSDC status:public;  Leaf number (emerged from main shoot):2.5;  Submitter Id:K Apex LD S42-IL017 W2 6DAS rep2;  average number of floret primoria on harvested main shoot apices:4-6;  biological replication:4.2;  common name:barley;  genotype:S42-IL107;  photoperiod:Long Day;  sample name:K Apex LD S42-IL017 W2 6DAS rep2;  tissue:Apex
PRJEB8748	ERR781050	SAMEA3304853	NA	leaf	NA	wild type genotype	SAMEA3304853	NA	ENA first public:2016-05-20;  ENA last update:2016-05-20;  ENA-CHECKLIST:ERC000035;  External Id:SAMEA3998048;  INSDC center alias:ENA;  INSDC center name:ENA;  INSDC first public:2016-05-20T16:38:06Z;  INSDC last update:2016-05-20T15:56:28Z;  INSDC status:public;  Submitter Id:ERR781050 SAMEA3304853;  dev stage:early reproductive phase;  environmental stress:long day length regimen;  experimental factor 1:dev stage;  experimental factor 2:genotype;  experimental factor 3:environmental stress;  experimental factor 4:organism part;  genotype:wild type genotype;  organism part:leaf (EFO 0000993);  recurated from:SAMEA3304853;  sample name:ERR781050 SAMEA3304853;  Daytime of harvest (Zeitgeber (ZT): hours after lights on):ZT13;  Developmental stage (Waddington stage):W2.0;  ENA first public:2015-03-11;  ENA last update:2015-03-10;  ENA-CHECKLIST:ERC000011;  External Id:SAMEA3304853;  Harvest time (Days after separation into SD/LD):6;  Harvested leaf (leaf number on main shoot):2;  INSDC center alias:HHU (Heinrich Heine University);  INSDC center name:HHU (Heinrich Heine University);  INSDC first public:2015-03-11T17:01:48Z;  INSDC last update:2015-03-10T19:20:59Z;  INSDC status:public;  Leaf number (emerged from main shoot):2.5;  Submitter Id:M Leaf LD S42-IL017 W2 6DAS rep1;  biological replication:5.1;  common name:barley;  genotype:S42-IL107;  photoperiod:Long Day;  sample name:M Leaf LD S42-IL017 W2 6DAS rep1;  tissue:Leaf
PRJEB8748	ERR781051	SAMEA3304880	NA	leaf	NA	wild type genotype	SAMEA3304880	NA	ENA first public:2016-05-20;  ENA last update:2016-05-20;  ENA-CHECKLIST:ERC000035;  External Id:SAMEA3998049;  INSDC center alias:ENA;  INSDC center name:ENA;  INSDC first public:2016-05-20T16:38:06Z;  INSDC last update:2016-05-20T15:56:28Z;  INSDC status:public;  Submitter Id:ERR781051 SAMEA3304880;  dev stage:early reproductive phase;  environmental stress:long day length regimen;  experimental factor 1:dev stage;  experimental factor 2:genotype;  experimental factor 3:environmental stress;  experimental factor 4:organism part;  genotype:wild type genotype;  organism part:leaf (EFO 0000993);  recurated from:SAMEA3304880;  sample name:ERR781051 SAMEA3304880;  Daytime of harvest (Zeitgeber (ZT): hours after lights on):ZT13;  Developmental stage (Waddington stage):W2.0;  ENA first public:2015-03-11;  ENA last update:2015-03-10;  ENA-CHECKLIST:ERC000011;  External Id:SAMEA3304880;  Harvest time (Days after separation into SD/LD):6;  Harvested leaf (leaf number on main shoot):2;  INSDC center alias:HHU (Heinrich Heine University);  INSDC center name:HHU (Heinrich Heine University);  INSDC first public:2015-03-11T17:01:48Z;  INSDC last update:2015-03-10T19:20:59Z;  INSDC status:public;  Leaf number (emerged from main shoot):2.5;  Submitter Id:N Leaf LD S42-IL017 W2 6DAS rep2;  biological replication:5.2;  common name:barley;  genotype:S42-IL107;  photoperiod:Long Day;  sample name:N Leaf LD S42-IL017 W2 6DAS rep2;  tissue:Leaf
PRJEB8748	ERR781052	SAMEA3304861	NA	leaf	NA	wild type genotype	SAMEA3304861	NA	ENA first public:2016-05-20;  ENA last update:2016-05-20;  ENA-CHECKLIST:ERC000035;  External Id:SAMEA3998050;  INSDC center alias:ENA;  INSDC center name:ENA;  INSDC first public:2016-05-20T16:38:06Z;  INSDC last update:2016-05-20T15:56:28Z;  INSDC status:public;  Submitter Id:ERR781052 SAMEA3304861;  dev stage:early reproductive phase;  environmental stress:long day length regimen;  experimental factor 1:dev stage;  experimental factor 2:genotype;  experimental factor 3:environmental stress;  experimental factor 4:organism part;  genotype:wild type genotype;  organism part:leaf (EFO 0000993);  recurated from:SAMEA3304861;  sample name:ERR781052 SAMEA3304861;  Daytime of harvest (Zeitgeber (ZT): hours after lights on):ZT13;  Developmental stage (Waddington stage):W2.0;  ENA first public:2015-03-11;  ENA last update:2015-03-10;  ENA-CHECKLIST:ERC000011;  External Id:SAMEA3304861;  Harvest time (Days after separation into SD/LD):6;  Harvested leaf (leaf number on main shoot):2;  INSDC center alias:HHU (Heinrich Heine University);  INSDC center name:HHU (Heinrich Heine University);  INSDC first public:2015-03-11T17:01:48Z;  INSDC last update:2015-03-10T19:21:00Z;  INSDC status:public;  Leaf number (emerged from main shoot):2.5;  Submitter Id:O Leaf LD S42-IL017 W2 6DAS rep3;  biological replication:5.3;  common name:barley;  genotype:S42-IL107;  photoperiod:Long Day;  sample name:O Leaf LD S42-IL017 W2 6DAS rep3;  tissue:Leaf
PRJEB8748	ERR781053	SAMEA3304882	NA	apex	NA	ppd-H1 mutant	SAMEA3304882	NA	ENA first public:2016-05-20;  ENA last update:2016-05-20;  ENA-CHECKLIST:ERC000035;  External Id:SAMEA3998051;  INSDC center alias:ENA;  INSDC center name:ENA;  INSDC first public:2016-05-20T16:38:06Z;  INSDC last update:2016-05-20T15:56:28Z;  INSDC status:public;  Submitter Id:ERR781053 SAMEA3304882;  dev stage:early reproductive phase;  environmental stress:long day length regimen;  experimental factor 1:dev stage;  experimental factor 2:genotype;  experimental factor 3:environmental stress;  experimental factor 4:organism part;  genotype:ppd-H1 mutant;  organism part:shoot apex (EFO 0001947);  recurated from:SAMEA3304882;  sample name:ERR781053 SAMEA3304882;  Daytime of harvest (Zeitgeber (ZT): hours after lights on):ZT13;  Developmental stage (Waddington stage):W2.0;  ENA first public:2015-03-11;  ENA last update:2015-03-10;  ENA-CHECKLIST:ERC000011;  External Id:SAMEA3304882;  Harvest time (Days after separation into SD/LD):9;  INSDC center alias:HHU (Heinrich Heine University);  INSDC center name:HHU (Heinrich Heine University);  INSDC first public:2015-03-11T17:01:48Z;  INSDC last update:2015-03-10T19:21:00Z;  INSDC status:public;  Leaf number (emerged from main shoot):3.5;  Submitter Id:P Apex LD Scarlett W2 9DAS rep1;  average number of floret primoria on harvested main shoot apices:7-10;  biological replication:6.1;  common name:barley;  genotype:Scarlett;  photoperiod:Long Day;  sample name:P Apex LD Scarlett W2 9DAS rep1;  tissue:Apex
PRJEB8748	ERR781054	SAMEA3304864	NA	apex	NA	ppd-H1 mutant	SAMEA3304864	NA	ENA first public:2016-05-20;  ENA last update:2016-05-20;  ENA-CHECKLIST:ERC000035;  External Id:SAMEA3998052;  INSDC center alias:ENA;  INSDC center name:ENA;  INSDC first public:2016-05-20T16:38:06Z;  INSDC last update:2016-05-20T15:56:28Z;  INSDC status:public;  Submitter Id:ERR781054 SAMEA3304864;  dev stage:early reproductive phase;  environmental stress:long day length regimen;  experimental factor 1:dev stage;  experimental factor 2:genotype;  experimental factor 3:environmental stress;  experimental factor 4:organism part;  genotype:ppd-H1 mutant;  organism part:shoot apex (EFO 0001947);  recurated from:SAMEA3304864;  sample name:ERR781054 SAMEA3304864;  Daytime of harvest (Zeitgeber (ZT): hours after lights on):ZT13;  Developmental stage (Waddington stage):W2.0;  ENA first public:2015-03-11;  ENA last update:2015-03-10;  ENA-CHECKLIST:ERC000011;  External Id:SAMEA3304864;  Harvest time (Days after separation into SD/LD):9;  INSDC center alias:HHU (Heinrich Heine University);  INSDC center name:HHU (Heinrich Heine University);  INSDC first public:2015-03-11T17:01:48Z;  INSDC last update:2015-03-10T19:21:00Z;  INSDC status:public;  Leaf number (emerged from main shoot):3.5;  Submitter Id:Q Apex LD Scarlett W2 9DAS rep2;  average number of floret primoria on harvested main shoot apices:7-10;  biological replication:6.2;  common name:barley;  genotype:Scarlett;  photoperiod:Long Day;  sample name:Q Apex LD Scarlett W2 9DAS rep2;  tissue:Apex
PRJEB8748	ERR781055	SAMEA3304843	NA	apex	NA	ppd-H1 mutant	SAMEA3304843	NA	ENA first public:2016-05-20;  ENA last update:2016-05-20;  ENA-CHECKLIST:ERC000035;  External Id:SAMEA3998053;  INSDC center alias:ENA;  INSDC center name:ENA;  INSDC first public:2016-05-20T16:38:06Z;  INSDC last update:2016-05-20T15:56:28Z;  INSDC status:public;  Submitter Id:ERR781055 SAMEA3304843;  dev stage:early reproductive phase;  environmental stress:long day length regimen;  experimental factor 1:dev stage;  experimental factor 2:genotype;  experimental factor 3:environmental stress;  experimental factor 4:organism part;  genotype:ppd-H1 mutant;  organism part:shoot apex (EFO 0001947);  recurated from:SAMEA3304843;  sample name:ERR781055 SAMEA3304843;  Daytime of harvest (Zeitgeber (ZT): hours after lights on):ZT13;  Developmental stage (Waddington stage):W2.0;  ENA first public:2015-03-11;  ENA last update:2015-03-10;  ENA-CHECKLIST:ERC000011;  External Id:SAMEA3304843;  Harvest time (Days after separation into SD/LD):9;  INSDC center alias:HHU (Heinrich Heine University);  INSDC center name:HHU (Heinrich Heine University);  INSDC first public:2015-03-11T17:01:48Z;  INSDC last update:2015-03-10T19:21:01Z;  INSDC status:public;  Leaf number (emerged from main shoot):3.5;  Submitter Id:R Apex LD Scarlett W2 9DAS rep3;  average number of floret primoria on harvested main shoot apices:7-10;  biological replication:6.3;  common name:barley;  genotype:Scarlett;  photoperiod:Long Day;  sample name:R Apex LD Scarlett W2 9DAS rep3;  tissue:Apex
PRJEB8748	ERR781056	SAMEA3304870	NA	apex	NA	wild type genotype	SAMEA3304870	NA	ENA first public:2016-05-20;  ENA last update:2016-05-20;  ENA-CHECKLIST:ERC000035;  External Id:SAMEA3998054;  INSDC center alias:ENA;  INSDC center name:ENA;  INSDC first public:2016-05-20T16:38:06Z;  INSDC last update:2016-05-20T15:56:28Z;  INSDC status:public;  Submitter Id:ERR781056 SAMEA3304870;  dev stage:early reproductive phase;  environmental stress:short day length regimen;  experimental factor 1:dev stage;  experimental factor 2:genotype;  experimental factor 3:environmental stress;  experimental factor 4:organism part;  genotype:wild type genotype;  organism part:shoot apex (EFO 0001947);  recurated from:SAMEA3304870;  sample name:ERR781056 SAMEA3304870;  Daytime of harvest (Zeitgeber (ZT): hours after lights on):ZT5;  Developmental stage (Waddington stage):W2.0;  ENA first public:2015-03-11;  ENA last update:2015-03-10;  ENA-CHECKLIST:ERC000011;  External Id:SAMEA3304870;  Harvest time (Days after separation into SD/LD):16;  INSDC center alias:HHU (Heinrich Heine University);  INSDC center name:HHU (Heinrich Heine University);  INSDC first public:2015-03-11T17:01:48Z;  INSDC last update:2015-03-10T19:21:01Z;  INSDC status:public;  Leaf number (emerged from main shoot):4;  Submitter Id:S Apex SD S42-IL017 W2 16DAS rep1;  average number of floret primoria on harvested main shoot apices:6-8;  biological replication:7.1;  common name:barley;  genotype:S42-IL017;  photoperiod:Short Day;  sample name:S Apex SD S42-IL017 W2 16DAS rep1;  tissue:Apex
PRJEB8748	ERR781057	SAMEA3304862	NA	apex	NA	wild type genotype	SAMEA3304862	NA	ENA first public:2016-05-20;  ENA last update:2016-05-20;  ENA-CHECKLIST:ERC000035;  External Id:SAMEA3998055;  INSDC center alias:ENA;  INSDC center name:ENA;  INSDC first public:2016-05-20T16:38:06Z;  INSDC last update:2016-05-20T15:56:28Z;  INSDC status:public;  Submitter Id:ERR781057 SAMEA3304862;  dev stage:early reproductive phase;  environmental stress:short day length regimen;  experimental factor 1:dev stage;  experimental factor 2:genotype;  experimental factor 3:environmental stress;  experimental factor 4:organism part;  genotype:wild type genotype;  organism part:shoot apex (EFO 0001947);  recurated from:SAMEA3304862;  sample name:ERR781057 SAMEA3304862;  Daytime of harvest (Zeitgeber (ZT): hours after lights on):ZT5;  Developmental stage (Waddington stage):W2.0;  ENA first public:2015-03-11;  ENA last update:2015-03-10;  ENA-CHECKLIST:ERC000011;  External Id:SAMEA3304862;  Harvest time (Days after separation into SD/LD):16;  INSDC center alias:HHU (Heinrich Heine University);  INSDC center name:HHU (Heinrich Heine University);  INSDC first public:2015-03-11T17:01:48Z;  INSDC last update:2015-03-10T19:21:01Z;  INSDC status:public;  Leaf number (emerged from main shoot):4;  Submitter Id:T Apex SD S42-IL017 W2 16DAS rep2;  average number of floret primoria on harvested main shoot apices:6-8;  biological replication:7.2;  common name:barley;  genotype:S42-IL017;  photoperiod:Short Day;  sample name:T Apex SD S42-IL017 W2 16DAS rep2;  tissue:Apex
PRJEB8748	ERR781058	SAMEA3304851	NA	apex	NA	wild type genotype	SAMEA3304851	NA	ENA first public:2016-05-20;  ENA last update:2016-05-20;  ENA-CHECKLIST:ERC000035;  External Id:SAMEA3998056;  INSDC center alias:ENA;  INSDC center name:ENA;  INSDC first public:2016-05-20T16:38:06Z;  INSDC last update:2016-05-20T15:56:28Z;  INSDC status:public;  Submitter Id:ERR781058 SAMEA3304851;  dev stage:early reproductive phase;  environmental stress:short day length regimen;  experimental factor 1:dev stage;  experimental factor 2:genotype;  experimental factor 3:environmental stress;  experimental factor 4:organism part;  genotype:wild type genotype;  organism part:shoot apex (EFO 0001947);  recurated from:SAMEA3304851;  sample name:ERR781058 SAMEA3304851;  Daytime of harvest (Zeitgeber (ZT): hours after lights on):ZT5;  Developmental stage (Waddington stage):W2.0;  ENA first public:2015-03-11;  ENA last update:2015-03-10;  ENA-CHECKLIST:ERC000011;  External Id:SAMEA3304851;  Harvest time (Days after separation into SD/LD):16;  INSDC center alias:HHU (Heinrich Heine University);  INSDC center name:HHU (Heinrich Heine University);  INSDC first public:2015-03-11T17:01:48Z;  INSDC last update:2015-03-10T19:21:02Z;  INSDC status:public;  Leaf number (emerged from main shoot):4;  Submitter Id:U Apex SD S42-IL017 W2 16DAS rep3;  average number of floret primoria on harvested main shoot apices:6-8;  biological replication:7.3;  common name:barley;  genotype:S42-IL107;  photoperiod:Short Day;  sample name:U Apex SD S42-IL017 W2 16DAS rep3;  tissue:Apex
PRJEB8748	ERR781059	SAMEA3304881	NA	apex	NA	wild type genotype	SAMEA3304881	NA	ENA first public:2016-05-20;  ENA last update:2016-05-20;  ENA-CHECKLIST:ERC000035;  External Id:SAMEA3998057;  INSDC center alias:ENA;  INSDC center name:ENA;  INSDC first public:2016-05-20T16:38:06Z;  INSDC last update:2016-05-20T15:56:28Z;  INSDC status:public;  Submitter Id:ERR781059 SAMEA3304881;  dev stage:end of vegetative phase;  environmental stress:short day length regimen;  experimental factor 1:dev stage;  experimental factor 2:genotype;  experimental factor 3:environmental stress;  experimental factor 4:organism part;  genotype:wild type genotype;  organism part:shoot apex (EFO 0001947);  recurated from:SAMEA3304881;  sample name:ERR781059 SAMEA3304881;  Daytime of harvest (Zeitgeber (ZT): hours after lights on):ZT5;  Developmental stage (Waddington stage):W1.0;  ENA first public:2015-03-11;  ENA last update:2015-03-10;  ENA-CHECKLIST:ERC000011;  External Id:SAMEA3304881;  Harvest time (Days after separation into SD/LD):7;  INSDC center alias:HHU (Heinrich Heine University);  INSDC center name:HHU (Heinrich Heine University);  INSDC first public:2015-03-11T17:01:48Z;  INSDC last update:2015-03-10T19:21:02Z;  INSDC status:public;  Leaf number (emerged from main shoot):2;  Submitter Id:V Apex SD S42-IL017 W1 7DAS rep1;  average number of floret primoria on harvested main shoot apices:0;  biological replication:8.1;  common name:barley;  genotype:S42-IL107;  photoperiod:Short Day;  sample name:V Apex SD S42-IL017 W1 7DAS rep1;  tissue:Apex
PRJEB8748	ERR781060	SAMEA3304871	NA	apex	NA	wild type genotype	SAMEA3304871	NA	ENA first public:2016-05-20;  ENA last update:2016-05-20;  ENA-CHECKLIST:ERC000035;  External Id:SAMEA3998058;  INSDC center alias:ENA;  INSDC center name:ENA;  INSDC first public:2016-05-20T16:38:06Z;  INSDC last update:2016-05-20T15:56:28Z;  INSDC status:public;  Submitter Id:ERR781060 SAMEA3304871;  dev stage:end of vegetative phase;  environmental stress:short day length regimen;  experimental factor 1:dev stage;  experimental factor 2:genotype;  experimental factor 3:environmental stress;  experimental factor 4:organism part;  genotype:wild type genotype;  organism part:shoot apex (EFO 0001947);  recurated from:SAMEA3304871;  sample name:ERR781060 SAMEA3304871;  Daytime of harvest (Zeitgeber (ZT): hours after lights on):ZT5;  Developmental stage (Waddington stage):W1.0;  ENA first public:2015-03-11;  ENA last update:2015-03-10;  ENA-CHECKLIST:ERC000011;  External Id:SAMEA3304871;  Harvest time (Days after separation into SD/LD):7;  INSDC center alias:HHU (Heinrich Heine University);  INSDC center name:HHU (Heinrich Heine University);  INSDC first public:2015-03-11T17:01:48Z;  INSDC last update:2015-03-10T19:21:02Z;  INSDC status:public;  Leaf number (emerged from main shoot):2;  Submitter Id:W Apex SD S42-IL017 W1 7DAS rep2;  average number of floret primoria on harvested main shoot apices:0;  biological replication:8.2;  common name:barley;  genotype:S42-IL107;  photoperiod:Short Day;  sample name:W Apex SD S42-IL017 W1 7DAS rep2;  tissue:Apex
PRJEB8748	ERR781061	SAMEA3304879	NA	apex	NA	wild type genotype	SAMEA3304879	NA	ENA first public:2016-05-20;  ENA last update:2016-05-20;  ENA-CHECKLIST:ERC000035;  External Id:SAMEA3998059;  INSDC center alias:ENA;  INSDC center name:ENA;  INSDC first public:2016-05-20T16:38:06Z;  INSDC last update:2016-05-20T15:56:28Z;  INSDC status:public;  Submitter Id:ERR781061 SAMEA3304879;  dev stage:end of vegetative phase;  environmental stress:short day length regimen;  experimental factor 1:dev stage;  experimental factor 2:genotype;  experimental factor 3:environmental stress;  experimental factor 4:organism part;  genotype:wild type genotype;  organism part:shoot apex (EFO 0001947);  recurated from:SAMEA3304879;  sample name:ERR781061 SAMEA3304879;  Daytime of harvest (Zeitgeber (ZT): hours after lights on):ZT5;  Developmental stage (Waddington stage):W1.0;  ENA first public:2015-03-11;  ENA last update:2015-03-10;  ENA-CHECKLIST:ERC000011;  External Id:SAMEA3304879;  Harvest time (Days after separation into SD/LD):7;  INSDC center alias:HHU (Heinrich Heine University);  INSDC center name:HHU (Heinrich Heine University);  INSDC first public:2015-03-11T17:01:48Z;  INSDC last update:2015-03-10T19:21:02Z;  INSDC status:public;  Leaf number (emerged from main shoot):2;  Submitter Id:X Apex SD S42-IL017 W1 7DAS rep3;  average number of floret primoria on harvested main shoot apices:0;  biological replication:8.3;  common name:barley;  genotype:S42-IL107;  photoperiod:Short Day;  sample name:X Apex SD S42-IL017 W1 7DAS rep3;  tissue:Apex
PRJEB8748	ERR781067	SAMEA3304860	NA	leaf	NA	wild type genotype	SAMEA3304860	NA	ENA first public:2016-05-20;  ENA last update:2016-05-20;  ENA-CHECKLIST:ERC000035;  External Id:SAMEA3998065;  INSDC center alias:ENA;  INSDC center name:ENA;  INSDC first public:2016-05-20T16:38:06Z;  INSDC last update:2016-05-20T15:56:28Z;  INSDC status:public;  Submitter Id:ERR781067 SAMEA3304860;  dev stage:vegetative phase;  environmental stress:long day length regimen;  experimental factor 1:dev stage;  experimental factor 2:genotype;  experimental factor 3:environmental stress;  experimental factor 4:organism part;  genotype:wild type genotype;  organism part:leaf (EFO 0000993);  recurated from:SAMEA3304860;  sample name:ERR781067 SAMEA3304860;  Daytime of harvest (Zeitgeber (ZT): hours after lights on):ZT13;  Developmental stage (Waddington stage):W1.0;  ENA first public:2015-03-11;  ENA last update:2015-03-10;  ENA-CHECKLIST:ERC000011;  External Id:SAMEA3304860;  Harvest time (Days after separation into SD/LD):3;  Harvested leaf (leaf number on main shoot):2;  INSDC center alias:HHU (Heinrich Heine University);  INSDC center name:HHU (Heinrich Heine University);  INSDC first public:2015-03-11T17:01:48Z;  INSDC last update:2015-03-10T19:21:03Z;  INSDC status:public;  Leaf number (emerged from main shoot):2;  Submitter Id:F1 Leaf LD S42-IL107 W1 3DAS rep3;  biological replication:10.3;  common name:barley;  genotype:S42-IL107;  photoperiod:Long Day;  sample name:F1 Leaf LD S42-IL107 W1 3DAS rep3;  tissue:Leaf
PRJEB8748	ERR781083	SAMEA3304874	NA	apex	NA	wild type genotype	SAMEA3304874	NA	ENA first public:2016-05-20;  ENA last update:2016-05-20;  ENA-CHECKLIST:ERC000035;  External Id:SAMEA3998081;  INSDC center alias:ENA;  INSDC center name:ENA;  INSDC first public:2016-05-20T16:38:06Z;  INSDC last update:2016-05-20T15:56:29Z;  INSDC status:public;  Submitter Id:ERR781083 SAMEA3304874;  dev stage:stamen primordium visible stage;  environmental stress:short day length regimen;  experimental factor 1:dev stage;  experimental factor 2:genotype;  experimental factor 3:environmental stress;  experimental factor 4:organism part;  genotype:wild type genotype;  organism part:shoot apex (EFO 0001947);  recurated from:SAMEA3304874;  sample name:ERR781083 SAMEA3304874;  Daytime of harvest (Zeitgeber (ZT): hours after lights on):ZT5;  Developmental stage (Waddington stage):W3.5;  ENA first public:2015-03-11;  ENA last update:2015-03-10;  ENA-CHECKLIST:ERC000011;  External Id:SAMEA3304874;  Harvest time (Days after separation into SD/LD):50;  INSDC center alias:HHU (Heinrich Heine University);  INSDC center name:HHU (Heinrich Heine University);  INSDC first public:2015-03-11T17:01:48Z;  INSDC last update:2015-03-10T19:21:07Z;  INSDC status:public;  Leaf number (emerged from main shoot):9;  Submitter Id:AC1 Apex SD S42-IL107 W3.5 50DAS rep1;  average number of floret primoria on harvested main shoot apices:32-39;  biological replication:16.1;  common name:barley;  genotype:S42-IL107;  photoperiod:Short Day;  sample name:AC1 Apex SD S42-IL107 W3.5 50DAS rep1;  tissue:Apex
PRJNA715112	SRR14001699	SAMN18332133	control	root	NA	Golden Promise	Mock	NA	cultivar:Golden Promise;  age:not applicable;  geo loc name:Germany;  tissue:Root;  sample type:no interaction;  treatment:no treatment
PRJNA791573	SRR17320105	SAMN24298502	NA	leaf	5-6 leaves	Nure	H.vulgare_BABA_treated	NA	isolate:wild-type;  cultivar:Nure;  ecotype:Hungary;  age:11-16 day;  dev stage:5-6 leaves;  geo loc name:Hungary: Pcs;  tissue:leaves;  sub species:vulgare
PRJNA791573	SRR17320106	SAMN24298499	NA	leaf	5-6 leaves	Nure	H.vulgare_BABA_control	NA	isolate:wild-type;  cultivar:Nure;  ecotype:Hungary;  age:11-16 day;  dev stage:5-6 leaves;  geo loc name:Hungary: Pcs;  tissue:leaves;  sub species:vulgare
PRJNA275710	SRR1810059	SAMN03352296	NA	NA	NA	NA	GSM1613092	NA	source name:Germinating seeds;  varieties:Bass;  sub species:vulgare
PRJNA275710	SRR1810060	SAMN03352297	NA	NA	NA	NA	GSM1613093	NA	source name:Germinating seeds;  varieties:Bass;  sub species:vulgare
PRJNA275710	SRR1810061	SAMN03352294	NA	NA	NA	NA	GSM1613095	NA	source name:Germinating seeds;  varieties:Harrington;  sub species:vulgare
PRJNA275710	SRR1810062	SAMN03352299	NA	NA	NA	NA	GSM1613096	NA	source name:Germinating seeds;  varieties:Harrington;  sub species:vulgare
PRJNA275710	SRR1810063	SAMN03352295	NA	NA	NA	NA	GSM1613098	NA	source name:Germinating seeds;  varieties:Stirling;  sub species:vulgare
PRJNA275710	SRR1810064	SAMN03352293	NA	NA	NA	NA	GSM1613100	NA	source name:Germinating seeds;  varieties:Stirling;  sub species:vulgare
PRJNA275710	SRR1810065	SAMN03352298	NA	NA	NA	NA	GSM1613101	NA	source name:Germinating seeds;  varieties:Baudin;  sub species:vulgare
PRJNA275710	SRR1810066	SAMN03352300	NA	NA	NA	NA	GSM1613103	NA	source name:Germinating seeds;  varieties:Baudin;  sub species:vulgare
PRJNA849931	SRR19681067	SAMN29146399	NA	callus	NA	GP	GSM6249161	NA	source name:Callus;  tissue:Callus;  genotype:GP
PRJNA849931	SRR19681068	SAMN29146400	NA	callus	NA	GP	GSM6249160	NA	source name:Callus;  tissue:Callus;  genotype:GP
PRJNA849931	SRR19681069	SAMN29146401	NA	callus	NA	D91	GSM6249159	NA	source name:Callus;  tissue:Callus;  genotype:D91
PRJNA849931	SRR19681070	SAMN29146402	NA	callus	NA	D91	GSM6249158	NA	source name:Callus;  tissue:Callus;  genotype:D91
PRJNA291788	SRR2142104	SAMN03952823	NA	leaf	three leaf stage	Tremois	Tremois	NA	cultivar:Tremois;  dev stage:three leaf stage;  geo loc name:France;  tissue:leaf
PRJNA291788	SRR2142111	SAMN03952824	NA	leaf	three leaf stage	Nure	Nure	NA	cultivar:Nure;  dev stage:three leaf stage;  geo loc name:Italy;  tissue:leaf;  sub species:vulgare
PRJNA292371	SRR2153285	SAMN03975698	NA	leaf	first leaf fully expanded;  second leaf emerging	Russell	MM_HV_06746	NA	cultivar:Russell;  age:2 weeks;  dev stage:First leaf fully expanded;  second leaf emerging;  geo loc name:not applicable;  tissue:Leaf;  USDA-GRIN:PI 483127;  sub species:vulgare
PRJNA292371	SRR2153288	SAMN03975665	NA	leaf	first leaf fully expanded;  second leaf emerging	Abed Binder 12	MM_HV_06744	NA	cultivar:Abed Binder 12;  age:2 weeks;  dev stage:First leaf fully expanded;  second leaf emerging;  geo loc name:not applicable;  tissue:Leaf;  USDA-GRIN:PI 327961;  sub species:vulgare
PRJNA294716	SRR3137066	SAMN04450527	water	spike	2-3 days after their complete emergence from the boot	Lacey and IL	S_3_5	NA	cultivar:Lacey and IL;  dev stage:2-3 days after their complete emergence from the boot;  geo loc name:USA: Minnesota;  tissue:spike;  growth protocol:grown in a growth chamber (16h light/8h dark  20oC day/ 18oC night);  sample type:Rep 3;  treatment:water
PRJNA294716	SRR3137072	SAMN04450530	water	spike	2-3 days after their complete emergence from the boot	Lacey and IL	S_3_22	NA	cultivar:Lacey and IL;  dev stage:2-3 days after their complete emergence from the boot;  geo loc name:USA: Minnesota;  tissue:spike;  growth protocol:grown in a growth chamber (16h light/8h dark  20oC day/ 18oC night);  sample type:Rep 3;  treatment:water
PRJNA294716	SRR3137097	SAMN04450539	water	spike	2-3 days after their complete emergence from the boot	Lacey and IL	S_3_13	NA	cultivar:Lacey and IL;  dev stage:2-3 days after their complete emergence from the boot;  geo loc name:USA: Minnesota;  tissue:spike;  growth protocol:grown in a growth chamber (16h light/8h dark  20oC day/ 18oC night);  sample type:Rep 3;  treatment:water
PRJNA294716	SRR3137103	SAMN04450541	water	spike	2-3 days after their complete emergence from the boot	Lacey and IL	S_2_28	NA	cultivar:Lacey and IL;  dev stage:2-3 days after their complete emergence from the boot;  geo loc name:USA: Minnesota;  tissue:spike;  growth protocol:grown in a growth chamber (16h light/8h dark  20oC day/ 18oC night);  sample type:Rep 2;  treatment:water
PRJNA294716	SRR3137105	SAMN04450543	Fusarium graminearum	spike	2-3 days after their complete emergence from the boot	M69 and IL	S_1_27	NA	cultivar:M69 and IL;  dev stage:2-3 days after their complete emergence from the boot;  geo loc name:USA: Minnesota;  tissue:spike;  growth protocol:grown in a growth chamber (16h light/8h dark  20oC day/ 18oC night);  sample type:Rep 1;  treatment:Fusarium graminearum
PRJNA294716	SRR3137120	SAMN04450552	water	spike	2-3 days after their complete emergence from the boot	M69 and IL	S_1_5	NA	cultivar:M69 and IL;  dev stage:2-3 days after their complete emergence from the boot;  geo loc name:USA: Minnesota;  tissue:spike;  growth protocol:grown in a growth chamber (16h light/8h dark  20oC day/ 18oC night);  sample type:Rep 1;  treatment:water
PRJNA294716	SRR3137130	SAMN04450557	Fusarium graminearum	spike	2-3 days after their complete emergence from the boot	M69 and IL	S_3_25	NA	cultivar:M69 and IL;  dev stage:2-3 days after their complete emergence from the boot;  geo loc name:USA: Minnesota;  tissue:spike;  growth protocol:grown in a growth chamber (16h light/8h dark  20oC day/ 18oC night);  sample type:Rep 3;  treatment:Fusarium graminearum
PRJNA294716	SRR3137139	SAMN04450562	water	spike	2-3 days after their complete emergence from the boot	M69 and IL	S_2_3	NA	cultivar:M69 and IL;  dev stage:2-3 days after their complete emergence from the boot;  geo loc name:USA: Minnesota;  tissue:spike;  growth protocol:grown in a growth chamber (16h light/8h dark  20oC day/ 18oC night);  sample type:Rep 2;  treatment:water
PRJNA324116	SRR3618871	SAMN05195267	NA	NA	NA	Rolap	GSM2184146	22	source name:root tissue;  temperature:22°C;  age:2-week-old barley;  genotype:cultivar Rolap
PRJNA324116	SRR3618872	SAMN05195268	NA	NA	NA	Rolap	GSM2184147	22	source name:root tissue;  temperature:22°C;  age:2-week-old barley;  genotype:cultivar Rolap
PRJNA324116	SRR3618873	SAMN05195269	NA	NA	NA	Rolap	GSM2184148	35.5	source name:root tissue;  temperature:35.5°C;  age:2-week-old barley;  genotype:cultivar Rolap
PRJNA324116	SRR3618874	SAMN05195270	NA	NA	NA	Rolap	GSM2184149	35.5	source name:root tissue;  temperature:35.5°C;  age:2-week-old barley;  genotype:cultivar Rolap
PRJNA326683	SRR3714108	SAMN05290739	NA	NA	NA	NA	GSM2212462	NA	source name:Leaf tissue;  Stage:V5-30 days old;  leaf number:leaf number 5;  mite strain:none
PRJNA326683	SRR3714109	SAMN05290740	NA	NA	NA	NA	GSM2212463	NA	source name:Leaf tissue;  Stage:V5-30 days old;  leaf number:leaf number 5;  mite strain:none
PRJNA326683	SRR3714110	SAMN05290741	NA	NA	NA	NA	GSM2212464	NA	source name:Leaf tissue;  Stage:V5-30 days old;  leaf number:leaf number 5;  mite strain:none
PRJNA326683	SRR3714111	SAMN05290742	NA	NA	NA	NA	GSM2212465	NA	source name:Leaf tissue;  Stage:V5-30 days old;  leaf number:leaf number 5;  mite strain:none
PRJNA326683	SRR3714112	SAMN05290743	NA	NA	NA	NA	GSM2212466	NA	source name:Leaf tissue;  Stage:V5-30 days old;  leaf number:leaf number 5;  mite strain:none
PRJNA326683	SRR3714113	SAMN05290744	NA	NA	NA	NA	GSM2212467	NA	source name:Leaf tissue;  Stage:V5-30 days old;  leaf number:leaf number 5;  mite strain:none
PRJNA326683	SRR3714114	SAMN05290745	NA	NA	NA	NA	GSM2212468	NA	source name:Leaf tissue;  Stage:V5-30 days old;  leaf number:leaf number 5;  mite strain:none
PRJNA326683	SRR3714115	SAMN05290746	NA	NA	NA	NA	GSM2212469	NA	source name:Leaf tissue;  Stage:V5-30 days old;  leaf number:leaf number 5;  mite strain:none
PRJNA326683	SRR3714116	SAMN05290747	NA	NA	NA	NA	GSM2212470	NA	source name:Leaf tissue;  Stage:V5-30 days old;  leaf number:leaf number 5;  mite strain:none
PRJNA326683	SRR3714117	SAMN05290748	NA	NA	NA	NA	GSM2212471	NA	source name:Leaf tissue;  Stage:V5-30 days old;  leaf number:leaf number 5;  mite strain:none
PRJNA326683	SRR3714118	SAMN05290749	NA	NA	NA	NA	GSM2212472	NA	source name:Leaf tissue;  Stage:V5-30 days old;  leaf number:leaf number 5;  mite strain:none
PRJNA326683	SRR3714119	SAMN05290750	NA	NA	NA	NA	GSM2212473	NA	source name:Leaf tissue;  Stage:V5-30 days old;  leaf number:leaf number 5;  mite strain:none
PRJNA326683	SRR3714134	SAMN05290765	NA	NA	NA	NA	GSM2212488	NA	source name:Leaf tissue;  Stage:V5-30 days old;  leaf number:leaf number 5;  mite strain:Oligonychus pratensis  BGM
PRJNA326683	SRR3714135	SAMN05290766	NA	NA	NA	NA	GSM2212489	NA	source name:Leaf tissue;  Stage:V5-30 days old;  leaf number:leaf number 5;  mite strain:Oligonychus pratensis  BGM
PRJNA338263	SRR4014723	SAMN05544780	NA	NA	NA	NA	GSM2265119	NA	source name:apex tissue;  developmental stage:Waddington stage 5.5;  genetic background:Near isogenic lines in Morex;  phenotype:long awn
PRJNA338263	SRR4014724	SAMN05544779	NA	NA	NA	NA	GSM2265120	NA	source name:apex tissue;  developmental stage:Waddington stage 5.5;  genetic background:Near isogenic lines in Morex;  phenotype:long awn
PRJNA338263	SRR4014725	SAMN05544778	NA	NA	NA	NA	GSM2265121	NA	source name:apex tissue;  developmental stage:Waddington stage 5.5;  genetic background:Near isogenic lines in Morex;  phenotype:long awn
PRJNA338263	SRR4014726	SAMN05544777	NA	NA	NA	NA	GSM2265122	NA	source name:apex tissue;  developmental stage:Waddington stage 5.5;  genetic background:Near isogenic lines in Morex;  phenotype:long awn
PRJNA343614	SRR4279476	SAMN05791264	NA	spike	flower	Supi 3	Supi_3_barley	NA	cultivar:Supi 3;  dev stage:flower;  geo loc name:China:Jiangsu;  tissue:spikes
PRJNA343614	SRR4279482	SAMN05791282	NA	spike	flower	Supi 3	The_gloss_mutant	NA	cultivar:Supi 3;  dev stage:flower;  geo loc name:China:Jiangsu;  tissue:spikes
PRJNA343614	SRR4279484	SAMN05791284	NA	spike	flower	Supi 3	Albino-Lemma_mutant	NA	cultivar:Supi 3;  dev stage:flower;  geo loc name:China:Jiangsu;  tissue:spikes
PRJNA347296	SRR4380201	SAMN05878682	NA	stem base (crown)	NA	NA	GSM2339553	NA	source name:1DAG-GP;  genotype/variation:wild-type cv. Golden Promise;  development stage:1 day after germination;  tissue:stem base (crown)
PRJNA347296	SRR4380202	SAMN05878678	NA	stem base (crown)	NA	NA	GSM2339554	NA	source name:1DAG-GP;  genotype/variation:wild-type cv. Golden Promise;  development stage:1 day after germination;  tissue:stem base (crown)
PRJNA347296	SRR4380203	SAMN05878677	NA	stem base (crown)	NA	NA	GSM2339555	NA	source name:1DAG-GP;  genotype/variation:wild-type cv. Golden Promise;  development stage:1 day after germination;  tissue:stem base (crown)
PRJNA347296	SRR4380204	SAMN05878688	NA	stem base (crown)	NA	NA	GSM2339556	NA	source name:10DAG-GP;  genotype/variation:wild-type cv. Golden Promise;  development stage:10 days after germination;  tissue:stem base (crown)
PRJNA347296	SRR4380205	SAMN05878687	NA	stem base (crown)	NA	NA	GSM2339557	NA	source name:10DAG-GP;  genotype/variation:wild-type cv. Golden Promise;  development stage:10 days after germination;  tissue:stem base (crown)
PRJNA347296	SRR4380206	SAMN05878686	NA	stem base (crown)	NA	NA	GSM2339558	NA	source name:10DAG-GP;  genotype/variation:wild-type cv. Golden Promise;  development stage:10 days after germination;  tissue:stem base (crown)
PRJNA354889	SRR5054851	SAMN06054057	NA	grain	3 days post anthesis	Clipper	RNA_seq_grain_3_DPA_replicate1	NA	cultivar:Cliper;  dev stage:3 Days Post Anthesis;  geo loc name:China:Northwest A&amp;  F University Yangling  Shaanxi;  tissue:grain;  sub species:vulgare
PRJNA354889	SRR5054854	SAMN06054106	NA	grain	13 days post anthesis	Clipper	RNA_seq_grain_13_DPA_replicate2	NA	cultivar:Cliper;  dev stage:13 Days Post Anthesis;  geo loc name:China:Northwest A&amp;  F University Yangling  Shaanxi;  tissue:grain;  sub species:vulgare
PRJNA354889	SRR5054856	SAMN06054104	NA	grain	8 days post anthesis	Clipper	RNA_seq_grain_8_DPA_replicate2	NA	cultivar:Cliper;  dev stage:8 Days Post Anthesis;  geo loc name:China:Northwest A&amp;  F University Yangling  Shaanxi;  tissue:grain;  sub species:vulgare
PRJNA354889	SRR5054864	SAMN06054103	NA	grain	8 days post anthesis	Clipper	RNA_seq_grain_8_DPA_replicate1	NA	cultivar:Cliper;  dev stage:8 Days Post Anthesis;  geo loc name:China:Northwest A&amp;  F University Yangling  Shaanxi;  tissue:grain;  sub species:vulgare
PRJNA354889	SRR5054865	SAMN06054058	NA	grain	3 days post anthesis	Clipper	RNA_seq_grain_3_DPA_replicate2	NA	cultivar:Cliper;  dev stage:3 Days Post Anthesis;  geo loc name:China:Northwest A&amp;  F University Yangling  Shaanxi;  tissue:grain;  sub species:vulgare
PRJNA378334	SRR5320385	SAMN06545248	NA	first leaf	NA	Manchuria	Manchuria	NA	cultivar:Manchuria;  age:First leaf fully expanded  second leaf emerging;  geo loc name:Not applicable;  tissue:First leaf;  sub species:vulgare
PRJNA378334	SRR5320388	SAMN06545246	NA	first leaf	NA	CI 16153	CI16153	NA	cultivar:CI 16153;  age:First leaf fully expanded  second leaf emerging;  geo loc name:Not applicable;  tissue:First leaf;  sub species:vulgare
PRJNA378334	SRR5320390	SAMN06545244	NA	first leaf	NA	CIho 4196	CIho4196	NA	cultivar:CIho 4196;  age:First leaf First leaf fully expanded  second leaf emerging;  geo loc name:Not applicable;  tissue:First leaf;  sub species:vulgare
PRJNA378723	SRR5344997	SAMN06560363	NA	first leaf	NA	SusPtrit	SusPtrit	NA	cultivar:SusPtrit;  age:First leaf First leaf fully expanded  second leaf emerging;  geo loc name:Not applicable;  tissue:First leaf;  sub species:vulgare
PRJNA378723	SRR5345002	SAMN06560360	NA	first leaf	NA	Pallas	Pallas	NA	cultivar:Pallas;  age:First leaf First leaf fully expanded  second leaf emerging;  geo loc name:Not applicable;  tissue:First leaf;  sub species:vulgare
PRJNA378723	SRR5345005	SAMN06560358	NA	first leaf	NA	Igri	Igri	NA	cultivar:Igri;  age:First leaf First leaf fully expanded  second leaf emerging;  geo loc name:Not applicable;  tissue:First leaf;  sub species:vulgare
PRJNA378723	SRR5345033	SAMN06560343	NA	first leaf	NA	BCD47	BCD47	NA	cultivar:BCD47;  age:First leaf First leaf fully expanded  second leaf emerging;  geo loc name:Not applicable;  tissue:First leaf;  sub species:vulgare
PRJNA378723	SRR5345034	SAMN06560342	NA	first leaf	NA	BCD12	BCD12	NA	cultivar:BCD12;  age:First leaf First leaf fully expanded  second leaf emerging;  geo loc name:Not applicable;  tissue:First leaf;  sub species:vulgare
PRJNA378723	SRR5345035	SAMN06560341	NA	first leaf	NA	Baronesse	Baronesse	NA	cultivar:Baronesse;  age:First leaf First leaf fully expanded  second leaf emerging;  geo loc name:Not applicable;  tissue:First leaf;  sub species:vulgare
PRJNA396950	SRR5890939	SAMN07444151	NA	NA	NA	NA	GSM2730163	NA	source name:apex tissue;  developmental stage:Waddington stage 3.5;  genetic background:cv. Bowman;  phenotype:Bowman 1327A 1327A
PRJNA396950	SRR5890940	SAMN07444200	NA	NA	NA	NA	GSM2730164	NA	source name:apex tissue;  developmental stage:Waddington stage 3.5;  genetic background:cv. Bowman;  phenotype:Bowman 1327B 1327B
PRJNA396950	SRR5890941	SAMN07444199	NA	NA	NA	NA	GSM2730165	NA	source name:apex tissue;  developmental stage:Waddington stage 3.5;  genetic background:cv. Bowman;  phenotype:Bowman 1327C 1327C
PRJNA396950	SRR5890943	SAMN07444198	NA	NA	NA	NA	GSM2730166	NA	source name:apex tissue;  developmental stage:Waddington stage 3.5;  genetic background:cv. Bowman;  phenotype:Bowman 1327D 1327D
PRJNA396950	SRR5890945	SAMN07444197	NA	NA	NA	NA	GSM2730167	NA	source name:apex tissue;  developmental stage:Waddington stage 5.5;  genetic background:cv. Bowman;  phenotype:Bowman 1327E 1327E
PRJNA396950	SRR5890947	SAMN07444196	NA	NA	NA	NA	GSM2730168	NA	source name:apex tissue;  developmental stage:Waddington stage 5.5;  genetic background:cv. Bowman;  phenotype:Bowman 1327F 1327F
PRJNA396950	SRR5890949	SAMN07444195	NA	NA	NA	NA	GSM2730169	NA	source name:apex tissue;  developmental stage:Waddington stage 5.5;  genetic background:cv. Bowman;  phenotype:Bowman 1327G 1327G
PRJNA396950	SRR5890951	SAMN07444194	NA	NA	NA	NA	GSM2730170	NA	source name:apex tissue;  developmental stage:Waddington stage 5.5;  genetic background:cv. Bowman;  phenotype:Bowman 1327H 1327H
PRJNA396950	SRR5890952	SAMN07444172	NA	NA	NA	NA	GSM2730171	NA	source name:apex tissue;  developmental stage:Waddington stage 3.5;  genetic background:IL in cv. Bowman;  phenotype:int-a.1 (GSHO 2055) 1327AA 1327AA
PRJNA396950	SRR5890954	SAMN07444168	NA	NA	NA	NA	GSM2730172	NA	source name:apex tissue;  developmental stage:Waddington stage 3.5;  genetic background:IL in cv. Bowman;  phenotype:int-a.1 (GSHO 2055) 1327AB 1327AB
PRJNA396950	SRR5890956	SAMN07444167	NA	NA	NA	NA	GSM2730173	NA	source name:apex tissue;  developmental stage:Waddington stage 3.5;  genetic background:IL in cv. Bowman;  phenotype:int-a.1 (GSHO 2055) 1327AC 1327AC
PRJNA396950	SRR5890958	SAMN07444193	NA	NA	NA	NA	GSM2730174	NA	source name:apex tissue;  developmental stage:Waddington stage 5.5;  genetic background:IL in cv. Bowman;  phenotype:int-a.1 (GSHO 2055) 1327AD 1327AD
PRJNA396950	SRR5890960	SAMN07444192	NA	NA	NA	NA	GSM2730175	NA	source name:apex tissue;  developmental stage:Waddington stage 5.5;  genetic background:IL in cv. Bowman;  phenotype:int-a.1 (GSHO 2055) 1327AE 1327AE
PRJNA396950	SRR5890962	SAMN07444189	NA	NA	NA	NA	GSM2730176	NA	source name:apex tissue;  developmental stage:Waddington stage 5.5;  genetic background:IL in cv. Bowman;  phenotype:int-a.1 (GSHO 2055) 1327AF 1327AF
PRJNA396950	SRR5890964	SAMN07444185	NA	NA	NA	NA	GSM2730177	NA	source name:apex tissue;  developmental stage:Waddington stage 3.5;  genetic background:IL in cv. Bowman;  phenotype:vrs4.k (GSHO 1986) 1327AM 1327AM
PRJNA396950	SRR5890966	SAMN07444181	NA	NA	NA	NA	GSM2730178	NA	source name:apex tissue;  developmental stage:Waddington stage 3.5;  genetic background:IL in cv. Bowman;  phenotype:vrs4.k (GSHO 1986) 1327AN 1327AN
PRJNA396950	SRR5890968	SAMN07444177	NA	NA	NA	NA	GSM2730179	NA	source name:apex tissue;  developmental stage:Waddington stage 3.5;  genetic background:IL in cv. Bowman;  phenotype:vrs4.k (GSHO 1986) 1327AO 1327AO
PRJNA396950	SRR5890970	SAMN07444166	NA	NA	NA	NA	GSM2730180	NA	source name:apex tissue;  developmental stage:Waddington stage 5.5;  genetic background:IL in cv. Bowman;  phenotype:vrs4.k (GSHO 1986) 1327AP 1327AP
PRJNA396950	SRR5890971	SAMN07444165	NA	NA	NA	NA	GSM2730181	NA	source name:apex tissue;  developmental stage:Waddington stage 5.5;  genetic background:IL in cv. Bowman;  phenotype:vrs4.k (GSHO 1986) 1327AQ 1327AQ
PRJNA396950	SRR5890973	SAMN07444164	NA	NA	NA	NA	GSM2730182	NA	source name:apex tissue;  developmental stage:Waddington stage 5.5;  genetic background:IL in cv. Bowman;  phenotype:vrs4.k (GSHO 1986) 1327AR 1327AR
PRJNA396950	SRR5890975	SAMN07444163	NA	NA	NA	NA	GSM2730183	NA	source name:apex tissue;  developmental stage:Waddington stage 3.5;  genetic background:IL in cv. Bowman;  phenotype:vrs1 (GSHO 1907) 1327AS 1327AS
PRJNA396950	SRR5890977	SAMN07444162	NA	NA	NA	NA	GSM2730184	NA	source name:apex tissue;  developmental stage:Waddington stage 3.5;  genetic background:IL in cv. Bowman;  phenotype:vrs1 (GSHO 1907) 1327AT 1327AT
PRJNA396950	SRR5890979	SAMN07444161	NA	NA	NA	NA	GSM2730185	NA	source name:apex tissue;  developmental stage:Waddington stage 3.5;  genetic background:IL in cv. Bowman;  phenotype:vrs1 (GSHO 1907) 1327AU 1327AU
PRJNA396950	SRR5890981	SAMN07444160	NA	NA	NA	NA	GSM2730186	NA	source name:apex tissue;  developmental stage:Waddington stage 5.5;  genetic background:IL in cv. Bowman;  phenotype:vrs1 (GSHO 1907) 1327AV 1327AV
PRJNA396950	SRR5890983	SAMN07444159	NA	NA	NA	NA	GSM2730187	NA	source name:apex tissue;  developmental stage:Waddington stage 5.5;  genetic background:IL in cv. Bowman;  phenotype:vrs1 (GSHO 1907) 1327AW 1327AW
PRJNA396950	SRR5890984	SAMN07444158	NA	NA	NA	NA	GSM2730188	NA	source name:apex tissue;  developmental stage:Waddington stage 5.5;  genetic background:IL in cv. Bowman;  phenotype:vrs1 (GSHO 1907) 1327AX 1327AX
PRJNA396950	SRR5890986	SAMN07444157	NA	NA	NA	NA	GSM2730189	NA	source name:apex tissue;  developmental stage:Waddington stage 3.5;  genetic background:IL in cv. Bowman;  phenotype:int-c.5 (GSHO 2003) 1327U 1327U
PRJNA396950	SRR5890988	SAMN07444156	NA	NA	NA	NA	GSM2730190	NA	source name:apex tissue;  developmental stage:Waddington stage 3.5;  genetic background:IL in cv. Bowman;  phenotype:int-c.5 (GSHO 2003) 1327V 1327V
PRJNA396950	SRR5890990	SAMN07444155	NA	NA	NA	NA	GSM2730191	NA	source name:apex tissue;  developmental stage:Waddington stage 3.5;  genetic background:IL in cv. Bowman;  phenotype:int-c.5 (GSHO 2003) 1327W 1327W
PRJNA396950	SRR5890992	SAMN07444154	NA	NA	NA	NA	GSM2730192	NA	source name:apex tissue;  developmental stage:Waddington stage 5.5;  genetic background:IL in cv. Bowman;  phenotype:int-c.5 (GSHO 2003) 1327X 1327X
PRJNA396950	SRR5890994	SAMN07444153	NA	NA	NA	NA	GSM2730193	NA	source name:apex tissue;  developmental stage:Waddington stage 5.5;  genetic background:IL in cv. Bowman;  phenotype:int-c.5 (GSHO 2003) 1327Y 1327Y
PRJNA396950	SRR5890996	SAMN07444152	NA	NA	NA	NA	GSM2730194	NA	source name:apex tissue;  developmental stage:Waddington stage 5.5;  genetic background:IL in cv. Bowman;  phenotype:int-c.5 (GSHO 2003) 1327Z 1327Z
PRJNA412872	SRR6125592	SAMN07731062	NA	leaf	first leaf emerged	Betzes	B2	NA	cultivar:Betzes;  dev stage:Zadok 11 (first leaf emerged);  geo loc name:Czech Republic: Olomouc;  tissue:leaf;  collection date:2013-10-24;  genotype:Betzes;  growth protocol:regular substarte ;  between 50-60% hygrometry ;  16h day / 8h night photoperiod ;  20°C day /16°C night;  sample type:tissue sample;  sub species:vulgare
PRJNA412872	SRR6125595	SAMN07731061	NA	leaf	first leaf emerged	Betzes	B1	NA	cultivar:Betzes;  dev stage:Zadok 11 (first leaf emerged);  geo loc name:Czech Republic: Olomouc;  tissue:leaf;  collection date:2013-11-01;  genotype:Betzes;  growth protocol:regular substarte ;  between 50-60% hygrometry ;  16h day / 8h night photoperiod ;  20°C day /16°C night;  sample type:tissue sample;  sub species:vulgare
PRJNA412872	SRR6125602	SAMN07731063	NA	leaf	first leaf emerged	Betzes	B3	NA	cultivar:Betzes;  dev stage:Zadok 11 (first leaf emerged);  geo loc name:Czech Republic: Olomouc;  tissue:leaf;  collection date:2013-10-25;  genotype:Betzes;  growth protocol:regular substarte ;  between 50-60% hygrometry ;  16h day / 8h night photoperiod ;  20°C day /16°C night;  sample type:tissue sample;  sub species:vulgare
PRJNA412872	SRR6125604	SAMN07731065	NA	leaf	first leaf emerged	Betzes	B5	NA	cultivar:Betzes;  dev stage:Zadok 11 (first leaf emerged);  geo loc name:Czech Republic: Olomouc;  tissue:leaf;  collection date:2013-10-31;  genotype:Betzes;  growth protocol:regular substarte ;  between 50-60% hygrometry ;  16h day / 8h night photoperiod ;  20°C day /16°C night;  sample type:tissue sample;  sub species:vulgare
PRJNA412872	SRR6125605	SAMN07731064	NA	leaf	first leaf emerged	Betzes	B4	NA	cultivar:Betzes;  dev stage:Zadok 11 (first leaf emerged);  geo loc name:Czech Republic: Olomouc;  tissue:leaf;  collection date:2013-10-28;  genotype:Betzes;  growth protocol:regular substarte ;  between 50-60% hygrometry ;  16h day / 8h night photoperiod ;  20°C day /16°C night;  sample type:tissue sample;  sub species:vulgare
PRJNA412872	SRR6125606	SAMN07731066	NA	leaf	first leaf emerged	Betzes	B6	NA	cultivar:Betzes;  dev stage:Zadok 11 (first leaf emerged);  geo loc name:Czech Republic: Olomouc;  tissue:leaf;  collection date:2013-11-07;  genotype:Betzes;  growth protocol:regular substarte ;  between 50-60% hygrometry ;  16h day / 8h night photoperiod ;  20°C day /16°C night;  sample type:tissue sample;  sub species:vulgare
