BioProject	SRA	BioSample	treatment	tissue	stage	cultivar	code	temperature	attributes
PRJDB5907	DRR097259	SAMD00084338	NA	NA	NA	NA	b3-FoxtailMillet-control-6h	NA	sample_name:Sg-4_0.5dpi;age:4_weeks;tissue_type:leaf
PRJDB5907	DRR097260	SAMD00084339	NA	NA	NA	NA	b1-FoxtailMillet-control-24h	NA	sample_name:Sg-4_1dpi;age:4_weeks;tissue_type:leaf
PRJDB5907	DRR097261	SAMD00084340	NA	NA	NA	NA	BBTYT	NA	sample_name:Sg-4_2dpi;age:4_weeks;tissue_type:leaf
PRJDB5907	DRR097262	SAMD00084341	NA	NA	NA	NA	BXHOG	NA	sample_name:Sg-4_3dpi;age:4_weeks;tissue_type:leaf
PRJEB67280	ERR12095733	SAMEA114469212	NA	NA	NA	NA	HapC-1-rep1	NA	ENA-CHECKLIST:ERC000011;ENA-FIRST-PUBLIC:2023-10-31T00:35:20Z;ENA-LAST-UPDATE:2023-10-31T00:35:20Z;External_Id:SAMEA114469212;INSDC_center_name:CHINESE_ACADEMY_OF_AGRICULTURAL_SCIENCE;INSDC_first_public:2023-10-31T00:35:20Z;INSDC_last_update:2023-10-31T00:35:20Z;INSDC_status:public;Submitter_Id:HapC-1-rep1;collection_date:not_provided;common_name:foxtail_millet;geographic_location_(country_and/or_sea):China;sample_name:HapC-1-rep1;scientific_name:Setaria_italica
PRJEB67280	ERR12095734	SAMEA114469213	NA	NA	NA	NA	HapC-1-rep2	NA	ENA-CHECKLIST:ERC000011;ENA-FIRST-PUBLIC:2023-10-31T00:35:20Z;ENA-LAST-UPDATE:2023-10-31T00:35:20Z;External_Id:SAMEA114469213;INSDC_center_name:CHINESE_ACADEMY_OF_AGRICULTURAL_SCIENCE;INSDC_first_public:2023-10-31T00:35:20Z;INSDC_last_update:2023-10-31T00:35:20Z;INSDC_status:public;Submitter_Id:HapC-1-rep2;collection_date:not_provided;common_name:foxtail_millet;geographic_location_(country_and/or_sea):China;sample_name:HapC-1-rep2;scientific_name:Setaria_italica
PRJEB67280	ERR12095735	SAMEA114469214	NA	NA	NA	NA	HapC-2-rep1	NA	ENA-CHECKLIST:ERC000011;ENA-FIRST-PUBLIC:2023-10-31T00:35:20Z;ENA-LAST-UPDATE:2023-10-31T00:35:20Z;External_Id:SAMEA114469214;INSDC_center_name:CHINESE_ACADEMY_OF_AGRICULTURAL_SCIENCE;INSDC_first_public:2023-10-31T00:35:20Z;INSDC_last_update:2023-10-31T00:35:20Z;INSDC_status:public;Submitter_Id:HapC-2-rep1;collection_date:not_provided;common_name:foxtail_millet;geographic_location_(country_and/or_sea):China;sample_name:HapC-2-rep1;scientific_name:Setaria_italica
PRJEB67280	ERR12095736	SAMEA114469215	NA	NA	NA	NA	HapC-2-rep2	NA	ENA-CHECKLIST:ERC000011;ENA-FIRST-PUBLIC:2023-10-31T00:35:20Z;ENA-LAST-UPDATE:2023-10-31T00:35:20Z;External_Id:SAMEA114469215;INSDC_center_name:CHINESE_ACADEMY_OF_AGRICULTURAL_SCIENCE;INSDC_first_public:2023-10-31T00:35:20Z;INSDC_last_update:2023-10-31T00:35:20Z;INSDC_status:public;Submitter_Id:HapC-2-rep2;collection_date:not_provided;common_name:foxtail_millet;geographic_location_(country_and/or_sea):China;sample_name:HapC-2-rep2;scientific_name:Setaria_italica
PRJEB12846	ERR1294260	SAMEA3880673	NA	NA	NA	NA	GSM892308:_Foxtail_millet_root	NA	ENA_first_public:2016-03-25;ENA_last_update:2016-02-25;ENA-CHECKLIST:ERC000011;External_Id:SAMEA3880673;INSDC_center_alias:CHINESE_ACADEMY_OF_AGRICULTURAL_SCIENCE;INSDC_center_name:CHINESE_ACADEMY_OF_AGRICULTURAL_SCIENCE;INSDC_first_public:2016-03-25T17:02:31Z;INSDC_last_update:2016-02-25T17:04:55Z;INSDC_status:public;Submitter_Id:S._italica_variety_An04;common_name:foxtail_millet;sample_name:S._italica_variety_An04
PRJEB12956	ERR1305215	SAMEA3889200	NA	NA	NA	NA	unspecified	NA	ENA_first_public:2016-05-07;ENA_last_update:2016-03-08;ENA-CHECKLIST:ERC000011;External_Id:SAMEA3889200;INSDC_center_alias:CHINESE_ACADEMY_OF_AGRICULTURAL_SCIENCE;INSDC_center_name:CHINESE_ACADEMY_OF_AGRICULTURAL_SCIENCE;INSDC_first_public:2016-05-07T17:08:52Z;INSDC_last_update:2016-03-08T10:16:26Z;INSDC_status:public;Submitter_Id:RNA-seq_of_Yugu1_2;common_name:foxtail_millet;sample_name:RNA-seq_of_Yugu1_2
PRJEB12956	ERR1305217	SAMEA3889202	NA	NA	NA	NA	unspecified	NA	ENA_first_public:2016-05-07;ENA_last_update:2016-03-08;ENA-CHECKLIST:ERC000011;External_Id:SAMEA3889202;INSDC_center_alias:CHINESE_ACADEMY_OF_AGRICULTURAL_SCIENCE;INSDC_center_name:CHINESE_ACADEMY_OF_AGRICULTURAL_SCIENCE;INSDC_first_public:2016-05-07T17:08:52Z;INSDC_last_update:2016-03-08T10:16:26Z;INSDC_status:public;Submitter_Id:RNA-seq_of_siago1b_1;common_name:foxtail_millet;sample_name:RNA-seq_of_siago1b_1
PRJEB13156	ERR1337799	SAMEA3906792	NA	NA	NA	NA	GSM892309:_Foxtail_millet_leaf	NA	ENA_first_public:2016-03-25;ENA_last_update:2016-03-24;ENA-CHECKLIST:ERC000011;External_Id:SAMEA3906792;INSDC_center_alias:CHINESE_ACADEMY_OF_AGRICULTURAL_SCIENCES;INSDC_center_name:CHINESE_ACADEMY_OF_AGRICULTURAL_SCIENCES;INSDC_first_public:2016-03-25T17:02:34Z;INSDC_last_update:2016-03-24T06:41:18Z;INSDC_status:public;Submitter_Id:siago1b1;common_name:foxtail_millet;sample_name:siago1b1
PRJEB13156	ERR1337800	SAMEA3906793	NA	NA	NA	NA	GSM892310:_Foxtail_millet_stem	NA	ENA_first_public:2016-03-25;ENA_last_update:2016-03-24;ENA-CHECKLIST:ERC000011;External_Id:SAMEA3906793;INSDC_center_alias:CHINESE_ACADEMY_OF_AGRICULTURAL_SCIENCES;INSDC_center_name:CHINESE_ACADEMY_OF_AGRICULTURAL_SCIENCES;INSDC_first_public:2016-03-25T17:02:32Z;INSDC_last_update:2016-03-24T06:41:19Z;INSDC_status:public;Submitter_Id:siago1b2;common_name:foxtail_millet;sample_name:siago1b2
PRJEB13156	ERR1337801	SAMEA3906794	NA	NA	NA	NA	GSM892311:_Foxtail_millet_spica	NA	ENA_first_public:2016-03-25;ENA_last_update:2016-03-24;ENA-CHECKLIST:ERC000011;External_Id:SAMEA3906794;INSDC_center_alias:CHINESE_ACADEMY_OF_AGRICULTURAL_SCIENCES;INSDC_center_name:CHINESE_ACADEMY_OF_AGRICULTURAL_SCIENCES;INSDC_first_public:2016-03-25T17:02:34Z;INSDC_last_update:2016-03-24T06:41:19Z;INSDC_status:public;Submitter_Id:siago1b3;common_name:foxtail_millet;sample_name:siago1b3
PRJEB13156	ERR1337802	SAMEA3906795	NA	NA	NA	NA	An04_degradome	NA	ENA_first_public:2016-03-25;ENA_last_update:2016-03-24;ENA-CHECKLIST:ERC000011;External_Id:SAMEA3906795;INSDC_center_alias:CHINESE_ACADEMY_OF_AGRICULTURAL_SCIENCES;INSDC_center_name:CHINESE_ACADEMY_OF_AGRICULTURAL_SCIENCES;INSDC_first_public:2016-03-25T17:02:31Z;INSDC_last_update:2016-03-24T06:41:19Z;INSDC_status:public;Submitter_Id:Yugu1-1;common_name:foxtail_millet;sample_name:Yugu1-1
PRJEB13156	ERR1337803	SAMEA3906796	NA	NA	NA	NA	unspecified	NA	ENA_first_public:2016-03-25;ENA_last_update:2016-03-24;ENA-CHECKLIST:ERC000011;External_Id:SAMEA3906796;INSDC_center_alias:CHINESE_ACADEMY_OF_AGRICULTURAL_SCIENCES;INSDC_center_name:CHINESE_ACADEMY_OF_AGRICULTURAL_SCIENCES;INSDC_first_public:2016-03-25T17:02:34Z;INSDC_last_update:2016-03-24T06:41:19Z;INSDC_status:public;Submitter_Id:Yugu1-2;common_name:foxtail_millet;sample_name:Yugu1-2
PRJEB13156	ERR1337804	SAMEA3906797	NA	NA	NA	NA	unspecified	NA	ENA_first_public:2016-03-25;ENA_last_update:2016-03-24;ENA-CHECKLIST:ERC000011;External_Id:SAMEA3906797;INSDC_center_alias:CHINESE_ACADEMY_OF_AGRICULTURAL_SCIENCES;INSDC_center_name:CHINESE_ACADEMY_OF_AGRICULTURAL_SCIENCES;INSDC_first_public:2016-03-25T17:02:31Z;INSDC_last_update:2016-03-24T06:41:19Z;INSDC_status:public;Submitter_Id:Yugu1-3;common_name:foxtail_millet;sample_name:Yugu1-3
PRJEB21225	ERR2003555	SAMEA104118845	NA	NA	NA	NA	APACS	NA	ENA_first_public:2017-07-01;ENA_last_update:2017-06-09;ENA-CHECKLIST:ERC000037;External_Id:SAMEA104118845;INSDC_center_alias:CHINESE_ACADEMY_OF_AGRICULTURAL_SCIENCES;INSDC_center_name:CHINESE_ACADEMY_OF_AGRICULTURAL_SCIENCES;INSDC_first_public:2017-07-01T17:02:48Z;INSDC_last_update:2017-06-09T02:07:54Z;INSDC_status:public;Submitter_Id:Yu1-CK;collection_date:2015-06-23;common_name:foxtail_millet;estimated_size:500000000;geographic_location_(country_and/or_sea):China;geographic_location_(latitude):30;geographic_location_(longitude):116;isolation_and_growth_condition:Field;number_of_replicons:3;plant_developmental_stage:4_leaves;plant_growth_medium:field;plant_structure:all_above_ground;sample_health_state:healthy;sample_name:Yu1-CK
PRJEB21225	ERR2003556	SAMEA104118845	NA	NA	NA	NA	APACX	NA	ENA_first_public:2017-07-01;ENA_last_update:2017-06-09;ENA-CHECKLIST:ERC000037;External_Id:SAMEA104118845;INSDC_center_alias:CHINESE_ACADEMY_OF_AGRICULTURAL_SCIENCES;INSDC_center_name:CHINESE_ACADEMY_OF_AGRICULTURAL_SCIENCES;INSDC_first_public:2017-07-01T17:02:48Z;INSDC_last_update:2017-06-09T02:07:54Z;INSDC_status:public;Submitter_Id:Yu1-CK;collection_date:2015-06-23;common_name:foxtail_millet;estimated_size:500000000;geographic_location_(country_and/or_sea):China;geographic_location_(latitude):30;geographic_location_(longitude):116;isolation_and_growth_condition:Field;number_of_replicons:3;plant_developmental_stage:4_leaves;plant_growth_medium:field;plant_structure:all_above_ground;sample_health_state:healthy;sample_name:Yu1-CK
PRJEB21225	ERR2003557	SAMEA104118845	NA	NA	NA	NA	SiMC_mRNA_1	NA	ENA_first_public:2017-07-01;ENA_last_update:2017-06-09;ENA-CHECKLIST:ERC000037;External_Id:SAMEA104118845;INSDC_center_alias:CHINESE_ACADEMY_OF_AGRICULTURAL_SCIENCES;INSDC_center_name:CHINESE_ACADEMY_OF_AGRICULTURAL_SCIENCES;INSDC_first_public:2017-07-01T17:02:48Z;INSDC_last_update:2017-06-09T02:07:54Z;INSDC_status:public;Submitter_Id:Yu1-CK;collection_date:2015-06-23;common_name:foxtail_millet;estimated_size:500000000;geographic_location_(country_and/or_sea):China;geographic_location_(latitude):30;geographic_location_(longitude):116;isolation_and_growth_condition:Field;number_of_replicons:3;plant_developmental_stage:4_leaves;plant_growth_medium:field;plant_structure:all_above_ground;sample_health_state:healthy;sample_name:Yu1-CK
PRJEB21225	ERR2003558	SAMEA104118846	NA	NA	NA	NA	SiMC_mRNA_2	NA	ENA_first_public:2017-07-01;ENA_last_update:2017-06-09;ENA-CHECKLIST:ERC000037;External_Id:SAMEA104118846;INSDC_center_alias:CHINESE_ACADEMY_OF_AGRICULTURAL_SCIENCES;INSDC_center_name:CHINESE_ACADEMY_OF_AGRICULTURAL_SCIENCES;INSDC_first_public:2017-07-01T17:02:48Z;INSDC_last_update:2017-06-09T02:07:54Z;INSDC_status:public;Submitter_Id:Yu1-DT;collection_date:2015-06-23;common_name:foxtail_millet;estimated_size:500000000;geographic_location_(country_and/or_sea):China;geographic_location_(latitude):30;geographic_location_(longitude):116;isolation_and_growth_condition:Field;number_of_replicons:3;plant_developmental_stage:4_leaves;plant_growth_medium:field;plant_structure:all_above_ground;sample_health_state:healthy;sample_name:Yu1-DT
PRJEB21225	ERR2003559	SAMEA104118846	NA	NA	NA	NA	Yu1-CK-1	NA	ENA_first_public:2017-07-01;ENA_last_update:2017-06-09;ENA-CHECKLIST:ERC000037;External_Id:SAMEA104118846;INSDC_center_alias:CHINESE_ACADEMY_OF_AGRICULTURAL_SCIENCES;INSDC_center_name:CHINESE_ACADEMY_OF_AGRICULTURAL_SCIENCES;INSDC_first_public:2017-07-01T17:02:48Z;INSDC_last_update:2017-06-09T02:07:54Z;INSDC_status:public;Submitter_Id:Yu1-DT;collection_date:2015-06-23;common_name:foxtail_millet;estimated_size:500000000;geographic_location_(country_and/or_sea):China;geographic_location_(latitude):30;geographic_location_(longitude):116;isolation_and_growth_condition:Field;number_of_replicons:3;plant_developmental_stage:4_leaves;plant_growth_medium:field;plant_structure:all_above_ground;sample_health_state:healthy;sample_name:Yu1-DT
PRJEB21225	ERR2003560	SAMEA104118846	NA	NA	NA	NA	Yu1-CK-2	NA	ENA_first_public:2017-07-01;ENA_last_update:2017-06-09;ENA-CHECKLIST:ERC000037;External_Id:SAMEA104118846;INSDC_center_alias:CHINESE_ACADEMY_OF_AGRICULTURAL_SCIENCES;INSDC_center_name:CHINESE_ACADEMY_OF_AGRICULTURAL_SCIENCES;INSDC_first_public:2017-07-01T17:02:48Z;INSDC_last_update:2017-06-09T02:07:54Z;INSDC_status:public;Submitter_Id:Yu1-DT;collection_date:2015-06-23;common_name:foxtail_millet;estimated_size:500000000;geographic_location_(country_and/or_sea):China;geographic_location_(latitude):30;geographic_location_(longitude):116;isolation_and_growth_condition:Field;number_of_replicons:3;plant_developmental_stage:4_leaves;plant_growth_medium:field;plant_structure:all_above_ground;sample_health_state:healthy;sample_name:Yu1-DT
PRJEB21225	ERR2003561	SAMEA104118847	NA	NA	NA	NA	Yu1-CK-2	NA	ENA_first_public:2017-07-01;ENA_last_update:2017-06-09;ENA-CHECKLIST:ERC000037;External_Id:SAMEA104118847;INSDC_center_alias:CHINESE_ACADEMY_OF_AGRICULTURAL_SCIENCES;INSDC_center_name:CHINESE_ACADEMY_OF_AGRICULTURAL_SCIENCES;INSDC_first_public:2017-07-01T17:02:48Z;INSDC_last_update:2017-06-09T02:07:54Z;INSDC_status:public;Submitter_Id:An04-CK;collection_date:2015-06-23;common_name:foxtail_millet;estimated_size:500000000;geographic_location_(country_and/or_sea):China;geographic_location_(latitude):30;geographic_location_(longitude):116;isolation_and_growth_condition:Field;number_of_replicons:3;plant_developmental_stage:4_leaves;plant_growth_medium:field;plant_structure:all_above_ground;sample_health_state:healthy;sample_name:An04-CK
PRJEB21225	ERR2003562	SAMEA104118847	NA	NA	NA	NA	Yu1-DT-1	NA	ENA_first_public:2017-07-01;ENA_last_update:2017-06-09;ENA-CHECKLIST:ERC000037;External_Id:SAMEA104118847;INSDC_center_alias:CHINESE_ACADEMY_OF_AGRICULTURAL_SCIENCES;INSDC_center_name:CHINESE_ACADEMY_OF_AGRICULTURAL_SCIENCES;INSDC_first_public:2017-07-01T17:02:48Z;INSDC_last_update:2017-06-09T02:07:54Z;INSDC_status:public;Submitter_Id:An04-CK;collection_date:2015-06-23;common_name:foxtail_millet;estimated_size:500000000;geographic_location_(country_and/or_sea):China;geographic_location_(latitude):30;geographic_location_(longitude):116;isolation_and_growth_condition:Field;number_of_replicons:3;plant_developmental_stage:4_leaves;plant_growth_medium:field;plant_structure:all_above_ground;sample_health_state:healthy;sample_name:An04-CK
PRJEB21225	ERR2003563	SAMEA104118847	NA	NA	NA	NA	Yu1-DT-2	NA	ENA_first_public:2017-07-01;ENA_last_update:2017-06-09;ENA-CHECKLIST:ERC000037;External_Id:SAMEA104118847;INSDC_center_alias:CHINESE_ACADEMY_OF_AGRICULTURAL_SCIENCES;INSDC_center_name:CHINESE_ACADEMY_OF_AGRICULTURAL_SCIENCES;INSDC_first_public:2017-07-01T17:02:48Z;INSDC_last_update:2017-06-09T02:07:54Z;INSDC_status:public;Submitter_Id:An04-CK;collection_date:2015-06-23;common_name:foxtail_millet;estimated_size:500000000;geographic_location_(country_and/or_sea):China;geographic_location_(latitude):30;geographic_location_(longitude):116;isolation_and_growth_condition:Field;number_of_replicons:3;plant_developmental_stage:4_leaves;plant_growth_medium:field;plant_structure:all_above_ground;sample_health_state:healthy;sample_name:An04-CK
PRJEB21225	ERR2003564	SAMEA104118848	NA	NA	NA	NA	Yu1-DT-3	NA	ENA_first_public:2017-07-01;ENA_last_update:2017-06-09;ENA-CHECKLIST:ERC000037;External_Id:SAMEA104118848;INSDC_center_alias:CHINESE_ACADEMY_OF_AGRICULTURAL_SCIENCES;INSDC_center_name:CHINESE_ACADEMY_OF_AGRICULTURAL_SCIENCES;INSDC_first_public:2017-07-01T17:02:48Z;INSDC_last_update:2017-06-09T02:07:54Z;INSDC_status:public;Submitter_Id:An04-DT;collection_date:2015-06-23;common_name:foxtail_millet;estimated_size:500000000;geographic_location_(country_and/or_sea):China;geographic_location_(latitude):30;geographic_location_(longitude):116;isolation_and_growth_condition:Field;number_of_replicons:3;plant_developmental_stage:4_leaves;plant_growth_medium:field;plant_structure:all_above_ground;sample_health_state:healthy;sample_name:An04-DT
PRJEB21225	ERR2003565	SAMEA104118848	NA	NA	NA	NA	An-CK-1	NA	ENA_first_public:2017-07-01;ENA_last_update:2017-06-09;ENA-CHECKLIST:ERC000037;External_Id:SAMEA104118848;INSDC_center_alias:CHINESE_ACADEMY_OF_AGRICULTURAL_SCIENCES;INSDC_center_name:CHINESE_ACADEMY_OF_AGRICULTURAL_SCIENCES;INSDC_first_public:2017-07-01T17:02:48Z;INSDC_last_update:2017-06-09T02:07:54Z;INSDC_status:public;Submitter_Id:An04-DT;collection_date:2015-06-23;common_name:foxtail_millet;estimated_size:500000000;geographic_location_(country_and/or_sea):China;geographic_location_(latitude):30;geographic_location_(longitude):116;isolation_and_growth_condition:Field;number_of_replicons:3;plant_developmental_stage:4_leaves;plant_growth_medium:field;plant_structure:all_above_ground;sample_health_state:healthy;sample_name:An04-DT
PRJEB21225	ERR2003566	SAMEA104118848	NA	NA	NA	NA	An-CK-2	NA	ENA_first_public:2017-07-01;ENA_last_update:2017-06-09;ENA-CHECKLIST:ERC000037;External_Id:SAMEA104118848;INSDC_center_alias:CHINESE_ACADEMY_OF_AGRICULTURAL_SCIENCES;INSDC_center_name:CHINESE_ACADEMY_OF_AGRICULTURAL_SCIENCES;INSDC_first_public:2017-07-01T17:02:48Z;INSDC_last_update:2017-06-09T02:07:54Z;INSDC_status:public;Submitter_Id:An04-DT;collection_date:2015-06-23;common_name:foxtail_millet;estimated_size:500000000;geographic_location_(country_and/or_sea):China;geographic_location_(latitude):30;geographic_location_(longitude):116;isolation_and_growth_condition:Field;number_of_replicons:3;plant_developmental_stage:4_leaves;plant_growth_medium:field;plant_structure:all_above_ground;sample_health_state:healthy;sample_name:An04-DT
PRJEB24803	ERR2282080	SAMEA104567047	NA	NA	NA	NA	unspecified	NA	ENA_first_public:2018-08-09;ENA_last_update:2018-02-06;ENA-CHECKLIST:ERC000037;External_Id:SAMEA104567047;INSDC_center_alias:CHINESE_ACADEMY_OF_AGRICULTURAL_SCIENCES;INSDC_center_name:CHINESE_ACADEMY_OF_AGRICULTURAL_SCIENCES;INSDC_first_public:2018-08-09T17:02:10Z;INSDC_last_update:2018-02-06T06:46:46Z;INSDC_status:public;Submitter_Id:Yu1-1;collection_date:2017-05;common_name:foxtail_millet;estimated_size:36.9_Gb;geographic_location_(country_and/or_sea):China;geographic_location_(latitude):39;geographic_location_(longitude):116;isolation_and_growth_condition:PMC4892719;number_of_replicons:2;plant_developmental_stage:Seedling_stage;plant_growth_medium:Nature_soil;plant_structure:The_fourth_extending_leaf;sample_name:Yu1-1
PRJEB24803	ERR2282081	SAMEA104567048	NA	NA	NA	NA	unspecified	NA	ENA_first_public:2018-08-09;ENA_last_update:2018-02-06;ENA-CHECKLIST:ERC000037;External_Id:SAMEA104567048;INSDC_center_alias:CHINESE_ACADEMY_OF_AGRICULTURAL_SCIENCES;INSDC_center_name:CHINESE_ACADEMY_OF_AGRICULTURAL_SCIENCES;INSDC_first_public:2018-08-09T17:02:10Z;INSDC_last_update:2018-02-06T06:46:46Z;INSDC_status:public;Submitter_Id:Yu1-2;collection_date:2017-05;common_name:foxtail_millet;estimated_size:36.9_Gb;geographic_location_(country_and/or_sea):China;geographic_location_(latitude):39;geographic_location_(longitude):116;isolation_and_growth_condition:PMC4892719;number_of_replicons:2;plant_developmental_stage:Seedling_stage;plant_growth_medium:Nature_soil;plant_structure:The_fourth_extending_leaf;sample_name:Yu1-2
PRJEB24803	ERR2282082	SAMEA104567049	NA	NA	NA	NA	unspecified	NA	ENA_first_public:2018-08-09;ENA_last_update:2018-02-06;ENA-CHECKLIST:ERC000037;External_Id:SAMEA104567049;INSDC_center_alias:CHINESE_ACADEMY_OF_AGRICULTURAL_SCIENCES;INSDC_center_name:CHINESE_ACADEMY_OF_AGRICULTURAL_SCIENCES;INSDC_first_public:2018-08-09T17:02:10Z;INSDC_last_update:2018-02-06T06:46:46Z;INSDC_status:public;Submitter_Id:sistl2-1;collection_date:2017-05;common_name:foxtail_millet;estimated_size:36.9_Gb;geographic_location_(country_and/or_sea):China;geographic_location_(latitude):39;geographic_location_(longitude):116;isolation_and_growth_condition:PMC4892719;number_of_replicons:2;plant_developmental_stage:Seedling_stage;plant_growth_medium:Nature_soil;plant_structure:The_fourth_extending_leaf;sample_name:sistl2-1
PRJEB24803	ERR2282083	SAMEA104567050	NA	NA	NA	NA	unspecified	NA	ENA_first_public:2018-08-09;ENA_last_update:2018-02-06;ENA-CHECKLIST:ERC000037;External_Id:SAMEA104567050;INSDC_center_alias:CHINESE_ACADEMY_OF_AGRICULTURAL_SCIENCES;INSDC_center_name:CHINESE_ACADEMY_OF_AGRICULTURAL_SCIENCES;INSDC_first_public:2018-08-09T17:02:10Z;INSDC_last_update:2018-02-06T06:46:46Z;INSDC_status:public;Submitter_Id:sistl2-2;collection_date:2017-05;common_name:foxtail_millet;estimated_size:36.9_Gb;geographic_location_(country_and/or_sea):China;geographic_location_(latitude):39;geographic_location_(longitude):116;isolation_and_growth_condition:PMC4892719;number_of_replicons:2;plant_developmental_stage:Seedling_stage;plant_growth_medium:Nature_soil;plant_structure:The_fourth_extending_leaf;sample_name:sistl2-2
PRJEB25199	ERR2349752	SAMEA104653298	NA	NA	NA	NA	SY1-1	NA	ENA_first_public:2018-04-26;ENA_last_update:2018-02-27;ENA-CHECKLIST:ERC000037;External_Id:SAMEA104653298;INSDC_center_alias:CHINESE_ACADEMY_OF_AGRICULTURAL_SCIENCES;INSDC_center_name:CHINESE_ACADEMY_OF_AGRICULTURAL_SCIENCES;INSDC_first_public:2018-04-26T17:02:42Z;INSDC_last_update:2018-02-27T03:26:38Z;INSDC_status:public;Submitter_Id:SiYu1-1;collection_date:2017;common_name:foxtail_millet;geographic_location_(country_and/or_sea):China;geographic_location_(latitude):116°33'53E;geographic_location_(longitude):40°13'47N;isolation_and_growth_condition:field;plant_developmental_stage:Mature_period;plant_growth_medium:feild;plant_structure:leaf;sample_health_state:healthy;sample_name:SiYu1-1
PRJEB25199	ERR2349753	SAMEA104653293	NA	NA	NA	NA	SY1-2	NA	ENA_first_public:2018-04-26;ENA_last_update:2018-02-27;ENA-CHECKLIST:ERC000037;External_Id:SAMEA104653293;INSDC_center_alias:CHINESE_ACADEMY_OF_AGRICULTURAL_SCIENCES;INSDC_center_name:CHINESE_ACADEMY_OF_AGRICULTURAL_SCIENCES;INSDC_first_public:2018-04-26T17:02:42Z;INSDC_last_update:2018-02-27T03:26:38Z;INSDC_status:public;Submitter_Id:SiYu-2;collection_date:2017;common_name:foxtail_millet;geographic_location_(country_and/or_sea):China;geographic_location_(latitude):116°33'53E;geographic_location_(longitude):40°13'47N;isolation_and_growth_condition:field;plant_developmental_stage:Mature_period;plant_growth_medium:feild;plant_structure:leaf;sample_health_state:healthy;sample_name:SiYu-2
PRJEB25199	ERR2349754	SAMEA104653294	NA	NA	NA	NA	SY1-3	NA	ENA_first_public:2018-04-26;ENA_last_update:2018-02-27;ENA-CHECKLIST:ERC000037;External_Id:SAMEA104653294;INSDC_center_alias:CHINESE_ACADEMY_OF_AGRICULTURAL_SCIENCES;INSDC_center_name:CHINESE_ACADEMY_OF_AGRICULTURAL_SCIENCES;INSDC_first_public:2018-04-26T17:02:42Z;INSDC_last_update:2018-02-27T03:26:38Z;INSDC_status:public;Submitter_Id:SiYu-3;collection_date:2017;common_name:foxtail_millet;geographic_location_(country_and/or_sea):China;geographic_location_(latitude):116°33'53E;geographic_location_(longitude):40°13'47N;isolation_and_growth_condition:field;plant_developmental_stage:Mature_period;plant_growth_medium:feild;plant_structure:leaf;sample_health_state:healthy;sample_name:SiYu-3
PRJEB25199	ERR2349755	SAMEA104653295	NA	NA	NA	NA	SiPAA1-1	NA	ENA_first_public:2018-04-26;ENA_last_update:2018-02-27;ENA-CHECKLIST:ERC000037;External_Id:SAMEA104653295;INSDC_center_alias:CHINESE_ACADEMY_OF_AGRICULTURAL_SCIENCES;INSDC_center_name:CHINESE_ACADEMY_OF_AGRICULTURAL_SCIENCES;INSDC_first_public:2018-04-26T17:02:42Z;INSDC_last_update:2018-02-27T03:26:38Z;INSDC_status:public;Submitter_Id:sipaa1-1;collection_date:2017;common_name:foxtail_millet;geographic_location_(country_and/or_sea):China;geographic_location_(latitude):116°33'53E;geographic_location_(longitude):40°13'47N;isolation_and_growth_condition:field;plant_developmental_stage:Mature_period;plant_growth_medium:feild;plant_structure:leaf;sample_health_state:healthy;sample_name:sipaa1-1
PRJEB25199	ERR2349756	SAMEA104653296	NA	NA	NA	NA	SiPAA1-2	NA	ENA_first_public:2018-04-26;ENA_last_update:2018-02-27;ENA-CHECKLIST:ERC000037;External_Id:SAMEA104653296;INSDC_center_alias:CHINESE_ACADEMY_OF_AGRICULTURAL_SCIENCES;INSDC_center_name:CHINESE_ACADEMY_OF_AGRICULTURAL_SCIENCES;INSDC_first_public:2018-04-26T17:02:42Z;INSDC_last_update:2018-02-27T03:26:38Z;INSDC_status:public;Submitter_Id:sipaa1-2;collection_date:2017;common_name:foxtail_millet;geographic_location_(country_and/or_sea):China;geographic_location_(latitude):116°33'53E;geographic_location_(longitude):40°13'47N;isolation_and_growth_condition:field;plant_developmental_stage:Mature_period;plant_growth_medium:feild;plant_structure:leaf;sample_health_state:healthy;sample_name:sipaa1-2
PRJEB25199	ERR2349757	SAMEA104653297	NA	NA	NA	NA	SiPAA1-3	NA	ENA_first_public:2018-04-26;ENA_last_update:2018-02-27;ENA-CHECKLIST:ERC000037;External_Id:SAMEA104653297;INSDC_center_alias:CHINESE_ACADEMY_OF_AGRICULTURAL_SCIENCES;INSDC_center_name:CHINESE_ACADEMY_OF_AGRICULTURAL_SCIENCES;INSDC_first_public:2018-04-26T17:02:42Z;INSDC_last_update:2018-02-27T03:26:38Z;INSDC_status:public;Submitter_Id:sipaa1-3;collection_date:2017;common_name:foxtail_millet;geographic_location_(country_and/or_sea):China;geographic_location_(latitude):116°33'53E;geographic_location_(longitude):40°13'47N;isolation_and_growth_condition:field;plant_developmental_stage:Mature_period;plant_growth_medium:feild;plant_structure:leaf;sample_health_state:healthy;sample_name:sipaa1-3
PRJEB25717	ERR2442595	SAMEA104717788	NA	NA	NA	NA	unspecified	NA	ENA-CHECKLIST:ERC000037;ENA-FIRST-PUBLIC:2018-05-25T17:01:55Z;ENA-LAST-UPDATE:2018-03-26T04:01:19Z;External_Id:SAMEA104717788;INSDC_center_name:CHINESE_ACADEMY_OF_AGRICULTURAL_SCIENCES;INSDC_first_public:2018-05-25T17:01:55Z;INSDC_last_update:2018-03-26T04:01:19Z;INSDC_status:public;Submitter_Id:T616_L3_I311;collection_date:2018-03-26;common_name:foxtail_millet;estimated_size:6G;geographic_location_(country_and/or_sea):China;geographic_location_(latitude):3°51′N-53°33′N;geographic_location_(longitude):73°33′E-135°05′E;isolation_and_growth_condition:12183018A_and_field;number_of_replicons:1;plant_developmental_stage:shooting_stage;plant_growth_medium:field;plant_structure:leaves;sample_name:T616_L3_I311;scientific_name:Setaria_italica
PRJEB25717	ERR2442596	SAMEA104717789	NA	NA	NA	NA	unspecified	NA	ENA-CHECKLIST:ERC000037;ENA-FIRST-PUBLIC:2018-05-25T17:01:55Z;ENA-LAST-UPDATE:2018-03-26T04:01:19Z;External_Id:SAMEA104717789;INSDC_center_name:CHINESE_ACADEMY_OF_AGRICULTURAL_SCIENCES;INSDC_first_public:2018-05-25T17:01:55Z;INSDC_last_update:2018-03-26T04:01:19Z;INSDC_status:public;Submitter_Id:T616_L3_I312;collection_date:2018-03-26;common_name:foxtail_millet;estimated_size:6G;geographic_location_(country_and/or_sea):China;geographic_location_(latitude):3°51′N-53°33′N;geographic_location_(longitude):73°33′E-135°05′E;isolation_and_growth_condition:12183018A_and_field;number_of_replicons:1;plant_developmental_stage:shooting_stage;plant_growth_medium:field;plant_structure:leaves;sample_name:T616_L3_I312;scientific_name:Setaria_italica
PRJEB25717	ERR2442597	SAMEA104717790	NA	NA	NA	NA	unspecified	NA	ENA-CHECKLIST:ERC000037;ENA-FIRST-PUBLIC:2018-05-25T17:01:55Z;ENA-LAST-UPDATE:2018-03-26T04:01:19Z;External_Id:SAMEA104717790;INSDC_center_name:CHINESE_ACADEMY_OF_AGRICULTURAL_SCIENCES;INSDC_first_public:2018-05-25T17:01:55Z;INSDC_last_update:2018-03-26T04:01:19Z;INSDC_status:public;Submitter_Id:Yu-1_L3_I313;collection_date:2018-03-26;common_name:foxtail_millet;estimated_size:6G;geographic_location_(country_and/or_sea):China;geographic_location_(latitude):3°51′N-53°33′N;geographic_location_(longitude):73°33′E-135°05′E;isolation_and_growth_condition:12183018A_and_field;number_of_replicons:1;plant_developmental_stage:shooting_stage;plant_growth_medium:field;plant_structure:leaves;sample_name:Yu-1_L3_I313;scientific_name:Setaria_italica
PRJEB25717	ERR2442598	SAMEA104717791	NA	NA	NA	NA	unspecified	NA	ENA-CHECKLIST:ERC000037;ENA-FIRST-PUBLIC:2018-05-25T17:01:55Z;ENA-LAST-UPDATE:2018-03-26T04:01:19Z;External_Id:SAMEA104717791;INSDC_center_name:CHINESE_ACADEMY_OF_AGRICULTURAL_SCIENCES;INSDC_first_public:2018-05-25T17:01:55Z;INSDC_last_update:2018-03-26T04:01:19Z;INSDC_status:public;Submitter_Id:Yu-1_L3_I314;collection_date:2018-03-26;common_name:foxtail_millet;estimated_size:6G;geographic_location_(country_and/or_sea):China;geographic_location_(latitude):3°51′N-53°33′N;geographic_location_(longitude):73°33′E-135°05′E;isolation_and_growth_condition:12183018A_and_field;number_of_replicons:1;plant_developmental_stage:shooting_stage;plant_growth_medium:field;plant_structure:leaves;sample_name:Yu-1_L3_I314;scientific_name:Setaria_italica
PRJEB26878	ERR2589539	SAMEA4672777	NA	NA	NA	NA	unspecified	NA	ENA-CHECKLIST:ERC000037;ENA-FIRST-PUBLIC:2018-07-21T17:01:58Z;ENA-LAST-UPDATE:2018-05-22T08:57:08Z;External_Id:SAMEA4672777;INSDC_center_name:CHINESE_ACADEMY_OF_AGRICULTURAL_SCIENCES;INSDC_first_public:2018-07-21T17:01:58Z;INSDC_last_update:2018-05-22T08:57:08Z;INSDC_status:public;Submitter_Id:yugu1;collection_date:2016-07;common_name:foxtail_millet;estimated_size:2G;geographic_location_(country_and/or_sea):China;geographic_location_(latitude):40.13;geographic_location_(longitude):116.65;isolation_and_growth_condition:field;number_of_replicons:1;plant_developmental_stage:shooting_stage;plant_growth_medium:field;plant_structure:PO_0025034_leaf;sample_name:yugu1;scientific_name:Setaria_italica
PRJEB26878	ERR2589540	SAMEA4672778	NA	NA	NA	NA	unspecified	NA	ENA-CHECKLIST:ERC000037;ENA-FIRST-PUBLIC:2018-07-21T17:01:58Z;ENA-LAST-UPDATE:2018-05-22T08:57:08Z;External_Id:SAMEA4672778;INSDC_center_name:CHINESE_ACADEMY_OF_AGRICULTURAL_SCIENCES;INSDC_first_public:2018-07-21T17:01:58Z;INSDC_last_update:2018-05-22T08:57:08Z;INSDC_status:public;Submitter_Id:sistl1;collection_date:2016-07;common_name:foxtail_millet;estimated_size:2G;geographic_location_(country_and/or_sea):China;geographic_location_(latitude):40.13;geographic_location_(longitude):116.65;isolation_and_growth_condition:field;number_of_replicons:1;plant_developmental_stage:shooting_stage;plant_growth_medium:field;plant_structure:PO_0025034_leaf;sample_name:sistl1;scientific_name:Setaria_italica
PRJEB24803	ERR2695647	SAMEA4784905	NA	NA	NA	NA	unspecified	NA	ENA-CHECKLIST:ERC000037;ENA-FIRST-PUBLIC:2018-08-09T17:03:22Z;ENA-LAST-UPDATE:2018-07-11T01:40:58Z;External_Id:SAMEA4784905;INSDC_center_name:CHINESE_ACADEMY_OF_AGRICULTURAL_SCIENCES;INSDC_first_public:2018-08-09T17:03:22Z;INSDC_last_update:2018-07-11T01:40:58Z;INSDC_status:public;Submitter_Id:Yu1R3;collection_date:2016-07-20;common_name:foxtail_millet;estimated_size:24_gb;geographic_location_(country_and/or_sea):China;geographic_location_(latitude):39.96;geographic_location_(longitude):116.32;isolation_and_growth_condition:PMC4892719;number_of_replicons:3;plant_developmental_stage:3-4_leaf_seedling;plant_growth_medium:soil;plant_structure:leaf;ploidy:diploidy;sample_name:Yu1R3;scientific_name:Setaria_italica
PRJEB24803	ERR2695648	SAMEA4784906	NA	NA	NA	NA	unspecified	NA	ENA-CHECKLIST:ERC000037;ENA-FIRST-PUBLIC:2018-08-09T17:03:22Z;ENA-LAST-UPDATE:2018-07-11T01:40:58Z;External_Id:SAMEA4784906;INSDC_center_name:CHINESE_ACADEMY_OF_AGRICULTURAL_SCIENCES;INSDC_first_public:2018-08-09T17:03:22Z;INSDC_last_update:2018-07-11T01:40:58Z;INSDC_status:public;Submitter_Id:stl2R3;collection_date:2016-07-20;common_name:foxtail_millet;estimated_size:24_gb;geographic_location_(country_and/or_sea):China;geographic_location_(latitude):39.96;geographic_location_(longitude):116.32;isolation_and_growth_condition:PMC4892719;number_of_replicons:3;plant_developmental_stage:3-4_leaf_seedling;plant_growth_medium:soil;plant_structure:leaf;ploidy:diploidy;sample_name:stl2R3;scientific_name:Setaria_italica
PRJEB31229	ERR3153865	SAMEA5335626	NA	NA	NA	NA	Y1-rep1	NA	ENA-CHECKLIST:ERC000037;ENA-FIRST-PUBLIC:2019-04-12T04:02:33Z;ENA-LAST-UPDATE:2019-02-13T04:43:25Z;External_Id:SAMEA5335626;INSDC_center_name:CHINESE_ACADEMY_OF_AGRICULTURAL_SCIENCES;INSDC_first_public:2019-04-12T04:02:33Z;INSDC_last_update:2019-02-13T04:43:25Z;INSDC_status:public;Submitter_Id:Y1;collection_date:2018-03;common_name:foxtail_millet;estimated_size:500000000;geographic_location_(country_and/or_sea):China;geographic_location_(latitude):38.05;geographic_location_(longitude):114.47;isolation_and_growth_condition:growth_chamber;number_of_replicons:3;plant_developmental_stage:4-leaf-seedlings;plant_growth_medium:soil;plant_structure:leaf;sample_name:Y1;scientific_name:Setaria_italica
PRJEB31229	ERR3153866	SAMEA5335626	NA	NA	NA	NA	Y1-rep2	NA	ENA-CHECKLIST:ERC000037;ENA-FIRST-PUBLIC:2019-04-12T04:02:33Z;ENA-LAST-UPDATE:2019-02-13T04:43:25Z;External_Id:SAMEA5335626;INSDC_center_name:CHINESE_ACADEMY_OF_AGRICULTURAL_SCIENCES;INSDC_first_public:2019-04-12T04:02:33Z;INSDC_last_update:2019-02-13T04:43:25Z;INSDC_status:public;Submitter_Id:Y1;collection_date:2018-03;common_name:foxtail_millet;estimated_size:500000000;geographic_location_(country_and/or_sea):China;geographic_location_(latitude):38.05;geographic_location_(longitude):114.47;isolation_and_growth_condition:growth_chamber;number_of_replicons:3;plant_developmental_stage:4-leaf-seedlings;plant_growth_medium:soil;plant_structure:leaf;sample_name:Y1;scientific_name:Setaria_italica
PRJEB31229	ERR3153867	SAMEA5335626	NA	NA	NA	NA	Y1-rep3	NA	ENA-CHECKLIST:ERC000037;ENA-FIRST-PUBLIC:2019-04-12T04:02:33Z;ENA-LAST-UPDATE:2019-02-13T04:43:25Z;External_Id:SAMEA5335626;INSDC_center_name:CHINESE_ACADEMY_OF_AGRICULTURAL_SCIENCES;INSDC_first_public:2019-04-12T04:02:33Z;INSDC_last_update:2019-02-13T04:43:25Z;INSDC_status:public;Submitter_Id:Y1;collection_date:2018-03;common_name:foxtail_millet;estimated_size:500000000;geographic_location_(country_and/or_sea):China;geographic_location_(latitude):38.05;geographic_location_(longitude):114.47;isolation_and_growth_condition:growth_chamber;number_of_replicons:3;plant_developmental_stage:4-leaf-seedlings;plant_growth_medium:soil;plant_structure:leaf;sample_name:Y1;scientific_name:Setaria_italica
PRJEB31229	ERR3153868	SAMEA5335627	NA	NA	NA	NA	Y1.BR-rep1	NA	ENA-CHECKLIST:ERC000037;ENA-FIRST-PUBLIC:2019-04-12T04:02:33Z;ENA-LAST-UPDATE:2019-02-13T04:43:25Z;External_Id:SAMEA5335627;INSDC_center_name:CHINESE_ACADEMY_OF_AGRICULTURAL_SCIENCES;INSDC_first_public:2019-04-12T04:02:33Z;INSDC_last_update:2019-02-13T04:43:25Z;INSDC_status:public;Submitter_Id:Y1.BR;collection_date:2018-03;common_name:foxtail_millet;estimated_size:500000000;geographic_location_(country_and/or_sea):China;geographic_location_(latitude):38.05;geographic_location_(longitude):114.47;isolation_and_growth_condition:growth_chamber;number_of_replicons:3;plant_developmental_stage:4-leaf-seedlings;plant_growth_medium:soil;plant_structure:leaf;sample_name:Y1.BR;scientific_name:Setaria_italica
PRJEB31229	ERR3153869	SAMEA5335627	NA	NA	NA	NA	Y1.BR-rep2	NA	ENA-CHECKLIST:ERC000037;ENA-FIRST-PUBLIC:2019-04-12T04:02:33Z;ENA-LAST-UPDATE:2019-02-13T04:43:25Z;External_Id:SAMEA5335627;INSDC_center_name:CHINESE_ACADEMY_OF_AGRICULTURAL_SCIENCES;INSDC_first_public:2019-04-12T04:02:33Z;INSDC_last_update:2019-02-13T04:43:25Z;INSDC_status:public;Submitter_Id:Y1.BR;collection_date:2018-03;common_name:foxtail_millet;estimated_size:500000000;geographic_location_(country_and/or_sea):China;geographic_location_(latitude):38.05;geographic_location_(longitude):114.47;isolation_and_growth_condition:growth_chamber;number_of_replicons:3;plant_developmental_stage:4-leaf-seedlings;plant_growth_medium:soil;plant_structure:leaf;sample_name:Y1.BR;scientific_name:Setaria_italica
PRJEB31229	ERR3153870	SAMEA5335627	NA	NA	NA	NA	Y1.BR-rep3	NA	ENA-CHECKLIST:ERC000037;ENA-FIRST-PUBLIC:2019-04-12T04:02:33Z;ENA-LAST-UPDATE:2019-02-13T04:43:25Z;External_Id:SAMEA5335627;INSDC_center_name:CHINESE_ACADEMY_OF_AGRICULTURAL_SCIENCES;INSDC_first_public:2019-04-12T04:02:33Z;INSDC_last_update:2019-02-13T04:43:25Z;INSDC_status:public;Submitter_Id:Y1.BR;collection_date:2018-03;common_name:foxtail_millet;estimated_size:500000000;geographic_location_(country_and/or_sea):China;geographic_location_(latitude):38.05;geographic_location_(longitude):114.47;isolation_and_growth_condition:growth_chamber;number_of_replicons:3;plant_developmental_stage:4-leaf-seedlings;plant_growth_medium:soil;plant_structure:leaf;sample_name:Y1.BR;scientific_name:Setaria_italica
PRJEB31229	ERR3153871	SAMEA5335628	NA	NA	NA	NA	dpy1.BR-rep1	NA	ENA-CHECKLIST:ERC000037;ENA-FIRST-PUBLIC:2019-04-12T04:02:33Z;ENA-LAST-UPDATE:2019-02-13T04:43:25Z;External_Id:SAMEA5335628;INSDC_center_name:CHINESE_ACADEMY_OF_AGRICULTURAL_SCIENCES;INSDC_first_public:2019-04-12T04:02:33Z;INSDC_last_update:2019-02-13T04:43:25Z;INSDC_status:public;Submitter_Id:dpy1;collection_date:2018-03;common_name:foxtail_millet;estimated_size:500000000;geographic_location_(country_and/or_sea):China;geographic_location_(latitude):38.05;geographic_location_(longitude):114.47;isolation_and_growth_condition:growth_chamber;number_of_replicons:3;plant_developmental_stage:4-leaf-seedlings;plant_growth_medium:soil;plant_structure:leaf;sample_name:dpy1;scientific_name:Setaria_italica
PRJEB31229	ERR3153872	SAMEA5335628	NA	NA	NA	NA	dpy1.BR-rep2	NA	ENA-CHECKLIST:ERC000037;ENA-FIRST-PUBLIC:2019-04-12T04:02:33Z;ENA-LAST-UPDATE:2019-02-13T04:43:25Z;External_Id:SAMEA5335628;INSDC_center_name:CHINESE_ACADEMY_OF_AGRICULTURAL_SCIENCES;INSDC_first_public:2019-04-12T04:02:33Z;INSDC_last_update:2019-02-13T04:43:25Z;INSDC_status:public;Submitter_Id:dpy1;collection_date:2018-03;common_name:foxtail_millet;estimated_size:500000000;geographic_location_(country_and/or_sea):China;geographic_location_(latitude):38.05;geographic_location_(longitude):114.47;isolation_and_growth_condition:growth_chamber;number_of_replicons:3;plant_developmental_stage:4-leaf-seedlings;plant_growth_medium:soil;plant_structure:leaf;sample_name:dpy1;scientific_name:Setaria_italica
PRJEB31229	ERR3153873	SAMEA5335628	NA	NA	NA	NA	dpy1.BR-rep3	NA	ENA-CHECKLIST:ERC000037;ENA-FIRST-PUBLIC:2019-04-12T04:02:33Z;ENA-LAST-UPDATE:2019-02-13T04:43:25Z;External_Id:SAMEA5335628;INSDC_center_name:CHINESE_ACADEMY_OF_AGRICULTURAL_SCIENCES;INSDC_first_public:2019-04-12T04:02:33Z;INSDC_last_update:2019-02-13T04:43:25Z;INSDC_status:public;Submitter_Id:dpy1;collection_date:2018-03;common_name:foxtail_millet;estimated_size:500000000;geographic_location_(country_and/or_sea):China;geographic_location_(latitude):38.05;geographic_location_(longitude):114.47;isolation_and_growth_condition:growth_chamber;number_of_replicons:3;plant_developmental_stage:4-leaf-seedlings;plant_growth_medium:soil;plant_structure:leaf;sample_name:dpy1;scientific_name:Setaria_italica
PRJEB37631	ERR4000211	SAMEA6651314	NA	NA	NA	NA	RNAi_30_s	NA	ENA_first_public:2022-01-01;ENA_last_update:2022-01-01;ENA-CHECKLIST:ERC000011;External_Id:SAMEA6651314;INSDC_center_alias:OXFORD;INSDC_center_name:University_of_Oxford;INSDC_first_public:2022-01-01T00:12:21Z;INSDC_last_update:2022-01-01T00:12:21Z;INSDC_status:public;Submitter_Id:E-MTAB-8907:RNAi_30;broker_name:ArrayExpress;common_name:foxtail_millet;cultivar:Setaria_viridis;genotype:MPA1_RNAi;organism_part:leaf;sample_name:E-MTAB-8907:RNAi_30
PRJEB37631	ERR4000212	SAMEA6651315	NA	NA	NA	NA	RNAi_31_s	NA	ENA_first_public:2022-01-01;ENA_last_update:2022-01-01;ENA-CHECKLIST:ERC000011;External_Id:SAMEA6651315;INSDC_center_alias:OXFORD;INSDC_center_name:University_of_Oxford;INSDC_first_public:2022-01-01T00:12:21Z;INSDC_last_update:2022-01-01T00:12:21Z;INSDC_status:public;Submitter_Id:E-MTAB-8907:RNAi_31;broker_name:ArrayExpress;common_name:foxtail_millet;cultivar:Setaria_viridis;genotype:MPA1_RNAi;organism_part:leaf;sample_name:E-MTAB-8907:RNAi_31
PRJEB37631	ERR4000213	SAMEA6651316	NA	NA	NA	NA	RNAi_35_s	NA	ENA_first_public:2022-01-01;ENA_last_update:2022-01-01;ENA-CHECKLIST:ERC000011;External_Id:SAMEA6651316;INSDC_center_alias:OXFORD;INSDC_center_name:University_of_Oxford;INSDC_first_public:2022-01-01T00:12:21Z;INSDC_last_update:2022-01-01T00:12:21Z;INSDC_status:public;Submitter_Id:E-MTAB-8907:RNAi_35;broker_name:ArrayExpress;common_name:foxtail_millet;cultivar:Setaria_viridis;genotype:MPA1_RNAi;organism_part:leaf;sample_name:E-MTAB-8907:RNAi_35
PRJEB37631	ERR4000214	SAMEA6651317	NA	NA	NA	NA	segWT_30_s	NA	ENA_first_public:2022-01-01;ENA_last_update:2022-01-01;ENA-CHECKLIST:ERC000011;External_Id:SAMEA6651317;INSDC_center_alias:OXFORD;INSDC_center_name:University_of_Oxford;INSDC_first_public:2022-01-01T00:12:21Z;INSDC_last_update:2022-01-01T00:12:21Z;INSDC_status:public;Submitter_Id:E-MTAB-8907:segWT_30;broker_name:ArrayExpress;common_name:foxtail_millet;cultivar:Setaria_viridis;genotype:wild_type_genotype;organism_part:leaf;sample_name:E-MTAB-8907:segWT_30
PRJEB37631	ERR4000215	SAMEA6651318	NA	NA	NA	NA	segWT_31_s	NA	ENA_first_public:2022-01-01;ENA_last_update:2022-01-01;ENA-CHECKLIST:ERC000011;External_Id:SAMEA6651318;INSDC_center_alias:OXFORD;INSDC_center_name:University_of_Oxford;INSDC_first_public:2022-01-01T00:12:21Z;INSDC_last_update:2022-01-01T00:12:21Z;INSDC_status:public;Submitter_Id:E-MTAB-8907:segWT_31;broker_name:ArrayExpress;common_name:foxtail_millet;cultivar:Setaria_viridis;genotype:wild_type_genotype;organism_part:leaf;sample_name:E-MTAB-8907:segWT_31
PRJEB37631	ERR4000216	SAMEA6651319	NA	NA	NA	NA	segWT_35_s	NA	ENA_first_public:2022-01-01;ENA_last_update:2022-01-01;ENA-CHECKLIST:ERC000011;External_Id:SAMEA6651319;INSDC_center_alias:OXFORD;INSDC_center_name:University_of_Oxford;INSDC_first_public:2022-01-01T00:12:21Z;INSDC_last_update:2022-01-01T00:12:21Z;INSDC_status:public;Submitter_Id:E-MTAB-8907:segWT_35;broker_name:ArrayExpress;common_name:foxtail_millet;cultivar:Setaria_viridis;genotype:wild_type_genotype;organism_part:leaf;sample_name:E-MTAB-8907:segWT_35
PRJEB43702	ERR5518501	SAMEA8380045	NA	NA	NA	NA	Ci134CKLE3	NA	ENA_first_public:2021-07-24;ENA_last_update:2021-07-24;ENA-CHECKLIST:ERC000037;External_Id:SAMEA8380045;INSDC_center_alias:Chinese_Academy_of_Agriculture_Sciences;INSDC_center_name:Chinese_Academy_of_Agriculture_Sciences;INSDC_first_public:2021-07-24T12:11:14Z;INSDC_last_update:2021-07-24T12:11:14Z;INSDC_status:public;Submitter_Id:Ci134CK_Leaf_3;collection_date:2017-06-26;common_name:foxtail_millet;estimated_size:400M;geographic_location_(country_and/or_sea):China;geographic_location_(latitude):116.19;geographic_location_(longitude):39.57;growth_facility:other;isolation_and_growth_condition:greenhouse_planted_in_pots;number_of_replicons:3;plant_developmental_stage:jointing_stage;plant_growth_medium:soil_culture_medium;plant_structure:leaf;plant_treatment:control;sample_name:Ci134CK_Leaf_3;watering_regimen:weekly_watered_until_sampling
PRJEB43702	ERR5518502	SAMEA8380047	NA	NA	NA	NA	Ci134CKLE1	NA	ENA_first_public:2021-07-24;ENA_last_update:2021-07-24;ENA-CHECKLIST:ERC000037;External_Id:SAMEA8380047;INSDC_center_alias:Chinese_Academy_of_Agriculture_Sciences;INSDC_center_name:Chinese_Academy_of_Agriculture_Sciences;INSDC_first_public:2021-07-24T12:11:14Z;INSDC_last_update:2021-07-24T12:11:14Z;INSDC_status:public;Submitter_Id:Ci134CK_Leaf_1;collection_date:2017-06-26;common_name:foxtail_millet;estimated_size:400M;geographic_location_(country_and/or_sea):China;geographic_location_(latitude):116.19;geographic_location_(longitude):39.57;growth_facility:other;isolation_and_growth_condition:greenhouse_planted_in_pots;number_of_replicons:3;plant_developmental_stage:jointing_stage;plant_growth_medium:soil_culture_medium;plant_structure:leaf;plant_treatment:control;sample_name:Ci134CK_Leaf_1;watering_regimen:weekly_watered_until_sampling
PRJEB43702	ERR5518503	SAMEA8380055	NA	NA	NA	NA	Ci134CKLE2	NA	ENA_first_public:2021-07-24;ENA_last_update:2021-07-24;ENA-CHECKLIST:ERC000037;External_Id:SAMEA8380055;INSDC_center_alias:Chinese_Academy_of_Agriculture_Sciences;INSDC_center_name:Chinese_Academy_of_Agriculture_Sciences;INSDC_first_public:2021-07-24T12:11:14Z;INSDC_last_update:2021-07-24T12:11:14Z;INSDC_status:public;Submitter_Id:Ci134CK_Leaf_2;collection_date:2017-06-26;common_name:foxtail_millet;estimated_size:400M;geographic_location_(country_and/or_sea):China;geographic_location_(latitude):116.19;geographic_location_(longitude):39.57;growth_facility:other;isolation_and_growth_condition:greenhouse_planted_in_pots;number_of_replicons:3;plant_developmental_stage:jointing_stage;plant_growth_medium:soil_culture_medium;plant_structure:leaf;plant_treatment:control;sample_name:Ci134CK_Leaf_2;watering_regimen:weekly_watered_until_sampling
PRJEB43702	ERR5518504	SAMEA8380064	NA	NA	NA	NA	Ci134CKRO3	NA	ENA_first_public:2021-07-24;ENA_last_update:2021-07-24;ENA-CHECKLIST:ERC000037;External_Id:SAMEA8380064;INSDC_center_alias:Chinese_Academy_of_Agriculture_Sciences;INSDC_center_name:Chinese_Academy_of_Agriculture_Sciences;INSDC_first_public:2021-07-24T12:11:14Z;INSDC_last_update:2021-07-24T12:11:14Z;INSDC_status:public;Submitter_Id:Ci134CK_Root_3;collection_date:2017-06-26;common_name:foxtail_millet;estimated_size:400M;geographic_location_(country_and/or_sea):China;geographic_location_(latitude):116.19;geographic_location_(longitude):39.57;growth_facility:other;isolation_and_growth_condition:greenhouse_planted_in_pots;number_of_replicons:3;plant_developmental_stage:jointing_stage;plant_growth_medium:soil_culture_medium;plant_structure:root;plant_treatment:control;sample_name:Ci134CK_Root_3;watering_regimen:weekly_watered_until_sampling
PRJEB43702	ERR5518505	SAMEA8380068	NA	NA	NA	NA	Ci134CKRO1	NA	ENA_first_public:2021-07-24;ENA_last_update:2021-07-24;ENA-CHECKLIST:ERC000037;External_Id:SAMEA8380068;INSDC_center_alias:Chinese_Academy_of_Agriculture_Sciences;INSDC_center_name:Chinese_Academy_of_Agriculture_Sciences;INSDC_first_public:2021-07-24T12:11:14Z;INSDC_last_update:2021-07-24T12:11:14Z;INSDC_status:public;Submitter_Id:Ci134CK_Root_1;collection_date:2017-06-26;common_name:foxtail_millet;estimated_size:400M;geographic_location_(country_and/or_sea):China;geographic_location_(latitude):116.19;geographic_location_(longitude):39.57;growth_facility:other;isolation_and_growth_condition:greenhouse_planted_in_pots;number_of_replicons:3;plant_developmental_stage:jointing_stage;plant_growth_medium:soil_culture_medium;plant_structure:root;plant_treatment:control;sample_name:Ci134CK_Root_1;watering_regimen:weekly_watered_until_sampling
PRJEB43702	ERR5518506	SAMEA8380074	NA	NA	NA	NA	Ci134CKRO2	NA	ENA_first_public:2021-07-24;ENA_last_update:2021-07-24;ENA-CHECKLIST:ERC000037;External_Id:SAMEA8380074;INSDC_center_alias:Chinese_Academy_of_Agriculture_Sciences;INSDC_center_name:Chinese_Academy_of_Agriculture_Sciences;INSDC_first_public:2021-07-24T12:11:14Z;INSDC_last_update:2021-07-24T12:11:14Z;INSDC_status:public;Submitter_Id:Ci134CK_Root_2;collection_date:2017-06-26;common_name:foxtail_millet;estimated_size:400M;geographic_location_(country_and/or_sea):China;geographic_location_(latitude):116.19;geographic_location_(longitude):39.57;growth_facility:other;isolation_and_growth_condition:greenhouse_planted_in_pots;number_of_replicons:3;plant_developmental_stage:jointing_stage;plant_growth_medium:soil_culture_medium;plant_structure:root;plant_treatment:control;sample_name:Ci134CK_Root_2;watering_regimen:weekly_watered_until_sampling
PRJEB43702	ERR5518507	SAMEA8380080	NA	NA	NA	NA	Ci134CKST3	NA	ENA_first_public:2021-07-24;ENA_last_update:2021-07-24;ENA-CHECKLIST:ERC000037;External_Id:SAMEA8380080;INSDC_center_alias:Chinese_Academy_of_Agriculture_Sciences;INSDC_center_name:Chinese_Academy_of_Agriculture_Sciences;INSDC_first_public:2021-07-24T12:11:14Z;INSDC_last_update:2021-07-24T12:11:14Z;INSDC_status:public;Submitter_Id:Ci134CK_Stem_3;collection_date:2017-06-26;common_name:foxtail_millet;estimated_size:400M;geographic_location_(country_and/or_sea):China;geographic_location_(latitude):116.19;geographic_location_(longitude):39.57;growth_facility:other;isolation_and_growth_condition:greenhouse_planted_in_pots;number_of_replicons:3;plant_developmental_stage:jointing_stage;plant_growth_medium:soil_culture_medium;plant_structure:Stem;plant_treatment:control;sample_name:Ci134CK_Stem_3;watering_regimen:weekly_watered_until_sampling
PRJEB43702	ERR5518508	SAMEA8380088	NA	NA	NA	NA	Ci134CKST1	NA	ENA_first_public:2021-07-24;ENA_last_update:2021-07-24;ENA-CHECKLIST:ERC000037;External_Id:SAMEA8380088;INSDC_center_alias:Chinese_Academy_of_Agriculture_Sciences;INSDC_center_name:Chinese_Academy_of_Agriculture_Sciences;INSDC_first_public:2021-07-24T12:11:14Z;INSDC_last_update:2021-07-24T12:11:14Z;INSDC_status:public;Submitter_Id:Ci134CK_Stem_1;collection_date:2017-06-26;common_name:foxtail_millet;estimated_size:400M;geographic_location_(country_and/or_sea):China;geographic_location_(latitude):116.19;geographic_location_(longitude):39.57;growth_facility:other;isolation_and_growth_condition:greenhouse_planted_in_pots;number_of_replicons:3;plant_developmental_stage:jointing_stage;plant_growth_medium:soil_culture_medium;plant_structure:Stem;plant_treatment:control;sample_name:Ci134CK_Stem_1;watering_regimen:weekly_watered_until_sampling
PRJEB43702	ERR5518509	SAMEA8380091	NA	NA	NA	NA	Ci134CKST2	NA	ENA_first_public:2021-07-24;ENA_last_update:2021-07-24;ENA-CHECKLIST:ERC000037;External_Id:SAMEA8380091;INSDC_center_alias:Chinese_Academy_of_Agriculture_Sciences;INSDC_center_name:Chinese_Academy_of_Agriculture_Sciences;INSDC_first_public:2021-07-24T12:11:14Z;INSDC_last_update:2021-07-24T12:11:14Z;INSDC_status:public;Submitter_Id:Ci134CK_Stem_2;collection_date:2017-06-26;common_name:foxtail_millet;estimated_size:400M;geographic_location_(country_and/or_sea):China;geographic_location_(latitude):116.19;geographic_location_(longitude):39.57;growth_facility:other;isolation_and_growth_condition:greenhouse_planted_in_pots;number_of_replicons:3;plant_developmental_stage:jointing_stage;plant_growth_medium:soil_culture_medium;plant_structure:Stem;plant_treatment:control;sample_name:Ci134CK_Stem_2;watering_regimen:weekly_watered_until_sampling
PRJEB43702	ERR5518510	SAMEA8380098	NA	NA	NA	NA	Ci134DRLE3	NA	ENA_first_public:2021-07-24;ENA_last_update:2021-07-24;ENA-CHECKLIST:ERC000037;External_Id:SAMEA8380098;INSDC_center_alias:Chinese_Academy_of_Agriculture_Sciences;INSDC_center_name:Chinese_Academy_of_Agriculture_Sciences;INSDC_first_public:2021-07-24T12:11:14Z;INSDC_last_update:2021-07-24T12:11:14Z;INSDC_status:public;Submitter_Id:Ci134DR_Leaf_3;collection_date:2017-06-26;common_name:foxtail_millet;estimated_size:400M;geographic_location_(country_and/or_sea):China;geographic_location_(latitude):116.19;geographic_location_(longitude):39.57;growth_facility:other;isolation_and_growth_condition:greenhouse_planted_in_pots;number_of_replicons:3;plant_developmental_stage:jointing_stage;plant_growth_medium:soil_culture_medium;plant_structure:leaf;plant_treatment:drought;sample_name:Ci134DR_Leaf_3;watering_regimen:weekly_watered_until_2_weeks_before_sampling
PRJEB43702	ERR5518511	SAMEA8380105	NA	NA	NA	NA	Ci134DRLE1	NA	ENA_first_public:2021-07-24;ENA_last_update:2021-07-24;ENA-CHECKLIST:ERC000037;External_Id:SAMEA8380105;INSDC_center_alias:Chinese_Academy_of_Agriculture_Sciences;INSDC_center_name:Chinese_Academy_of_Agriculture_Sciences;INSDC_first_public:2021-07-24T12:11:14Z;INSDC_last_update:2021-07-24T12:11:14Z;INSDC_status:public;Submitter_Id:Ci134DR_Leaf_1;collection_date:2017-06-26;common_name:foxtail_millet;estimated_size:400M;geographic_location_(country_and/or_sea):China;geographic_location_(latitude):116.19;geographic_location_(longitude):39.57;growth_facility:other;isolation_and_growth_condition:greenhouse_planted_in_pots;number_of_replicons:3;plant_developmental_stage:jointing_stage;plant_growth_medium:soil_culture_medium;plant_structure:leaf;plant_treatment:drought;sample_name:Ci134DR_Leaf_1;watering_regimen:weekly_watered_until_2_weeks_before_sampling
PRJEB43702	ERR5518512	SAMEA8380112	NA	NA	NA	NA	Ci134DRLE2	NA	ENA_first_public:2021-07-24;ENA_last_update:2021-07-24;ENA-CHECKLIST:ERC000037;External_Id:SAMEA8380112;INSDC_center_alias:Chinese_Academy_of_Agriculture_Sciences;INSDC_center_name:Chinese_Academy_of_Agriculture_Sciences;INSDC_first_public:2021-07-24T12:11:14Z;INSDC_last_update:2021-07-24T12:11:14Z;INSDC_status:public;Submitter_Id:Ci134DR_Leaf_2;collection_date:2017-06-26;common_name:foxtail_millet;estimated_size:400M;geographic_location_(country_and/or_sea):China;geographic_location_(latitude):116.19;geographic_location_(longitude):39.57;growth_facility:other;isolation_and_growth_condition:greenhouse_planted_in_pots;number_of_replicons:3;plant_developmental_stage:jointing_stage;plant_growth_medium:soil_culture_medium;plant_structure:leaf;plant_treatment:drought;sample_name:Ci134DR_Leaf_2;watering_regimen:weekly_watered_until_2_weeks_before_sampling
PRJEB43702	ERR5518513	SAMEA8380117	NA	NA	NA	NA	Ci134DRRO3	NA	ENA_first_public:2021-07-24;ENA_last_update:2021-07-24;ENA-CHECKLIST:ERC000037;External_Id:SAMEA8380117;INSDC_center_alias:Chinese_Academy_of_Agriculture_Sciences;INSDC_center_name:Chinese_Academy_of_Agriculture_Sciences;INSDC_first_public:2021-07-24T12:11:14Z;INSDC_last_update:2021-07-24T12:11:14Z;INSDC_status:public;Submitter_Id:Ci134DR_Root_3;collection_date:2017-06-26;common_name:foxtail_millet;estimated_size:400M;geographic_location_(country_and/or_sea):China;geographic_location_(latitude):116.19;geographic_location_(longitude):39.57;growth_facility:other;isolation_and_growth_condition:greenhouse_planted_in_pots;number_of_replicons:3;plant_developmental_stage:jointing_stage;plant_growth_medium:soil_culture_medium;plant_structure:root;plant_treatment:drought;sample_name:Ci134DR_Root_3;watering_regimen:weekly_watered_until_2_weeks_before_sampling
PRJEB43702	ERR5518514	SAMEA8380124	NA	NA	NA	NA	Ci134DRRO1	NA	ENA_first_public:2021-07-24;ENA_last_update:2021-07-24;ENA-CHECKLIST:ERC000037;External_Id:SAMEA8380124;INSDC_center_alias:Chinese_Academy_of_Agriculture_Sciences;INSDC_center_name:Chinese_Academy_of_Agriculture_Sciences;INSDC_first_public:2021-07-24T12:11:14Z;INSDC_last_update:2021-07-24T12:11:14Z;INSDC_status:public;Submitter_Id:Ci134DR_Root_1;collection_date:2017-06-26;common_name:foxtail_millet;estimated_size:400M;geographic_location_(country_and/or_sea):China;geographic_location_(latitude):116.19;geographic_location_(longitude):39.57;growth_facility:other;isolation_and_growth_condition:greenhouse_planted_in_pots;number_of_replicons:3;plant_developmental_stage:jointing_stage;plant_growth_medium:soil_culture_medium;plant_structure:root;plant_treatment:drought;sample_name:Ci134DR_Root_1;watering_regimen:weekly_watered_until_2_weeks_before_sampling
PRJEB43702	ERR5518515	SAMEA8380130	NA	NA	NA	NA	Ci134DRRO2	NA	ENA_first_public:2021-07-24;ENA_last_update:2021-07-24;ENA-CHECKLIST:ERC000037;External_Id:SAMEA8380130;INSDC_center_alias:Chinese_Academy_of_Agriculture_Sciences;INSDC_center_name:Chinese_Academy_of_Agriculture_Sciences;INSDC_first_public:2021-07-24T12:11:14Z;INSDC_last_update:2021-07-24T12:11:14Z;INSDC_status:public;Submitter_Id:Ci134DR_Root_2;collection_date:2017-06-26;common_name:foxtail_millet;estimated_size:400M;geographic_location_(country_and/or_sea):China;geographic_location_(latitude):116.19;geographic_location_(longitude):39.57;growth_facility:other;isolation_and_growth_condition:greenhouse_planted_in_pots;number_of_replicons:3;plant_developmental_stage:jointing_stage;plant_growth_medium:soil_culture_medium;plant_structure:root;plant_treatment:drought;sample_name:Ci134DR_Root_2;watering_regimen:weekly_watered_until_2_weeks_before_sampling
PRJEB43702	ERR5518516	SAMEA8380137	NA	NA	NA	NA	Ci134DRST3	NA	ENA_first_public:2021-07-24;ENA_last_update:2021-07-24;ENA-CHECKLIST:ERC000037;External_Id:SAMEA8380137;INSDC_center_alias:Chinese_Academy_of_Agriculture_Sciences;INSDC_center_name:Chinese_Academy_of_Agriculture_Sciences;INSDC_first_public:2021-07-24T12:11:14Z;INSDC_last_update:2021-07-24T12:11:14Z;INSDC_status:public;Submitter_Id:Ci134DR_Stem_3;collection_date:2017-06-26;common_name:foxtail_millet;estimated_size:400M;geographic_location_(country_and/or_sea):China;geographic_location_(latitude):116.19;geographic_location_(longitude):39.57;growth_facility:other;isolation_and_growth_condition:greenhouse_planted_in_pots;number_of_replicons:3;plant_developmental_stage:jointing_stage;plant_growth_medium:soil_culture_medium;plant_structure:Stem;plant_treatment:drought;sample_name:Ci134DR_Stem_3;watering_regimen:weekly_watered_until_2_weeks_before_sampling
PRJEB43702	ERR5518517	SAMEA8380149	NA	NA	NA	NA	Ci134DRST1	NA	ENA_first_public:2021-07-24;ENA_last_update:2021-07-24;ENA-CHECKLIST:ERC000037;External_Id:SAMEA8380149;INSDC_center_alias:Chinese_Academy_of_Agriculture_Sciences;INSDC_center_name:Chinese_Academy_of_Agriculture_Sciences;INSDC_first_public:2021-07-24T12:11:14Z;INSDC_last_update:2021-07-24T12:11:14Z;INSDC_status:public;Submitter_Id:Ci134DR_Stem_1;collection_date:2017-06-26;common_name:foxtail_millet;estimated_size:400M;geographic_location_(country_and/or_sea):China;geographic_location_(latitude):116.19;geographic_location_(longitude):39.57;growth_facility:other;isolation_and_growth_condition:greenhouse_planted_in_pots;number_of_replicons:3;plant_developmental_stage:jointing_stage;plant_growth_medium:soil_culture_medium;plant_structure:Stem;plant_treatment:drought;sample_name:Ci134DR_Stem_1;watering_regimen:weekly_watered_until_2_weeks_before_sampling
PRJEB43702	ERR5518518	SAMEA8380155	NA	NA	NA	NA	Ci134DRST2	NA	ENA_first_public:2021-07-24;ENA_last_update:2021-07-24;ENA-CHECKLIST:ERC000037;External_Id:SAMEA8380155;INSDC_center_alias:Chinese_Academy_of_Agriculture_Sciences;INSDC_center_name:Chinese_Academy_of_Agriculture_Sciences;INSDC_first_public:2021-07-24T12:11:14Z;INSDC_last_update:2021-07-24T12:11:14Z;INSDC_status:public;Submitter_Id:Ci134DR_Stem_2;collection_date:2017-06-26;common_name:foxtail_millet;estimated_size:400M;geographic_location_(country_and/or_sea):China;geographic_location_(latitude):116.19;geographic_location_(longitude):39.57;growth_facility:other;isolation_and_growth_condition:greenhouse_planted_in_pots;number_of_replicons:3;plant_developmental_stage:jointing_stage;plant_growth_medium:soil_culture_medium;plant_structure:Stem;plant_treatment:drought;sample_name:Ci134DR_Stem_2;watering_regimen:weekly_watered_until_2_weeks_before_sampling
PRJEB43702	ERR5518519	SAMEA8380166	NA	NA	NA	NA	Ci328CKLE1	NA	ENA_first_public:2021-07-24;ENA_last_update:2021-07-24;ENA-CHECKLIST:ERC000037;External_Id:SAMEA8380166;INSDC_center_alias:Chinese_Academy_of_Agriculture_Sciences;INSDC_center_name:Chinese_Academy_of_Agriculture_Sciences;INSDC_first_public:2021-07-24T12:11:14Z;INSDC_last_update:2021-07-24T12:11:14Z;INSDC_status:public;Submitter_Id:Ci328CK_Leaf_1;collection_date:2017-06-26;common_name:foxtail_millet;estimated_size:400M;geographic_location_(country_and/or_sea):China;geographic_location_(latitude):116.19;geographic_location_(longitude):39.57;growth_facility:other;isolation_and_growth_condition:greenhouse_planted_in_pots;number_of_replicons:3;plant_developmental_stage:jointing_stage;plant_growth_medium:soil_culture_medium;plant_structure:leaf;plant_treatment:control;sample_name:Ci328CK_Leaf_1;watering_regimen:weekly_watered_until_sampling
PRJEB43702	ERR5518520	SAMEA8380172	NA	NA	NA	NA	Ci328CKLE2	NA	ENA_first_public:2021-07-24;ENA_last_update:2021-07-24;ENA-CHECKLIST:ERC000037;External_Id:SAMEA8380172;INSDC_center_alias:Chinese_Academy_of_Agriculture_Sciences;INSDC_center_name:Chinese_Academy_of_Agriculture_Sciences;INSDC_first_public:2021-07-24T12:11:14Z;INSDC_last_update:2021-07-24T12:11:14Z;INSDC_status:public;Submitter_Id:Ci328CK_Leaf_2;collection_date:2017-06-26;common_name:foxtail_millet;estimated_size:400M;geographic_location_(country_and/or_sea):China;geographic_location_(latitude):116.19;geographic_location_(longitude):39.57;growth_facility:other;isolation_and_growth_condition:greenhouse_planted_in_pots;number_of_replicons:3;plant_developmental_stage:jointing_stage;plant_growth_medium:soil_culture_medium;plant_structure:leaf;plant_treatment:control;sample_name:Ci328CK_Leaf_2;watering_regimen:weekly_watered_until_sampling
PRJEB43702	ERR5518521	SAMEA8380179	NA	NA	NA	NA	Ci328CKLE3	NA	ENA_first_public:2021-07-24;ENA_last_update:2021-07-24;ENA-CHECKLIST:ERC000037;External_Id:SAMEA8380179;INSDC_center_alias:Chinese_Academy_of_Agriculture_Sciences;INSDC_center_name:Chinese_Academy_of_Agriculture_Sciences;INSDC_first_public:2021-07-24T12:11:14Z;INSDC_last_update:2021-07-24T12:11:14Z;INSDC_status:public;Submitter_Id:Ci328CK_Leaf_3;collection_date:2017-06-26;common_name:foxtail_millet;estimated_size:400M;geographic_location_(country_and/or_sea):China;geographic_location_(latitude):116.19;geographic_location_(longitude):39.57;growth_facility:other;isolation_and_growth_condition:greenhouse_planted_in_pots;number_of_replicons:3;plant_developmental_stage:jointing_stage;plant_growth_medium:soil_culture_medium;plant_structure:leaf;plant_treatment:control;sample_name:Ci328CK_Leaf_3;watering_regimen:weekly_watered_until_sampling
PRJEB43702	ERR5518522	SAMEA8380184	NA	NA	NA	NA	Ci328CKRO1	NA	ENA_first_public:2021-07-24;ENA_last_update:2021-07-24;ENA-CHECKLIST:ERC000037;External_Id:SAMEA8380184;INSDC_center_alias:Chinese_Academy_of_Agriculture_Sciences;INSDC_center_name:Chinese_Academy_of_Agriculture_Sciences;INSDC_first_public:2021-07-24T12:11:14Z;INSDC_last_update:2021-07-24T12:11:14Z;INSDC_status:public;Submitter_Id:Ci328CK_Root_1;collection_date:2017-06-26;common_name:foxtail_millet;estimated_size:400M;geographic_location_(country_and/or_sea):China;geographic_location_(latitude):116.19;geographic_location_(longitude):39.57;growth_facility:other;isolation_and_growth_condition:greenhouse_planted_in_pots;number_of_replicons:3;plant_developmental_stage:jointing_stage;plant_growth_medium:soil_culture_medium;plant_structure:root;plant_treatment:control;sample_name:Ci328CK_Root_1;watering_regimen:weekly_watered_until_sampling
PRJEB43702	ERR5518523	SAMEA8380188	NA	NA	NA	NA	Ci328CKRO2	NA	ENA_first_public:2021-07-24;ENA_last_update:2021-07-24;ENA-CHECKLIST:ERC000037;External_Id:SAMEA8380188;INSDC_center_alias:Chinese_Academy_of_Agriculture_Sciences;INSDC_center_name:Chinese_Academy_of_Agriculture_Sciences;INSDC_first_public:2021-07-24T12:11:14Z;INSDC_last_update:2021-07-24T12:11:14Z;INSDC_status:public;Submitter_Id:Ci328CK_Root_2;collection_date:2017-06-26;common_name:foxtail_millet;estimated_size:400M;geographic_location_(country_and/or_sea):China;geographic_location_(latitude):116.19;geographic_location_(longitude):39.57;growth_facility:other;isolation_and_growth_condition:greenhouse_planted_in_pots;number_of_replicons:3;plant_developmental_stage:jointing_stage;plant_growth_medium:soil_culture_medium;plant_structure:root;plant_treatment:control;sample_name:Ci328CK_Root_2;watering_regimen:weekly_watered_until_sampling
PRJEB43702	ERR5518524	SAMEA8380196	NA	NA	NA	NA	Ci328CKRO3	NA	ENA_first_public:2021-07-24;ENA_last_update:2021-07-24;ENA-CHECKLIST:ERC000037;External_Id:SAMEA8380196;INSDC_center_alias:Chinese_Academy_of_Agriculture_Sciences;INSDC_center_name:Chinese_Academy_of_Agriculture_Sciences;INSDC_first_public:2021-07-24T12:11:14Z;INSDC_last_update:2021-07-24T12:11:14Z;INSDC_status:public;Submitter_Id:Ci328CK_Root_3;collection_date:2017-06-26;common_name:foxtail_millet;estimated_size:400M;geographic_location_(country_and/or_sea):China;geographic_location_(latitude):116.19;geographic_location_(longitude):39.57;growth_facility:other;isolation_and_growth_condition:greenhouse_planted_in_pots;number_of_replicons:3;plant_developmental_stage:jointing_stage;plant_growth_medium:soil_culture_medium;plant_structure:root;plant_treatment:control;sample_name:Ci328CK_Root_3;watering_regimen:weekly_watered_until_sampling
PRJEB43702	ERR5518525	SAMEA8380199	NA	NA	NA	NA	Ci328CKST1	NA	ENA_first_public:2021-07-24;ENA_last_update:2021-07-24;ENA-CHECKLIST:ERC000037;External_Id:SAMEA8380199;INSDC_center_alias:Chinese_Academy_of_Agriculture_Sciences;INSDC_center_name:Chinese_Academy_of_Agriculture_Sciences;INSDC_first_public:2021-07-24T12:11:14Z;INSDC_last_update:2021-07-24T12:11:14Z;INSDC_status:public;Submitter_Id:Ci328CK_Stem_1;collection_date:2017-06-26;common_name:foxtail_millet;estimated_size:400M;geographic_location_(country_and/or_sea):China;geographic_location_(latitude):116.19;geographic_location_(longitude):39.57;growth_facility:other;isolation_and_growth_condition:greenhouse_planted_in_pots;number_of_replicons:3;plant_developmental_stage:jointing_stage;plant_growth_medium:soil_culture_medium;plant_structure:Stem;plant_treatment:control;sample_name:Ci328CK_Stem_1;watering_regimen:weekly_watered_until_sampling
PRJEB43702	ERR5518526	SAMEA8380207	NA	NA	NA	NA	Ci328CKST2	NA	ENA_first_public:2021-07-24;ENA_last_update:2021-07-24;ENA-CHECKLIST:ERC000037;External_Id:SAMEA8380207;INSDC_center_alias:Chinese_Academy_of_Agriculture_Sciences;INSDC_center_name:Chinese_Academy_of_Agriculture_Sciences;INSDC_first_public:2021-07-24T12:11:14Z;INSDC_last_update:2021-07-24T12:11:14Z;INSDC_status:public;Submitter_Id:Ci328CK_Stem_2;collection_date:2017-06-26;common_name:foxtail_millet;estimated_size:400M;geographic_location_(country_and/or_sea):China;geographic_location_(latitude):116.19;geographic_location_(longitude):39.57;growth_facility:other;isolation_and_growth_condition:greenhouse_planted_in_pots;number_of_replicons:3;plant_developmental_stage:jointing_stage;plant_growth_medium:soil_culture_medium;plant_structure:Stem;plant_treatment:control;sample_name:Ci328CK_Stem_2;watering_regimen:weekly_watered_until_sampling
PRJEB43702	ERR5518527	SAMEA8380214	NA	NA	NA	NA	Ci328CKST3	NA	ENA_first_public:2021-07-24;ENA_last_update:2021-07-24;ENA-CHECKLIST:ERC000037;External_Id:SAMEA8380214;INSDC_center_alias:Chinese_Academy_of_Agriculture_Sciences;INSDC_center_name:Chinese_Academy_of_Agriculture_Sciences;INSDC_first_public:2021-07-24T12:11:14Z;INSDC_last_update:2021-07-24T12:11:14Z;INSDC_status:public;Submitter_Id:Ci328CK_Stem_3;collection_date:2017-06-26;common_name:foxtail_millet;estimated_size:400M;geographic_location_(country_and/or_sea):China;geographic_location_(latitude):116.19;geographic_location_(longitude):39.57;growth_facility:other;isolation_and_growth_condition:greenhouse_planted_in_pots;number_of_replicons:3;plant_developmental_stage:jointing_stage;plant_growth_medium:soil_culture_medium;plant_structure:Stem;plant_treatment:control;sample_name:Ci328CK_Stem_3;watering_regimen:weekly_watered_until_sampling
PRJEB43702	ERR5518528	SAMEA8380221	NA	NA	NA	NA	Ci328DRLE1	NA	ENA_first_public:2021-07-24;ENA_last_update:2021-07-24;ENA-CHECKLIST:ERC000037;External_Id:SAMEA8380221;INSDC_center_alias:Chinese_Academy_of_Agriculture_Sciences;INSDC_center_name:Chinese_Academy_of_Agriculture_Sciences;INSDC_first_public:2021-07-24T12:11:14Z;INSDC_last_update:2021-07-24T12:11:14Z;INSDC_status:public;Submitter_Id:Ci328DR_Leaf_1;collection_date:2017-06-26;common_name:foxtail_millet;estimated_size:400M;geographic_location_(country_and/or_sea):China;geographic_location_(latitude):116.19;geographic_location_(longitude):39.57;growth_facility:other;isolation_and_growth_condition:greenhouse_planted_in_pots;number_of_replicons:3;plant_developmental_stage:jointing_stage;plant_growth_medium:soil_culture_medium;plant_structure:leaf;plant_treatment:drought;sample_name:Ci328DR_Leaf_1;watering_regimen:weekly_watered_until_2_weeks_before_sampling
PRJEB43702	ERR5518529	SAMEA8380226	NA	NA	NA	NA	Ci328DRLE2	NA	ENA_first_public:2021-07-24;ENA_last_update:2021-07-24;ENA-CHECKLIST:ERC000037;External_Id:SAMEA8380226;INSDC_center_alias:Chinese_Academy_of_Agriculture_Sciences;INSDC_center_name:Chinese_Academy_of_Agriculture_Sciences;INSDC_first_public:2021-07-24T12:11:14Z;INSDC_last_update:2021-07-24T12:11:14Z;INSDC_status:public;Submitter_Id:Ci328DR_Leaf_2;collection_date:2017-06-26;common_name:foxtail_millet;estimated_size:400M;geographic_location_(country_and/or_sea):China;geographic_location_(latitude):116.19;geographic_location_(longitude):39.57;growth_facility:other;isolation_and_growth_condition:greenhouse_planted_in_pots;number_of_replicons:3;plant_developmental_stage:jointing_stage;plant_growth_medium:soil_culture_medium;plant_structure:leaf;plant_treatment:drought;sample_name:Ci328DR_Leaf_2;watering_regimen:weekly_watered_until_2_weeks_before_sampling
PRJEB43702	ERR5518530	SAMEA8380231	NA	NA	NA	NA	Ci328DRLE3	NA	ENA_first_public:2021-07-24;ENA_last_update:2021-07-24;ENA-CHECKLIST:ERC000037;External_Id:SAMEA8380231;INSDC_center_alias:Chinese_Academy_of_Agriculture_Sciences;INSDC_center_name:Chinese_Academy_of_Agriculture_Sciences;INSDC_first_public:2021-07-24T12:11:14Z;INSDC_last_update:2021-07-24T12:11:14Z;INSDC_status:public;Submitter_Id:Ci328DR_Leaf_3;collection_date:2017-06-26;common_name:foxtail_millet;estimated_size:400M;geographic_location_(country_and/or_sea):China;geographic_location_(latitude):116.19;geographic_location_(longitude):39.57;growth_facility:other;isolation_and_growth_condition:greenhouse_planted_in_pots;number_of_replicons:3;plant_developmental_stage:jointing_stage;plant_growth_medium:soil_culture_medium;plant_structure:leaf;plant_treatment:drought;sample_name:Ci328DR_Leaf_3;watering_regimen:weekly_watered_until_2_weeks_before_sampling
PRJEB43702	ERR5518531	SAMEA8380239	NA	NA	NA	NA	Ci328DRRO1	NA	ENA_first_public:2021-07-24;ENA_last_update:2021-07-24;ENA-CHECKLIST:ERC000037;External_Id:SAMEA8380239;INSDC_center_alias:Chinese_Academy_of_Agriculture_Sciences;INSDC_center_name:Chinese_Academy_of_Agriculture_Sciences;INSDC_first_public:2021-07-24T12:11:14Z;INSDC_last_update:2021-07-24T12:11:14Z;INSDC_status:public;Submitter_Id:Ci328DR_Root_1;collection_date:2017-06-26;common_name:foxtail_millet;estimated_size:400M;geographic_location_(country_and/or_sea):China;geographic_location_(latitude):116.19;geographic_location_(longitude):39.57;growth_facility:other;isolation_and_growth_condition:greenhouse_planted_in_pots;number_of_replicons:3;plant_developmental_stage:jointing_stage;plant_growth_medium:soil_culture_medium;plant_structure:root;plant_treatment:drought;sample_name:Ci328DR_Root_1;watering_regimen:weekly_watered_until_2_weeks_before_sampling
PRJEB43702	ERR5518532	SAMEA8380246	NA	NA	NA	NA	Ci328DRRO2	NA	ENA_first_public:2021-07-24;ENA_last_update:2021-07-24;ENA-CHECKLIST:ERC000037;External_Id:SAMEA8380246;INSDC_center_alias:Chinese_Academy_of_Agriculture_Sciences;INSDC_center_name:Chinese_Academy_of_Agriculture_Sciences;INSDC_first_public:2021-07-24T12:11:14Z;INSDC_last_update:2021-07-24T12:11:14Z;INSDC_status:public;Submitter_Id:Ci328DR_Root_2;collection_date:2017-06-26;common_name:foxtail_millet;estimated_size:400M;geographic_location_(country_and/or_sea):China;geographic_location_(latitude):116.19;geographic_location_(longitude):39.57;growth_facility:other;isolation_and_growth_condition:greenhouse_planted_in_pots;number_of_replicons:3;plant_developmental_stage:jointing_stage;plant_growth_medium:soil_culture_medium;plant_structure:root;plant_treatment:drought;sample_name:Ci328DR_Root_2;watering_regimen:weekly_watered_until_2_weeks_before_sampling
PRJEB43702	ERR5518533	SAMEA8380251	NA	NA	NA	NA	Ci328DRRO3	NA	ENA_first_public:2021-07-24;ENA_last_update:2021-07-24;ENA-CHECKLIST:ERC000037;External_Id:SAMEA8380251;INSDC_center_alias:Chinese_Academy_of_Agriculture_Sciences;INSDC_center_name:Chinese_Academy_of_Agriculture_Sciences;INSDC_first_public:2021-07-24T12:11:14Z;INSDC_last_update:2021-07-24T12:11:14Z;INSDC_status:public;Submitter_Id:Ci328DR_Root_3;collection_date:2017-06-26;common_name:foxtail_millet;estimated_size:400M;geographic_location_(country_and/or_sea):China;geographic_location_(latitude):116.19;geographic_location_(longitude):39.57;growth_facility:other;isolation_and_growth_condition:greenhouse_planted_in_pots;number_of_replicons:3;plant_developmental_stage:jointing_stage;plant_growth_medium:soil_culture_medium;plant_structure:root;plant_treatment:drought;sample_name:Ci328DR_Root_3;watering_regimen:weekly_watered_until_2_weeks_before_sampling
PRJEB43702	ERR5518534	SAMEA8380257	NA	NA	NA	NA	Ci328DRST1	NA	ENA_first_public:2021-07-24;ENA_last_update:2021-07-24;ENA-CHECKLIST:ERC000037;External_Id:SAMEA8380257;INSDC_center_alias:Chinese_Academy_of_Agriculture_Sciences;INSDC_center_name:Chinese_Academy_of_Agriculture_Sciences;INSDC_first_public:2021-07-24T12:11:14Z;INSDC_last_update:2021-07-24T12:11:14Z;INSDC_status:public;Submitter_Id:Ci328DR_Stem_1;collection_date:2017-06-26;common_name:foxtail_millet;estimated_size:400M;geographic_location_(country_and/or_sea):China;geographic_location_(latitude):116.19;geographic_location_(longitude):39.57;growth_facility:other;isolation_and_growth_condition:greenhouse_planted_in_pots;number_of_replicons:3;plant_developmental_stage:jointing_stage;plant_growth_medium:soil_culture_medium;plant_structure:Stem;plant_treatment:drought;sample_name:Ci328DR_Stem_1;watering_regimen:weekly_watered_until_2_weeks_before_sampling
PRJEB43702	ERR5518535	SAMEA8380263	NA	NA	NA	NA	Ci328DRST2	NA	ENA_first_public:2021-07-24;ENA_last_update:2021-07-24;ENA-CHECKLIST:ERC000037;External_Id:SAMEA8380263;INSDC_center_alias:Chinese_Academy_of_Agriculture_Sciences;INSDC_center_name:Chinese_Academy_of_Agriculture_Sciences;INSDC_first_public:2021-07-24T12:11:14Z;INSDC_last_update:2021-07-24T12:11:14Z;INSDC_status:public;Submitter_Id:Ci328DR_Stem_2;collection_date:2017-06-26;common_name:foxtail_millet;estimated_size:400M;geographic_location_(country_and/or_sea):China;geographic_location_(latitude):116.19;geographic_location_(longitude):39.57;growth_facility:other;isolation_and_growth_condition:greenhouse_planted_in_pots;number_of_replicons:3;plant_developmental_stage:jointing_stage;plant_growth_medium:soil_culture_medium;plant_structure:Stem;plant_treatment:drought;sample_name:Ci328DR_Stem_2;watering_regimen:weekly_watered_until_2_weeks_before_sampling
PRJEB43702	ERR5518536	SAMEA8380268	NA	NA	NA	NA	Ci328DRST3	NA	ENA_first_public:2021-07-24;ENA_last_update:2021-07-24;ENA-CHECKLIST:ERC000037;External_Id:SAMEA8380268;INSDC_center_alias:Chinese_Academy_of_Agriculture_Sciences;INSDC_center_name:Chinese_Academy_of_Agriculture_Sciences;INSDC_first_public:2021-07-24T12:11:14Z;INSDC_last_update:2021-07-24T12:11:14Z;INSDC_status:public;Submitter_Id:Ci328DR_Stem_3;collection_date:2017-06-26;common_name:foxtail_millet;estimated_size:400M;geographic_location_(country_and/or_sea):China;geographic_location_(latitude):116.19;geographic_location_(longitude):39.57;growth_facility:other;isolation_and_growth_condition:greenhouse_planted_in_pots;number_of_replicons:3;plant_developmental_stage:jointing_stage;plant_growth_medium:soil_culture_medium;plant_structure:Stem;plant_treatment:drought;sample_name:Ci328DR_Stem_3;watering_regimen:weekly_watered_until_2_weeks_before_sampling
PRJEB43702	ERR5518537	SAMEA8380274	NA	NA	NA	NA	Ci409CKLE1	NA	ENA_first_public:2021-07-24;ENA_last_update:2021-07-24;ENA-CHECKLIST:ERC000037;External_Id:SAMEA8380274;INSDC_center_alias:Chinese_Academy_of_Agriculture_Sciences;INSDC_center_name:Chinese_Academy_of_Agriculture_Sciences;INSDC_first_public:2021-07-24T12:11:14Z;INSDC_last_update:2021-07-24T12:11:14Z;INSDC_status:public;Submitter_Id:Ci409CK_Leaf_1;collection_date:2017-06-26;common_name:foxtail_millet;estimated_size:400M;geographic_location_(country_and/or_sea):China;geographic_location_(latitude):116.19;geographic_location_(longitude):39.57;growth_facility:other;isolation_and_growth_condition:greenhouse_planted_in_pots;number_of_replicons:3;plant_developmental_stage:jointing_stage;plant_growth_medium:soil_culture_medium;plant_structure:leaf;plant_treatment:control;sample_name:Ci409CK_Leaf_1;watering_regimen:weekly_watered_until_sampling
PRJEB43702	ERR5518538	SAMEA8380283	NA	NA	NA	NA	Ci409CKLE2	NA	ENA_first_public:2021-07-24;ENA_last_update:2021-07-24;ENA-CHECKLIST:ERC000037;External_Id:SAMEA8380283;INSDC_center_alias:Chinese_Academy_of_Agriculture_Sciences;INSDC_center_name:Chinese_Academy_of_Agriculture_Sciences;INSDC_first_public:2021-07-24T12:11:14Z;INSDC_last_update:2021-07-24T12:11:14Z;INSDC_status:public;Submitter_Id:Ci409CK_Leaf_2;collection_date:2017-06-26;common_name:foxtail_millet;estimated_size:400M;geographic_location_(country_and/or_sea):China;geographic_location_(latitude):116.19;geographic_location_(longitude):39.57;growth_facility:other;isolation_and_growth_condition:greenhouse_planted_in_pots;number_of_replicons:3;plant_developmental_stage:jointing_stage;plant_growth_medium:soil_culture_medium;plant_structure:leaf;plant_treatment:control;sample_name:Ci409CK_Leaf_2;watering_regimen:weekly_watered_until_sampling
PRJEB43702	ERR5518539	SAMEA8380292	NA	NA	NA	NA	Ci409CKLE3	NA	ENA_first_public:2021-07-24;ENA_last_update:2021-07-24;ENA-CHECKLIST:ERC000037;External_Id:SAMEA8380292;INSDC_center_alias:Chinese_Academy_of_Agriculture_Sciences;INSDC_center_name:Chinese_Academy_of_Agriculture_Sciences;INSDC_first_public:2021-07-24T12:11:14Z;INSDC_last_update:2021-07-24T12:11:14Z;INSDC_status:public;Submitter_Id:Ci409CK_Leaf_3;collection_date:2017-06-26;common_name:foxtail_millet;estimated_size:400M;geographic_location_(country_and/or_sea):China;geographic_location_(latitude):116.19;geographic_location_(longitude):39.57;growth_facility:other;isolation_and_growth_condition:greenhouse_planted_in_pots;number_of_replicons:3;plant_developmental_stage:jointing_stage;plant_growth_medium:soil_culture_medium;plant_structure:leaf;plant_treatment:control;sample_name:Ci409CK_Leaf_3;watering_regimen:weekly_watered_until_sampling
PRJEB43702	ERR5518540	SAMEA8380298	NA	NA	NA	NA	Ci409CKRO1	NA	ENA_first_public:2021-07-24;ENA_last_update:2021-07-24;ENA-CHECKLIST:ERC000037;External_Id:SAMEA8380298;INSDC_center_alias:Chinese_Academy_of_Agriculture_Sciences;INSDC_center_name:Chinese_Academy_of_Agriculture_Sciences;INSDC_first_public:2021-07-24T12:11:14Z;INSDC_last_update:2021-07-24T12:11:14Z;INSDC_status:public;Submitter_Id:Ci409CK_Root_1;collection_date:2017-06-26;common_name:foxtail_millet;estimated_size:400M;geographic_location_(country_and/or_sea):China;geographic_location_(latitude):116.19;geographic_location_(longitude):39.57;growth_facility:other;isolation_and_growth_condition:greenhouse_planted_in_pots;number_of_replicons:3;plant_developmental_stage:jointing_stage;plant_growth_medium:soil_culture_medium;plant_structure:root;plant_treatment:control;sample_name:Ci409CK_Root_1;watering_regimen:weekly_watered_until_sampling
PRJEB43702	ERR5518541	SAMEA8380308	NA	NA	NA	NA	Ci409CKRO2	NA	ENA_first_public:2021-07-24;ENA_last_update:2021-07-24;ENA-CHECKLIST:ERC000037;External_Id:SAMEA8380308;INSDC_center_alias:Chinese_Academy_of_Agriculture_Sciences;INSDC_center_name:Chinese_Academy_of_Agriculture_Sciences;INSDC_first_public:2021-07-24T12:11:14Z;INSDC_last_update:2021-07-24T12:11:14Z;INSDC_status:public;Submitter_Id:Ci409CK_Root_2;collection_date:2017-06-26;common_name:foxtail_millet;estimated_size:400M;geographic_location_(country_and/or_sea):China;geographic_location_(latitude):116.19;geographic_location_(longitude):39.57;growth_facility:other;isolation_and_growth_condition:greenhouse_planted_in_pots;number_of_replicons:3;plant_developmental_stage:jointing_stage;plant_growth_medium:soil_culture_medium;plant_structure:root;plant_treatment:control;sample_name:Ci409CK_Root_2;watering_regimen:weekly_watered_until_sampling
PRJEB43702	ERR5518542	SAMEA8380315	NA	NA	NA	NA	Ci409CKRO3	NA	ENA-CHECKLIST:ERC000037;ENA-FIRST-PUBLIC:2021-07-24T12:11:14Z;ENA-LAST-UPDATE:2021-07-24T12:11:14Z;External_Id:SAMEA8380315;INSDC_center_name:Chinese_Academy_of_Agriculture_Sciences;INSDC_first_public:2021-07-24T12:11:14Z;INSDC_last_update:2021-07-24T12:11:14Z;INSDC_status:public;Submitter_Id:Ci409CK_Root_3;collection_date:2017-06-26;common_name:foxtail_millet;estimated_size:400M;geographic_location_(country_and/or_sea):China;geographic_location_(latitude):116.19;geographic_location_(longitude):39.57;growth_facility:other;isolation_and_growth_condition:greenhouse_planted_in_pots;number_of_replicons:3;plant_developmental_stage:jointing_stage;plant_growth_medium:soil_culture_medium;plant_structure:root;plant_treatment:control;sample_name:Ci409CK_Root_3;scientific_name:Setaria_italica;watering_regimen:weekly_watered_until_sampling
PRJEB43702	ERR5518543	SAMEA8380320	NA	NA	NA	NA	Ci409CKST1	NA	ENA_first_public:2021-07-24;ENA_last_update:2021-07-24;ENA-CHECKLIST:ERC000037;External_Id:SAMEA8380320;INSDC_center_alias:Chinese_Academy_of_Agriculture_Sciences;INSDC_center_name:Chinese_Academy_of_Agriculture_Sciences;INSDC_first_public:2021-07-24T12:11:14Z;INSDC_last_update:2021-07-24T12:11:14Z;INSDC_status:public;Submitter_Id:Ci409CK_Stem_1;collection_date:2017-06-26;common_name:foxtail_millet;estimated_size:400M;geographic_location_(country_and/or_sea):China;geographic_location_(latitude):116.19;geographic_location_(longitude):39.57;growth_facility:other;isolation_and_growth_condition:greenhouse_planted_in_pots;number_of_replicons:3;plant_developmental_stage:jointing_stage;plant_growth_medium:soil_culture_medium;plant_structure:Stem;plant_treatment:control;sample_name:Ci409CK_Stem_1;watering_regimen:weekly_watered_until_sampling
PRJEB43702	ERR5518544	SAMEA8380329	NA	NA	NA	NA	Ci409CKST2	NA	ENA_first_public:2021-07-24;ENA_last_update:2021-07-24;ENA-CHECKLIST:ERC000037;External_Id:SAMEA8380329;INSDC_center_alias:Chinese_Academy_of_Agriculture_Sciences;INSDC_center_name:Chinese_Academy_of_Agriculture_Sciences;INSDC_first_public:2021-07-24T12:11:14Z;INSDC_last_update:2021-07-24T12:11:14Z;INSDC_status:public;Submitter_Id:Ci409CK_Stem_2;collection_date:2017-06-26;common_name:foxtail_millet;estimated_size:400M;geographic_location_(country_and/or_sea):China;geographic_location_(latitude):116.19;geographic_location_(longitude):39.57;growth_facility:other;isolation_and_growth_condition:greenhouse_planted_in_pots;number_of_replicons:3;plant_developmental_stage:jointing_stage;plant_growth_medium:soil_culture_medium;plant_structure:Stem;plant_treatment:control;sample_name:Ci409CK_Stem_2;watering_regimen:weekly_watered_until_sampling
PRJEB43702	ERR5518545	SAMEA8380335	NA	NA	NA	NA	Ci409CKST3	NA	ENA_first_public:2021-07-24;ENA_last_update:2021-07-24;ENA-CHECKLIST:ERC000037;External_Id:SAMEA8380335;INSDC_center_alias:Chinese_Academy_of_Agriculture_Sciences;INSDC_center_name:Chinese_Academy_of_Agriculture_Sciences;INSDC_first_public:2021-07-24T12:11:14Z;INSDC_last_update:2021-07-24T12:11:14Z;INSDC_status:public;Submitter_Id:Ci409CK_Stem_3;collection_date:2017-06-26;common_name:foxtail_millet;estimated_size:400M;geographic_location_(country_and/or_sea):China;geographic_location_(latitude):116.19;geographic_location_(longitude):39.57;growth_facility:other;isolation_and_growth_condition:greenhouse_planted_in_pots;number_of_replicons:3;plant_developmental_stage:jointing_stage;plant_growth_medium:soil_culture_medium;plant_structure:Stem;plant_treatment:control;sample_name:Ci409CK_Stem_3;watering_regimen:weekly_watered_until_sampling
PRJEB43702	ERR5518546	SAMEA8380349	NA	NA	NA	NA	Ci409DRLE1	NA	ENA_first_public:2021-07-24;ENA_last_update:2021-07-24;ENA-CHECKLIST:ERC000037;External_Id:SAMEA8380349;INSDC_center_alias:Chinese_Academy_of_Agriculture_Sciences;INSDC_center_name:Chinese_Academy_of_Agriculture_Sciences;INSDC_first_public:2021-07-24T12:11:14Z;INSDC_last_update:2021-07-24T12:11:14Z;INSDC_status:public;Submitter_Id:Ci409DR_Leaf_1;collection_date:2017-06-26;common_name:foxtail_millet;estimated_size:400M;geographic_location_(country_and/or_sea):China;geographic_location_(latitude):116.19;geographic_location_(longitude):39.57;growth_facility:other;isolation_and_growth_condition:greenhouse_planted_in_pots;number_of_replicons:3;plant_developmental_stage:jointing_stage;plant_growth_medium:soil_culture_medium;plant_structure:leaf;plant_treatment:drought;sample_name:Ci409DR_Leaf_1;watering_regimen:weekly_watered_until_2_weeks_before_sampling
PRJEB43702	ERR5518547	SAMEA8380352	NA	NA	NA	NA	Ci409DRLE2	NA	ENA_first_public:2021-07-24;ENA_last_update:2021-07-24;ENA-CHECKLIST:ERC000037;External_Id:SAMEA8380352;INSDC_center_alias:Chinese_Academy_of_Agriculture_Sciences;INSDC_center_name:Chinese_Academy_of_Agriculture_Sciences;INSDC_first_public:2021-07-24T12:11:14Z;INSDC_last_update:2021-07-24T12:11:14Z;INSDC_status:public;Submitter_Id:Ci409DR_Leaf_2;collection_date:2017-06-26;common_name:foxtail_millet;estimated_size:400M;geographic_location_(country_and/or_sea):China;geographic_location_(latitude):116.19;geographic_location_(longitude):39.57;growth_facility:other;isolation_and_growth_condition:greenhouse_planted_in_pots;number_of_replicons:3;plant_developmental_stage:jointing_stage;plant_growth_medium:soil_culture_medium;plant_structure:leaf;plant_treatment:drought;sample_name:Ci409DR_Leaf_2;watering_regimen:weekly_watered_until_2_weeks_before_sampling
PRJEB43702	ERR5518548	SAMEA8380360	NA	NA	NA	NA	Ci409DRLE3	NA	ENA_first_public:2021-07-24;ENA_last_update:2021-07-24;ENA-CHECKLIST:ERC000037;External_Id:SAMEA8380360;INSDC_center_alias:Chinese_Academy_of_Agriculture_Sciences;INSDC_center_name:Chinese_Academy_of_Agriculture_Sciences;INSDC_first_public:2021-07-24T12:11:14Z;INSDC_last_update:2021-07-24T12:11:14Z;INSDC_status:public;Submitter_Id:Ci409DR_Leaf_3;collection_date:2017-06-26;common_name:foxtail_millet;estimated_size:400M;geographic_location_(country_and/or_sea):China;geographic_location_(latitude):116.19;geographic_location_(longitude):39.57;growth_facility:other;isolation_and_growth_condition:greenhouse_planted_in_pots;number_of_replicons:3;plant_developmental_stage:jointing_stage;plant_growth_medium:soil_culture_medium;plant_structure:leaf;plant_treatment:drought;sample_name:Ci409DR_Leaf_3;watering_regimen:weekly_watered_until_2_weeks_before_sampling
PRJEB43702	ERR5518549	SAMEA8380365	NA	NA	NA	NA	Ci409DRRO1	NA	ENA_first_public:2021-07-24;ENA_last_update:2021-07-24;ENA-CHECKLIST:ERC000037;External_Id:SAMEA8380365;INSDC_center_alias:Chinese_Academy_of_Agriculture_Sciences;INSDC_center_name:Chinese_Academy_of_Agriculture_Sciences;INSDC_first_public:2021-07-24T12:11:14Z;INSDC_last_update:2021-07-24T12:11:14Z;INSDC_status:public;Submitter_Id:Ci409DR_Root_1;collection_date:2017-06-26;common_name:foxtail_millet;estimated_size:400M;geographic_location_(country_and/or_sea):China;geographic_location_(latitude):116.19;geographic_location_(longitude):39.57;growth_facility:other;isolation_and_growth_condition:greenhouse_planted_in_pots;number_of_replicons:3;plant_developmental_stage:jointing_stage;plant_growth_medium:soil_culture_medium;plant_structure:root;plant_treatment:drought;sample_name:Ci409DR_Root_1;watering_regimen:weekly_watered_until_2_weeks_before_sampling
PRJEB43702	ERR5518550	SAMEA8380373	NA	NA	NA	NA	Ci409DRRO2	NA	ENA_first_public:2021-07-24;ENA_last_update:2021-07-24;ENA-CHECKLIST:ERC000037;External_Id:SAMEA8380373;INSDC_center_alias:Chinese_Academy_of_Agriculture_Sciences;INSDC_center_name:Chinese_Academy_of_Agriculture_Sciences;INSDC_first_public:2021-07-24T12:11:14Z;INSDC_last_update:2021-07-24T12:11:14Z;INSDC_status:public;Submitter_Id:Ci409DR_Root_2;collection_date:2017-06-26;common_name:foxtail_millet;estimated_size:400M;geographic_location_(country_and/or_sea):China;geographic_location_(latitude):116.19;geographic_location_(longitude):39.57;growth_facility:other;isolation_and_growth_condition:greenhouse_planted_in_pots;number_of_replicons:3;plant_developmental_stage:jointing_stage;plant_growth_medium:soil_culture_medium;plant_structure:root;plant_treatment:drought;sample_name:Ci409DR_Root_2;watering_regimen:weekly_watered_until_2_weeks_before_sampling
PRJEB43702	ERR5518551	SAMEA8380384	NA	NA	NA	NA	Ci409DRRO3	NA	ENA_first_public:2021-07-24;ENA_last_update:2021-07-24;ENA-CHECKLIST:ERC000037;External_Id:SAMEA8380384;INSDC_center_alias:Chinese_Academy_of_Agriculture_Sciences;INSDC_center_name:Chinese_Academy_of_Agriculture_Sciences;INSDC_first_public:2021-07-24T12:11:14Z;INSDC_last_update:2021-07-24T12:11:14Z;INSDC_status:public;Submitter_Id:Ci409DR_Root_3;collection_date:2017-06-26;common_name:foxtail_millet;estimated_size:400M;geographic_location_(country_and/or_sea):China;geographic_location_(latitude):116.19;geographic_location_(longitude):39.57;growth_facility:other;isolation_and_growth_condition:greenhouse_planted_in_pots;number_of_replicons:3;plant_developmental_stage:jointing_stage;plant_growth_medium:soil_culture_medium;plant_structure:root;plant_treatment:drought;sample_name:Ci409DR_Root_3;watering_regimen:weekly_watered_until_2_weeks_before_sampling
PRJEB43702	ERR5518552	SAMEA8380387	NA	NA	NA	NA	Ci409DRST1	NA	ENA_first_public:2021-07-24;ENA_last_update:2021-07-24;ENA-CHECKLIST:ERC000037;External_Id:SAMEA8380387;INSDC_center_alias:Chinese_Academy_of_Agriculture_Sciences;INSDC_center_name:Chinese_Academy_of_Agriculture_Sciences;INSDC_first_public:2021-07-24T12:11:14Z;INSDC_last_update:2021-07-24T12:11:14Z;INSDC_status:public;Submitter_Id:Ci409DR_Stem_1;collection_date:2017-06-26;common_name:foxtail_millet;estimated_size:400M;geographic_location_(country_and/or_sea):China;geographic_location_(latitude):116.19;geographic_location_(longitude):39.57;growth_facility:other;isolation_and_growth_condition:greenhouse_planted_in_pots;number_of_replicons:3;plant_developmental_stage:jointing_stage;plant_growth_medium:soil_culture_medium;plant_structure:Stem;plant_treatment:drought;sample_name:Ci409DR_Stem_1;watering_regimen:weekly_watered_until_2_weeks_before_sampling
PRJEB43702	ERR5518554	SAMEA8380402	NA	NA	NA	NA	Ci409DRST3	NA	ENA_first_public:2021-07-24;ENA_last_update:2021-07-24;ENA-CHECKLIST:ERC000037;External_Id:SAMEA8380402;INSDC_center_alias:Chinese_Academy_of_Agriculture_Sciences;INSDC_center_name:Chinese_Academy_of_Agriculture_Sciences;INSDC_first_public:2021-07-24T12:11:14Z;INSDC_last_update:2021-07-24T12:11:14Z;INSDC_status:public;Submitter_Id:Ci409DR_Stem_3;collection_date:2017-06-26;common_name:foxtail_millet;estimated_size:400M;geographic_location_(country_and/or_sea):China;geographic_location_(latitude):116.19;geographic_location_(longitude):39.57;growth_facility:other;isolation_and_growth_condition:greenhouse_planted_in_pots;number_of_replicons:3;plant_developmental_stage:jointing_stage;plant_growth_medium:soil_culture_medium;plant_structure:Stem;plant_treatment:drought;sample_name:Ci409DR_Stem_3;watering_regimen:weekly_watered_until_2_weeks_before_sampling
PRJEB43702	ERR5518555	SAMEA8380407	NA	NA	NA	NA	Ci603CKLE1	NA	ENA_first_public:2021-07-24;ENA_last_update:2021-07-24;ENA-CHECKLIST:ERC000037;External_Id:SAMEA8380407;INSDC_center_alias:Chinese_Academy_of_Agriculture_Sciences;INSDC_center_name:Chinese_Academy_of_Agriculture_Sciences;INSDC_first_public:2021-07-24T12:11:14Z;INSDC_last_update:2021-07-24T12:11:14Z;INSDC_status:public;Submitter_Id:Ci603CK_Leaf_1;collection_date:2017-06-26;common_name:foxtail_millet;estimated_size:400M;geographic_location_(country_and/or_sea):China;geographic_location_(latitude):116.19;geographic_location_(longitude):39.57;growth_facility:other;isolation_and_growth_condition:greenhouse_planted_in_pots;number_of_replicons:3;plant_developmental_stage:jointing_stage;plant_growth_medium:soil_culture_medium;plant_structure:leaf;plant_treatment:control;sample_name:Ci603CK_Leaf_1;watering_regimen:weekly_watered_until_sampling
PRJEB43702	ERR5518556	SAMEA8380419	NA	NA	NA	NA	Ci603CKLE2	NA	ENA_first_public:2021-07-24;ENA_last_update:2021-07-24;ENA-CHECKLIST:ERC000037;External_Id:SAMEA8380419;INSDC_center_alias:Chinese_Academy_of_Agriculture_Sciences;INSDC_center_name:Chinese_Academy_of_Agriculture_Sciences;INSDC_first_public:2021-07-24T12:11:14Z;INSDC_last_update:2021-07-24T12:11:14Z;INSDC_status:public;Submitter_Id:Ci603CK_Leaf_2;collection_date:2017-06-26;common_name:foxtail_millet;estimated_size:400M;geographic_location_(country_and/or_sea):China;geographic_location_(latitude):116.19;geographic_location_(longitude):39.57;growth_facility:other;isolation_and_growth_condition:greenhouse_planted_in_pots;number_of_replicons:3;plant_developmental_stage:jointing_stage;plant_growth_medium:soil_culture_medium;plant_structure:leaf;plant_treatment:control;sample_name:Ci603CK_Leaf_2;watering_regimen:weekly_watered_until_sampling
PRJEB43702	ERR5518557	SAMEA8380428	NA	NA	NA	NA	Ci603CKLE3	NA	ENA-CHECKLIST:ERC000037;ENA-FIRST-PUBLIC:2021-07-24T12:11:14Z;ENA-LAST-UPDATE:2021-07-24T12:11:14Z;External_Id:SAMEA8380428;INSDC_center_name:Chinese_Academy_of_Agriculture_Sciences;INSDC_first_public:2021-07-24T12:11:14Z;INSDC_last_update:2021-07-24T12:11:14Z;INSDC_status:public;Submitter_Id:Ci603CK_Leaf_3;collection_date:2017-06-26;common_name:foxtail_millet;estimated_size:400M;geographic_location_(country_and/or_sea):China;geographic_location_(latitude):116.19;geographic_location_(longitude):39.57;growth_facility:other;isolation_and_growth_condition:greenhouse_planted_in_pots;number_of_replicons:3;plant_developmental_stage:jointing_stage;plant_growth_medium:soil_culture_medium;plant_structure:leaf;plant_treatment:control;sample_name:Ci603CK_Leaf_3;scientific_name:Setaria_italica;watering_regimen:weekly_watered_until_sampling
PRJEB43702	ERR5518558	SAMEA8380434	NA	NA	NA	NA	Ci603CKRO1	NA	ENA_first_public:2021-07-24;ENA_last_update:2021-07-24;ENA-CHECKLIST:ERC000037;External_Id:SAMEA8380434;INSDC_center_alias:Chinese_Academy_of_Agriculture_Sciences;INSDC_center_name:Chinese_Academy_of_Agriculture_Sciences;INSDC_first_public:2021-07-24T12:11:14Z;INSDC_last_update:2021-07-24T12:11:14Z;INSDC_status:public;Submitter_Id:Ci603CK_Root_1;collection_date:2017-06-26;common_name:foxtail_millet;estimated_size:400M;geographic_location_(country_and/or_sea):China;geographic_location_(latitude):116.19;geographic_location_(longitude):39.57;growth_facility:other;isolation_and_growth_condition:greenhouse_planted_in_pots;number_of_replicons:3;plant_developmental_stage:jointing_stage;plant_growth_medium:soil_culture_medium;plant_structure:root;plant_treatment:control;sample_name:Ci603CK_Root_1;watering_regimen:weekly_watered_until_sampling
PRJEB43702	ERR5518559	SAMEA8380438	NA	NA	NA	NA	Ci603CKRO2	NA	ENA_first_public:2021-07-24;ENA_last_update:2021-07-24;ENA-CHECKLIST:ERC000037;External_Id:SAMEA8380438;INSDC_center_alias:Chinese_Academy_of_Agriculture_Sciences;INSDC_center_name:Chinese_Academy_of_Agriculture_Sciences;INSDC_first_public:2021-07-24T12:11:14Z;INSDC_last_update:2021-07-24T12:11:14Z;INSDC_status:public;Submitter_Id:Ci603CK_Root_2;collection_date:2017-06-26;common_name:foxtail_millet;estimated_size:400M;geographic_location_(country_and/or_sea):China;geographic_location_(latitude):116.19;geographic_location_(longitude):39.57;growth_facility:other;isolation_and_growth_condition:greenhouse_planted_in_pots;number_of_replicons:3;plant_developmental_stage:jointing_stage;plant_growth_medium:soil_culture_medium;plant_structure:root;plant_treatment:control;sample_name:Ci603CK_Root_2;watering_regimen:weekly_watered_until_sampling
PRJEB43702	ERR5518560	SAMEA8380443	NA	NA	NA	NA	Ci603CKRO3	NA	ENA_first_public:2021-07-24;ENA_last_update:2021-07-24;ENA-CHECKLIST:ERC000037;External_Id:SAMEA8380443;INSDC_center_alias:Chinese_Academy_of_Agriculture_Sciences;INSDC_center_name:Chinese_Academy_of_Agriculture_Sciences;INSDC_first_public:2021-07-24T12:11:14Z;INSDC_last_update:2021-07-24T12:11:14Z;INSDC_status:public;Submitter_Id:Ci603CK_Root_3;collection_date:2017-06-26;common_name:foxtail_millet;estimated_size:400M;geographic_location_(country_and/or_sea):China;geographic_location_(latitude):116.19;geographic_location_(longitude):39.57;growth_facility:other;isolation_and_growth_condition:greenhouse_planted_in_pots;number_of_replicons:3;plant_developmental_stage:jointing_stage;plant_growth_medium:soil_culture_medium;plant_structure:root;plant_treatment:control;sample_name:Ci603CK_Root_3;watering_regimen:weekly_watered_until_sampling
PRJEB43702	ERR5518561	SAMEA8380452	NA	NA	NA	NA	Ci603CKST1	NA	ENA_first_public:2021-07-24;ENA_last_update:2021-07-24;ENA-CHECKLIST:ERC000037;External_Id:SAMEA8380452;INSDC_center_alias:Chinese_Academy_of_Agriculture_Sciences;INSDC_center_name:Chinese_Academy_of_Agriculture_Sciences;INSDC_first_public:2021-07-24T12:11:14Z;INSDC_last_update:2021-07-24T12:11:14Z;INSDC_status:public;Submitter_Id:Ci603CK_Stem_1;collection_date:2017-06-26;common_name:foxtail_millet;estimated_size:400M;geographic_location_(country_and/or_sea):China;geographic_location_(latitude):116.19;geographic_location_(longitude):39.57;growth_facility:other;isolation_and_growth_condition:greenhouse_planted_in_pots;number_of_replicons:3;plant_developmental_stage:jointing_stage;plant_growth_medium:soil_culture_medium;plant_structure:Stem;plant_treatment:control;sample_name:Ci603CK_Stem_1;watering_regimen:weekly_watered_until_sampling
PRJEB43702	ERR5518562	SAMEA8380461	NA	NA	NA	NA	Ci603CKST2	NA	ENA_first_public:2021-07-24;ENA_last_update:2021-07-24;ENA-CHECKLIST:ERC000037;External_Id:SAMEA8380461;INSDC_center_alias:Chinese_Academy_of_Agriculture_Sciences;INSDC_center_name:Chinese_Academy_of_Agriculture_Sciences;INSDC_first_public:2021-07-24T12:11:14Z;INSDC_last_update:2021-07-24T12:11:14Z;INSDC_status:public;Submitter_Id:Ci603CK_Stem_2;collection_date:2017-06-26;common_name:foxtail_millet;estimated_size:400M;geographic_location_(country_and/or_sea):China;geographic_location_(latitude):116.19;geographic_location_(longitude):39.57;growth_facility:other;isolation_and_growth_condition:greenhouse_planted_in_pots;number_of_replicons:3;plant_developmental_stage:jointing_stage;plant_growth_medium:soil_culture_medium;plant_structure:Stem;plant_treatment:control;sample_name:Ci603CK_Stem_2;watering_regimen:weekly_watered_until_sampling
PRJEB43702	ERR5518563	SAMEA8380472	NA	NA	NA	NA	Ci603CKST3	NA	ENA_first_public:2021-07-24;ENA_last_update:2021-07-24;ENA-CHECKLIST:ERC000037;External_Id:SAMEA8380472;INSDC_center_alias:Chinese_Academy_of_Agriculture_Sciences;INSDC_center_name:Chinese_Academy_of_Agriculture_Sciences;INSDC_first_public:2021-07-24T12:11:14Z;INSDC_last_update:2021-07-24T12:11:14Z;INSDC_status:public;Submitter_Id:Ci603CK_Stem_3;collection_date:2017-06-26;common_name:foxtail_millet;estimated_size:400M;geographic_location_(country_and/or_sea):China;geographic_location_(latitude):116.19;geographic_location_(longitude):39.57;growth_facility:other;isolation_and_growth_condition:greenhouse_planted_in_pots;number_of_replicons:3;plant_developmental_stage:jointing_stage;plant_growth_medium:soil_culture_medium;plant_structure:Stem;plant_treatment:control;sample_name:Ci603CK_Stem_3;watering_regimen:weekly_watered_until_sampling
PRJEB43702	ERR5518564	SAMEA8380480	NA	NA	NA	NA	Ci603DRLE1	NA	ENA_first_public:2021-07-24;ENA_last_update:2021-07-24;ENA-CHECKLIST:ERC000037;External_Id:SAMEA8380480;INSDC_center_alias:Chinese_Academy_of_Agriculture_Sciences;INSDC_center_name:Chinese_Academy_of_Agriculture_Sciences;INSDC_first_public:2021-07-24T12:11:14Z;INSDC_last_update:2021-07-24T12:11:14Z;INSDC_status:public;Submitter_Id:Ci603DR_Leaf_1;collection_date:2017-06-26;common_name:foxtail_millet;estimated_size:400M;geographic_location_(country_and/or_sea):China;geographic_location_(latitude):116.19;geographic_location_(longitude):39.57;growth_facility:other;isolation_and_growth_condition:greenhouse_planted_in_pots;number_of_replicons:3;plant_developmental_stage:jointing_stage;plant_growth_medium:soil_culture_medium;plant_structure:leaf;plant_treatment:drought;sample_name:Ci603DR_Leaf_1;watering_regimen:weekly_watered_until_2_weeks_before_sampling
PRJEB43702	ERR5518565	SAMEA8380486	NA	NA	NA	NA	Ci603DRLE2	NA	ENA_first_public:2021-07-24;ENA_last_update:2021-07-24;ENA-CHECKLIST:ERC000037;External_Id:SAMEA8380486;INSDC_center_alias:Chinese_Academy_of_Agriculture_Sciences;INSDC_center_name:Chinese_Academy_of_Agriculture_Sciences;INSDC_first_public:2021-07-24T12:11:14Z;INSDC_last_update:2021-07-24T12:11:14Z;INSDC_status:public;Submitter_Id:Ci603DR_Leaf_2;collection_date:2017-06-26;common_name:foxtail_millet;estimated_size:400M;geographic_location_(country_and/or_sea):China;geographic_location_(latitude):116.19;geographic_location_(longitude):39.57;growth_facility:other;isolation_and_growth_condition:greenhouse_planted_in_pots;number_of_replicons:3;plant_developmental_stage:jointing_stage;plant_growth_medium:soil_culture_medium;plant_structure:leaf;plant_treatment:drought;sample_name:Ci603DR_Leaf_2;watering_regimen:weekly_watered_until_2_weeks_before_sampling
PRJEB43702	ERR5518566	SAMEA8380496	NA	NA	NA	NA	Ci603DRLE3	NA	ENA_first_public:2021-07-24;ENA_last_update:2021-07-24;ENA-CHECKLIST:ERC000037;External_Id:SAMEA8380496;INSDC_center_alias:Chinese_Academy_of_Agriculture_Sciences;INSDC_center_name:Chinese_Academy_of_Agriculture_Sciences;INSDC_first_public:2021-07-24T12:11:14Z;INSDC_last_update:2021-07-24T12:11:14Z;INSDC_status:public;Submitter_Id:Ci603DR_Leaf_3;collection_date:2017-06-26;common_name:foxtail_millet;estimated_size:400M;geographic_location_(country_and/or_sea):China;geographic_location_(latitude):116.19;geographic_location_(longitude):39.57;growth_facility:other;isolation_and_growth_condition:greenhouse_planted_in_pots;number_of_replicons:3;plant_developmental_stage:jointing_stage;plant_growth_medium:soil_culture_medium;plant_structure:leaf;plant_treatment:drought;sample_name:Ci603DR_Leaf_3;watering_regimen:weekly_watered_until_2_weeks_before_sampling
PRJEB43702	ERR5518567	SAMEA8380497	NA	NA	NA	NA	Ci603DRRO1	NA	ENA_first_public:2021-07-24;ENA_last_update:2021-07-24;ENA-CHECKLIST:ERC000037;External_Id:SAMEA8380497;INSDC_center_alias:Chinese_Academy_of_Agriculture_Sciences;INSDC_center_name:Chinese_Academy_of_Agriculture_Sciences;INSDC_first_public:2021-07-24T12:11:14Z;INSDC_last_update:2021-07-24T12:11:14Z;INSDC_status:public;Submitter_Id:Ci603DR_Root_1;collection_date:2017-06-26;common_name:foxtail_millet;estimated_size:400M;geographic_location_(country_and/or_sea):China;geographic_location_(latitude):116.19;geographic_location_(longitude):39.57;growth_facility:other;isolation_and_growth_condition:greenhouse_planted_in_pots;number_of_replicons:3;plant_developmental_stage:jointing_stage;plant_growth_medium:soil_culture_medium;plant_structure:root;plant_treatment:drought;sample_name:Ci603DR_Root_1;watering_regimen:weekly_watered_until_2_weeks_before_sampling
PRJEB43702	ERR5518568	SAMEA8380503	NA	NA	NA	NA	Ci603DRRO2	NA	ENA_first_public:2021-07-24;ENA_last_update:2021-07-24;ENA-CHECKLIST:ERC000037;External_Id:SAMEA8380503;INSDC_center_alias:Chinese_Academy_of_Agriculture_Sciences;INSDC_center_name:Chinese_Academy_of_Agriculture_Sciences;INSDC_first_public:2021-07-24T12:11:14Z;INSDC_last_update:2021-07-24T12:11:14Z;INSDC_status:public;Submitter_Id:Ci603DR_Root_2;collection_date:2017-06-26;common_name:foxtail_millet;estimated_size:400M;geographic_location_(country_and/or_sea):China;geographic_location_(latitude):116.19;geographic_location_(longitude):39.57;growth_facility:other;isolation_and_growth_condition:greenhouse_planted_in_pots;number_of_replicons:3;plant_developmental_stage:jointing_stage;plant_growth_medium:soil_culture_medium;plant_structure:root;plant_treatment:drought;sample_name:Ci603DR_Root_2;watering_regimen:weekly_watered_until_2_weeks_before_sampling
PRJEB43702	ERR5518569	SAMEA8380507	NA	NA	NA	NA	Ci603DRRO3	NA	ENA_first_public:2021-07-24;ENA_last_update:2021-07-24;ENA-CHECKLIST:ERC000037;External_Id:SAMEA8380507;INSDC_center_alias:Chinese_Academy_of_Agriculture_Sciences;INSDC_center_name:Chinese_Academy_of_Agriculture_Sciences;INSDC_first_public:2021-07-24T12:11:14Z;INSDC_last_update:2021-07-24T12:11:14Z;INSDC_status:public;Submitter_Id:Ci603DR_Root_3;collection_date:2017-06-26;common_name:foxtail_millet;estimated_size:400M;geographic_location_(country_and/or_sea):China;geographic_location_(latitude):116.19;geographic_location_(longitude):39.57;growth_facility:other;isolation_and_growth_condition:greenhouse_planted_in_pots;number_of_replicons:3;plant_developmental_stage:jointing_stage;plant_growth_medium:soil_culture_medium;plant_structure:root;plant_treatment:drought;sample_name:Ci603DR_Root_3;watering_regimen:weekly_watered_until_2_weeks_before_sampling
PRJEB43702	ERR5518570	SAMEA8380509	NA	NA	NA	NA	Ci603DRST1	NA	ENA_first_public:2021-07-24;ENA_last_update:2021-07-24;ENA-CHECKLIST:ERC000037;External_Id:SAMEA8380509;INSDC_center_alias:Chinese_Academy_of_Agriculture_Sciences;INSDC_center_name:Chinese_Academy_of_Agriculture_Sciences;INSDC_first_public:2021-07-24T12:11:14Z;INSDC_last_update:2021-07-24T12:11:14Z;INSDC_status:public;Submitter_Id:Ci603DR_Stem_1;collection_date:2017-06-26;common_name:foxtail_millet;estimated_size:400M;geographic_location_(country_and/or_sea):China;geographic_location_(latitude):116.19;geographic_location_(longitude):39.57;growth_facility:other;isolation_and_growth_condition:greenhouse_planted_in_pots;number_of_replicons:3;plant_developmental_stage:jointing_stage;plant_growth_medium:soil_culture_medium;plant_structure:Stem;plant_treatment:drought;sample_name:Ci603DR_Stem_1;watering_regimen:weekly_watered_until_2_weeks_before_sampling
PRJEB43702	ERR5518571	SAMEA8380513	NA	NA	NA	NA	Ci603DRST2	NA	ENA_first_public:2021-07-24;ENA_last_update:2021-07-24;ENA-CHECKLIST:ERC000037;External_Id:SAMEA8380513;INSDC_center_alias:Chinese_Academy_of_Agriculture_Sciences;INSDC_center_name:Chinese_Academy_of_Agriculture_Sciences;INSDC_first_public:2021-07-24T12:11:14Z;INSDC_last_update:2021-07-24T12:11:14Z;INSDC_status:public;Submitter_Id:Ci603DR_Stem_2;collection_date:2017-06-26;common_name:foxtail_millet;estimated_size:400M;geographic_location_(country_and/or_sea):China;geographic_location_(latitude):116.19;geographic_location_(longitude):39.57;growth_facility:other;isolation_and_growth_condition:greenhouse_planted_in_pots;number_of_replicons:3;plant_developmental_stage:jointing_stage;plant_growth_medium:soil_culture_medium;plant_structure:Stem;plant_treatment:drought;sample_name:Ci603DR_Stem_2;watering_regimen:weekly_watered_until_2_weeks_before_sampling
PRJEB43702	ERR5518572	SAMEA8380516	NA	NA	NA	NA	Ci603DRST3	NA	ENA_first_public:2021-07-24;ENA_last_update:2021-07-24;ENA-CHECKLIST:ERC000037;External_Id:SAMEA8380516;INSDC_center_alias:Chinese_Academy_of_Agriculture_Sciences;INSDC_center_name:Chinese_Academy_of_Agriculture_Sciences;INSDC_first_public:2021-07-24T12:11:14Z;INSDC_last_update:2021-07-24T12:11:14Z;INSDC_status:public;Submitter_Id:Ci603DR_Stem_3;collection_date:2017-06-26;common_name:foxtail_millet;estimated_size:400M;geographic_location_(country_and/or_sea):China;geographic_location_(latitude):116.19;geographic_location_(longitude):39.57;growth_facility:other;isolation_and_growth_condition:greenhouse_planted_in_pots;number_of_replicons:3;plant_developmental_stage:jointing_stage;plant_growth_medium:soil_culture_medium;plant_structure:Stem;plant_treatment:drought;sample_name:Ci603DR_Stem_3;watering_regimen:weekly_watered_until_2_weeks_before_sampling
PRJEB44706	ERR5862269	SAMEA8664021	NA	NA	NA	NA	WT-1f-leaf-1	NA	ENA_first_public:2021-06-30;ENA_last_update:2021-06-30;ENA-CHECKLIST:ERC000037;External_Id:SAMEA8664021;INSDC_center_alias:CHINESE_ACADEMY_OF_AGRICULTURAL_SCIENCE;INSDC_center_name:CHINESE_ACADEMY_OF_AGRICULTURAL_SCIENCE;INSDC_first_public:2021-06-30T00:26:57Z;INSDC_last_update:2021-06-30T00:26:57Z;INSDC_status:public;Submitter_Id:WT-1f-leaf-1;collection_date:2020-06-15;common_name:foxtail_millet;estimated_size:2g;geographic_location_(country_and/or_sea):China;geographic_location_(latitude):39.96;geographic_location_(longitude):116.32;isolation_and_growth_condition:seedling_soil;number_of_replicons:3;plant_developmental_stage:seedling_and_heading_plant;plant_growth_medium:soil;plant_structure:seedling_and_heading_plant;sample_name:WT-1f-leaf-1
PRJEB44706	ERR5862270	SAMEA8664022	NA	NA	NA	NA	WT-1f-leaf-2	NA	ENA_first_public:2021-06-30;ENA_last_update:2021-06-30;ENA-CHECKLIST:ERC000037;External_Id:SAMEA8664022;INSDC_center_alias:CHINESE_ACADEMY_OF_AGRICULTURAL_SCIENCE;INSDC_center_name:CHINESE_ACADEMY_OF_AGRICULTURAL_SCIENCE;INSDC_first_public:2021-06-30T00:26:57Z;INSDC_last_update:2021-06-30T00:26:57Z;INSDC_status:public;Submitter_Id:WT-1f-leaf-2;collection_date:2020-06-15;common_name:foxtail_millet;estimated_size:2g;geographic_location_(country_and/or_sea):China;geographic_location_(latitude):39.96;geographic_location_(longitude):116.32;isolation_and_growth_condition:seedling_soil;number_of_replicons:3;plant_developmental_stage:seedling_and_heading_plant;plant_growth_medium:soil;plant_structure:seedling_and_heading_plant;sample_name:WT-1f-leaf-2
PRJEB44706	ERR5862271	SAMEA8664023	NA	NA	NA	NA	WT-1f-leaf-3	NA	ENA_first_public:2021-06-30;ENA_last_update:2021-06-30;ENA-CHECKLIST:ERC000037;External_Id:SAMEA8664023;INSDC_center_alias:CHINESE_ACADEMY_OF_AGRICULTURAL_SCIENCE;INSDC_center_name:CHINESE_ACADEMY_OF_AGRICULTURAL_SCIENCE;INSDC_first_public:2021-06-30T00:26:57Z;INSDC_last_update:2021-06-30T00:26:57Z;INSDC_status:public;Submitter_Id:WT-1f-leaf-3;collection_date:2020-06-15;common_name:foxtail_millet;estimated_size:2g;geographic_location_(country_and/or_sea):China;geographic_location_(latitude):39.96;geographic_location_(longitude):116.32;isolation_and_growth_condition:seedling_soil;number_of_replicons:3;plant_developmental_stage:seedling_and_heading_plant;plant_growth_medium:soil;plant_structure:seedling_and_heading_plant;sample_name:WT-1f-leaf-3
PRJEB44706	ERR5862272	SAMEA8664024	NA	NA	NA	NA	WT-1f-root-1	NA	ENA_first_public:2021-06-30;ENA_last_update:2021-06-30;ENA-CHECKLIST:ERC000037;External_Id:SAMEA8664024;INSDC_center_alias:CHINESE_ACADEMY_OF_AGRICULTURAL_SCIENCE;INSDC_center_name:CHINESE_ACADEMY_OF_AGRICULTURAL_SCIENCE;INSDC_first_public:2021-06-30T00:26:57Z;INSDC_last_update:2021-06-30T00:26:57Z;INSDC_status:public;Submitter_Id:WT-1f-root-1;collection_date:2020-06-15;common_name:foxtail_millet;estimated_size:2g;geographic_location_(country_and/or_sea):China;geographic_location_(latitude):39.96;geographic_location_(longitude):116.32;isolation_and_growth_condition:seedling_soil;number_of_replicons:3;plant_developmental_stage:seedling_and_heading_plant;plant_growth_medium:soil;plant_structure:seedling_and_heading_plant;sample_name:WT-1f-root-1
PRJEB44706	ERR5862273	SAMEA8664025	NA	NA	NA	NA	WT-1f-root-2	NA	ENA_first_public:2021-06-30;ENA_last_update:2021-06-30;ENA-CHECKLIST:ERC000037;External_Id:SAMEA8664025;INSDC_center_alias:CHINESE_ACADEMY_OF_AGRICULTURAL_SCIENCE;INSDC_center_name:CHINESE_ACADEMY_OF_AGRICULTURAL_SCIENCE;INSDC_first_public:2021-06-30T00:26:57Z;INSDC_last_update:2021-06-30T00:26:57Z;INSDC_status:public;Submitter_Id:WT-1f-root-2;collection_date:2020-06-15;common_name:foxtail_millet;estimated_size:2g;geographic_location_(country_and/or_sea):China;geographic_location_(latitude):39.96;geographic_location_(longitude):116.32;isolation_and_growth_condition:seedling_soil;number_of_replicons:3;plant_developmental_stage:seedling_and_heading_plant;plant_growth_medium:soil;plant_structure:seedling_and_heading_plant;sample_name:WT-1f-root-2
PRJEB44706	ERR5862274	SAMEA8664026	NA	NA	NA	NA	WT-1f-root-3	NA	ENA_first_public:2021-06-30;ENA_last_update:2021-06-30;ENA-CHECKLIST:ERC000037;External_Id:SAMEA8664026;INSDC_center_alias:CHINESE_ACADEMY_OF_AGRICULTURAL_SCIENCE;INSDC_center_name:CHINESE_ACADEMY_OF_AGRICULTURAL_SCIENCE;INSDC_first_public:2021-06-30T00:26:57Z;INSDC_last_update:2021-06-30T00:26:57Z;INSDC_status:public;Submitter_Id:WT-1f-root-3;collection_date:2020-06-15;common_name:foxtail_millet;estimated_size:2g;geographic_location_(country_and/or_sea):China;geographic_location_(latitude):39.96;geographic_location_(longitude):116.32;isolation_and_growth_condition:seedling_soil;number_of_replicons:3;plant_developmental_stage:seedling_and_heading_plant;plant_growth_medium:soil;plant_structure:seedling_and_heading_plant;sample_name:WT-1f-root-3
PRJEB44706	ERR5862275	SAMEA8664027	NA	NA	NA	NA	WT-3f-leaf-1	NA	ENA_first_public:2021-06-30;ENA_last_update:2021-06-30;ENA-CHECKLIST:ERC000037;External_Id:SAMEA8664027;INSDC_center_alias:CHINESE_ACADEMY_OF_AGRICULTURAL_SCIENCE;INSDC_center_name:CHINESE_ACADEMY_OF_AGRICULTURAL_SCIENCE;INSDC_first_public:2021-06-30T00:26:57Z;INSDC_last_update:2021-06-30T00:26:57Z;INSDC_status:public;Submitter_Id:WT-3f-leaf-1;collection_date:2020-06-15;common_name:foxtail_millet;estimated_size:2g;geographic_location_(country_and/or_sea):China;geographic_location_(latitude):39.96;geographic_location_(longitude):116.32;isolation_and_growth_condition:seedling_soil;number_of_replicons:3;plant_developmental_stage:seedling_and_heading_plant;plant_growth_medium:soil;plant_structure:seedling_and_heading_plant;sample_name:WT-3f-leaf-1
PRJEB44706	ERR5862276	SAMEA8664028	NA	NA	NA	NA	WT-3f-leaf-2	NA	ENA_first_public:2021-06-30;ENA_last_update:2021-06-30;ENA-CHECKLIST:ERC000037;External_Id:SAMEA8664028;INSDC_center_alias:CHINESE_ACADEMY_OF_AGRICULTURAL_SCIENCE;INSDC_center_name:CHINESE_ACADEMY_OF_AGRICULTURAL_SCIENCE;INSDC_first_public:2021-06-30T00:26:57Z;INSDC_last_update:2021-06-30T00:26:57Z;INSDC_status:public;Submitter_Id:WT-3f-leaf-2;collection_date:2020-06-15;common_name:foxtail_millet;estimated_size:2g;geographic_location_(country_and/or_sea):China;geographic_location_(latitude):39.96;geographic_location_(longitude):116.32;isolation_and_growth_condition:seedling_soil;number_of_replicons:3;plant_developmental_stage:seedling_and_heading_plant;plant_growth_medium:soil;plant_structure:seedling_and_heading_plant;sample_name:WT-3f-leaf-2
PRJEB44706	ERR5862277	SAMEA8664029	NA	NA	NA	NA	WT-3f-leaf-3	NA	ENA_first_public:2021-06-30;ENA_last_update:2021-06-30;ENA-CHECKLIST:ERC000037;External_Id:SAMEA8664029;INSDC_center_alias:CHINESE_ACADEMY_OF_AGRICULTURAL_SCIENCE;INSDC_center_name:CHINESE_ACADEMY_OF_AGRICULTURAL_SCIENCE;INSDC_first_public:2021-06-30T00:26:57Z;INSDC_last_update:2021-06-30T00:26:57Z;INSDC_status:public;Submitter_Id:WT-3f-leaf-3;collection_date:2020-06-15;common_name:foxtail_millet;estimated_size:2g;geographic_location_(country_and/or_sea):China;geographic_location_(latitude):39.96;geographic_location_(longitude):116.32;isolation_and_growth_condition:seedling_soil;number_of_replicons:3;plant_developmental_stage:seedling_and_heading_plant;plant_growth_medium:soil;plant_structure:seedling_and_heading_plant;sample_name:WT-3f-leaf-3
PRJEB44706	ERR5862278	SAMEA8664030	NA	NA	NA	NA	WT-3f-root-1	NA	ENA_first_public:2021-06-30;ENA_last_update:2021-06-30;ENA-CHECKLIST:ERC000037;External_Id:SAMEA8664030;INSDC_center_alias:CHINESE_ACADEMY_OF_AGRICULTURAL_SCIENCE;INSDC_center_name:CHINESE_ACADEMY_OF_AGRICULTURAL_SCIENCE;INSDC_first_public:2021-06-30T00:26:57Z;INSDC_last_update:2021-06-30T00:26:57Z;INSDC_status:public;Submitter_Id:WT-3f-root-1;collection_date:2020-06-15;common_name:foxtail_millet;estimated_size:2g;geographic_location_(country_and/or_sea):China;geographic_location_(latitude):39.96;geographic_location_(longitude):116.32;isolation_and_growth_condition:seedling_soil;number_of_replicons:3;plant_developmental_stage:seedling_and_heading_plant;plant_growth_medium:soil;plant_structure:seedling_and_heading_plant;sample_name:WT-3f-root-1
PRJEB44706	ERR5862279	SAMEA8664031	NA	NA	NA	NA	WT-3f-root-2	NA	ENA_first_public:2021-06-30;ENA_last_update:2021-06-30;ENA-CHECKLIST:ERC000037;External_Id:SAMEA8664031;INSDC_center_alias:CHINESE_ACADEMY_OF_AGRICULTURAL_SCIENCE;INSDC_center_name:CHINESE_ACADEMY_OF_AGRICULTURAL_SCIENCE;INSDC_first_public:2021-06-30T00:26:57Z;INSDC_last_update:2021-06-30T00:26:57Z;INSDC_status:public;Submitter_Id:WT-3f-root-2;collection_date:2020-06-15;common_name:foxtail_millet;estimated_size:2g;geographic_location_(country_and/or_sea):China;geographic_location_(latitude):39.96;geographic_location_(longitude):116.32;isolation_and_growth_condition:seedling_soil;number_of_replicons:3;plant_developmental_stage:seedling_and_heading_plant;plant_growth_medium:soil;plant_structure:seedling_and_heading_plant;sample_name:WT-3f-root-2
PRJEB44706	ERR5862280	SAMEA8664032	NA	NA	NA	NA	WT-3f-root-3	NA	ENA_first_public:2021-06-30;ENA_last_update:2021-06-30;ENA-CHECKLIST:ERC000037;External_Id:SAMEA8664032;INSDC_center_alias:CHINESE_ACADEMY_OF_AGRICULTURAL_SCIENCE;INSDC_center_name:CHINESE_ACADEMY_OF_AGRICULTURAL_SCIENCE;INSDC_first_public:2021-06-30T00:26:57Z;INSDC_last_update:2021-06-30T00:26:57Z;INSDC_status:public;Submitter_Id:WT-3f-root-3;collection_date:2020-06-15;common_name:foxtail_millet;estimated_size:2g;geographic_location_(country_and/or_sea):China;geographic_location_(latitude):39.96;geographic_location_(longitude):116.32;isolation_and_growth_condition:seedling_soil;number_of_replicons:3;plant_developmental_stage:seedling_and_heading_plant;plant_growth_medium:soil;plant_structure:seedling_and_heading_plant;sample_name:WT-3f-root-3
PRJEB44706	ERR5862281	SAMEA8664033	NA	NA	NA	NA	aux1-1f-leaf-1	NA	ENA_first_public:2021-06-30;ENA_last_update:2021-06-30;ENA-CHECKLIST:ERC000037;External_Id:SAMEA8664033;INSDC_center_alias:CHINESE_ACADEMY_OF_AGRICULTURAL_SCIENCE;INSDC_center_name:CHINESE_ACADEMY_OF_AGRICULTURAL_SCIENCE;INSDC_first_public:2021-06-30T00:26:57Z;INSDC_last_update:2021-06-30T00:26:57Z;INSDC_status:public;Submitter_Id:aux1-1f-leaf-1;collection_date:2020-06-15;common_name:foxtail_millet;estimated_size:2g;geographic_location_(country_and/or_sea):China;geographic_location_(latitude):39.96;geographic_location_(longitude):116.32;isolation_and_growth_condition:seedling_soil;number_of_replicons:3;plant_developmental_stage:seedling_and_heading_plant;plant_growth_medium:soil;plant_structure:seedling_and_heading_plant;sample_name:aux1-1f-leaf-1
PRJEB44706	ERR5862282	SAMEA8664034	NA	NA	NA	NA	aux1-1f-leaf-2	NA	ENA_first_public:2021-06-30;ENA_last_update:2021-06-30;ENA-CHECKLIST:ERC000037;External_Id:SAMEA8664034;INSDC_center_alias:CHINESE_ACADEMY_OF_AGRICULTURAL_SCIENCE;INSDC_center_name:CHINESE_ACADEMY_OF_AGRICULTURAL_SCIENCE;INSDC_first_public:2021-06-30T00:26:57Z;INSDC_last_update:2021-06-30T00:26:57Z;INSDC_status:public;Submitter_Id:aux1-1f-leaf-2;collection_date:2020-06-15;common_name:foxtail_millet;estimated_size:2g;geographic_location_(country_and/or_sea):China;geographic_location_(latitude):39.96;geographic_location_(longitude):116.32;isolation_and_growth_condition:seedling_soil;number_of_replicons:3;plant_developmental_stage:seedling_and_heading_plant;plant_growth_medium:soil;plant_structure:seedling_and_heading_plant;sample_name:aux1-1f-leaf-2
PRJEB44706	ERR5862283	SAMEA8664035	NA	NA	NA	NA	aux1-1f-leaf-3	NA	ENA_first_public:2021-06-30;ENA_last_update:2021-06-30;ENA-CHECKLIST:ERC000037;External_Id:SAMEA8664035;INSDC_center_alias:CHINESE_ACADEMY_OF_AGRICULTURAL_SCIENCE;INSDC_center_name:CHINESE_ACADEMY_OF_AGRICULTURAL_SCIENCE;INSDC_first_public:2021-06-30T00:26:57Z;INSDC_last_update:2021-06-30T00:26:57Z;INSDC_status:public;Submitter_Id:aux1-1f-leaf-3;collection_date:2020-06-15;common_name:foxtail_millet;estimated_size:2g;geographic_location_(country_and/or_sea):China;geographic_location_(latitude):39.96;geographic_location_(longitude):116.32;isolation_and_growth_condition:seedling_soil;number_of_replicons:3;plant_developmental_stage:seedling_and_heading_plant;plant_growth_medium:soil;plant_structure:seedling_and_heading_plant;sample_name:aux1-1f-leaf-3
PRJEB44706	ERR5862284	SAMEA8664036	NA	NA	NA	NA	aux1-1f-root-1	NA	ENA_first_public:2021-06-30;ENA_last_update:2021-06-30;ENA-CHECKLIST:ERC000037;External_Id:SAMEA8664036;INSDC_center_alias:CHINESE_ACADEMY_OF_AGRICULTURAL_SCIENCE;INSDC_center_name:CHINESE_ACADEMY_OF_AGRICULTURAL_SCIENCE;INSDC_first_public:2021-06-30T00:26:57Z;INSDC_last_update:2021-06-30T00:26:57Z;INSDC_status:public;Submitter_Id:aux1-1f-root-1;collection_date:2020-06-15;common_name:foxtail_millet;estimated_size:2g;geographic_location_(country_and/or_sea):China;geographic_location_(latitude):39.96;geographic_location_(longitude):116.32;isolation_and_growth_condition:seedling_soil;number_of_replicons:3;plant_developmental_stage:seedling_and_heading_plant;plant_growth_medium:soil;plant_structure:seedling_and_heading_plant;sample_name:aux1-1f-root-1
PRJEB44706	ERR5862285	SAMEA8664037	NA	NA	NA	NA	aux1-1f-root-2	NA	ENA_first_public:2021-06-30;ENA_last_update:2021-06-30;ENA-CHECKLIST:ERC000037;External_Id:SAMEA8664037;INSDC_center_alias:CHINESE_ACADEMY_OF_AGRICULTURAL_SCIENCE;INSDC_center_name:CHINESE_ACADEMY_OF_AGRICULTURAL_SCIENCE;INSDC_first_public:2021-06-30T00:26:57Z;INSDC_last_update:2021-06-30T00:26:57Z;INSDC_status:public;Submitter_Id:aux1-1f-root-2;collection_date:2020-06-15;common_name:foxtail_millet;estimated_size:2g;geographic_location_(country_and/or_sea):China;geographic_location_(latitude):39.96;geographic_location_(longitude):116.32;isolation_and_growth_condition:seedling_soil;number_of_replicons:3;plant_developmental_stage:seedling_and_heading_plant;plant_growth_medium:soil;plant_structure:seedling_and_heading_plant;sample_name:aux1-1f-root-2
PRJEB44706	ERR5862286	SAMEA8664038	NA	NA	NA	NA	aux1-1f-root-3	NA	ENA_first_public:2021-06-30;ENA_last_update:2021-06-30;ENA-CHECKLIST:ERC000037;External_Id:SAMEA8664038;INSDC_center_alias:CHINESE_ACADEMY_OF_AGRICULTURAL_SCIENCE;INSDC_center_name:CHINESE_ACADEMY_OF_AGRICULTURAL_SCIENCE;INSDC_first_public:2021-06-30T00:26:57Z;INSDC_last_update:2021-06-30T00:26:57Z;INSDC_status:public;Submitter_Id:aux1-1f-root-3;collection_date:2020-06-15;common_name:foxtail_millet;estimated_size:2g;geographic_location_(country_and/or_sea):China;geographic_location_(latitude):39.96;geographic_location_(longitude):116.32;isolation_and_growth_condition:seedling_soil;number_of_replicons:3;plant_developmental_stage:seedling_and_heading_plant;plant_growth_medium:soil;plant_structure:seedling_and_heading_plant;sample_name:aux1-1f-root-3
PRJEB44706	ERR5862287	SAMEA8664039	NA	NA	NA	NA	aux1-3f-leaf-1	NA	ENA_first_public:2021-06-30;ENA_last_update:2021-06-30;ENA-CHECKLIST:ERC000037;External_Id:SAMEA8664039;INSDC_center_alias:CHINESE_ACADEMY_OF_AGRICULTURAL_SCIENCE;INSDC_center_name:CHINESE_ACADEMY_OF_AGRICULTURAL_SCIENCE;INSDC_first_public:2021-06-30T00:26:57Z;INSDC_last_update:2021-06-30T00:26:57Z;INSDC_status:public;Submitter_Id:aux1-3f-leaf-1;collection_date:2020-06-15;common_name:foxtail_millet;estimated_size:2g;geographic_location_(country_and/or_sea):China;geographic_location_(latitude):39.96;geographic_location_(longitude):116.32;isolation_and_growth_condition:seedling_soil;number_of_replicons:3;plant_developmental_stage:seedling_and_heading_plant;plant_growth_medium:soil;plant_structure:seedling_and_heading_plant;sample_name:aux1-3f-leaf-1
PRJEB44706	ERR5862288	SAMEA8664040	NA	NA	NA	NA	aux1-3f-leaf-2	NA	ENA_first_public:2021-06-30;ENA_last_update:2021-06-30;ENA-CHECKLIST:ERC000037;External_Id:SAMEA8664040;INSDC_center_alias:CHINESE_ACADEMY_OF_AGRICULTURAL_SCIENCE;INSDC_center_name:CHINESE_ACADEMY_OF_AGRICULTURAL_SCIENCE;INSDC_first_public:2021-06-30T00:26:57Z;INSDC_last_update:2021-06-30T00:26:57Z;INSDC_status:public;Submitter_Id:aux1-3f-leaf-2;collection_date:2020-06-15;common_name:foxtail_millet;estimated_size:2g;geographic_location_(country_and/or_sea):China;geographic_location_(latitude):39.96;geographic_location_(longitude):116.32;isolation_and_growth_condition:seedling_soil;number_of_replicons:3;plant_developmental_stage:seedling_and_heading_plant;plant_growth_medium:soil;plant_structure:seedling_and_heading_plant;sample_name:aux1-3f-leaf-2
PRJEB44706	ERR5862289	SAMEA8664041	NA	NA	NA	NA	aux1-3f-leaf-3	NA	ENA_first_public:2021-06-30;ENA_last_update:2021-06-30;ENA-CHECKLIST:ERC000037;External_Id:SAMEA8664041;INSDC_center_alias:CHINESE_ACADEMY_OF_AGRICULTURAL_SCIENCE;INSDC_center_name:CHINESE_ACADEMY_OF_AGRICULTURAL_SCIENCE;INSDC_first_public:2021-06-30T00:26:57Z;INSDC_last_update:2021-06-30T00:26:57Z;INSDC_status:public;Submitter_Id:aux1-3f-leaf-3;collection_date:2020-06-15;common_name:foxtail_millet;estimated_size:2g;geographic_location_(country_and/or_sea):China;geographic_location_(latitude):39.96;geographic_location_(longitude):116.32;isolation_and_growth_condition:seedling_soil;number_of_replicons:3;plant_developmental_stage:seedling_and_heading_plant;plant_growth_medium:soil;plant_structure:seedling_and_heading_plant;sample_name:aux1-3f-leaf-3
PRJEB44706	ERR5862290	SAMEA8664042	NA	NA	NA	NA	aux1-3f-root-1	NA	ENA_first_public:2021-06-30;ENA_last_update:2021-06-30;ENA-CHECKLIST:ERC000037;External_Id:SAMEA8664042;INSDC_center_alias:CHINESE_ACADEMY_OF_AGRICULTURAL_SCIENCE;INSDC_center_name:CHINESE_ACADEMY_OF_AGRICULTURAL_SCIENCE;INSDC_first_public:2021-06-30T00:26:57Z;INSDC_last_update:2021-06-30T00:26:57Z;INSDC_status:public;Submitter_Id:aux1-3f-root-1;collection_date:2020-06-15;common_name:foxtail_millet;estimated_size:2g;geographic_location_(country_and/or_sea):China;geographic_location_(latitude):39.96;geographic_location_(longitude):116.32;isolation_and_growth_condition:seedling_soil;number_of_replicons:3;plant_developmental_stage:seedling_and_heading_plant;plant_growth_medium:soil;plant_structure:seedling_and_heading_plant;sample_name:aux1-3f-root-1
PRJEB44706	ERR5862291	SAMEA8664043	NA	NA	NA	NA	aux1-3f-root-2	NA	ENA_first_public:2021-06-30;ENA_last_update:2021-06-30;ENA-CHECKLIST:ERC000037;External_Id:SAMEA8664043;INSDC_center_alias:CHINESE_ACADEMY_OF_AGRICULTURAL_SCIENCE;INSDC_center_name:CHINESE_ACADEMY_OF_AGRICULTURAL_SCIENCE;INSDC_first_public:2021-06-30T00:26:57Z;INSDC_last_update:2021-06-30T00:26:57Z;INSDC_status:public;Submitter_Id:aux1-3f-root-2;collection_date:2020-06-15;common_name:foxtail_millet;estimated_size:2g;geographic_location_(country_and/or_sea):China;geographic_location_(latitude):39.96;geographic_location_(longitude):116.32;isolation_and_growth_condition:seedling_soil;number_of_replicons:3;plant_developmental_stage:seedling_and_heading_plant;plant_growth_medium:soil;plant_structure:seedling_and_heading_plant;sample_name:aux1-3f-root-2
PRJEB44706	ERR5862292	SAMEA8664044	NA	NA	NA	NA	aux1-3f-root-3	NA	ENA_first_public:2021-06-30;ENA_last_update:2021-06-30;ENA-CHECKLIST:ERC000037;External_Id:SAMEA8664044;INSDC_center_alias:CHINESE_ACADEMY_OF_AGRICULTURAL_SCIENCE;INSDC_center_name:CHINESE_ACADEMY_OF_AGRICULTURAL_SCIENCE;INSDC_first_public:2021-06-30T00:26:57Z;INSDC_last_update:2021-06-30T00:26:57Z;INSDC_status:public;Submitter_Id:aux1-3f-root-3;collection_date:2020-06-15;common_name:foxtail_millet;estimated_size:2g;geographic_location_(country_and/or_sea):China;geographic_location_(latitude):39.96;geographic_location_(longitude):116.32;isolation_and_growth_condition:seedling_soil;number_of_replicons:3;plant_developmental_stage:seedling_and_heading_plant;plant_growth_medium:soil;plant_structure:seedling_and_heading_plant;sample_name:aux1-3f-root-3
PRJEB44706	ERR5862293	SAMEA8664045	NA	NA	NA	NA	WT-pnc-1	NA	ENA_first_public:2021-06-30;ENA_last_update:2021-06-30;ENA-CHECKLIST:ERC000037;External_Id:SAMEA8664045;INSDC_center_alias:CHINESE_ACADEMY_OF_AGRICULTURAL_SCIENCE;INSDC_center_name:CHINESE_ACADEMY_OF_AGRICULTURAL_SCIENCE;INSDC_first_public:2021-06-30T00:26:57Z;INSDC_last_update:2021-06-30T00:26:57Z;INSDC_status:public;Submitter_Id:WT-pnc-1;collection_date:2020-06-15;common_name:foxtail_millet;estimated_size:2g;geographic_location_(country_and/or_sea):China;geographic_location_(latitude):39.96;geographic_location_(longitude):116.32;isolation_and_growth_condition:seedling_soil;number_of_replicons:3;plant_developmental_stage:seedling_and_heading_plant;plant_growth_medium:soil;plant_structure:seedling_and_heading_plant;sample_name:WT-pnc-1
PRJEB44706	ERR5862294	SAMEA8664046	NA	NA	NA	NA	WT-pnc-2	NA	ENA_first_public:2021-06-30;ENA_last_update:2021-06-30;ENA-CHECKLIST:ERC000037;External_Id:SAMEA8664046;INSDC_center_alias:CHINESE_ACADEMY_OF_AGRICULTURAL_SCIENCE;INSDC_center_name:CHINESE_ACADEMY_OF_AGRICULTURAL_SCIENCE;INSDC_first_public:2021-06-30T00:26:57Z;INSDC_last_update:2021-06-30T00:26:57Z;INSDC_status:public;Submitter_Id:WT-pnc-2;collection_date:2020-06-15;common_name:foxtail_millet;estimated_size:2g;geographic_location_(country_and/or_sea):China;geographic_location_(latitude):39.96;geographic_location_(longitude):116.32;isolation_and_growth_condition:seedling_soil;number_of_replicons:3;plant_developmental_stage:seedling_and_heading_plant;plant_growth_medium:soil;plant_structure:seedling_and_heading_plant;sample_name:WT-pnc-2
PRJEB44706	ERR5862295	SAMEA8664047	NA	NA	NA	NA	WT-pnc-3	NA	ENA_first_public:2021-06-30;ENA_last_update:2021-06-30;ENA-CHECKLIST:ERC000037;External_Id:SAMEA8664047;INSDC_center_alias:CHINESE_ACADEMY_OF_AGRICULTURAL_SCIENCE;INSDC_center_name:CHINESE_ACADEMY_OF_AGRICULTURAL_SCIENCE;INSDC_first_public:2021-06-30T00:26:57Z;INSDC_last_update:2021-06-30T00:26:57Z;INSDC_status:public;Submitter_Id:WT-pnc-3;collection_date:2020-06-15;common_name:foxtail_millet;estimated_size:2g;geographic_location_(country_and/or_sea):China;geographic_location_(latitude):39.96;geographic_location_(longitude):116.32;isolation_and_growth_condition:seedling_soil;number_of_replicons:3;plant_developmental_stage:seedling_and_heading_plant;plant_growth_medium:soil;plant_structure:seedling_and_heading_plant;sample_name:WT-pnc-3
PRJEB44706	ERR5862296	SAMEA8664048	NA	NA	NA	NA	aux1-pnc-1	NA	ENA_first_public:2021-06-30;ENA_last_update:2021-06-30;ENA-CHECKLIST:ERC000037;External_Id:SAMEA8664048;INSDC_center_alias:CHINESE_ACADEMY_OF_AGRICULTURAL_SCIENCE;INSDC_center_name:CHINESE_ACADEMY_OF_AGRICULTURAL_SCIENCE;INSDC_first_public:2021-06-30T00:26:57Z;INSDC_last_update:2021-06-30T00:26:57Z;INSDC_status:public;Submitter_Id:aux1-pnc-1;collection_date:2020-06-15;common_name:foxtail_millet;estimated_size:2g;geographic_location_(country_and/or_sea):China;geographic_location_(latitude):39.96;geographic_location_(longitude):116.32;isolation_and_growth_condition:seedling_soil;number_of_replicons:3;plant_developmental_stage:seedling_and_heading_plant;plant_growth_medium:soil;plant_structure:seedling_and_heading_plant;sample_name:aux1-pnc-1
PRJEB44706	ERR5862297	SAMEA8664049	NA	NA	NA	NA	aux1-pnc-2	NA	ENA_first_public:2021-06-30;ENA_last_update:2021-06-30;ENA-CHECKLIST:ERC000037;External_Id:SAMEA8664049;INSDC_center_alias:CHINESE_ACADEMY_OF_AGRICULTURAL_SCIENCE;INSDC_center_name:CHINESE_ACADEMY_OF_AGRICULTURAL_SCIENCE;INSDC_first_public:2021-06-30T00:26:57Z;INSDC_last_update:2021-06-30T00:26:57Z;INSDC_status:public;Submitter_Id:aux1-pnc-2;collection_date:2020-06-15;common_name:foxtail_millet;estimated_size:2g;geographic_location_(country_and/or_sea):China;geographic_location_(latitude):39.96;geographic_location_(longitude):116.32;isolation_and_growth_condition:seedling_soil;number_of_replicons:3;plant_developmental_stage:seedling_and_heading_plant;plant_growth_medium:soil;plant_structure:seedling_and_heading_plant;sample_name:aux1-pnc-2
PRJEB44706	ERR5862298	SAMEA8664050	NA	NA	NA	NA	aux1-pnc-3	NA	ENA_first_public:2021-06-30;ENA_last_update:2021-06-30;ENA-CHECKLIST:ERC000037;External_Id:SAMEA8664050;INSDC_center_alias:CHINESE_ACADEMY_OF_AGRICULTURAL_SCIENCE;INSDC_center_name:CHINESE_ACADEMY_OF_AGRICULTURAL_SCIENCE;INSDC_first_public:2021-06-30T00:26:57Z;INSDC_last_update:2021-06-30T00:26:57Z;INSDC_status:public;Submitter_Id:aux1-pnc-3;collection_date:2020-06-15;common_name:foxtail_millet;estimated_size:2g;geographic_location_(country_and/or_sea):China;geographic_location_(latitude):39.96;geographic_location_(longitude):116.32;isolation_and_growth_condition:seedling_soil;number_of_replicons:3;plant_developmental_stage:seedling_and_heading_plant;plant_growth_medium:soil;plant_structure:seedling_and_heading_plant;sample_name:aux1-pnc-3
PRJEB43702	ERR6355662	SAMEA8380513	NA	NA	NA	NA	Ci603DR_Stem_2	NA	ENA_first_public:2021-07-24;ENA_last_update:2021-07-24;ENA-CHECKLIST:ERC000037;External_Id:SAMEA8380513;INSDC_center_alias:Chinese_Academy_of_Agriculture_Sciences;INSDC_center_name:Chinese_Academy_of_Agriculture_Sciences;INSDC_first_public:2021-07-24T12:11:14Z;INSDC_last_update:2021-07-24T12:11:14Z;INSDC_status:public;Submitter_Id:Ci603DR_Stem_2;collection_date:2017-06-26;common_name:foxtail_millet;estimated_size:400M;geographic_location_(country_and/or_sea):China;geographic_location_(latitude):116.19;geographic_location_(longitude):39.57;growth_facility:other;isolation_and_growth_condition:greenhouse_planted_in_pots;number_of_replicons:3;plant_developmental_stage:jointing_stage;plant_growth_medium:soil_culture_medium;plant_structure:Stem;plant_treatment:drought;sample_name:Ci603DR_Stem_2;watering_regimen:weekly_watered_until_2_weeks_before_sampling
PRJEB43702	ERR6355663	SAMEA8380516	NA	NA	NA	NA	Ci603DR_Stem_3	NA	ENA_first_public:2021-07-24;ENA_last_update:2021-07-24;ENA-CHECKLIST:ERC000037;External_Id:SAMEA8380516;INSDC_center_alias:Chinese_Academy_of_Agriculture_Sciences;INSDC_center_name:Chinese_Academy_of_Agriculture_Sciences;INSDC_first_public:2021-07-24T12:11:14Z;INSDC_last_update:2021-07-24T12:11:14Z;INSDC_status:public;Submitter_Id:Ci603DR_Stem_3;collection_date:2017-06-26;common_name:foxtail_millet;estimated_size:400M;geographic_location_(country_and/or_sea):China;geographic_location_(latitude):116.19;geographic_location_(longitude):39.57;growth_facility:other;isolation_and_growth_condition:greenhouse_planted_in_pots;number_of_replicons:3;plant_developmental_stage:jointing_stage;plant_growth_medium:soil_culture_medium;plant_structure:Stem;plant_treatment:drought;sample_name:Ci603DR_Stem_3;watering_regimen:weekly_watered_until_2_weeks_before_sampling
PRJEB43702	ERR6355664	SAMEA8380257	NA	NA	NA	NA	Ci328DR_Stem_1	NA	ENA_first_public:2021-07-24;ENA_last_update:2021-07-24;ENA-CHECKLIST:ERC000037;External_Id:SAMEA8380257;INSDC_center_alias:Chinese_Academy_of_Agriculture_Sciences;INSDC_center_name:Chinese_Academy_of_Agriculture_Sciences;INSDC_first_public:2021-07-24T12:11:14Z;INSDC_last_update:2021-07-24T12:11:14Z;INSDC_status:public;Submitter_Id:Ci328DR_Stem_1;collection_date:2017-06-26;common_name:foxtail_millet;estimated_size:400M;geographic_location_(country_and/or_sea):China;geographic_location_(latitude):116.19;geographic_location_(longitude):39.57;growth_facility:other;isolation_and_growth_condition:greenhouse_planted_in_pots;number_of_replicons:3;plant_developmental_stage:jointing_stage;plant_growth_medium:soil_culture_medium;plant_structure:Stem;plant_treatment:drought;sample_name:Ci328DR_Stem_1;watering_regimen:weekly_watered_until_2_weeks_before_sampling
PRJEB43702	ERR6355665	SAMEA8380509	NA	NA	NA	NA	Ci603DR_Stem_1	NA	ENA_first_public:2021-07-24;ENA_last_update:2021-07-24;ENA-CHECKLIST:ERC000037;External_Id:SAMEA8380509;INSDC_center_alias:Chinese_Academy_of_Agriculture_Sciences;INSDC_center_name:Chinese_Academy_of_Agriculture_Sciences;INSDC_first_public:2021-07-24T12:11:14Z;INSDC_last_update:2021-07-24T12:11:14Z;INSDC_status:public;Submitter_Id:Ci603DR_Stem_1;collection_date:2017-06-26;common_name:foxtail_millet;estimated_size:400M;geographic_location_(country_and/or_sea):China;geographic_location_(latitude):116.19;geographic_location_(longitude):39.57;growth_facility:other;isolation_and_growth_condition:greenhouse_planted_in_pots;number_of_replicons:3;plant_developmental_stage:jointing_stage;plant_growth_medium:soil_culture_medium;plant_structure:Stem;plant_treatment:drought;sample_name:Ci603DR_Stem_1;watering_regimen:weekly_watered_until_2_weeks_before_sampling
PRJEB43702	ERR6355666	SAMEA8380507	NA	NA	NA	NA	Ci603DR_Root_3	NA	ENA_first_public:2021-07-24;ENA_last_update:2021-07-24;ENA-CHECKLIST:ERC000037;External_Id:SAMEA8380507;INSDC_center_alias:Chinese_Academy_of_Agriculture_Sciences;INSDC_center_name:Chinese_Academy_of_Agriculture_Sciences;INSDC_first_public:2021-07-24T12:11:14Z;INSDC_last_update:2021-07-24T12:11:14Z;INSDC_status:public;Submitter_Id:Ci603DR_Root_3;collection_date:2017-06-26;common_name:foxtail_millet;estimated_size:400M;geographic_location_(country_and/or_sea):China;geographic_location_(latitude):116.19;geographic_location_(longitude):39.57;growth_facility:other;isolation_and_growth_condition:greenhouse_planted_in_pots;number_of_replicons:3;plant_developmental_stage:jointing_stage;plant_growth_medium:soil_culture_medium;plant_structure:root;plant_treatment:drought;sample_name:Ci603DR_Root_3;watering_regimen:weekly_watered_until_2_weeks_before_sampling
PRJEB43702	ERR6355667	SAMEA8380503	NA	NA	NA	NA	Ci603DR_Root_2	NA	ENA_first_public:2021-07-24;ENA_last_update:2021-07-24;ENA-CHECKLIST:ERC000037;External_Id:SAMEA8380503;INSDC_center_alias:Chinese_Academy_of_Agriculture_Sciences;INSDC_center_name:Chinese_Academy_of_Agriculture_Sciences;INSDC_first_public:2021-07-24T12:11:14Z;INSDC_last_update:2021-07-24T12:11:14Z;INSDC_status:public;Submitter_Id:Ci603DR_Root_2;collection_date:2017-06-26;common_name:foxtail_millet;estimated_size:400M;geographic_location_(country_and/or_sea):China;geographic_location_(latitude):116.19;geographic_location_(longitude):39.57;growth_facility:other;isolation_and_growth_condition:greenhouse_planted_in_pots;number_of_replicons:3;plant_developmental_stage:jointing_stage;plant_growth_medium:soil_culture_medium;plant_structure:root;plant_treatment:drought;sample_name:Ci603DR_Root_2;watering_regimen:weekly_watered_until_2_weeks_before_sampling
PRJEB43702	ERR6355668	SAMEA8380497	NA	NA	NA	NA	Ci603DR_Root_1	NA	ENA_first_public:2021-07-24;ENA_last_update:2021-07-24;ENA-CHECKLIST:ERC000037;External_Id:SAMEA8380497;INSDC_center_alias:Chinese_Academy_of_Agriculture_Sciences;INSDC_center_name:Chinese_Academy_of_Agriculture_Sciences;INSDC_first_public:2021-07-24T12:11:14Z;INSDC_last_update:2021-07-24T12:11:14Z;INSDC_status:public;Submitter_Id:Ci603DR_Root_1;collection_date:2017-06-26;common_name:foxtail_millet;estimated_size:400M;geographic_location_(country_and/or_sea):China;geographic_location_(latitude):116.19;geographic_location_(longitude):39.57;growth_facility:other;isolation_and_growth_condition:greenhouse_planted_in_pots;number_of_replicons:3;plant_developmental_stage:jointing_stage;plant_growth_medium:soil_culture_medium;plant_structure:root;plant_treatment:drought;sample_name:Ci603DR_Root_1;watering_regimen:weekly_watered_until_2_weeks_before_sampling
PRJEB43702	ERR6355669	SAMEA8380496	NA	NA	NA	NA	Ci603DR_Leaf_3	NA	ENA_first_public:2021-07-24;ENA_last_update:2021-07-24;ENA-CHECKLIST:ERC000037;External_Id:SAMEA8380496;INSDC_center_alias:Chinese_Academy_of_Agriculture_Sciences;INSDC_center_name:Chinese_Academy_of_Agriculture_Sciences;INSDC_first_public:2021-07-24T12:11:14Z;INSDC_last_update:2021-07-24T12:11:14Z;INSDC_status:public;Submitter_Id:Ci603DR_Leaf_3;collection_date:2017-06-26;common_name:foxtail_millet;estimated_size:400M;geographic_location_(country_and/or_sea):China;geographic_location_(latitude):116.19;geographic_location_(longitude):39.57;growth_facility:other;isolation_and_growth_condition:greenhouse_planted_in_pots;number_of_replicons:3;plant_developmental_stage:jointing_stage;plant_growth_medium:soil_culture_medium;plant_structure:leaf;plant_treatment:drought;sample_name:Ci603DR_Leaf_3;watering_regimen:weekly_watered_until_2_weeks_before_sampling
PRJEB43702	ERR6355670	SAMEA8380486	NA	NA	NA	NA	Ci603DR_Leaf_2	NA	ENA_first_public:2021-07-24;ENA_last_update:2021-07-24;ENA-CHECKLIST:ERC000037;External_Id:SAMEA8380486;INSDC_center_alias:Chinese_Academy_of_Agriculture_Sciences;INSDC_center_name:Chinese_Academy_of_Agriculture_Sciences;INSDC_first_public:2021-07-24T12:11:14Z;INSDC_last_update:2021-07-24T12:11:14Z;INSDC_status:public;Submitter_Id:Ci603DR_Leaf_2;collection_date:2017-06-26;common_name:foxtail_millet;estimated_size:400M;geographic_location_(country_and/or_sea):China;geographic_location_(latitude):116.19;geographic_location_(longitude):39.57;growth_facility:other;isolation_and_growth_condition:greenhouse_planted_in_pots;number_of_replicons:3;plant_developmental_stage:jointing_stage;plant_growth_medium:soil_culture_medium;plant_structure:leaf;plant_treatment:drought;sample_name:Ci603DR_Leaf_2;watering_regimen:weekly_watered_until_2_weeks_before_sampling
PRJEB43702	ERR6355671	SAMEA8380480	NA	NA	NA	NA	Ci603DR_Leaf_1	NA	ENA_first_public:2021-07-24;ENA_last_update:2021-07-24;ENA-CHECKLIST:ERC000037;External_Id:SAMEA8380480;INSDC_center_alias:Chinese_Academy_of_Agriculture_Sciences;INSDC_center_name:Chinese_Academy_of_Agriculture_Sciences;INSDC_first_public:2021-07-24T12:11:14Z;INSDC_last_update:2021-07-24T12:11:14Z;INSDC_status:public;Submitter_Id:Ci603DR_Leaf_1;collection_date:2017-06-26;common_name:foxtail_millet;estimated_size:400M;geographic_location_(country_and/or_sea):China;geographic_location_(latitude):116.19;geographic_location_(longitude):39.57;growth_facility:other;isolation_and_growth_condition:greenhouse_planted_in_pots;number_of_replicons:3;plant_developmental_stage:jointing_stage;plant_growth_medium:soil_culture_medium;plant_structure:leaf;plant_treatment:drought;sample_name:Ci603DR_Leaf_1;watering_regimen:weekly_watered_until_2_weeks_before_sampling
PRJEB43702	ERR6355672	SAMEA8380472	NA	NA	NA	NA	Ci603CK_Stem_3	NA	ENA_first_public:2021-07-24;ENA_last_update:2021-07-24;ENA-CHECKLIST:ERC000037;External_Id:SAMEA8380472;INSDC_center_alias:Chinese_Academy_of_Agriculture_Sciences;INSDC_center_name:Chinese_Academy_of_Agriculture_Sciences;INSDC_first_public:2021-07-24T12:11:14Z;INSDC_last_update:2021-07-24T12:11:14Z;INSDC_status:public;Submitter_Id:Ci603CK_Stem_3;collection_date:2017-06-26;common_name:foxtail_millet;estimated_size:400M;geographic_location_(country_and/or_sea):China;geographic_location_(latitude):116.19;geographic_location_(longitude):39.57;growth_facility:other;isolation_and_growth_condition:greenhouse_planted_in_pots;number_of_replicons:3;plant_developmental_stage:jointing_stage;plant_growth_medium:soil_culture_medium;plant_structure:Stem;plant_treatment:control;sample_name:Ci603CK_Stem_3;watering_regimen:weekly_watered_until_sampling
PRJEB43702	ERR6355673	SAMEA8380461	NA	NA	NA	NA	Ci603CK_Stem_2	NA	ENA_first_public:2021-07-24;ENA_last_update:2021-07-24;ENA-CHECKLIST:ERC000037;External_Id:SAMEA8380461;INSDC_center_alias:Chinese_Academy_of_Agriculture_Sciences;INSDC_center_name:Chinese_Academy_of_Agriculture_Sciences;INSDC_first_public:2021-07-24T12:11:14Z;INSDC_last_update:2021-07-24T12:11:14Z;INSDC_status:public;Submitter_Id:Ci603CK_Stem_2;collection_date:2017-06-26;common_name:foxtail_millet;estimated_size:400M;geographic_location_(country_and/or_sea):China;geographic_location_(latitude):116.19;geographic_location_(longitude):39.57;growth_facility:other;isolation_and_growth_condition:greenhouse_planted_in_pots;number_of_replicons:3;plant_developmental_stage:jointing_stage;plant_growth_medium:soil_culture_medium;plant_structure:Stem;plant_treatment:control;sample_name:Ci603CK_Stem_2;watering_regimen:weekly_watered_until_sampling
PRJEB43702	ERR6355674	SAMEA8380452	NA	NA	NA	NA	Ci603CK_Stem_1	NA	ENA_first_public:2021-07-24;ENA_last_update:2021-07-24;ENA-CHECKLIST:ERC000037;External_Id:SAMEA8380452;INSDC_center_alias:Chinese_Academy_of_Agriculture_Sciences;INSDC_center_name:Chinese_Academy_of_Agriculture_Sciences;INSDC_first_public:2021-07-24T12:11:14Z;INSDC_last_update:2021-07-24T12:11:14Z;INSDC_status:public;Submitter_Id:Ci603CK_Stem_1;collection_date:2017-06-26;common_name:foxtail_millet;estimated_size:400M;geographic_location_(country_and/or_sea):China;geographic_location_(latitude):116.19;geographic_location_(longitude):39.57;growth_facility:other;isolation_and_growth_condition:greenhouse_planted_in_pots;number_of_replicons:3;plant_developmental_stage:jointing_stage;plant_growth_medium:soil_culture_medium;plant_structure:Stem;plant_treatment:control;sample_name:Ci603CK_Stem_1;watering_regimen:weekly_watered_until_sampling
PRJEB43702	ERR6355675	SAMEA8380443	NA	NA	NA	NA	Ci603CK_Root_3	NA	ENA_first_public:2021-07-24;ENA_last_update:2021-07-24;ENA-CHECKLIST:ERC000037;External_Id:SAMEA8380443;INSDC_center_alias:Chinese_Academy_of_Agriculture_Sciences;INSDC_center_name:Chinese_Academy_of_Agriculture_Sciences;INSDC_first_public:2021-07-24T12:11:14Z;INSDC_last_update:2021-07-24T12:11:14Z;INSDC_status:public;Submitter_Id:Ci603CK_Root_3;collection_date:2017-06-26;common_name:foxtail_millet;estimated_size:400M;geographic_location_(country_and/or_sea):China;geographic_location_(latitude):116.19;geographic_location_(longitude):39.57;growth_facility:other;isolation_and_growth_condition:greenhouse_planted_in_pots;number_of_replicons:3;plant_developmental_stage:jointing_stage;plant_growth_medium:soil_culture_medium;plant_structure:root;plant_treatment:control;sample_name:Ci603CK_Root_3;watering_regimen:weekly_watered_until_sampling
PRJEB43702	ERR6355676	SAMEA8380438	NA	NA	NA	NA	Ci603CK_Root_2	NA	ENA_first_public:2021-07-24;ENA_last_update:2021-07-24;ENA-CHECKLIST:ERC000037;External_Id:SAMEA8380438;INSDC_center_alias:Chinese_Academy_of_Agriculture_Sciences;INSDC_center_name:Chinese_Academy_of_Agriculture_Sciences;INSDC_first_public:2021-07-24T12:11:14Z;INSDC_last_update:2021-07-24T12:11:14Z;INSDC_status:public;Submitter_Id:Ci603CK_Root_2;collection_date:2017-06-26;common_name:foxtail_millet;estimated_size:400M;geographic_location_(country_and/or_sea):China;geographic_location_(latitude):116.19;geographic_location_(longitude):39.57;growth_facility:other;isolation_and_growth_condition:greenhouse_planted_in_pots;number_of_replicons:3;plant_developmental_stage:jointing_stage;plant_growth_medium:soil_culture_medium;plant_structure:root;plant_treatment:control;sample_name:Ci603CK_Root_2;watering_regimen:weekly_watered_until_sampling
PRJEB43702	ERR6355677	SAMEA8380434	NA	NA	NA	NA	Ci603CK_Root_1	NA	ENA_first_public:2021-07-24;ENA_last_update:2021-07-24;ENA-CHECKLIST:ERC000037;External_Id:SAMEA8380434;INSDC_center_alias:Chinese_Academy_of_Agriculture_Sciences;INSDC_center_name:Chinese_Academy_of_Agriculture_Sciences;INSDC_first_public:2021-07-24T12:11:14Z;INSDC_last_update:2021-07-24T12:11:14Z;INSDC_status:public;Submitter_Id:Ci603CK_Root_1;collection_date:2017-06-26;common_name:foxtail_millet;estimated_size:400M;geographic_location_(country_and/or_sea):China;geographic_location_(latitude):116.19;geographic_location_(longitude):39.57;growth_facility:other;isolation_and_growth_condition:greenhouse_planted_in_pots;number_of_replicons:3;plant_developmental_stage:jointing_stage;plant_growth_medium:soil_culture_medium;plant_structure:root;plant_treatment:control;sample_name:Ci603CK_Root_1;watering_regimen:weekly_watered_until_sampling
PRJEB43702	ERR6355678	SAMEA8380428	NA	NA	NA	NA	Ci603CK_Leaf_3	NA	ENA-CHECKLIST:ERC000037;ENA-FIRST-PUBLIC:2021-07-24T12:11:14Z;ENA-LAST-UPDATE:2021-07-24T12:11:14Z;External_Id:SAMEA8380428;INSDC_center_name:Chinese_Academy_of_Agriculture_Sciences;INSDC_first_public:2021-07-24T12:11:14Z;INSDC_last_update:2021-07-24T12:11:14Z;INSDC_status:public;Submitter_Id:Ci603CK_Leaf_3;collection_date:2017-06-26;common_name:foxtail_millet;estimated_size:400M;geographic_location_(country_and/or_sea):China;geographic_location_(latitude):116.19;geographic_location_(longitude):39.57;growth_facility:other;isolation_and_growth_condition:greenhouse_planted_in_pots;number_of_replicons:3;plant_developmental_stage:jointing_stage;plant_growth_medium:soil_culture_medium;plant_structure:leaf;plant_treatment:control;sample_name:Ci603CK_Leaf_3;scientific_name:Setaria_italica;watering_regimen:weekly_watered_until_sampling
PRJEB43702	ERR6355679	SAMEA8380419	NA	NA	NA	NA	Ci603CK_Leaf_2	NA	ENA_first_public:2021-07-24;ENA_last_update:2021-07-24;ENA-CHECKLIST:ERC000037;External_Id:SAMEA8380419;INSDC_center_alias:Chinese_Academy_of_Agriculture_Sciences;INSDC_center_name:Chinese_Academy_of_Agriculture_Sciences;INSDC_first_public:2021-07-24T12:11:14Z;INSDC_last_update:2021-07-24T12:11:14Z;INSDC_status:public;Submitter_Id:Ci603CK_Leaf_2;collection_date:2017-06-26;common_name:foxtail_millet;estimated_size:400M;geographic_location_(country_and/or_sea):China;geographic_location_(latitude):116.19;geographic_location_(longitude):39.57;growth_facility:other;isolation_and_growth_condition:greenhouse_planted_in_pots;number_of_replicons:3;plant_developmental_stage:jointing_stage;plant_growth_medium:soil_culture_medium;plant_structure:leaf;plant_treatment:control;sample_name:Ci603CK_Leaf_2;watering_regimen:weekly_watered_until_sampling
PRJEB43702	ERR6355680	SAMEA8380407	NA	NA	NA	NA	Ci603CK_Leaf_1	NA	ENA_first_public:2021-07-24;ENA_last_update:2021-07-24;ENA-CHECKLIST:ERC000037;External_Id:SAMEA8380407;INSDC_center_alias:Chinese_Academy_of_Agriculture_Sciences;INSDC_center_name:Chinese_Academy_of_Agriculture_Sciences;INSDC_first_public:2021-07-24T12:11:14Z;INSDC_last_update:2021-07-24T12:11:14Z;INSDC_status:public;Submitter_Id:Ci603CK_Leaf_1;collection_date:2017-06-26;common_name:foxtail_millet;estimated_size:400M;geographic_location_(country_and/or_sea):China;geographic_location_(latitude):116.19;geographic_location_(longitude):39.57;growth_facility:other;isolation_and_growth_condition:greenhouse_planted_in_pots;number_of_replicons:3;plant_developmental_stage:jointing_stage;plant_growth_medium:soil_culture_medium;plant_structure:leaf;plant_treatment:control;sample_name:Ci603CK_Leaf_1;watering_regimen:weekly_watered_until_sampling
PRJEB43702	ERR6355694	SAMEA8380402	NA	NA	NA	NA	Ci409DR_Stem_3	NA	ENA_first_public:2021-07-24;ENA_last_update:2021-07-24;ENA-CHECKLIST:ERC000037;External_Id:SAMEA8380402;INSDC_center_alias:Chinese_Academy_of_Agriculture_Sciences;INSDC_center_name:Chinese_Academy_of_Agriculture_Sciences;INSDC_first_public:2021-07-24T12:11:14Z;INSDC_last_update:2021-07-24T12:11:14Z;INSDC_status:public;Submitter_Id:Ci409DR_Stem_3;collection_date:2017-06-26;common_name:foxtail_millet;estimated_size:400M;geographic_location_(country_and/or_sea):China;geographic_location_(latitude):116.19;geographic_location_(longitude):39.57;growth_facility:other;isolation_and_growth_condition:greenhouse_planted_in_pots;number_of_replicons:3;plant_developmental_stage:jointing_stage;plant_growth_medium:soil_culture_medium;plant_structure:Stem;plant_treatment:drought;sample_name:Ci409DR_Stem_3;watering_regimen:weekly_watered_until_2_weeks_before_sampling
PRJEB43702	ERR6355695	SAMEA8380397	NA	NA	NA	NA	Ci409DR_Stem_2	NA	ENA_first_public:2021-07-24;ENA_last_update:2021-07-24;ENA-CHECKLIST:ERC000037;External_Id:SAMEA8380397;INSDC_center_alias:Chinese_Academy_of_Agriculture_Sciences;INSDC_center_name:Chinese_Academy_of_Agriculture_Sciences;INSDC_first_public:2021-07-24T12:11:14Z;INSDC_last_update:2021-07-24T12:11:14Z;INSDC_status:public;Submitter_Id:Ci409DR_Stem_2;collection_date:2017-06-26;common_name:foxtail_millet;estimated_size:400M;geographic_location_(country_and/or_sea):China;geographic_location_(latitude):116.19;geographic_location_(longitude):39.57;growth_facility:other;isolation_and_growth_condition:greenhouse_planted_in_pots;number_of_replicons:3;plant_developmental_stage:jointing_stage;plant_growth_medium:soil_culture_medium;plant_structure:Stem;plant_treatment:drought;sample_name:Ci409DR_Stem_2;watering_regimen:weekly_watered_until_2_weeks_before_sampling
PRJEB43702	ERR6355696	SAMEA8380387	NA	NA	NA	NA	Ci409DR_Stem_1	NA	ENA_first_public:2021-07-24;ENA_last_update:2021-07-24;ENA-CHECKLIST:ERC000037;External_Id:SAMEA8380387;INSDC_center_alias:Chinese_Academy_of_Agriculture_Sciences;INSDC_center_name:Chinese_Academy_of_Agriculture_Sciences;INSDC_first_public:2021-07-24T12:11:14Z;INSDC_last_update:2021-07-24T12:11:14Z;INSDC_status:public;Submitter_Id:Ci409DR_Stem_1;collection_date:2017-06-26;common_name:foxtail_millet;estimated_size:400M;geographic_location_(country_and/or_sea):China;geographic_location_(latitude):116.19;geographic_location_(longitude):39.57;growth_facility:other;isolation_and_growth_condition:greenhouse_planted_in_pots;number_of_replicons:3;plant_developmental_stage:jointing_stage;plant_growth_medium:soil_culture_medium;plant_structure:Stem;plant_treatment:drought;sample_name:Ci409DR_Stem_1;watering_regimen:weekly_watered_until_2_weeks_before_sampling
PRJEB43702	ERR6355697	SAMEA8380384	NA	NA	NA	NA	Ci409DR_Root_3	NA	ENA_first_public:2021-07-24;ENA_last_update:2021-07-24;ENA-CHECKLIST:ERC000037;External_Id:SAMEA8380384;INSDC_center_alias:Chinese_Academy_of_Agriculture_Sciences;INSDC_center_name:Chinese_Academy_of_Agriculture_Sciences;INSDC_first_public:2021-07-24T12:11:14Z;INSDC_last_update:2021-07-24T12:11:14Z;INSDC_status:public;Submitter_Id:Ci409DR_Root_3;collection_date:2017-06-26;common_name:foxtail_millet;estimated_size:400M;geographic_location_(country_and/or_sea):China;geographic_location_(latitude):116.19;geographic_location_(longitude):39.57;growth_facility:other;isolation_and_growth_condition:greenhouse_planted_in_pots;number_of_replicons:3;plant_developmental_stage:jointing_stage;plant_growth_medium:soil_culture_medium;plant_structure:root;plant_treatment:drought;sample_name:Ci409DR_Root_3;watering_regimen:weekly_watered_until_2_weeks_before_sampling
PRJEB43702	ERR6355698	SAMEA8380373	NA	NA	NA	NA	Ci409DR_Root_2	NA	ENA_first_public:2021-07-24;ENA_last_update:2021-07-24;ENA-CHECKLIST:ERC000037;External_Id:SAMEA8380373;INSDC_center_alias:Chinese_Academy_of_Agriculture_Sciences;INSDC_center_name:Chinese_Academy_of_Agriculture_Sciences;INSDC_first_public:2021-07-24T12:11:14Z;INSDC_last_update:2021-07-24T12:11:14Z;INSDC_status:public;Submitter_Id:Ci409DR_Root_2;collection_date:2017-06-26;common_name:foxtail_millet;estimated_size:400M;geographic_location_(country_and/or_sea):China;geographic_location_(latitude):116.19;geographic_location_(longitude):39.57;growth_facility:other;isolation_and_growth_condition:greenhouse_planted_in_pots;number_of_replicons:3;plant_developmental_stage:jointing_stage;plant_growth_medium:soil_culture_medium;plant_structure:root;plant_treatment:drought;sample_name:Ci409DR_Root_2;watering_regimen:weekly_watered_until_2_weeks_before_sampling
PRJEB43702	ERR6355699	SAMEA8380365	NA	NA	NA	NA	Ci409DR_Root_1	NA	ENA_first_public:2021-07-24;ENA_last_update:2021-07-24;ENA-CHECKLIST:ERC000037;External_Id:SAMEA8380365;INSDC_center_alias:Chinese_Academy_of_Agriculture_Sciences;INSDC_center_name:Chinese_Academy_of_Agriculture_Sciences;INSDC_first_public:2021-07-24T12:11:14Z;INSDC_last_update:2021-07-24T12:11:14Z;INSDC_status:public;Submitter_Id:Ci409DR_Root_1;collection_date:2017-06-26;common_name:foxtail_millet;estimated_size:400M;geographic_location_(country_and/or_sea):China;geographic_location_(latitude):116.19;geographic_location_(longitude):39.57;growth_facility:other;isolation_and_growth_condition:greenhouse_planted_in_pots;number_of_replicons:3;plant_developmental_stage:jointing_stage;plant_growth_medium:soil_culture_medium;plant_structure:root;plant_treatment:drought;sample_name:Ci409DR_Root_1;watering_regimen:weekly_watered_until_2_weeks_before_sampling
PRJEB43702	ERR6355700	SAMEA8380360	NA	NA	NA	NA	Ci409DR_Leaf_3	NA	ENA_first_public:2021-07-24;ENA_last_update:2021-07-24;ENA-CHECKLIST:ERC000037;External_Id:SAMEA8380360;INSDC_center_alias:Chinese_Academy_of_Agriculture_Sciences;INSDC_center_name:Chinese_Academy_of_Agriculture_Sciences;INSDC_first_public:2021-07-24T12:11:14Z;INSDC_last_update:2021-07-24T12:11:14Z;INSDC_status:public;Submitter_Id:Ci409DR_Leaf_3;collection_date:2017-06-26;common_name:foxtail_millet;estimated_size:400M;geographic_location_(country_and/or_sea):China;geographic_location_(latitude):116.19;geographic_location_(longitude):39.57;growth_facility:other;isolation_and_growth_condition:greenhouse_planted_in_pots;number_of_replicons:3;plant_developmental_stage:jointing_stage;plant_growth_medium:soil_culture_medium;plant_structure:leaf;plant_treatment:drought;sample_name:Ci409DR_Leaf_3;watering_regimen:weekly_watered_until_2_weeks_before_sampling
PRJEB43702	ERR6355701	SAMEA8380352	NA	NA	NA	NA	Ci409DR_Leaf_2	NA	ENA_first_public:2021-07-24;ENA_last_update:2021-07-24;ENA-CHECKLIST:ERC000037;External_Id:SAMEA8380352;INSDC_center_alias:Chinese_Academy_of_Agriculture_Sciences;INSDC_center_name:Chinese_Academy_of_Agriculture_Sciences;INSDC_first_public:2021-07-24T12:11:14Z;INSDC_last_update:2021-07-24T12:11:14Z;INSDC_status:public;Submitter_Id:Ci409DR_Leaf_2;collection_date:2017-06-26;common_name:foxtail_millet;estimated_size:400M;geographic_location_(country_and/or_sea):China;geographic_location_(latitude):116.19;geographic_location_(longitude):39.57;growth_facility:other;isolation_and_growth_condition:greenhouse_planted_in_pots;number_of_replicons:3;plant_developmental_stage:jointing_stage;plant_growth_medium:soil_culture_medium;plant_structure:leaf;plant_treatment:drought;sample_name:Ci409DR_Leaf_2;watering_regimen:weekly_watered_until_2_weeks_before_sampling
PRJEB43702	ERR6355702	SAMEA8380349	NA	NA	NA	NA	Ci409DR_Leaf_1	NA	ENA_first_public:2021-07-24;ENA_last_update:2021-07-24;ENA-CHECKLIST:ERC000037;External_Id:SAMEA8380349;INSDC_center_alias:Chinese_Academy_of_Agriculture_Sciences;INSDC_center_name:Chinese_Academy_of_Agriculture_Sciences;INSDC_first_public:2021-07-24T12:11:14Z;INSDC_last_update:2021-07-24T12:11:14Z;INSDC_status:public;Submitter_Id:Ci409DR_Leaf_1;collection_date:2017-06-26;common_name:foxtail_millet;estimated_size:400M;geographic_location_(country_and/or_sea):China;geographic_location_(latitude):116.19;geographic_location_(longitude):39.57;growth_facility:other;isolation_and_growth_condition:greenhouse_planted_in_pots;number_of_replicons:3;plant_developmental_stage:jointing_stage;plant_growth_medium:soil_culture_medium;plant_structure:leaf;plant_treatment:drought;sample_name:Ci409DR_Leaf_1;watering_regimen:weekly_watered_until_2_weeks_before_sampling
PRJEB43702	ERR6355703	SAMEA8380335	NA	NA	NA	NA	Ci409CK_Stem_3	NA	ENA_first_public:2021-07-24;ENA_last_update:2021-07-24;ENA-CHECKLIST:ERC000037;External_Id:SAMEA8380335;INSDC_center_alias:Chinese_Academy_of_Agriculture_Sciences;INSDC_center_name:Chinese_Academy_of_Agriculture_Sciences;INSDC_first_public:2021-07-24T12:11:14Z;INSDC_last_update:2021-07-24T12:11:14Z;INSDC_status:public;Submitter_Id:Ci409CK_Stem_3;collection_date:2017-06-26;common_name:foxtail_millet;estimated_size:400M;geographic_location_(country_and/or_sea):China;geographic_location_(latitude):116.19;geographic_location_(longitude):39.57;growth_facility:other;isolation_and_growth_condition:greenhouse_planted_in_pots;number_of_replicons:3;plant_developmental_stage:jointing_stage;plant_growth_medium:soil_culture_medium;plant_structure:Stem;plant_treatment:control;sample_name:Ci409CK_Stem_3;watering_regimen:weekly_watered_until_sampling
PRJEB43702	ERR6355704	SAMEA8380329	NA	NA	NA	NA	Ci409CK_Stem_2	NA	ENA_first_public:2021-07-24;ENA_last_update:2021-07-24;ENA-CHECKLIST:ERC000037;External_Id:SAMEA8380329;INSDC_center_alias:Chinese_Academy_of_Agriculture_Sciences;INSDC_center_name:Chinese_Academy_of_Agriculture_Sciences;INSDC_first_public:2021-07-24T12:11:14Z;INSDC_last_update:2021-07-24T12:11:14Z;INSDC_status:public;Submitter_Id:Ci409CK_Stem_2;collection_date:2017-06-26;common_name:foxtail_millet;estimated_size:400M;geographic_location_(country_and/or_sea):China;geographic_location_(latitude):116.19;geographic_location_(longitude):39.57;growth_facility:other;isolation_and_growth_condition:greenhouse_planted_in_pots;number_of_replicons:3;plant_developmental_stage:jointing_stage;plant_growth_medium:soil_culture_medium;plant_structure:Stem;plant_treatment:control;sample_name:Ci409CK_Stem_2;watering_regimen:weekly_watered_until_sampling
PRJEB43702	ERR6355705	SAMEA8380320	NA	NA	NA	NA	Ci409CK_Stem_1	NA	ENA_first_public:2021-07-24;ENA_last_update:2021-07-24;ENA-CHECKLIST:ERC000037;External_Id:SAMEA8380320;INSDC_center_alias:Chinese_Academy_of_Agriculture_Sciences;INSDC_center_name:Chinese_Academy_of_Agriculture_Sciences;INSDC_first_public:2021-07-24T12:11:14Z;INSDC_last_update:2021-07-24T12:11:14Z;INSDC_status:public;Submitter_Id:Ci409CK_Stem_1;collection_date:2017-06-26;common_name:foxtail_millet;estimated_size:400M;geographic_location_(country_and/or_sea):China;geographic_location_(latitude):116.19;geographic_location_(longitude):39.57;growth_facility:other;isolation_and_growth_condition:greenhouse_planted_in_pots;number_of_replicons:3;plant_developmental_stage:jointing_stage;plant_growth_medium:soil_culture_medium;plant_structure:Stem;plant_treatment:control;sample_name:Ci409CK_Stem_1;watering_regimen:weekly_watered_until_sampling
PRJEB43702	ERR6355706	SAMEA8380315	NA	NA	NA	NA	Ci409CK_Root_3	NA	ENA-CHECKLIST:ERC000037;ENA-FIRST-PUBLIC:2021-07-24T12:11:14Z;ENA-LAST-UPDATE:2021-07-24T12:11:14Z;External_Id:SAMEA8380315;INSDC_center_name:Chinese_Academy_of_Agriculture_Sciences;INSDC_first_public:2021-07-24T12:11:14Z;INSDC_last_update:2021-07-24T12:11:14Z;INSDC_status:public;Submitter_Id:Ci409CK_Root_3;collection_date:2017-06-26;common_name:foxtail_millet;estimated_size:400M;geographic_location_(country_and/or_sea):China;geographic_location_(latitude):116.19;geographic_location_(longitude):39.57;growth_facility:other;isolation_and_growth_condition:greenhouse_planted_in_pots;number_of_replicons:3;plant_developmental_stage:jointing_stage;plant_growth_medium:soil_culture_medium;plant_structure:root;plant_treatment:control;sample_name:Ci409CK_Root_3;scientific_name:Setaria_italica;watering_regimen:weekly_watered_until_sampling
PRJEB43702	ERR6355707	SAMEA8380308	NA	NA	NA	NA	Ci409CK_Root_2	NA	ENA_first_public:2021-07-24;ENA_last_update:2021-07-24;ENA-CHECKLIST:ERC000037;External_Id:SAMEA8380308;INSDC_center_alias:Chinese_Academy_of_Agriculture_Sciences;INSDC_center_name:Chinese_Academy_of_Agriculture_Sciences;INSDC_first_public:2021-07-24T12:11:14Z;INSDC_last_update:2021-07-24T12:11:14Z;INSDC_status:public;Submitter_Id:Ci409CK_Root_2;collection_date:2017-06-26;common_name:foxtail_millet;estimated_size:400M;geographic_location_(country_and/or_sea):China;geographic_location_(latitude):116.19;geographic_location_(longitude):39.57;growth_facility:other;isolation_and_growth_condition:greenhouse_planted_in_pots;number_of_replicons:3;plant_developmental_stage:jointing_stage;plant_growth_medium:soil_culture_medium;plant_structure:root;plant_treatment:control;sample_name:Ci409CK_Root_2;watering_regimen:weekly_watered_until_sampling
PRJEB43702	ERR6355708	SAMEA8380298	NA	NA	NA	NA	Ci409CK_Root_1	NA	ENA_first_public:2021-07-24;ENA_last_update:2021-07-24;ENA-CHECKLIST:ERC000037;External_Id:SAMEA8380298;INSDC_center_alias:Chinese_Academy_of_Agriculture_Sciences;INSDC_center_name:Chinese_Academy_of_Agriculture_Sciences;INSDC_first_public:2021-07-24T12:11:14Z;INSDC_last_update:2021-07-24T12:11:14Z;INSDC_status:public;Submitter_Id:Ci409CK_Root_1;collection_date:2017-06-26;common_name:foxtail_millet;estimated_size:400M;geographic_location_(country_and/or_sea):China;geographic_location_(latitude):116.19;geographic_location_(longitude):39.57;growth_facility:other;isolation_and_growth_condition:greenhouse_planted_in_pots;number_of_replicons:3;plant_developmental_stage:jointing_stage;plant_growth_medium:soil_culture_medium;plant_structure:root;plant_treatment:control;sample_name:Ci409CK_Root_1;watering_regimen:weekly_watered_until_sampling
PRJEB43702	ERR6355709	SAMEA8380292	NA	NA	NA	NA	Ci409CK_Leaf_3	NA	ENA_first_public:2021-07-24;ENA_last_update:2021-07-24;ENA-CHECKLIST:ERC000037;External_Id:SAMEA8380292;INSDC_center_alias:Chinese_Academy_of_Agriculture_Sciences;INSDC_center_name:Chinese_Academy_of_Agriculture_Sciences;INSDC_first_public:2021-07-24T12:11:14Z;INSDC_last_update:2021-07-24T12:11:14Z;INSDC_status:public;Submitter_Id:Ci409CK_Leaf_3;collection_date:2017-06-26;common_name:foxtail_millet;estimated_size:400M;geographic_location_(country_and/or_sea):China;geographic_location_(latitude):116.19;geographic_location_(longitude):39.57;growth_facility:other;isolation_and_growth_condition:greenhouse_planted_in_pots;number_of_replicons:3;plant_developmental_stage:jointing_stage;plant_growth_medium:soil_culture_medium;plant_structure:leaf;plant_treatment:control;sample_name:Ci409CK_Leaf_3;watering_regimen:weekly_watered_until_sampling
PRJEB43702	ERR6355710	SAMEA8380283	NA	NA	NA	NA	Ci409CK_Leaf_2	NA	ENA_first_public:2021-07-24;ENA_last_update:2021-07-24;ENA-CHECKLIST:ERC000037;External_Id:SAMEA8380283;INSDC_center_alias:Chinese_Academy_of_Agriculture_Sciences;INSDC_center_name:Chinese_Academy_of_Agriculture_Sciences;INSDC_first_public:2021-07-24T12:11:14Z;INSDC_last_update:2021-07-24T12:11:14Z;INSDC_status:public;Submitter_Id:Ci409CK_Leaf_2;collection_date:2017-06-26;common_name:foxtail_millet;estimated_size:400M;geographic_location_(country_and/or_sea):China;geographic_location_(latitude):116.19;geographic_location_(longitude):39.57;growth_facility:other;isolation_and_growth_condition:greenhouse_planted_in_pots;number_of_replicons:3;plant_developmental_stage:jointing_stage;plant_growth_medium:soil_culture_medium;plant_structure:leaf;plant_treatment:control;sample_name:Ci409CK_Leaf_2;watering_regimen:weekly_watered_until_sampling
PRJEB43702	ERR6355711	SAMEA8380274	NA	NA	NA	NA	Ci409CK_Leaf_1	NA	ENA_first_public:2021-07-24;ENA_last_update:2021-07-24;ENA-CHECKLIST:ERC000037;External_Id:SAMEA8380274;INSDC_center_alias:Chinese_Academy_of_Agriculture_Sciences;INSDC_center_name:Chinese_Academy_of_Agriculture_Sciences;INSDC_first_public:2021-07-24T12:11:14Z;INSDC_last_update:2021-07-24T12:11:14Z;INSDC_status:public;Submitter_Id:Ci409CK_Leaf_1;collection_date:2017-06-26;common_name:foxtail_millet;estimated_size:400M;geographic_location_(country_and/or_sea):China;geographic_location_(latitude):116.19;geographic_location_(longitude):39.57;growth_facility:other;isolation_and_growth_condition:greenhouse_planted_in_pots;number_of_replicons:3;plant_developmental_stage:jointing_stage;plant_growth_medium:soil_culture_medium;plant_structure:leaf;plant_treatment:control;sample_name:Ci409CK_Leaf_1;watering_regimen:weekly_watered_until_sampling
PRJEB43702	ERR6355712	SAMEA8380268	NA	NA	NA	NA	Ci328DR_Stem_3	NA	ENA_first_public:2021-07-24;ENA_last_update:2021-07-24;ENA-CHECKLIST:ERC000037;External_Id:SAMEA8380268;INSDC_center_alias:Chinese_Academy_of_Agriculture_Sciences;INSDC_center_name:Chinese_Academy_of_Agriculture_Sciences;INSDC_first_public:2021-07-24T12:11:14Z;INSDC_last_update:2021-07-24T12:11:14Z;INSDC_status:public;Submitter_Id:Ci328DR_Stem_3;collection_date:2017-06-26;common_name:foxtail_millet;estimated_size:400M;geographic_location_(country_and/or_sea):China;geographic_location_(latitude):116.19;geographic_location_(longitude):39.57;growth_facility:other;isolation_and_growth_condition:greenhouse_planted_in_pots;number_of_replicons:3;plant_developmental_stage:jointing_stage;plant_growth_medium:soil_culture_medium;plant_structure:Stem;plant_treatment:drought;sample_name:Ci328DR_Stem_3;watering_regimen:weekly_watered_until_2_weeks_before_sampling
PRJEB43702	ERR6355713	SAMEA8380263	NA	NA	NA	NA	Ci328DR_Stem_2	NA	ENA_first_public:2021-07-24;ENA_last_update:2021-07-24;ENA-CHECKLIST:ERC000037;External_Id:SAMEA8380263;INSDC_center_alias:Chinese_Academy_of_Agriculture_Sciences;INSDC_center_name:Chinese_Academy_of_Agriculture_Sciences;INSDC_first_public:2021-07-24T12:11:14Z;INSDC_last_update:2021-07-24T12:11:14Z;INSDC_status:public;Submitter_Id:Ci328DR_Stem_2;collection_date:2017-06-26;common_name:foxtail_millet;estimated_size:400M;geographic_location_(country_and/or_sea):China;geographic_location_(latitude):116.19;geographic_location_(longitude):39.57;growth_facility:other;isolation_and_growth_condition:greenhouse_planted_in_pots;number_of_replicons:3;plant_developmental_stage:jointing_stage;plant_growth_medium:soil_culture_medium;plant_structure:Stem;plant_treatment:drought;sample_name:Ci328DR_Stem_2;watering_regimen:weekly_watered_until_2_weeks_before_sampling
PRJEB43702	ERR6355714	SAMEA8380045	NA	NA	NA	NA	Ci134CK_Leaf_3	NA	ENA_first_public:2021-07-24;ENA_last_update:2021-07-24;ENA-CHECKLIST:ERC000037;External_Id:SAMEA8380045;INSDC_center_alias:Chinese_Academy_of_Agriculture_Sciences;INSDC_center_name:Chinese_Academy_of_Agriculture_Sciences;INSDC_first_public:2021-07-24T12:11:14Z;INSDC_last_update:2021-07-24T12:11:14Z;INSDC_status:public;Submitter_Id:Ci134CK_Leaf_3;collection_date:2017-06-26;common_name:foxtail_millet;estimated_size:400M;geographic_location_(country_and/or_sea):China;geographic_location_(latitude):116.19;geographic_location_(longitude):39.57;growth_facility:other;isolation_and_growth_condition:greenhouse_planted_in_pots;number_of_replicons:3;plant_developmental_stage:jointing_stage;plant_growth_medium:soil_culture_medium;plant_structure:leaf;plant_treatment:control;sample_name:Ci134CK_Leaf_3;watering_regimen:weekly_watered_until_sampling
PRJEB43702	ERR6355715	SAMEA8380047	NA	NA	NA	NA	Ci134CK_Leaf_1	NA	ENA_first_public:2021-07-24;ENA_last_update:2021-07-24;ENA-CHECKLIST:ERC000037;External_Id:SAMEA8380047;INSDC_center_alias:Chinese_Academy_of_Agriculture_Sciences;INSDC_center_name:Chinese_Academy_of_Agriculture_Sciences;INSDC_first_public:2021-07-24T12:11:14Z;INSDC_last_update:2021-07-24T12:11:14Z;INSDC_status:public;Submitter_Id:Ci134CK_Leaf_1;collection_date:2017-06-26;common_name:foxtail_millet;estimated_size:400M;geographic_location_(country_and/or_sea):China;geographic_location_(latitude):116.19;geographic_location_(longitude):39.57;growth_facility:other;isolation_and_growth_condition:greenhouse_planted_in_pots;number_of_replicons:3;plant_developmental_stage:jointing_stage;plant_growth_medium:soil_culture_medium;plant_structure:leaf;plant_treatment:control;sample_name:Ci134CK_Leaf_1;watering_regimen:weekly_watered_until_sampling
PRJEB43702	ERR6355716	SAMEA8380055	NA	NA	NA	NA	Ci134CK_Leaf_2	NA	ENA_first_public:2021-07-24;ENA_last_update:2021-07-24;ENA-CHECKLIST:ERC000037;External_Id:SAMEA8380055;INSDC_center_alias:Chinese_Academy_of_Agriculture_Sciences;INSDC_center_name:Chinese_Academy_of_Agriculture_Sciences;INSDC_first_public:2021-07-24T12:11:14Z;INSDC_last_update:2021-07-24T12:11:14Z;INSDC_status:public;Submitter_Id:Ci134CK_Leaf_2;collection_date:2017-06-26;common_name:foxtail_millet;estimated_size:400M;geographic_location_(country_and/or_sea):China;geographic_location_(latitude):116.19;geographic_location_(longitude):39.57;growth_facility:other;isolation_and_growth_condition:greenhouse_planted_in_pots;number_of_replicons:3;plant_developmental_stage:jointing_stage;plant_growth_medium:soil_culture_medium;plant_structure:leaf;plant_treatment:control;sample_name:Ci134CK_Leaf_2;watering_regimen:weekly_watered_until_sampling
PRJEB43702	ERR6355717	SAMEA8380064	NA	NA	NA	NA	Ci134CK_Root_3	NA	ENA_first_public:2021-07-24;ENA_last_update:2021-07-24;ENA-CHECKLIST:ERC000037;External_Id:SAMEA8380064;INSDC_center_alias:Chinese_Academy_of_Agriculture_Sciences;INSDC_center_name:Chinese_Academy_of_Agriculture_Sciences;INSDC_first_public:2021-07-24T12:11:14Z;INSDC_last_update:2021-07-24T12:11:14Z;INSDC_status:public;Submitter_Id:Ci134CK_Root_3;collection_date:2017-06-26;common_name:foxtail_millet;estimated_size:400M;geographic_location_(country_and/or_sea):China;geographic_location_(latitude):116.19;geographic_location_(longitude):39.57;growth_facility:other;isolation_and_growth_condition:greenhouse_planted_in_pots;number_of_replicons:3;plant_developmental_stage:jointing_stage;plant_growth_medium:soil_culture_medium;plant_structure:root;plant_treatment:control;sample_name:Ci134CK_Root_3;watering_regimen:weekly_watered_until_sampling
PRJEB43702	ERR6355718	SAMEA8380068	NA	NA	NA	NA	Ci134CK_Root_1	NA	ENA_first_public:2021-07-24;ENA_last_update:2021-07-24;ENA-CHECKLIST:ERC000037;External_Id:SAMEA8380068;INSDC_center_alias:Chinese_Academy_of_Agriculture_Sciences;INSDC_center_name:Chinese_Academy_of_Agriculture_Sciences;INSDC_first_public:2021-07-24T12:11:14Z;INSDC_last_update:2021-07-24T12:11:14Z;INSDC_status:public;Submitter_Id:Ci134CK_Root_1;collection_date:2017-06-26;common_name:foxtail_millet;estimated_size:400M;geographic_location_(country_and/or_sea):China;geographic_location_(latitude):116.19;geographic_location_(longitude):39.57;growth_facility:other;isolation_and_growth_condition:greenhouse_planted_in_pots;number_of_replicons:3;plant_developmental_stage:jointing_stage;plant_growth_medium:soil_culture_medium;plant_structure:root;plant_treatment:control;sample_name:Ci134CK_Root_1;watering_regimen:weekly_watered_until_sampling
PRJEB43702	ERR6355719	SAMEA8380074	NA	NA	NA	NA	Ci134CK_Root_2	NA	ENA_first_public:2021-07-24;ENA_last_update:2021-07-24;ENA-CHECKLIST:ERC000037;External_Id:SAMEA8380074;INSDC_center_alias:Chinese_Academy_of_Agriculture_Sciences;INSDC_center_name:Chinese_Academy_of_Agriculture_Sciences;INSDC_first_public:2021-07-24T12:11:14Z;INSDC_last_update:2021-07-24T12:11:14Z;INSDC_status:public;Submitter_Id:Ci134CK_Root_2;collection_date:2017-06-26;common_name:foxtail_millet;estimated_size:400M;geographic_location_(country_and/or_sea):China;geographic_location_(latitude):116.19;geographic_location_(longitude):39.57;growth_facility:other;isolation_and_growth_condition:greenhouse_planted_in_pots;number_of_replicons:3;plant_developmental_stage:jointing_stage;plant_growth_medium:soil_culture_medium;plant_structure:root;plant_treatment:control;sample_name:Ci134CK_Root_2;watering_regimen:weekly_watered_until_sampling
PRJEB43702	ERR6355720	SAMEA8380080	NA	NA	NA	NA	Ci134CK_Stem_3	NA	ENA_first_public:2021-07-24;ENA_last_update:2021-07-24;ENA-CHECKLIST:ERC000037;External_Id:SAMEA8380080;INSDC_center_alias:Chinese_Academy_of_Agriculture_Sciences;INSDC_center_name:Chinese_Academy_of_Agriculture_Sciences;INSDC_first_public:2021-07-24T12:11:14Z;INSDC_last_update:2021-07-24T12:11:14Z;INSDC_status:public;Submitter_Id:Ci134CK_Stem_3;collection_date:2017-06-26;common_name:foxtail_millet;estimated_size:400M;geographic_location_(country_and/or_sea):China;geographic_location_(latitude):116.19;geographic_location_(longitude):39.57;growth_facility:other;isolation_and_growth_condition:greenhouse_planted_in_pots;number_of_replicons:3;plant_developmental_stage:jointing_stage;plant_growth_medium:soil_culture_medium;plant_structure:Stem;plant_treatment:control;sample_name:Ci134CK_Stem_3;watering_regimen:weekly_watered_until_sampling
PRJEB43702	ERR6355721	SAMEA8380088	NA	NA	NA	NA	Ci134CK_Stem_1	NA	ENA_first_public:2021-07-24;ENA_last_update:2021-07-24;ENA-CHECKLIST:ERC000037;External_Id:SAMEA8380088;INSDC_center_alias:Chinese_Academy_of_Agriculture_Sciences;INSDC_center_name:Chinese_Academy_of_Agriculture_Sciences;INSDC_first_public:2021-07-24T12:11:14Z;INSDC_last_update:2021-07-24T12:11:14Z;INSDC_status:public;Submitter_Id:Ci134CK_Stem_1;collection_date:2017-06-26;common_name:foxtail_millet;estimated_size:400M;geographic_location_(country_and/or_sea):China;geographic_location_(latitude):116.19;geographic_location_(longitude):39.57;growth_facility:other;isolation_and_growth_condition:greenhouse_planted_in_pots;number_of_replicons:3;plant_developmental_stage:jointing_stage;plant_growth_medium:soil_culture_medium;plant_structure:Stem;plant_treatment:control;sample_name:Ci134CK_Stem_1;watering_regimen:weekly_watered_until_sampling
PRJEB43702	ERR6355722	SAMEA8380091	NA	NA	NA	NA	Ci134CK_Stem_2	NA	ENA_first_public:2021-07-24;ENA_last_update:2021-07-24;ENA-CHECKLIST:ERC000037;External_Id:SAMEA8380091;INSDC_center_alias:Chinese_Academy_of_Agriculture_Sciences;INSDC_center_name:Chinese_Academy_of_Agriculture_Sciences;INSDC_first_public:2021-07-24T12:11:14Z;INSDC_last_update:2021-07-24T12:11:14Z;INSDC_status:public;Submitter_Id:Ci134CK_Stem_2;collection_date:2017-06-26;common_name:foxtail_millet;estimated_size:400M;geographic_location_(country_and/or_sea):China;geographic_location_(latitude):116.19;geographic_location_(longitude):39.57;growth_facility:other;isolation_and_growth_condition:greenhouse_planted_in_pots;number_of_replicons:3;plant_developmental_stage:jointing_stage;plant_growth_medium:soil_culture_medium;plant_structure:Stem;plant_treatment:control;sample_name:Ci134CK_Stem_2;watering_regimen:weekly_watered_until_sampling
PRJEB43702	ERR6355723	SAMEA8380098	NA	NA	NA	NA	Ci134DR_Leaf_3	NA	ENA_first_public:2021-07-24;ENA_last_update:2021-07-24;ENA-CHECKLIST:ERC000037;External_Id:SAMEA8380098;INSDC_center_alias:Chinese_Academy_of_Agriculture_Sciences;INSDC_center_name:Chinese_Academy_of_Agriculture_Sciences;INSDC_first_public:2021-07-24T12:11:14Z;INSDC_last_update:2021-07-24T12:11:14Z;INSDC_status:public;Submitter_Id:Ci134DR_Leaf_3;collection_date:2017-06-26;common_name:foxtail_millet;estimated_size:400M;geographic_location_(country_and/or_sea):China;geographic_location_(latitude):116.19;geographic_location_(longitude):39.57;growth_facility:other;isolation_and_growth_condition:greenhouse_planted_in_pots;number_of_replicons:3;plant_developmental_stage:jointing_stage;plant_growth_medium:soil_culture_medium;plant_structure:leaf;plant_treatment:drought;sample_name:Ci134DR_Leaf_3;watering_regimen:weekly_watered_until_2_weeks_before_sampling
PRJEB43702	ERR6355724	SAMEA8380105	NA	NA	NA	NA	Ci134DR_Leaf_1	NA	ENA_first_public:2021-07-24;ENA_last_update:2021-07-24;ENA-CHECKLIST:ERC000037;External_Id:SAMEA8380105;INSDC_center_alias:Chinese_Academy_of_Agriculture_Sciences;INSDC_center_name:Chinese_Academy_of_Agriculture_Sciences;INSDC_first_public:2021-07-24T12:11:14Z;INSDC_last_update:2021-07-24T12:11:14Z;INSDC_status:public;Submitter_Id:Ci134DR_Leaf_1;collection_date:2017-06-26;common_name:foxtail_millet;estimated_size:400M;geographic_location_(country_and/or_sea):China;geographic_location_(latitude):116.19;geographic_location_(longitude):39.57;growth_facility:other;isolation_and_growth_condition:greenhouse_planted_in_pots;number_of_replicons:3;plant_developmental_stage:jointing_stage;plant_growth_medium:soil_culture_medium;plant_structure:leaf;plant_treatment:drought;sample_name:Ci134DR_Leaf_1;watering_regimen:weekly_watered_until_2_weeks_before_sampling
PRJEB43702	ERR6355725	SAMEA8380112	NA	NA	NA	NA	Ci134DR_Leaf_2	NA	ENA_first_public:2021-07-24;ENA_last_update:2021-07-24;ENA-CHECKLIST:ERC000037;External_Id:SAMEA8380112;INSDC_center_alias:Chinese_Academy_of_Agriculture_Sciences;INSDC_center_name:Chinese_Academy_of_Agriculture_Sciences;INSDC_first_public:2021-07-24T12:11:14Z;INSDC_last_update:2021-07-24T12:11:14Z;INSDC_status:public;Submitter_Id:Ci134DR_Leaf_2;collection_date:2017-06-26;common_name:foxtail_millet;estimated_size:400M;geographic_location_(country_and/or_sea):China;geographic_location_(latitude):116.19;geographic_location_(longitude):39.57;growth_facility:other;isolation_and_growth_condition:greenhouse_planted_in_pots;number_of_replicons:3;plant_developmental_stage:jointing_stage;plant_growth_medium:soil_culture_medium;plant_structure:leaf;plant_treatment:drought;sample_name:Ci134DR_Leaf_2;watering_regimen:weekly_watered_until_2_weeks_before_sampling
PRJEB43702	ERR6355726	SAMEA8380117	NA	NA	NA	NA	Ci134DR_Root_3	NA	ENA_first_public:2021-07-24;ENA_last_update:2021-07-24;ENA-CHECKLIST:ERC000037;External_Id:SAMEA8380117;INSDC_center_alias:Chinese_Academy_of_Agriculture_Sciences;INSDC_center_name:Chinese_Academy_of_Agriculture_Sciences;INSDC_first_public:2021-07-24T12:11:14Z;INSDC_last_update:2021-07-24T12:11:14Z;INSDC_status:public;Submitter_Id:Ci134DR_Root_3;collection_date:2017-06-26;common_name:foxtail_millet;estimated_size:400M;geographic_location_(country_and/or_sea):China;geographic_location_(latitude):116.19;geographic_location_(longitude):39.57;growth_facility:other;isolation_and_growth_condition:greenhouse_planted_in_pots;number_of_replicons:3;plant_developmental_stage:jointing_stage;plant_growth_medium:soil_culture_medium;plant_structure:root;plant_treatment:drought;sample_name:Ci134DR_Root_3;watering_regimen:weekly_watered_until_2_weeks_before_sampling
PRJEB43702	ERR6355727	SAMEA8380124	NA	NA	NA	NA	Ci134DR_Root_1	NA	ENA_first_public:2021-07-24;ENA_last_update:2021-07-24;ENA-CHECKLIST:ERC000037;External_Id:SAMEA8380124;INSDC_center_alias:Chinese_Academy_of_Agriculture_Sciences;INSDC_center_name:Chinese_Academy_of_Agriculture_Sciences;INSDC_first_public:2021-07-24T12:11:14Z;INSDC_last_update:2021-07-24T12:11:14Z;INSDC_status:public;Submitter_Id:Ci134DR_Root_1;collection_date:2017-06-26;common_name:foxtail_millet;estimated_size:400M;geographic_location_(country_and/or_sea):China;geographic_location_(latitude):116.19;geographic_location_(longitude):39.57;growth_facility:other;isolation_and_growth_condition:greenhouse_planted_in_pots;number_of_replicons:3;plant_developmental_stage:jointing_stage;plant_growth_medium:soil_culture_medium;plant_structure:root;plant_treatment:drought;sample_name:Ci134DR_Root_1;watering_regimen:weekly_watered_until_2_weeks_before_sampling
PRJEB43702	ERR6355728	SAMEA8380130	NA	NA	NA	NA	Ci134DR_Root_2	NA	ENA_first_public:2021-07-24;ENA_last_update:2021-07-24;ENA-CHECKLIST:ERC000037;External_Id:SAMEA8380130;INSDC_center_alias:Chinese_Academy_of_Agriculture_Sciences;INSDC_center_name:Chinese_Academy_of_Agriculture_Sciences;INSDC_first_public:2021-07-24T12:11:14Z;INSDC_last_update:2021-07-24T12:11:14Z;INSDC_status:public;Submitter_Id:Ci134DR_Root_2;collection_date:2017-06-26;common_name:foxtail_millet;estimated_size:400M;geographic_location_(country_and/or_sea):China;geographic_location_(latitude):116.19;geographic_location_(longitude):39.57;growth_facility:other;isolation_and_growth_condition:greenhouse_planted_in_pots;number_of_replicons:3;plant_developmental_stage:jointing_stage;plant_growth_medium:soil_culture_medium;plant_structure:root;plant_treatment:drought;sample_name:Ci134DR_Root_2;watering_regimen:weekly_watered_until_2_weeks_before_sampling
PRJEB43702	ERR6355729	SAMEA8380137	NA	NA	NA	NA	Ci134DR_Stem_3	NA	ENA_first_public:2021-07-24;ENA_last_update:2021-07-24;ENA-CHECKLIST:ERC000037;External_Id:SAMEA8380137;INSDC_center_alias:Chinese_Academy_of_Agriculture_Sciences;INSDC_center_name:Chinese_Academy_of_Agriculture_Sciences;INSDC_first_public:2021-07-24T12:11:14Z;INSDC_last_update:2021-07-24T12:11:14Z;INSDC_status:public;Submitter_Id:Ci134DR_Stem_3;collection_date:2017-06-26;common_name:foxtail_millet;estimated_size:400M;geographic_location_(country_and/or_sea):China;geographic_location_(latitude):116.19;geographic_location_(longitude):39.57;growth_facility:other;isolation_and_growth_condition:greenhouse_planted_in_pots;number_of_replicons:3;plant_developmental_stage:jointing_stage;plant_growth_medium:soil_culture_medium;plant_structure:Stem;plant_treatment:drought;sample_name:Ci134DR_Stem_3;watering_regimen:weekly_watered_until_2_weeks_before_sampling
PRJEB43702	ERR6355730	SAMEA8380149	NA	NA	NA	NA	Ci134DR_Stem_1	NA	ENA_first_public:2021-07-24;ENA_last_update:2021-07-24;ENA-CHECKLIST:ERC000037;External_Id:SAMEA8380149;INSDC_center_alias:Chinese_Academy_of_Agriculture_Sciences;INSDC_center_name:Chinese_Academy_of_Agriculture_Sciences;INSDC_first_public:2021-07-24T12:11:14Z;INSDC_last_update:2021-07-24T12:11:14Z;INSDC_status:public;Submitter_Id:Ci134DR_Stem_1;collection_date:2017-06-26;common_name:foxtail_millet;estimated_size:400M;geographic_location_(country_and/or_sea):China;geographic_location_(latitude):116.19;geographic_location_(longitude):39.57;growth_facility:other;isolation_and_growth_condition:greenhouse_planted_in_pots;number_of_replicons:3;plant_developmental_stage:jointing_stage;plant_growth_medium:soil_culture_medium;plant_structure:Stem;plant_treatment:drought;sample_name:Ci134DR_Stem_1;watering_regimen:weekly_watered_until_2_weeks_before_sampling
PRJEB43702	ERR6355731	SAMEA8380155	NA	NA	NA	NA	Ci134DR_Stem_2	NA	ENA_first_public:2021-07-24;ENA_last_update:2021-07-24;ENA-CHECKLIST:ERC000037;External_Id:SAMEA8380155;INSDC_center_alias:Chinese_Academy_of_Agriculture_Sciences;INSDC_center_name:Chinese_Academy_of_Agriculture_Sciences;INSDC_first_public:2021-07-24T12:11:14Z;INSDC_last_update:2021-07-24T12:11:14Z;INSDC_status:public;Submitter_Id:Ci134DR_Stem_2;collection_date:2017-06-26;common_name:foxtail_millet;estimated_size:400M;geographic_location_(country_and/or_sea):China;geographic_location_(latitude):116.19;geographic_location_(longitude):39.57;growth_facility:other;isolation_and_growth_condition:greenhouse_planted_in_pots;number_of_replicons:3;plant_developmental_stage:jointing_stage;plant_growth_medium:soil_culture_medium;plant_structure:Stem;plant_treatment:drought;sample_name:Ci134DR_Stem_2;watering_regimen:weekly_watered_until_2_weeks_before_sampling
PRJEB43702	ERR6355732	SAMEA8380166	NA	NA	NA	NA	Ci328CK_Leaf_1	NA	ENA_first_public:2021-07-24;ENA_last_update:2021-07-24;ENA-CHECKLIST:ERC000037;External_Id:SAMEA8380166;INSDC_center_alias:Chinese_Academy_of_Agriculture_Sciences;INSDC_center_name:Chinese_Academy_of_Agriculture_Sciences;INSDC_first_public:2021-07-24T12:11:14Z;INSDC_last_update:2021-07-24T12:11:14Z;INSDC_status:public;Submitter_Id:Ci328CK_Leaf_1;collection_date:2017-06-26;common_name:foxtail_millet;estimated_size:400M;geographic_location_(country_and/or_sea):China;geographic_location_(latitude):116.19;geographic_location_(longitude):39.57;growth_facility:other;isolation_and_growth_condition:greenhouse_planted_in_pots;number_of_replicons:3;plant_developmental_stage:jointing_stage;plant_growth_medium:soil_culture_medium;plant_structure:leaf;plant_treatment:control;sample_name:Ci328CK_Leaf_1;watering_regimen:weekly_watered_until_sampling
PRJEB43702	ERR6355733	SAMEA8380172	NA	NA	NA	NA	Ci328CK_Leaf_2	NA	ENA_first_public:2021-07-24;ENA_last_update:2021-07-24;ENA-CHECKLIST:ERC000037;External_Id:SAMEA8380172;INSDC_center_alias:Chinese_Academy_of_Agriculture_Sciences;INSDC_center_name:Chinese_Academy_of_Agriculture_Sciences;INSDC_first_public:2021-07-24T12:11:14Z;INSDC_last_update:2021-07-24T12:11:14Z;INSDC_status:public;Submitter_Id:Ci328CK_Leaf_2;collection_date:2017-06-26;common_name:foxtail_millet;estimated_size:400M;geographic_location_(country_and/or_sea):China;geographic_location_(latitude):116.19;geographic_location_(longitude):39.57;growth_facility:other;isolation_and_growth_condition:greenhouse_planted_in_pots;number_of_replicons:3;plant_developmental_stage:jointing_stage;plant_growth_medium:soil_culture_medium;plant_structure:leaf;plant_treatment:control;sample_name:Ci328CK_Leaf_2;watering_regimen:weekly_watered_until_sampling
PRJEB43702	ERR6355734	SAMEA8380179	NA	NA	NA	NA	Ci328CK_Leaf_3	NA	ENA_first_public:2021-07-24;ENA_last_update:2021-07-24;ENA-CHECKLIST:ERC000037;External_Id:SAMEA8380179;INSDC_center_alias:Chinese_Academy_of_Agriculture_Sciences;INSDC_center_name:Chinese_Academy_of_Agriculture_Sciences;INSDC_first_public:2021-07-24T12:11:14Z;INSDC_last_update:2021-07-24T12:11:14Z;INSDC_status:public;Submitter_Id:Ci328CK_Leaf_3;collection_date:2017-06-26;common_name:foxtail_millet;estimated_size:400M;geographic_location_(country_and/or_sea):China;geographic_location_(latitude):116.19;geographic_location_(longitude):39.57;growth_facility:other;isolation_and_growth_condition:greenhouse_planted_in_pots;number_of_replicons:3;plant_developmental_stage:jointing_stage;plant_growth_medium:soil_culture_medium;plant_structure:leaf;plant_treatment:control;sample_name:Ci328CK_Leaf_3;watering_regimen:weekly_watered_until_sampling
PRJEB43702	ERR6355735	SAMEA8380184	NA	NA	NA	NA	Ci328CK_Root_1	NA	ENA_first_public:2021-07-24;ENA_last_update:2021-07-24;ENA-CHECKLIST:ERC000037;External_Id:SAMEA8380184;INSDC_center_alias:Chinese_Academy_of_Agriculture_Sciences;INSDC_center_name:Chinese_Academy_of_Agriculture_Sciences;INSDC_first_public:2021-07-24T12:11:14Z;INSDC_last_update:2021-07-24T12:11:14Z;INSDC_status:public;Submitter_Id:Ci328CK_Root_1;collection_date:2017-06-26;common_name:foxtail_millet;estimated_size:400M;geographic_location_(country_and/or_sea):China;geographic_location_(latitude):116.19;geographic_location_(longitude):39.57;growth_facility:other;isolation_and_growth_condition:greenhouse_planted_in_pots;number_of_replicons:3;plant_developmental_stage:jointing_stage;plant_growth_medium:soil_culture_medium;plant_structure:root;plant_treatment:control;sample_name:Ci328CK_Root_1;watering_regimen:weekly_watered_until_sampling
PRJEB43702	ERR6355736	SAMEA8380188	NA	NA	NA	NA	Ci328CK_Root_2	NA	ENA_first_public:2021-07-24;ENA_last_update:2021-07-24;ENA-CHECKLIST:ERC000037;External_Id:SAMEA8380188;INSDC_center_alias:Chinese_Academy_of_Agriculture_Sciences;INSDC_center_name:Chinese_Academy_of_Agriculture_Sciences;INSDC_first_public:2021-07-24T12:11:14Z;INSDC_last_update:2021-07-24T12:11:14Z;INSDC_status:public;Submitter_Id:Ci328CK_Root_2;collection_date:2017-06-26;common_name:foxtail_millet;estimated_size:400M;geographic_location_(country_and/or_sea):China;geographic_location_(latitude):116.19;geographic_location_(longitude):39.57;growth_facility:other;isolation_and_growth_condition:greenhouse_planted_in_pots;number_of_replicons:3;plant_developmental_stage:jointing_stage;plant_growth_medium:soil_culture_medium;plant_structure:root;plant_treatment:control;sample_name:Ci328CK_Root_2;watering_regimen:weekly_watered_until_sampling
PRJEB43702	ERR6355737	SAMEA8380196	NA	NA	NA	NA	Ci328CK_Root_3	NA	ENA_first_public:2021-07-24;ENA_last_update:2021-07-24;ENA-CHECKLIST:ERC000037;External_Id:SAMEA8380196;INSDC_center_alias:Chinese_Academy_of_Agriculture_Sciences;INSDC_center_name:Chinese_Academy_of_Agriculture_Sciences;INSDC_first_public:2021-07-24T12:11:14Z;INSDC_last_update:2021-07-24T12:11:14Z;INSDC_status:public;Submitter_Id:Ci328CK_Root_3;collection_date:2017-06-26;common_name:foxtail_millet;estimated_size:400M;geographic_location_(country_and/or_sea):China;geographic_location_(latitude):116.19;geographic_location_(longitude):39.57;growth_facility:other;isolation_and_growth_condition:greenhouse_planted_in_pots;number_of_replicons:3;plant_developmental_stage:jointing_stage;plant_growth_medium:soil_culture_medium;plant_structure:root;plant_treatment:control;sample_name:Ci328CK_Root_3;watering_regimen:weekly_watered_until_sampling
PRJEB43702	ERR6355738	SAMEA8380199	NA	NA	NA	NA	Ci328CK_Stem_1	NA	ENA_first_public:2021-07-24;ENA_last_update:2021-07-24;ENA-CHECKLIST:ERC000037;External_Id:SAMEA8380199;INSDC_center_alias:Chinese_Academy_of_Agriculture_Sciences;INSDC_center_name:Chinese_Academy_of_Agriculture_Sciences;INSDC_first_public:2021-07-24T12:11:14Z;INSDC_last_update:2021-07-24T12:11:14Z;INSDC_status:public;Submitter_Id:Ci328CK_Stem_1;collection_date:2017-06-26;common_name:foxtail_millet;estimated_size:400M;geographic_location_(country_and/or_sea):China;geographic_location_(latitude):116.19;geographic_location_(longitude):39.57;growth_facility:other;isolation_and_growth_condition:greenhouse_planted_in_pots;number_of_replicons:3;plant_developmental_stage:jointing_stage;plant_growth_medium:soil_culture_medium;plant_structure:Stem;plant_treatment:control;sample_name:Ci328CK_Stem_1;watering_regimen:weekly_watered_until_sampling
PRJEB43702	ERR6355739	SAMEA8380207	NA	NA	NA	NA	Ci328CK_Stem_2	NA	ENA_first_public:2021-07-24;ENA_last_update:2021-07-24;ENA-CHECKLIST:ERC000037;External_Id:SAMEA8380207;INSDC_center_alias:Chinese_Academy_of_Agriculture_Sciences;INSDC_center_name:Chinese_Academy_of_Agriculture_Sciences;INSDC_first_public:2021-07-24T12:11:14Z;INSDC_last_update:2021-07-24T12:11:14Z;INSDC_status:public;Submitter_Id:Ci328CK_Stem_2;collection_date:2017-06-26;common_name:foxtail_millet;estimated_size:400M;geographic_location_(country_and/or_sea):China;geographic_location_(latitude):116.19;geographic_location_(longitude):39.57;growth_facility:other;isolation_and_growth_condition:greenhouse_planted_in_pots;number_of_replicons:3;plant_developmental_stage:jointing_stage;plant_growth_medium:soil_culture_medium;plant_structure:Stem;plant_treatment:control;sample_name:Ci328CK_Stem_2;watering_regimen:weekly_watered_until_sampling
PRJEB43702	ERR6355740	SAMEA8380214	NA	NA	NA	NA	Ci328CK_Stem_3	NA	ENA_first_public:2021-07-24;ENA_last_update:2021-07-24;ENA-CHECKLIST:ERC000037;External_Id:SAMEA8380214;INSDC_center_alias:Chinese_Academy_of_Agriculture_Sciences;INSDC_center_name:Chinese_Academy_of_Agriculture_Sciences;INSDC_first_public:2021-07-24T12:11:14Z;INSDC_last_update:2021-07-24T12:11:14Z;INSDC_status:public;Submitter_Id:Ci328CK_Stem_3;collection_date:2017-06-26;common_name:foxtail_millet;estimated_size:400M;geographic_location_(country_and/or_sea):China;geographic_location_(latitude):116.19;geographic_location_(longitude):39.57;growth_facility:other;isolation_and_growth_condition:greenhouse_planted_in_pots;number_of_replicons:3;plant_developmental_stage:jointing_stage;plant_growth_medium:soil_culture_medium;plant_structure:Stem;plant_treatment:control;sample_name:Ci328CK_Stem_3;watering_regimen:weekly_watered_until_sampling
PRJEB43702	ERR6355741	SAMEA8380221	NA	NA	NA	NA	Ci328DR_Leaf_1	NA	ENA_first_public:2021-07-24;ENA_last_update:2021-07-24;ENA-CHECKLIST:ERC000037;External_Id:SAMEA8380221;INSDC_center_alias:Chinese_Academy_of_Agriculture_Sciences;INSDC_center_name:Chinese_Academy_of_Agriculture_Sciences;INSDC_first_public:2021-07-24T12:11:14Z;INSDC_last_update:2021-07-24T12:11:14Z;INSDC_status:public;Submitter_Id:Ci328DR_Leaf_1;collection_date:2017-06-26;common_name:foxtail_millet;estimated_size:400M;geographic_location_(country_and/or_sea):China;geographic_location_(latitude):116.19;geographic_location_(longitude):39.57;growth_facility:other;isolation_and_growth_condition:greenhouse_planted_in_pots;number_of_replicons:3;plant_developmental_stage:jointing_stage;plant_growth_medium:soil_culture_medium;plant_structure:leaf;plant_treatment:drought;sample_name:Ci328DR_Leaf_1;watering_regimen:weekly_watered_until_2_weeks_before_sampling
PRJEB43702	ERR6355742	SAMEA8380226	NA	NA	NA	NA	Ci328DR_Leaf_2	NA	ENA_first_public:2021-07-24;ENA_last_update:2021-07-24;ENA-CHECKLIST:ERC000037;External_Id:SAMEA8380226;INSDC_center_alias:Chinese_Academy_of_Agriculture_Sciences;INSDC_center_name:Chinese_Academy_of_Agriculture_Sciences;INSDC_first_public:2021-07-24T12:11:14Z;INSDC_last_update:2021-07-24T12:11:14Z;INSDC_status:public;Submitter_Id:Ci328DR_Leaf_2;collection_date:2017-06-26;common_name:foxtail_millet;estimated_size:400M;geographic_location_(country_and/or_sea):China;geographic_location_(latitude):116.19;geographic_location_(longitude):39.57;growth_facility:other;isolation_and_growth_condition:greenhouse_planted_in_pots;number_of_replicons:3;plant_developmental_stage:jointing_stage;plant_growth_medium:soil_culture_medium;plant_structure:leaf;plant_treatment:drought;sample_name:Ci328DR_Leaf_2;watering_regimen:weekly_watered_until_2_weeks_before_sampling
PRJEB43702	ERR6355743	SAMEA8380231	NA	NA	NA	NA	Ci328DR_Leaf_3	NA	ENA_first_public:2021-07-24;ENA_last_update:2021-07-24;ENA-CHECKLIST:ERC000037;External_Id:SAMEA8380231;INSDC_center_alias:Chinese_Academy_of_Agriculture_Sciences;INSDC_center_name:Chinese_Academy_of_Agriculture_Sciences;INSDC_first_public:2021-07-24T12:11:14Z;INSDC_last_update:2021-07-24T12:11:14Z;INSDC_status:public;Submitter_Id:Ci328DR_Leaf_3;collection_date:2017-06-26;common_name:foxtail_millet;estimated_size:400M;geographic_location_(country_and/or_sea):China;geographic_location_(latitude):116.19;geographic_location_(longitude):39.57;growth_facility:other;isolation_and_growth_condition:greenhouse_planted_in_pots;number_of_replicons:3;plant_developmental_stage:jointing_stage;plant_growth_medium:soil_culture_medium;plant_structure:leaf;plant_treatment:drought;sample_name:Ci328DR_Leaf_3;watering_regimen:weekly_watered_until_2_weeks_before_sampling
PRJEB43702	ERR6355744	SAMEA8380239	NA	NA	NA	NA	Ci328DR_Root_1	NA	ENA_first_public:2021-07-24;ENA_last_update:2021-07-24;ENA-CHECKLIST:ERC000037;External_Id:SAMEA8380239;INSDC_center_alias:Chinese_Academy_of_Agriculture_Sciences;INSDC_center_name:Chinese_Academy_of_Agriculture_Sciences;INSDC_first_public:2021-07-24T12:11:14Z;INSDC_last_update:2021-07-24T12:11:14Z;INSDC_status:public;Submitter_Id:Ci328DR_Root_1;collection_date:2017-06-26;common_name:foxtail_millet;estimated_size:400M;geographic_location_(country_and/or_sea):China;geographic_location_(latitude):116.19;geographic_location_(longitude):39.57;growth_facility:other;isolation_and_growth_condition:greenhouse_planted_in_pots;number_of_replicons:3;plant_developmental_stage:jointing_stage;plant_growth_medium:soil_culture_medium;plant_structure:root;plant_treatment:drought;sample_name:Ci328DR_Root_1;watering_regimen:weekly_watered_until_2_weeks_before_sampling
PRJEB43702	ERR6355745	SAMEA8380246	NA	NA	NA	NA	Ci328DR_Root_2	NA	ENA_first_public:2021-07-24;ENA_last_update:2021-07-24;ENA-CHECKLIST:ERC000037;External_Id:SAMEA8380246;INSDC_center_alias:Chinese_Academy_of_Agriculture_Sciences;INSDC_center_name:Chinese_Academy_of_Agriculture_Sciences;INSDC_first_public:2021-07-24T12:11:14Z;INSDC_last_update:2021-07-24T12:11:14Z;INSDC_status:public;Submitter_Id:Ci328DR_Root_2;collection_date:2017-06-26;common_name:foxtail_millet;estimated_size:400M;geographic_location_(country_and/or_sea):China;geographic_location_(latitude):116.19;geographic_location_(longitude):39.57;growth_facility:other;isolation_and_growth_condition:greenhouse_planted_in_pots;number_of_replicons:3;plant_developmental_stage:jointing_stage;plant_growth_medium:soil_culture_medium;plant_structure:root;plant_treatment:drought;sample_name:Ci328DR_Root_2;watering_regimen:weekly_watered_until_2_weeks_before_sampling
PRJEB43702	ERR6355746	SAMEA8380251	NA	NA	NA	NA	Ci328DR_Root_3	NA	ENA_first_public:2021-07-24;ENA_last_update:2021-07-24;ENA-CHECKLIST:ERC000037;External_Id:SAMEA8380251;INSDC_center_alias:Chinese_Academy_of_Agriculture_Sciences;INSDC_center_name:Chinese_Academy_of_Agriculture_Sciences;INSDC_first_public:2021-07-24T12:11:14Z;INSDC_last_update:2021-07-24T12:11:14Z;INSDC_status:public;Submitter_Id:Ci328DR_Root_3;collection_date:2017-06-26;common_name:foxtail_millet;estimated_size:400M;geographic_location_(country_and/or_sea):China;geographic_location_(latitude):116.19;geographic_location_(longitude):39.57;growth_facility:other;isolation_and_growth_condition:greenhouse_planted_in_pots;number_of_replicons:3;plant_developmental_stage:jointing_stage;plant_growth_medium:soil_culture_medium;plant_structure:root;plant_treatment:drought;sample_name:Ci328DR_Root_3;watering_regimen:weekly_watered_until_2_weeks_before_sampling
PRJEB49178	ERR7658158	SAMEA11090318	NA	NA	NA	NA	T5AB0L1	NA	ENA_first_public:2022-01-15;ENA_last_update:2022-01-15;ENA-CHECKLIST:ERC000037;External_Id:SAMEA11090318;INSDC_center_alias:Chinese_Academy_of_Agriculture_Sciences;INSDC_center_name:Chinese_Academy_of_Agriculture_Sciences;INSDC_first_public:2022-01-15T00:17:46Z;INSDC_last_update:2022-01-15T00:17:46Z;INSDC_status:public;Submitter_Id:T5AB0L1;collection_date:2019-08;common_name:foxtail_millet;estimated_size:400M;geographic_location_(country_and/or_sea):China;geographic_location_(latitude):116.19;geographic_location_(longitude):39.57;growth_facility:other;isolation_and_growth_condition:field;number_of_replicons:3;plant_developmental_stage:booting_stage;plant_growth_medium:field;plant_structure:5cm_painicle;sample_name:T5AB0L1
PRJEB49178	ERR7658159	SAMEA11090319	NA	NA	NA	NA	T5AB0L2	NA	ENA_first_public:2022-01-15;ENA_last_update:2022-01-15;ENA-CHECKLIST:ERC000037;External_Id:SAMEA11090319;INSDC_center_alias:Chinese_Academy_of_Agriculture_Sciences;INSDC_center_name:Chinese_Academy_of_Agriculture_Sciences;INSDC_first_public:2022-01-15T00:17:46Z;INSDC_last_update:2022-01-15T00:17:46Z;INSDC_status:public;Submitter_Id:T5AB0L2;collection_date:2019-08;common_name:foxtail_millet;estimated_size:400M;geographic_location_(country_and/or_sea):China;geographic_location_(latitude):116.19;geographic_location_(longitude):39.57;growth_facility:other;isolation_and_growth_condition:field;number_of_replicons:3;plant_developmental_stage:booting_stage;plant_growth_medium:field;plant_structure:5cm_painicle;sample_name:T5AB0L2
PRJEB49178	ERR7658160	SAMEA11090320	NA	NA	NA	NA	T5AB0L4	NA	ENA_first_public:2022-01-15;ENA_last_update:2022-01-15;ENA-CHECKLIST:ERC000037;External_Id:SAMEA11090320;INSDC_center_alias:Chinese_Academy_of_Agriculture_Sciences;INSDC_center_name:Chinese_Academy_of_Agriculture_Sciences;INSDC_first_public:2022-01-15T00:17:46Z;INSDC_last_update:2022-01-15T00:17:46Z;INSDC_status:public;Submitter_Id:T5AB0L4;collection_date:2019-08;common_name:foxtail_millet;estimated_size:400M;geographic_location_(country_and/or_sea):China;geographic_location_(latitude):116.19;geographic_location_(longitude):39.57;growth_facility:other;isolation_and_growth_condition:field;number_of_replicons:3;plant_developmental_stage:booting_stage;plant_growth_medium:field;plant_structure:5cm_painicle;sample_name:T5AB0L4
PRJEB49178	ERR7658161	SAMEA11090321	NA	NA	NA	NA	T5AB1L1	NA	ENA_first_public:2022-01-15;ENA_last_update:2022-01-15;ENA-CHECKLIST:ERC000037;External_Id:SAMEA11090321;INSDC_center_alias:Chinese_Academy_of_Agriculture_Sciences;INSDC_center_name:Chinese_Academy_of_Agriculture_Sciences;INSDC_first_public:2022-01-15T00:17:46Z;INSDC_last_update:2022-01-15T00:17:46Z;INSDC_status:public;Submitter_Id:T5AB1L1;collection_date:2019-08;common_name:foxtail_millet;estimated_size:400M;geographic_location_(country_and/or_sea):China;geographic_location_(latitude):116.19;geographic_location_(longitude):39.57;growth_facility:other;isolation_and_growth_condition:field;number_of_replicons:3;plant_developmental_stage:booting_stage;plant_growth_medium:field;plant_structure:5cm_painicle;sample_name:T5AB1L1
PRJEB49178	ERR7658162	SAMEA11090322	NA	NA	NA	NA	T5AB1L2	NA	ENA_first_public:2022-01-15;ENA_last_update:2022-01-15;ENA-CHECKLIST:ERC000037;External_Id:SAMEA11090322;INSDC_center_alias:Chinese_Academy_of_Agriculture_Sciences;INSDC_center_name:Chinese_Academy_of_Agriculture_Sciences;INSDC_first_public:2022-01-15T00:17:46Z;INSDC_last_update:2022-01-15T00:17:46Z;INSDC_status:public;Submitter_Id:T5AB1L2;collection_date:2019-08;common_name:foxtail_millet;estimated_size:400M;geographic_location_(country_and/or_sea):China;geographic_location_(latitude):116.19;geographic_location_(longitude):39.57;growth_facility:other;isolation_and_growth_condition:field;number_of_replicons:3;plant_developmental_stage:booting_stage;plant_growth_medium:field;plant_structure:5cm_painicle;sample_name:T5AB1L2
PRJEB49178	ERR7658163	SAMEA11090323	NA	NA	NA	NA	T5AB1L4	NA	ENA_first_public:2022-01-15;ENA_last_update:2022-01-15;ENA-CHECKLIST:ERC000037;External_Id:SAMEA11090323;INSDC_center_alias:Chinese_Academy_of_Agriculture_Sciences;INSDC_center_name:Chinese_Academy_of_Agriculture_Sciences;INSDC_first_public:2022-01-15T00:17:46Z;INSDC_last_update:2022-01-15T00:17:46Z;INSDC_status:public;Submitter_Id:T5AB1L4;collection_date:2019-08;common_name:foxtail_millet;estimated_size:400M;geographic_location_(country_and/or_sea):China;geographic_location_(latitude):116.19;geographic_location_(longitude):39.57;growth_facility:other;isolation_and_growth_condition:field;number_of_replicons:3;plant_developmental_stage:booting_stage;plant_growth_medium:field;plant_structure:5cm_painicle;sample_name:T5AB1L4
PRJEB49178	ERR7658164	SAMEA11090324	NA	NA	NA	NA	T5AF1L1	NA	ENA_first_public:2022-01-15;ENA_last_update:2022-01-15;ENA-CHECKLIST:ERC000037;External_Id:SAMEA11090324;INSDC_center_alias:Chinese_Academy_of_Agriculture_Sciences;INSDC_center_name:Chinese_Academy_of_Agriculture_Sciences;INSDC_first_public:2022-01-15T00:17:46Z;INSDC_last_update:2022-01-15T00:17:46Z;INSDC_status:public;Submitter_Id:T5AF1L1;collection_date:2019-08;common_name:foxtail_millet;estimated_size:400M;geographic_location_(country_and/or_sea):China;geographic_location_(latitude):116.19;geographic_location_(longitude):39.57;growth_facility:other;isolation_and_growth_condition:field;number_of_replicons:3;plant_developmental_stage:booting_stage;plant_growth_medium:field;plant_structure:5cm_painicle;sample_name:T5AF1L1
PRJEB49178	ERR7658165	SAMEA11090325	NA	NA	NA	NA	T5AF1L2	NA	ENA_first_public:2022-01-15;ENA_last_update:2022-01-15;ENA-CHECKLIST:ERC000037;External_Id:SAMEA11090325;INSDC_center_alias:Chinese_Academy_of_Agriculture_Sciences;INSDC_center_name:Chinese_Academy_of_Agriculture_Sciences;INSDC_first_public:2022-01-15T00:17:46Z;INSDC_last_update:2022-01-15T00:17:46Z;INSDC_status:public;Submitter_Id:T5AF1L2;collection_date:2019-08;common_name:foxtail_millet;estimated_size:400M;geographic_location_(country_and/or_sea):China;geographic_location_(latitude):116.19;geographic_location_(longitude):39.57;growth_facility:other;isolation_and_growth_condition:field;number_of_replicons:3;plant_developmental_stage:booting_stage;plant_growth_medium:field;plant_structure:5cm_painicle;sample_name:T5AF1L2
PRJEB49178	ERR7658166	SAMEA11090326	NA	NA	NA	NA	T5AF1L4	NA	ENA_first_public:2022-01-15;ENA_last_update:2022-01-15;ENA-CHECKLIST:ERC000037;External_Id:SAMEA11090326;INSDC_center_alias:Chinese_Academy_of_Agriculture_Sciences;INSDC_center_name:Chinese_Academy_of_Agriculture_Sciences;INSDC_first_public:2022-01-15T00:17:46Z;INSDC_last_update:2022-01-15T00:17:46Z;INSDC_status:public;Submitter_Id:T5AF1L4;collection_date:2019-08;common_name:foxtail_millet;estimated_size:400M;geographic_location_(country_and/or_sea):China;geographic_location_(latitude):116.19;geographic_location_(longitude):39.57;growth_facility:other;isolation_and_growth_condition:field;number_of_replicons:3;plant_developmental_stage:booting_stage;plant_growth_medium:field;plant_structure:5cm_painicle;sample_name:T5AF1L4
PRJEB49178	ERR7658167	SAMEA11090327	NA	NA	NA	NA	T5AF2L1	NA	ENA_first_public:2022-01-15;ENA_last_update:2022-01-15;ENA-CHECKLIST:ERC000037;External_Id:SAMEA11090327;INSDC_center_alias:Chinese_Academy_of_Agriculture_Sciences;INSDC_center_name:Chinese_Academy_of_Agriculture_Sciences;INSDC_first_public:2022-01-15T00:17:46Z;INSDC_last_update:2022-01-15T00:17:46Z;INSDC_status:public;Submitter_Id:T5AF2L1;collection_date:2019-08;common_name:foxtail_millet;estimated_size:400M;geographic_location_(country_and/or_sea):China;geographic_location_(latitude):116.19;geographic_location_(longitude):39.57;growth_facility:other;isolation_and_growth_condition:field;number_of_replicons:3;plant_developmental_stage:booting_stage;plant_growth_medium:field;plant_structure:5cm_painicle;sample_name:T5AF2L1
PRJEB49178	ERR7658168	SAMEA11090328	NA	NA	NA	NA	T5AF2L2	NA	ENA_first_public:2022-01-15;ENA_last_update:2022-01-15;ENA-CHECKLIST:ERC000037;External_Id:SAMEA11090328;INSDC_center_alias:Chinese_Academy_of_Agriculture_Sciences;INSDC_center_name:Chinese_Academy_of_Agriculture_Sciences;INSDC_first_public:2022-01-15T00:17:46Z;INSDC_last_update:2022-01-15T00:17:46Z;INSDC_status:public;Submitter_Id:T5AF2L2;collection_date:2019-08;common_name:foxtail_millet;estimated_size:400M;geographic_location_(country_and/or_sea):China;geographic_location_(latitude):116.19;geographic_location_(longitude):39.57;growth_facility:other;isolation_and_growth_condition:field;number_of_replicons:3;plant_developmental_stage:booting_stage;plant_growth_medium:field;plant_structure:5cm_painicle;sample_name:T5AF2L2
PRJEB49178	ERR7658169	SAMEA11090329	NA	NA	NA	NA	T5AF2L4	NA	ENA_first_public:2022-01-15;ENA_last_update:2022-01-15;ENA-CHECKLIST:ERC000037;External_Id:SAMEA11090329;INSDC_center_alias:Chinese_Academy_of_Agriculture_Sciences;INSDC_center_name:Chinese_Academy_of_Agriculture_Sciences;INSDC_first_public:2022-01-15T00:17:46Z;INSDC_last_update:2022-01-15T00:17:46Z;INSDC_status:public;Submitter_Id:T5AF2L4;collection_date:2019-08;common_name:foxtail_millet;estimated_size:400M;geographic_location_(country_and/or_sea):China;geographic_location_(latitude):116.19;geographic_location_(longitude):39.57;growth_facility:other;isolation_and_growth_condition:field;number_of_replicons:3;plant_developmental_stage:booting_stage;plant_growth_medium:field;plant_structure:5cm_painicle;sample_name:T5AF2L4
PRJEB49178	ERR7658170	SAMEA11090330	NA	NA	NA	NA	T5AF3L1	NA	ENA_first_public:2022-01-15;ENA_last_update:2022-01-15;ENA-CHECKLIST:ERC000037;External_Id:SAMEA11090330;INSDC_center_alias:Chinese_Academy_of_Agriculture_Sciences;INSDC_center_name:Chinese_Academy_of_Agriculture_Sciences;INSDC_first_public:2022-01-15T00:17:46Z;INSDC_last_update:2022-01-15T00:17:46Z;INSDC_status:public;Submitter_Id:T5AF3L1;collection_date:2019-08;common_name:foxtail_millet;estimated_size:400M;geographic_location_(country_and/or_sea):China;geographic_location_(latitude):116.19;geographic_location_(longitude):39.57;growth_facility:other;isolation_and_growth_condition:field;number_of_replicons:3;plant_developmental_stage:booting_stage;plant_growth_medium:field;plant_structure:5cm_painicle;sample_name:T5AF3L1
PRJEB49178	ERR7658171	SAMEA11090331	NA	NA	NA	NA	T5AF3L2	NA	ENA_first_public:2022-01-15;ENA_last_update:2022-01-15;ENA-CHECKLIST:ERC000037;External_Id:SAMEA11090331;INSDC_center_alias:Chinese_Academy_of_Agriculture_Sciences;INSDC_center_name:Chinese_Academy_of_Agriculture_Sciences;INSDC_first_public:2022-01-15T00:17:46Z;INSDC_last_update:2022-01-15T00:17:46Z;INSDC_status:public;Submitter_Id:T5AF3L2;collection_date:2019-08;common_name:foxtail_millet;estimated_size:400M;geographic_location_(country_and/or_sea):China;geographic_location_(latitude):116.19;geographic_location_(longitude):39.57;growth_facility:other;isolation_and_growth_condition:field;number_of_replicons:3;plant_developmental_stage:booting_stage;plant_growth_medium:field;plant_structure:5cm_painicle;sample_name:T5AF3L2
PRJEB49178	ERR7658172	SAMEA11090332	NA	NA	NA	NA	T5AF3L4	NA	ENA_first_public:2022-01-15;ENA_last_update:2022-01-15;ENA-CHECKLIST:ERC000037;External_Id:SAMEA11090332;INSDC_center_alias:Chinese_Academy_of_Agriculture_Sciences;INSDC_center_name:Chinese_Academy_of_Agriculture_Sciences;INSDC_first_public:2022-01-15T00:17:46Z;INSDC_last_update:2022-01-15T00:17:46Z;INSDC_status:public;Submitter_Id:T5AF3L4;collection_date:2019-08;common_name:foxtail_millet;estimated_size:400M;geographic_location_(country_and/or_sea):China;geographic_location_(latitude):116.19;geographic_location_(longitude):39.57;growth_facility:other;isolation_and_growth_condition:field;number_of_replicons:3;plant_developmental_stage:booting_stage;plant_growth_medium:field;plant_structure:5cm_painicle;sample_name:T5AF3L4
PRJEB49178	ERR7658173	SAMEA11090333	NA	NA	NA	NA	T8AB0L1	NA	ENA_first_public:2022-01-15;ENA_last_update:2022-01-15;ENA-CHECKLIST:ERC000037;External_Id:SAMEA11090333;INSDC_center_alias:Chinese_Academy_of_Agriculture_Sciences;INSDC_center_name:Chinese_Academy_of_Agriculture_Sciences;INSDC_first_public:2022-01-15T00:17:46Z;INSDC_last_update:2022-01-15T00:17:46Z;INSDC_status:public;Submitter_Id:T8AB0L1;collection_date:2019-08;common_name:foxtail_millet;estimated_size:400M;geographic_location_(country_and/or_sea):China;geographic_location_(latitude):116.19;geographic_location_(longitude):39.57;growth_facility:other;isolation_and_growth_condition:field;number_of_replicons:3;plant_developmental_stage:booting_stage;plant_growth_medium:field;plant_structure:8cm_painicle;sample_name:T8AB0L1
PRJEB49178	ERR7658174	SAMEA11090334	NA	NA	NA	NA	T8AB0L2	NA	ENA_first_public:2022-01-15;ENA_last_update:2022-01-15;ENA-CHECKLIST:ERC000037;External_Id:SAMEA11090334;INSDC_center_alias:Chinese_Academy_of_Agriculture_Sciences;INSDC_center_name:Chinese_Academy_of_Agriculture_Sciences;INSDC_first_public:2022-01-15T00:17:46Z;INSDC_last_update:2022-01-15T00:17:46Z;INSDC_status:public;Submitter_Id:T8AB0L2;collection_date:2019-08;common_name:foxtail_millet;estimated_size:400M;geographic_location_(country_and/or_sea):China;geographic_location_(latitude):116.19;geographic_location_(longitude):39.57;growth_facility:other;isolation_and_growth_condition:field;number_of_replicons:3;plant_developmental_stage:booting_stage;plant_growth_medium:field;plant_structure:8cm_painicle;sample_name:T8AB0L2
PRJEB49178	ERR7658175	SAMEA11090335	NA	NA	NA	NA	T8AB0L4	NA	ENA_first_public:2022-01-15;ENA_last_update:2022-01-15;ENA-CHECKLIST:ERC000037;External_Id:SAMEA11090335;INSDC_center_alias:Chinese_Academy_of_Agriculture_Sciences;INSDC_center_name:Chinese_Academy_of_Agriculture_Sciences;INSDC_first_public:2022-01-15T00:17:46Z;INSDC_last_update:2022-01-15T00:17:46Z;INSDC_status:public;Submitter_Id:T8AB0L4;collection_date:2019-08;common_name:foxtail_millet;estimated_size:400M;geographic_location_(country_and/or_sea):China;geographic_location_(latitude):116.19;geographic_location_(longitude):39.57;growth_facility:other;isolation_and_growth_condition:field;number_of_replicons:3;plant_developmental_stage:booting_stage;plant_growth_medium:field;plant_structure:8cm_painicle;sample_name:T8AB0L4
PRJEB49178	ERR7658176	SAMEA11090336	NA	NA	NA	NA	T8AB1L1	NA	ENA_first_public:2022-01-15;ENA_last_update:2022-01-15;ENA-CHECKLIST:ERC000037;External_Id:SAMEA11090336;INSDC_center_alias:Chinese_Academy_of_Agriculture_Sciences;INSDC_center_name:Chinese_Academy_of_Agriculture_Sciences;INSDC_first_public:2022-01-15T00:17:46Z;INSDC_last_update:2022-01-15T00:17:46Z;INSDC_status:public;Submitter_Id:T8AB1L1;collection_date:2019-08;common_name:foxtail_millet;estimated_size:400M;geographic_location_(country_and/or_sea):China;geographic_location_(latitude):116.19;geographic_location_(longitude):39.57;growth_facility:other;isolation_and_growth_condition:field;number_of_replicons:3;plant_developmental_stage:booting_stage;plant_growth_medium:field;plant_structure:8cm_painicle;sample_name:T8AB1L1
PRJEB49178	ERR7658177	SAMEA11090337	NA	NA	NA	NA	T8AB1L2	NA	ENA_first_public:2022-01-15;ENA_last_update:2022-01-15;ENA-CHECKLIST:ERC000037;External_Id:SAMEA11090337;INSDC_center_alias:Chinese_Academy_of_Agriculture_Sciences;INSDC_center_name:Chinese_Academy_of_Agriculture_Sciences;INSDC_first_public:2022-01-15T00:17:46Z;INSDC_last_update:2022-01-15T00:17:46Z;INSDC_status:public;Submitter_Id:T8AB1L2;collection_date:2019-08;common_name:foxtail_millet;estimated_size:400M;geographic_location_(country_and/or_sea):China;geographic_location_(latitude):116.19;geographic_location_(longitude):39.57;growth_facility:other;isolation_and_growth_condition:field;number_of_replicons:3;plant_developmental_stage:booting_stage;plant_growth_medium:field;plant_structure:8cm_painicle;sample_name:T8AB1L2
PRJEB49178	ERR7658178	SAMEA11090338	NA	NA	NA	NA	T8AB1L4	NA	ENA_first_public:2022-01-15;ENA_last_update:2022-01-15;ENA-CHECKLIST:ERC000037;External_Id:SAMEA11090338;INSDC_center_alias:Chinese_Academy_of_Agriculture_Sciences;INSDC_center_name:Chinese_Academy_of_Agriculture_Sciences;INSDC_first_public:2022-01-15T00:17:46Z;INSDC_last_update:2022-01-15T00:17:46Z;INSDC_status:public;Submitter_Id:T8AB1L4;collection_date:2019-08;common_name:foxtail_millet;estimated_size:400M;geographic_location_(country_and/or_sea):China;geographic_location_(latitude):116.19;geographic_location_(longitude):39.57;growth_facility:other;isolation_and_growth_condition:field;number_of_replicons:3;plant_developmental_stage:booting_stage;plant_growth_medium:field;plant_structure:8cm_painicle;sample_name:T8AB1L4
PRJEB49178	ERR7658179	SAMEA11090339	NA	NA	NA	NA	T8AFL1	NA	ENA_first_public:2022-01-15;ENA_last_update:2022-01-15;ENA-CHECKLIST:ERC000037;External_Id:SAMEA11090339;INSDC_center_alias:Chinese_Academy_of_Agriculture_Sciences;INSDC_center_name:Chinese_Academy_of_Agriculture_Sciences;INSDC_first_public:2022-01-15T00:17:46Z;INSDC_last_update:2022-01-15T00:17:46Z;INSDC_status:public;Submitter_Id:T8AFL1;collection_date:2019-08;common_name:foxtail_millet;estimated_size:400M;geographic_location_(country_and/or_sea):China;geographic_location_(latitude):116.19;geographic_location_(longitude):39.57;growth_facility:other;isolation_and_growth_condition:field;number_of_replicons:3;plant_developmental_stage:booting_stage;plant_growth_medium:field;plant_structure:8cm_painicle;sample_name:T8AFL1
PRJEB49178	ERR7658180	SAMEA11090340	NA	NA	NA	NA	T8AFL2	NA	ENA_first_public:2022-01-15;ENA_last_update:2022-01-15;ENA-CHECKLIST:ERC000037;External_Id:SAMEA11090340;INSDC_center_alias:Chinese_Academy_of_Agriculture_Sciences;INSDC_center_name:Chinese_Academy_of_Agriculture_Sciences;INSDC_first_public:2022-01-15T00:17:46Z;INSDC_last_update:2022-01-15T00:17:46Z;INSDC_status:public;Submitter_Id:T8AFL2;collection_date:2019-08;common_name:foxtail_millet;estimated_size:400M;geographic_location_(country_and/or_sea):China;geographic_location_(latitude):116.19;geographic_location_(longitude):39.57;growth_facility:other;isolation_and_growth_condition:field;number_of_replicons:3;plant_developmental_stage:booting_stage;plant_growth_medium:field;plant_structure:8cm_painicle;sample_name:T8AFL2
PRJEB49178	ERR7658181	SAMEA11090341	NA	NA	NA	NA	T8AFL4	NA	ENA_first_public:2022-01-15;ENA_last_update:2022-01-15;ENA-CHECKLIST:ERC000037;External_Id:SAMEA11090341;INSDC_center_alias:Chinese_Academy_of_Agriculture_Sciences;INSDC_center_name:Chinese_Academy_of_Agriculture_Sciences;INSDC_first_public:2022-01-15T00:17:46Z;INSDC_last_update:2022-01-15T00:17:46Z;INSDC_status:public;Submitter_Id:T8AFL4;collection_date:2019-08;common_name:foxtail_millet;estimated_size:400M;geographic_location_(country_and/or_sea):China;geographic_location_(latitude):116.19;geographic_location_(longitude):39.57;growth_facility:other;isolation_and_growth_condition:field;number_of_replicons:3;plant_developmental_stage:booting_stage;plant_growth_medium:field;plant_structure:8cm_painicle;sample_name:T8AFL4
PRJEB49178	ERR7658182	SAMEA11090342	NA	NA	NA	NA	T8BB0L1	NA	ENA_first_public:2022-01-15;ENA_last_update:2022-01-15;ENA-CHECKLIST:ERC000037;External_Id:SAMEA11090342;INSDC_center_alias:Chinese_Academy_of_Agriculture_Sciences;INSDC_center_name:Chinese_Academy_of_Agriculture_Sciences;INSDC_first_public:2022-01-15T00:17:46Z;INSDC_last_update:2022-01-15T00:17:46Z;INSDC_status:public;Submitter_Id:T8BB0L1;collection_date:2019-08;common_name:foxtail_millet;estimated_size:400M;geographic_location_(country_and/or_sea):China;geographic_location_(latitude):116.19;geographic_location_(longitude):39.57;growth_facility:other;isolation_and_growth_condition:field;number_of_replicons:3;plant_developmental_stage:booting_stage;plant_growth_medium:field;plant_structure:8cm_painicle;sample_name:T8BB0L1
PRJEB49178	ERR7658183	SAMEA11090343	NA	NA	NA	NA	T8BB0L2	NA	ENA_first_public:2022-01-15;ENA_last_update:2022-01-15;ENA-CHECKLIST:ERC000037;External_Id:SAMEA11090343;INSDC_center_alias:Chinese_Academy_of_Agriculture_Sciences;INSDC_center_name:Chinese_Academy_of_Agriculture_Sciences;INSDC_first_public:2022-01-15T00:17:46Z;INSDC_last_update:2022-01-15T00:17:46Z;INSDC_status:public;Submitter_Id:T8BB0L2;collection_date:2019-08;common_name:foxtail_millet;estimated_size:400M;geographic_location_(country_and/or_sea):China;geographic_location_(latitude):116.19;geographic_location_(longitude):39.57;growth_facility:other;isolation_and_growth_condition:field;number_of_replicons:3;plant_developmental_stage:booting_stage;plant_growth_medium:field;plant_structure:8cm_painicle;sample_name:T8BB0L2
PRJEB49178	ERR7658184	SAMEA11090344	NA	NA	NA	NA	T8BB0L4	NA	ENA_first_public:2022-01-15;ENA_last_update:2022-01-15;ENA-CHECKLIST:ERC000037;External_Id:SAMEA11090344;INSDC_center_alias:Chinese_Academy_of_Agriculture_Sciences;INSDC_center_name:Chinese_Academy_of_Agriculture_Sciences;INSDC_first_public:2022-01-15T00:17:46Z;INSDC_last_update:2022-01-15T00:17:46Z;INSDC_status:public;Submitter_Id:T8BB0L4;collection_date:2019-08;common_name:foxtail_millet;estimated_size:400M;geographic_location_(country_and/or_sea):China;geographic_location_(latitude):116.19;geographic_location_(longitude):39.57;growth_facility:other;isolation_and_growth_condition:field;number_of_replicons:3;plant_developmental_stage:booting_stage;plant_growth_medium:field;plant_structure:8cm_painicle;sample_name:T8BB0L4
PRJEB49178	ERR7658185	SAMEA11090345	NA	NA	NA	NA	T8BB1L1	NA	ENA_first_public:2022-01-15;ENA_last_update:2022-01-15;ENA-CHECKLIST:ERC000037;External_Id:SAMEA11090345;INSDC_center_alias:Chinese_Academy_of_Agriculture_Sciences;INSDC_center_name:Chinese_Academy_of_Agriculture_Sciences;INSDC_first_public:2022-01-15T00:17:46Z;INSDC_last_update:2022-01-15T00:17:46Z;INSDC_status:public;Submitter_Id:T8BB1L1;collection_date:2019-08;common_name:foxtail_millet;estimated_size:400M;geographic_location_(country_and/or_sea):China;geographic_location_(latitude):116.19;geographic_location_(longitude):39.57;growth_facility:other;isolation_and_growth_condition:field;number_of_replicons:3;plant_developmental_stage:booting_stage;plant_growth_medium:field;plant_structure:8cm_painicle;sample_name:T8BB1L1
PRJEB49178	ERR7658186	SAMEA11090346	NA	NA	NA	NA	T8BB1L2	NA	ENA_first_public:2022-01-15;ENA_last_update:2022-01-15;ENA-CHECKLIST:ERC000037;External_Id:SAMEA11090346;INSDC_center_alias:Chinese_Academy_of_Agriculture_Sciences;INSDC_center_name:Chinese_Academy_of_Agriculture_Sciences;INSDC_first_public:2022-01-15T00:17:46Z;INSDC_last_update:2022-01-15T00:17:46Z;INSDC_status:public;Submitter_Id:T8BB1L2;collection_date:2019-08;common_name:foxtail_millet;estimated_size:400M;geographic_location_(country_and/or_sea):China;geographic_location_(latitude):116.19;geographic_location_(longitude):39.57;growth_facility:other;isolation_and_growth_condition:field;number_of_replicons:3;plant_developmental_stage:booting_stage;plant_growth_medium:field;plant_structure:8cm_painicle;sample_name:T8BB1L2
PRJEB49178	ERR7658187	SAMEA11090347	NA	NA	NA	NA	T8BB1L4	NA	ENA_first_public:2022-01-15;ENA_last_update:2022-01-15;ENA-CHECKLIST:ERC000037;External_Id:SAMEA11090347;INSDC_center_alias:Chinese_Academy_of_Agriculture_Sciences;INSDC_center_name:Chinese_Academy_of_Agriculture_Sciences;INSDC_first_public:2022-01-15T00:17:46Z;INSDC_last_update:2022-01-15T00:17:46Z;INSDC_status:public;Submitter_Id:T8BB1L4;collection_date:2019-08;common_name:foxtail_millet;estimated_size:400M;geographic_location_(country_and/or_sea):China;geographic_location_(latitude):116.19;geographic_location_(longitude):39.57;growth_facility:other;isolation_and_growth_condition:field;number_of_replicons:3;plant_developmental_stage:booting_stage;plant_growth_medium:field;plant_structure:8cm_painicle;sample_name:T8BB1L4
PRJEB49178	ERR7658188	SAMEA11090348	NA	NA	NA	NA	T8BFL1	NA	ENA_first_public:2022-01-15;ENA_last_update:2022-01-15;ENA-CHECKLIST:ERC000037;External_Id:SAMEA11090348;INSDC_center_alias:Chinese_Academy_of_Agriculture_Sciences;INSDC_center_name:Chinese_Academy_of_Agriculture_Sciences;INSDC_first_public:2022-01-15T00:17:46Z;INSDC_last_update:2022-01-15T00:17:46Z;INSDC_status:public;Submitter_Id:T8BFL1;collection_date:2019-08;common_name:foxtail_millet;estimated_size:400M;geographic_location_(country_and/or_sea):China;geographic_location_(latitude):116.19;geographic_location_(longitude):39.57;growth_facility:other;isolation_and_growth_condition:field;number_of_replicons:3;plant_developmental_stage:booting_stage;plant_growth_medium:field;plant_structure:8cm_painicle;sample_name:T8BFL1
PRJEB49178	ERR7658189	SAMEA11090349	NA	NA	NA	NA	T8BFL2	NA	ENA_first_public:2022-01-15;ENA_last_update:2022-01-15;ENA-CHECKLIST:ERC000037;External_Id:SAMEA11090349;INSDC_center_alias:Chinese_Academy_of_Agriculture_Sciences;INSDC_center_name:Chinese_Academy_of_Agriculture_Sciences;INSDC_first_public:2022-01-15T00:17:46Z;INSDC_last_update:2022-01-15T00:17:46Z;INSDC_status:public;Submitter_Id:T8BFL2;collection_date:2019-08;common_name:foxtail_millet;estimated_size:400M;geographic_location_(country_and/or_sea):China;geographic_location_(latitude):116.19;geographic_location_(longitude):39.57;growth_facility:other;isolation_and_growth_condition:field;number_of_replicons:3;plant_developmental_stage:booting_stage;plant_growth_medium:field;plant_structure:8cm_painicle;sample_name:T8BFL2
PRJEB49178	ERR7658190	SAMEA11090350	NA	NA	NA	NA	T8BFL4	NA	ENA_first_public:2022-01-15;ENA_last_update:2022-01-15;ENA-CHECKLIST:ERC000037;External_Id:SAMEA11090350;INSDC_center_alias:Chinese_Academy_of_Agriculture_Sciences;INSDC_center_name:Chinese_Academy_of_Agriculture_Sciences;INSDC_first_public:2022-01-15T00:17:46Z;INSDC_last_update:2022-01-15T00:17:46Z;INSDC_status:public;Submitter_Id:T8BFL4;collection_date:2019-08;common_name:foxtail_millet;estimated_size:400M;geographic_location_(country_and/or_sea):China;geographic_location_(latitude):116.19;geographic_location_(longitude):39.57;growth_facility:other;isolation_and_growth_condition:field;number_of_replicons:3;plant_developmental_stage:booting_stage;plant_growth_medium:field;plant_structure:8cm_painicle;sample_name:T8BFL4
PRJEB49178	ERR7658191	SAMEA11090351	NA	NA	NA	NA	Y8AB0L1	NA	ENA_first_public:2022-01-15;ENA_last_update:2022-01-15;ENA-CHECKLIST:ERC000037;External_Id:SAMEA11090351;INSDC_center_alias:Chinese_Academy_of_Agriculture_Sciences;INSDC_center_name:Chinese_Academy_of_Agriculture_Sciences;INSDC_first_public:2022-01-15T00:17:46Z;INSDC_last_update:2022-01-15T00:17:46Z;INSDC_status:public;Submitter_Id:Y8AB0L1;collection_date:2019-08;common_name:foxtail_millet;estimated_size:400M;geographic_location_(country_and/or_sea):China;geographic_location_(latitude):116.19;geographic_location_(longitude):39.57;growth_facility:other;isolation_and_growth_condition:field;number_of_replicons:3;plant_developmental_stage:booting_stage;plant_growth_medium:field;plant_structure:8cm_painicle;sample_name:Y8AB0L1
PRJEB49178	ERR7658192	SAMEA11090352	NA	NA	NA	NA	Y8AB0L2	NA	ENA_first_public:2022-01-15;ENA_last_update:2022-01-15;ENA-CHECKLIST:ERC000037;External_Id:SAMEA11090352;INSDC_center_alias:Chinese_Academy_of_Agriculture_Sciences;INSDC_center_name:Chinese_Academy_of_Agriculture_Sciences;INSDC_first_public:2022-01-15T00:17:46Z;INSDC_last_update:2022-01-15T00:17:46Z;INSDC_status:public;Submitter_Id:Y8AB0L2;collection_date:2019-08;common_name:foxtail_millet;estimated_size:400M;geographic_location_(country_and/or_sea):China;geographic_location_(latitude):116.19;geographic_location_(longitude):39.57;growth_facility:other;isolation_and_growth_condition:field;number_of_replicons:3;plant_developmental_stage:booting_stage;plant_growth_medium:field;plant_structure:8cm_painicle;sample_name:Y8AB0L2
PRJEB49178	ERR7658193	SAMEA11090353	NA	NA	NA	NA	Y8AB0L4	NA	ENA_first_public:2022-01-15;ENA_last_update:2022-01-15;ENA-CHECKLIST:ERC000037;External_Id:SAMEA11090353;INSDC_center_alias:Chinese_Academy_of_Agriculture_Sciences;INSDC_center_name:Chinese_Academy_of_Agriculture_Sciences;INSDC_first_public:2022-01-15T00:17:46Z;INSDC_last_update:2022-01-15T00:17:46Z;INSDC_status:public;Submitter_Id:Y8AB0L4;collection_date:2019-08;common_name:foxtail_millet;estimated_size:400M;geographic_location_(country_and/or_sea):China;geographic_location_(latitude):116.19;geographic_location_(longitude):39.57;growth_facility:other;isolation_and_growth_condition:field;number_of_replicons:3;plant_developmental_stage:booting_stage;plant_growth_medium:field;plant_structure:8cm_painicle;sample_name:Y8AB0L4
PRJEB49178	ERR7658194	SAMEA11090354	NA	NA	NA	NA	Y8AB1L1	NA	ENA_first_public:2022-01-15;ENA_last_update:2022-01-15;ENA-CHECKLIST:ERC000037;External_Id:SAMEA11090354;INSDC_center_alias:Chinese_Academy_of_Agriculture_Sciences;INSDC_center_name:Chinese_Academy_of_Agriculture_Sciences;INSDC_first_public:2022-01-15T00:17:46Z;INSDC_last_update:2022-01-15T00:17:46Z;INSDC_status:public;Submitter_Id:Y8AB1L1;collection_date:2019-08;common_name:foxtail_millet;estimated_size:400M;geographic_location_(country_and/or_sea):China;geographic_location_(latitude):116.19;geographic_location_(longitude):39.57;growth_facility:other;isolation_and_growth_condition:field;number_of_replicons:3;plant_developmental_stage:booting_stage;plant_growth_medium:field;plant_structure:8cm_painicle;sample_name:Y8AB1L1
PRJEB49178	ERR7658195	SAMEA11090355	NA	NA	NA	NA	Y8AB1L2	NA	ENA_first_public:2022-01-15;ENA_last_update:2022-01-15;ENA-CHECKLIST:ERC000037;External_Id:SAMEA11090355;INSDC_center_alias:Chinese_Academy_of_Agriculture_Sciences;INSDC_center_name:Chinese_Academy_of_Agriculture_Sciences;INSDC_first_public:2022-01-15T00:17:46Z;INSDC_last_update:2022-01-15T00:17:46Z;INSDC_status:public;Submitter_Id:Y8AB1L2;collection_date:2019-08;common_name:foxtail_millet;estimated_size:400M;geographic_location_(country_and/or_sea):China;geographic_location_(latitude):116.19;geographic_location_(longitude):39.57;growth_facility:other;isolation_and_growth_condition:field;number_of_replicons:3;plant_developmental_stage:booting_stage;plant_growth_medium:field;plant_structure:8cm_painicle;sample_name:Y8AB1L2
PRJEB49178	ERR7658196	SAMEA11090356	NA	NA	NA	NA	Y8AB1L4	NA	ENA_first_public:2022-01-15;ENA_last_update:2022-01-15;ENA-CHECKLIST:ERC000037;External_Id:SAMEA11090356;INSDC_center_alias:Chinese_Academy_of_Agriculture_Sciences;INSDC_center_name:Chinese_Academy_of_Agriculture_Sciences;INSDC_first_public:2022-01-15T00:17:46Z;INSDC_last_update:2022-01-15T00:17:46Z;INSDC_status:public;Submitter_Id:Y8AB1L4;collection_date:2019-08;common_name:foxtail_millet;estimated_size:400M;geographic_location_(country_and/or_sea):China;geographic_location_(latitude):116.19;geographic_location_(longitude):39.57;growth_facility:other;isolation_and_growth_condition:field;number_of_replicons:3;plant_developmental_stage:booting_stage;plant_growth_medium:field;plant_structure:8cm_painicle;sample_name:Y8AB1L4
PRJEB49178	ERR7658197	SAMEA11090357	NA	NA	NA	NA	Y8AFL1	NA	ENA_first_public:2022-01-15;ENA_last_update:2022-01-15;ENA-CHECKLIST:ERC000037;External_Id:SAMEA11090357;INSDC_center_alias:Chinese_Academy_of_Agriculture_Sciences;INSDC_center_name:Chinese_Academy_of_Agriculture_Sciences;INSDC_first_public:2022-01-15T00:17:46Z;INSDC_last_update:2022-01-15T00:17:46Z;INSDC_status:public;Submitter_Id:Y8AFL1;collection_date:2019-08;common_name:foxtail_millet;estimated_size:400M;geographic_location_(country_and/or_sea):China;geographic_location_(latitude):116.19;geographic_location_(longitude):39.57;growth_facility:other;isolation_and_growth_condition:field;number_of_replicons:3;plant_developmental_stage:booting_stage;plant_growth_medium:field;plant_structure:8cm_painicle;sample_name:Y8AFL1
PRJEB49178	ERR7658198	SAMEA11090358	NA	NA	NA	NA	Y8AFL2	NA	ENA_first_public:2022-01-15;ENA_last_update:2022-01-15;ENA-CHECKLIST:ERC000037;External_Id:SAMEA11090358;INSDC_center_alias:Chinese_Academy_of_Agriculture_Sciences;INSDC_center_name:Chinese_Academy_of_Agriculture_Sciences;INSDC_first_public:2022-01-15T00:17:46Z;INSDC_last_update:2022-01-15T00:17:46Z;INSDC_status:public;Submitter_Id:Y8AFL2;collection_date:2019-08;common_name:foxtail_millet;estimated_size:400M;geographic_location_(country_and/or_sea):China;geographic_location_(latitude):116.19;geographic_location_(longitude):39.57;growth_facility:other;isolation_and_growth_condition:field;number_of_replicons:3;plant_developmental_stage:booting_stage;plant_growth_medium:field;plant_structure:8cm_painicle;sample_name:Y8AFL2
PRJEB49178	ERR7658199	SAMEA11090359	NA	NA	NA	NA	Y8AFL4	NA	ENA_first_public:2022-01-15;ENA_last_update:2022-01-15;ENA-CHECKLIST:ERC000037;External_Id:SAMEA11090359;INSDC_center_alias:Chinese_Academy_of_Agriculture_Sciences;INSDC_center_name:Chinese_Academy_of_Agriculture_Sciences;INSDC_first_public:2022-01-15T00:17:46Z;INSDC_last_update:2022-01-15T00:17:46Z;INSDC_status:public;Submitter_Id:Y8AFL4;collection_date:2019-08;common_name:foxtail_millet;estimated_size:400M;geographic_location_(country_and/or_sea):China;geographic_location_(latitude):116.19;geographic_location_(longitude):39.57;growth_facility:other;isolation_and_growth_condition:field;number_of_replicons:3;plant_developmental_stage:booting_stage;plant_growth_medium:field;plant_structure:8cm_painicle;sample_name:Y8AFL4
PRJEB49178	ERR7658200	SAMEA11090360	NA	NA	NA	NA	Y8BB0L1	NA	ENA_first_public:2022-01-15;ENA_last_update:2022-01-15;ENA-CHECKLIST:ERC000037;External_Id:SAMEA11090360;INSDC_center_alias:Chinese_Academy_of_Agriculture_Sciences;INSDC_center_name:Chinese_Academy_of_Agriculture_Sciences;INSDC_first_public:2022-01-15T00:17:46Z;INSDC_last_update:2022-01-15T00:17:46Z;INSDC_status:public;Submitter_Id:Y8BB0L1;collection_date:2019-08;common_name:foxtail_millet;estimated_size:400M;geographic_location_(country_and/or_sea):China;geographic_location_(latitude):116.19;geographic_location_(longitude):39.57;growth_facility:other;isolation_and_growth_condition:field;number_of_replicons:3;plant_developmental_stage:booting_stage;plant_growth_medium:field;plant_structure:8cm_painicle;sample_name:Y8BB0L1
PRJEB49178	ERR7658201	SAMEA11090361	NA	NA	NA	NA	Y8BB0L2	NA	ENA_first_public:2022-01-15;ENA_last_update:2022-01-15;ENA-CHECKLIST:ERC000037;External_Id:SAMEA11090361;INSDC_center_alias:Chinese_Academy_of_Agriculture_Sciences;INSDC_center_name:Chinese_Academy_of_Agriculture_Sciences;INSDC_first_public:2022-01-15T00:17:46Z;INSDC_last_update:2022-01-15T00:17:46Z;INSDC_status:public;Submitter_Id:Y8BB0L2;collection_date:2019-08;common_name:foxtail_millet;estimated_size:400M;geographic_location_(country_and/or_sea):China;geographic_location_(latitude):116.19;geographic_location_(longitude):39.57;growth_facility:other;isolation_and_growth_condition:field;number_of_replicons:3;plant_developmental_stage:booting_stage;plant_growth_medium:field;plant_structure:8cm_painicle;sample_name:Y8BB0L2
PRJEB49178	ERR7658202	SAMEA11090362	NA	NA	NA	NA	Y8BB0L4	NA	ENA_first_public:2022-01-15;ENA_last_update:2022-01-15;ENA-CHECKLIST:ERC000037;External_Id:SAMEA11090362;INSDC_center_alias:Chinese_Academy_of_Agriculture_Sciences;INSDC_center_name:Chinese_Academy_of_Agriculture_Sciences;INSDC_first_public:2022-01-15T00:17:46Z;INSDC_last_update:2022-01-15T00:17:46Z;INSDC_status:public;Submitter_Id:Y8BB0L4;collection_date:2019-08;common_name:foxtail_millet;estimated_size:400M;geographic_location_(country_and/or_sea):China;geographic_location_(latitude):116.19;geographic_location_(longitude):39.57;growth_facility:other;isolation_and_growth_condition:field;number_of_replicons:3;plant_developmental_stage:booting_stage;plant_growth_medium:field;plant_structure:8cm_painicle;sample_name:Y8BB0L4
PRJEB49178	ERR7658203	SAMEA11090363	NA	NA	NA	NA	Y8BB1L1	NA	ENA_first_public:2022-01-15;ENA_last_update:2022-01-15;ENA-CHECKLIST:ERC000037;External_Id:SAMEA11090363;INSDC_center_alias:Chinese_Academy_of_Agriculture_Sciences;INSDC_center_name:Chinese_Academy_of_Agriculture_Sciences;INSDC_first_public:2022-01-15T00:17:46Z;INSDC_last_update:2022-01-15T00:17:46Z;INSDC_status:public;Submitter_Id:Y8BB1L1;collection_date:2019-08;common_name:foxtail_millet;estimated_size:400M;geographic_location_(country_and/or_sea):China;geographic_location_(latitude):116.19;geographic_location_(longitude):39.57;growth_facility:other;isolation_and_growth_condition:field;number_of_replicons:3;plant_developmental_stage:booting_stage;plant_growth_medium:field;plant_structure:8cm_painicle;sample_name:Y8BB1L1
PRJEB49178	ERR7658204	SAMEA11090364	NA	NA	NA	NA	Y8BB1L2	NA	ENA_first_public:2022-01-15;ENA_last_update:2022-01-15;ENA-CHECKLIST:ERC000037;External_Id:SAMEA11090364;INSDC_center_alias:Chinese_Academy_of_Agriculture_Sciences;INSDC_center_name:Chinese_Academy_of_Agriculture_Sciences;INSDC_first_public:2022-01-15T00:17:46Z;INSDC_last_update:2022-01-15T00:17:46Z;INSDC_status:public;Submitter_Id:Y8BB1L2;collection_date:2019-08;common_name:foxtail_millet;estimated_size:400M;geographic_location_(country_and/or_sea):China;geographic_location_(latitude):116.19;geographic_location_(longitude):39.57;growth_facility:other;isolation_and_growth_condition:field;number_of_replicons:3;plant_developmental_stage:booting_stage;plant_growth_medium:field;plant_structure:8cm_painicle;sample_name:Y8BB1L2
PRJEB49178	ERR7658205	SAMEA11090365	NA	NA	NA	NA	Y8BB1L4	NA	ENA_first_public:2022-01-15;ENA_last_update:2022-01-15;ENA-CHECKLIST:ERC000037;External_Id:SAMEA11090365;INSDC_center_alias:Chinese_Academy_of_Agriculture_Sciences;INSDC_center_name:Chinese_Academy_of_Agriculture_Sciences;INSDC_first_public:2022-01-15T00:17:46Z;INSDC_last_update:2022-01-15T00:17:46Z;INSDC_status:public;Submitter_Id:Y8BB1L4;collection_date:2019-08;common_name:foxtail_millet;estimated_size:400M;geographic_location_(country_and/or_sea):China;geographic_location_(latitude):116.19;geographic_location_(longitude):39.57;growth_facility:other;isolation_and_growth_condition:field;number_of_replicons:3;plant_developmental_stage:booting_stage;plant_growth_medium:field;plant_structure:8cm_painicle;sample_name:Y8BB1L4
PRJEB49178	ERR7658206	SAMEA11090366	NA	NA	NA	NA	Y8BFL1	NA	ENA_first_public:2022-01-15;ENA_last_update:2022-01-15;ENA-CHECKLIST:ERC000037;External_Id:SAMEA11090366;INSDC_center_alias:Chinese_Academy_of_Agriculture_Sciences;INSDC_center_name:Chinese_Academy_of_Agriculture_Sciences;INSDC_first_public:2022-01-15T00:17:46Z;INSDC_last_update:2022-01-15T00:17:46Z;INSDC_status:public;Submitter_Id:Y8BFL1;collection_date:2019-08;common_name:foxtail_millet;estimated_size:400M;geographic_location_(country_and/or_sea):China;geographic_location_(latitude):116.19;geographic_location_(longitude):39.57;growth_facility:other;isolation_and_growth_condition:field;number_of_replicons:3;plant_developmental_stage:booting_stage;plant_growth_medium:field;plant_structure:8cm_painicle;sample_name:Y8BFL1
PRJEB49178	ERR7658207	SAMEA11090367	NA	NA	NA	NA	Y8BFL2	NA	ENA_first_public:2022-01-15;ENA_last_update:2022-01-15;ENA-CHECKLIST:ERC000037;External_Id:SAMEA11090367;INSDC_center_alias:Chinese_Academy_of_Agriculture_Sciences;INSDC_center_name:Chinese_Academy_of_Agriculture_Sciences;INSDC_first_public:2022-01-15T00:17:46Z;INSDC_last_update:2022-01-15T00:17:46Z;INSDC_status:public;Submitter_Id:Y8BFL2;collection_date:2019-08;common_name:foxtail_millet;estimated_size:400M;geographic_location_(country_and/or_sea):China;geographic_location_(latitude):116.19;geographic_location_(longitude):39.57;growth_facility:other;isolation_and_growth_condition:field;number_of_replicons:3;plant_developmental_stage:booting_stage;plant_growth_medium:field;plant_structure:8cm_painicle;sample_name:Y8BFL2
PRJEB49178	ERR7658208	SAMEA11090368	NA	NA	NA	NA	Y8BFL4	NA	ENA_first_public:2022-01-15;ENA_last_update:2022-01-15;ENA-CHECKLIST:ERC000037;External_Id:SAMEA11090368;INSDC_center_alias:Chinese_Academy_of_Agriculture_Sciences;INSDC_center_name:Chinese_Academy_of_Agriculture_Sciences;INSDC_first_public:2022-01-15T00:17:46Z;INSDC_last_update:2022-01-15T00:17:46Z;INSDC_status:public;Submitter_Id:Y8BFL4;collection_date:2019-08;common_name:foxtail_millet;estimated_size:400M;geographic_location_(country_and/or_sea):China;geographic_location_(latitude):116.19;geographic_location_(longitude):39.57;growth_facility:other;isolation_and_growth_condition:field;number_of_replicons:3;plant_developmental_stage:booting_stage;plant_growth_medium:field;plant_structure:8cm_painicle;sample_name:Y8BFL4
PRJEB49178	ERR7658209	SAMEA11090369	NA	NA	NA	NA	Y5AB0L1	NA	ENA_first_public:2022-01-15;ENA_last_update:2022-01-15;ENA-CHECKLIST:ERC000037;External_Id:SAMEA11090369;INSDC_center_alias:Chinese_Academy_of_Agriculture_Sciences;INSDC_center_name:Chinese_Academy_of_Agriculture_Sciences;INSDC_first_public:2022-01-15T00:17:46Z;INSDC_last_update:2022-01-15T00:17:46Z;INSDC_status:public;Submitter_Id:Y5AB0L1;collection_date:2019-08;common_name:foxtail_millet;estimated_size:400M;geographic_location_(country_and/or_sea):China;geographic_location_(latitude):116.19;geographic_location_(longitude):39.57;growth_facility:other;isolation_and_growth_condition:field;number_of_replicons:3;plant_developmental_stage:booting_stage;plant_growth_medium:field;plant_structure:5cm_painicle;sample_name:Y5AB0L1
PRJEB49178	ERR7658210	SAMEA11090370	NA	NA	NA	NA	Y5AB0L2	NA	ENA_first_public:2022-01-15;ENA_last_update:2022-01-15;ENA-CHECKLIST:ERC000037;External_Id:SAMEA11090370;INSDC_center_alias:Chinese_Academy_of_Agriculture_Sciences;INSDC_center_name:Chinese_Academy_of_Agriculture_Sciences;INSDC_first_public:2022-01-15T00:17:46Z;INSDC_last_update:2022-01-15T00:17:46Z;INSDC_status:public;Submitter_Id:Y5AB0L2;collection_date:2019-08;common_name:foxtail_millet;estimated_size:400M;geographic_location_(country_and/or_sea):China;geographic_location_(latitude):116.19;geographic_location_(longitude):39.57;growth_facility:other;isolation_and_growth_condition:field;number_of_replicons:3;plant_developmental_stage:booting_stage;plant_growth_medium:field;plant_structure:5cm_painicle;sample_name:Y5AB0L2
PRJEB49178	ERR7658211	SAMEA11090371	NA	NA	NA	NA	Y5AB0L4	NA	ENA_first_public:2022-01-15;ENA_last_update:2022-01-15;ENA-CHECKLIST:ERC000037;External_Id:SAMEA11090371;INSDC_center_alias:Chinese_Academy_of_Agriculture_Sciences;INSDC_center_name:Chinese_Academy_of_Agriculture_Sciences;INSDC_first_public:2022-01-15T00:17:46Z;INSDC_last_update:2022-01-15T00:17:46Z;INSDC_status:public;Submitter_Id:Y5AB0L4;collection_date:2019-08;common_name:foxtail_millet;estimated_size:400M;geographic_location_(country_and/or_sea):China;geographic_location_(latitude):116.19;geographic_location_(longitude):39.57;growth_facility:other;isolation_and_growth_condition:field;number_of_replicons:3;plant_developmental_stage:booting_stage;plant_growth_medium:field;plant_structure:5cm_painicle;sample_name:Y5AB0L4
PRJEB49178	ERR7658212	SAMEA11090372	NA	NA	NA	NA	Y5AB1L1	NA	ENA_first_public:2022-01-15;ENA_last_update:2022-01-15;ENA-CHECKLIST:ERC000037;External_Id:SAMEA11090372;INSDC_center_alias:Chinese_Academy_of_Agriculture_Sciences;INSDC_center_name:Chinese_Academy_of_Agriculture_Sciences;INSDC_first_public:2022-01-15T00:17:46Z;INSDC_last_update:2022-01-15T00:17:46Z;INSDC_status:public;Submitter_Id:Y5AB1L1;collection_date:2019-08;common_name:foxtail_millet;estimated_size:400M;geographic_location_(country_and/or_sea):China;geographic_location_(latitude):116.19;geographic_location_(longitude):39.57;growth_facility:other;isolation_and_growth_condition:field;number_of_replicons:3;plant_developmental_stage:booting_stage;plant_growth_medium:field;plant_structure:5cm_painicle;sample_name:Y5AB1L1
PRJEB49178	ERR7658213	SAMEA11090373	NA	NA	NA	NA	Y5AB1L2	NA	ENA_first_public:2022-01-15;ENA_last_update:2022-01-15;ENA-CHECKLIST:ERC000037;External_Id:SAMEA11090373;INSDC_center_alias:Chinese_Academy_of_Agriculture_Sciences;INSDC_center_name:Chinese_Academy_of_Agriculture_Sciences;INSDC_first_public:2022-01-15T00:17:46Z;INSDC_last_update:2022-01-15T00:17:46Z;INSDC_status:public;Submitter_Id:Y5AB1L2;collection_date:2019-08;common_name:foxtail_millet;estimated_size:400M;geographic_location_(country_and/or_sea):China;geographic_location_(latitude):116.19;geographic_location_(longitude):39.57;growth_facility:other;isolation_and_growth_condition:field;number_of_replicons:3;plant_developmental_stage:booting_stage;plant_growth_medium:field;plant_structure:5cm_painicle;sample_name:Y5AB1L2
PRJEB49178	ERR7658214	SAMEA11090374	NA	NA	NA	NA	Y5AB1L4	NA	ENA_first_public:2022-01-15;ENA_last_update:2022-01-15;ENA-CHECKLIST:ERC000037;External_Id:SAMEA11090374;INSDC_center_alias:Chinese_Academy_of_Agriculture_Sciences;INSDC_center_name:Chinese_Academy_of_Agriculture_Sciences;INSDC_first_public:2022-01-15T00:17:46Z;INSDC_last_update:2022-01-15T00:17:46Z;INSDC_status:public;Submitter_Id:Y5AB1L4;collection_date:2019-08;common_name:foxtail_millet;estimated_size:400M;geographic_location_(country_and/or_sea):China;geographic_location_(latitude):116.19;geographic_location_(longitude):39.57;growth_facility:other;isolation_and_growth_condition:field;number_of_replicons:3;plant_developmental_stage:booting_stage;plant_growth_medium:field;plant_structure:5cm_painicle;sample_name:Y5AB1L4
PRJEB49178	ERR7658215	SAMEA11090375	NA	NA	NA	NA	Y5AFL1	NA	ENA_first_public:2022-01-15;ENA_last_update:2022-01-15;ENA-CHECKLIST:ERC000037;External_Id:SAMEA11090375;INSDC_center_alias:Chinese_Academy_of_Agriculture_Sciences;INSDC_center_name:Chinese_Academy_of_Agriculture_Sciences;INSDC_first_public:2022-01-15T00:17:46Z;INSDC_last_update:2022-01-15T00:17:46Z;INSDC_status:public;Submitter_Id:Y5AFL1;collection_date:2019-08;common_name:foxtail_millet;estimated_size:400M;geographic_location_(country_and/or_sea):China;geographic_location_(latitude):116.19;geographic_location_(longitude):39.57;growth_facility:other;isolation_and_growth_condition:field;number_of_replicons:3;plant_developmental_stage:booting_stage;plant_growth_medium:field;plant_structure:5cm_painicle;sample_name:Y5AFL1
PRJEB49178	ERR7658216	SAMEA11090376	NA	NA	NA	NA	Y5AFL2	NA	ENA_first_public:2022-01-15;ENA_last_update:2022-01-15;ENA-CHECKLIST:ERC000037;External_Id:SAMEA11090376;INSDC_center_alias:Chinese_Academy_of_Agriculture_Sciences;INSDC_center_name:Chinese_Academy_of_Agriculture_Sciences;INSDC_first_public:2022-01-15T00:17:46Z;INSDC_last_update:2022-01-15T00:17:46Z;INSDC_status:public;Submitter_Id:Y5AFL2;collection_date:2019-08;common_name:foxtail_millet;estimated_size:400M;geographic_location_(country_and/or_sea):China;geographic_location_(latitude):116.19;geographic_location_(longitude):39.57;growth_facility:other;isolation_and_growth_condition:field;number_of_replicons:3;plant_developmental_stage:booting_stage;plant_growth_medium:field;plant_structure:5cm_painicle;sample_name:Y5AFL2
PRJEB49178	ERR7658217	SAMEA11090377	NA	NA	NA	NA	Y5AFL4	NA	ENA_first_public:2022-01-15;ENA_last_update:2022-01-15;ENA-CHECKLIST:ERC000037;External_Id:SAMEA11090377;INSDC_center_alias:Chinese_Academy_of_Agriculture_Sciences;INSDC_center_name:Chinese_Academy_of_Agriculture_Sciences;INSDC_first_public:2022-01-15T00:17:46Z;INSDC_last_update:2022-01-15T00:17:46Z;INSDC_status:public;Submitter_Id:Y5AFL4;collection_date:2019-08;common_name:foxtail_millet;estimated_size:400M;geographic_location_(country_and/or_sea):China;geographic_location_(latitude):116.19;geographic_location_(longitude):39.57;growth_facility:other;isolation_and_growth_condition:field;number_of_replicons:3;plant_developmental_stage:booting_stage;plant_growth_medium:field;plant_structure:5cm_painicle;sample_name:Y5AFL4
PRJEB54684	ERR9941186	SAMEA110348273	NA	NA	NA	NA	WT-CK1	NA	ENA-CHECKLIST:ERC000011;ENA-FIRST-PUBLIC:2022-11-15;ENA-LAST-UPDATE:2022-11-15;External_Id:SAMEA110348273;INSDC_center_alias:CHINESE_ACADEMY_OF_AGRICULTURAL_SCIENCE;INSDC_center_name:CHINESE_ACADEMY_OF_AGRICULTURAL_SCIENCE;INSDC_first_public:2022-11-15T00:19:53Z;INSDC_last_update:2022-11-15T00:19:53Z;INSDC_status:public;Submitter_Id:WT-CK1;common_name:foxtail_millet;sample_name:WT-CK1
PRJEB54684	ERR9941187	SAMEA110348274	NA	NA	NA	NA	WT-CK2	NA	ENA-CHECKLIST:ERC000011;ENA-FIRST-PUBLIC:2022-11-15;ENA-LAST-UPDATE:2022-11-15;External_Id:SAMEA110348274;INSDC_center_alias:CHINESE_ACADEMY_OF_AGRICULTURAL_SCIENCE;INSDC_center_name:CHINESE_ACADEMY_OF_AGRICULTURAL_SCIENCE;INSDC_first_public:2022-11-15T00:19:53Z;INSDC_last_update:2022-11-15T00:19:53Z;INSDC_status:public;Submitter_Id:WT-CK2;common_name:foxtail_millet;sample_name:WT-CK2
PRJEB54684	ERR9941188	SAMEA110348275	NA	NA	NA	NA	WT-CK3	NA	ENA-CHECKLIST:ERC000011;ENA-FIRST-PUBLIC:2022-11-15;ENA-LAST-UPDATE:2022-11-15;External_Id:SAMEA110348275;INSDC_center_alias:CHINESE_ACADEMY_OF_AGRICULTURAL_SCIENCE;INSDC_center_name:CHINESE_ACADEMY_OF_AGRICULTURAL_SCIENCE;INSDC_first_public:2022-11-15T00:19:53Z;INSDC_last_update:2022-11-15T00:19:53Z;INSDC_status:public;Submitter_Id:WT-CK3;common_name:foxtail_millet;sample_name:WT-CK3
PRJEB54684	ERR9941189	SAMEA110348276	NA	NA	NA	NA	Dpy1-ck1	NA	ENA-CHECKLIST:ERC000011;ENA-FIRST-PUBLIC:2022-11-15;ENA-LAST-UPDATE:2022-11-15;External_Id:SAMEA110348276;INSDC_center_alias:CHINESE_ACADEMY_OF_AGRICULTURAL_SCIENCE;INSDC_center_name:CHINESE_ACADEMY_OF_AGRICULTURAL_SCIENCE;INSDC_first_public:2022-11-15T00:19:53Z;INSDC_last_update:2022-11-15T00:19:53Z;INSDC_status:public;Submitter_Id:Dpy1-ck1;common_name:foxtail_millet;sample_name:Dpy1-ck1
PRJEB54684	ERR9941190	SAMEA110348277	NA	NA	NA	NA	Dpy1-ck2	NA	ENA-CHECKLIST:ERC000011;ENA-FIRST-PUBLIC:2022-11-15;ENA-LAST-UPDATE:2022-11-15;External_Id:SAMEA110348277;INSDC_center_alias:CHINESE_ACADEMY_OF_AGRICULTURAL_SCIENCE;INSDC_center_name:CHINESE_ACADEMY_OF_AGRICULTURAL_SCIENCE;INSDC_first_public:2022-11-15T00:19:53Z;INSDC_last_update:2022-11-15T00:19:53Z;INSDC_status:public;Submitter_Id:Dpy1-ck2;common_name:foxtail_millet;sample_name:Dpy1-ck2
PRJEB54684	ERR9941191	SAMEA110348278	NA	NA	NA	NA	Dpy1-ck3	NA	ENA-CHECKLIST:ERC000011;ENA-FIRST-PUBLIC:2022-11-15;ENA-LAST-UPDATE:2022-11-15;External_Id:SAMEA110348278;INSDC_center_alias:CHINESE_ACADEMY_OF_AGRICULTURAL_SCIENCE;INSDC_center_name:CHINESE_ACADEMY_OF_AGRICULTURAL_SCIENCE;INSDC_first_public:2022-11-15T00:19:53Z;INSDC_last_update:2022-11-15T00:19:53Z;INSDC_status:public;Submitter_Id:Dpy1-ck3;common_name:foxtail_millet;sample_name:Dpy1-ck3
PRJEB54684	ERR9941192	SAMEA110348279	NA	NA	NA	NA	Ds8-ck1	NA	ENA-CHECKLIST:ERC000011;ENA-FIRST-PUBLIC:2022-11-15;ENA-LAST-UPDATE:2022-11-15;External_Id:SAMEA110348279;INSDC_center_alias:CHINESE_ACADEMY_OF_AGRICULTURAL_SCIENCE;INSDC_center_name:CHINESE_ACADEMY_OF_AGRICULTURAL_SCIENCE;INSDC_first_public:2022-11-15T00:19:53Z;INSDC_last_update:2022-11-15T00:19:53Z;INSDC_status:public;Submitter_Id:Ds8-ck1;common_name:foxtail_millet;sample_name:Ds8-ck1
PRJEB54684	ERR9941193	SAMEA110348280	NA	NA	NA	NA	Ds8-ck2	NA	ENA-CHECKLIST:ERC000011;ENA-FIRST-PUBLIC:2022-11-15;ENA-LAST-UPDATE:2022-11-15;External_Id:SAMEA110348280;INSDC_center_alias:CHINESE_ACADEMY_OF_AGRICULTURAL_SCIENCE;INSDC_center_name:CHINESE_ACADEMY_OF_AGRICULTURAL_SCIENCE;INSDC_first_public:2022-11-15T00:19:53Z;INSDC_last_update:2022-11-15T00:19:53Z;INSDC_status:public;Submitter_Id:Ds8-ck2;common_name:foxtail_millet;sample_name:Ds8-ck2
PRJEB54684	ERR9941194	SAMEA110348281	NA	NA	NA	NA	Ds8-ck3	NA	ENA-CHECKLIST:ERC000011;ENA-FIRST-PUBLIC:2022-11-15;ENA-LAST-UPDATE:2022-11-15;External_Id:SAMEA110348281;INSDC_center_alias:CHINESE_ACADEMY_OF_AGRICULTURAL_SCIENCE;INSDC_center_name:CHINESE_ACADEMY_OF_AGRICULTURAL_SCIENCE;INSDC_first_public:2022-11-15T00:19:53Z;INSDC_last_update:2022-11-15T00:19:53Z;INSDC_status:public;Submitter_Id:Ds8-ck3;common_name:foxtail_millet;sample_name:Ds8-ck3
PRJEB54684	ERR9941195	SAMEA110348282	NA	NA	NA	NA	WT-drought1	NA	ENA-CHECKLIST:ERC000011;ENA-FIRST-PUBLIC:2022-11-15;ENA-LAST-UPDATE:2022-11-15;External_Id:SAMEA110348282;INSDC_center_alias:CHINESE_ACADEMY_OF_AGRICULTURAL_SCIENCE;INSDC_center_name:CHINESE_ACADEMY_OF_AGRICULTURAL_SCIENCE;INSDC_first_public:2022-11-15T00:19:53Z;INSDC_last_update:2022-11-15T00:19:53Z;INSDC_status:public;Submitter_Id:WT-drought1;common_name:foxtail_millet;sample_name:WT-drought1
PRJEB54684	ERR9941196	SAMEA110348283	NA	NA	NA	NA	WT-drought2	NA	ENA-CHECKLIST:ERC000011;ENA-FIRST-PUBLIC:2022-11-15;ENA-LAST-UPDATE:2022-11-15;External_Id:SAMEA110348283;INSDC_center_alias:CHINESE_ACADEMY_OF_AGRICULTURAL_SCIENCE;INSDC_center_name:CHINESE_ACADEMY_OF_AGRICULTURAL_SCIENCE;INSDC_first_public:2022-11-15T00:19:53Z;INSDC_last_update:2022-11-15T00:19:53Z;INSDC_status:public;Submitter_Id:WT-drought2;common_name:foxtail_millet;sample_name:WT-drought2
PRJEB54684	ERR9941197	SAMEA110348284	NA	NA	NA	NA	WT-drought3	NA	ENA-CHECKLIST:ERC000011;ENA-FIRST-PUBLIC:2022-11-15;ENA-LAST-UPDATE:2022-11-15;External_Id:SAMEA110348284;INSDC_center_alias:CHINESE_ACADEMY_OF_AGRICULTURAL_SCIENCE;INSDC_center_name:CHINESE_ACADEMY_OF_AGRICULTURAL_SCIENCE;INSDC_first_public:2022-11-15T00:19:53Z;INSDC_last_update:2022-11-15T00:19:53Z;INSDC_status:public;Submitter_Id:WT-drought3;common_name:foxtail_millet;sample_name:WT-drought3
PRJEB54684	ERR9941198	SAMEA110348285	NA	NA	NA	NA	Dpy1-drought1	NA	ENA-CHECKLIST:ERC000011;ENA-FIRST-PUBLIC:2022-11-15;ENA-LAST-UPDATE:2022-11-15;External_Id:SAMEA110348285;INSDC_center_alias:CHINESE_ACADEMY_OF_AGRICULTURAL_SCIENCE;INSDC_center_name:CHINESE_ACADEMY_OF_AGRICULTURAL_SCIENCE;INSDC_first_public:2022-11-15T00:19:53Z;INSDC_last_update:2022-11-15T00:19:53Z;INSDC_status:public;Submitter_Id:Dpy1-drought1;common_name:foxtail_millet;sample_name:Dpy1-drought1
PRJEB54684	ERR9941199	SAMEA110348286	NA	NA	NA	NA	Dpy1-drought2	NA	ENA-CHECKLIST:ERC000011;ENA-FIRST-PUBLIC:2022-11-15;ENA-LAST-UPDATE:2022-11-15;External_Id:SAMEA110348286;INSDC_center_alias:CHINESE_ACADEMY_OF_AGRICULTURAL_SCIENCE;INSDC_center_name:CHINESE_ACADEMY_OF_AGRICULTURAL_SCIENCE;INSDC_first_public:2022-11-15T00:19:53Z;INSDC_last_update:2022-11-15T00:19:53Z;INSDC_status:public;Submitter_Id:Dpy1-drought2;common_name:foxtail_millet;sample_name:Dpy1-drought2
PRJEB54684	ERR9941200	SAMEA110348287	NA	NA	NA	NA	Dpy1-drought3	NA	ENA-CHECKLIST:ERC000011;ENA-FIRST-PUBLIC:2022-11-15;ENA-LAST-UPDATE:2022-11-15;External_Id:SAMEA110348287;INSDC_center_alias:CHINESE_ACADEMY_OF_AGRICULTURAL_SCIENCE;INSDC_center_name:CHINESE_ACADEMY_OF_AGRICULTURAL_SCIENCE;INSDC_first_public:2022-11-15T00:19:53Z;INSDC_last_update:2022-11-15T00:19:53Z;INSDC_status:public;Submitter_Id:Dpy1-drought3;common_name:foxtail_millet;sample_name:Dpy1-drought3
PRJEB54684	ERR9941201	SAMEA110348288	NA	NA	NA	NA	Ds8-drought1	NA	ENA-CHECKLIST:ERC000011;ENA-FIRST-PUBLIC:2022-11-15;ENA-LAST-UPDATE:2022-11-15;External_Id:SAMEA110348288;INSDC_center_alias:CHINESE_ACADEMY_OF_AGRICULTURAL_SCIENCE;INSDC_center_name:CHINESE_ACADEMY_OF_AGRICULTURAL_SCIENCE;INSDC_first_public:2022-11-15T00:19:53Z;INSDC_last_update:2022-11-15T00:19:53Z;INSDC_status:public;Submitter_Id:Ds8-drought1;common_name:foxtail_millet;sample_name:Ds8-drought1
PRJEB54684	ERR9941202	SAMEA110348289	NA	NA	NA	NA	Ds8-drought2	NA	ENA-CHECKLIST:ERC000011;ENA-FIRST-PUBLIC:2022-11-15;ENA-LAST-UPDATE:2022-11-15;External_Id:SAMEA110348289;INSDC_center_alias:CHINESE_ACADEMY_OF_AGRICULTURAL_SCIENCE;INSDC_center_name:CHINESE_ACADEMY_OF_AGRICULTURAL_SCIENCE;INSDC_first_public:2022-11-15T00:19:53Z;INSDC_last_update:2022-11-15T00:19:53Z;INSDC_status:public;Submitter_Id:Ds8-drought2;common_name:foxtail_millet;sample_name:Ds8-drought2
PRJEB54684	ERR9941203	SAMEA110348290	NA	NA	NA	NA	Ds8-drought3	NA	ENA-CHECKLIST:ERC000011;ENA-FIRST-PUBLIC:2022-11-15;ENA-LAST-UPDATE:2022-11-15;External_Id:SAMEA110348290;INSDC_center_alias:CHINESE_ACADEMY_OF_AGRICULTURAL_SCIENCE;INSDC_center_name:CHINESE_ACADEMY_OF_AGRICULTURAL_SCIENCE;INSDC_first_public:2022-11-15T00:19:53Z;INSDC_last_update:2022-11-15T00:19:53Z;INSDC_status:public;Submitter_Id:Ds8-drought3;common_name:foxtail_millet;sample_name:Ds8-drought3
PRJNA587050	SRR10382497	SAMN13175508	NA	root	NA	Yugu1	yugu_1	NA	cultivar:Yugu-1;age:8-day-old;geo_loc_name:missing;tissue:root
PRJNA587050	SRR10382498	SAMN13175508	NA	root	NA	Yugu1	yugu_1	NA	cultivar:Yugu-1;age:8-day-old;geo_loc_name:missing;tissue:root
PRJNA587050	SRR10382499	SAMN13175508	NA	root	NA	Yugu1	yugu_1	NA	cultivar:Yugu-1;age:8-day-old;geo_loc_name:missing;tissue:root
PRJNA587050	SRR10382500	SAMN13175508	NA	root	NA	Yugu1	yugu_1	NA	cultivar:Yugu-1;age:8-day-old;geo_loc_name:missing;tissue:root
PRJNA587050	SRR10382501	SAMN13175508	NA	root	NA	Yugu1	yugu_1	NA	cultivar:Yugu-1;age:8-day-old;geo_loc_name:missing;tissue:root
PRJNA587050	SRR10382502	SAMN13175508	NA	root	NA	Yugu1	yugu_1	NA	cultivar:Yugu-1;age:8-day-old;geo_loc_name:missing;tissue:root
PRJNA601233	SRR10894722	SAMN13863845	NA	leaf	NA	NA	DHA-3	NA	cultivar:biological_replicate_3;dev_stage:drought_+HA_treatment;geo_loc_name:China:Shanxi_College_of_Agriculture__Shanxi_Agricultural_University;tissue:leaf_blade
PRJNA601233	SRR10894723	SAMN13863844	NA	leaf	NA	NA	DHA-2	NA	cultivar:biological_replicate_2;dev_stage:drought_+HA_treatment;geo_loc_name:China:Shanxi_College_of_Agriculture__Shanxi_Agricultural_University;tissue:leaf_blade
PRJNA601233	SRR10894724	SAMN13863843	NA	leaf	NA	NA	DHA-1	NA	cultivar:biological_replicate_1;dev_stage:drought_+HA_treatment;geo_loc_name:China:Shanxi_College_of_Agriculture__Shanxi_Agricultural_University;tissue:leaf_blade
PRJNA601233	SRR10894725	SAMN13863842	NA	leaf	NA	NA	D-3	NA	cultivar:biological_replicate_3;dev_stage:drought_treatment;geo_loc_name:China:Shanxi_College_of_Agriculture__Shanxi_Agricultural_University;tissue:leaf_blade
PRJNA601233	SRR10894726	SAMN13863841	NA	leaf	NA	NA	D-2	NA	cultivar:biological_replicate_2;dev_stage:drought_treatment;geo_loc_name:China:Shanxi_College_of_Agriculture__Shanxi_Agricultural_University;tissue:leaf_blade
PRJNA601233	SRR10894727	SAMN13863840	NA	leaf	NA	NA	D-1	NA	cultivar:biological_replicate_1;dev_stage:drought_treatment;geo_loc_name:China:Shanxi_College_of_Agriculture__Shanxi_Agricultural_University;tissue:leaf_blade
PRJNA601233	SRR10894728	SAMN13863839	NA	leaf	NA	NA	CK-3	NA	cultivar:biological_replicate_3;dev_stage:normal_control;geo_loc_name:China:Shanxi_College_of_Agriculture__Shanxi_Agricultural_University;tissue:leaf_blade
PRJNA601233	SRR10894729	SAMN13863838	NA	leaf	NA	NA	CK-2	NA	cultivar:biological_replicate_2;dev_stage:normal_control;geo_loc_name:China:Shanxi_College_of_Agriculture__Shanxi_Agricultural_University;tissue:leaf_blade
PRJNA601233	SRR10894730	SAMN13863837	NA	leaf	NA	NA	CK-1	NA	cultivar:biological_replicate_1;dev_stage:normal_control;geo_loc_name:China:Shanxi_College_of_Agriculture__Shanxi_Agricultural_University;tissue:leaf_blade
PRJNA590609	SRR11235105	SAMN13335988	water	leaf	NA	5058	water_treated_48_h_of_sensitive_cultivars_repeat_1	NA	cultivar:5058;age:15days;geo_loc_name:China:Anyang;tissue:leaf;biomaterial_provider:Anyang_Academy_of_Agriculture_Sciences;treatment:water_treated
PRJNA590609	SRR11235106	SAMN13335987	water	leaf	NA	Yugu 18	water_treated_48_h_of_resistant_cultivars_repeat_1	NA	cultivar:Yugu_18;age:15days;geo_loc_name:China:Anyang;tissue:leaf;biomaterial_provider:Anyang_Academy_of_Agriculture_Sciences;treatment:water_treated
PRJNA590609	SRR11235107	SAMN13335987	water	leaf	NA	Yugu 18	water_treated_48_h_of_resistant_cultivars_repeat_1	NA	cultivar:Yugu_18;age:15days;geo_loc_name:China:Anyang;tissue:leaf;biomaterial_provider:Anyang_Academy_of_Agriculture_Sciences;treatment:water_treated
PRJNA590609	SRR11235108	SAMN13335987	water	leaf	NA	Yugu 18	water_treated_48_h_of_resistant_cultivars_repeat_1	NA	cultivar:Yugu_18;age:15days;geo_loc_name:China:Anyang;tissue:leaf;biomaterial_provider:Anyang_Academy_of_Agriculture_Sciences;treatment:water_treated
PRJNA590609	SRR11235109	SAMN13335986	herbicide	leaf	NA	5058	herbicide_treated_48_h_of_sensitive_cultivars_repeat_1	NA	cultivar:5058;age:15days;geo_loc_name:China:Anyang;tissue:leaf;biomaterial_provider:Anyang_Academy_of_Agriculture_Sciences;treatment:herbicide_treated
PRJNA590609	SRR11235110	SAMN13335986	herbicide	leaf	NA	5058	herbicide_treated_48_h_of_sensitive_cultivars_repeat_1	NA	cultivar:5058;age:15days;geo_loc_name:China:Anyang;tissue:leaf;biomaterial_provider:Anyang_Academy_of_Agriculture_Sciences;treatment:herbicide_treated
PRJNA590609	SRR11235111	SAMN13335986	herbicide	leaf	NA	5058	herbicide_treated_48_h_of_sensitive_cultivars_repeat_1	NA	cultivar:5058;age:15days;geo_loc_name:China:Anyang;tissue:leaf;biomaterial_provider:Anyang_Academy_of_Agriculture_Sciences;treatment:herbicide_treated
PRJNA590609	SRR11235112	SAMN13335985	herbicide	leaf	NA	Yugu 18	herbicide_treated_48_h_of_resistant_cultivars_repeat_1	NA	cultivar:Yugu_18;age:15days;geo_loc_name:China:Anyang;tissue:leaf;biomaterial_provider:Anyang_Academy_of_Agriculture_Sciences;treatment:herbicide_treated
PRJNA590609	SRR11235113	SAMN13335990	control	leaf	NA	5058	treated_0_h_of_sensitive_cultivars_repeat_1	NA	cultivar:5058;age:15days;geo_loc_name:China:Anyang;tissue:leaf;biomaterial_provider:Anyang_Academy_of_Agriculture_Sciences;treatment:untreated
PRJNA590609	SRR11235114	SAMN13335990	control	leaf	NA	5058	treated_0_h_of_sensitive_cultivars_repeat_1	NA	cultivar:5058;age:15days;geo_loc_name:China:Anyang;tissue:leaf;biomaterial_provider:Anyang_Academy_of_Agriculture_Sciences;treatment:untreated
PRJNA590609	SRR11235115	SAMN13335990	control	leaf	NA	5058	treated_0_h_of_sensitive_cultivars_repeat_1	NA	cultivar:5058;age:15days;geo_loc_name:China:Anyang;tissue:leaf;biomaterial_provider:Anyang_Academy_of_Agriculture_Sciences;treatment:untreated
PRJNA590609	SRR11235116	SAMN13335989	control	leaf	NA	Yugu 18	treated_0_h_of_resistant_cultivars_repeat_1	NA	cultivar:Yugu_18;age:15days;geo_loc_name:China:Anyang;tissue:leaf;biomaterial_provider:Anyang_Academy_of_Agriculture_Sciences;treatment:untreated
PRJNA590609	SRR11235117	SAMN13335989	control	leaf	NA	Yugu 18	treated_0_h_of_resistant_cultivars_repeat_1	NA	cultivar:Yugu_18;age:15days;geo_loc_name:China:Anyang;tissue:leaf;biomaterial_provider:Anyang_Academy_of_Agriculture_Sciences;treatment:untreated
PRJNA590609	SRR11235118	SAMN13335989	control	leaf	NA	Yugu 18	treated_0_h_of_resistant_cultivars_repeat_1	NA	cultivar:Yugu_18;age:15days;geo_loc_name:China:Anyang;tissue:leaf;biomaterial_provider:Anyang_Academy_of_Agriculture_Sciences;treatment:untreated
PRJNA590609	SRR11235119	SAMN13335988	water	leaf	NA	5058	water_treated_48_h_of_sensitive_cultivars_repeat_1	NA	cultivar:5058;age:15days;geo_loc_name:China:Anyang;tissue:leaf;biomaterial_provider:Anyang_Academy_of_Agriculture_Sciences;treatment:water_treated
PRJNA590609	SRR11235120	SAMN13335988	water	leaf	NA	5058	water_treated_48_h_of_sensitive_cultivars_repeat_1	NA	cultivar:5058;age:15days;geo_loc_name:China:Anyang;tissue:leaf;biomaterial_provider:Anyang_Academy_of_Agriculture_Sciences;treatment:water_treated
PRJNA590609	SRR11235121	SAMN13335985	herbicide	leaf	NA	Yugu 18	herbicide_treated_48_h_of_resistant_cultivars_repeat_1	NA	cultivar:Yugu_18;age:15days;geo_loc_name:China:Anyang;tissue:leaf;biomaterial_provider:Anyang_Academy_of_Agriculture_Sciences;treatment:herbicide_treated
PRJNA590609	SRR11235122	SAMN13335985	herbicide	leaf	NA	Yugu 18	herbicide_treated_48_h_of_resistant_cultivars_repeat_1	NA	cultivar:Yugu_18;age:15days;geo_loc_name:China:Anyang;tissue:leaf;biomaterial_provider:Anyang_Academy_of_Agriculture_Sciences;treatment:herbicide_treated
PRJNA616061	SRR11442838	SAMN14480633	NA	leaf	NA	Yugu1	setaria22	NA	cultivar:Yugu1;dev_stage:fully_expanded_third_leaves;geo_loc_name:China;tissue:leaves;treatment:66_hour;Platform:ILLUMINA_HiSeq_2500
PRJNA616061	SRR11442839	SAMN14480632	NA	leaf	NA	Yugu1	setaria21	NA	cultivar:Yugu1;dev_stage:fully_expanded_third_leaves;geo_loc_name:China;tissue:leaves;treatment:63_hour;Platform:ILLUMINA_HiSeq_2500
PRJNA616061	SRR11442840	SAMN14480631	NA	leaf	NA	Yugu1	setaria20	NA	cultivar:Yugu1;dev_stage:fully_expanded_third_leaves;geo_loc_name:China;tissue:leaves;treatment:60_hour;Platform:ILLUMINA_HiSeq_2500
PRJNA616061	SRR11442841	SAMN14480630	NA	leaf	NA	Yugu1	setaria19	NA	cultivar:Yugu1;dev_stage:fully_expanded_third_leaves;geo_loc_name:China;tissue:leaves;treatment:57_hour;Platform:ILLUMINA_HiSeq_2500
PRJNA616061	SRR11442842	SAMN14480629	NA	leaf	NA	Yugu1	setaria18	NA	cultivar:Yugu1;dev_stage:fully_expanded_third_leaves;geo_loc_name:China;tissue:leaves;treatment:54_hour;Platform:ILLUMINA_HiSeq_2500
PRJNA616061	SRR11442843	SAMN14480628	NA	leaf	NA	Yugu1	setaria17	NA	cultivar:Yugu1;dev_stage:fully_expanded_third_leaves;geo_loc_name:China;tissue:leaves;treatment:51_hour;Platform:ILLUMINA_HiSeq_2500
PRJNA616061	SRR11442844	SAMN14480627	NA	leaf	NA	Yugu1	setaria16	NA	cultivar:Yugu1;dev_stage:fully_expanded_third_leaves;geo_loc_name:China;tissue:leaves;treatment:48_hour;Platform:ILLUMINA_HiSeq_2500
PRJNA616061	SRR11442845	SAMN14480626	NA	leaf	NA	Yugu1	setaria15	NA	cultivar:Yugu1;dev_stage:fully_expanded_third_leaves;geo_loc_name:China;tissue:leaves;treatment:45_hour;Platform:ILLUMINA_HiSeq_2500
PRJNA616061	SRR11442846	SAMN14480625	NA	leaf	NA	Yugu1	setaria14	NA	cultivar:Yugu1;dev_stage:fully_expanded_third_leaves;geo_loc_name:China;tissue:leaves;treatment:42_hour;Platform:ILLUMINA_HiSeq_2500
PRJNA616061	SRR11442847	SAMN14480624	NA	leaf	NA	Yugu1	setaria13	NA	cultivar:Yugu1;dev_stage:fully_expanded_third_leaves;geo_loc_name:China;tissue:leaves;treatment:39_hour;Platform:ILLUMINA_HiSeq_2500
PRJNA616061	SRR11442849	SAMN14480623	NA	leaf	NA	Yugu1	setaria12	NA	cultivar:Yugu1;dev_stage:fully_expanded_third_leaves;geo_loc_name:China;tissue:leaves;treatment:36_hour;Platform:ILLUMINA_HiSeq_2500
PRJNA616061	SRR11442850	SAMN14480622	NA	leaf	NA	Yugu1	setaria11	NA	cultivar:Yugu1;dev_stage:fully_expanded_third_leaves;geo_loc_name:China;tissue:leaves;treatment:33_hour;Platform:ILLUMINA_HiSeq_2500
PRJNA616061	SRR11442851	SAMN14480621	NA	leaf	NA	Yugu1	setaria10	NA	cultivar:Yugu1;dev_stage:fully_expanded_third_leaves;geo_loc_name:China;tissue:leaves;treatment:30_hour;Platform:ILLUMINA_HiSeq_2500
PRJNA616061	SRR11442852	SAMN14480620	NA	leaf	NA	Yugu1	setaria9	NA	cultivar:Yugu1;dev_stage:fully_expanded_third_leaves;geo_loc_name:China;tissue:leaves;treatment:27_hour;Platform:ILLUMINA_HiSeq_2500
PRJNA616061	SRR11442853	SAMN14480619	NA	leaf	NA	Yugu1	setaria8	NA	cultivar:Yugu1;dev_stage:fully_expanded_third_leaves;geo_loc_name:China;tissue:leaves;treatment:24_hour;Platform:ILLUMINA_HiSeq_2500
PRJNA616061	SRR11442854	SAMN14480618	NA	leaf	NA	Yugu1	setaria7	NA	cultivar:Yugu1;dev_stage:fully_expanded_third_leaves;geo_loc_name:China;tissue:leaves;treatment:21_hour;Platform:ILLUMINA_HiSeq_2500
PRJNA616061	SRR11442855	SAMN14480617	NA	leaf	NA	Yugu1	setaria6	NA	cultivar:Yugu1;dev_stage:fully_expanded_third_leaves;geo_loc_name:China;tissue:leaves;treatment:18_hour;Platform:ILLUMINA_HiSeq_2500
PRJNA616061	SRR11442856	SAMN14480616	NA	leaf	NA	Yugu1	setaria5	NA	cultivar:Yugu1;dev_stage:fully_expanded_third_leaves;geo_loc_name:China;tissue:leaves;treatment:15_hour;Platform:ILLUMINA_HiSeq_2500
PRJNA616061	SRR11442857	SAMN14480615	NA	leaf	NA	Yugu1	setaria4	NA	cultivar:Yugu1;dev_stage:fully_expanded_third_leaves;geo_loc_name:China;tissue:leaves;treatment:12_hour;Platform:ILLUMINA_HiSeq_2500
PRJNA616061	SRR11442858	SAMN14480614	NA	leaf	NA	Yugu1	setaria3	NA	cultivar:Yugu1;dev_stage:fully_expanded_third_leaves;geo_loc_name:China;tissue:leaves;treatment:9_hour;Platform:ILLUMINA_HiSeq_2500
PRJNA616061	SRR11442860	SAMN14480613	NA	leaf	NA	Yugu1	setaria2	NA	cultivar:Yugu1;dev_stage:fully_expanded_third_leaves;geo_loc_name:China;tissue:leaves;treatment:6_hour;Platform:ILLUMINA_HiSeq_2500
PRJNA616061	SRR11442861	SAMN14480612	NA	leaf	NA	Yugu1	setaria1	NA	cultivar:Yugu1;dev_stage:fully_expanded_third_leaves;geo_loc_name:China;tissue:leaves;treatment:3_hour;Platform:ILLUMINA_HiSeq_2500
PRJNA616061	SRR11442871	SAMN14480635	NA	leaf	NA	Yugu1	setaria24	NA	cultivar:Yugu1;dev_stage:fully_expanded_third_leaves;geo_loc_name:China;tissue:leaves;treatment:72_hour;Platform:ILLUMINA_HiSeq_2501
PRJNA616061	SRR11442872	SAMN14480634	NA	leaf	NA	Yugu1	setaria23	NA	cultivar:Yugu1;dev_stage:fully_expanded_third_leaves;geo_loc_name:China;tissue:leaves;treatment:69_hour;Platform:ILLUMINA_HiSeq_2500
PRJNA622604	SRR11472829	SAMN14523726	NA	l1 tiller buds	12 days	Yugu1	Setaria_italic_Sita12-1	NA	sample_title1:Si12-1_R1.fastq.gz;sample_title2:Si12-1_R2.fastq.gz;cultivar:Setaria_italic_Yugu1;dev_stage:12_days_after_planting;geo_loc_name:USA:Utah;tissue:L1_tiller_buds;genotype:wildtype
PRJNA622604	SRR11472830	SAMN14523725	NA	l1 tiller buds	14 days	NA	Setaria_viridis_Svir14-3	NA	sample_title1:Sv14-3_R1.fastq.gz;sample_title2:Sv14-3_R2.fastq.gz;ecotype:Setaria_viridis;dev_stage:14_days_after_planting;geo_loc_name:USA:Utah;tissue:L1_tiller_buds;genotype:wildtype
PRJNA622604	SRR11472831	SAMN14523724	NA	l1 tiller buds	14 days	NA	Setaria_viridis_Svir14-2	NA	sample_title1:Sv14-2_R1.fastq.gz;sample_title2:Sv14-2_R2.fastq.gz;ecotype:Setaria_viridis;dev_stage:14_days_after_planting;geo_loc_name:USA:Utah;tissue:L1_tiller_buds;genotype:wildtype
PRJNA622604	SRR11472832	SAMN14523723	NA	l1 tiller buds	14 days	NA	Setaria_viridis_Svir14-1	NA	sample_title1:Sv14-1_R1.fastq.gz;sample_title2:Sv14-1_R2.fastq.gz;ecotype:Setaria_viridis;dev_stage:14_days_after_planting;geo_loc_name:USA:Utah;tissue:L1_tiller_buds;genotype:wildtype
PRJNA622604	SRR11472833	SAMN14523722	NA	l1 tiller buds	12 days	NA	Setaria_viridis_Svir12-3	NA	sample_title1:Sv12-3_R1.fastq.gz;sample_title2:Sv12-3_R2.fastq.gz;ecotype:Setaria_viridis;dev_stage:12_days_after_planting;geo_loc_name:USA:Utah;tissue:L1_tiller_buds;genotype:wildtype
PRJNA622604	SRR11472834	SAMN14523721	NA	l1 tiller buds	12 days	NA	Setaria_viridis_Svir12-2	NA	sample_title1:Sv12-2_R1.fastq.gz;sample_title2:Sv12-2_R2.fastq.gz;ecotype:Setaria_viridis;dev_stage:12_days_after_planting;geo_loc_name:USA:Utah;tissue:L1_tiller_buds;genotype:wildtype
PRJNA622604	SRR11472835	SAMN14523720	NA	l1 tiller buds	12 days	NA	Setaria_viridis_Svir12-1	NA	sample_title1:Sv12-1_R1.fastq.gz;sample_title2:Sv12-1_R2.fastq.gz;ecotype:Setaria_viridis;dev_stage:12_days_after_planting;geo_loc_name:USA:Utah;tissue:L1_tiller_buds;genotype:wildtype
PRJNA622604	SRR11472836	SAMN14523719	NA	l1 tiller buds	10 days	NA	Setaria_viridis_Svir10-3	NA	sample_title1:Sv10-3_R1.fastq.gz;sample_title2:Sv10-3_R2.fastq.gz;ecotype:Setaria_viridis;dev_stage:10_days_after_planting;geo_loc_name:USA:Utah;tissue:L1_tiller_buds;genotype:wildtype
PRJNA622604	SRR11472837	SAMN14523734	NA	l1 tiller buds	16 days	Yugu1	Setaria_italic_Sita16-3	NA	sample_title1:Si16-3_R1.fastq.gz;sample_title2:Si16-3_R2.fastq.gz;cultivar:Setaria_italic_Yugu1;dev_stage:16_days_after_planting;geo_loc_name:USA:Utah;tissue:L1_tiller_buds;genotype:wildtype
PRJNA622604	SRR11472838	SAMN14523733	NA	l1 tiller buds	16 days	Yugu1	Setaria_italic_Sita16-2	NA	sample_title1:Si16-2_R1.fastq.gz;sample_title2:Si16-2_R2.fastq.gz;cultivar:Setaria_italic_Yugu1;dev_stage:16_days_after_planting;geo_loc_name:USA:Utah;tissue:L1_tiller_buds;genotype:wildtype
PRJNA622604	SRR11472839	SAMN14523732	NA	l1 tiller buds	16 days	Yugu1	Setaria_italic_Sita16-1	NA	sample_title1:Si16-1_R1.fastq.gz;sample_title2:Si16-1_R2.fastq.gz;cultivar:Setaria_italic_Yugu1;dev_stage:16_days_after_planting;geo_loc_name:USA:Utah;tissue:L1_tiller_buds;genotype:wildtype
PRJNA622604	SRR11472840	SAMN14523731	NA	l1 tiller buds	14 days	Yugu1	Setaria_italic_Sita14-3	NA	sample_title1:Si14-3_R1.fastq.gz;sample_title2:Si14-3_R2.fastq.gz;cultivar:Setaria_italic_Yugu1;dev_stage:14_days_after_planting;geo_loc_name:USA:Utah;tissue:L1_tiller_buds;genotype:wildtype
PRJNA622604	SRR11472841	SAMN14523730	NA	l1 tiller buds	14 days	Yugu1	Setaria_italic_Sita14-2	NA	sample_title1:Si14-2_R1.fastq.gz;sample_title2:Si14-2_R2.fastq.gz;cultivar:Setaria_italic_Yugu1;dev_stage:14_days_after_planting;geo_loc_name:USA:Utah;tissue:L1_tiller_buds;genotype:wildtype
PRJNA622604	SRR11472842	SAMN14523729	NA	l1 tiller buds	14 days	Yugu1	Setaria_italic_Sita14-1	NA	sample_title1:Si14-1_R1.fastq.gz;sample_title2:Si14-1_R2.fastq.gz;cultivar:Setaria_italic_Yugu1;dev_stage:14_days_after_planting;geo_loc_name:USA:Utah;tissue:L1_tiller_buds;genotype:wildtype
PRJNA622604	SRR11472843	SAMN14523728	NA	l1 tiller buds	12 days	Yugu1	Setaria_italic_Sita12-3	NA	sample_title1:Si12-3_R1.fastq.gz;sample_title2:Si12-3_R2.fastq.gz;cultivar:Setaria_italic_Yugu1;dev_stage:12_days_after_planting;geo_loc_name:USA:Utah;tissue:L1_tiller_buds;genotype:wildtype
PRJNA622604	SRR11472844	SAMN14523727	NA	l1 tiller buds	12 days	Yugu1	Setaria_italic_Sita12-2	NA	sample_title1:Si12-2_R1.fastq.gz;sample_title2:Si12-2_R2.fastq.gz;cultivar:Setaria_italic_Yugu1;dev_stage:12_days_after_planting;geo_loc_name:USA:Utah;tissue:L1_tiller_buds;genotype:wildtype
PRJNA622604	SRR11472845	SAMN14523718	NA	l1 tiller buds	10 days	NA	Setaria_viridis_Svir10-2	NA	sample_title1:Sv10-2_R1.fastq.gz;sample_title2:Sv10-2_R2.fastq.gz;ecotype:Setaria_viridis;dev_stage:10_days_after_planting;geo_loc_name:USA:Utah;tissue:L1_tiller_buds;genotype:wildtype
PRJNA622604	SRR11472846	SAMN14523717	NA	l1 tiller buds	10 days	NA	Setaria_viridis_Svir10-1	NA	sample_title1:Sv10-1_R1.fastq.gz;sample_title2:Sv10-1_R2.fastq.gz;ecotype:Setaria_viridis;dev_stage:10_days_after_planting;geo_loc_name:USA:Utah;tissue:L1_tiller_buds;genotype:wildtype
PRJNA625633	SRR11551830	SAMN14589757	NA	flag leaf	NA	IC308972	SI_114_NNRp_N25_BR2.1	NA	cultivar:IC308972;age:15_days_post_anthesis_QR;geo_loc_name:India;tissue:Flag_Leaf_QR01
PRJNA625633	SRR11551831	SAMN14589755	NA	flag leaf	NA	IC308972	SI_114_NNRp_N25_BR1.1	NA	cultivar:IC308972;age:15_days_post_anthesis_MN;geo_loc_name:India;tissue:Flag_Leaf_MN01
PRJNA625633	SRR11551832	SAMN14589753	NA	flag leaf	NA	IC308972	SI_114_NNRp_N100_BR3.1	NA	cultivar:IC308972;age:15_days_post_anthesis_IJ;geo_loc_name:India;tissue:Flag_Leaf_IJ01
PRJNA625633	SRR11551833	SAMN14589771	NA	flag leaf	NA	GS-455	SI_58_NRp_N25_BR3.1	NA	cultivar:GS-455;age:15_days_post_anthesis_EFGH;geo_loc_name:USA;tissue:Flag_Leaf_ABCD01
PRJNA625633	SRR11551834	SAMN14589769	NA	flag leaf	NA	GS-455	SI_58_NRp_N25_BR2.1	NA	cultivar:GS-455;age:15_days_post_anthesis_XYZ;geo_loc_name:USA;tissue:Flag_Leaf_UVW01
PRJNA625633	SRR11551835	SAMN14589751	NA	flag leaf	NA	IC308972	SI_114_NNRp_N100_BR2.1	NA	cultivar:IC308972;age:15_days_post_anthesis_EF;geo_loc_name:India;tissue:Flag_Leaf_EF01
PRJNA625633	SRR11551836	SAMN14589767	NA	flag leaf	NA	GS-455	SI_58_NRp_N25_BR1.1	NA	cultivar:GS-455;age:15_days_post_anthesis_RST;geo_loc_name:USA;tissue:Flag_Leaf_OPQ01
PRJNA625633	SRR11551837	SAMN14589765	NA	flag leaf	NA	GS-455	SI_58_NRp_N100_BR3.1	NA	cultivar:GS-455;age:15_days_post_anthesis_LMN;geo_loc_name:USA;tissue:Flag_Leaf_IJK01
PRJNA625633	SRR11551838	SAMN14589763	NA	flag leaf	NA	GS-455	SI_58_NRp_N100_BR2.1	NA	cultivar:GS-455;age:15_days_post_anthesis_DEF;geo_loc_name:USA;tissue:Flag_Leaf_DEF01
PRJNA625633	SRR11551839	SAMN14589761	NA	flag leaf	NA	GS-455	SI_58_NRp_N100_BR1.1	NA	cultivar:GS-455;age:15_days_post_anthesis_YZ;geo_loc_name:USA;tissue:Flag_Leaf_YZ01
PRJNA625633	SRR11551840	SAMN14589759	NA	flag leaf	NA	IC308972	SI_114_NNRp_N25_BR3.1	NA	cultivar:IC308972;age:15_days_post_anthesis_UV;geo_loc_name:India;tissue:Flag_Leaf_UV01
PRJNA625633	SRR11551841	SAMN14589749	NA	flag leaf	NA	IC308972	SI_114_NNRp_N100_BR1.1	NA	cultivar:IC308972;age:15_days_post_anthesis_AB;geo_loc_name:India;tissue:Flag_Leaf_AB01
PRJNA627317	SRR11621933	SAMN14667513	NA	root	2 weeks	Jigu20	root-wellwatered	NA	cultivar:Jigu20;dev_stage:two_weeks_seedings;geo_loc_name:China:Jinan;tissue:root;collection_date:2019-07-20
PRJNA627317	SRR11621934	SAMN14667512	NA	leaf	2 weeks	Jigu19	leaf-wellwatered	NA	cultivar:Jigu19;dev_stage:two_weeks_seedings;geo_loc_name:China:Jinan;tissue:leaf;collection_date:2019-07-20
PRJNA627317	SRR11621935	SAMN14667511	NA	root	2 weeks	Jigu18	root-rehydration	NA	cultivar:Jigu18;dev_stage:two_weeks_seedings;geo_loc_name:China:Jinan;tissue:root;collection_date:2019-07-20
PRJNA627317	SRR11621936	SAMN14667510	NA	leaf	2 weeks	Jigu17	leaf-rehydration	NA	cultivar:Jigu17;dev_stage:two_weeks_seedings;geo_loc_name:China:Jinan;tissue:leaf;collection_date:2019-07-20
PRJNA627317	SRR11621937	SAMN14667509	NA	root	2 weeks	Jigu16	root-drought	NA	cultivar:Jigu16;dev_stage:two_weeks_seedings;geo_loc_name:China:Jinan;tissue:root;collection_date:2019-07-20
PRJNA627317	SRR11621938	SAMN14667508	NA	leaf	2 weeks	Jigu16	leaf-drought	NA	cultivar:Jigu16;dev_stage:two_weeks_seedings;geo_loc_name:China:Jinan;tissue:leaf;collection_date:2019-07-20
PRJNA633007	SRR11802670	SAMN14930334	NA	spike	NA	Yugu 18	spike_of_Setaria_italica_at_different_grain_filling_stages	NA	cultivar:Yugu_18;dev_stage:DPA_7_14_21_28_35;geo_loc_name:China:Anyang;tissue:spike
PRJNA633007	SRR11802671	SAMN14930334	NA	spike	NA	Yugu 18	spike_of_Setaria_italica_at_different_grain_filling_stages	NA	cultivar:Yugu_18;dev_stage:DPA_7_14_21_28_35;geo_loc_name:China:Anyang;tissue:spike
PRJNA633007	SRR11802672	SAMN14930334	NA	spike	NA	Yugu 18	spike_of_Setaria_italica_at_different_grain_filling_stages	NA	cultivar:Yugu_18;dev_stage:DPA_7_14_21_28_35;geo_loc_name:China:Anyang;tissue:spike
PRJNA633007	SRR11802673	SAMN14930334	NA	spike	NA	Yugu 18	spike_of_Setaria_italica_at_different_grain_filling_stages	NA	cultivar:Yugu_18;dev_stage:DPA_7_14_21_28_35;geo_loc_name:China:Anyang;tissue:spike
PRJNA633007	SRR11802674	SAMN14930334	NA	spike	NA	Yugu 18	spike_of_Setaria_italica_at_different_grain_filling_stages	NA	cultivar:Yugu_18;dev_stage:DPA_7_14_21_28_35;geo_loc_name:China:Anyang;tissue:spike
PRJNA633007	SRR11802675	SAMN14930334	NA	spike	NA	Yugu 18	spike_of_Setaria_italica_at_different_grain_filling_stages	NA	cultivar:Yugu_18;dev_stage:DPA_7_14_21_28_35;geo_loc_name:China:Anyang;tissue:spike
PRJNA633007	SRR11802676	SAMN14930334	NA	spike	NA	Yugu 18	spike_of_Setaria_italica_at_different_grain_filling_stages	NA	cultivar:Yugu_18;dev_stage:DPA_7_14_21_28_35;geo_loc_name:China:Anyang;tissue:spike
PRJNA633007	SRR11802677	SAMN14930334	NA	spike	NA	Yugu 18	spike_of_Setaria_italica_at_different_grain_filling_stages	NA	cultivar:Yugu_18;dev_stage:DPA_7_14_21_28_35;geo_loc_name:China:Anyang;tissue:spike
PRJNA633007	SRR11802678	SAMN14930334	NA	spike	NA	Yugu 18	spike_of_Setaria_italica_at_different_grain_filling_stages	NA	cultivar:Yugu_18;dev_stage:DPA_7_14_21_28_35;geo_loc_name:China:Anyang;tissue:spike
PRJNA633007	SRR11802679	SAMN14930334	NA	spike	NA	Yugu 18	spike_of_Setaria_italica_at_different_grain_filling_stages	NA	cultivar:Yugu_18;dev_stage:DPA_7_14_21_28_35;geo_loc_name:China:Anyang;tissue:spike
PRJNA633007	SRR11802680	SAMN14930334	NA	spike	NA	Yugu 18	spike_of_Setaria_italica_at_different_grain_filling_stages	NA	cultivar:Yugu_18;dev_stage:DPA_7_14_21_28_35;geo_loc_name:China:Anyang;tissue:spike
PRJNA633007	SRR11802681	SAMN14930334	NA	spike	NA	Yugu 18	spike_of_Setaria_italica_at_different_grain_filling_stages	NA	cultivar:Yugu_18;dev_stage:DPA_7_14_21_28_35;geo_loc_name:China:Anyang;tissue:spike
PRJNA633007	SRR11802682	SAMN14930334	NA	spike	NA	Yugu 18	spike_of_Setaria_italica_at_different_grain_filling_stages	NA	cultivar:Yugu_18;dev_stage:DPA_7_14_21_28_35;geo_loc_name:China:Anyang;tissue:spike
PRJNA633007	SRR11802683	SAMN14930334	NA	spike	NA	Yugu 18	spike_of_Setaria_italica_at_different_grain_filling_stages	NA	cultivar:Yugu_18;dev_stage:DPA_7_14_21_28_35;geo_loc_name:China:Anyang;tissue:spike
PRJNA633007	SRR11802684	SAMN14930334	NA	spike	NA	Yugu 18	spike_of_Setaria_italica_at_different_grain_filling_stages	NA	cultivar:Yugu_18;dev_stage:DPA_7_14_21_28_35;geo_loc_name:China:Anyang;tissue:spike
PRJNA633940	SRR11814692	SAMN14917430	NA	seed	late grain filling stage	Kuanjiu 40.97 N 117.92 E	RNA_B297	NA	cultivar:Kuanjiu_40.97_N_117.92_E;age:1;dev_stage:Late_grain_filling_stage;geo_loc_name:missing;tissue:seed
PRJNA633940	SRR11814693	SAMN14917429	NA	seed	late grain filling stage	09dong-chuang140 38.05 N 114.49 E	RNA_B295	NA	cultivar:09dong-chuang140_38.05_N_114.49_E;age:1;dev_stage:Late_grain_filling_stage;geo_loc_name:missing;tissue:seed
PRJNA633940	SRR11814694	SAMN14917428	NA	seed	late grain filling stage	Liaogu1 41.50 N 123.00 E	RNA_B294	NA	cultivar:Liaogu1_41.50_N_123.00_E;age:1;dev_stage:Late_grain_filling_stage;geo_loc_name:missing;tissue:seed
PRJNA633940	SRR11814695	SAMN14917239	NA	seed	late grain filling stage	Xiaoqinggu 35.69 N 105.06 E	RNA_B037	NA	cultivar:Xiaoqinggu_35.69_N_105.06_E;age:1;dev_stage:Late_grain_filling_stage;geo_loc_name:missing;tissue:seed
PRJNA633940	SRR11814696	SAMN14917427	NA	seed	late grain filling stage	Nei701 44.00 N 116.55 E	RNA_B293	NA	cultivar:Nei701_44.00_N_116.55_E;age:1;dev_stage:Late_grain_filling_stage;geo_loc_name:missing;tissue:seed
PRJNA633940	SRR11814697	SAMN14917426	NA	seed	late grain filling stage	Baixiangyu 40.82 N 111.66 E	RNA_B292	NA	cultivar:Baixiangyu_40.82_N_111.66_E;age:1;dev_stage:Late_grain_filling_stage;geo_loc_name:missing;tissue:seed
PRJNA633940	SRR11814698	SAMN14917425	NA	seed	late grain filling stage	Cang344 38.31 N 116.86 E	RNA_B291	NA	cultivar:Cang344_38.31_N_116.86_E;age:1;dev_stage:Late_grain_filling_stage;geo_loc_name:missing;tissue:seed
PRJNA633940	SRR11814699	SAMN14917243	NA	seed	late grain filling stage	Qingmiaoniannian 40.35 N 113.75 E	RNA_B041	NA	cultivar:Qingmiaoniannian_40.35_N_113.75_E;age:1;dev_stage:Late_grain_filling_stage;geo_loc_name:missing;tissue:seed
PRJNA633940	SRR11814700	SAMN14917467	NA	seed	late grain filling stage	Jigu25 38.05 N 114.49 E	RNA_B347	NA	cultivar:Jigu25_38.05_N_114.49_E;age:1;dev_stage:Late_grain_filling_stage;geo_loc_name:missing;tissue:seed
PRJNA633940	SRR11814701	SAMN14917466	NA	seed	late grain filling stage	Jixiang1 38.05 N 114.49 E	RNA_B346	NA	cultivar:Jixiang1_38.05_N_114.49_E;age:1;dev_stage:Late_grain_filling_stage;geo_loc_name:missing;tissue:seed
PRJNA633940	SRR11814702	SAMN14917465	NA	seed	late grain filling stage	Gongai2 43.89 N 125.32 E	RNA_B343	NA	cultivar:Gongai2_43.89_N_125.32_E;age:1;dev_stage:Late_grain_filling_stage;geo_loc_name:missing;tissue:seed
PRJNA633940	SRR11814703	SAMN14917464	NA	seed	late grain filling stage	Gonggu68 43.89 N 125.32 E	RNA_B342	NA	cultivar:Gonggu68_43.89_N_125.32_E;age:1;dev_stage:Late_grain_filling_stage;geo_loc_name:missing;tissue:seed
PRJNA633940	SRR11814704	SAMN14917463	NA	seed	late grain filling stage	Gonggu65 43.89 N 125.32 E	RNA_B341	NA	cultivar:Gonggu65_43.89_N_125.32_E;age:1;dev_stage:Late_grain_filling_stage;geo_loc_name:missing;tissue:seed
PRJNA633940	SRR11814705	SAMN14917462	NA	seed	late grain filling stage	Longsu2 35.00 N 104.54 E	RNA_B340	NA	cultivar:Longsu2_35.00_N_104.54_E;age:1;dev_stage:Late_grain_filling_stage;geo_loc_name:missing;tissue:seed
PRJNA633940	SRR11814706	SAMN14917461	NA	seed	late grain filling stage	Longgu8 35.00 N 104.54 E	RNA_B338	NA	cultivar:Longgu8_35.00_N_104.54_E;age:1;dev_stage:Late_grain_filling_stage;geo_loc_name:missing;tissue:seed
PRJNA633940	SRR11814707	SAMN14917381	NA	seed	late grain filling stage	Yangmaonuo 30.61 N 109.73 E	RNA_B235	NA	cultivar:Yangmaonuo_30.61_N_109.73_E;age:1;dev_stage:Late_grain_filling_stage;geo_loc_name:missing;tissue:seed
PRJNA633940	SRR11814708	SAMN14917380	NA	seed	late grain filling stage	Miquanguzi 40.87 N 85.08 E	RNA_B234	NA	cultivar:Miquanguzi_40.87_N_85.08_E;age:1;dev_stage:Late_grain_filling_stage;geo_loc_name:missing;tissue:seed
PRJNA633940	SRR11814709	SAMN14917379	NA	seed	late grain filling stage	Geqing1 40.87 N 85.08 E	RNA_B233	NA	cultivar:Geqing1_40.87_N_85.08_E;age:1;dev_stage:Late_grain_filling_stage;geo_loc_name:missing;tissue:seed
PRJNA633940	SRR11814710	SAMN14917378	NA	seed	late grain filling stage	Guang8 21.48 N 109.12 E	RNA_B231	NA	cultivar:Guang8_21.48_N_109.12_E;age:1;dev_stage:Late_grain_filling_stage;geo_loc_name:missing;tissue:seed
PRJNA633940	SRR11814711	SAMN14917234	NA	seed	late grain filling stage	Qisimizi 40.85 N 122.75 E	RNA_B028	NA	cultivar:Qisimizi_40.85_N_122.75_E;age:1;dev_stage:Late_grain_filling_stage;geo_loc_name:missing;tissue:seed
PRJNA633940	SRR11814712	SAMN14917377	NA	seed	late grain filling stage	Honggu 29.33 N 95.33 E	RNA_B230	NA	cultivar:Honggu_29.33_N_95.33_E;age:1;dev_stage:Late_grain_filling_stage;geo_loc_name:missing;tissue:seed
PRJNA633940	SRR11814713	SAMN14917376	NA	seed	late grain filling stage	Hongniangu 34.27 N 117.19 E	RNA_B229	NA	cultivar:Hongniangu_34.27_N_117.19_E;age:1;dev_stage:Late_grain_filling_stage;geo_loc_name:missing;tissue:seed
PRJNA633940	SRR11814714	SAMN14917375	NA	seed	late grain filling stage	Baishaliu 34.27 N 117.19 E	RNA_B228	NA	cultivar:Baishaliu_34.27_N_117.19_E;age:1;dev_stage:Late_grain_filling_stage;geo_loc_name:missing;tissue:seed
PRJNA633940	SRR11814715	SAMN14917359	NA	seed	late grain filling stage	Maoshigu 35.97 N 102.15 E	RNA_B199	NA	cultivar:Maoshigu_35.97_N_102.15_E;age:1;dev_stage:Late_grain_filling_stage;geo_loc_name:missing;tissue:seed
PRJNA633940	SRR11814716	SAMN14917358	NA	seed	late grain filling stage	Jingu42 36.18 N 113.11 E	RNA_B198	NA	cultivar:Jingu42_36.18_N_113.11_E;age:1;dev_stage:Late_grain_filling_stage;geo_loc_name:missing;tissue:seed
PRJNA633940	SRR11814717	SAMN14917232	NA	seed	late grain filling stage	Jindaobaqi 42.01 N 121.65 E	RNA_B024	NA	cultivar:Jindaobaqi_42.01_N_121.65_E;age:1;dev_stage:Late_grain_filling_stage;geo_loc_name:missing;tissue:seed
PRJNA633940	SRR11814718	SAMN14917357	NA	seed	late grain filling stage	Huangguzi 36.49 N 102.39 E	RNA_B197	NA	cultivar:Huangguzi_36.49_N_102.39_E;age:1;dev_stage:Late_grain_filling_stage;geo_loc_name:missing;tissue:seed
PRJNA633940	SRR11814719	SAMN14917356	NA	seed	late grain filling stage	Zhuyeqing 38.94 N 100.45 E	RNA_B196	NA	cultivar:Zhuyeqing_38.94_N_100.45_E;age:1;dev_stage:Late_grain_filling_stage;geo_loc_name:missing;tissue:seed
PRJNA633940	SRR11814720	SAMN14917355	NA	seed	late grain filling stage	Dahongmaogu 35.38 N 103.86 E	RNA_B195	NA	cultivar:Dahongmaogu_35.38_N_103.86_E;age:1;dev_stage:Late_grain_filling_stage;geo_loc_name:missing;tissue:seed
PRJNA633940	SRR11814721	SAMN14917354	NA	seed	late grain filling stage	Zhuyeqing 35.69 N 105.06 E	RNA_B194	NA	cultivar:Zhuyeqing_35.69_N_105.06_E;age:1;dev_stage:Late_grain_filling_stage;geo_loc_name:missing;tissue:seed
PRJNA633940	SRR11814722	SAMN14917353	NA	seed	late grain filling stage	Hongjiugu 34.68 N 107.81 E	RNA_B190	NA	cultivar:Hongjiugu_34.68_N_107.81_E;age:1;dev_stage:Late_grain_filling_stage;geo_loc_name:missing;tissue:seed
PRJNA633940	SRR11814723	SAMN14917525	NA	seed	late grain filling stage	Changsheng08 36.18 N 113.11 E	RNA_B429	NA	cultivar:Changsheng08_36.18_N_113.11_E;age:1;dev_stage:Late_grain_filling_stage;geo_loc_name:missing;tissue:seed
PRJNA633940	SRR11814724	SAMN14917524	NA	seed	late grain filling stage	Pingdingdagu 37.79 N 113.66 E	RNA_B428	NA	cultivar:Pingdingdagu_37.79_N_113.66_E;age:1;dev_stage:Late_grain_filling_stage;geo_loc_name:missing;tissue:seed
PRJNA633940	SRR11814725	SAMN14917523	NA	seed	late grain filling stage	Fenxuan3 36.18 N 113.11 E	RNA_B422	NA	cultivar:Fenxuan3_36.18_N_113.11_E;age:1;dev_stage:Late_grain_filling_stage;geo_loc_name:missing;tissue:seed
PRJNA633940	SRR11814726	SAMN14917522	NA	seed	late grain filling stage	Qinhuang2 36.18 N 113.11 E	RNA_B421	NA	cultivar:Qinhuang2_36.18_N_113.11_E;age:1;dev_stage:Late_grain_filling_stage;geo_loc_name:missing;tissue:seed
PRJNA633940	SRR11814727	SAMN14917521	NA	seed	late grain filling stage	Changnong36 36.18 N 113.11 E	RNA_B420	NA	cultivar:Changnong36_36.18_N_113.11_E;age:1;dev_stage:Late_grain_filling_stage;geo_loc_name:missing;tissue:seed
PRJNA633940	SRR11814728	SAMN14917520	NA	seed	late grain filling stage	Chang0301 36.18 N 113.11 E	RNA_B418	NA	cultivar:Chang0301_36.18_N_113.11_E;age:1;dev_stage:Late_grain_filling_stage;geo_loc_name:missing;tissue:seed
PRJNA633940	SRR11814729	SAMN14917519	NA	seed	late grain filling stage	Jingu39 37.09 N 112.00 E	RNA_B417	NA	cultivar:Jingu39_37.09_N_112.00_E;age:1;dev_stage:Late_grain_filling_stage;geo_loc_name:missing;tissue:seed
PRJNA633940	SRR11814730	SAMN14917518	NA	seed	late grain filling stage	Jingu27 37.09 N 112.00 E	RNA_B416	NA	cultivar:Jingu27_37.09_N_112.00_E;age:1;dev_stage:Late_grain_filling_stage;geo_loc_name:missing;tissue:seed
PRJNA633940	SRR11814731	SAMN14917453	NA	seed	late grain filling stage	Honggaigu 39.92 N 116.38 E	RNA_B328	NA	cultivar:Honggaigu_39.92_N_116.38_E;age:1;dev_stage:Late_grain_filling_stage;geo_loc_name:missing;tissue:seed
PRJNA633940	SRR11814732	SAMN14917452	NA	seed	late grain filling stage	Jigu13 36.67 N 117.01 E	RNA_B326	NA	cultivar:Jigu13_36.67_N_117.01_E;age:1;dev_stage:Late_grain_filling_stage;geo_loc_name:missing;tissue:seed
PRJNA633940	SRR11814733	SAMN14917451	NA	seed	late grain filling stage	Jigu12 36.67 N 117.01 E	RNA_B325	NA	cultivar:Jigu12_36.67_N_117.01_E;age:1;dev_stage:Late_grain_filling_stage;geo_loc_name:missing;tissue:seed
PRJNA633940	SRR11814734	SAMN14917450	NA	seed	late grain filling stage	Jigu11 36.67 N 117.01 E	RNA_B324	NA	cultivar:Jigu11_36.67_N_117.01_E;age:1;dev_stage:Late_grain_filling_stage;geo_loc_name:missing;tissue:seed
PRJNA633940	SRR11814735	SAMN14917449	NA	seed	late grain filling stage	Lugu10 36.67 N 117.01 E	RNA_B323	NA	cultivar:Lugu10_36.67_N_117.01_E;age:1;dev_stage:Late_grain_filling_stage;geo_loc_name:missing;tissue:seed
PRJNA633940	SRR11814736	SAMN14917448	NA	seed	late grain filling stage	Lugu8 36.67 N 117.01 E	RNA_B321	NA	cultivar:Lugu8_36.67_N_117.01_E;age:1;dev_stage:Late_grain_filling_stage;geo_loc_name:missing;tissue:seed
PRJNA633940	SRR11814737	SAMN14917241	NA	seed	late grain filling stage	Jingyuansanhaozhuyeqing 36.57 N 104.68 E	RNA_B039	NA	cultivar:Jingyuansanhaozhuyeqing_36.57_N_104.68_E;age:1;dev_stage:Late_grain_filling_stage;geo_loc_name:missing;tissue:seed
PRJNA633940	SRR11814738	SAMN14917447	NA	seed	late grain filling stage	Ji07610 36.67 N 117.01 E	RNA_B317	NA	cultivar:Ji07610_36.67_N_117.01_E;age:1;dev_stage:Late_grain_filling_stage;geo_loc_name:missing;tissue:seed
PRJNA633940	SRR11814739	SAMN14917345	NA	seed	late grain filling stage	Datonghuang 37.89 N 113.17 E	RNA_B180	NA	cultivar:Datonghuang_37.89_N_113.17_E;age:1;dev_stage:Late_grain_filling_stage;geo_loc_name:missing;tissue:seed
PRJNA633940	SRR11814740	SAMN14917344	NA	seed	late grain filling stage	Huangdanzigu 40.10 N 113.30 E	RNA_B179	NA	cultivar:Huangdanzigu_40.10_N_113.30_E;age:1;dev_stage:Late_grain_filling_stage;geo_loc_name:missing;tissue:seed
PRJNA633940	SRR11814741	SAMN14917343	NA	seed	late grain filling stage	Jiyechong1 36.67 N 117.01 E	RNA_B177	NA	cultivar:Jiyechong1_36.67_N_117.01_E;age:1;dev_stage:Late_grain_filling_stage;geo_loc_name:missing;tissue:seed
PRJNA633940	SRR11814742	SAMN14917342	NA	seed	late grain filling stage	Jiaigan6 36.67 N 117.01 E	RNA_B176	NA	cultivar:Jiaigan6_36.67_N_117.01_E;age:1;dev_stage:Late_grain_filling_stage;geo_loc_name:missing;tissue:seed
PRJNA633940	SRR11814743	SAMN14917341	NA	seed	late grain filling stage	Luoziwei 35.25 N 115.45 E	RNA_B174	NA	cultivar:Luoziwei_35.25_N_115.45_E;age:1;dev_stage:Late_grain_filling_stage;geo_loc_name:missing;tissue:seed
PRJNA633940	SRR11814744	SAMN14917340	NA	seed	late grain filling stage	Zimeiqi 37.30 N 120.83 E	RNA_B173	NA	cultivar:Zimeiqi_37.30_N_120.83_E;age:1;dev_stage:Late_grain_filling_stage;geo_loc_name:missing;tissue:seed
PRJNA633940	SRR11814745	SAMN14917339	NA	seed	late grain filling stage	Bachagu 36.00 N 115.85 E	RNA_B172	NA	cultivar:Bachagu_36.00_N_115.85_E;age:1;dev_stage:Late_grain_filling_stage;geo_loc_name:missing;tissue:seed
PRJNA633940	SRR11814746	SAMN14917338	NA	seed	late grain filling stage	Hebeigu 37.07 N 115.15 E	RNA_B171	NA	cultivar:Hebeigu_37.07_N_115.15_E;age:1;dev_stage:Late_grain_filling_stage;geo_loc_name:missing;tissue:seed
PRJNA633940	SRR11814747	SAMN14917267	NA	seed	late grain filling stage	Xiaoqinggu 39.49 N 115.97 E	RNA_B069	NA	cultivar:Xiaoqinggu_39.49_N_115.97_E;age:1;dev_stage:Late_grain_filling_stage;geo_loc_name:missing;tissue:seed
PRJNA633940	SRR11814748	SAMN14917266	NA	seed	late grain filling stage	Foshou 40.04 N 117.40 E	RNA_B068	NA	cultivar:Foshou_40.04_N_117.40_E;age:1;dev_stage:Late_grain_filling_stage;geo_loc_name:missing;tissue:seed
PRJNA633940	SRR11814749	SAMN14917265	NA	seed	late grain filling stage	Zaogu 35.88 N 119.98 E	RNA_B066	NA	cultivar:Zaogu_35.88_N_119.98_E;age:1;dev_stage:Late_grain_filling_stage;geo_loc_name:missing;tissue:seed
PRJNA633940	SRR11814750	SAMN14917264	NA	seed	late grain filling stage	60tianhuangtang 36.85 N 115.70 E	RNA_B064	NA	cultivar:60tianhuangtang_36.85_N_115.70_E;age:1;dev_stage:Late_grain_filling_stage;geo_loc_name:missing;tissue:seed
PRJNA633940	SRR11814751	SAMN14917263	NA	seed	late grain filling stage	Bocaigenmaogu 37.48 N 117.50 E	RNA_B063	NA	cultivar:Bocaigenmaogu_37.48_N_117.50_E;age:1;dev_stage:Late_grain_filling_stage;geo_loc_name:missing;tissue:seed
PRJNA633940	SRR11814752	SAMN14917262	NA	seed	late grain filling stage	Huangniangu 37.17 N 122.49 E	RNA_B062	NA	cultivar:Huangniangu_37.17_N_122.49_E;age:1;dev_stage:Late_grain_filling_stage;geo_loc_name:missing;tissue:seed
PRJNA633940	SRR11814753	SAMN14917261	NA	seed	late grain filling stage	Liushabai 34.83 N 112.44 E	RNA_B061	NA	cultivar:Liushabai_34.83_N_112.44_E;age:1;dev_stage:Late_grain_filling_stage;geo_loc_name:missing;tissue:seed
PRJNA633940	SRR11814754	SAMN14917260	NA	seed	late grain filling stage	Xinnonggu2 35.31 N 113.87 E	RNA_B059	NA	cultivar:Xinnonggu2_35.31_N_113.87_E;age:1;dev_stage:Late_grain_filling_stage;geo_loc_name:missing;tissue:seed
PRJNA633940	SRR11814755	SAMN14917403	NA	seed	late grain filling stage	Qinggu 29.33 N 95.33 E	RNA_B261	NA	cultivar:Qinggu_29.33_N_95.33_E;age:1;dev_stage:Late_grain_filling_stage;geo_loc_name:missing;tissue:seed
PRJNA633940	SRR11814756	SAMN14917402	NA	seed	late grain filling stage	Erbaigu 44.32 N 85.62 E	RNA_B258	NA	cultivar:Erbaigu_44.32_N_85.62_E;age:1;dev_stage:Late_grain_filling_stage;geo_loc_name:missing;tissue:seed
PRJNA633940	SRR11814757	SAMN14917401	NA	seed	late grain filling stage	Zhimasu 28.99 N 116.66 E	RNA_B257	NA	cultivar:Zhimasu_28.99_N_116.66_E;age:1;dev_stage:Late_grain_filling_stage;geo_loc_name:missing;tissue:seed
PRJNA633940	SRR11814758	SAMN14917400	NA	seed	late grain filling stage	Maosu 28.99 N 116.66 E	RNA_B256	NA	cultivar:Maosu_28.99_N_116.66_E;age:1;dev_stage:Late_grain_filling_stage;geo_loc_name:missing;tissue:seed
PRJNA633940	SRR11814759	SAMN14917399	NA	seed	late grain filling stage	Huangsu 28.44 N 118.19 E	RNA_B255	NA	cultivar:Huangsu_28.44_N_118.19_E;age:1;dev_stage:Late_grain_filling_stage;geo_loc_name:missing;tissue:seed
PRJNA633940	SRR11814760	SAMN14917398	NA	seed	late grain filling stage	Nuosu 28.45 N 117.96 E	RNA_B254	NA	cultivar:Nuosu_28.45_N_117.96_E;age:1;dev_stage:Late_grain_filling_stage;geo_loc_name:missing;tissue:seed
PRJNA633940	SRR11814761	SAMN14917236	NA	seed	late grain filling stage	Baiyousha 40.53 N 112.50 E	RNA_B031	NA	cultivar:Baiyousha_40.53_N_112.50_E;age:1;dev_stage:Late_grain_filling_stage;geo_loc_name:missing;tissue:seed
PRJNA633940	SRR11814762	SAMN14917397	NA	seed	late grain filling stage	Xiannuo 28.45 N 117.96 E	RNA_B253	NA	cultivar:Xiannuo_28.45_N_117.96_E;age:1;dev_stage:Late_grain_filling_stage;geo_loc_name:missing;tissue:seed
PRJNA633940	SRR11814763	SAMN14917489	NA	seed	late grain filling stage	Gonggu72 43.89 N 125.32 E	RNA_B377	NA	cultivar:Gonggu72_43.89_N_125.32_E;age:1;dev_stage:Late_grain_filling_stage;geo_loc_name:missing;tissue:seed
PRJNA633940	SRR11814764	SAMN14917488	NA	seed	late grain filling stage	Gonggu70 43.89 N 125.32 E	RNA_B375	NA	cultivar:Gonggu70_43.89_N_125.32_E;age:1;dev_stage:Late_grain_filling_stage;geo_loc_name:missing;tissue:seed
PRJNA633940	SRR11814765	SAMN14917245	NA	seed	late grain filling stage	Yatache 38.49 N 112.94 E	RNA_B043	NA	cultivar:Yatache_38.49_N_112.94_E;age:1;dev_stage:Late_grain_filling_stage;geo_loc_name:missing;tissue:seed
PRJNA633940	SRR11814766	SAMN14917487	NA	seed	late grain filling stage	Gonggu69 43.89 N 125.32 E	RNA_B374	NA	cultivar:Gonggu69_43.89_N_125.32_E;age:1;dev_stage:Late_grain_filling_stage;geo_loc_name:missing;tissue:seed
PRJNA633940	SRR11814767	SAMN14917486	NA	seed	late grain filling stage	Gonggu67 43.89 N 125.32 E	RNA_B373	NA	cultivar:Gonggu67_43.89_N_125.32_E;age:1;dev_stage:Late_grain_filling_stage;geo_loc_name:missing;tissue:seed
PRJNA633940	SRR11814768	SAMN14917485	NA	seed	late grain filling stage	Gonggu62 43.89 N 125.32 E	RNA_B370	NA	cultivar:Gonggu62_43.89_N_125.32_E;age:1;dev_stage:Late_grain_filling_stage;geo_loc_name:missing;tissue:seed
PRJNA633940	SRR11814769	SAMN14917484	NA	seed	late grain filling stage	Gonggu61 43.89 N 125.32 E	RNA_B369	NA	cultivar:Gonggu61_43.89_N_125.32_E;age:1;dev_stage:Late_grain_filling_stage;geo_loc_name:missing;tissue:seed
PRJNA633940	SRR11814770	SAMN14917483	NA	seed	late grain filling stage	Gonggu60 43.89 N 125.32 E	RNA_B368	NA	cultivar:Gonggu60_43.89_N_125.32_E;age:1;dev_stage:Late_grain_filling_stage;geo_loc_name:missing;tissue:seed
PRJNA633940	SRR11814771	SAMN14917220	NA	seed	late grain filling stage	Dacaopi 49.17 N 125.21 E	RNA_B003	NA	cultivar:Dacaopi_49.17_N_125.21_E;age:1;dev_stage:Late_grain_filling_stage;geo_loc_name:missing;tissue:seed
PRJNA633940	SRR11814772	SAMN14917417	NA	seed	late grain filling stage	Jigu29 38.05 N 114.49 E	RNA_B281	NA	cultivar:Jigu29_38.05_N_114.49_E;age:1;dev_stage:Late_grain_filling_stage;geo_loc_name:missing;tissue:seed
PRJNA633940	SRR11814773	SAMN14917416	NA	seed	late grain filling stage	Jigu26 38.05 N 114.49 E	RNA_B280	NA	cultivar:Jigu26_38.05_N_114.49_E;age:1;dev_stage:Late_grain_filling_stage;geo_loc_name:missing;tissue:seed
PRJNA633940	SRR11814774	SAMN14917415	NA	seed	late grain filling stage	Jigu24 38.05 N 114.49 E	RNA_B279	NA	cultivar:Jigu24_38.05_N_114.49_E;age:1;dev_stage:Late_grain_filling_stage;geo_loc_name:missing;tissue:seed
PRJNA633940	SRR11814775	SAMN14917414	NA	seed	late grain filling stage	Jigu22 38.05 N 114.49 E	RNA_B278	NA	cultivar:Jigu22_38.05_N_114.49_E;age:1;dev_stage:Late_grain_filling_stage;geo_loc_name:missing;tissue:seed
PRJNA633940	SRR11814776	SAMN14917413	NA	seed	late grain filling stage	Jigu21 38.05 N 114.49 E	RNA_B277	NA	cultivar:Jigu21_38.05_N_114.49_E;age:1;dev_stage:Late_grain_filling_stage;geo_loc_name:missing;tissue:seed
PRJNA633940	SRR11814777	SAMN14917412	NA	seed	late grain filling stage	Jigu20 38.05 N 114.49 E	RNA_B276	NA	cultivar:Jigu20_38.05_N_114.49_E;age:1;dev_stage:Late_grain_filling_stage;geo_loc_name:missing;tissue:seed
PRJNA633940	SRR11814778	SAMN14917411	NA	seed	late grain filling stage	Jigu38 38.05 N 114.49 E	RNA_B275	NA	cultivar:Jigu38_38.05_N_114.49_E;age:1;dev_stage:Late_grain_filling_stage;geo_loc_name:missing;tissue:seed
PRJNA633940	SRR11814779	SAMN14917365	NA	seed	late grain filling stage	338A 42.27 N 118.95 E	RNA_B208	NA	cultivar:338A_42.27_N_118.95_E;age:1;dev_stage:Late_grain_filling_stage;geo_loc_name:missing;tissue:seed
PRJNA633940	SRR11814780	SAMN14917364	NA	seed	late grain filling stage	Xian256B 40.82 N 114.88 E	RNA_B205	NA	cultivar:Xian256B_40.82_N_114.88_E;age:1;dev_stage:Late_grain_filling_stage;geo_loc_name:missing;tissue:seed
PRJNA633940	SRR11814781	SAMN14917363	NA	seed	late grain filling stage	DA3buyu 40.82 N 114.88 E	RNA_B204	NA	cultivar:DA3buyu_40.82_N_114.88_E;age:1;dev_stage:Late_grain_filling_stage;geo_loc_name:missing;tissue:seed
PRJNA633940	SRR11814782	SAMN14917362	NA	seed	late grain filling stage	Xiaolibaibuyuxi 40.82 N 114.88 E	RNA_B203	NA	cultivar:Xiaolibaibuyuxi_40.82_N_114.88_E;age:1;dev_stage:Late_grain_filling_stage;geo_loc_name:missing;tissue:seed
PRJNA633940	SRR11814783	SAMN14917361	NA	seed	late grain filling stage	Jinshu 32.22 N 106.29 E	RNA_B202	NA	cultivar:Jinshu_32.22_N_106.29_E;age:1;dev_stage:Late_grain_filling_stage;geo_loc_name:missing;tissue:seed
PRJNA633940	SRR11814784	SAMN14917360	NA	seed	late grain filling stage	Lamahuang 36.09 N 102.27 E	RNA_B200	NA	cultivar:Lamahuang_36.09_N_102.27_E;age:1;dev_stage:Late_grain_filling_stage;geo_loc_name:missing;tissue:seed
PRJNA633940	SRR11814785	SAMN14917296	NA	seed	late grain filling stage	Xiaoshengbaigu 35.97 N 111.84 E	RNA_B112	NA	cultivar:Xiaoshengbaigu_35.97_N_111.84_E;age:1;dev_stage:Late_grain_filling_stage;geo_loc_name:missing;tissue:seed
PRJNA633940	SRR11814786	SAMN14917295	NA	seed	late grain filling stage	Yeshengguzi 40.10 N 113.30 E	RNA_B111	NA	cultivar:Yeshengguzi_40.10_N_113.30_E;age:1;dev_stage:Late_grain_filling_stage;geo_loc_name:missing;tissue:seed
PRJNA633940	SRR11814787	SAMN14917294	NA	seed	late grain filling stage	Yeshenggu 40.42 N 114.08 E	RNA_B110	NA	cultivar:Yeshenggu_40.42_N_114.08_E;age:1;dev_stage:Late_grain_filling_stage;geo_loc_name:missing;tissue:seed
PRJNA633940	SRR11814788	SAMN14917293	NA	seed	late grain filling stage	Baimaolianggu 40.42 N 114.08 E	RNA_B109	NA	cultivar:Baimaolianggu_40.42_N_114.08_E;age:1;dev_stage:Late_grain_filling_stage;geo_loc_name:missing;tissue:seed
PRJNA633940	SRR11814789	SAMN14917292	NA	seed	late grain filling stage	Oulihong 41.59 N 119.34 E	RNA_B108	NA	cultivar:Oulihong_41.59_N_119.34_E;age:1;dev_stage:Late_grain_filling_stage;geo_loc_name:missing;tissue:seed
PRJNA633940	SRR11814790	SAMN14917291	NA	seed	late grain filling stage	Hongniangu 43.60 N 118.05 E	RNA_B105	NA	cultivar:Hongniangu_43.60_N_118.05_E;age:1;dev_stage:Late_grain_filling_stage;geo_loc_name:missing;tissue:seed
PRJNA633940	SRR11814791	SAMN14917290	NA	seed	late grain filling stage	Hongmiaoqitouhong 43.60 N 118.05 E	RNA_B104	NA	cultivar:Hongmiaoqitouhong_43.60_N_118.05_E;age:1;dev_stage:Late_grain_filling_stage;geo_loc_name:missing;tissue:seed
PRJNA633940	SRR11814792	SAMN14917289	NA	seed	late grain filling stage	Yazizui 42.68 N 126.03 E	RNA_B103	NA	cultivar:Yazizui_42.68_N_126.03_E;age:1;dev_stage:Late_grain_filling_stage;geo_loc_name:missing;tissue:seed
PRJNA633940	SRR11814793	SAMN14917317	NA	seed	late grain filling stage	Liushitianhuanjia 45.62 N 122.84 E	RNA_B144	NA	cultivar:Liushitianhuanjia_45.62_N_122.84_E;age:1;dev_stage:Late_grain_filling_stage;geo_loc_name:missing;tissue:seed
PRJNA633940	SRR11814794	SAMN14917316	NA	seed	late grain filling stage	Xiaojinsu 47.46 N 126.97 E	RNA_B141	NA	cultivar:Xiaojinsu_47.46_N_126.97_E;age:1;dev_stage:Late_grain_filling_stage;geo_loc_name:missing;tissue:seed
PRJNA633940	SRR11814795	SAMN14917315	NA	seed	late grain filling stage	Yeguzi-1 35.69 N 105.06 E	RNA_B139	NA	cultivar:Yeguzi-1_35.69_N_105.06_E;age:1;dev_stage:Late_grain_filling_stage;geo_loc_name:missing;tissue:seed
PRJNA633940	SRR11814796	SAMN14917314	NA	seed	late grain filling stage	Tie8396 42.30 N 123.84 E	RNA_B138	NA	cultivar:Tie8396_42.30_N_123.84_E;age:1;dev_stage:Late_grain_filling_stage;geo_loc_name:missing;tissue:seed
PRJNA633940	SRR11814797	SAMN14917313	NA	seed	late grain filling stage	9-Mar 43.89 N 125.32 E	RNA_B137	NA	cultivar:9-Mar_43.89_N_125.32_E;age:1;dev_stage:Late_grain_filling_stage;geo_loc_name:missing;tissue:seed
PRJNA633940	SRR11814798	SAMN14917312	NA	seed	late grain filling stage	Longfu60533 45.74 N 126.64 E	RNA_B136	NA	cultivar:Longfu60533_45.74_N_126.64_E;age:1;dev_stage:Late_grain_filling_stage;geo_loc_name:missing;tissue:seed
PRJNA633940	SRR11814799	SAMN14917311	NA	seed	late grain filling stage	Mulengbaishagu 44.58 N 129.60 E	RNA_B133	NA	cultivar:Mulengbaishagu_44.58_N_129.60_E;age:1;dev_stage:Late_grain_filling_stage;geo_loc_name:missing;tissue:seed
PRJNA633940	SRR11814800	SAMN14917497	NA	seed	late grain filling stage	Chaogu14 41.50 N 123.00 E	RNA_B386	NA	cultivar:Chaogu14_41.50_N_123.00_E;age:1;dev_stage:Late_grain_filling_stage;geo_loc_name:missing;tissue:seed
PRJNA633940	SRR11814801	SAMN14917496	NA	seed	late grain filling stage	Baigu9 45.62 N 122.84 E	RNA_B385	NA	cultivar:Baigu9_45.62_N_122.84_E;age:1;dev_stage:Late_grain_filling_stage;geo_loc_name:missing;tissue:seed
PRJNA633940	SRR11814802	SAMN14917495	NA	seed	late grain filling stage	Baigu6 45.62 N 122.84 E	RNA_B383	NA	cultivar:Baigu6_45.62_N_122.84_E;age:1;dev_stage:Late_grain_filling_stage;geo_loc_name:missing;tissue:seed
PRJNA633940	SRR11814803	SAMN14917494	NA	seed	late grain filling stage	Gongai4 43.89 N 125.32 E	RNA_B382	NA	cultivar:Gongai4_43.89_N_125.32_E;age:1;dev_stage:Late_grain_filling_stage;geo_loc_name:missing;tissue:seed
PRJNA633940	SRR11814804	SAMN14917493	NA	seed	late grain filling stage	Gongai3 43.89 N 125.32 E	RNA_B381	NA	cultivar:Gongai3_43.89_N_125.32_E;age:1;dev_stage:Late_grain_filling_stage;geo_loc_name:missing;tissue:seed
PRJNA633940	SRR11814805	SAMN14917492	NA	seed	late grain filling stage	Gonggu75 43.89 N 125.32 E	RNA_B380	NA	cultivar:Gonggu75_43.89_N_125.32_E;age:1;dev_stage:Late_grain_filling_stage;geo_loc_name:missing;tissue:seed
PRJNA633940	SRR11814806	SAMN14917491	NA	seed	late grain filling stage	Gonggu74 43.89 N 125.32 E	RNA_B379	NA	cultivar:Gonggu74_43.89_N_125.32_E;age:1;dev_stage:Late_grain_filling_stage;geo_loc_name:missing;tissue:seed
PRJNA633940	SRR11814807	SAMN14917490	NA	seed	late grain filling stage	Gonggu73 43.89 N 125.32 E	RNA_B378	NA	cultivar:Gonggu73_43.89_N_125.32_E;age:1;dev_stage:Late_grain_filling_stage;geo_loc_name:missing;tissue:seed
PRJNA633940	SRR11814808	SAMN14917274	NA	seed	late grain filling stage	Eminguzi 40.87 N 85.08 E	RNA_B078	NA	cultivar:Eminguzi_40.87_N_85.08_E;age:1;dev_stage:Late_grain_filling_stage;geo_loc_name:missing;tissue:seed
PRJNA633940	SRR11814809	SAMN14917273	NA	seed	late grain filling stage	170 36.67 N 117.01 E	RNA_B076	NA	cultivar:170_36.67_N_117.01_E;age:1;dev_stage:Late_grain_filling_stage;geo_loc_name:missing;tissue:seed
PRJNA633940	SRR11814810	SAMN14917272	NA	seed	late grain filling stage	Jinpingguzi 37.81 N 120.74 E	RNA_B075	NA	cultivar:Jinpingguzi_37.81_N_120.74_E;age:1;dev_stage:Late_grain_filling_stage;geo_loc_name:missing;tissue:seed
PRJNA633940	SRR11814811	SAMN14917271	NA	seed	late grain filling stage	Yintianhan 36.97 N 117.21 E	RNA_B074	NA	cultivar:Yintianhan_36.97_N_117.21_E;age:1;dev_stage:Late_grain_filling_stage;geo_loc_name:missing;tissue:seed
PRJNA633940	SRR11814812	SAMN14917270	NA	seed	late grain filling stage	Qianchuanzi 37.19 N 116.86 E	RNA_B073	NA	cultivar:Qianchuanzi_37.19_N_116.86_E;age:1;dev_stage:Late_grain_filling_stage;geo_loc_name:missing;tissue:seed
PRJNA633940	SRR11814813	SAMN14917269	NA	seed	late grain filling stage	Zigenhong 37.44 N 114.50 E	RNA_B071	NA	cultivar:Zigenhong_37.44_N_114.50_E;age:1;dev_stage:Late_grain_filling_stage;geo_loc_name:missing;tissue:seed
PRJNA633940	SRR11814814	SAMN14917268	NA	seed	late grain filling stage	Shiliuzi 38.41 N 115.32 E	RNA_B070	NA	cultivar:Shiliuzi_38.41_N_115.32_E;age:1;dev_stage:Late_grain_filling_stage;geo_loc_name:missing;tissue:seed
PRJNA633940	SRR11814815	SAMN14917223	NA	seed	late grain filling stage	Daobaqi 49.17 N 125.21 E	RNA_B008	NA	cultivar:Daobaqi_49.17_N_125.21_E;age:1;dev_stage:Late_grain_filling_stage;geo_loc_name:missing;tissue:seed
PRJNA633940	SRR11814816	SAMN14917259	NA	seed	late grain filling stage	Xiaojigou 34.11 N 113.60 E	RNA_B058	NA	cultivar:Xiaojigou_34.11_N_113.60_E;age:1;dev_stage:Late_grain_filling_stage;geo_loc_name:missing;tissue:seed
PRJNA633940	SRR11814817	SAMN14917258	NA	seed	late grain filling stage	Qiangbiansui 34.90 N 112.78 E	RNA_B057	NA	cultivar:Qiangbiansui_34.90_N_112.78_E;age:1;dev_stage:Late_grain_filling_stage;geo_loc_name:missing;tissue:seed
PRJNA633940	SRR11814818	SAMN14917222	NA	seed	late grain filling stage	Hongniangu 48.51 N 126.19 E	RNA_B007	NA	cultivar:Hongniangu_48.51_N_126.19_E;age:1;dev_stage:Late_grain_filling_stage;geo_loc_name:missing;tissue:seed
PRJNA633940	SRR11814819	SAMN14917257	NA	seed	late grain filling stage	Qiumaoyu 36.10 N 114.35 E	RNA_B056	NA	cultivar:Qiumaoyu_36.10_N_114.35_E;age:1;dev_stage:Late_grain_filling_stage;geo_loc_name:missing;tissue:seed
PRJNA633940	SRR11814820	SAMN14917256	NA	seed	late grain filling stage	Shengtouhuanggu 35.67 N 114.54 E	RNA_B055	NA	cultivar:Shengtouhuanggu_35.67_N_114.54_E;age:1;dev_stage:Late_grain_filling_stage;geo_loc_name:missing;tissue:seed
PRJNA633940	SRR11814821	SAMN14917255	NA	seed	late grain filling stage	Xiaozigen 37.63 N 116.38 E	RNA_B054	NA	cultivar:Xiaozigen_37.63_N_116.38_E;age:1;dev_stage:Late_grain_filling_stage;geo_loc_name:missing;tissue:seed
PRJNA633940	SRR11814822	SAMN14917254	NA	seed	late grain filling stage	Xiaojinjun 37.89 N 116.53 E	RNA_B053	NA	cultivar:Xiaojinjun_37.89_N_116.53_E;age:1;dev_stage:Late_grain_filling_stage;geo_loc_name:missing;tissue:seed
PRJNA633940	SRR11814823	SAMN14917253	NA	seed	late grain filling stage	Loulixiu 38.62 N 114.69 E	RNA_B051	NA	cultivar:Loulixiu_38.62_N_114.69_E;age:1;dev_stage:Late_grain_filling_stage;geo_loc_name:missing;tissue:seed
PRJNA633940	SRR11814824	SAMN14917446	NA	seed	late grain filling stage	Ji07607 36.67 N 117.01 E	RNA_B316	NA	cultivar:Ji07607_36.67_N_117.01_E;age:1;dev_stage:Late_grain_filling_stage;geo_loc_name:missing;tissue:seed
PRJNA633940	SRR11814825	SAMN14917445	NA	seed	late grain filling stage	Yugu14 36.10 N 114.35 E	RNA_B314	NA	cultivar:Yugu14_36.10_N_114.35_E;age:1;dev_stage:Late_grain_filling_stage;geo_loc_name:missing;tissue:seed
PRJNA633940	SRR11814826	SAMN14917444	NA	seed	late grain filling stage	An93-15 36.10 N 114.35 E	RNA_B313	NA	cultivar:An93-15_36.10_N_114.35_E;age:1;dev_stage:Late_grain_filling_stage;geo_loc_name:missing;tissue:seed
PRJNA633940	SRR11814827	SAMN14917443	NA	seed	late grain filling stage	Yugu7 36.10 N 114.35 E	RNA_B312	NA	cultivar:Yugu7_36.10_N_114.35_E;age:1;dev_stage:Late_grain_filling_stage;geo_loc_name:missing;tissue:seed
PRJNA633940	SRR11814828	SAMN14917442	NA	seed	late grain filling stage	Gsyugu5 36.10 N 114.35 E	RNA_B311	NA	cultivar:Gsyugu5_36.10_N_114.35_E;age:1;dev_stage:Late_grain_filling_stage;geo_loc_name:missing;tissue:seed
PRJNA633940	SRR11814829	SAMN14917441	NA	seed	late grain filling stage	Yugu2 36.10 N 114.35 E	RNA_B310	NA	cultivar:Yugu2_36.10_N_114.35_E;age:1;dev_stage:Late_grain_filling_stage;geo_loc_name:missing;tissue:seed
PRJNA633940	SRR11814830	SAMN14917440	NA	seed	late grain filling stage	Yugu1 36.10 N 114.35 E	RNA_B309	NA	cultivar:Yugu1_36.10_N_114.35_E;age:1;dev_stage:Late_grain_filling_stage;geo_loc_name:missing;tissue:seed
PRJNA633940	SRR11814831	SAMN14917439	NA	seed	late grain filling stage	Yugu9 36.10 N 114.35 E	RNA_B308	NA	cultivar:Yugu9_36.10_N_114.35_E;age:1;dev_stage:Late_grain_filling_stage;geo_loc_name:missing;tissue:seed
PRJNA633940	SRR11814832	SAMN14917424	NA	seed	late grain filling stage	Shuxiang1 40.40 N 115.51 E	RNA_B289	NA	cultivar:Shuxiang1_40.40_N_115.51_E;age:1;dev_stage:Late_grain_filling_stage;geo_loc_name:missing;tissue:seed
PRJNA633940	SRR11814833	SAMN14917423	NA	seed	late grain filling stage	8322-14 40.40 N 115.51 E	RNA_B288	NA	cultivar:8322-14_40.40_N_115.51_E;age:1;dev_stage:Late_grain_filling_stage;geo_loc_name:missing;tissue:seed
PRJNA633940	SRR11814834	SAMN14917422	NA	seed	late grain filling stage	2015 37.73 N 115.71 E	RNA_B287	NA	cultivar:2015_37.73_N_115.71_E;age:1;dev_stage:Late_grain_filling_stage;geo_loc_name:missing;tissue:seed
PRJNA633940	SRR11814835	SAMN14917421	NA	seed	late grain filling stage	Henggu9 37.73 N 115.71 E	RNA_B286	NA	cultivar:Henggu9_37.73_N_115.71_E;age:1;dev_stage:Late_grain_filling_stage;geo_loc_name:missing;tissue:seed
PRJNA633940	SRR11814836	SAMN14917420	NA	seed	late grain filling stage	Jigu17 37.73 N 115.71 E	RNA_B285	NA	cultivar:Jigu17_37.73_N_115.71_E;age:1;dev_stage:Late_grain_filling_stage;geo_loc_name:missing;tissue:seed
PRJNA633940	SRR11814837	SAMN14917419	NA	seed	late grain filling stage	Jigu15 37.73 N 115.71 E	RNA_B284	NA	cultivar:Jigu15_37.73_N_115.71_E;age:1;dev_stage:Late_grain_filling_stage;geo_loc_name:missing;tissue:seed
PRJNA633940	SRR11814838	SAMN14917418	NA	seed	late grain filling stage	K325 38.05 N 114.49 E	RNA_B283	NA	cultivar:K325_38.05_N_114.49_E;age:1;dev_stage:Late_grain_filling_stage;geo_loc_name:missing;tissue:seed
PRJNA633940	SRR11814839	SAMN14917238	NA	seed	late grain filling stage	Esiniugu 40.44 N 113.15 E	RNA_B034	NA	cultivar:Esiniugu_40.44_N_113.15_E;age:1;dev_stage:Late_grain_filling_stage;geo_loc_name:missing;tissue:seed
PRJNA633940	SRR11814840	SAMN14917330	NA	seed	late grain filling stage	Louliyougu 38.62 N 114.69 E	RNA_B159	NA	cultivar:Louliyougu_38.62_N_114.69_E;age:1;dev_stage:Late_grain_filling_stage;geo_loc_name:missing;tissue:seed
PRJNA633940	SRR11814841	SAMN14917329	NA	seed	late grain filling stage	Niumaobai 39.82 N 113.10 E	RNA_B157	NA	cultivar:Niumaobai_39.82_N_113.10_E;age:1;dev_stage:Late_grain_filling_stage;geo_loc_name:missing;tissue:seed
PRJNA633940	SRR11814842	SAMN14917328	NA	seed	late grain filling stage	Xiaosanbian 34.86 N 105.67 E	RNA_B156	NA	cultivar:Xiaosanbian_34.86_N_105.67_E;age:1;dev_stage:Late_grain_filling_stage;geo_loc_name:missing;tissue:seed
PRJNA633940	SRR11814843	SAMN14917229	NA	seed	late grain filling stage	Heiniangu 42.75 N 123.34 E	RNA_B021	NA	cultivar:Heiniangu_42.75_N_123.34_E;age:1;dev_stage:Late_grain_filling_stage;geo_loc_name:missing;tissue:seed
PRJNA633940	SRR11814844	SAMN14917327	NA	seed	late grain filling stage	Daliangzhougu 36.07 N 103.75 E	RNA_B155	NA	cultivar:Daliangzhougu_36.07_N_103.75_E;age:1;dev_stage:Late_grain_filling_stage;geo_loc_name:missing;tissue:seed
PRJNA633940	SRR11814845	SAMN14917326	NA	seed	late grain filling stage	Xiaomingguzi 36.74 N 103.26 E	RNA_B154	NA	cultivar:Xiaomingguzi_36.74_N_103.26_E;age:1;dev_stage:Late_grain_filling_stage;geo_loc_name:missing;tissue:seed
PRJNA633940	SRR11814846	SAMN14917325	NA	seed	late grain filling stage	Hongrangu 36.01 N 106.28 E	RNA_B153	NA	cultivar:Hongrangu_36.01_N_106.28_E;age:1;dev_stage:Late_grain_filling_stage;geo_loc_name:missing;tissue:seed
PRJNA633940	SRR11814847	SAMN14917324	NA	seed	late grain filling stage	Honggu 35.97 N 105.72 E	RNA_B152	NA	cultivar:Honggu_35.97_N_105.72_E;age:1;dev_stage:Late_grain_filling_stage;geo_loc_name:missing;tissue:seed
PRJNA633940	SRR11814848	SAMN14917396	NA	seed	late grain filling stage	Nianzinuo 31.08 N 109.89 E	RNA_B252	NA	cultivar:Nianzinuo_31.08_N_109.89_E;age:1;dev_stage:Late_grain_filling_stage;geo_loc_name:missing;tissue:seed
PRJNA633940	SRR11814849	SAMN14917395	NA	seed	late grain filling stage	Huangjindou 31.08 N 109.89 E	RNA_B251	NA	cultivar:Huangjindou_31.08_N_109.89_E;age:1;dev_stage:Late_grain_filling_stage;geo_loc_name:missing;tissue:seed
PRJNA633940	SRR11814850	SAMN14917394	NA	seed	late grain filling stage	Wuzhaonuoxiaogu 31.08 N 109.89 E	RNA_B249	NA	cultivar:Wuzhaonuoxiaogu_31.08_N_109.89_E;age:1;dev_stage:Late_grain_filling_stage;geo_loc_name:missing;tissue:seed
PRJNA633940	SRR11814851	SAMN14917393	NA	seed	late grain filling stage	longzhaonuo 31.08 N 109.89 E	RNA_B248	NA	cultivar:longzhaonuo_31.08_N_109.89_E;age:1;dev_stage:Late_grain_filling_stage;geo_loc_name:missing;tissue:seed
PRJNA633940	SRR11814852	SAMN14917392	NA	seed	late grain filling stage	Jinfen52 36.18 N 113.11 E	RNA_B247	NA	cultivar:Jinfen52_36.18_N_113.11_E;age:1;dev_stage:Late_grain_filling_stage;geo_loc_name:missing;tissue:seed
PRJNA633940	SRR11814853	SAMN14917391	NA	seed	late grain filling stage	Zhejiang692 29.18 N 120.03 E	RNA_B246	NA	cultivar:Zhejiang692_29.18_N_120.03_E;age:1;dev_stage:Late_grain_filling_stage;geo_loc_name:missing;tissue:seed
PRJNA633940	SRR11814854	SAMN14917390	NA	seed	late grain filling stage	Hongergu 36.09 N 102.27 E	RNA_B245	NA	cultivar:Hongergu_36.09_N_102.27_E;age:1;dev_stage:Late_grain_filling_stage;geo_loc_name:missing;tissue:seed
PRJNA633940	SRR11814855	SAMN14917389	NA	seed	late grain filling stage	Jizhaohuanggu 33.01 N 114.35 E	RNA_B244	NA	cultivar:Jizhaohuanggu_33.01_N_114.35_E;age:1;dev_stage:Late_grain_filling_stage;geo_loc_name:missing;tissue:seed
PRJNA633940	SRR11814856	SAMN14917352	NA	seed	late grain filling stage	Zhouliwei 34.16 N 108.95 E	RNA_B187	NA	cultivar:Zhouliwei_34.16_N_108.95_E;age:1;dev_stage:Late_grain_filling_stage;geo_loc_name:missing;tissue:seed
PRJNA633940	SRR11814857	SAMN14917351	NA	seed	late grain filling stage	Rangu 34.57 N 110.09 E	RNA_B186	NA	cultivar:Rangu_34.57_N_110.09_E;age:1;dev_stage:Late_grain_filling_stage;geo_loc_name:missing;tissue:seed
PRJNA633940	SRR11814858	SAMN14917350	NA	seed	late grain filling stage	Xiaohuanggu 37.59 N 107.59 E	RNA_B185	NA	cultivar:Xiaohuanggu_37.59_N_107.59_E;age:1;dev_stage:Late_grain_filling_stage;geo_loc_name:missing;tissue:seed
PRJNA633940	SRR11814859	SAMN14917349	NA	seed	late grain filling stage	Huangjiugenqi 38.30 N 109.76 E	RNA_B184	NA	cultivar:Huangjiugenqi_38.30_N_109.76_E;age:1;dev_stage:Late_grain_filling_stage;geo_loc_name:missing;tissue:seed
PRJNA633940	SRR11814860	SAMN14917348	NA	seed	late grain filling stage	Baijiugu 38.82 N 110.50 E	RNA_B183	NA	cultivar:Baijiugu_38.82_N_110.50_E;age:1;dev_stage:Late_grain_filling_stage;geo_loc_name:missing;tissue:seed
PRJNA633940	SRR11814861	SAMN14917231	NA	seed	late grain filling stage	Dahandanniangu 41.59 N 119.34 E	RNA_B023	NA	cultivar:Dahandanniangu_41.59_N_119.34_E;age:1;dev_stage:Late_grain_filling_stage;geo_loc_name:missing;tissue:seed
PRJNA633940	SRR11814862	SAMN14917347	NA	seed	late grain filling stage	Heguzi 35.42 N 110.83 E	RNA_B182	NA	cultivar:Heguzi_35.42_N_110.83_E;age:1;dev_stage:Late_grain_filling_stage;geo_loc_name:missing;tissue:seed
PRJNA633940	SRR11814863	SAMN14917346	NA	seed	late grain filling stage	Youzhi18 37.26 N 111.78 E	RNA_B181	NA	cultivar:Youzhi18_37.26_N_111.78_E;age:1;dev_stage:Late_grain_filling_stage;geo_loc_name:missing;tissue:seed
PRJNA633940	SRR11814864	SAMN14917460	NA	seed	late grain filling stage	Longgu6 35.00 N 104.54 E	RNA_B336	NA	cultivar:Longgu6_35.00_N_104.54_E;age:1;dev_stage:Late_grain_filling_stage;geo_loc_name:missing;tissue:seed
PRJNA633940	SRR11814865	SAMN14917459	NA	seed	late grain filling stage	Longgu5 35.00 N 104.54 E	RNA_B335	NA	cultivar:Longgu5_35.00_N_104.54_E;age:1;dev_stage:Late_grain_filling_stage;geo_loc_name:missing;tissue:seed
PRJNA633940	SRR11814866	SAMN14917281	NA	seed	late grain filling stage	Jingu29 36.18 N 113.11 E	RNA_B093	NA	cultivar:Jingu29_36.18_N_113.11_E;age:1;dev_stage:Late_grain_filling_stage;geo_loc_name:missing;tissue:seed
PRJNA633940	SRR11814867	SAMN14917280	NA	seed	late grain filling stage	Zhushanuo 31.89 N 111.27 E	RNA_B092	NA	cultivar:Zhushanuo_31.89_N_111.27_E;age:1;dev_stage:Late_grain_filling_stage;geo_loc_name:missing;tissue:seed
PRJNA633940	SRR11814868	SAMN14917279	NA	seed	late grain filling stage	Qitouhuang 34.27 N 117.19 E	RNA_B091	NA	cultivar:Qitouhuang_34.27_N_117.19_E;age:1;dev_stage:Late_grain_filling_stage;geo_loc_name:missing;tissue:seed
PRJNA633940	SRR11814869	SAMN14917278	NA	seed	late grain filling stage	Depu 39.62 N -98.61 E	RNA_B089	NA	cultivar:Depu_39.62_N_-98.61_E;age:1;dev_stage:Late_grain_filling_stage;geo_loc_name:missing;tissue:seed
PRJNA633940	SRR11814870	SAMN14917224	NA	seed	late grain filling stage	Xiaojinzhuo 46.40 N 125.33 E	RNA_B009	NA	cultivar:Xiaojinzhuo_46.40_N_125.33_E;age:1;dev_stage:Late_grain_filling_stage;geo_loc_name:missing;tissue:seed
PRJNA633940	SRR11814871	SAMN14917277	NA	seed	late grain filling stage	Kraftborn 52.08 N 5.39 E	RNA_B085	NA	cultivar:Kraftborn_52.08_N_5.39_E;age:1;dev_stage:Late_grain_filling_stage;geo_loc_name:missing;tissue:seed
PRJNA633940	SRR11814872	SAMN14917276	NA	seed	late grain filling stage	Jingu57 36.18 N 113.11 E	RNA_B083	NA	cultivar:Jingu57_36.18_N_113.11_E;age:1;dev_stage:Late_grain_filling_stage;geo_loc_name:missing;tissue:seed
PRJNA633940	SRR11814873	SAMN14917275	NA	seed	late grain filling stage	Jingu54 36.18 N 113.11 E	RNA_B080	NA	cultivar:Jingu54_36.18_N_113.11_E;age:1;dev_stage:Late_grain_filling_stage;geo_loc_name:missing;tissue:seed
PRJNA633940	SRR11814874	SAMN14917438	NA	seed	late grain filling stage	An06h-8023 36.10 N 114.35 E	RNA_B306	NA	cultivar:An06h-8023_36.10_N_114.35_E;age:1;dev_stage:Late_grain_filling_stage;geo_loc_name:missing;tissue:seed
PRJNA633940	SRR11814875	SAMN14917240	NA	seed	late grain filling stage	Daqingmiaoyuci 35.69 N 105.06 E	RNA_B038	NA	cultivar:Daqingmiaoyuci_35.69_N_105.06_E;age:1;dev_stage:Late_grain_filling_stage;geo_loc_name:missing;tissue:seed
PRJNA633940	SRR11814876	SAMN14917437	NA	seed	late grain filling stage	An07-hai4065 36.10 N 114.35 E	RNA_B305	NA	cultivar:An07-hai4065_36.10_N_114.35_E;age:1;dev_stage:Late_grain_filling_stage;geo_loc_name:missing;tissue:seed
PRJNA633940	SRR11814877	SAMN14917436	NA	seed	late grain filling stage	An06-4113 36.10 N 114.35 E	RNA_B304	NA	cultivar:An06-4113_36.10_N_114.35_E;age:1;dev_stage:Late_grain_filling_stage;geo_loc_name:missing;tissue:seed
PRJNA633940	SRR11814878	SAMN14917435	NA	seed	late grain filling stage	An04-5014 36.10 N 114.35 E	RNA_B303	NA	cultivar:An04-5014_36.10_N_114.35_E;age:1;dev_stage:Late_grain_filling_stage;geo_loc_name:missing;tissue:seed
PRJNA633940	SRR11814879	SAMN14917434	NA	seed	late grain filling stage	An04-4705 36.10 N 114.35 E	RNA_B302	NA	cultivar:An04-4705_36.10_N_114.35_E;age:1;dev_stage:Late_grain_filling_stage;geo_loc_name:missing;tissue:seed
PRJNA633940	SRR11814880	SAMN14917433	NA	seed	late grain filling stage	Baogu18 38.86 N 115.50 E	RNA_B301	NA	cultivar:Baogu18_38.86_N_115.50_E;age:1;dev_stage:Late_grain_filling_stage;geo_loc_name:missing;tissue:seed
PRJNA633940	SRR11814881	SAMN14917432	NA	seed	late grain filling stage	Heiguzi 40.97 N 117.92 E	RNA_B299	NA	cultivar:Heiguzi_40.97_N_117.92_E;age:1;dev_stage:Late_grain_filling_stage;geo_loc_name:missing;tissue:seed
PRJNA633940	SRR11814882	SAMN14917218	NA	seed	late grain filling stage	Paoziyanguzi-1 50.25 N 127.50 E	RNA_B001	NA	cultivar:Paoziyanguzi-1_50.25_N_127.50_E;age:1;dev_stage:Late_grain_filling_stage;geo_loc_name:missing;tissue:seed
PRJNA633940	SRR11814883	SAMN14917388	NA	seed	late grain filling stage	Daluochuigu 33.43 N 113.59 E	RNA_B243	NA	cultivar:Daluochuigu_33.43_N_113.59_E;age:1;dev_stage:Late_grain_filling_stage;geo_loc_name:missing;tissue:seed
PRJNA633940	SRR11814884	SAMN14917235	NA	seed	late grain filling stage	Erheisheyao 40.88 N 113.89 E	RNA_B030	NA	cultivar:Erheisheyao_40.88_N_113.89_E;age:1;dev_stage:Late_grain_filling_stage;geo_loc_name:missing;tissue:seed
PRJNA633940	SRR11814885	SAMN14917387	NA	seed	late grain filling stage	Zhongmou-baogu 34.73 N 114.03 E	RNA_B242	NA	cultivar:Zhongmou-baogu_34.73_N_114.03_E;age:1;dev_stage:Late_grain_filling_stage;geo_loc_name:missing;tissue:seed
PRJNA633940	SRR11814886	SAMN14917386	NA	seed	late grain filling stage	Damaosui 34.79 N 114.35 E	RNA_B241	NA	cultivar:Damaosui_34.79_N_114.35_E;age:1;dev_stage:Late_grain_filling_stage;geo_loc_name:missing;tissue:seed
PRJNA633940	SRR11814887	SAMN14917385	NA	seed	late grain filling stage	Baishagu 36.01 N 106.28 E	RNA_B240	NA	cultivar:Baishagu_36.01_N_106.28_E;age:1;dev_stage:Late_grain_filling_stage;geo_loc_name:missing;tissue:seed
PRJNA633940	SRR11814888	SAMN14917384	NA	seed	late grain filling stage	Jingu35 36.18 N 113.11 E	RNA_B239	NA	cultivar:Jingu35_36.18_N_113.11_E;age:1;dev_stage:Late_grain_filling_stage;geo_loc_name:missing;tissue:seed
PRJNA633940	SRR11814889	SAMN14917383	NA	seed	late grain filling stage	Dahuanggu 38.91 N 106.54 E	RNA_B238	NA	cultivar:Dahuanggu_38.91_N_106.54_E;age:1;dev_stage:Late_grain_filling_stage;geo_loc_name:missing;tissue:seed
PRJNA633940	SRR11814890	SAMN14917382	NA	seed	late grain filling stage	Dabaitiao 39.11 N 106.69 E	RNA_B237	NA	cultivar:Dabaitiao_39.11_N_106.69_E;age:1;dev_stage:Late_grain_filling_stage;geo_loc_name:missing;tissue:seed
PRJNA633940	SRR11814891	SAMN14917323	NA	seed	late grain filling stage	Hongnuogu 38.91 N 106.54 E	RNA_B151	NA	cultivar:Hongnuogu_38.91_N_106.54_E;age:1;dev_stage:Late_grain_filling_stage;geo_loc_name:missing;tissue:seed
PRJNA633940	SRR11814892	SAMN14917322	NA	seed	late grain filling stage	Hongmiaoniutougou 42.27 N 118.95 E	RNA_B150	NA	cultivar:Hongmiaoniutougou_42.27_N_118.95_E;age:1;dev_stage:Late_grain_filling_stage;geo_loc_name:missing;tissue:seed
PRJNA633940	SRR11814893	SAMN14917321	NA	seed	late grain filling stage	Lamahuang 42.01 N 121.65 E	RNA_B149	NA	cultivar:Lamahuang_42.01_N_121.65_E;age:1;dev_stage:Late_grain_filling_stage;geo_loc_name:missing;tissue:seed
PRJNA633940	SRR11814894	SAMN14917320	NA	seed	late grain filling stage	Yazizui 44.27 N 123.98 E	RNA_B147	NA	cultivar:Yazizui_44.27_N_123.98_E;age:1;dev_stage:Late_grain_filling_stage;geo_loc_name:missing;tissue:seed
PRJNA633940	SRR11814895	SAMN14917319	NA	seed	late grain filling stage	Laotoujue 45.17 N 124.82 E	RNA_B146	NA	cultivar:Laotoujue_45.17_N_124.82_E;age:1;dev_stage:Late_grain_filling_stage;geo_loc_name:missing;tissue:seed
PRJNA633940	SRR11814896	SAMN14917318	NA	seed	late grain filling stage	Xiaohuangguzi 45.50 N 124.29 E	RNA_B145	NA	cultivar:Xiaohuangguzi_45.50_N_124.29_E;age:1;dev_stage:Late_grain_filling_stage;geo_loc_name:missing;tissue:seed
PRJNA633940	SRR11814897	SAMN14917228	NA	seed	late grain filling stage	Huangniangu 41.68 N 125.75 E	RNA_B020	NA	cultivar:Huangniangu_41.68_N_125.75_E;age:1;dev_stage:Late_grain_filling_stage;geo_loc_name:missing;tissue:seed
PRJNA633940	SRR11814898	SAMN14917219	NA	seed	late grain filling stage	Laolaibian 49.33 N 127.14 E	RNA_B002	NA	cultivar:Laolaibian_49.33_N_127.14_E;age:1;dev_stage:Late_grain_filling_stage;geo_loc_name:missing;tissue:seed
PRJNA633940	SRR11814899	SAMN14917511	NA	seed	late grain filling stage	200108-2 43.89 N 125.32 E	RNA_B405	NA	cultivar:200108-2_43.89_N_125.32_E;age:1;dev_stage:Late_grain_filling_stage;geo_loc_name:missing;tissue:seed
PRJNA633940	SRR11814900	SAMN14917510	NA	seed	late grain filling stage	Nenxuan16 46.59 N 128.70 E	RNA_B403	NA	cultivar:Nenxuan16_46.59_N_128.70_E;age:1;dev_stage:Late_grain_filling_stage;geo_loc_name:missing;tissue:seed
PRJNA633940	SRR11814901	SAMN14917509	NA	seed	late grain filling stage	Nenxuan15 46.59 N 128.70 E	RNA_B402	NA	cultivar:Nenxuan15_46.59_N_128.70_E;age:1;dev_stage:Late_grain_filling_stage;geo_loc_name:missing;tissue:seed
PRJNA633940	SRR11814902	SAMN14917508	NA	seed	late grain filling stage	Nenxuan14 46.59 N 128.70 E	RNA_B401	NA	cultivar:Nenxuan14_46.59_N_128.70_E;age:1;dev_stage:Late_grain_filling_stage;geo_loc_name:missing;tissue:seed
PRJNA633940	SRR11814903	SAMN14917247	NA	seed	late grain filling stage	Xiangyanggu 37.34 N 111.19 E	RNA_B045	NA	cultivar:Xiangyanggu_37.34_N_111.19_E;age:1;dev_stage:Late_grain_filling_stage;geo_loc_name:missing;tissue:seed
PRJNA633940	SRR11814904	SAMN14917507	NA	seed	late grain filling stage	Nenxuan13 46.59 N 128.70 E	RNA_B400	NA	cultivar:Nenxuan13_46.59_N_128.70_E;age:1;dev_stage:Late_grain_filling_stage;geo_loc_name:missing;tissue:seed
PRJNA633940	SRR11814905	SAMN14917506	NA	seed	late grain filling stage	Nenxuan12 46.59 N 128.70 E	RNA_B399	NA	cultivar:Nenxuan12_46.59_N_128.70_E;age:1;dev_stage:Late_grain_filling_stage;geo_loc_name:missing;tissue:seed
PRJNA633940	SRR11814906	SAMN14917505	NA	seed	late grain filling stage	Nenxuan11 49.17 N 125.21 E	RNA_B398	NA	cultivar:Nenxuan11_49.17_N_125.21_E;age:1;dev_stage:Late_grain_filling_stage;geo_loc_name:missing;tissue:seed
PRJNA633940	SRR11814907	SAMN14917475	NA	seed	late grain filling stage	206058 38.05 N 114.49 E	RNA_B356	NA	cultivar:206058_38.05_N_114.49_E;age:1;dev_stage:Late_grain_filling_stage;geo_loc_name:missing;tissue:seed
PRJNA633940	SRR11814908	SAMN14917474	NA	seed	late grain filling stage	Jigu30 38.05 N 114.49 E	RNA_B355	NA	cultivar:Jigu30_38.05_N_114.49_E;age:1;dev_stage:Late_grain_filling_stage;geo_loc_name:missing;tissue:seed
PRJNA633940	SRR11814909	SAMN14917473	NA	seed	late grain filling stage	Jigu28 38.05 N 114.49 E	RNA_B354	NA	cultivar:Jigu28_38.05_N_114.49_E;age:1;dev_stage:Late_grain_filling_stage;geo_loc_name:missing;tissue:seed
PRJNA633940	SRR11814910	SAMN14917472	NA	seed	late grain filling stage	Jingu1 38.05 N 114.49 E	RNA_B352	NA	cultivar:Jingu1_38.05_N_114.49_E;age:1;dev_stage:Late_grain_filling_stage;geo_loc_name:missing;tissue:seed
PRJNA633940	SRR11814911	SAMN14917471	NA	seed	late grain filling stage	95307 38.05 N 114.49 E	RNA_B351	NA	cultivar:95307_38.05_N_114.49_E;age:1;dev_stage:Late_grain_filling_stage;geo_loc_name:missing;tissue:seed
PRJNA633940	SRR11814912	SAMN14917470	NA	seed	late grain filling stage	Gufeng2 38.05 N 114.49 E	RNA_B350	NA	cultivar:Gufeng2_38.05_N_114.49_E;age:1;dev_stage:Late_grain_filling_stage;geo_loc_name:missing;tissue:seed
PRJNA633940	SRR11814913	SAMN14917469	NA	seed	late grain filling stage	Fenggu1 38.05 N 114.49 E	RNA_B349	NA	cultivar:Fenggu1_38.05_N_114.49_E;age:1;dev_stage:Late_grain_filling_stage;geo_loc_name:missing;tissue:seed
PRJNA633940	SRR11814914	SAMN14917468	NA	seed	late grain filling stage	Baimi1 38.05 N 114.49 E	RNA_B348	NA	cultivar:Baimi1_38.05_N_114.49_E;age:1;dev_stage:Late_grain_filling_stage;geo_loc_name:missing;tissue:seed
PRJNA633940	SRR11814915	SAMN14917367	NA	seed	late grain filling stage	K-3606 61.99 N 96.69 E	RNA_B212	NA	cultivar:K-3606_61.99_N_96.69_E;age:1;dev_stage:Late_grain_filling_stage;geo_loc_name:missing;tissue:seed
PRJNA633940	SRR11814916	SAMN14917366	NA	seed	late grain filling stage	Xi1-2-4 34.07 N 108.60 E	RNA_B209	NA	cultivar:Xi1-2-4_34.07_N_108.60_E;age:1;dev_stage:Late_grain_filling_stage;geo_loc_name:missing;tissue:seed
PRJNA633940	SRR11814917	SAMN14917458	NA	seed	late grain filling stage	Longgu4 35.00 N 104.54 E	RNA_B334	NA	cultivar:Longgu4_35.00_N_104.54_E;age:1;dev_stage:Late_grain_filling_stage;geo_loc_name:missing;tissue:seed
PRJNA633940	SRR11814918	SAMN14917242	NA	seed	late grain filling stage	Yatache 40.04 N 113.59 E	RNA_B040	NA	cultivar:Yatache_40.04_N_113.59_E;age:1;dev_stage:Late_grain_filling_stage;geo_loc_name:missing;tissue:seed
PRJNA633940	SRR11814919	SAMN14917457	NA	seed	late grain filling stage	Longgu3 35.00 N 104.54 E	RNA_B333	NA	cultivar:Longgu3_35.00_N_104.54_E;age:1;dev_stage:Late_grain_filling_stage;geo_loc_name:missing;tissue:seed
PRJNA633940	SRR11814920	SAMN14917456	NA	seed	late grain filling stage	Longgu11 35.00 N 104.54 E	RNA_B332	NA	cultivar:Longgu11_35.00_N_104.54_E;age:1;dev_stage:Late_grain_filling_stage;geo_loc_name:missing;tissue:seed
PRJNA633940	SRR11814921	SAMN14917455	NA	seed	late grain filling stage	Longu10 35.00 N 104.54 E	RNA_B331	NA	cultivar:Longu10_35.00_N_104.54_E;age:1;dev_stage:Late_grain_filling_stage;geo_loc_name:missing;tissue:seed
PRJNA633940	SRR11814922	SAMN14917454	NA	seed	late grain filling stage	Pin141 39.92 N 116.38 E	RNA_B329	NA	cultivar:Pin141_39.92_N_116.38_E;age:1;dev_stage:Late_grain_filling_stage;geo_loc_name:missing;tissue:seed
PRJNA633940	SRR11814923	SAMN14917374	NA	seed	late grain filling stage	Shengtouzi 34.27 N 117.19 E	RNA_B227	NA	cultivar:Shengtouzi_34.27_N_117.19_E;age:1;dev_stage:Late_grain_filling_stage;geo_loc_name:missing;tissue:seed
PRJNA633940	SRR11814924	SAMN14917373	NA	seed	late grain filling stage	1/1/60 39.92 N 116.38 E	RNA_B219	NA	cultivar:1/1/60_39.92_N_116.38_E;age:1;dev_stage:Late_grain_filling_stage;geo_loc_name:missing;tissue:seed
PRJNA633940	SRR11814925	SAMN14917372	NA	seed	late grain filling stage	Zheng737 34.11 N 113.60 E	RNA_B217	NA	cultivar:Zheng737_34.11_N_113.60_E;age:1;dev_stage:Late_grain_filling_stage;geo_loc_name:missing;tissue:seed
PRJNA633940	SRR11814926	SAMN14917371	NA	seed	late grain filling stage	Zheng256 34.11 N 113.60 E	RNA_B216	NA	cultivar:Zheng256_34.11_N_113.60_E;age:1;dev_stage:Late_grain_filling_stage;geo_loc_name:missing;tissue:seed
PRJNA633940	SRR11814927	SAMN14917370	NA	seed	late grain filling stage	Zheng448 34.11 N 113.60 E	RNA_B215	NA	cultivar:Zheng448_34.11_N_113.60_E;age:1;dev_stage:Late_grain_filling_stage;geo_loc_name:missing;tissue:seed
PRJNA633940	SRR11814928	SAMN14917369	NA	seed	late grain filling stage	Zheng204(1) 34.11 N 113.60 E	RNA_B214	NA	cultivar:Zheng204(1)_34.11_N_113.60_E;age:1;dev_stage:Late_grain_filling_stage;geo_loc_name:missing;tissue:seed
PRJNA633940	SRR11814929	SAMN14917368	NA	seed	late grain filling stage	Ise1474 NA N NA E	RNA_B213	NA	cultivar:Ise1474_NA_N_NA_E;age:1;dev_stage:Late_grain_filling_stage;geo_loc_name:missing;tissue:seed
PRJNA633940	SRR11814930	SAMN14917233	NA	seed	late grain filling stage	Longgu 41.38 N 122.42 E	RNA_B027	NA	cultivar:Longgu_41.38_N_122.42_E;age:1;dev_stage:Late_grain_filling_stage;geo_loc_name:missing;tissue:seed
PRJNA633940	SRR11814931	SAMN14917288	NA	seed	late grain filling stage	Hongniangu 42.68 N 126.04 E	RNA_B102	NA	cultivar:Hongniangu_42.68_N_126.04_E;age:1;dev_stage:Late_grain_filling_stage;geo_loc_name:missing;tissue:seed
PRJNA633940	SRR11814932	SAMN14917225	NA	seed	late grain filling stage	Longzhao 46.73 N 129.90 E	RNA_B013	NA	cultivar:Longzhao_46.73_N_129.90_E;age:1;dev_stage:Late_grain_filling_stage;geo_loc_name:missing;tissue:seed
PRJNA633940	SRR11814933	SAMN14917287	NA	seed	late grain filling stage	Jiajinmiao 44.00 N 116.55 E	RNA_B101	NA	cultivar:Jiajinmiao_44.00_N_116.55_E;age:1;dev_stage:Late_grain_filling_stage;geo_loc_name:missing;tissue:seed
PRJNA633940	SRR11814934	SAMN14917286	NA	seed	late grain filling stage	Hongniangu 46.07 N 127.40 E	RNA_B100	NA	cultivar:Hongniangu_46.07_N_127.40_E;age:1;dev_stage:Late_grain_filling_stage;geo_loc_name:missing;tissue:seed
PRJNA633940	SRR11814935	SAMN14917285	NA	seed	late grain filling stage	Anfeng 45.37 N 126.32 E	RNA_B098	NA	cultivar:Anfeng_45.37_N_126.32_E;age:1;dev_stage:Late_grain_filling_stage;geo_loc_name:missing;tissue:seed
PRJNA633940	SRR11814936	SAMN14917284	NA	seed	late grain filling stage	Gougen 46.88 N 127.50 E	RNA_B097	NA	cultivar:Gougen_46.88_N_127.50_E;age:1;dev_stage:Late_grain_filling_stage;geo_loc_name:missing;tissue:seed
PRJNA633940	SRR11814937	SAMN14917283	NA	seed	late grain filling stage	Jinxiangyu 45.51 N 125.08 E	RNA_B096	NA	cultivar:Jinxiangyu_45.51_N_125.08_E;age:1;dev_stage:Late_grain_filling_stage;geo_loc_name:missing;tissue:seed
PRJNA633940	SRR11814938	SAMN14917282	NA	seed	late grain filling stage	Heigu2 50.24 N 127.49 E	RNA_B094	NA	cultivar:Heigu2_50.24_N_127.49_E;age:1;dev_stage:Late_grain_filling_stage;geo_loc_name:missing;tissue:seed
PRJNA633940	SRR11814939	SAMN14917248	NA	seed	late grain filling stage	Maotigu 36.11 N 113.20 E	RNA_B046	NA	cultivar:Maotigu_36.11_N_113.20_E;age:1;dev_stage:Late_grain_filling_stage;geo_loc_name:missing;tissue:seed
PRJNA633940	SRR11814940	SAMN14917221	NA	seed	late grain filling stage	Yazizui 48.03 N 125.87 E	RNA_B005	NA	cultivar:Yazizui_48.03_N_125.87_E;age:1;dev_stage:Late_grain_filling_stage;geo_loc_name:missing;tissue:seed
PRJNA633940	SRR11814941	SAMN14917517	NA	seed	late grain filling stage	Jingu31 37.09 N 112.00 E	RNA_B415	NA	cultivar:Jingu31_37.09_N_112.00_E;age:1;dev_stage:Late_grain_filling_stage;geo_loc_name:missing;tissue:seed
PRJNA633940	SRR11814942	SAMN14917516	NA	seed	late grain filling stage	Jingu25 37.09 N 112.00 E	RNA_B414	NA	cultivar:Jingu25_37.09_N_112.00_E;age:1;dev_stage:Late_grain_filling_stage;geo_loc_name:missing;tissue:seed
PRJNA633940	SRR11814943	SAMN14917515	NA	seed	late grain filling stage	Jingu23 37.09 N 112.00 E	RNA_B413	NA	cultivar:Jingu23_37.09_N_112.00_E;age:1;dev_stage:Late_grain_filling_stage;geo_loc_name:missing;tissue:seed
PRJNA633940	SRR11814944	SAMN14917514	NA	seed	late grain filling stage	Jingu33 37.09 N 112.00 E	RNA_B412	NA	cultivar:Jingu33_37.09_N_112.00_E;age:1;dev_stage:Late_grain_filling_stage;geo_loc_name:missing;tissue:seed
PRJNA633940	SRR11814945	SAMN14917513	NA	seed	late grain filling stage	Jiugu9 43.89 N 126.57 E	RNA_B407	NA	cultivar:Jiugu9_43.89_N_126.57_E;age:1;dev_stage:Late_grain_filling_stage;geo_loc_name:missing;tissue:seed
PRJNA633940	SRR11814946	SAMN14917512	NA	seed	late grain filling stage	Jiugu8 43.89 N 126.57 E	RNA_B406	NA	cultivar:Jiugu8_43.89_N_126.57_E;age:1;dev_stage:Late_grain_filling_stage;geo_loc_name:missing;tissue:seed
PRJNA633940	SRR11814947	SAMN14917410	NA	seed	late grain filling stage	Jigu18 38.05 N 114.49 E	RNA_B274	NA	cultivar:Jigu18_38.05_N_114.49_E;age:1;dev_stage:Late_grain_filling_stage;geo_loc_name:missing;tissue:seed
PRJNA633940	SRR11814948	SAMN14917409	NA	seed	late grain filling stage	Huangjinmiao 40.82 N 111.66 E	RNA_B272	NA	cultivar:Huangjinmiao_40.82_N_111.66_E;age:1;dev_stage:Late_grain_filling_stage;geo_loc_name:missing;tissue:seed
PRJNA633940	SRR11814949	SAMN14917408	NA	seed	late grain filling stage	Chigu9 40.82 N 111.66 E	RNA_B269	NA	cultivar:Chigu9_40.82_N_111.66_E;age:1;dev_stage:Late_grain_filling_stage;geo_loc_name:missing;tissue:seed
PRJNA633940	SRR11814950	SAMN14917237	NA	seed	late grain filling stage	Gaolianghong 40.44 N 113.15 E	RNA_B033	NA	cultivar:Gaolianghong_40.44_N_113.15_E;age:1;dev_stage:Late_grain_filling_stage;geo_loc_name:missing;tissue:seed
PRJNA633940	SRR11814951	SAMN14917407	NA	seed	late grain filling stage	Chigu8 40.82 N 111.66 E	RNA_B268	NA	cultivar:Chigu8_40.82_N_111.66_E;age:1;dev_stage:Late_grain_filling_stage;geo_loc_name:missing;tissue:seed
PRJNA633940	SRR11814952	SAMN14917406	NA	seed	late grain filling stage	Mengjingu1 40.82 N 111.66 E	RNA_B264	NA	cultivar:Mengjingu1_40.82_N_111.66_E;age:1;dev_stage:Late_grain_filling_stage;geo_loc_name:missing;tissue:seed
PRJNA633940	SRR11814953	SAMN14917405	NA	seed	late grain filling stage	Chihegu 32.09 N 112.20 E	RNA_B263	NA	cultivar:Chihegu_32.09_N_112.20_E;age:1;dev_stage:Late_grain_filling_stage;geo_loc_name:missing;tissue:seed
PRJNA633940	SRR11814954	SAMN14917404	NA	seed	late grain filling stage	Huagu 35.51 N 117.63 E	RNA_B262	NA	cultivar:Huagu_35.51_N_117.63_E;age:1;dev_stage:Late_grain_filling_stage;geo_loc_name:missing;tissue:seed
PRJNA633940	SRR11814955	SAMN14917252	NA	seed	late grain filling stage	Huangmiaoguzi 39.92 N 116.38 E	RNA_B050	NA	cultivar:Huangmiaoguzi_39.92_N_116.38_E;age:1;dev_stage:Late_grain_filling_stage;geo_loc_name:missing;tissue:seed
PRJNA633940	SRR11814956	SAMN14917251	NA	seed	late grain filling stage	Qianchuanjingu 39.92 N 116.38 E	RNA_B049	NA	cultivar:Qianchuanjingu_39.92_N_116.38_E;age:1;dev_stage:Late_grain_filling_stage;geo_loc_name:missing;tissue:seed
PRJNA633940	SRR11814957	SAMN14917250	NA	seed	late grain filling stage	Maomaoliang 40.76 N 118.16 E	RNA_B048	NA	cultivar:Maomaoliang_40.76_N_118.16_E;age:1;dev_stage:Late_grain_filling_stage;geo_loc_name:missing;tissue:seed
PRJNA633940	SRR11814958	SAMN14917529	NA	seed	late grain filling stage	Dungu1	RNA_B434	NA	cultivar:Dungu1;age:1;dev_stage:Late_grain_filling_stage;geo_loc_name:missing;tissue:seed
PRJNA633940	SRR11814959	SAMN14917528	NA	seed	late grain filling stage	Yuanpingxiaogu	RNA_B433	NA	cultivar:Yuanpingxiaogu;age:1;dev_stage:Late_grain_filling_stage;geo_loc_name:missing;tissue:seed
PRJNA633940	SRR11814960	SAMN14917249	NA	seed	late grain filling stage	Huangdali 40.27 N 115.15 E	RNA_B047	NA	cultivar:Huangdali_40.27_N_115.15_E;age:1;dev_stage:Late_grain_filling_stage;geo_loc_name:missing;tissue:seed
PRJNA633940	SRR11814961	SAMN14917527	NA	seed	late grain filling stage	GBS	RNA_B432	NA	cultivar:GBS;age:1;dev_stage:Late_grain_filling_stage;geo_loc_name:missing;tissue:seed
PRJNA633940	SRR11814962	SAMN14917526	NA	seed	late grain filling stage	Changgu1 36.18 N 113.11 E	RNA_B431	NA	cultivar:Changgu1_36.18_N_113.11_E;age:1;dev_stage:Late_grain_filling_stage;geo_loc_name:missing;tissue:seed
PRJNA633940	SRR11814963	SAMN14917310	NA	seed	late grain filling stage	Guzi 39.38 N 75.86 E	RNA_B129	NA	cultivar:Guzi_39.38_N_75.86_E;age:1;dev_stage:Late_grain_filling_stage;geo_loc_name:missing;tissue:seed
PRJNA633940	SRR11814964	SAMN14917309	NA	seed	late grain filling stage	Guzi 43.96 N 87.65 E	RNA_B127	NA	cultivar:Guzi_43.96_N_87.65_E;age:1;dev_stage:Late_grain_filling_stage;geo_loc_name:missing;tissue:seed
PRJNA633940	SRR11814965	SAMN14917308	NA	seed	late grain filling stage	Guzi 42.94 N 89.18 E	RNA_B126	NA	cultivar:Guzi_42.94_N_89.18_E;age:1;dev_stage:Late_grain_filling_stage;geo_loc_name:missing;tissue:seed
PRJNA633940	SRR11814966	SAMN14917227	NA	seed	late grain filling stage	Xiaomiaojin 45.62 N 122.84 E	RNA_B019	NA	cultivar:Xiaomiaojin_45.62_N_122.84_E;age:1;dev_stage:Late_grain_filling_stage;geo_loc_name:missing;tissue:seed
PRJNA633940	SRR11814967	SAMN14917307	NA	seed	late grain filling stage	Guzi 36.33 N 102.81 E	RNA_B125	NA	cultivar:Guzi_36.33_N_102.81_E;age:1;dev_stage:Late_grain_filling_stage;geo_loc_name:missing;tissue:seed
PRJNA633940	SRR11814968	SAMN14917306	NA	seed	late grain filling stage	Daqingjie NA N NA E	RNA_B124	NA	cultivar:Daqingjie_NA_N_NA_E;age:1;dev_stage:Late_grain_filling_stage;geo_loc_name:missing;tissue:seed
PRJNA633940	SRR11814969	SAMN14917305	NA	seed	late grain filling stage	Xiaohonggu 36.09 N 102.27 E	RNA_B122	NA	cultivar:Xiaohonggu_36.09_N_102.27_E;age:1;dev_stage:Late_grain_filling_stage;geo_loc_name:missing;tissue:seed
PRJNA633940	SRR11814970	SAMN14917304	NA	seed	late grain filling stage	Xiaomiaogu 36.01 N 106.28 E	RNA_B121	NA	cultivar:Xiaomiaogu_36.01_N_106.28_E;age:1;dev_stage:Late_grain_filling_stage;geo_loc_name:missing;tissue:seed
PRJNA633940	SRR11814971	SAMN14917504	NA	seed	late grain filling stage	Nenxuan10 49.17 N 125.21 E	RNA_B397	NA	cultivar:Nenxuan10_49.17_N_125.21_E;age:1;dev_stage:Late_grain_filling_stage;geo_loc_name:missing;tissue:seed
PRJNA633940	SRR11814972	SAMN14917503	NA	seed	late grain filling stage	Longgu27 46.59 N 128.70 E	RNA_B395	NA	cultivar:Longgu27_46.59_N_128.70_E;age:1;dev_stage:Late_grain_filling_stage;geo_loc_name:missing;tissue:seed
PRJNA633940	SRR11814973	SAMN14917502	NA	seed	late grain filling stage	Longgu26 46.59 N 128.70 E	RNA_B394	NA	cultivar:Longgu26_46.59_N_128.70_E;age:1;dev_stage:Late_grain_filling_stage;geo_loc_name:missing;tissue:seed
PRJNA633940	SRR11814974	SAMN14917501	NA	seed	late grain filling stage	07-7002 46.59 N 128.70 E	RNA_B392	NA	cultivar:07-7002_46.59_N_128.70_E;age:1;dev_stage:Late_grain_filling_stage;geo_loc_name:missing;tissue:seed
PRJNA633940	SRR11814975	SAMN14917500	NA	seed	late grain filling stage	216 46.59 N 128.70 E	RNA_B391	NA	cultivar:216_46.59_N_128.70_E;age:1;dev_stage:Late_grain_filling_stage;geo_loc_name:missing;tissue:seed
PRJNA633940	SRR11814976	SAMN14917499	NA	seed	late grain filling stage	Longgu32 46.59 N 128.70 E	RNA_B390	NA	cultivar:Longgu32_46.59_N_128.70_E;age:1;dev_stage:Late_grain_filling_stage;geo_loc_name:missing;tissue:seed
PRJNA633940	SRR11814977	SAMN14917498	NA	seed	late grain filling stage	Longgu31 46.59 N 128.70 E	RNA_B389	NA	cultivar:Longgu31_46.59_N_128.70_E;age:1;dev_stage:Late_grain_filling_stage;geo_loc_name:missing;tissue:seed
PRJNA633940	SRR11814978	SAMN14917246	NA	seed	late grain filling stage	Liulenggu 39.19 N 113.27 E	RNA_B044	NA	cultivar:Liulenggu_39.19_N_113.27_E;age:1;dev_stage:Late_grain_filling_stage;geo_loc_name:missing;tissue:seed
PRJNA633940	SRR11814979	SAMN14917482	NA	seed	late grain filling stage	Gonggu31 43.89 N 125.32 E	RNA_B367	NA	cultivar:Gonggu31_43.89_N_125.32_E;age:1;dev_stage:Late_grain_filling_stage;geo_loc_name:missing;tissue:seed
PRJNA633940	SRR11814980	SAMN14917481	NA	seed	late grain filling stage	Gongguxin7 43.89 N 125.32 E	RNA_B366	NA	cultivar:Gongguxin7_43.89_N_125.32_E;age:1;dev_stage:Late_grain_filling_stage;geo_loc_name:missing;tissue:seed
PRJNA633940	SRR11814981	SAMN14917480	NA	seed	late grain filling stage	Gonggu5-1 43.89 N 125.32 E	RNA_B365	NA	cultivar:Gonggu5-1_43.89_N_125.32_E;age:1;dev_stage:Late_grain_filling_stage;geo_loc_name:missing;tissue:seed
PRJNA633940	SRR11814982	SAMN14917479	NA	seed	late grain filling stage	Jigu12 38.31 N 116.86 E	RNA_B360	NA	cultivar:Jigu12_38.31_N_116.86_E;age:1;dev_stage:Late_grain_filling_stage;geo_loc_name:missing;tissue:seed
PRJNA633940	SRR11814983	SAMN14917478	NA	seed	late grain filling stage	Cang555 38.31 N 116.86 E	RNA_B359	NA	cultivar:Cang555_38.31_N_116.86_E;age:1;dev_stage:Late_grain_filling_stage;geo_loc_name:missing;tissue:seed
PRJNA633940	SRR11814984	SAMN14917244	NA	seed	late grain filling stage	Qingruangu 39.51 N 112.84 E	RNA_B042	NA	cultivar:Qingruangu_39.51_N_112.84_E;age:1;dev_stage:Late_grain_filling_stage;geo_loc_name:missing;tissue:seed
PRJNA633940	SRR11814985	SAMN14917477	NA	seed	late grain filling stage	Canggu4 38.31 N 116.86 E	RNA_B358	NA	cultivar:Canggu4_38.31_N_116.86_E;age:1;dev_stage:Late_grain_filling_stage;geo_loc_name:missing;tissue:seed
PRJNA633940	SRR11814986	SAMN14917476	NA	seed	late grain filling stage	Canggu3 38.31 N 116.86 E	RNA_B357	NA	cultivar:Canggu3_38.31_N_116.86_E;age:1;dev_stage:Late_grain_filling_stage;geo_loc_name:missing;tissue:seed
PRJNA633940	SRR11814987	SAMN14917303	NA	seed	late grain filling stage	Jinbangzi 37.46 N 102.88 E	RNA_B120	NA	cultivar:Jinbangzi_37.46_N_102.88_E;age:1;dev_stage:Late_grain_filling_stage;geo_loc_name:missing;tissue:seed
PRJNA633940	SRR11814988	SAMN14917302	NA	seed	late grain filling stage	Hongmaogu 37.46 N 102.88 E	RNA_B119	NA	cultivar:Hongmaogu_37.46_N_102.88_E;age:1;dev_stage:Late_grain_filling_stage;geo_loc_name:missing;tissue:seed
PRJNA633940	SRR11814989	SAMN14917301	NA	seed	late grain filling stage	Xiaohonggu 37.46 N 102.88 E	RNA_B118	NA	cultivar:Xiaohonggu_37.46_N_102.88_E;age:1;dev_stage:Late_grain_filling_stage;geo_loc_name:missing;tissue:seed
PRJNA633940	SRR11814990	SAMN14917300	NA	seed	late grain filling stage	Qiegu 37.16 N 104.06 E	RNA_B116	NA	cultivar:Qiegu_37.16_N_104.06_E;age:1;dev_stage:Late_grain_filling_stage;geo_loc_name:missing;tissue:seed
PRJNA633940	SRR11814991	SAMN14917299	NA	seed	late grain filling stage	Longzhaogu 35.68 N 107.20 E	RNA_B115	NA	cultivar:Longzhaogu_35.68_N_107.20_E;age:1;dev_stage:Late_grain_filling_stage;geo_loc_name:missing;tissue:seed
PRJNA633940	SRR11814992	SAMN14917298	NA	seed	late grain filling stage	Yugenze 36.49 N 139.07 E	RNA_B114	NA	cultivar:Yugenze_36.49_N_139.07_E;age:1;dev_stage:Late_grain_filling_stage;geo_loc_name:missing;tissue:seed
PRJNA633940	SRR11814993	SAMN14917226	NA	seed	late grain filling stage	Daobaqi 45.55 N 126.97 E	RNA_B015	NA	cultivar:Daobaqi_45.55_N_126.97_E;age:1;dev_stage:Late_grain_filling_stage;geo_loc_name:missing;tissue:seed
PRJNA633940	SRR11814994	SAMN14917297	NA	seed	late grain filling stage	Xiaohonggu 36.10 N 110.68 E	RNA_B113	NA	cultivar:Xiaohonggu_36.10_N_110.68_E;age:1;dev_stage:Late_grain_filling_stage;geo_loc_name:missing;tissue:seed
PRJNA633940	SRR11814995	SAMN14917230	NA	seed	late grain filling stage	Damaomaogu 42.27 N 118.95 E	RNA_B022	NA	cultivar:Damaomaogu_42.27_N_118.95_E;age:1;dev_stage:Late_grain_filling_stage;geo_loc_name:missing;tissue:seed
PRJNA633940	SRR11814996	SAMN14917337	NA	seed	late grain filling stage	Maomaogu 37.62 N 114.92 E	RNA_B170	NA	cultivar:Maomaogu_37.62_N_114.92_E;age:1;dev_stage:Late_grain_filling_stage;geo_loc_name:missing;tissue:seed
PRJNA633940	SRR11814997	SAMN14917336	NA	seed	late grain filling stage	Qitoubai 37.73 N 115.71 E	RNA_B169	NA	cultivar:Qitoubai_37.73_N_115.71_E;age:1;dev_stage:Late_grain_filling_stage;geo_loc_name:missing;tissue:seed
PRJNA633940	SRR11814998	SAMN14917335	NA	seed	late grain filling stage	Jiugu 37.75 N 114.77 E	RNA_B168	NA	cultivar:Jiugu_37.75_N_114.77_E;age:1;dev_stage:Late_grain_filling_stage;geo_loc_name:missing;tissue:seed
PRJNA633940	SRR11814999	SAMN14917334	NA	seed	late grain filling stage	Chaqinggu 39.33 N 117.83 E	RNA_B166	NA	cultivar:Chaqinggu_39.33_N_117.83_E;age:1;dev_stage:Late_grain_filling_stage;geo_loc_name:missing;tissue:seed
PRJNA633940	SRR11815000	SAMN14917333	NA	seed	late grain filling stage	Jingu40 36.18 N 113.11 E	RNA_B165	NA	cultivar:Jingu40_36.18_N_113.11_E;age:1;dev_stage:Late_grain_filling_stage;geo_loc_name:missing;tissue:seed
PRJNA633940	SRR11815001	SAMN14917332	NA	seed	late grain filling stage	Leshanbainuo 29.57 N 103.75 E	RNA_B162	NA	cultivar:Leshanbainuo_29.57_N_103.75_E;age:1;dev_stage:Late_grain_filling_stage;geo_loc_name:missing;tissue:seed
PRJNA633940	SRR11815002	SAMN14917331	NA	seed	late grain filling stage	Yazizui 38.86 N 115.50 E	RNA_B160	NA	cultivar:Yazizui_38.86_N_115.50_E;age:1;dev_stage:Late_grain_filling_stage;geo_loc_name:missing;tissue:seed
PRJNA633940	SRR11815003	SAMN14917431	NA	seed	late grain filling stage	03-992 40.97 N 117.92 E	RNA_B298	NA	cultivar:03-992_40.97_N_117.92_E;age:1;dev_stage:Late_grain_filling_stage;geo_loc_name:missing;tissue:seed
PRJNA563818	SRR11839823	SAMN12697680	NA	root	pollination stage	Xiaomi	Root-1	NA	cultivar:Xiaomi;dev_stage:Pollination_stage;geo_loc_name:China:_Shanxi;tissue:Root;biomaterial_provider:Xingchun_Wang;replicate:biological_replicate_1
PRJNA563818	SRR11839824	SAMN12697679	NA	stem	pollination stage	Xiaomi	Stem-3	NA	cultivar:Xiaomi;dev_stage:Pollination_stage;geo_loc_name:China:_Shanxi;tissue:Stem;biomaterial_provider:Xingchun_Wang;replicate:biological_replicate_3
PRJNA563818	SRR11839825	SAMN12697678	NA	stem	pollination stage	Xiaomi	Stem-2	NA	cultivar:Xiaomi;dev_stage:Pollination_stage;geo_loc_name:China:_Shanxi;tissue:Stem;biomaterial_provider:Xingchun_Wang;replicate:biological_replicate_2
PRJNA563818	SRR11839826	SAMN12697677	NA	stem	pollination stage	Xiaomi	Stem-1	NA	cultivar:Xiaomi;dev_stage:Pollination_stage;geo_loc_name:China:_Shanxi;tissue:Stem;biomaterial_provider:Xingchun_Wang;replicate:biological_replicate_1
PRJNA563818	SRR11839827	SAMN12697676	NA	whole plant	2 weeks	Xiaomi	Seedling-3	NA	cultivar:Xiaomi;dev_stage:Two_week-old_seedling;geo_loc_name:China:_Shanxi;tissue:Whole_plant;biomaterial_provider:Xingchun_Wang;replicate:biological_replicate_3
PRJNA563818	SRR11839828	SAMN12697675	NA	whole plant	2 weeks	Xiaomi	Seedling-2	NA	cultivar:Xiaomi;dev_stage:Two_week-old_seedling;geo_loc_name:China:_Shanxi;tissue:Whole_plant;biomaterial_provider:Xingchun_Wang;replicate:biological_replicate_2
PRJNA563818	SRR11839829	SAMN12697710	NA	the top second leaf	30 days	Jingu21	LeafJG2-5	NA	cultivar:Jingu21;dev_stage:30_day-old_seedling_(10_days_before_Xiaomi_heading);geo_loc_name:China:_Shanxi;tissue:The_top_second_leaf;biomaterial_provider:Xingchun_Wang;replicate:biological_replicate_5
PRJNA563818	SRR11839830	SAMN12697709	NA	the top second leaf	30 days	Jingu21	LeafJG2-4	NA	cultivar:Jingu21;dev_stage:30_day-old_seedling_(10_days_before_Xiaomi_heading);geo_loc_name:China:_Shanxi;tissue:The_top_second_leaf;biomaterial_provider:Xingchun_Wang;replicate:biological_replicate_4
PRJNA563818	SRR11839831	SAMN12697708	NA	the top second leaf	30 days	Jingu21	LeafJG2-3	NA	cultivar:Jingu21;dev_stage:30_day-old_seedling_(10_days_before_Xiaomi_heading);geo_loc_name:China:_Shanxi;tissue:The_top_second_leaf;biomaterial_provider:Xingchun_Wang;replicate:biological_replicate_3
PRJNA563818	SRR11839832	SAMN12697707	NA	the top second leaf	30 days	Jingu21	LeafJG2-2	NA	cultivar:Jingu21;dev_stage:30_day-old_seedling_(10_days_before_Xiaomi_heading);geo_loc_name:China:_Shanxi;tissue:The_top_second_leaf;biomaterial_provider:Xingchun_Wang;replicate:biological_replicate_2
PRJNA563818	SRR11839833	SAMN12697706	NA	the top second leaf	30 days	Jingu21	LeafJG2-1	NA	cultivar:Jingu21;dev_stage:30_day-old_seedling_(10_days_before_Xiaomi_heading);geo_loc_name:China:_Shanxi;tissue:The_top_second_leaf;biomaterial_provider:Xingchun_Wang;replicate:biological_replicate_1
PRJNA563818	SRR11839834	SAMN12697705	NA	the top forth leaf	pollination stage	Xiaomi	Leaf_4-3	NA	cultivar:Xiaomi;dev_stage:Pollination_stage;geo_loc_name:China:_Shanxi;tissue:The_top_forth_leaf;biomaterial_provider:Xingchun_Wang;replicate:biological_replicate_3
PRJNA563818	SRR11839835	SAMN12697704	NA	the top forth leaf	pollination stage	Xiaomi	Leaf_4-2	NA	cultivar:Xiaomi;dev_stage:Pollination_stage;geo_loc_name:China:_Shanxi;tissue:The_top_forth_leaf;biomaterial_provider:Xingchun_Wang;replicate:biological_replicate_2
PRJNA563818	SRR11839836	SAMN12697703	NA	the top forth leaf	pollination stage	Xiaomi	Leaf_4-1	NA	cultivar:Xiaomi;dev_stage:Pollination_stage;geo_loc_name:China:_Shanxi;tissue:The_top_forth_leaf;biomaterial_provider:Xingchun_Wang;replicate:biological_replicate_1
PRJNA563818	SRR11839837	SAMN12697702	NA	flag leaf	pollination stage	Xiaomi	Leaf_3-3	NA	cultivar:Xiaomi;dev_stage:Pollination_stage;geo_loc_name:China:_Shanxi;tissue:Flag_leaf;biomaterial_provider:Xingchun_Wang;replicate:biological_replicate_3
PRJNA563818	SRR11839838	SAMN12697701	NA	flag leaf	pollination stage	Xiaomi	Leaf_3-2	NA	cultivar:Xiaomi;dev_stage:Pollination_stage;geo_loc_name:China:_Shanxi;tissue:Flag_leaf;biomaterial_provider:Xingchun_Wang;replicate:biological_replicate_2
PRJNA563818	SRR11839839	SAMN12697674	NA	whole plant	2 weeks	Xiaomi	Seedling-1	NA	cultivar:Xiaomi;dev_stage:Two_week-old_seedling;geo_loc_name:China:_Shanxi;tissue:Whole_plant;biomaterial_provider:Xingchun_Wang;replicate:biological_replicate_1
PRJNA563818	SRR11839840	SAMN12697700	NA	flag leaf	pollination stage	Xiaomi	Leaf_3-1	NA	cultivar:Xiaomi;dev_stage:Pollination_stage;geo_loc_name:China:_Shanxi;tissue:Flag_leaf;biomaterial_provider:Xingchun_Wang;replicate:biological_replicate_1
PRJNA563818	SRR11839841	SAMN12697699	NA	the top second leaf	30 days	Xiaomi	Leaf_2-5	NA	cultivar:Xiaomi;dev_stage:30_day-old_seedling_(10_days_before_heading);geo_loc_name:China:_Shanxi;tissue:The_top_second_leaf;biomaterial_provider:Xingchun_Wang;replicate:biological_replicate_5
PRJNA563818	SRR11839842	SAMN12697698	NA	the top second leaf	30 days	Xiaomi	Leaf_2-4	NA	cultivar:Xiaomi;dev_stage:30_day-old_seedling_(10_days_before_heading);geo_loc_name:China:_Shanxi;tissue:The_top_second_leaf;biomaterial_provider:Xingchun_Wang;replicate:biological_replicate_4
PRJNA563818	SRR11839843	SAMN12697697	NA	the top second leaf	30 days	Xiaomi	Leaf_2-3	NA	cultivar:Xiaomi;dev_stage:30_day-old_seedling_(10_days_before_heading);geo_loc_name:China:_Shanxi;tissue:The_top_second_leaf;biomaterial_provider:Xingchun_Wang;replicate:biological_replicate_3
PRJNA563818	SRR11839844	SAMN12697696	NA	the top second leaf	30 days	Xiaomi	Leaf_2-2	NA	cultivar:Xiaomi;dev_stage:30_day-old_seedling_(10_days_before_heading);geo_loc_name:China:_Shanxi;tissue:The_top_second_leaf;biomaterial_provider:Xingchun_Wang;replicate:biological_replicate_2
PRJNA563818	SRR11839845	SAMN12697695	NA	the top second leaf	30 days	Xiaomi	Leaf_2-1	NA	cultivar:Xiaomi;dev_stage:30_day-old_seedling_(10_days_before_heading);geo_loc_name:China:_Shanxi;tissue:The_top_second_leaf;biomaterial_provider:Xingchun_Wang;replicate:biological_replicate_1
PRJNA563818	SRR11839846	SAMN12697694	NA	the top leaf	2 weeks	Xiaomi	Leaf_1-3	NA	cultivar:Xiaomi;dev_stage:Two_week-old_seedling;geo_loc_name:China:_Shanxi;tissue:The_top_leaf;biomaterial_provider:Xingchun_Wang;replicate:biological_replicate_3
PRJNA563818	SRR11839847	SAMN12697693	NA	the top leaf	2 weeks	Xiaomi	Leaf_1-2	NA	cultivar:Xiaomi;dev_stage:Two_week-old_seedling;geo_loc_name:China:_Shanxi;tissue:The_top_leaf;biomaterial_provider:Xingchun_Wang;replicate:biological_replicate_2
PRJNA563818	SRR11839848	SAMN12697692	NA	the top leaf	2 weeks	Xiaomi	Leaf_1-1	NA	cultivar:Xiaomi;dev_stage:Two_week-old_seedling;geo_loc_name:China:_Shanxi;tissue:The_top_leaf;biomaterial_provider:Xingchun_Wang;replicate:biological_replicate_1
PRJNA563818	SRR11839849	SAMN12697691	NA	panicle	filling stage	Xiaomi	Panicle_3-3	NA	cultivar:Xiaomi;dev_stage:Filling_stage;geo_loc_name:China:_Shanxi;tissue:Panicle;biomaterial_provider:Xingchun_Wang;replicate:biological_replicate_3
PRJNA563818	SRR11839850	SAMN12697673	NA	seed	3 days after seed imbibition	Xiaomi	Seed-3	NA	cultivar:Xiaomi;dev_stage:Three_days_imbibition_seed;geo_loc_name:China:_Shanxi;tissue:Seed;biomaterial_provider:Xingchun_Wang;replicate:biological_replicate_3
PRJNA563818	SRR11839851	SAMN12697690	NA	panicle	filling stage	Xiaomi	Panicle_3-2	NA	cultivar:Xiaomi;dev_stage:Filling_stage;geo_loc_name:China:_Shanxi;tissue:Panicle;biomaterial_provider:Xingchun_Wang;replicate:biological_replicate_2
PRJNA563818	SRR11839852	SAMN12697689	NA	panicle	filling stage	Xiaomi	Panicle_3-1	NA	cultivar:Xiaomi;dev_stage:Filling_stage;geo_loc_name:China:_Shanxi;tissue:Panicle;biomaterial_provider:Xingchun_Wang;replicate:biological_replicate_1
PRJNA563818	SRR11839853	SAMN12697688	NA	panicle	pollination stage	Xiaomi	Panicle_2-3	NA	cultivar:Xiaomi;dev_stage:Pollination_stage;geo_loc_name:China:_Shanxi;tissue:Panicle;biomaterial_provider:Xingchun_Wang;replicate:biological_replicate_3
PRJNA563818	SRR11839854	SAMN12697687	NA	panicle	pollination stage	Xiaomi	Panicle_2-2	NA	cultivar:Xiaomi;dev_stage:Pollination_stage;geo_loc_name:China:_Shanxi;tissue:Panicle;biomaterial_provider:Xingchun_Wang;replicate:biological_replicate_2
PRJNA563818	SRR11839855	SAMN12697686	NA	panicle	pollination stage	Xiaomi	Panicle_2-1	NA	cultivar:Xiaomi;dev_stage:Pollination_stage;geo_loc_name:China:_Shanxi;tissue:Panicle;biomaterial_provider:Xingchun_Wang;replicate:biological_replicate_1
PRJNA563818	SRR11839856	SAMN12697685	NA	panicle	heading stage	Xiaomi	Panicle_1-3	NA	cultivar:Xiaomi;dev_stage:Two_days_after_heading;geo_loc_name:China:_Shanxi;tissue:Panicle;biomaterial_provider:Xingchun_Wang;replicate:biological_replicate_3
PRJNA563818	SRR11839857	SAMN12697684	NA	panicle	heading stage	Xiaomi	Panicle_1-2	NA	cultivar:Xiaomi;dev_stage:Two_days_after_heading;geo_loc_name:China:_Shanxi;tissue:Panicle;biomaterial_provider:Xingchun_Wang;replicate:biological_replicate_2
PRJNA563818	SRR11839858	SAMN12697683	NA	panicle	heading stage	Xiaomi	Panicle_1-1	NA	cultivar:Xiaomi;dev_stage:Two_days_after_heading;geo_loc_name:China:_Shanxi;tissue:Panicle;biomaterial_provider:Xingchun_Wang;replicate:biological_replicate_1
PRJNA563818	SRR11839859	SAMN12697682	NA	root	pollination stage	Xiaomi	Root-3	NA	cultivar:Xiaomi;dev_stage:Pollination_stage;geo_loc_name:China:_Shanxi;tissue:Root;biomaterial_provider:Xingchun_Wang;replicate:biological_replicate_3
PRJNA563818	SRR11839860	SAMN12697681	NA	root	pollination stage	Xiaomi	Root-2	NA	cultivar:Xiaomi;dev_stage:Pollination_stage;geo_loc_name:China:_Shanxi;tissue:Root;biomaterial_provider:Xingchun_Wang;replicate:biological_replicate_2
PRJNA563818	SRR11839861	SAMN12697672	NA	seed	3 days after seed imbibition	Xiaomi	Seed-2	NA	cultivar:Xiaomi;dev_stage:Three_days_imbibition_seed;geo_loc_name:China:_Shanxi;tissue:Seed;biomaterial_provider:Xingchun_Wang;replicate:biological_replicate_2
PRJNA563818	SRR11839862	SAMN12697671	NA	seed	3 days after seed imbibition	Xiaomi	Seed-1	NA	cultivar:Xiaomi;dev_stage:Three_days_imbibition_seed;geo_loc_name:China:_Shanxi;tissue:Seed;biomaterial_provider:Xingchun_Wang;replicate:biological_replicate_1
PRJNA634577	SRR11840494	SAMN14825906	NA	seed	seed development stage	NA	JG_35	NA	ecotype:China;dev_stage:seed_development;geo_loc_name:China:_Yulin;tissue:seed
PRJNA634577	SRR11840495	SAMN14825906	NA	seed	seed development stage	NA	JG_35	NA	ecotype:China;dev_stage:seed_development;geo_loc_name:China:_Yulin;tissue:seed
PRJNA634577	SRR11840496	SAMN14825906	NA	seed	seed development stage	NA	JG_35	NA	ecotype:China;dev_stage:seed_development;geo_loc_name:China:_Yulin;tissue:seed
PRJNA634577	SRR11840497	SAMN14825906	NA	seed	seed development stage	NA	JG_35	NA	ecotype:China;dev_stage:seed_development;geo_loc_name:China:_Yulin;tissue:seed
PRJNA634577	SRR11840498	SAMN14825906	NA	seed	seed development stage	NA	JG_35	NA	ecotype:China;dev_stage:seed_development;geo_loc_name:China:_Yulin;tissue:seed
PRJNA634577	SRR11840499	SAMN14825906	NA	seed	seed development stage	NA	JG_35	NA	ecotype:China;dev_stage:seed_development;geo_loc_name:China:_Yulin;tissue:seed
PRJNA634577	SRR11840500	SAMN14825906	NA	seed	seed development stage	NA	JG_35	NA	ecotype:China;dev_stage:seed_development;geo_loc_name:China:_Yulin;tissue:seed
PRJNA634577	SRR11840501	SAMN14826401	NA	seed	seed development stage	JG 39	JG_39	NA	cultivar:JG_39;dev_stage:seed_development;geo_loc_name:China:_Yulin;tissue:seed
PRJNA634577	SRR11840502	SAMN14826401	NA	seed	seed development stage	JG 39	JG_39	NA	cultivar:JG_39;dev_stage:seed_development;geo_loc_name:China:_Yulin;tissue:seed
PRJNA634577	SRR11840503	SAMN14826401	NA	seed	seed development stage	JG 39	JG_39	NA	cultivar:JG_39;dev_stage:seed_development;geo_loc_name:China:_Yulin;tissue:seed
PRJNA634577	SRR11840504	SAMN14825906	NA	seed	seed development stage	NA	JG_35	NA	ecotype:China;dev_stage:seed_development;geo_loc_name:China:_Yulin;tissue:seed
PRJNA634577	SRR11840505	SAMN14826401	NA	seed	seed development stage	JG 39	JG_39	NA	cultivar:JG_39;dev_stage:seed_development;geo_loc_name:China:_Yulin;tissue:seed
PRJNA634577	SRR11840506	SAMN14826401	NA	seed	seed development stage	JG 39	JG_39	NA	cultivar:JG_39;dev_stage:seed_development;geo_loc_name:China:_Yulin;tissue:seed
PRJNA634577	SRR11840507	SAMN14826401	NA	seed	seed development stage	JG 39	JG_39	NA	cultivar:JG_39;dev_stage:seed_development;geo_loc_name:China:_Yulin;tissue:seed
PRJNA634577	SRR11840508	SAMN14826401	NA	seed	seed development stage	JG 39	JG_39	NA	cultivar:JG_39;dev_stage:seed_development;geo_loc_name:China:_Yulin;tissue:seed
PRJNA634577	SRR11840509	SAMN14826401	NA	seed	seed development stage	JG 39	JG_39	NA	cultivar:JG_39;dev_stage:seed_development;geo_loc_name:China:_Yulin;tissue:seed
PRJNA634577	SRR11840510	SAMN14826401	NA	seed	seed development stage	JG 39	JG_39	NA	cultivar:JG_39;dev_stage:seed_development;geo_loc_name:China:_Yulin;tissue:seed
PRJNA634577	SRR11840511	SAMN14826401	NA	seed	seed development stage	JG 39	JG_39	NA	cultivar:JG_39;dev_stage:seed_development;geo_loc_name:China:_Yulin;tissue:seed
PRJNA634577	SRR11840512	SAMN14826401	NA	seed	seed development stage	JG 39	JG_39	NA	cultivar:JG_39;dev_stage:seed_development;geo_loc_name:China:_Yulin;tissue:seed
PRJNA634577	SRR11840513	SAMN14826401	NA	seed	seed development stage	JG 39	JG_39	NA	cultivar:JG_39;dev_stage:seed_development;geo_loc_name:China:_Yulin;tissue:seed
PRJNA634577	SRR11840514	SAMN14825906	NA	seed	seed development stage	NA	JG_35	NA	ecotype:China;dev_stage:seed_development;geo_loc_name:China:_Yulin;tissue:seed
PRJNA634577	SRR11840515	SAMN14825906	NA	seed	seed development stage	NA	JG_35	NA	ecotype:China;dev_stage:seed_development;geo_loc_name:China:_Yulin;tissue:seed
PRJNA634577	SRR11840516	SAMN14825906	NA	seed	seed development stage	NA	JG_35	NA	ecotype:China;dev_stage:seed_development;geo_loc_name:China:_Yulin;tissue:seed
PRJNA650146	SRR12399867	SAMN15693838	NA	leaf	3-leaf stage	NA	Foxtail_millet	NA	ecotype:Yugu1;dev_stage:Three_leaf_stage;geo_loc_name:USA:_Nebraska;tissue:leave
PRJNA650146	SRR12399878	SAMN15693838	NA	leaf	3-leaf stage	NA	Foxtail_millet	NA	ecotype:Yugu1;dev_stage:Three_leaf_stage;geo_loc_name:USA:_Nebraska;tissue:leave
PRJNA650146	SRR12399889	SAMN15693838	NA	leaf	3-leaf stage	NA	Foxtail_millet	NA	ecotype:Yugu1;dev_stage:Three_leaf_stage;geo_loc_name:USA:_Nebraska;tissue:leave
PRJNA650146	SRR12399900	SAMN15693838	NA	leaf	3-leaf stage	NA	Foxtail_millet	NA	ecotype:Yugu1;dev_stage:Three_leaf_stage;geo_loc_name:USA:_Nebraska;tissue:leave
PRJNA650146	SRR12399901	SAMN15693838	NA	leaf	3-leaf stage	NA	Foxtail_millet	NA	ecotype:Yugu1;dev_stage:Three_leaf_stage;geo_loc_name:USA:_Nebraska;tissue:leave
PRJNA650146	SRR12399902	SAMN15693838	NA	leaf	3-leaf stage	NA	Foxtail_millet	NA	ecotype:Yugu1;dev_stage:Three_leaf_stage;geo_loc_name:USA:_Nebraska;tissue:leave
PRJNA650146	SRR12399913	SAMN15693838	NA	leaf	3-leaf stage	NA	Foxtail_millet	NA	ecotype:Yugu1;dev_stage:Three_leaf_stage;geo_loc_name:USA:_Nebraska;tissue:leave
PRJNA650146	SRR12399924	SAMN15693838	NA	leaf	3-leaf stage	NA	Foxtail_millet	NA	ecotype:Yugu1;dev_stage:Three_leaf_stage;geo_loc_name:USA:_Nebraska;tissue:leave
PRJNA650146	SRR12399935	SAMN15693838	NA	leaf	3-leaf stage	NA	Foxtail_millet	NA	ecotype:Yugu1;dev_stage:Three_leaf_stage;geo_loc_name:USA:_Nebraska;tissue:leave
PRJNA650146	SRR12399946	SAMN15693838	NA	leaf	3-leaf stage	NA	Foxtail_millet	NA	ecotype:Yugu1;dev_stage:Three_leaf_stage;geo_loc_name:USA:_Nebraska;tissue:leave
PRJNA650146	SRR12399957	SAMN15693838	NA	leaf	3-leaf stage	NA	Foxtail_millet	NA	ecotype:Yugu1;dev_stage:Three_leaf_stage;geo_loc_name:USA:_Nebraska;tissue:leave
PRJNA650146	SRR12399968	SAMN15693838	NA	leaf	3-leaf stage	NA	Foxtail_millet	NA	ecotype:Yugu1;dev_stage:Three_leaf_stage;geo_loc_name:USA:_Nebraska;tissue:leave
PRJNA650146	SRR12399973	SAMN15693838	NA	leaf	3-leaf stage	NA	Foxtail_millet	NA	ecotype:Yugu1;dev_stage:Three_leaf_stage;geo_loc_name:USA:_Nebraska;tissue:leave
PRJNA650146	SRR12399974	SAMN15693838	NA	leaf	3-leaf stage	NA	Foxtail_millet	NA	ecotype:Yugu1;dev_stage:Three_leaf_stage;geo_loc_name:USA:_Nebraska;tissue:leave
PRJNA650146	SRR12399975	SAMN15693838	NA	leaf	3-leaf stage	NA	Foxtail_millet	NA	ecotype:Yugu1;dev_stage:Three_leaf_stage;geo_loc_name:USA:_Nebraska;tissue:leave
PRJNA650146	SRR12399976	SAMN15693838	NA	leaf	3-leaf stage	NA	Foxtail_millet	NA	ecotype:Yugu1;dev_stage:Three_leaf_stage;geo_loc_name:USA:_Nebraska;tissue:leave
PRJNA650146	SRR12399977	SAMN15693838	NA	leaf	3-leaf stage	NA	Foxtail_millet	NA	ecotype:Yugu1;dev_stage:Three_leaf_stage;geo_loc_name:USA:_Nebraska;tissue:leave
PRJNA650146	SRR12399978	SAMN15693838	NA	leaf	3-leaf stage	NA	Foxtail_millet	NA	ecotype:Yugu1;dev_stage:Three_leaf_stage;geo_loc_name:USA:_Nebraska;tissue:leave
PRJNA650146	SRR12399979	SAMN15693838	NA	leaf	3-leaf stage	NA	Foxtail_millet	NA	ecotype:Yugu1;dev_stage:Three_leaf_stage;geo_loc_name:USA:_Nebraska;tissue:leave
PRJNA650146	SRR12399980	SAMN15693838	NA	leaf	3-leaf stage	NA	Foxtail_millet	NA	ecotype:Yugu1;dev_stage:Three_leaf_stage;geo_loc_name:USA:_Nebraska;tissue:leave
PRJNA650146	SRR12399981	SAMN15693838	NA	leaf	3-leaf stage	NA	Foxtail_millet	NA	ecotype:Yugu1;dev_stage:Three_leaf_stage;geo_loc_name:USA:_Nebraska;tissue:leave
PRJNA650146	SRR12399982	SAMN15693838	NA	leaf	3-leaf stage	NA	Foxtail_millet	NA	ecotype:Yugu1;dev_stage:Three_leaf_stage;geo_loc_name:USA:_Nebraska;tissue:leave
PRJNA650146	SRR12399983	SAMN15693838	NA	leaf	3-leaf stage	NA	Foxtail_millet	NA	ecotype:Yugu1;dev_stage:Three_leaf_stage;geo_loc_name:USA:_Nebraska;tissue:leave
PRJNA650146	SRR12399984	SAMN15693838	NA	leaf	3-leaf stage	NA	Foxtail_millet	NA	ecotype:Yugu1;dev_stage:Three_leaf_stage;geo_loc_name:USA:_Nebraska;tissue:leave
PRJNA650146	SRR12399985	SAMN15693838	NA	leaf	3-leaf stage	NA	Foxtail_millet	NA	ecotype:Yugu1;dev_stage:Three_leaf_stage;geo_loc_name:USA:_Nebraska;tissue:leave
PRJNA650146	SRR12399986	SAMN15693838	NA	leaf	3-leaf stage	NA	Foxtail_millet	NA	ecotype:Yugu1;dev_stage:Three_leaf_stage;geo_loc_name:USA:_Nebraska;tissue:leave
PRJNA650146	SRR12399987	SAMN15693838	NA	leaf	3-leaf stage	NA	Foxtail_millet	NA	ecotype:Yugu1;dev_stage:Three_leaf_stage;geo_loc_name:USA:_Nebraska;tissue:leave
PRJNA650146	SRR12399988	SAMN15693838	NA	leaf	3-leaf stage	NA	Foxtail_millet	NA	ecotype:Yugu1;dev_stage:Three_leaf_stage;geo_loc_name:USA:_Nebraska;tissue:leave
PRJNA650146	SRR12399989	SAMN15693838	NA	leaf	3-leaf stage	NA	Foxtail_millet	NA	ecotype:Yugu1;dev_stage:Three_leaf_stage;geo_loc_name:USA:_Nebraska;tissue:leave
PRJNA650146	SRR12399990	SAMN15693838	NA	leaf	3-leaf stage	NA	Foxtail_millet	NA	ecotype:Yugu1;dev_stage:Three_leaf_stage;geo_loc_name:USA:_Nebraska;tissue:leave
PRJNA650146	SRR12399991	SAMN15693838	NA	leaf	3-leaf stage	NA	Foxtail_millet	NA	ecotype:Yugu1;dev_stage:Three_leaf_stage;geo_loc_name:USA:_Nebraska;tissue:leave
PRJNA650146	SRR12399992	SAMN15693838	NA	leaf	3-leaf stage	NA	Foxtail_millet	NA	ecotype:Yugu1;dev_stage:Three_leaf_stage;geo_loc_name:USA:_Nebraska;tissue:leave
PRJNA650146	SRR12399993	SAMN15693838	NA	leaf	3-leaf stage	NA	Foxtail_millet	NA	ecotype:Yugu1;dev_stage:Three_leaf_stage;geo_loc_name:USA:_Nebraska;tissue:leave
PRJNA650146	SRR12399994	SAMN15693838	NA	leaf	3-leaf stage	NA	Foxtail_millet	NA	ecotype:Yugu1;dev_stage:Three_leaf_stage;geo_loc_name:USA:_Nebraska;tissue:leave
PRJNA650146	SRR12399995	SAMN15693838	NA	leaf	3-leaf stage	NA	Foxtail_millet	NA	ecotype:Yugu1;dev_stage:Three_leaf_stage;geo_loc_name:USA:_Nebraska;tissue:leave
PRJNA650146	SRR12399999	SAMN15693838	NA	leaf	3-leaf stage	NA	Foxtail_millet	NA	ecotype:Yugu1;dev_stage:Three_leaf_stage;geo_loc_name:USA:_Nebraska;tissue:leave
PRJNA655982	SRR12415070	SAMN15763192	NA	young spike	booting stage	Jigu31	JG31_6	NA	cultivar:Jigu31;dev_stage:booting_stage;geo_loc_name:not_collected;tissue:young_spikelets;cell_line:JG31_rep3
PRJNA655982	SRR12415071	SAMN15763201	NA	young spike	booting stage	56229	56229_6	NA	cultivar:56229;dev_stage:booting_stage;geo_loc_name:not_collected;tissue:young_spikelets;cell_line:56229_rep3
PRJNA655982	SRR12415072	SAMN15763200	NA	young spike	booting stage	56229	56229_5	NA	cultivar:56229;dev_stage:booting_stage;geo_loc_name:not_collected;tissue:young_spikelets;cell_line:56229_rep2
PRJNA655982	SRR12415073	SAMN15763191	NA	young spike	booting stage	Jigu31	JG31_5	NA	cultivar:Jigu31;dev_stage:booting_stage;geo_loc_name:not_collected;tissue:young_spikelets;cell_line:JG31_rep2
PRJNA655982	SRR12415074	SAMN15763190	NA	young spike	booting stage	Jigu31	JG31_4	NA	cultivar:Jigu31;dev_stage:booting_stage;geo_loc_name:not_collected;tissue:young_spikelets;cell_line:JG31_rep1
PRJNA655982	SRR12415075	SAMN15763199	NA	young spike	booting stage	56229	56229_4	NA	cultivar:56229;dev_stage:booting_stage;geo_loc_name:not_collected;tissue:young_spikelets;cell_line:56229_rep1
PRJNA655982	SRR12415076	SAMN15763198	NA	young spike	booting stage	5695	5695_6	NA	cultivar:5695;dev_stage:booting_stage;geo_loc_name:not_collected;tissue:young_spikelets;cell_line:5695_rep3
PRJNA655982	SRR12415077	SAMN15763197	NA	young spike	booting stage	5695	5695_5	NA	cultivar:5695;dev_stage:booting_stage;geo_loc_name:not_collected;tissue:young_spikelets;cell_line:5695_rep2
PRJNA655982	SRR12415078	SAMN15763196	NA	young spike	booting stage	5695	5695_4	NA	cultivar:5695;dev_stage:booting_stage;geo_loc_name:not_collected;tissue:young_spikelets;cell_line:5695_rep1
PRJNA655982	SRR12415079	SAMN15763195	NA	young spike	booting stage	Jigu32	JG32_5	NA	cultivar:Jigu32;dev_stage:booting_stage;geo_loc_name:not_collected;tissue:young_spikelets;cell_line:JG32_rep3
PRJNA655982	SRR12415080	SAMN15763194	NA	young spike	booting stage	Jigu32	JG32_4	NA	cultivar:Jigu32;dev_stage:booting_stage;geo_loc_name:not_collected;tissue:young_spikelets;cell_line:JG32_rep2
PRJNA655982	SRR12415081	SAMN15763193	NA	young spike	booting stage	Jigu32	JG32_3	NA	cultivar:Jigu32;dev_stage:booting_stage;geo_loc_name:not_collected;tissue:young_spikelets;cell_line:JG32_rep1
PRJNA649876	SRR12537932	SAMN15685159	NA	seed	radicle protrusion	CG	CGC2	NA	isolate:radicle_protruded_seeds_soaked_in_water;cultivar:CG;ecotype:NA;age:about_five_days_after_imbibition;dev_stage:radication_protrusion;geo_loc_name:China:_Yangling;tissue:seed
PRJNA649876	SRR12537934	SAMN15685158	NA	seed	imbibition	FH	FHT1	NA	isolate:imbibed_seeds_soaked_in_300mM_NaCl;cultivar:FH;ecotype:NA;age:three_days_after_cold_stratification;dev_stage:imbibition;geo_loc_name:China:_Yangling;tissue:seed
PRJNA649876	SRR12537937	SAMN15685162	NA	seed	radicle protrusion	FH	FHT2	NA	isolate:radicle_protruded_seeds_soaked_in_300mM_NaCl;cultivar:FH;ecotype:NA;age:about_five_days_after_imbibition;dev_stage:radication_protrusion;geo_loc_name:China:_Yangling;tissue:seed
PRJNA649876	SRR12537939	SAMN15685161	NA	seed	radicle protrusion	FH	FHC2	NA	isolate:radicle_protruded_seeds_soaked_in_water;cultivar:FH;ecotype:NA;age:about_five_days_after_imbibition;dev_stage:radication_protrusion;geo_loc_name:China:_Yangling;tissue:seed
PRJNA649876	SRR12537941	SAMN15685160	NA	seed	radicle protrusion	CG	CGT2	NA	isolate:radicle_protruded_seeds_soaked_in_300mM_NaCl;cultivar:CG;ecotype:NA;age:about_five_days_after_imbibition;dev_stage:radication_protrusion;geo_loc_name:China:_Yangling;tissue:seed
PRJNA649876	SRR12537943	SAMN15685159	NA	seed	radicle protrusion	CG	CGC2	NA	isolate:radicle_protruded_seeds_soaked_in_water;cultivar:CG;ecotype:NA;age:about_five_days_after_imbibition;dev_stage:radication_protrusion;geo_loc_name:China:_Yangling;tissue:seed
PRJNA649876	SRR12537944	SAMN15685157	NA	seed	imbibition	FH	FHC1	NA	isolate:imbibed_seeds_soaked_in_water;cultivar:FH;ecotype:NA;age:three_days_after_cold_stratification;dev_stage:imbibition;geo_loc_name:China:_Yangling;tissue:seed
PRJNA649876	SRR12537946	SAMN15685158	NA	seed	imbibition	FH	FHT1	NA	isolate:imbibed_seeds_soaked_in_300mM_NaCl;cultivar:FH;ecotype:NA;age:three_days_after_cold_stratification;dev_stage:imbibition;geo_loc_name:China:_Yangling;tissue:seed
PRJNA649876	SRR12537948	SAMN15685157	NA	seed	imbibition	FH	FHC1	NA	isolate:imbibed_seeds_soaked_in_water;cultivar:FH;ecotype:NA;age:three_days_after_cold_stratification;dev_stage:imbibition;geo_loc_name:China:_Yangling;tissue:seed
PRJNA649876	SRR12537950	SAMN15685156	NA	seed	imbibition	CG	CGT1	NA	isolate:imbibed_seeds_soaked_in_300mM_NaCl;cultivar:CG;ecotype:NA;age:three_days_after_cold_stratification;dev_stage:imbibition;geo_loc_name:China:_Yangling;tissue:seed
PRJNA649876	SRR12537952	SAMN15685155	NA	seed	imbibition	CG	CGC1	NA	isolate:imbibed_seeds_soaked_in_water;cultivar:CG;ecotype:NA;age:three_days_after_cold_stratification;dev_stage:imbibition;geo_loc_name:China:_Yangling;tissue:seed
PRJNA649876	SRR12537954	SAMN15685162	NA	seed	radicle protrusion	FH	FHT2	NA	isolate:radicle_protruded_seeds_soaked_in_300mM_NaCl;cultivar:FH;ecotype:NA;age:about_five_days_after_imbibition;dev_stage:radication_protrusion;geo_loc_name:China:_Yangling;tissue:seed
PRJNA649876	SRR12537957	SAMN15685161	NA	seed	radicle protrusion	FH	FHC2	NA	isolate:radicle_protruded_seeds_soaked_in_water;cultivar:FH;ecotype:NA;age:about_five_days_after_imbibition;dev_stage:radication_protrusion;geo_loc_name:China:_Yangling;tissue:seed
PRJNA649876	SRR12537959	SAMN15685160	NA	seed	radicle protrusion	CG	CGT2	NA	isolate:radicle_protruded_seeds_soaked_in_300mM_NaCl;cultivar:CG;ecotype:NA;age:about_five_days_after_imbibition;dev_stage:radication_protrusion;geo_loc_name:China:_Yangling;tissue:seed
PRJNA649876	SRR12537961	SAMN15685159	NA	seed	radicle protrusion	CG	CGC2	NA	isolate:radicle_protruded_seeds_soaked_in_water;cultivar:CG;ecotype:NA;age:about_five_days_after_imbibition;dev_stage:radication_protrusion;geo_loc_name:China:_Yangling;tissue:seed
PRJNA649876	SRR12537963	SAMN15685158	NA	seed	imbibition	FH	FHT1	NA	isolate:imbibed_seeds_soaked_in_300mM_NaCl;cultivar:FH;ecotype:NA;age:three_days_after_cold_stratification;dev_stage:imbibition;geo_loc_name:China:_Yangling;tissue:seed
PRJNA649876	SRR12537965	SAMN15685157	NA	seed	imbibition	FH	FHC1	NA	isolate:imbibed_seeds_soaked_in_water;cultivar:FH;ecotype:NA;age:three_days_after_cold_stratification;dev_stage:imbibition;geo_loc_name:China:_Yangling;tissue:seed
PRJNA649876	SRR12537966	SAMN15685156	NA	seed	imbibition	CG	CGT1	NA	isolate:imbibed_seeds_soaked_in_300mM_NaCl;cultivar:CG;ecotype:NA;age:three_days_after_cold_stratification;dev_stage:imbibition;geo_loc_name:China:_Yangling;tissue:seed
PRJNA649876	SRR12537968	SAMN15685156	NA	seed	imbibition	CG	CGT1	NA	isolate:imbibed_seeds_soaked_in_300mM_NaCl;cultivar:CG;ecotype:NA;age:three_days_after_cold_stratification;dev_stage:imbibition;geo_loc_name:China:_Yangling;tissue:seed
PRJNA649876	SRR12537970	SAMN15685155	NA	seed	imbibition	CG	CGC1	NA	isolate:imbibed_seeds_soaked_in_water;cultivar:CG;ecotype:NA;age:three_days_after_cold_stratification;dev_stage:imbibition;geo_loc_name:China:_Yangling;tissue:seed
PRJNA649876	SRR12537972	SAMN15685162	NA	seed	radicle protrusion	FH	FHT2	NA	isolate:radicle_protruded_seeds_soaked_in_300mM_NaCl;cultivar:FH;ecotype:NA;age:about_five_days_after_imbibition;dev_stage:radication_protrusion;geo_loc_name:China:_Yangling;tissue:seed
PRJNA649876	SRR12537974	SAMN15685161	NA	seed	radicle protrusion	FH	FHC2	NA	isolate:radicle_protruded_seeds_soaked_in_water;cultivar:FH;ecotype:NA;age:about_five_days_after_imbibition;dev_stage:radication_protrusion;geo_loc_name:China:_Yangling;tissue:seed
PRJNA649876	SRR12537976	SAMN15685160	NA	seed	radicle protrusion	CG	CGT2	NA	isolate:radicle_protruded_seeds_soaked_in_300mM_NaCl;cultivar:CG;ecotype:NA;age:about_five_days_after_imbibition;dev_stage:radication_protrusion;geo_loc_name:China:_Yangling;tissue:seed
PRJNA649876	SRR12537978	SAMN15685155	NA	seed	imbibition	CG	CGC1	NA	isolate:imbibed_seeds_soaked_in_water;cultivar:CG;ecotype:NA;age:three_days_after_cold_stratification;dev_stage:imbibition;geo_loc_name:China:_Yangling;tissue:seed
PRJNA673778	SRR12972556	SAMN16623204	NA	developing seed	filling stage	Yugu1	YG1_2_G	NA	isolate:grain2_2;cultivar:YG1;dev_stage:filling_stage;geo_loc_name:China:_shaanxi;tissue:developing_grain_sample;replicate:replicate=biological_replicate_2
PRJNA673778	SRR12972557	SAMN16623203	NA	developing seed	filling stage	Yugu1	YG1_1_G	NA	isolate:grain2_1;cultivar:YG1;dev_stage:filling_stage;geo_loc_name:China:_shaanxi;tissue:developing_grain_sample;replicate:replicate=biological_replicate_1
PRJNA673778	SRR12972558	SAMN16623202	NA	developing seed	filling stage	JG21	JG21_2_G	NA	isolate:grain1_2;cultivar:JG21;dev_stage:filling_stage;geo_loc_name:China:_shaanxi;tissue:developing_grain_sample;replicate:replicate=biological_replicate_2
PRJNA673778	SRR12972559	SAMN16623201	NA	developing seed	filling stage	JG21	JG21_1_G	NA	isolate:grain1_1;cultivar:JG21;ecotype:not_collected;dev_stage:filling_stage;geo_loc_name:China:_shaanxi;tissue:developing_grain_sample;replicate:replicate=biological_replicate_1
PRJNA678878	SRR13071866	SAMN16816018	NA	spike	heading stage	NIL-B	NIL-B-3	NA	cultivar:NIL-B-3;dev_stage:heading_stage;geo_loc_name:China;tissue:spikelet
PRJNA678878	SRR13071867	SAMN16816017	NA	spike	heading stage	NIL-B	NIL-B-2	NA	cultivar:NIL-B-2;dev_stage:heading_stage;geo_loc_name:China;tissue:spikelet
PRJNA678878	SRR13071868	SAMN16816016	NA	spike	heading stage	NIL-B	NIL-B-1	NA	cultivar:NIL-B-1;dev_stage:heading_stage;geo_loc_name:China;tissue:spikelet
PRJNA678878	SRR13071869	SAMN16816015	NA	spike	heading stage	NIL-A	NIL-A-3	NA	cultivar:NIL-A-3;dev_stage:heading_stage;geo_loc_name:China;tissue:spikelet
PRJNA678878	SRR13071870	SAMN16816014	NA	spike	heading stage	NIL-A	NIL-A-2	NA	cultivar:NIL-A-2;dev_stage:heading_stage;geo_loc_name:China;tissue:spikelet
PRJNA678878	SRR13071871	SAMN16816013	NA	spike	heading stage	NIL-A	NIL-A-1	NA	cultivar:NIL-A-1;dev_stage:heading_stage;geo_loc_name:China;tissue:spikelet
PRJNA684771	SRR13279157	SAMN17069041	NA	shoot	NA	Yugu1	DD12-1	NA	ecotype:Yugu1;dev_stage:0_24_hours_after_treatment/control;geo_loc_name:China:beijing;tissue:shoots_of_14_days_old_foxtail_millet_seedlings;isolate:by_cutting_out;cultivar:Yugu1;age:12_hours_after_20%PEG6000_simulated_drought_treatment_starting_at_day;collection_date:missing
PRJNA684771	SRR13279158	SAMN17069042	NA	shoot	NA	Yugu1	DD12-2	NA	ecotype:Yugu1;dev_stage:0_24_hours_after_treatment/control;geo_loc_name:China:beijing;tissue:shoots_of_14_days_old_foxtail_millet_seedlings;isolate:by_cutting_out;cultivar:Yugu1;age:12_hours_after_20%PEG6000_simulated_drought_treatment_starting_at_day_repetition;collection_date:missing
PRJNA684771	SRR13279159	SAMN17069046	NA	shoot	NA	Yugu1	DD20-2	NA	ecotype:Yugu1;dev_stage:0_24_hours_after_treatment/control;geo_loc_name:China:beijing;tissue:shoots_of_14_days_old_foxtail_millet_seedlings;isolate:by_cutting_out;cultivar:Yugu1;age:20_hours_after_20%PEG6000_simulated_drought_treatment_starting_at_day_repetition;collection_date:missing
PRJNA684771	SRR13279160	SAMN17069051	NA	shoot	NA	Yugu1	DN4-1	NA	ecotype:Yugu1;dev_stage:0_24_hours_after_treatment/control;geo_loc_name:China:beijing;tissue:shoots_of_14_days_old_foxtail_millet_seedlings;isolate:by_cutting_out;cultivar:Yugu1;age:4_hours_after_20%PEG6000_simulated_drought_treatment_starting_at_night;collection_date:missing
PRJNA684771	SRR13279161	SAMN17069052	NA	shoot	NA	Yugu1	DN4-2	NA	ecotype:Yugu1;dev_stage:0_24_hours_after_treatment/control;geo_loc_name:China:beijing;tissue:shoots_of_14_days_old_foxtail_millet_seedlings;isolate:by_cutting_out;cultivar:Yugu1;age:4_hours_after_20%PEG6000_simulated_drought_treatment_starting_at_night_repetition;collection_date:missing
PRJNA684771	SRR13279162	SAMN17069053	NA	shoot	NA	Yugu1	DN6-1	NA	ecotype:Yugu1;dev_stage:0_24_hours_after_treatment/control;geo_loc_name:China:beijing;tissue:shoots_of_14_days_old_foxtail_millet_seedlings;isolate:by_cutting_out;cultivar:Yugu1;age:6_hours_after_20%PEG6000_simulated_drought_treatment_starting_at_night;collection_date:missing
PRJNA684771	SRR13279163	SAMN17069054	NA	shoot	NA	Yugu1	DN6-2	NA	ecotype:Yugu1;dev_stage:0_24_hours_after_treatment/control;geo_loc_name:China:beijing;tissue:shoots_of_14_days_old_foxtail_millet_seedlings;isolate:by_cutting_out;cultivar:Yugu1;age:6_hours_after_20%PEG6000_simulated_drought_treatment_starting_at_night_repetition;collection_date:missing
PRJNA684771	SRR13279164	SAMN17069055	NA	shoot	NA	Yugu1	DN8-1	NA	ecotype:Yugu1;dev_stage:0_24_hours_after_treatment/control;geo_loc_name:China:beijing;tissue:shoots_of_14_days_old_foxtail_millet_seedlings;isolate:by_cutting_out;cultivar:Yugu1;age:8_hours_after_20%PEG6000_simulated_drought_treatment_starting_at_night;collection_date:missing
PRJNA684771	SRR13279165	SAMN17069056	NA	shoot	NA	Yugu1	DN8-2	NA	ecotype:Yugu1;dev_stage:0_24_hours_after_treatment/control;geo_loc_name:China:beijing;tissue:shoots_of_14_days_old_foxtail_millet_seedlings;isolate:by_cutting_out;cultivar:Yugu1;age:8_hours_after_20%PEG6000_simulated_drought_treatment_starting_at_night_repetition;collection_date:missing
PRJNA684771	SRR13279166	SAMN17069003	NA	shoot	NA	Yugu1	CD6-1	NA	ecotype:Yugu1;dev_stage:0_24_hours_after_treatment/control;geo_loc_name:China:beijing;tissue:shoots_of_14_days_old_foxtail_millet_seedlings;isolate:by_cutting_out;cultivar:Yugu1;age:6_hours_after_1/4_Hoagland’s_control_solution_starting_at_day;collection_date:missing
PRJNA684771	SRR13279167	SAMN17069057	NA	shoot	NA	Yugu1	DN12-1	NA	ecotype:Yugu1;dev_stage:0_24_hours_after_treatment/control;geo_loc_name:China:beijing;tissue:shoots_of_14_days_old_foxtail_millet_seedlings;isolate:by_cutting_out;cultivar:Yugu1;age:12_hours_after_20%PEG6000_simulated_drought_treatment_starting_at_night;collection_date:missing
PRJNA684771	SRR13279168	SAMN17069058	NA	shoot	NA	Yugu1	DN12-2	NA	ecotype:Yugu1;dev_stage:0_24_hours_after_treatment/control;geo_loc_name:China:beijing;tissue:shoots_of_14_days_old_foxtail_millet_seedlings;isolate:by_cutting_out;cultivar:Yugu1;age:12_hours_after_20%PEG6000_simulated_drought_treatment_starting_at_night_repetition;collection_date:missing
PRJNA684771	SRR13279169	SAMN17069059	NA	shoot	NA	Yugu1	DN16-1	NA	ecotype:Yugu1;dev_stage:0_24_hours_after_treatment/control;geo_loc_name:China:beijing;tissue:shoots_of_14_days_old_foxtail_millet_seedlings;isolate:by_cutting_out;cultivar:Yugu1;age:16_hours_after_20%PEG6000_simulated_drought_treatment_starting_at_night;collection_date:missing
PRJNA684771	SRR13279170	SAMN17069060	NA	shoot	NA	Yugu1	DN16-2	NA	ecotype:Yugu1;dev_stage:0_24_hours_after_treatment/control;geo_loc_name:China:beijing;tissue:shoots_of_14_days_old_foxtail_millet_seedlings;isolate:by_cutting_out;cultivar:Yugu1;age:16_hours_after_20%PEG6000_simulated_drought_treatment_starting_at_night_repetition;collection_date:missing
PRJNA684771	SRR13279171	SAMN17069061	NA	shoot	NA	Yugu1	DN20-1	NA	ecotype:Yugu1;dev_stage:0_24_hours_after_treatment/control;geo_loc_name:China:beijing;tissue:shoots_of_14_days_old_foxtail_millet_seedlings;isolate:by_cutting_out;cultivar:Yugu1;age:20_hours_after_20%PEG6000_simulated_drought_treatment_starting_at_night;collection_date:missing
PRJNA684771	SRR13279172	SAMN17069062	NA	shoot	NA	Yugu1	DN20-2	NA	ecotype:Yugu1;dev_stage:0_24_hours_after_treatment/control;geo_loc_name:China:beijing;tissue:shoots_of_14_days_old_foxtail_millet_seedlings;isolate:by_cutting_out;cultivar:Yugu1;age:20_hours_after_20%PEG6000_simulated_drought_treatment_starting_at_night_repetition;collection_date:missing
PRJNA684771	SRR13279173	SAMN17069063	NA	shoot	NA	Yugu1	DN24-1	NA	ecotype:Yugu1;dev_stage:0_24_hours_after_treatment/control;geo_loc_name:China:beijing;tissue:shoots_of_14_days_old_foxtail_millet_seedlings;isolate:by_cutting_out;cultivar:Yugu1;age:24_hours_after_20%PEG6000_simulated_drought_treatment_starting_at_night;collection_date:missing
PRJNA684771	SRR13279174	SAMN17069064	NA	shoot	NA	Yugu1	DN24-2	NA	ecotype:Yugu1;dev_stage:0_24_hours_after_treatment/control;geo_loc_name:China:beijing;tissue:shoots_of_14_days_old_foxtail_millet_seedlings;isolate:by_cutting_out;cultivar:Yugu1;age:24_hours_after_20%PEG6000_simulated_drought_treatment_starting_at_night_repetition;collection_date:missing
PRJNA684771	SRR13279175	SAMN17069004	NA	shoot	NA	Yugu1	CD6-2	NA	ecotype:Yugu1;dev_stage:0_24_hours_after_treatment/control;geo_loc_name:China:beijing;tissue:shoots_of_14_days_old_foxtail_millet_seedlings;isolate:by_cutting_out;cultivar:Yugu1;age:6_hours_after_1/4_Hoagland’s_control_solution_starting_at_day_repetition;collection_date:missing
PRJNA684771	SRR13279176	SAMN17069005	NA	shoot	NA	Yugu1	CD8-1	NA	ecotype:Yugu1;dev_stage:0_24_hours_after_treatment/control;geo_loc_name:China:beijing;tissue:shoots_of_14_days_old_foxtail_millet_seedlings;isolate:by_cutting_out;cultivar:Yugu1;age:8_hours_after_1/4_Hoagland’s_control_solution_starting_at_day;collection_date:missing
PRJNA684771	SRR13279177	SAMN17069006	NA	shoot	NA	Yugu1	CD8-2	NA	ecotype:Yugu1;dev_stage:0_24_hours_after_treatment/control;geo_loc_name:China:beijing;tissue:shoots_of_14_days_old_foxtail_millet_seedlings;isolate:by_cutting_out;cultivar:Yugu1;age:8_hours_after_1/4_Hoagland’s_control_solution_starting_at_day_repetition;collection_date:missing
PRJNA684771	SRR13279178	SAMN17069000	NA	shoot	NA	Yugu1	CD2-2	NA	ecotype:Yugu1;dev_stage:0_24_hours_after_treatment/control;geo_loc_name:China:beijing;tissue:shoots_of_14_days_old_foxtail_millet_seedlings;isolate:by_cutting_out;cultivar:Yugu1;age:2_hours_after_1/4_Hoagland’s_control_solution_starting_at_day_repetition;collection_date:missing
PRJNA684771	SRR13279179	SAMN17069027	NA	shoot	NA	Yugu1	CN16-1	NA	ecotype:Yugu1;dev_stage:0_24_hours_after_treatment/control;geo_loc_name:China:beijing;tissue:shoots_of_14_days_old_foxtail_millet_seedlings;isolate:by_cutting_out;cultivar:Yugu1;age:16_hours_after_1/4_Hoagland’s_control_solution_starting_at_night;collection_date:missing
PRJNA684771	SRR13279180	SAMN17069028	NA	shoot	NA	Yugu1	CN16-2	NA	ecotype:Yugu1;dev_stage:0_24_hours_after_treatment/control;geo_loc_name:China:beijing;tissue:shoots_of_14_days_old_foxtail_millet_seedlings;isolate:by_cutting_out;cultivar:Yugu1;age:16_hours_after_1/4_Hoagland’s_control_solution_starting_at_night_repetition;collection_date:missing
PRJNA684771	SRR13279181	SAMN17069029	NA	shoot	NA	Yugu1	CN20-1	NA	ecotype:Yugu1;dev_stage:0_24_hours_after_treatment/control;geo_loc_name:China:beijing;tissue:shoots_of_14_days_old_foxtail_millet_seedlings;isolate:by_cutting_out;cultivar:Yugu1;age:20_hours_after_1/4_Hoagland’s_control_solution_starting_at_night;collection_date:missing
PRJNA684771	SRR13279182	SAMN17069030	NA	shoot	NA	Yugu1	CN20-2	NA	ecotype:Yugu1;dev_stage:0_24_hours_after_treatment/control;geo_loc_name:China:beijing;tissue:shoots_of_14_days_old_foxtail_millet_seedlings;isolate:by_cutting_out;cultivar:Yugu1;age:20_hours_after_1/4_Hoagland’s_control_solution_starting_at_night_repetition;collection_date:missing
PRJNA684771	SRR13279183	SAMN17069031	NA	shoot	NA	Yugu1	CN24-1	NA	ecotype:Yugu1;dev_stage:0_24_hours_after_treatment/control;geo_loc_name:China:beijing;tissue:shoots_of_14_days_old_foxtail_millet_seedlings;isolate:by_cutting_out;cultivar:Yugu1;age:24_hours_after_1/4_Hoagland’s_control_solution_starting_at_night;collection_date:missing
PRJNA684771	SRR13279184	SAMN17069032	NA	shoot	NA	Yugu1	CN24-2	NA	ecotype:Yugu1;dev_stage:0_24_hours_after_treatment/control;geo_loc_name:China:beijing;tissue:shoots_of_14_days_old_foxtail_millet_seedlings;isolate:by_cutting_out;cultivar:Yugu1;age:24_hours_after_1/4_Hoagland’s_control_solution_starting_at_night_repetition;collection_date:missing
PRJNA684771	SRR13279185	SAMN17069033	NA	shoot	NA	Yugu1	DD2-1	NA	ecotype:Yugu1;dev_stage:0_24_hours_after_treatment/control;geo_loc_name:China:beijing;tissue:shoots_of_14_days_old_foxtail_millet_seedlings;isolate:by_cutting_out;cultivar:Yugu1;age:2_hours_after_20%PEG6000_simulated_drought_treatment_starting_at_day;collection_date:missing
PRJNA684771	SRR13279186	SAMN17069034	NA	shoot	NA	Yugu1	DD2-2	NA	ecotype:Yugu1;dev_stage:0_24_hours_after_treatment/control;geo_loc_name:China:beijing;tissue:shoots_of_14_days_old_foxtail_millet_seedlings;isolate:by_cutting_out;cultivar:Yugu1;age:2_hours_after_20%PEG6000_simulated_drought_treatment_starting_at_day_repetition;collection_date:missing
PRJNA684771	SRR13279187	SAMN17069035	NA	shoot	NA	Yugu1	DD4-1	NA	ecotype:Yugu1;dev_stage:0_24_hours_after_treatment/control;geo_loc_name:China:beijing;tissue:shoots_of_14_days_old_foxtail_millet_seedlings;isolate:by_cutting_out;cultivar:Yugu1;age:4_hours_after_20%PEG6000_simulated_drought_treatment_starting_at_day;collection_date:missing
PRJNA684771	SRR13279188	SAMN17069036	NA	shoot	NA	Yugu1	DD4-2	NA	ecotype:Yugu1;dev_stage:0_24_hours_after_treatment/control;geo_loc_name:China:beijing;tissue:shoots_of_14_days_old_foxtail_millet_seedlings;isolate:by_cutting_out;cultivar:Yugu1;age:4_hours_after_20%PEG6000_simulated_drought_treatment_starting_at_day_repetition;collection_date:missing
PRJNA684771	SRR13279189	SAMN17069001	NA	shoot	NA	Yugu1	CD4-1	NA	ecotype:Yugu1;dev_stage:0_24_hours_after_treatment/control;geo_loc_name:China:beijing;tissue:shoots_of_14_days_old_foxtail_millet_seedlings;isolate:by_cutting_out;cultivar:Yugu1;age:4_hours_after_1/4_Hoagland’s_control_solution_starting_at_day;collection_date:missing
PRJNA684771	SRR13279190	SAMN17069037	NA	shoot	NA	Yugu1	DD6-1	NA	ecotype:Yugu1;dev_stage:0_24_hours_after_treatment/control;geo_loc_name:China:beijing;tissue:shoots_of_14_days_old_foxtail_millet_seedlings;isolate:by_cutting_out;cultivar:Yugu1;age:6_hours_after_20%PEG6000_simulated_drought_treatment_starting_at_day;collection_date:missing
PRJNA684771	SRR13279191	SAMN17069038	NA	shoot	NA	Yugu1	DD6-2	NA	ecotype:Yugu1;dev_stage:0_24_hours_after_treatment/control;geo_loc_name:China:beijing;tissue:shoots_of_14_days_old_foxtail_millet_seedlings;isolate:by_cutting_out;cultivar:Yugu1;age:6_hours_after_20%PEG6000_simulated_drought_treatment_starting_at_day_repetition;collection_date:missing
PRJNA684771	SRR13279192	SAMN17069039	NA	shoot	NA	Yugu1	DD8-1	NA	ecotype:Yugu1;dev_stage:0_24_hours_after_treatment/control;geo_loc_name:China:beijing;tissue:shoots_of_14_days_old_foxtail_millet_seedlings;isolate:by_cutting_out;cultivar:Yugu1;age:8_hours_after_20%PEG6000_simulated_drought_treatment_starting_at_day;collection_date:missing
PRJNA684771	SRR13279193	SAMN17069040	NA	shoot	NA	Yugu1	DD8-2	NA	ecotype:Yugu1;dev_stage:0_24_hours_after_treatment/control;geo_loc_name:China:beijing;tissue:shoots_of_14_days_old_foxtail_millet_seedlings;isolate:by_cutting_out;cultivar:Yugu1;age:8_hours_after_20%PEG6000_simulated_drought_treatment_starting_at_day_repetition;collection_date:missing
PRJNA684771	SRR13279194	SAMN17069043	NA	shoot	NA	Yugu1	DD16-1	NA	ecotype:Yugu1;dev_stage:0_24_hours_after_treatment/control;geo_loc_name:China:beijing;tissue:shoots_of_14_days_old_foxtail_millet_seedlings;isolate:by_cutting_out;cultivar:Yugu1;age:16_hours_after_20%PEG6000_simulated_drought_treatment_starting_at_day;collection_date:missing
PRJNA684771	SRR13279195	SAMN17069044	NA	shoot	NA	Yugu1	DD16-2	NA	ecotype:Yugu1;dev_stage:0_24_hours_after_treatment/control;geo_loc_name:China:beijing;tissue:shoots_of_14_days_old_foxtail_millet_seedlings;isolate:by_cutting_out;cultivar:Yugu1;age:16_hours_after_20%PEG6000_simulated_drought_treatment_starting_at_day_repetition;collection_date:missing
PRJNA684771	SRR13279196	SAMN17069045	NA	shoot	NA	Yugu1	DD20-1	NA	ecotype:Yugu1;dev_stage:0_24_hours_after_treatment/control;geo_loc_name:China:beijing;tissue:shoots_of_14_days_old_foxtail_millet_seedlings;isolate:by_cutting_out;cultivar:Yugu1;age:20_hours_after_20%PEG6000_simulated_drought_treatment_starting_at_day;collection_date:missing
PRJNA684771	SRR13279197	SAMN17069002	NA	shoot	NA	Yugu1	CD4-2	NA	ecotype:Yugu1;dev_stage:0_24_hours_after_treatment/control;geo_loc_name:China:beijing;tissue:shoots_of_14_days_old_foxtail_millet_seedlings;isolate:by_cutting_out;cultivar:Yugu1;age:4_hours_after_1/4_Hoagland’s_control_solution_starting_at_day_repetition;collection_date:missing
PRJNA684771	SRR13279198	SAMN17069047	NA	shoot	NA	Yugu1	DD24-1	NA	ecotype:Yugu1;dev_stage:0_24_hours_after_treatment/control;geo_loc_name:China:beijing;tissue:shoots_of_14_days_old_foxtail_millet_seedlings;isolate:by_cutting_out;cultivar:Yugu1;age:24_hours_after_20%PEG6000_simulated_drought_treatment_starting_at_day;collection_date:missing
PRJNA684771	SRR13279199	SAMN17069048	NA	shoot	NA	Yugu1	DD24-2	NA	ecotype:Yugu1;dev_stage:0_24_hours_after_treatment/control;geo_loc_name:China:beijing;tissue:shoots_of_14_days_old_foxtail_millet_seedlings;isolate:by_cutting_out;cultivar:Yugu1;age:24_hours_after_20%PEG6000_simulated_drought_treatment_starting_at_dayrepetition;collection_date:missing
PRJNA684771	SRR13279200	SAMN17069049	NA	shoot	NA	Yugu1	DN2-1	NA	ecotype:Yugu1;dev_stage:0_24_hours_after_treatment/control;geo_loc_name:China:beijing;tissue:shoots_of_14_days_old_foxtail_millet_seedlings;isolate:by_cutting_out;cultivar:Yugu1;age:2_hours_after_20%PEG6000_simulated_drought_treatment_starting_at_night;collection_date:missing
PRJNA684771	SRR13279201	SAMN17069050	NA	shoot	NA	Yugu1	DN2-2	NA	ecotype:Yugu1;dev_stage:0_24_hours_after_treatment/control;geo_loc_name:China:beijing;tissue:shoots_of_14_days_old_foxtail_millet_seedlings;isolate:by_cutting_out;cultivar:Yugu1;age:2_hours_after_20%PEG6000_simulated_drought_treatment_starting_at_night_repetition;collection_date:missing
PRJNA684771	SRR13279202	SAMN17069026	NA	shoot	NA	Yugu1	CN12-2	NA	ecotype:Yugu1;dev_stage:0_24_hours_after_treatment/control;geo_loc_name:China:beijing;tissue:shoots_of_14_days_old_foxtail_millet_seedlings;isolate:by_cutting_out;cultivar:Yugu1;age:12_hours_after_1/4_Hoagland’s_control_solution_starting_at_night_repetition;collection_date:missing
PRJNA684771	SRR13279203	SAMN17069025	NA	shoot	NA	Yugu1	CN12-1	NA	ecotype:Yugu1;dev_stage:0_24_hours_after_treatment/control;geo_loc_name:China:beijing;tissue:shoots_of_14_days_old_foxtail_millet_seedlings;isolate:by_cutting_out;cultivar:Yugu1;age:12_hours_after_1/4_Hoagland’s_control_solution_starting_at_night;collection_date:missing
PRJNA684771	SRR13279204	SAMN17069024	NA	shoot	NA	Yugu1	CN8-2	NA	ecotype:Yugu1;dev_stage:0_24_hours_after_treatment/control;geo_loc_name:China:beijing;tissue:shoots_of_14_days_old_foxtail_millet_seedlings;isolate:by_cutting_out;cultivar:Yugu1;age:8_hours_after_1/4_Hoagland’s_control_solution_starting_at_night_repetition;collection_date:missing
PRJNA684771	SRR13279205	SAMN17069023	NA	shoot	NA	Yugu1	CN8-1	NA	ecotype:Yugu1;dev_stage:0_24_hours_after_treatment/control;geo_loc_name:China:beijing;tissue:shoots_of_14_days_old_foxtail_millet_seedlings;isolate:by_cutting_out;cultivar:Yugu1;age:8_hours_after_1/4_Hoagland’s_control_solution_starting_at_night;collection_date:missing
PRJNA684771	SRR13279206	SAMN17069022	NA	shoot	NA	Yugu1	CN6-2	NA	ecotype:Yugu1;dev_stage:0_24_hours_after_treatment/control;geo_loc_name:China:beijing;tissue:shoots_of_14_days_old_foxtail_millet_seedlings;isolate:by_cutting_out;cultivar:Yugu1;age:6_hours_after_1/4_Hoagland’s_control_solution_starting_at_night_repetition;collection_date:missing
PRJNA684771	SRR13279207	SAMN17069021	NA	shoot	NA	Yugu1	CN6-1	NA	ecotype:Yugu1;dev_stage:0_24_hours_after_treatment/control;geo_loc_name:China:beijing;tissue:shoots_of_14_days_old_foxtail_millet_seedlings;isolate:by_cutting_out;cultivar:Yugu1;age:6_hours_after_1/4_Hoagland’s_control_solution_starting_at_night;collection_date:missing
PRJNA684771	SRR13279208	SAMN17069020	NA	shoot	NA	Yugu1	CN4-2	NA	ecotype:Yugu1;dev_stage:0_24_hours_after_treatment/control;geo_loc_name:China:beijing;tissue:shoots_of_14_days_old_foxtail_millet_seedlings;isolate:by_cutting_out;cultivar:Yugu1;age:4_hours_after_1/4_Hoagland’s_control_solution_starting_at_night_repetition;collection_date:missing
PRJNA684771	SRR13279209	SAMN17069019	NA	shoot	NA	Yugu1	CN4-1	NA	ecotype:Yugu1;dev_stage:0_24_hours_after_treatment/control;geo_loc_name:China:beijing;tissue:shoots_of_14_days_old_foxtail_millet_seedlings;isolate:by_cutting_out;cultivar:Yugu1;age:4_hours_after_1/4_Hoagland’s_control_solution_starting_at_night;collection_date:missing
PRJNA684771	SRR13279210	SAMN17069018	NA	shoot	NA	Yugu1	CN2-2	NA	ecotype:Yugu1;dev_stage:0_24_hours_after_treatment/control;geo_loc_name:China:beijing;tissue:shoots_of_14_days_old_foxtail_millet_seedlings;isolate:by_cutting_out;cultivar:Yugu1;age:2_hours_after_1/4_Hoagland’s_control_solution_starting_at_night_repetition;collection_date:missing
PRJNA684771	SRR13279211	SAMN17069017	NA	shoot	NA	Yugu1	CN2-1	NA	ecotype:Yugu1;dev_stage:0_24_hours_after_treatment/control;geo_loc_name:China:beijing;tissue:shoots_of_14_days_old_foxtail_millet_seedlings;isolate:by_cutting_out;cultivar:Yugu1;age:2_hours_after_1/4_Hoagland’s_control_solution_starting_at_night;collection_date:missing
PRJNA684771	SRR13279212	SAMN17068999	NA	shoot	NA	Yugu1	CD2-1	NA	ecotype:Yugu1;dev_stage:0_24_hours_after_treatment/control;geo_loc_name:China:beijing;tissue:shoots_of_14_days_old_foxtail_millet_seedlings;isolate:by_cutting_out;cultivar:Yugu1;age:2_hours_after_1/4_Hoagland’s_control_solution_starting_at_day;collection_date:missing
PRJNA684771	SRR13279213	SAMN17069016	NA	shoot	NA	Yugu1	CN0-2	NA	ecotype:Yugu1;dev_stage:0_24_hours_after_treatment/control;geo_loc_name:China:beijing;tissue:shoots_of_14_days_old_foxtail_millet_seedlings;isolate:by_cutting_out;cultivar:Yugu1;age:0_hours_after_1/4_Hoagland’s_control_solution_starting_at_night_repetition;collection_date:missing
PRJNA684771	SRR13279214	SAMN17069015	NA	shoot	NA	Yugu1	CN0-1	NA	ecotype:Yugu1;dev_stage:0_24_hours_after_treatment/control;geo_loc_name:China:beijing;tissue:shoots_of_14_days_old_foxtail_millet_seedlings;isolate:by_cutting_out;cultivar:Yugu1;age:0_hours_after_1/4_Hoagland’s_control_solution_starting_at_night;collection_date:missing
PRJNA684771	SRR13279215	SAMN17069014	NA	shoot	NA	Yugu1	CD24-2	NA	ecotype:Yugu1;dev_stage:0_24_hours_after_treatment/control;geo_loc_name:China:beijing;tissue:shoots_of_14_days_old_foxtail_millet_seedlings;isolate:by_cutting_out;cultivar:Yugu1;age:24_hours_after_1/4_Hoagland’s_control_solution_starting_at_day_repetition;collection_date:missing
PRJNA684771	SRR13279216	SAMN17069013	NA	shoot	NA	Yugu1	CD24-1	NA	ecotype:Yugu1;dev_stage:0_24_hours_after_treatment/control;geo_loc_name:China:beijing;tissue:shoots_of_14_days_old_foxtail_millet_seedlings;isolate:by_cutting_out;cultivar:Yugu1;age:24_hours_after_1/4_Hoagland’s_control_solution_starting_at_day;collection_date:missing
PRJNA684771	SRR13279217	SAMN17069012	NA	shoot	NA	Yugu1	CD20-2	NA	ecotype:Yugu1;dev_stage:0_24_hours_after_treatment/control;geo_loc_name:China:beijing;tissue:shoots_of_14_days_old_foxtail_millet_seedlings;isolate:by_cutting_out;cultivar:Yugu1;age:20_hours_after_1/4_Hoagland’s_control_solution_starting_at_day_repetition;collection_date:missing
PRJNA684771	SRR13279218	SAMN17069011	NA	shoot	NA	Yugu1	CD20-1	NA	ecotype:Yugu1;dev_stage:0_24_hours_after_treatment/control;geo_loc_name:China:beijing;tissue:shoots_of_14_days_old_foxtail_millet_seedlings;isolate:by_cutting_out;cultivar:Yugu1;age:20_hours_after_1/4_Hoagland’s_control_solution_starting_at_day;collection_date:missing
PRJNA684771	SRR13279219	SAMN17069010	NA	shoot	NA	Yugu1	CD16-2	NA	ecotype:Yugu1;dev_stage:0_24_hours_after_treatment/control;geo_loc_name:China:beijing;tissue:shoots_of_14_days_old_foxtail_millet_seedlings;isolate:by_cutting_out;cultivar:Yugu1;age:16_hours_after_1/4_Hoagland’s_control_solution_starting_at_day_repetition;collection_date:missing
PRJNA684771	SRR13279220	SAMN17069009	NA	shoot	NA	Yugu1	CD16-1	NA	ecotype:Yugu1;dev_stage:0_24_hours_after_treatment/control;geo_loc_name:China:beijing;tissue:shoots_of_14_days_old_foxtail_millet_seedlings;isolate:by_cutting_out;cultivar:Yugu1;age:16_hours_after_1/4_Hoagland’s_control_solution_starting_at_day;collection_date:missing
PRJNA684771	SRR13279221	SAMN17069008	NA	shoot	NA	Yugu1	CD12-2	NA	ecotype:Yugu1;dev_stage:0_24_hours_after_treatment/control;geo_loc_name:China:beijing;tissue:shoots_of_14_days_old_foxtail_millet_seedlings;isolate:by_cutting_out;cultivar:Yugu1;age:12_hours_after_1/4_Hoagland’s_control_solution_starting_at_day_repetition;collection_date:missing
PRJNA684771	SRR13279222	SAMN17069007	NA	shoot	NA	Yugu1	CD12-1	NA	ecotype:Yugu1;dev_stage:0_24_hours_after_treatment/control;geo_loc_name:China:beijing;tissue:shoots_of_14_days_old_foxtail_millet_seedlings;isolate:by_cutting_out;cultivar:Yugu1;age:12_hours_after_1/4_Hoagland’s_control_solution_starting_at_day;collection_date:missing
PRJNA684771	SRR13279223	SAMN17068998	NA	shoot	NA	Yugu1	CD0-2	NA	ecotype:Yugu1;dev_stage:0_24_hours_after_treatment/control;geo_loc_name:China:beijing;tissue:shoots_of_14_days_old_foxtail_millet_seedlings;isolate:by_cutting_out;cultivar:Yugu1;age:0_hours_after_1/4_Hoagland’s_control_solution_starting_at_day_repetition;collection_date:missing
PRJNA684771	SRR13279224	SAMN17068997	NA	shoot	NA	Yugu1	CD0-1	NA	ecotype:Yugu1;dev_stage:0_24_hours_after_treatment/control;geo_loc_name:China:beijing;tissue:shoots_of_14_days_old_foxtail_millet_seedlings;isolate:by_cutting_out;cultivar:Yugu1;age:0_hours_after_1/4_Hoagland’s_control_solution_starting_at_day;collection_date:missing
PRJNA688579	SRR13325988	SAMN17181337	NA	panicle	NA	OR	YU1-A-6	NA	cultivar:OR;age:heading_stage;geo_loc_name:China;tissue:panicle
PRJNA688579	SRR13325989	SAMN17181336	NA	panicle	NA	BR	YU1-A-5	NA	cultivar:BR;age:heading_stage;geo_loc_name:China;tissue:panicle
PRJNA688579	SRR13325990	SAMN17181335	NA	panicle	NA	B	YU1-A-4	NA	cultivar:B;age:heading_stage;geo_loc_name:China;tissue:panicle
PRJNA688579	SRR13325991	SAMN17181334	NA	panicle	NA	GU1	YU1-A-3	NA	cultivar:GU1;age:heading_stage;geo_loc_name:China;tissue:panicle
PRJNA688579	SRR13325992	SAMN17181333	NA	panicle	NA	YU	YU1-A-2	NA	cultivar:YU;age:heading_stage;geo_loc_name:China;tissue:panicle
PRJNA688579	SRR13325993	SAMN17181332	NA	panicle	NA	Yugu1	YU1-A-1	NA	cultivar:Yugu1;age:heading_stage;geo_loc_name:China;tissue:panicle
PRJNA721299	SRR14212072	SAMN18644852	NA	seed	NA	Yugu 18 and Zhanggu 16	grain_of_foxtail_millet	NA	cultivar:Yugu_18_and_Zhanggu_16;dev_stage:DPA_1_7_14_21_28_35;geo_loc_name:China:Anyang;tissue:grain
PRJNA721299	SRR14212073	SAMN18644852	NA	seed	NA	Yugu 18 and Zhanggu 16	grain_of_foxtail_millet	NA	cultivar:Yugu_18_and_Zhanggu_16;dev_stage:DPA_1_7_14_21_28_35;geo_loc_name:China:Anyang;tissue:grain
PRJNA721299	SRR14212074	SAMN18644852	NA	seed	NA	Yugu 18 and Zhanggu 16	grain_of_foxtail_millet	NA	cultivar:Yugu_18_and_Zhanggu_16;dev_stage:DPA_1_7_14_21_28_35;geo_loc_name:China:Anyang;tissue:grain
PRJNA721299	SRR14212075	SAMN18644852	NA	seed	NA	Yugu 18 and Zhanggu 16	grain_of_foxtail_millet	NA	cultivar:Yugu_18_and_Zhanggu_16;dev_stage:DPA_1_7_14_21_28_35;geo_loc_name:China:Anyang;tissue:grain
PRJNA721299	SRR14212076	SAMN18644852	NA	seed	NA	Yugu 18 and Zhanggu 16	grain_of_foxtail_millet	NA	cultivar:Yugu_18_and_Zhanggu_16;dev_stage:DPA_1_7_14_21_28_35;geo_loc_name:China:Anyang;tissue:grain
PRJNA721299	SRR14212077	SAMN18644852	NA	seed	NA	Yugu 18 and Zhanggu 16	grain_of_foxtail_millet	NA	cultivar:Yugu_18_and_Zhanggu_16;dev_stage:DPA_1_7_14_21_28_35;geo_loc_name:China:Anyang;tissue:grain
PRJNA721299	SRR14212078	SAMN18644852	NA	seed	NA	Yugu 18 and Zhanggu 16	grain_of_foxtail_millet	NA	cultivar:Yugu_18_and_Zhanggu_16;dev_stage:DPA_1_7_14_21_28_35;geo_loc_name:China:Anyang;tissue:grain
PRJNA721299	SRR14212079	SAMN18644852	NA	seed	NA	Yugu 18 and Zhanggu 16	grain_of_foxtail_millet	NA	cultivar:Yugu_18_and_Zhanggu_16;dev_stage:DPA_1_7_14_21_28_35;geo_loc_name:China:Anyang;tissue:grain
PRJNA721299	SRR14212080	SAMN18644852	NA	seed	NA	Yugu 18 and Zhanggu 16	grain_of_foxtail_millet	NA	cultivar:Yugu_18_and_Zhanggu_16;dev_stage:DPA_1_7_14_21_28_35;geo_loc_name:China:Anyang;tissue:grain
PRJNA721299	SRR14212081	SAMN18644852	NA	seed	NA	Yugu 18 and Zhanggu 16	grain_of_foxtail_millet	NA	cultivar:Yugu_18_and_Zhanggu_16;dev_stage:DPA_1_7_14_21_28_35;geo_loc_name:China:Anyang;tissue:grain
PRJNA721299	SRR14212082	SAMN18644852	NA	seed	NA	Yugu 18 and Zhanggu 16	grain_of_foxtail_millet	NA	cultivar:Yugu_18_and_Zhanggu_16;dev_stage:DPA_1_7_14_21_28_35;geo_loc_name:China:Anyang;tissue:grain
PRJNA721299	SRR14212083	SAMN18644852	NA	seed	NA	Yugu 18 and Zhanggu 16	grain_of_foxtail_millet	NA	cultivar:Yugu_18_and_Zhanggu_16;dev_stage:DPA_1_7_14_21_28_35;geo_loc_name:China:Anyang;tissue:grain
PRJNA721299	SRR14212084	SAMN18644852	NA	seed	NA	Yugu 18 and Zhanggu 16	grain_of_foxtail_millet	NA	cultivar:Yugu_18_and_Zhanggu_16;dev_stage:DPA_1_7_14_21_28_35;geo_loc_name:China:Anyang;tissue:grain
PRJNA721299	SRR14212085	SAMN18644852	NA	seed	NA	Yugu 18 and Zhanggu 16	grain_of_foxtail_millet	NA	cultivar:Yugu_18_and_Zhanggu_16;dev_stage:DPA_1_7_14_21_28_35;geo_loc_name:China:Anyang;tissue:grain
PRJNA721299	SRR14212086	SAMN18644852	NA	seed	NA	Yugu 18 and Zhanggu 16	grain_of_foxtail_millet	NA	cultivar:Yugu_18_and_Zhanggu_16;dev_stage:DPA_1_7_14_21_28_35;geo_loc_name:China:Anyang;tissue:grain
PRJNA721299	SRR14212087	SAMN18644852	NA	seed	NA	Yugu 18 and Zhanggu 16	grain_of_foxtail_millet	NA	cultivar:Yugu_18_and_Zhanggu_16;dev_stage:DPA_1_7_14_21_28_35;geo_loc_name:China:Anyang;tissue:grain
PRJNA721299	SRR14212088	SAMN18644852	NA	seed	NA	Yugu 18 and Zhanggu 16	grain_of_foxtail_millet	NA	cultivar:Yugu_18_and_Zhanggu_16;dev_stage:DPA_1_7_14_21_28_35;geo_loc_name:China:Anyang;tissue:grain
PRJNA721299	SRR14212089	SAMN18644852	NA	seed	NA	Yugu 18 and Zhanggu 16	grain_of_foxtail_millet	NA	cultivar:Yugu_18_and_Zhanggu_16;dev_stage:DPA_1_7_14_21_28_35;geo_loc_name:China:Anyang;tissue:grain
PRJNA721299	SRR14227037	SAMN18644852	NA	seed	NA	Yugu 18 and Zhanggu 16	grain_of_foxtail_millet	NA	cultivar:Yugu_18_and_Zhanggu_16;dev_stage:DPA_1_7_14_21_28_35;geo_loc_name:China:Anyang;tissue:grain
PRJNA721299	SRR14227038	SAMN18644852	NA	seed	NA	Yugu 18 and Zhanggu 16	grain_of_foxtail_millet	NA	cultivar:Yugu_18_and_Zhanggu_16;dev_stage:DPA_1_7_14_21_28_35;geo_loc_name:China:Anyang;tissue:grain
PRJNA721299	SRR14227039	SAMN18644852	NA	seed	NA	Yugu 18 and Zhanggu 16	grain_of_foxtail_millet	NA	cultivar:Yugu_18_and_Zhanggu_16;dev_stage:DPA_1_7_14_21_28_35;geo_loc_name:China:Anyang;tissue:grain
PRJNA721299	SRR14227040	SAMN18644852	NA	seed	NA	Yugu 18 and Zhanggu 16	grain_of_foxtail_millet	NA	cultivar:Yugu_18_and_Zhanggu_16;dev_stage:DPA_1_7_14_21_28_35;geo_loc_name:China:Anyang;tissue:grain
PRJNA721299	SRR14227041	SAMN18644852	NA	seed	NA	Yugu 18 and Zhanggu 16	grain_of_foxtail_millet	NA	cultivar:Yugu_18_and_Zhanggu_16;dev_stage:DPA_1_7_14_21_28_35;geo_loc_name:China:Anyang;tissue:grain
PRJNA721299	SRR14227042	SAMN18644852	NA	seed	NA	Yugu 18 and Zhanggu 16	grain_of_foxtail_millet	NA	cultivar:Yugu_18_and_Zhanggu_16;dev_stage:DPA_1_7_14_21_28_35;geo_loc_name:China:Anyang;tissue:grain
PRJNA721299	SRR14227043	SAMN18644852	NA	seed	NA	Yugu 18 and Zhanggu 16	grain_of_foxtail_millet	NA	cultivar:Yugu_18_and_Zhanggu_16;dev_stage:DPA_1_7_14_21_28_35;geo_loc_name:China:Anyang;tissue:grain
PRJNA721299	SRR14227044	SAMN18644852	NA	seed	NA	Yugu 18 and Zhanggu 16	grain_of_foxtail_millet	NA	cultivar:Yugu_18_and_Zhanggu_16;dev_stage:DPA_1_7_14_21_28_35;geo_loc_name:China:Anyang;tissue:grain
PRJNA721299	SRR14227045	SAMN18644852	NA	seed	NA	Yugu 18 and Zhanggu 16	grain_of_foxtail_millet	NA	cultivar:Yugu_18_and_Zhanggu_16;dev_stage:DPA_1_7_14_21_28_35;geo_loc_name:China:Anyang;tissue:grain
PRJNA721299	SRR14227046	SAMN18644852	NA	seed	NA	Yugu 18 and Zhanggu 16	grain_of_foxtail_millet	NA	cultivar:Yugu_18_and_Zhanggu_16;dev_stage:DPA_1_7_14_21_28_35;geo_loc_name:China:Anyang;tissue:grain
PRJNA721299	SRR14227047	SAMN18644852	NA	seed	NA	Yugu 18 and Zhanggu 16	grain_of_foxtail_millet	NA	cultivar:Yugu_18_and_Zhanggu_16;dev_stage:DPA_1_7_14_21_28_35;geo_loc_name:China:Anyang;tissue:grain
PRJNA721299	SRR14227048	SAMN18644852	NA	seed	NA	Yugu 18 and Zhanggu 16	grain_of_foxtail_millet	NA	cultivar:Yugu_18_and_Zhanggu_16;dev_stage:DPA_1_7_14_21_28_35;geo_loc_name:China:Anyang;tissue:grain
PRJNA721299	SRR14227049	SAMN18644852	NA	seed	NA	Yugu 18 and Zhanggu 16	grain_of_foxtail_millet	NA	cultivar:Yugu_18_and_Zhanggu_16;dev_stage:DPA_1_7_14_21_28_35;geo_loc_name:China:Anyang;tissue:grain
PRJNA721299	SRR14227050	SAMN18644852	NA	seed	NA	Yugu 18 and Zhanggu 16	grain_of_foxtail_millet	NA	cultivar:Yugu_18_and_Zhanggu_16;dev_stage:DPA_1_7_14_21_28_35;geo_loc_name:China:Anyang;tissue:grain
PRJNA721299	SRR14227051	SAMN18644852	NA	seed	NA	Yugu 18 and Zhanggu 16	grain_of_foxtail_millet	NA	cultivar:Yugu_18_and_Zhanggu_16;dev_stage:DPA_1_7_14_21_28_35;geo_loc_name:China:Anyang;tissue:grain
PRJNA721299	SRR14227052	SAMN18644852	NA	seed	NA	Yugu 18 and Zhanggu 16	grain_of_foxtail_millet	NA	cultivar:Yugu_18_and_Zhanggu_16;dev_stage:DPA_1_7_14_21_28_35;geo_loc_name:China:Anyang;tissue:grain
PRJNA721299	SRR14227053	SAMN18644852	NA	seed	NA	Yugu 18 and Zhanggu 16	grain_of_foxtail_millet	NA	cultivar:Yugu_18_and_Zhanggu_16;dev_stage:DPA_1_7_14_21_28_35;geo_loc_name:China:Anyang;tissue:grain
PRJNA721299	SRR14227054	SAMN18644852	NA	seed	NA	Yugu 18 and Zhanggu 16	grain_of_foxtail_millet	NA	cultivar:Yugu_18_and_Zhanggu_16;dev_stage:DPA_1_7_14_21_28_35;geo_loc_name:China:Anyang;tissue:grain
PRJNA734765	SRR14717712	SAMN19523367	NA	whole plant	21 days	IC41	Setaria_italica_susceptible_cultivar	NA	cultivar:IC41;dev_stage:21_days_post_germination;geo_loc_name:India;tissue:Whole_seedling
PRJNA734765	SRR14717713	SAMN19523366	NA	whole plant	21 days	IC4	Setaria_italica_tolerant_cultivar	NA	cultivar:IC4;dev_stage:21_days_post_germination;geo_loc_name:India;tissue:Whole_seedling
PRJNA734765	SRR14717714	SAMN19523366	NA	whole plant	21 days	IC4	Setaria_italica_tolerant_cultivar	NA	cultivar:IC4;dev_stage:21_days_post_germination;geo_loc_name:India;tissue:Whole_seedling
PRJNA734765	SRR14717715	SAMN19523366	NA	whole plant	21 days	IC4	Setaria_italica_tolerant_cultivar	NA	cultivar:IC4;dev_stage:21_days_post_germination;geo_loc_name:India;tissue:Whole_seedling
PRJNA734765	SRR14717716	SAMN19523367	NA	whole plant	21 days	IC41	Setaria_italica_susceptible_cultivar	NA	cultivar:IC41;dev_stage:21_days_post_germination;geo_loc_name:India;tissue:Whole_seedling
PRJNA734765	SRR14717717	SAMN19523367	NA	whole plant	21 days	IC41	Setaria_italica_susceptible_cultivar	NA	cultivar:IC41;dev_stage:21_days_post_germination;geo_loc_name:India;tissue:Whole_seedling
PRJNA734765	SRR14717718	SAMN19523367	NA	whole plant	21 days	IC41	Setaria_italica_susceptible_cultivar	NA	cultivar:IC41;dev_stage:21_days_post_germination;geo_loc_name:India;tissue:Whole_seedling
PRJNA734765	SRR14717719	SAMN19523366	NA	whole plant	21 days	IC4	Setaria_italica_tolerant_cultivar	NA	cultivar:IC4;dev_stage:21_days_post_germination;geo_loc_name:India;tissue:Whole_seedling
PRJNA734765	SRR14717720	SAMN19523367	NA	whole plant	21 days	IC41	Setaria_italica_susceptible_cultivar	NA	cultivar:IC41;dev_stage:21_days_post_germination;geo_loc_name:India;tissue:Whole_seedling
PRJNA734765	SRR14717721	SAMN19523367	NA	whole plant	21 days	IC41	Setaria_italica_susceptible_cultivar	NA	cultivar:IC41;dev_stage:21_days_post_germination;geo_loc_name:India;tissue:Whole_seedling
PRJNA734765	SRR14717722	SAMN19523367	NA	whole plant	21 days	IC41	Setaria_italica_susceptible_cultivar	NA	cultivar:IC41;dev_stage:21_days_post_germination;geo_loc_name:India;tissue:Whole_seedling
PRJNA734765	SRR14717723	SAMN19523366	NA	whole plant	21 days	IC4	Setaria_italica_tolerant_cultivar	NA	cultivar:IC4;dev_stage:21_days_post_germination;geo_loc_name:India;tissue:Whole_seedling
PRJNA734765	SRR14717724	SAMN19523366	NA	whole plant	21 days	IC4	Setaria_italica_tolerant_cultivar	NA	cultivar:IC4;dev_stage:21_days_post_germination;geo_loc_name:India;tissue:Whole_seedling
PRJNA734765	SRR14717725	SAMN19523366	NA	whole plant	21 days	IC4	Setaria_italica_tolerant_cultivar	NA	cultivar:IC4;dev_stage:21_days_post_germination;geo_loc_name:India;tissue:Whole_seedling
PRJNA734765	SRR14717726	SAMN19523367	NA	whole plant	21 days	IC41	Setaria_italica_susceptible_cultivar	NA	cultivar:IC41;dev_stage:21_days_post_germination;geo_loc_name:India;tissue:Whole_seedling
PRJNA734765	SRR14717727	SAMN19523367	NA	whole plant	21 days	IC41	Setaria_italica_susceptible_cultivar	NA	cultivar:IC41;dev_stage:21_days_post_germination;geo_loc_name:India;tissue:Whole_seedling
PRJNA734765	SRR14717728	SAMN19523366	NA	whole plant	21 days	IC4	Setaria_italica_tolerant_cultivar	NA	cultivar:IC4;dev_stage:21_days_post_germination;geo_loc_name:India;tissue:Whole_seedling
PRJNA734765	SRR14717729	SAMN19523366	NA	whole plant	21 days	IC4	Setaria_italica_tolerant_cultivar	NA	cultivar:IC4;dev_stage:21_days_post_germination;geo_loc_name:India;tissue:Whole_seedling
PRJNA744331	SRR15056561	SAMN20087831	PEG treatment for 24 hour	shoot	seedling stage	IC41/ 480117	IC41_24h_Rep3	NA	cultivar:IC41/_480117;age:21_days_old_seedlng;dev_stage:seedling;geo_loc_name:not_applicable;tissue:Above_ground_tissue;treatment:24_hr_exposure_to_Polyethylene_glycol_(PEG);biological_replicate:3
PRJNA744331	SRR15056562	SAMN20087830	PEG treatment for 24 hour	shoot	seedling stage	IC41/ 480117	IC41_24h_Rep2	NA	cultivar:IC41/_480117;age:21_days_old_seedlng;dev_stage:seedling;geo_loc_name:not_applicable;tissue:Above_ground_tissue;treatment:24_hr_exposure_to_Polyethylene_glycol_(PEG);biological_replicate:2
PRJNA744331	SRR15056563	SAMN20087829	PEG treatment for 24 hour	shoot	seedling stage	IC41/ 480117	IC41_24h_Rep1	NA	cultivar:IC41/_480117;age:21_days_old_seedlng;dev_stage:seedling;geo_loc_name:not_applicable;tissue:Above_ground_tissue;treatment:24_hr_exposure_to_Polyethylene_glycol_(PEG);biological_replicate:1
PRJNA744331	SRR15056565	SAMN20087827	PEG treatment for 24 hour	shoot	seedling stage	IC4/ IC403579	IC4_24h_Rep2	NA	cultivar:IC4/_IC403579;age:21_days_old_seedlng;dev_stage:seedling;geo_loc_name:not_applicable;tissue:Above_ground_tissue;treatment:24_hr_exposure_to_Polyethylene_glycol_(PEG);biological_replicate:2
PRJNA633676	SRR15057367	SAMN20088502	NA	panicle primary panicle branch	differentiation stage	JinGu21	JG21-Panicle_Primary_panicle_branch-Differentiation_stage-2	NA	cultivar:JinGu21;dev_stage:Differentiation_stage;geo_loc_name:China:_Shanxi__Taigu;tissue:Panicle_Primary_panicle_branch;collected_by:Xukai_Li;collection_date:2019;replicate:2
PRJNA633676	SRR15057368	SAMN20088501	NA	panicle primary panicle branch	differentiation stage	JinGu21	JG21-Panicle_Primary_panicle_branch-Differentiation_stage-1	NA	cultivar:JinGu21;dev_stage:Differentiation_stage;geo_loc_name:China:_Shanxi__Taigu;tissue:Panicle_Primary_panicle_branch;collected_by:Xukai_Li;collection_date:2019;replicate:1
PRJNA633676	SRR15057369	SAMN20088500	NA	neck panicle internodes	filling stage	JinGu21	JG21-Neck_panicle_internodes-Filling_stage-3	NA	cultivar:JinGu21;dev_stage:Filling_stage;geo_loc_name:China:_Shanxi__Taigu;tissue:Neck_panicle_internodes;collected_by:Xukai_Li;collection_date:2019;replicate:3
PRJNA633676	SRR15057370	SAMN20088499	NA	neck panicle internodes	filling stage	JinGu21	JG21-Neck_panicle_internodes-Filling_stage-2	NA	cultivar:JinGu21;dev_stage:Filling_stage;geo_loc_name:China:_Shanxi__Taigu;tissue:Neck_panicle_internodes;collected_by:Xukai_Li;collection_date:2019;replicate:2
PRJNA633676	SRR15057371	SAMN20088445	NA	germinated seed	3 days	JinGu21	JG21-Germinated_seeds-3_days-1	NA	cultivar:JinGu21;dev_stage:3_days;geo_loc_name:China:_Shanxi__Taigu;tissue:Germinated_seeds;collected_by:Xukai_Li;collection_date:2019;replicate:1
PRJNA633676	SRR15057372	SAMN20088498	NA	neck panicle internodes	filling stage	JinGu21	JG21-Neck_panicle_internodes-Filling_stage-1	NA	cultivar:JinGu21;dev_stage:Filling_stage;geo_loc_name:China:_Shanxi__Taigu;tissue:Neck_panicle_internodes;collected_by:Xukai_Li;collection_date:2019;replicate:1
PRJNA633676	SRR15057373	SAMN20088497	NA	mesophyll	s3	JinGu21	JG21-Mesophyll-S3-3	NA	cultivar:JinGu21;dev_stage:S3;geo_loc_name:China:_Shanxi__Taigu;tissue:Mesophyll;collected_by:Xukai_Li;collection_date:2019;replicate:3
PRJNA633676	SRR15057374	SAMN20088496	NA	mesophyll	s3	JinGu21	JG21-Mesophyll-S3-2	NA	cultivar:JinGu21;dev_stage:S3;geo_loc_name:China:_Shanxi__Taigu;tissue:Mesophyll;collected_by:Xukai_Li;collection_date:2019;replicate:2
PRJNA633676	SRR15057375	SAMN20088488	NA	leaf top second	30 days	JinGu21	JG21-Leaf_top_second-30d-2	NA	cultivar:JinGu21;dev_stage:30d;geo_loc_name:China:_Shanxi__Taigu;tissue:Leaf_top_second;collected_by:Xukai_Li;collection_date:2019;replicate:2
PRJNA633676	SRR15057376	SAMN20088487	NA	leaf top second	30 days	JinGu21	JG21-Leaf_top_second-30d-1	NA	cultivar:JinGu21;dev_stage:30d;geo_loc_name:China:_Shanxi__Taigu;tissue:Leaf_top_second;collected_by:Xukai_Li;collection_date:2019;replicate:1
PRJNA633676	SRR15057377	SAMN20088486	NA	leaf top second	heading stage	JinGu21	JG21-Leaf_top_second-2_days_after_heading-3	NA	cultivar:JinGu21;dev_stage:2_days_after_heading;geo_loc_name:China:_Shanxi__Taigu;tissue:Leaf_top_second;collected_by:Xukai_Li;collection_date:2019;replicate:3
PRJNA633676	SRR15057378	SAMN20088485	NA	leaf top second	heading stage	JinGu21	JG21-Leaf_top_second-2_days_after_heading-2	NA	cultivar:JinGu21;dev_stage:2_days_after_heading;geo_loc_name:China:_Shanxi__Taigu;tissue:Leaf_top_second;collected_by:Xukai_Li;collection_date:2019;replicate:2
PRJNA633676	SRR15057379	SAMN20088484	NA	leaf top second	heading stage	JinGu21	JG21-Leaf_top_second-2_days_after_heading-1	NA	cultivar:JinGu21;dev_stage:2_days_after_heading;geo_loc_name:China:_Shanxi__Taigu;tissue:Leaf_top_second;collected_by:Xukai_Li;collection_date:2019;replicate:1
PRJNA633676	SRR15057380	SAMN20088483	NA	leaf top fourth	filling stage	JinGu21	JG21-Leaf_top_foruth-Filling_stage-3	NA	cultivar:JinGu21;dev_stage:Filling_stage;geo_loc_name:China:_Shanxi__Taigu;tissue:Leaf_top_foruth;collected_by:Xukai_Li;collection_date:2019;replicate:3
PRJNA633676	SRR15057381	SAMN20088482	NA	leaf top fourth	filling stage	JinGu21	JG21-Leaf_top_foruth-Filling_stage-2	NA	cultivar:JinGu21;dev_stage:Filling_stage;geo_loc_name:China:_Shanxi__Taigu;tissue:Leaf_top_foruth;collected_by:Xukai_Li;collection_date:2019;replicate:2
PRJNA633676	SRR15057382	SAMN20088481	NA	leaf top fourth	filling stage	JinGu21	JG21-Leaf_top_foruth-Filling_stage-1	NA	cultivar:JinGu21;dev_stage:Filling_stage;geo_loc_name:China:_Shanxi__Taigu;tissue:Leaf_top_foruth;collected_by:Xukai_Li;collection_date:2019;replicate:1
PRJNA633676	SRR15057383	SAMN20088473	NA	immature spikelet	s4	JinGu21	JG21-Immature_spikelet-S4-5	NA	cultivar:JinGu21;dev_stage:S4;geo_loc_name:China:_Shanxi__Taigu;tissue:Immature_spikelet;collected_by:Xukai_Li;collection_date:2019;replicate:5
PRJNA633676	SRR15057384	SAMN20088472	NA	immature spikelet	s4	JinGu21	JG21-Immature_spikelet-S4-4	NA	cultivar:JinGu21;dev_stage:S4;geo_loc_name:China:_Shanxi__Taigu;tissue:Immature_spikelet;collected_by:Xukai_Li;collection_date:2019;replicate:4
PRJNA633676	SRR15057385	SAMN20088471	NA	immature spikelet	s4	JinGu21	JG21-Immature_spikelet-S4-3	NA	cultivar:JinGu21;dev_stage:S4;geo_loc_name:China:_Shanxi__Taigu;tissue:Immature_spikelet;collected_by:Xukai_Li;collection_date:2019;replicate:3
PRJNA633676	SRR15057386	SAMN20088470	NA	immature spikelet	s4	JinGu21	JG21-Immature_spikelet-S4-2	NA	cultivar:JinGu21;dev_stage:S4;geo_loc_name:China:_Shanxi__Taigu;tissue:Immature_spikelet;collected_by:Xukai_Li;collection_date:2019;replicate:2
PRJNA633676	SRR15057387	SAMN20088469	NA	immature spikelet	s4	JinGu21	JG21-Immature_spikelet-S4-1	NA	cultivar:JinGu21;dev_stage:S4;geo_loc_name:China:_Shanxi__Taigu;tissue:Immature_spikelet;collected_by:Xukai_Li;collection_date:2019;replicate:1
PRJNA633676	SRR15057388	SAMN20088442	NA	flag leaf sheath	filling stage	JinGu21	JG21-Flag_leaf_sheath-Filling_stage-1	NA	cultivar:JinGu21;dev_stage:Filling_stage;geo_loc_name:China:_Shanxi__Taigu;tissue:Flag_leaf_sheath;collected_by:Xukai_Li;collection_date:2019;replicate:1
PRJNA633676	SRR15057389	SAMN20088468	NA	immature spikelet	s2	JinGu21	JG21-Immature_spikelet-S2-6	NA	cultivar:JinGu21;dev_stage:S2;geo_loc_name:China:_Shanxi__Taigu;tissue:Immature_spikelet;collected_by:Xukai_Li;collection_date:2019;replicate:6
PRJNA633676	SRR15057390	SAMN20088467	NA	immature spikelet	s2	JinGu21	JG21-Immature_spikelet-S2-5	NA	cultivar:JinGu21;dev_stage:S2;geo_loc_name:China:_Shanxi__Taigu;tissue:Immature_spikelet;collected_by:Xukai_Li;collection_date:2019;replicate:5
PRJNA633676	SRR15057391	SAMN20088441	NA	flag leaf	filling stage	JinGu21	JG21-Flag_leaf-Filling_stage-3	NA	cultivar:JinGu21;dev_stage:Filling_stage;geo_loc_name:China:_Shanxi__Taigu;tissue:Flag_leaf;collected_by:Xukai_Li;collection_date:2019;replicate:3
PRJNA633676	SRR15057392	SAMN20088458	NA	immature seed	s4	JinGu21	JG21-Immature_seed-S4-2	NA	cultivar:JinGu21;dev_stage:S4;geo_loc_name:China:_Shanxi__Taigu;tissue:Immature_seed;collected_by:Xukai_Li;collection_date:2019;replicate:2
PRJNA633676	SRR15057393	SAMN20088457	NA	immature seed	s4	JinGu21	JG21-Immature_seed-S4-1	NA	cultivar:JinGu21;dev_stage:S4;geo_loc_name:China:_Shanxi__Taigu;tissue:Immature_seed;collected_by:Xukai_Li;collection_date:2019;replicate:1
PRJNA633676	SRR15057394	SAMN20088456	NA	immature seed	s3	JinGu21	JG21-Immature_seed-S3-3	NA	cultivar:JinGu21;dev_stage:S3;geo_loc_name:China:_Shanxi__Taigu;tissue:Immature_seed;collected_by:Xukai_Li;collection_date:2019;replicate:3
PRJNA633676	SRR15057395	SAMN20088455	NA	immature seed	s3	JinGu21	JG21-Immature_seed-S3-2	NA	cultivar:JinGu21;dev_stage:S3;geo_loc_name:China:_Shanxi__Taigu;tissue:Immature_seed;collected_by:Xukai_Li;collection_date:2019;replicate:2
PRJNA633676	SRR15057396	SAMN20088454	NA	immature seed	s3	JinGu21	JG21-Immature_seed-S3-1	NA	cultivar:JinGu21;dev_stage:S3;geo_loc_name:China:_Shanxi__Taigu;tissue:Immature_seed;collected_by:Xukai_Li;collection_date:2019;replicate:1
PRJNA633676	SRR15057397	SAMN20088453	NA	immature seed	s2	JinGu21	JG21-Immature_seed-S2-3	NA	cultivar:JinGu21;dev_stage:S2;geo_loc_name:China:_Shanxi__Taigu;tissue:Immature_seed;collected_by:Xukai_Li;collection_date:2019;replicate:3
PRJNA633676	SRR15057398	SAMN20088452	NA	immature seed	s2	JinGu21	JG21-Immature_seed-S2-2	NA	cultivar:JinGu21;dev_stage:S2;geo_loc_name:China:_Shanxi__Taigu;tissue:Immature_seed;collected_by:Xukai_Li;collection_date:2019;replicate:2
PRJNA633676	SRR15057399	SAMN20088451	NA	immature seed	s2	JinGu21	JG21-Immature_seed-S2-1	NA	cultivar:JinGu21;dev_stage:S2;geo_loc_name:China:_Shanxi__Taigu;tissue:Immature_seed;collected_by:Xukai_Li;collection_date:2019;replicate:1
PRJNA633676	SRR15057400	SAMN20088550	NA	stem	filling stage	Xiaomi	xiaomi-Stem-Filling_stage-3	NA	cultivar:xiaomi;dev_stage:Filling_stage;geo_loc_name:China:_Shanxi__Taigu;tissue:Stem;collected_by:Xingchun_Wang;collection_date:2018;replicate:3
PRJNA633676	SRR15057401	SAMN20088549	NA	stem	filling stage	Xiaomi	xiaomi-Stem-Filling_stage-2	NA	cultivar:xiaomi;dev_stage:Filling_stage;geo_loc_name:China:_Shanxi__Taigu;tissue:Stem;collected_by:Xingchun_Wang;collection_date:2018;replicate:2
PRJNA633676	SRR15057402	SAMN20088450	NA	immature seed	s1	JinGu21	JG21-Immature_seed-S1-3	NA	cultivar:JinGu21;dev_stage:S1;geo_loc_name:China:_Shanxi__Taigu;tissue:Immature_seed;collected_by:Xukai_Li;collection_date:2019;replicate:3
PRJNA633676	SRR15057403	SAMN20088548	NA	stem	filling stage	Xiaomi	xiaomi-Stem-Filling_stage-1	NA	cultivar:xiaomi;dev_stage:Filling_stage;geo_loc_name:China:_Shanxi__Taigu;tissue:Stem;collected_by:Xingchun_Wang;collection_date:2018;replicate:1
PRJNA633676	SRR15057404	SAMN20088547	NA	seedling	2 weeks	Xiaomi	xiaomi-Seedling-2_weeks_plant-3	NA	cultivar:xiaomi;dev_stage:2_weeks_plant;geo_loc_name:China:_Shanxi__Taigu;tissue:Seedling;collected_by:Xingchun_Wang;collection_date:2018;replicate:3
PRJNA633676	SRR15057405	SAMN20088546	NA	seedling	2 weeks	Xiaomi	xiaomi-Seedling-2_weeks_plant-2	NA	cultivar:xiaomi;dev_stage:2_weeks_plant;geo_loc_name:China:_Shanxi__Taigu;tissue:Seedling;collected_by:Xingchun_Wang;collection_date:2018;replicate:2
PRJNA633676	SRR15057406	SAMN20088545	NA	seedling	2 weeks	Xiaomi	xiaomi-Seedling-2_weeks_plant-1	NA	cultivar:xiaomi;dev_stage:2_weeks_plant;geo_loc_name:China:_Shanxi__Taigu;tissue:Seedling;collected_by:Xingchun_Wang;collection_date:2018;replicate:1
PRJNA633676	SRR15057407	SAMN20088531	NA	leaf top second	30 days	Xiaomi	xiaomi-Leaf_top_second-30d-4	NA	cultivar:xiaomi;dev_stage:30d;geo_loc_name:China:_Shanxi__Taigu;tissue:Leaf_top_second;collected_by:Xingchun_Wang;collection_date:2018;replicate:4
PRJNA633676	SRR15057408	SAMN20088530	NA	leaf top second	30 days	Xiaomi	xiaomi-Leaf_top_second-30d-3	NA	cultivar:xiaomi;dev_stage:30d;geo_loc_name:China:_Shanxi__Taigu;tissue:Leaf_top_second;collected_by:Xingchun_Wang;collection_date:2018;replicate:3
PRJNA633676	SRR15057409	SAMN20088529	NA	leaf top second	30 days	Xiaomi	xiaomi-Leaf_top_second-30d-2	NA	cultivar:xiaomi;dev_stage:30d;geo_loc_name:China:_Shanxi__Taigu;tissue:Leaf_top_second;collected_by:Xingchun_Wang;collection_date:2018;replicate:2
PRJNA633676	SRR15057410	SAMN20088448	NA	immature seed	s1	JinGu21	JG21-Immature_seed-S1-1	NA	cultivar:JinGu21;dev_stage:S1;geo_loc_name:China:_Shanxi__Taigu;tissue:Immature_seed;collected_by:Xukai_Li;collection_date:2019;replicate:1
PRJNA633676	SRR15057411	SAMN20088528	NA	leaf top second	30 days	Xiaomi	xiaomi-Leaf_top_second-30d-1	NA	cultivar:xiaomi;dev_stage:30d;geo_loc_name:China:_Shanxi__Taigu;tissue:Leaf_top_second;collected_by:Xingchun_Wang;collection_date:2018;replicate:1
PRJNA633676	SRR15057412	SAMN20088527	NA	leaf top fourth	filling stage	Xiaomi	xiaomi-Leaf_top_foruth-filling_stage-3	NA	cultivar:xiaomi;dev_stage:filling_stage;geo_loc_name:China:_Shanxi__Taigu;tissue:Leaf_top_foruth;collected_by:Xingchun_Wang;collection_date:2018;replicate:3
PRJNA633676	SRR15057413	SAMN20088526	NA	leaf top fourth	filling stage	Xiaomi	xiaomi-Leaf_top_foruth-filling_stage-2	NA	cultivar:xiaomi;dev_stage:filling_stage;geo_loc_name:China:_Shanxi__Taigu;tissue:Leaf_top_foruth;collected_by:Xingchun_Wang;collection_date:2018;replicate:2
PRJNA633676	SRR15057414	SAMN20088525	NA	leaf top fourth	filling stage	Xiaomi	xiaomi-Leaf_top_foruth-filling_stage-1	NA	cultivar:xiaomi;dev_stage:filling_stage;geo_loc_name:China:_Shanxi__Taigu;tissue:Leaf_top_foruth;collected_by:Xingchun_Wang;collection_date:2018;replicate:1
PRJNA633676	SRR15057415	SAMN20088524	NA	leaf	2 weeks	Xiaomi	xiaomi-Leaf-2_week-3	NA	cultivar:xiaomi;dev_stage:2_week;geo_loc_name:China:_Shanxi__Taigu;tissue:Leaf;collected_by:Xingchun_Wang;collection_date:2018;replicate:3
PRJNA633676	SRR15057416	SAMN20088523	NA	leaf	2 weeks	Xiaomi	xiaomi-Leaf-2_week-2	NA	cultivar:xiaomi;dev_stage:2_week;geo_loc_name:China:_Shanxi__Taigu;tissue:Leaf;collected_by:Xingchun_Wang;collection_date:2018;replicate:2
PRJNA633676	SRR15057417	SAMN20088522	NA	leaf	2 weeks	Xiaomi	xiaomi-Leaf-2_week-1	NA	cultivar:xiaomi;dev_stage:2_week;geo_loc_name:China:_Shanxi__Taigu;tissue:Leaf;collected_by:Xingchun_Wang;collection_date:2018;replicate:1
PRJNA633676	SRR15057418	SAMN20088521	NA	germinated seed	3 days	Xiaomi	xiaomi-Germinated_seeds-3_days-3	NA	cultivar:xiaomi;dev_stage:3_days;geo_loc_name:China:_Shanxi__Taigu;tissue:Germinated_seeds;collected_by:Xingchun_Wang;collection_date:2018;replicate:3
PRJNA633676	SRR15057419	SAMN20088520	NA	germinated seed	3 days	Xiaomi	xiaomi-Germinated_seeds-3_days-2	NA	cultivar:xiaomi;dev_stage:3_days;geo_loc_name:China:_Shanxi__Taigu;tissue:Germinated_seeds;collected_by:Xingchun_Wang;collection_date:2018;replicate:2
PRJNA633676	SRR15057420	SAMN20088519	NA	germinated seed	3 days	Xiaomi	xiaomi-Germinated_seeds-3_days-1	NA	cultivar:xiaomi;dev_stage:3_days;geo_loc_name:China:_Shanxi__Taigu;tissue:Germinated_seeds;collected_by:Xingchun_Wang;collection_date:2018;replicate:1
PRJNA633676	SRR15057421	SAMN20088447	NA	germinated seed	3 days	JinGu21	JG21-Germinated_seeds-3_days-3	NA	cultivar:JinGu21;dev_stage:3_days;geo_loc_name:China:_Shanxi__Taigu;tissue:Germinated_seeds;collected_by:Xukai_Li;collection_date:2019;replicate:3
PRJNA633676	SRR15057422	SAMN20088518	NA	flag leaf	filling stage	Xiaomi	xiaomi-Flag_leaf-filling_stage-3	NA	cultivar:xiaomi;dev_stage:filling_stage;geo_loc_name:China:_Shanxi__Taigu;tissue:Flag_leaf;collected_by:Xingchun_Wang;collection_date:2018;replicate:3
PRJNA633676	SRR15057423	SAMN20088517	NA	flag leaf	filling stage	Xiaomi	xiaomi-Flag_leaf-filling_stage-2	NA	cultivar:xiaomi;dev_stage:filling_stage;geo_loc_name:China:_Shanxi__Taigu;tissue:Flag_leaf;collected_by:Xingchun_Wang;collection_date:2018;replicate:2
PRJNA633676	SRR15057424	SAMN20088516	NA	flag leaf	filling stage	Xiaomi	xiaomi-Flag_leaf-filling_stage-1	NA	cultivar:xiaomi;dev_stage:filling_stage;geo_loc_name:China:_Shanxi__Taigu;tissue:Flag_leaf;collected_by:Xingchun_Wang;collection_date:2018;replicate:1
PRJNA633676	SRR15057425	SAMN20088515	NA	stem	filling stage	JinGu21	JG21-Stem_top_second-Filling_stage-3	NA	cultivar:JinGu21;dev_stage:Filling_stage;geo_loc_name:China:_Shanxi__Taigu;tissue:Stem_top_second;collected_by:Xukai_Li;collection_date:2019;replicate:3
PRJNA633676	SRR15057426	SAMN20088514	NA	stem	filling stage	JinGu21	JG21-Stem_top_second-Filling_stage-2	NA	cultivar:JinGu21;dev_stage:Filling_stage;geo_loc_name:China:_Shanxi__Taigu;tissue:Stem_top_second;collected_by:Xukai_Li;collection_date:2019;replicate:2
PRJNA633676	SRR15057427	SAMN20088513	NA	stem	filling stage	JinGu21	JG21-Stem_top_second-Filling_stage-1	NA	cultivar:JinGu21;dev_stage:Filling_stage;geo_loc_name:China:_Shanxi__Taigu;tissue:Stem_top_second;collected_by:Xukai_Li;collection_date:2019;replicate:1
PRJNA633676	SRR15057428	SAMN20088512	NA	root	filling stage	JinGu21	JG21-Root-Filling_stage-3	NA	cultivar:JinGu21;dev_stage:Filling_stage;geo_loc_name:China:_Shanxi__Taigu;tissue:Root;collected_by:Xukai_Li;collection_date:2019;replicate:3
PRJNA633676	SRR15057429	SAMN20088511	NA	root	filling stage	JinGu21	JG21-Root-Filling_stage-2	NA	cultivar:JinGu21;dev_stage:Filling_stage;geo_loc_name:China:_Shanxi__Taigu;tissue:Root;collected_by:Xukai_Li;collection_date:2019;replicate:2
PRJNA633676	SRR15057430	SAMN20088510	NA	root	filling stage	JinGu21	JG21-Root-Filling_stage-1	NA	cultivar:JinGu21;dev_stage:Filling_stage;geo_loc_name:China:_Shanxi__Taigu;tissue:Root;collected_by:Xukai_Li;collection_date:2019;replicate:1
PRJNA633676	SRR15057431	SAMN20088509	NA	NA	NA	JinGu21	JG21-Plant-One_tip_two_leaf-3	NA	cultivar:JinGu21;dev_stage:One_tip_two_leaf;geo_loc_name:China:_Shanxi__Taigu;tissue:Plant;collected_by:Xukai_Li;collection_date:2019;replicate:3
PRJNA633676	SRR15057432	SAMN20088446	NA	germinated seed	3 days	JinGu21	JG21-Germinated_seeds-3_days-2	NA	cultivar:JinGu21;dev_stage:3_days;geo_loc_name:China:_Shanxi__Taigu;tissue:Germinated_seeds;collected_by:Xukai_Li;collection_date:2019;replicate:2
PRJNA633676	SRR15057433	SAMN20088508	NA	NA	NA	JinGu21	JG21-Plant-One_tip_two_leaf-2	NA	cultivar:JinGu21;dev_stage:One_tip_two_leaf;geo_loc_name:China:_Shanxi__Taigu;tissue:Plant;collected_by:Xukai_Li;collection_date:2019;replicate:2
PRJNA633676	SRR15057434	SAMN20088507	NA	NA	NA	JinGu21	JG21-Plant-One_tip_two_leaf-1	NA	cultivar:JinGu21;dev_stage:One_tip_two_leaf;geo_loc_name:China:_Shanxi__Taigu;tissue:Plant;collected_by:Xukai_Li;collection_date:2019;replicate:1
PRJNA633676	SRR15057435	SAMN20088506	NA	panicle third panicle branch	differentiation stage	JinGu21	JG21-Panicle_Third_panicle_branch-Differentiation_stage-3	NA	cultivar:JinGu21;dev_stage:Differentiation_stage;geo_loc_name:China:_Shanxi__Taigu;tissue:Panicle_Third_panicle_branch;collected_by:Xukai_Li;collection_date:2019;replicate:3
PRJNA633676	SRR15057436	SAMN20088505	NA	panicle third panicle branch	differentiation stage	JinGu21	JG21-Panicle_Third_panicle_branch-Differentiation_stage-2	NA	cultivar:JinGu21;dev_stage:Differentiation_stage;geo_loc_name:China:_Shanxi__Taigu;tissue:Panicle_Third_panicle_branch;collected_by:Xukai_Li;collection_date:2019;replicate:2
PRJNA633676	SRR15057437	SAMN20088504	NA	panicle third panicle branch	differentiation stage	JinGu21	JG21-Panicle_Third_panicle_branch-Differentiation_stage-1	NA	cultivar:JinGu21;dev_stage:Differentiation_stage;geo_loc_name:China:_Shanxi__Taigu;tissue:Panicle_Third_panicle_branch;collected_by:Xukai_Li;collection_date:2019;replicate:1
PRJNA633676	SRR15057438	SAMN20088503	NA	panicle primary panicle branch	differentiation stage	JinGu21	JG21-Panicle_Primary_panicle_branch-Differentiation_stage-3	NA	cultivar:JinGu21;dev_stage:Differentiation_stage;geo_loc_name:China:_Shanxi__Taigu;tissue:Panicle_Primary_panicle_branch;collected_by:Xukai_Li;collection_date:2019;replicate:3
PRJNA633676	SRR15057439	SAMN20088495	NA	mesophyll	s3	JinGu21	JG21-Mesophyll-S3-1	NA	cultivar:JinGu21;dev_stage:S3;geo_loc_name:China:_Shanxi__Taigu;tissue:Mesophyll;collected_by:Xukai_Li;collection_date:2019;replicate:1
PRJNA633676	SRR15057440	SAMN20088494	NA	leaf veins	s3	JinGu21	JG21-Leaf_veins-S3-3	NA	cultivar:JinGu21;dev_stage:S3;geo_loc_name:China:_Shanxi__Taigu;tissue:Leaf_veins;collected_by:Xukai_Li;collection_date:2019;replicate:3
PRJNA633676	SRR15057441	SAMN20088493	NA	leaf veins	s3	JinGu21	JG21-Leaf_veins-S3-2	NA	cultivar:JinGu21;dev_stage:S3;geo_loc_name:China:_Shanxi__Taigu;tissue:Leaf_veins;collected_by:Xukai_Li;collection_date:2019;replicate:2
PRJNA633676	SRR15057442	SAMN20088492	NA	leaf veins	s3	JinGu21	JG21-Leaf_veins-S3-1	NA	cultivar:JinGu21;dev_stage:S3;geo_loc_name:China:_Shanxi__Taigu;tissue:Leaf_veins;collected_by:Xukai_Li;collection_date:2019;replicate:1
PRJNA633676	SRR15057443	SAMN20088491	NA	leaf top second	30 days	JinGu21	JG21-Leaf_top_second-30d-5	NA	cultivar:JinGu21;dev_stage:30d;geo_loc_name:China:_Shanxi__Taigu;tissue:Leaf_top_second;collected_by:Xukai_Li;collection_date:2019;replicate:5
PRJNA633676	SRR15057444	SAMN20088490	NA	leaf top second	30 days	JinGu21	JG21-Leaf_top_second-30d-4	NA	cultivar:JinGu21;dev_stage:30d;geo_loc_name:China:_Shanxi__Taigu;tissue:Leaf_top_second;collected_by:Xukai_Li;collection_date:2019;replicate:4
PRJNA633676	SRR15057445	SAMN20088489	NA	leaf top second	30 days	JinGu21	JG21-Leaf_top_second-30d-3	NA	cultivar:JinGu21;dev_stage:30d;geo_loc_name:China:_Shanxi__Taigu;tissue:Leaf_top_second;collected_by:Xukai_Li;collection_date:2019;replicate:3
PRJNA633676	SRR15057446	SAMN20088444	NA	flag leaf sheath	filling stage	JinGu21	JG21-Flag_leaf_sheath-Filling_stage-3	NA	cultivar:JinGu21;dev_stage:Filling_stage;geo_loc_name:China:_Shanxi__Taigu;tissue:Flag_leaf_sheath;collected_by:Xukai_Li;collection_date:2019;replicate:3
PRJNA633676	SRR15057447	SAMN20088480	NA	leaf sheath top foruth	filling stage	JinGu21	JG21-Leaf_sheath_top_foruth-Filling_stage-3	NA	cultivar:JinGu21;dev_stage:Filling_stage;geo_loc_name:China:_Shanxi__Taigu;tissue:Leaf_sheath_top_foruth;collected_by:Xukai_Li;collection_date:2019;replicate:3
PRJNA633676	SRR15057448	SAMN20088479	NA	leaf sheath top foruth	filling stage	JinGu21	JG21-Leaf_sheath_top_foruth-Filling_stage-2	NA	cultivar:JinGu21;dev_stage:Filling_stage;geo_loc_name:China:_Shanxi__Taigu;tissue:Leaf_sheath_top_foruth;collected_by:Xukai_Li;collection_date:2019;replicate:2
PRJNA633676	SRR15057449	SAMN20088443	NA	flag leaf sheath	filling stage	JinGu21	JG21-Flag_leaf_sheath-Filling_stage-2	NA	cultivar:JinGu21;dev_stage:Filling_stage;geo_loc_name:China:_Shanxi__Taigu;tissue:Flag_leaf_sheath;collected_by:Xukai_Li;collection_date:2019;replicate:2
PRJNA633676	SRR15057450	SAMN20088478	NA	leaf sheath top foruth	filling stage	JinGu21	JG21-Leaf_sheath_top_foruth-Filling_stage-1	NA	cultivar:JinGu21;dev_stage:Filling_stage;geo_loc_name:China:_Shanxi__Taigu;tissue:Leaf_sheath_top_foruth;collected_by:Xukai_Li;collection_date:2019;replicate:1
PRJNA633676	SRR15057451	SAMN20088477	NA	leaf	2 weeks	JinGu21	JG21-Leaf-2_weeks_plant-3	NA	cultivar:JinGu21;dev_stage:2_weeks_plant;geo_loc_name:China:_Shanxi__Taigu;tissue:Leaf;collected_by:Xukai_Li;collection_date:2019;replicate:3
PRJNA633676	SRR15057452	SAMN20088476	NA	leaf	2 weeks	JinGu21	JG21-Leaf-2_weeks_plant-2	NA	cultivar:JinGu21;dev_stage:2_weeks_plant;geo_loc_name:China:_Shanxi__Taigu;tissue:Leaf;collected_by:Xukai_Li;collection_date:2019;replicate:2
PRJNA633676	SRR15057453	SAMN20088475	NA	leaf	2 weeks	JinGu21	JG21-Leaf-2_weeks_plant-1	NA	cultivar:JinGu21;dev_stage:2_weeks_plant;geo_loc_name:China:_Shanxi__Taigu;tissue:Leaf;collected_by:Xukai_Li;collection_date:2019;replicate:1
PRJNA633676	SRR15057454	SAMN20088474	NA	immature spikelet	s4	JinGu21	JG21-Immature_spikelet-S4-6	NA	cultivar:JinGu21;dev_stage:S4;geo_loc_name:China:_Shanxi__Taigu;tissue:Immature_spikelet;collected_by:Xukai_Li;collection_date:2019;replicate:6
PRJNA633676	SRR15057455	SAMN20088466	NA	immature spikelet	s2	JinGu21	JG21-Immature_spikelet-S2-4	NA	cultivar:JinGu21;dev_stage:S2;geo_loc_name:China:_Shanxi__Taigu;tissue:Immature_spikelet;collected_by:Xukai_Li;collection_date:2019;replicate:4
PRJNA633676	SRR15057456	SAMN20088465	NA	immature spikelet	s2	JinGu21	JG21-Immature_spikelet-S2-3	NA	cultivar:JinGu21;dev_stage:S2;geo_loc_name:China:_Shanxi__Taigu;tissue:Immature_spikelet;collected_by:Xukai_Li;collection_date:2019;replicate:3
PRJNA633676	SRR15057457	SAMN20088464	NA	immature spikelet	s2	JinGu21	JG21-Immature_spikelet-S2-2	NA	cultivar:JinGu21;dev_stage:S2;geo_loc_name:China:_Shanxi__Taigu;tissue:Immature_spikelet;collected_by:Xukai_Li;collection_date:2019;replicate:2
PRJNA633676	SRR15057458	SAMN20088463	NA	immature spikelet	s2	JinGu21	JG21-Immature_spikelet-S2-1	NA	cultivar:JinGu21;dev_stage:S2;geo_loc_name:China:_Shanxi__Taigu;tissue:Immature_spikelet;collected_by:Xukai_Li;collection_date:2019;replicate:1
PRJNA633676	SRR15057459	SAMN20088462	NA	immature seed	s5	JinGu21	JG21-Immature_seed-S5-3	NA	cultivar:JinGu21;dev_stage:S5;geo_loc_name:China:_Shanxi__Taigu;tissue:Immature_seed;collected_by:Xukai_Li;collection_date:2019;replicate:3
PRJNA633676	SRR15057460	SAMN20088461	NA	immature seed	s5	JinGu21	JG21-Immature_seed-S5-2	NA	cultivar:JinGu21;dev_stage:S5;geo_loc_name:China:_Shanxi__Taigu;tissue:Immature_seed;collected_by:Xukai_Li;collection_date:2019;replicate:2
PRJNA633676	SRR15057461	SAMN20088460	NA	immature seed	s5	JinGu21	JG21-Immature_seed-S5-1	NA	cultivar:JinGu21;dev_stage:S5;geo_loc_name:China:_Shanxi__Taigu;tissue:Immature_seed;collected_by:Xukai_Li;collection_date:2019;replicate:1
PRJNA633676	SRR15057462	SAMN20088459	NA	immature seed	s4	JinGu21	JG21-Immature_seed-S4-3	NA	cultivar:JinGu21;dev_stage:S4;geo_loc_name:China:_Shanxi__Taigu;tissue:Immature_seed;collected_by:Xukai_Li;collection_date:2019;replicate:3
PRJNA633676	SRR15057463	SAMN20088544	NA	root	filling stage	Xiaomi	xiaomi-Root-Filling_stage-3	NA	cultivar:xiaomi;dev_stage:Filling_stage;geo_loc_name:China:_Shanxi__Taigu;tissue:Root;collected_by:Xingchun_Wang;collection_date:2018;replicate:3
PRJNA633676	SRR15057464	SAMN20088543	NA	root	filling stage	Xiaomi	xiaomi-Root-Filling_stage-2	NA	cultivar:xiaomi;dev_stage:Filling_stage;geo_loc_name:China:_Shanxi__Taigu;tissue:Root;collected_by:Xingchun_Wang;collection_date:2018;replicate:2
PRJNA633676	SRR15057465	SAMN20088542	NA	root	filling stage	Xiaomi	xiaomi-Root-Filling_stage-1	NA	cultivar:xiaomi;dev_stage:Filling_stage;geo_loc_name:China:_Shanxi__Taigu;tissue:Root;collected_by:Xingchun_Wang;collection_date:2018;replicate:1
PRJNA633676	SRR15057466	SAMN20088541	NA	panicle	pollination stage	Xiaomi	xiaomi-Panicle-Pollination_stage-3	NA	cultivar:xiaomi;dev_stage:Pollination_stage;geo_loc_name:China:_Shanxi__Taigu;tissue:Panicle;collected_by:Xingchun_Wang;collection_date:2018;replicate:3
PRJNA633676	SRR15057467	SAMN20088540	NA	panicle	pollination stage	Xiaomi	xiaomi-Panicle-Pollination_stage-2	NA	cultivar:xiaomi;dev_stage:Pollination_stage;geo_loc_name:China:_Shanxi__Taigu;tissue:Panicle;collected_by:Xingchun_Wang;collection_date:2018;replicate:2
PRJNA633676	SRR15057468	SAMN20088539	NA	panicle	pollination stage	Xiaomi	xiaomi-Panicle-Pollination_stage-1	NA	cultivar:xiaomi;dev_stage:Pollination_stage;geo_loc_name:China:_Shanxi__Taigu;tissue:Panicle;collected_by:Xingchun_Wang;collection_date:2018;replicate:1
PRJNA633676	SRR15057469	SAMN20088449	NA	immature seed	s1	JinGu21	JG21-Immature_seed-S1-2	NA	cultivar:JinGu21;dev_stage:S1;geo_loc_name:China:_Shanxi__Taigu;tissue:Immature_seed;collected_by:Xukai_Li;collection_date:2019;replicate:2
PRJNA633676	SRR15057470	SAMN20088440	NA	flag leaf	filling stage	JinGu21	JG21-Flag_leaf-Filling_stage-2	NA	cultivar:JinGu21;dev_stage:Filling_stage;geo_loc_name:China:_Shanxi__Taigu;tissue:Flag_leaf;collected_by:Xukai_Li;collection_date:2019;replicate:2
PRJNA633676	SRR15057471	SAMN20088538	NA	panicle	filling stage	Xiaomi	xiaomi-Panicle-Filling_stage-3	NA	cultivar:xiaomi;dev_stage:Filling_stage;geo_loc_name:China:_Shanxi__Taigu;tissue:Panicle;collected_by:Xingchun_Wang;collection_date:2018;replicate:3
PRJNA633676	SRR15057472	SAMN20088537	NA	panicle	filling stage	Xiaomi	xiaomi-Panicle-Filling_stage-2	NA	cultivar:xiaomi;dev_stage:Filling_stage;geo_loc_name:China:_Shanxi__Taigu;tissue:Panicle;collected_by:Xingchun_Wang;collection_date:2018;replicate:2
PRJNA633676	SRR15057473	SAMN20088536	NA	panicle	filling stage	Xiaomi	xiaomi-Panicle-Filling_stage-1	NA	cultivar:xiaomi;dev_stage:Filling_stage;geo_loc_name:China:_Shanxi__Taigu;tissue:Panicle;collected_by:Xingchun_Wang;collection_date:2018;replicate:1
PRJNA633676	SRR15057474	SAMN20088535	NA	panicle	heading stage	Xiaomi	xiaomi-Panicle-2_days_after_heading-3	NA	cultivar:xiaomi;dev_stage:2_days_after_heading;geo_loc_name:China:_Shanxi__Taigu;tissue:Panicle;collected_by:Xingchun_Wang;collection_date:2018;replicate:3
PRJNA633676	SRR15057475	SAMN20088534	NA	panicle	heading stage	Xiaomi	xiaomi-Panicle-2_days_after_heading-2	NA	cultivar:xiaomi;dev_stage:2_days_after_heading;geo_loc_name:China:_Shanxi__Taigu;tissue:Panicle;collected_by:Xingchun_Wang;collection_date:2018;replicate:2
PRJNA633676	SRR15057476	SAMN20088533	NA	panicle	heading stage	Xiaomi	xiaomi-Panicle-2_days_after_heading-1	NA	cultivar:xiaomi;dev_stage:2_days_after_heading;geo_loc_name:China:_Shanxi__Taigu;tissue:Panicle;collected_by:Xingchun_Wang;collection_date:2018;replicate:1
PRJNA633676	SRR15057477	SAMN20088532	NA	leaf top second	30 days	Xiaomi	xiaomi-Leaf_top_second-30d-5	NA	cultivar:xiaomi;dev_stage:30d;geo_loc_name:China:_Shanxi__Taigu;tissue:Leaf_top_second;collected_by:Xingchun_Wang;collection_date:2018;replicate:5
PRJNA633676	SRR15057478	SAMN20088439	NA	flag leaf	filling stage	JinGu21	JG21-Flag_leaf-Filling_stage-1	NA	cultivar:JinGu21;dev_stage:Filling_stage;geo_loc_name:China:_Shanxi__Taigu;tissue:Flag_leaf;collected_by:Xukai_Li;collection_date:2019;replicate:1
PRJNA751769	SRR15334833	SAMN20527763	NA	leaf	seedling stage	Longgu31	LT1	NA	isolate:Longgu31_for_atrazine.;cultivar:Longgu31;ecotype:Cultivars_in_Northeast_China;age:seeding_stage;dev_stage:seeding_stage;geo_loc_name:China:_Harbin;tissue:leaves
PRJNA751769	SRR15334834	SAMN20527762	NA	leaf	seedling stage	Longgu31	LCK3	NA	isolate:Longgu31for_water_for_repeated_again.;cultivar:Longgu31;ecotype:Cultivars_in_Northeast_China;age:seeding_stage;dev_stage:seeding_stage;geo_loc_name:China:_Harbin;tissue:leaves
PRJNA751769	SRR15334835	SAMN20527761	NA	leaf	seedling stage	Longgu31	LCK2	NA	isolate:Longgu31for_water_for_repeated.;cultivar:Longgu31;ecotype:Cultivars_in_Northeast_China;age:seeding_stage;dev_stage:seeding_stage;geo_loc_name:China:_Harbin;tissue:leaves
PRJNA751769	SRR15334836	SAMN20527760	NA	leaf	seedling stage	Longgu31	LCK1	NA	isolate:Longgu31_for_water.;cultivar:Longgu31;ecotype:Cultivars_in_Northeast_China;age:seeding_stage;dev_stage:seeding_stage;geo_loc_name:China:_Harbin;tissue:leaves
PRJNA751769	SRR15334837	SAMN20527759	NA	leaf	seedling stage	Gongai2	GT3	NA	isolate:Gongai2for_atrazine_for_repeated_again.;cultivar:Gongai2;ecotype:Cultivars_in_Northeast_China;age:seeding_stage;dev_stage:seeding_stage;geo_loc_name:China:_Harbin;tissue:leaves
PRJNA751769	SRR15334838	SAMN20527758	NA	leaf	seedling stage	Gongai2	GT2	NA	isolate:Gongai2for_atrazine_for_repeated.;cultivar:Gongai2;ecotype:Cultivars_in_Northeast_China;age:seeding_stage;dev_stage:seeding_stage;geo_loc_name:China:_Harbin;tissue:leaves
PRJNA751769	SRR15334839	SAMN20527757	NA	leaf	seedling stage	Gongai2	GT1	NA	isolate:Gongai2_for_atrazine.;cultivar:Gongai2;ecotype:Cultivars_in_Northeast_China;age:seeding_stage;dev_stage:seeding_stage;geo_loc_name:China:_Harbin;tissue:leaves
PRJNA751769	SRR15334840	SAMN20527756	NA	leaf	seedling stage	Gongai2	GCK3	NA	isolate:Gongai2for_water_for_repeated_again.;cultivar:Gongai2;ecotype:Cultivars_in_Northeast_China;age:seeding_stage;dev_stage:seeding_stage;geo_loc_name:China:_Harbin;tissue:leaves
PRJNA751769	SRR15334841	SAMN20527765	NA	leaf	seedling stage	Longgu31	LT3	NA	isolate:Longgu31for_atrazine_for_repeated_again.;cultivar:Longgu31;ecotype:Cultivars_in_Northeast_China;age:seeding_stage;dev_stage:seeding_stage;geo_loc_name:China:_Harbin;tissue:leaves
PRJNA751769	SRR15334842	SAMN20527764	NA	leaf	seedling stage	Longgu31	LT2	NA	isolate:Longgu31for_atrazine_for_repeated.;cultivar:Longgu31;ecotype:Cultivars_in_Northeast_China;age:seeding_stage;dev_stage:seeding_stage;geo_loc_name:China:_Harbin;tissue:leaves
PRJNA751769	SRR15334843	SAMN20527755	NA	leaf	seedling stage	Gongai2	GCK2	NA	isolate:Gongai2for_water_for_repeated.;cultivar:Gongai2;ecotype:Cultivars_in_Northeast_China;age:seeding_stage;dev_stage:seeding_stage;geo_loc_name:China:_Harbin;tissue:leaves
PRJNA751769	SRR15334844	SAMN20527754	NA	leaf	seedling stage	Gongai2	GCK1	NA	isolate:Gongai2_for_water.;cultivar:Gongai2;ecotype:Cultivars_in_Northeast_China;age:seeding_stage;dev_stage:seeding_stage;geo_loc_name:China:_Harbin;tissue:leaves
PRJNA772942	SRR16495771	SAMN22420476	NA	leaf	booting stage	Tangzagu 57295	Tangzagu_57295_rep1	NA	cultivar:Tangzagu_57295-rep1;dev_stage:booting_stage;geo_loc_name:China;tissue:leaf
PRJNA772942	SRR16495772	SAMN22420475	NA	leaf	booting stage	Tangzagu 12950	Tangzagu_12950_rep3	NA	cultivar:Tangzagu_12950-rep3;dev_stage:booting_stage;geo_loc_name:China;tissue:leaf
PRJNA772942	SRR16495773	SAMN22420474	NA	leaf	booting stage	Tangzagu 12950	Tangzagu_12950_rep2	NA	cultivar:Tangzagu_12950-rep2;dev_stage:booting_stage;geo_loc_name:China;tissue:leaf
PRJNA772942	SRR16495774	SAMN22420473	NA	leaf	booting stage	Tangzagu 12950	Tangzagu_12950_rep1	NA	cultivar:Tangzagu_12950-rep1;dev_stage:booting_stage;geo_loc_name:China;tissue:leaf
PRJNA772942	SRR16495775	SAMN22420472	NA	leaf	booting stage	Tangzagu 51950	Tangzagu_51950_rep3	NA	cultivar:Tangzagu_51950-rep3;dev_stage:booting_stage;geo_loc_name:China;tissue:leaf
PRJNA772942	SRR16495776	SAMN22420471	NA	leaf	booting stage	Tangzagu 51950	Tangzagu_51950_rep2	NA	cultivar:Tangzagu_51950-rep2;dev_stage:booting_stage;geo_loc_name:China;tissue:leaf
PRJNA772942	SRR16495777	SAMN22420470	NA	leaf	booting stage	Tangzagu 51950	Tangzagu_51950_rep1	NA	cultivar:Tangzagu_51950-rep1;dev_stage:booting_stage;geo_loc_name:China;tissue:leaf
PRJNA772942	SRR16495778	SAMN22420469	NA	leaf	booting stage	Tangzagu 56229	Tangzagu_56229_rep3	NA	cultivar:Tangzagu_56229-rep3;dev_stage:booting_stage;geo_loc_name:China;tissue:leaf
PRJNA772942	SRR16495779	SAMN22420481	NA	leaf	booting stage	Tangzagu 1121	Tangzagu_1121_rep3	NA	cultivar:Tangzagu_1121-rep3;dev_stage:booting_stage;geo_loc_name:China;tissue:leaf
PRJNA772942	SRR16495780	SAMN22420480	NA	leaf	booting stage	Tangzagu 1121	Tangzagu_1121_rep2	NA	cultivar:Tangzagu_1121-rep2;dev_stage:booting_stage;geo_loc_name:China;tissue:leaf
PRJNA772942	SRR16495781	SAMN22420479	NA	leaf	booting stage	Tangzagu 1121	Tangzagu_1121_rep1	NA	cultivar:Tangzagu_1121-rep1;dev_stage:booting_stage;geo_loc_name:China;tissue:leaf
PRJNA772942	SRR16495782	SAMN22420478	NA	leaf	booting stage	Tangzagu 57295	Tangzagu_57295_rep3	NA	cultivar:Tangzagu_57295-rep3;dev_stage:booting_stage;geo_loc_name:China;tissue:leaf
PRJNA772942	SRR16495783	SAMN22420477	NA	leaf	booting stage	Tangzagu 57295	Tangzagu_57295_rep2	NA	cultivar:Tangzagu_57295-rep2;dev_stage:booting_stage;geo_loc_name:China;tissue:leaf
PRJNA772942	SRR16495784	SAMN22420468	NA	leaf	booting stage	Tangzagu 56229	Tangzagu_56229_rep2	NA	cultivar:Tangzagu_56229-rep2;dev_stage:booting_stage;geo_loc_name:China;tissue:leaf
PRJNA772942	SRR16495785	SAMN22420467	NA	leaf	booting stage	Tangzagu 56229	Tangzagu_56229_rep1	NA	cultivar:Tangzagu_56229-rep1;dev_stage:booting_stage;geo_loc_name:China;tissue:leaf
PRJNA777600	SRR16764442	SAMN22866103	NA	leaf	maturing stage	Yugu1	YG1	NA	isolate:green-leaved;cultivar:YG1;ecotype:yugu1;dev_stage:maturing_stages;geo_loc_name:China;tissue:leaf
PRJNA777600	SRR16764443	SAMN22866104	NA	leaf	maturing stage	B100	B100	NA	isolate:purple-leaved;cultivar:B100;ecotype:Hongniangu;dev_stage:maturing_stages;geo_loc_name:China;tissue:leaf
PRJNA777600	SRR16764444	SAMN22866103	NA	leaf	maturing stage	Yugu1	YG1	NA	isolate:green-leaved;cultivar:YG1;ecotype:yugu1;dev_stage:maturing_stages;geo_loc_name:China;tissue:leaf
PRJNA777600	SRR16764445	SAMN22866104	NA	leaf	maturing stage	B100	B100	NA	isolate:purple-leaved;cultivar:B100;ecotype:Hongniangu;dev_stage:maturing_stages;geo_loc_name:China;tissue:leaf
PRJNA777600	SRR16764446	SAMN22866104	NA	leaf	maturing stage	B100	B100	NA	isolate:purple-leaved;cultivar:B100;ecotype:Hongniangu;dev_stage:maturing_stages;geo_loc_name:China;tissue:leaf
PRJNA777600	SRR16764447	SAMN22866103	NA	leaf	maturing stage	Yugu1	YG1	NA	isolate:green-leaved;cultivar:YG1;ecotype:yugu1;dev_stage:maturing_stages;geo_loc_name:China;tissue:leaf
PRJNA780032	SRR16937473	SAMN23101170	NA	young spike	heading stage	ME034v	RNA-seq-CK-3	NA	cultivar:ME034v;dev_stage:young_panicle_two_days_after_heading;geo_loc_name:not_collected;tissue:The_control_plants_for_biological_replicate_3_of_young_panicle
PRJNA780032	SRR16937474	SAMN23101169	NA	young spike	heading stage	ME034v	RNA-seq-CK-2	NA	cultivar:ME034v;dev_stage:young_panicle_two_days_after_heading;geo_loc_name:not_collected;tissue:The_control_plants_for_biological_replicate_2_of_young_panicle
PRJNA780032	SRR16937475	SAMN23101168	NA	young spike	heading stage	ME034v	RNA-seq-CK-1	NA	cultivar:ME034v;dev_stage:young_panicle_two_days_after_heading;geo_loc_name:not_collected;tissue:The_control_plants_for_biological_replicate_1_of_young_panicle
PRJNA780032	SRR16937476	SAMN23101167	NA	young spike of the transformation plants	heading stage	ME034v	RNA-seq-Csh1-1-3	NA	cultivar:ME034v;dev_stage:young_panicle_two_days_after_heading;geo_loc_name:not_collected;tissue:The_edited_transformation_plants_for_biological_replicate_3_of_young_panicle
PRJNA780032	SRR16937477	SAMN23101166	NA	young spike of the transformation plants	heading stage	ME034v	RNA-seq-Csh1-1-2	NA	cultivar:ME034v;dev_stage:young_panicle_two_days_after_heading;geo_loc_name:not_collected;tissue:The_edited_transformation_plants_for_biological_replicate_2_of_young_panicle
PRJNA780032	SRR16937478	SAMN23101165	NA	young spike of the transformation plants	heading stage	ME034v	RNA-seq-Csh1-1-1	NA	cultivar:ME034v;dev_stage:young_panicle_two_days_after_heading;geo_loc_name:not_collected;tissue:The_edited_transformation_plants_for_biological_replicate_1_of_young_panicle
PRJNA255926	SRR1698101	SAMN03256113	NA	leaf	NA	Shilixiang	SLXtranscriptome	NA	cultivar:Shilixiang;isolate:HuiXian;age:6_7_leaf_stage;geo_loc_name:China:Shijiazhuang;tissue:leaf;biomaterial_provider:Minor_Cereal_Crops_Laboratory_of_Hebei_Province;_Heshan_Street_No.162;collected_by:Li_Zhiyong;collection_date:2010-07-01
PRJNA767196	SRR17200355	SAMN23894502	NA	leaf	NA	NA	Si-L168h_rep1	NA	isolate:cold_stress_168h;age:3_weeks;geo_loc_name:China:Hangzhou;tissue:leaf
PRJNA767196	SRR17200356	SAMN23894502	NA	leaf	NA	NA	Si-L168h_rep1	NA	isolate:cold_stress_168h;age:3_weeks;geo_loc_name:China:Hangzhou;tissue:leaf
PRJNA767196	SRR17200357	SAMN23894502	NA	leaf	NA	NA	Si-L168h_rep1	NA	isolate:cold_stress_168h;age:3_weeks;geo_loc_name:China:Hangzhou;tissue:leaf
PRJNA767196	SRR17200358	SAMN23894501	NA	leaf	NA	NA	Si-L24h_rep1	NA	isolate:cold_stress_24h;age:3_weeks;geo_loc_name:China:Hangzhou;tissue:leaf
PRJNA767196	SRR17200360	SAMN23894501	NA	leaf	NA	NA	Si-L24h_rep1	NA	isolate:cold_stress_24h;age:3_weeks;geo_loc_name:China:Hangzhou;tissue:leaf
PRJNA767196	SRR17200361	SAMN23894501	NA	leaf	NA	NA	Si-L24h_rep1	NA	isolate:cold_stress_24h;age:3_weeks;geo_loc_name:China:Hangzhou;tissue:leaf
PRJNA767196	SRR17200362	SAMN23894500	NA	leaf	NA	NA	Si-L2h_rep1	NA	isolate:cold_stress_2h;age:3_weeks;geo_loc_name:China:Hangzhou;tissue:leaf
PRJNA767196	SRR17200363	SAMN23894500	NA	leaf	NA	NA	Si-L2h_rep1	NA	isolate:cold_stress_2h;age:3_weeks;geo_loc_name:China:Hangzhou;tissue:leaf
PRJNA767196	SRR17200364	SAMN23894500	NA	leaf	NA	NA	Si-L2h_rep1	NA	isolate:cold_stress_2h;age:3_weeks;geo_loc_name:China:Hangzhou;tissue:leaf
PRJNA767196	SRR17234926	SAMN24046526	NA	leaf	NA	NA	Si-L0h_rep1	NA	isolate:cold_stress_0h-1;age:3_weeks;geo_loc_name:China:_Hangzhou;tissue:leaf
PRJNA767196	SRR17234927	SAMN24046526	NA	leaf	NA	NA	Si-L0h_rep1	NA	isolate:cold_stress_0h-1;age:3_weeks;geo_loc_name:China:_Hangzhou;tissue:leaf
PRJNA767196	SRR17234928	SAMN24046526	NA	leaf	NA	NA	Si-L0h_rep1	NA	isolate:cold_stress_0h-1;age:3_weeks;geo_loc_name:China:_Hangzhou;tissue:leaf
PRJNA793125	SRR17381064	SAMN24502124	NA	stem	reproductive stage	NA	Stem_S2A2	NA	replicate:biological_replicate_2;isolate:Beijing_Academy_of_Agriculture_and_Forestry_Sciences;cultivar:foxtail_millet;ecotype:Chinese;age:grain_filling_stage;dev_stage:reproductive_stage;geo_loc_name:China:_Beijing;tissue:stem;biomaterial_provider:Jiewei_Zhang;collected_by:Jiewei_Zhang;collection_date:2021-07-20;culture_collection:missing
PRJNA793125	SRR17381065	SAMN24502123	NA	stem	reproductive stage	NA	Stem_S2A1	NA	replicate:biological_replicate_1;isolate:Beijing_Academy_of_Agriculture_and_Forestry_Sciences;cultivar:foxtail_millet;ecotype:Chinese;age:grain_filling_stage;dev_stage:reproductive_stage;geo_loc_name:China:_Beijing;tissue:stem;biomaterial_provider:Jiewei_Zhang;collected_by:Jiewei_Zhang;collection_date:2021-07-20;culture_collection:missing
PRJNA793125	SRR17381066	SAMN24502122	NA	root	reproductive stage	NA	Root_S2A2	NA	replicate:biological_replicate_2;isolate:Beijing_Academy_of_Agriculture_and_Forestry_Sciences;cultivar:foxtail_millet;ecotype:Chinese;age:grain_filling_stage;dev_stage:reproductive_stage;geo_loc_name:China:_Beijing;tissue:root;biomaterial_provider:Jiewei_Zhang;collected_by:Jiewei_Zhang;collection_date:2021-07-20;culture_collection:missing
PRJNA793125	SRR17381067	SAMN24502121	NA	root	reproductive stage	NA	Root_S2A1	NA	replicate:biological_replicate_1;isolate:Beijing_Academy_of_Agriculture_and_Forestry_Sciences;cultivar:foxtail_millet;ecotype:Chinese;age:grain_filling_stage;dev_stage:reproductive_stage;geo_loc_name:China:_Beijing;tissue:root;biomaterial_provider:Jiewei_Zhang;collected_by:Jiewei_Zhang;collection_date:2021-07-20;culture_collection:missing
PRJNA793125	SRR17381068	SAMN24502120	NA	leaf	vegetative stage	NA	Leaf_S1A2	NA	replicate:biological_replicate_2;isolate:Beijing_Academy_of_Agriculture_and_Forestry_Sciences;cultivar:foxtail_millet;ecotype:Chinese;age:seven_leaf_stage;dev_stage:vegetative_stage;geo_loc_name:China:_Beijing;tissue:leaf;biomaterial_provider:Jiewei_Zhang;collected_by:Jiewei_Zhang;collection_date:2021-05-23;culture_collection:missing
PRJNA793125	SRR17381069	SAMN24502119	NA	leaf	vegetative stage	NA	Leaf_S1A1	NA	replicate:biological_replicate_1;isolate:Beijing_Academy_of_Agriculture_and_Forestry_Sciences;cultivar:foxtail_millet;ecotype:Chinese;age:seven_leaf_stage;dev_stage:vegetative_stage;geo_loc_name:China:_Beijing;tissue:leaf;biomaterial_provider:Jiewei_Zhang;collected_by:Jiewei_Zhang;collection_date:2021-05-23;culture_collection:missing
PRJNA793125	SRR17381070	SAMN24502118	NA	stem	vegetative stage	NA	Stem_S1A2	NA	replicate:biological_replicate_2;isolate:Beijing_Academy_of_Agriculture_and_Forestry_Sciences;cultivar:foxtail_millet;ecotype:Chinese;age:seven_leaf_stage;dev_stage:vegetative_stage;geo_loc_name:China:_Beijing;tissue:stem;biomaterial_provider:Jiewei_Zhang;collected_by:Jiewei_Zhang;collection_date:2021-05-23;culture_collection:missing
PRJNA793125	SRR17381071	SAMN24502117	NA	stem	vegetative stage	NA	Stem_S1A1	NA	replicate:biological_replicate_1;isolate:Beijing_Academy_of_Agriculture_and_Forestry_Sciences;cultivar:foxtail_millet;ecotype:Chinese;age:seven_leaf_stage;dev_stage:vegetative_stage;geo_loc_name:China:_Beijing;tissue:stem;biomaterial_provider:Jiewei_Zhang;collected_by:Jiewei_Zhang;collection_date:2021-05-23;culture_collection:missing
PRJNA793125	SRR17381072	SAMN24502128	NA	panicle	reproductive stage	NA	Panicle_S2A2	NA	replicate:biological_replicate_2;isolate:Beijing_Academy_of_Agriculture_and_Forestry_Sciences;cultivar:foxtail_millet;ecotype:Chinese;age:grain_filling_stage;dev_stage:reproductive_stage;geo_loc_name:China:_Beijing;tissue:panicle;biomaterial_provider:Jiewei_Zhang;collected_by:Jiewei_Zhang;collection_date:2021-07-20;culture_collection:missing
PRJNA793125	SRR17381073	SAMN24502127	NA	panicle	reproductive stage	NA	Panicle_S2A1	NA	replicate:biological_replicate_1;isolate:Beijing_Academy_of_Agriculture_and_Forestry_Sciences;cultivar:foxtail_millet;ecotype:Chinese;age:grain_filling_stage;dev_stage:reproductive_stage;geo_loc_name:China:_Beijing;tissue:panicle;biomaterial_provider:Jiewei_Zhang;collected_by:Jiewei_Zhang;collection_date:2021-07-20;culture_collection:missing
PRJNA793125	SRR17381074	SAMN24502126	NA	flag leaf	reproductive stage	NA	Leaf_S2A2	NA	replicate:biological_replicate_2;isolate:Beijing_Academy_of_Agriculture_and_Forestry_Sciences;cultivar:foxtail_millet;ecotype:Chinese;age:grain_filling_stage;dev_stage:reproductive_stage;geo_loc_name:China:_Beijing;tissue:flag_leaf;biomaterial_provider:Jiewei_Zhang;collected_by:Jiewei_Zhang;collection_date:2021-07-20;culture_collection:missing
PRJNA793125	SRR17381075	SAMN24502125	NA	flag leaf	reproductive stage	NA	Leaf_S2A1	NA	replicate:biological_replicate_1;isolate:Beijing_Academy_of_Agriculture_and_Forestry_Sciences;cultivar:foxtail_millet;ecotype:Chinese;age:grain_filling_stage;dev_stage:reproductive_stage;geo_loc_name:China:_Beijing;tissue:flag_leaf;biomaterial_provider:Jiewei_Zhang;collected_by:Jiewei_Zhang;collection_date:2021-07-20;culture_collection:missing
PRJNA793125	SRR17381076	SAMN24502116	NA	root	vegetative stage	NA	Root_S1A2	NA	replicate:biological_replicate_2;isolate:Beijing_Academy_of_Agriculture_and_Forestry_Sciences;cultivar:foxtail_millet;ecotype:Chinese;age:seven_leaf_stage;dev_stage:vegetative_stage;geo_loc_name:China:_Beijing;tissue:root;biomaterial_provider:Jiewei_Zhang;collected_by:Jiewei_Zhang;collection_date:2021-05-23;culture_collection:missing
PRJNA793125	SRR17381077	SAMN24502115	NA	root	vegetative stage	NA	Root_S1A1	NA	replicate:biological_replicate_1;isolate:Beijing_Academy_of_Agriculture_and_Forestry_Sciences;cultivar:foxtail_millet;ecotype:Chinese;age:seven_leaf_stage;dev_stage:vegetative_stage;geo_loc_name:China:_Beijing;tissue:root;biomaterial_provider:Jiewei_Zhang;collected_by:Jiewei_Zhang;collection_date:2021-05-23;culture_collection:missing
PRJNA793125	SRR17381659	SAMN24502880	NA	panicle	reproductive stage	NA	Panicle_S2P	NA	isolate:Beijing_Academy_of_Agriculture_and_Forestry_Sciences;cultivar:foxtail_millet;ecotype:Chinese;age:grain_filling_stage;dev_stage:reproductive_stage;geo_loc_name:China:_Beijing;tissue:panicle;biomaterial_provider:Jiewei_Zhang;collected_by:Jiewei_Zhang;collection_date:2021-07-20
PRJNA793125	SRR17381660	SAMN24502879	NA	flag leaf	reproductive stage	NA	Leaf_S2P	NA	isolate:Beijing_Academy_of_Agriculture_and_Forestry_Sciences;cultivar:foxtail_millet;ecotype:Chinese;age:grain_filling_stage;dev_stage:reproductive_stage;geo_loc_name:China:_Beijing;tissue:flag_leaf;biomaterial_provider:Jiewei_Zhang;collected_by:Jiewei_Zhang;collection_date:2021-07-20
PRJNA793125	SRR17381661	SAMN24502878	NA	stem	reproductive stage	NA	Stem_S2P	NA	isolate:Beijing_Academy_of_Agriculture_and_Forestry_Sciences;cultivar:foxtail_millet;ecotype:Chinese;age:grain_filling_stage;dev_stage:reproductive_stage;geo_loc_name:China:_Beijing;tissue:stem;biomaterial_provider:Jiewei_Zhang;collected_by:Jiewei_Zhang;collection_date:2021-07-20
PRJNA793125	SRR17381662	SAMN24502877	NA	root	reproductive stage	NA	Root_S2P	NA	isolate:Beijing_Academy_of_Agriculture_and_Forestry_Sciences;cultivar:foxtail_millet;ecotype:Chinese;age:grain_filling_stage;dev_stage:reproductive_stage;geo_loc_name:China:_Beijing;tissue:root;biomaterial_provider:Jiewei_Zhang;collected_by:Jiewei_Zhang;collection_date:2021-07-20
PRJNA793125	SRR17381663	SAMN24502876	NA	leaf	vegetative stage	NA	Leaf_S1P	NA	isolate:Beijing_Academy_of_Agriculture_and_Forestry_Sciences;cultivar:foxtail_millet;ecotype:Chinese;age:seven_leaf_stage;dev_stage:vegetative_stage;geo_loc_name:China:_Beijing;tissue:leaf;biomaterial_provider:Jiewei_Zhang;collected_by:Jiewei_Zhang;collection_date:2021-05-23
PRJNA793125	SRR17381664	SAMN24502875	NA	stem	vegetative stage	NA	Stem_S1P	NA	isolate:Beijing_Academy_of_Agriculture_and_Forestry_Sciences;cultivar:foxtail_millet;ecotype:Chinese;age:seven_leaf_stage;dev_stage:vegetative_stage;geo_loc_name:China:_Beijing;tissue:stem;biomaterial_provider:Jiewei_Zhang;collected_by:Jiewei_Zhang;collection_date:2021-05-23
PRJNA793125	SRR17381665	SAMN24502874	NA	root	vegetative stage	NA	Root_S1P	NA	isolate:Beijing_Academy_of_Agriculture_and_Forestry_Sciences;cultivar:foxtail_millet;ecotype:Chinese;age:seven_leaf_stage;dev_stage:vegetative_stage;geo_loc_name:China:_Beijing;tissue:root;biomaterial_provider:Jiewei_Zhang;collected_by:Jiewei_Zhang;collection_date:2021-05-23
PRJNA793125	SRR17381943	SAMN24503208	NA	root	reproductive stage	NA	Root_s2r1	NA	replicate:biological_replicate_1;isolate:Beijing_Academy_of_Agriculture_and_Forestry_Sciences;cultivar:foxtail_millet;ecotype:Chinese;age:grain_filling_stage;dev_stage:reproductive_stage;geo_loc_name:China:_Beijing;tissue:root;biomaterial_provider:Jiewei_Zhang;collected_by:Jiewei_Zhang;collection_date:2021-07-20
PRJNA793125	SRR17381944	SAMN24503207	NA	leaf	vegetative stage	NA	Leaf_s1r3	NA	replicate:biological_replicate_3;isolate:Beijing_Academy_of_Agriculture_and_Forestry_Sciences;cultivar:foxtail_millet;ecotype:Chinese;age:seven_leaf_stage;dev_stage:vegetative_stage;geo_loc_name:China:_Beijing;tissue:leaf;biomaterial_provider:Jiewei_Zhang;collected_by:Jiewei_Zhang;collection_date:2021-05-23
PRJNA793125	SRR17381945	SAMN24503206	NA	leaf	vegetative stage	NA	Leaf_s1r2	NA	replicate:biological_replicate_2;isolate:Beijing_Academy_of_Agriculture_and_Forestry_Sciences;cultivar:foxtail_millet;ecotype:Chinese;age:seven_leaf_stage;dev_stage:vegetative_stage;geo_loc_name:China:_Beijing;tissue:leaf;biomaterial_provider:Jiewei_Zhang;collected_by:Jiewei_Zhang;collection_date:2021-05-23
PRJNA793125	SRR17381946	SAMN24503205	NA	leaf	vegetative stage	NA	Leaf_s1r1	NA	replicate:biological_replicate_1;isolate:Beijing_Academy_of_Agriculture_and_Forestry_Sciences;cultivar:foxtail_millet;ecotype:Chinese;age:seven_leaf_stage;dev_stage:vegetative_stage;geo_loc_name:China:_Beijing;tissue:leaf;biomaterial_provider:Jiewei_Zhang;collected_by:Jiewei_Zhang;collection_date:2021-05-23
PRJNA793125	SRR17381947	SAMN24503204	NA	stem	vegetative stage	NA	Stem_s1r3	NA	replicate:biological_replicate_3;isolate:Beijing_Academy_of_Agriculture_and_Forestry_Sciences;cultivar:foxtail_millet;ecotype:Chinese;age:seven_leaf_stage;dev_stage:vegetative_stage;geo_loc_name:China:_Beijing;tissue:stem;biomaterial_provider:Jiewei_Zhang;collected_by:Jiewei_Zhang;collection_date:2021-05-23
PRJNA793125	SRR17381948	SAMN24503203	NA	stem	vegetative stage	NA	Stem_s1r2	NA	replicate:biological_replicate_2;isolate:Beijing_Academy_of_Agriculture_and_Forestry_Sciences;cultivar:foxtail_millet;ecotype:Chinese;age:seven_leaf_stage;dev_stage:vegetative_stage;geo_loc_name:China:_Beijing;tissue:stem;biomaterial_provider:Jiewei_Zhang;collected_by:Jiewei_Zhang;collection_date:2021-05-23
PRJNA793125	SRR17381949	SAMN24503202	NA	stem	vegetative stage	NA	Stem_s1r1	NA	replicate:biological_replicate_1;isolate:Beijing_Academy_of_Agriculture_and_Forestry_Sciences;cultivar:foxtail_millet;ecotype:Chinese;age:seven_leaf_stage;dev_stage:vegetative_stage;geo_loc_name:China:_Beijing;tissue:stem;biomaterial_provider:Jiewei_Zhang;collected_by:Jiewei_Zhang;collection_date:2021-05-23
PRJNA793125	SRR17381950	SAMN24503219	NA	panicle	reproductive stage	NA	Panicle_s2r3	NA	replicate:biological_replicate_3;isolate:Beijing_Academy_of_Agriculture_and_Forestry_Sciences;cultivar:foxtail_millet;ecotype:Chinese;age:grain_filling_stage;dev_stage:reproductive_stage;geo_loc_name:China:_Beijing;tissue:panicle;biomaterial_provider:Jiewei_Zhang;collected_by:Jiewei_Zhang;collection_date:2021-07-20
PRJNA793125	SRR17381951	SAMN24503201	NA	root	vegetative stage	NA	Root_s1r3	NA	replicate:biological_replicate_3;isolate:Beijing_Academy_of_Agriculture_and_Forestry_Sciences;cultivar:foxtail_millet;ecotype:Chinese;age:seven_leaf_stage;dev_stage:vegetative_stage;geo_loc_name:China:_Beijing;tissue:root;biomaterial_provider:Jiewei_Zhang;collected_by:Jiewei_Zhang;collection_date:2021-05-23
PRJNA793125	SRR17381952	SAMN24503218	NA	panicle	reproductive stage	NA	Panicle_s2r2	NA	replicate:biological_replicate_2;isolate:Beijing_Academy_of_Agriculture_and_Forestry_Sciences;cultivar:foxtail_millet;ecotype:Chinese;age:grain_filling_stage;dev_stage:reproductive_stage;geo_loc_name:China:_Beijing;tissue:panicle;biomaterial_provider:Jiewei_Zhang;collected_by:Jiewei_Zhang;collection_date:2021-07-20
PRJNA793125	SRR17381953	SAMN24503217	NA	panicle	reproductive stage	NA	Panicle_s2r1	NA	replicate:biological_replicate_1;isolate:Beijing_Academy_of_Agriculture_and_Forestry_Sciences;cultivar:foxtail_millet;ecotype:Chinese;age:grain_filling_stage;dev_stage:reproductive_stage;geo_loc_name:China:_Beijing;tissue:panicle;biomaterial_provider:Jiewei_Zhang;collected_by:Jiewei_Zhang;collection_date:2021-07-20
PRJNA793125	SRR17381954	SAMN24503216	NA	flag leaf	reproductive stage	NA	Leaf_s2r3	NA	replicate:biological_replicate_3;isolate:Beijing_Academy_of_Agriculture_and_Forestry_Sciences;cultivar:foxtail_millet;ecotype:Chinese;age:grain_filling_stage;dev_stage:reproductive_stage;geo_loc_name:China:_Beijing;tissue:flag_leaf;biomaterial_provider:Jiewei_Zhang;collected_by:Jiewei_Zhang;collection_date:2021-07-20
PRJNA793125	SRR17381955	SAMN24503215	NA	flag leaf	reproductive stage	NA	Leaf_s2r2	NA	replicate:biological_replicate_2;isolate:Beijing_Academy_of_Agriculture_and_Forestry_Sciences;cultivar:foxtail_millet;ecotype:Chinese;age:grain_filling_stage;dev_stage:reproductive_stage;geo_loc_name:China:_Beijing;tissue:flag_leaf;biomaterial_provider:Jiewei_Zhang;collected_by:Jiewei_Zhang;collection_date:2021-07-20
PRJNA793125	SRR17381956	SAMN24503214	NA	flag leaf	reproductive stage	NA	Leaf_s2r1	NA	replicate:biological_replicate_1;isolate:Beijing_Academy_of_Agriculture_and_Forestry_Sciences;cultivar:foxtail_millet;ecotype:Chinese;age:grain_filling_stage;dev_stage:reproductive_stage;geo_loc_name:China:_Beijing;tissue:flag_leaf;biomaterial_provider:Jiewei_Zhang;collected_by:Jiewei_Zhang;collection_date:2021-07-20
PRJNA793125	SRR17381957	SAMN24503213	NA	stem	reproductive stage	NA	Stem_s2r3	NA	replicate:biological_replicate_3;isolate:Beijing_Academy_of_Agriculture_and_Forestry_Sciences;cultivar:foxtail_millet;ecotype:Chinese;age:grain_filling_stage;dev_stage:reproductive_stage;geo_loc_name:China:_Beijing;tissue:stem;biomaterial_provider:Jiewei_Zhang;collected_by:Jiewei_Zhang;collection_date:2021-07-20
PRJNA793125	SRR17381958	SAMN24503212	NA	stem	reproductive stage	NA	Stem_s2r2	NA	replicate:biological_replicate_2;isolate:Beijing_Academy_of_Agriculture_and_Forestry_Sciences;cultivar:foxtail_millet;ecotype:Chinese;age:grain_filling_stage;dev_stage:reproductive_stage;geo_loc_name:China:_Beijing;tissue:stem;biomaterial_provider:Jiewei_Zhang;collected_by:Jiewei_Zhang;collection_date:2021-07-20
PRJNA793125	SRR17381959	SAMN24503211	NA	stem	reproductive stage	NA	Stem_s2r1	NA	replicate:biological_replicate_1;isolate:Beijing_Academy_of_Agriculture_and_Forestry_Sciences;cultivar:foxtail_millet;ecotype:Chinese;age:grain_filling_stage;dev_stage:reproductive_stage;geo_loc_name:China:_Beijing;tissue:stem;biomaterial_provider:Jiewei_Zhang;collected_by:Jiewei_Zhang;collection_date:2021-07-20
PRJNA793125	SRR17381960	SAMN24503210	NA	root	reproductive stage	NA	Root_s2r3	NA	replicate:biological_replicate_3;isolate:Beijing_Academy_of_Agriculture_and_Forestry_Sciences;cultivar:foxtail_millet;ecotype:Chinese;age:grain_filling_stage;dev_stage:reproductive_stage;geo_loc_name:China:_Beijing;tissue:root;biomaterial_provider:Jiewei_Zhang;collected_by:Jiewei_Zhang;collection_date:2021-07-20
PRJNA793125	SRR17381961	SAMN24503209	NA	root	reproductive stage	NA	Root_s2r2	NA	replicate:biological_replicate_2;isolate:Beijing_Academy_of_Agriculture_and_Forestry_Sciences;cultivar:foxtail_millet;ecotype:Chinese;age:grain_filling_stage;dev_stage:reproductive_stage;geo_loc_name:China:_Beijing;tissue:root;biomaterial_provider:Jiewei_Zhang;collected_by:Jiewei_Zhang;collection_date:2021-07-20
PRJNA793125	SRR17381962	SAMN24503200	NA	root	vegetative stage	NA	Root_s1r2	NA	replicate:biological_replicate_2;isolate:Beijing_Academy_of_Agriculture_and_Forestry_Sciences;cultivar:foxtail_millet;ecotype:Chinese;age:seven_leaf_stage;dev_stage:vegetative_stage;geo_loc_name:China:_Beijing;tissue:root;biomaterial_provider:Jiewei_Zhang;collected_by:Jiewei_Zhang;collection_date:2021-05-23
PRJNA793125	SRR17381963	SAMN24503199	NA	root	vegetative stage	NA	Root_s1r1	NA	replicate:biological_replicate_1;isolate:Beijing_Academy_of_Agriculture_and_Forestry_Sciences;cultivar:foxtail_millet;ecotype:Chinese;age:seven_leaf_stage;dev_stage:vegetative_stage;geo_loc_name:China:_Beijing;tissue:root;biomaterial_provider:Jiewei_Zhang;collected_by:Jiewei_Zhang;collection_date:2021-05-23
PRJNA792301	SRR17400717	SAMN24405330	NA	spike	pre-flowering stage	NA	KY	NA	isolate:fertile_offspring;cultivar:foxtail_millet;ecotype:China;age:not_applicable;dev_stage:Before_flowering;geo_loc_name:China:Yangling;tissue:spike
PRJNA792301	SRR17400718	SAMN24405329	NA	spike	pre-flowering stage	NA	BY	NA	isolate:sterile_offspring;cultivar:foxtail_millet;ecotype:China;age:not_applicable;dev_stage:Before_flowering;geo_loc_name:China:Yangling;tissue:spike
PRJNA792301	SRR17400719	SAMN24405329	NA	spike	pre-flowering stage	NA	BY	NA	isolate:sterile_offspring;cultivar:foxtail_millet;ecotype:China;age:not_applicable;dev_stage:Before_flowering;geo_loc_name:China:Yangling;tissue:spike
PRJNA792301	SRR17400720	SAMN24405329	NA	spike	pre-flowering stage	NA	BY	NA	isolate:sterile_offspring;cultivar:foxtail_millet;ecotype:China;age:not_applicable;dev_stage:Before_flowering;geo_loc_name:China:Yangling;tissue:spike
PRJNA792301	SRR17400721	SAMN24405328	NA	spike	pre-flowering stage	NA	XAP1	NA	isolate:female_parent;cultivar:foxtail_millet;ecotype:China;age:not_applicable;dev_stage:Before_flowering;geo_loc_name:China:Yangling;tissue:spike
PRJNA792301	SRR17400722	SAMN24405328	NA	spike	pre-flowering stage	NA	XAP1	NA	isolate:female_parent;cultivar:foxtail_millet;ecotype:China;age:not_applicable;dev_stage:Before_flowering;geo_loc_name:China:Yangling;tissue:spike
PRJNA792301	SRR17400723	SAMN24405328	NA	spike	pre-flowering stage	NA	XAP1	NA	isolate:female_parent;cultivar:foxtail_millet;ecotype:China;age:not_applicable;dev_stage:Before_flowering;geo_loc_name:China:Yangling;tissue:spike
PRJNA792301	SRR17400724	SAMN24405327	NA	spike	pre-flowering stage	NA	AYP1	NA	isolate:male_parent;cultivar:foxtail_millet;ecotype:China;age:not_applicable;dev_stage:Before_flowering;geo_loc_name:China:Yangling;tissue:spike
PRJNA792301	SRR17400725	SAMN24405330	NA	spike	pre-flowering stage	NA	KY	NA	isolate:fertile_offspring;cultivar:foxtail_millet;ecotype:China;age:not_applicable;dev_stage:Before_flowering;geo_loc_name:China:Yangling;tissue:spike
PRJNA792301	SRR17400726	SAMN24405330	NA	spike	pre-flowering stage	NA	KY	NA	isolate:fertile_offspring;cultivar:foxtail_millet;ecotype:China;age:not_applicable;dev_stage:Before_flowering;geo_loc_name:China:Yangling;tissue:spike
PRJNA792301	SRR17400727	SAMN24405327	NA	spike	pre-flowering stage	NA	AYP1	NA	isolate:male_parent;cultivar:foxtail_millet;ecotype:China;age:not_applicable;dev_stage:Before_flowering;geo_loc_name:China:Yangling;tissue:spike
PRJNA792301	SRR17400728	SAMN24405327	NA	spike	pre-flowering stage	NA	AYP1	NA	isolate:male_parent;cultivar:foxtail_millet;ecotype:China;age:not_applicable;dev_stage:Before_flowering;geo_loc_name:China:Yangling;tissue:spike
PRJNA797949	SRR17642892	SAMN25042562	NA	leaf	6-leaf stage	NA	OELD	NA	ecotype:SSR57;dev_stage:six_leaf-old_stage;geo_loc_name:China;tissue:leaf
PRJNA797949	SRR17642893	SAMN25042562	NA	leaf	6-leaf stage	NA	OELD	NA	ecotype:SSR57;dev_stage:six_leaf-old_stage;geo_loc_name:China;tissue:leaf
PRJNA797949	SRR17642894	SAMN25042562	NA	leaf	6-leaf stage	NA	OELD	NA	ecotype:SSR57;dev_stage:six_leaf-old_stage;geo_loc_name:China;tissue:leaf
PRJNA797949	SRR17642895	SAMN25042561	NA	leaf	6-leaf stage	NA	WTLD	NA	ecotype:SSR57;dev_stage:six_leaf-old_stage;geo_loc_name:Bulgaria;tissue:leaf
PRJNA797949	SRR17642896	SAMN25042561	NA	leaf	6-leaf stage	NA	WTLD	NA	ecotype:SSR57;dev_stage:six_leaf-old_stage;geo_loc_name:Bulgaria;tissue:leaf
PRJNA797949	SRR17642897	SAMN25042561	NA	leaf	6-leaf stage	NA	WTLD	NA	ecotype:SSR57;dev_stage:six_leaf-old_stage;geo_loc_name:Bulgaria;tissue:leaf
PRJNA805389	SRR17999277	SAMN25858603	control	leaf	seedling stage	Hong gu 2000	F10	NA	isolate:leaves;cultivar:Hong_gu_2000;age:twenty-six;dev_stage:seeding;geo_loc_name:China:_Shandong;tissue:leave;treatment:No_Salt_replicate1
PRJNA805389	SRR17999278	SAMN25858602	control	leaf	seedling stage	Pu huang yu	F9	NA	isolate:leaves;cultivar:Pu_huang_yu;age:twenty-six;dev_stage:seeding;geo_loc_name:China:_Shandong;tissue:leave;treatment:No_Salt_replicate3
PRJNA805389	SRR17999279	SAMN25858601	control	leaf	seedling stage	Pu huang yu	F8	NA	isolate:leaves;cultivar:Pu_huang_yu;age:twenty-six;dev_stage:seeding;geo_loc_name:China:_Shandong;tissue:leave;treatment:No_Salt_replicate2
PRJNA805389	SRR17999280	SAMN25858600	control	leaf	seedling stage	Pu huang yu	F7	NA	isolate:leaves;cultivar:Pu_huang_yu;age:twenty-six;dev_stage:seeding;geo_loc_name:China:_Shandong;tissue:leave;treatment:No_Salt_replicate1
PRJNA805389	SRR17999281	SAMN25858599	salt treatment	leaf	seedling stage	Hong gu 2000	F6	NA	isolate:leaves;cultivar:Hong_gu_2000;age:twenty-six;dev_stage:seeding;geo_loc_name:China:_Shandong;tissue:leave;treatment:Salt_replicate3
PRJNA805389	SRR17999282	SAMN25858598	salt treatment	leaf	seedling stage	Hong gu 2000	F5	NA	isolate:leaves;cultivar:Hong_gu_2000;age:twenty-six;dev_stage:seeding;geo_loc_name:China:_Shandong;tissue:leave;treatment:Salt_replicate2
PRJNA805389	SRR17999283	SAMN25858597	salt treatment	leaf	seedling stage	Hong gu 2000	F4	NA	isolate:leaves;cultivar:Hong_gu_2000;age:twenty-six;dev_stage:seeding;geo_loc_name:China:_Shandong;tissue:leave;treatment:Salt_replicate1
PRJNA805389	SRR17999284	SAMN25858596	salt treatment	leaf	seedling stage	Pu huang yu	F3	NA	isolate:leaves;cultivar:Pu_huang_yu;age:twenty-six;dev_stage:seeding;geo_loc_name:China:_Shandong;tissue:leave;treatment:Salt_replicate3
PRJNA805389	SRR17999285	SAMN25858605	control	leaf	seedling stage	Hong gu 2000	F12	NA	isolate:leaves;cultivar:Hong_gu_2000;age:twenty-six;dev_stage:seeding;geo_loc_name:China:_Shandong;tissue:leave;treatment:No_Salt_replicate3
PRJNA805389	SRR17999286	SAMN25858604	control	leaf	seedling stage	Hong gu 2000	F11	NA	isolate:leaves;cultivar:Hong_gu_2000;age:twenty-six;dev_stage:seeding;geo_loc_name:China:_Shandong;tissue:leave;treatment:No_Salt_replicate2
PRJNA805389	SRR17999287	SAMN25858595	salt treatment	leaf	seedling stage	Pu huang yu	F2	NA	isolate:leaves;cultivar:Pu_huang_yu;age:twenty-six;dev_stage:seeding;geo_loc_name:China:_Shandong;tissue:leave;treatment:Salt_replicate2
PRJNA805389	SRR17999288	SAMN25858594	salt treatment	leaf	seedling stage	Pu huang yu	F1	NA	isolate:leaves;cultivar:Pu_huang_yu;age:twenty-six;dev_stage:seeding;geo_loc_name:China:_Shandong;tissue:leave;treatment:Salt_replicate1
PRJNA838221	SRR19214104	SAMN28409098	NA	root	seedling stage	Jigu22rln	jg22-root_under_low_N_supply	NA	cultivar:Jigu22rln;dev_stage:seedling;geo_loc_name:China:JiNan;tissue:root
PRJNA838221	SRR19214105	SAMN28409097	NA	shoot	seedling stage	Jigu22lln	JG22-shoot_under_low_N_supply	NA	cultivar:Jigu22lln;dev_stage:seedling;geo_loc_name:China:JiNan;tissue:shoot
PRJNA838221	SRR19214106	SAMN28409096	NA	root	seedling stage	Jigu22rck	jg22-root_under_normal_N_supply	NA	cultivar:Jigu22rck;dev_stage:seedling;geo_loc_name:China:JiNan;tissue:root
PRJNA838221	SRR19214107	SAMN28409095	NA	shoot	seedling stage	Jigu22lck	JG22-shoot_under_normal_N_supply	NA	cultivar:Jigu22lck;dev_stage:seedling;geo_loc_name:China:JiNan;tissue:shoot
PRJNA838221	SRR19214108	SAMN28409094	NA	root	seedling stage	Jigu20rln	jg20-root_under_low_N_supply	NA	cultivar:Jigu20rln;dev_stage:seedling;geo_loc_name:China:JiNan;tissue:root
PRJNA838221	SRR19214109	SAMN28409093	NA	shoot	seedling stage	Jigu20lln	JG20-shoot_under_low_N_supply	NA	cultivar:Jigu20lln;dev_stage:seedling;geo_loc_name:China:JiNan;tissue:shoot
PRJNA838221	SRR19214110	SAMN28409092	NA	root	seedling stage	Jigu20rck	jg20-root_under_normal_N_supply	NA	cultivar:Jigu20rck;dev_stage:seedling;geo_loc_name:China:JiNan;tissue:root
PRJNA838221	SRR19214111	SAMN28409091	NA	shoot	seedling stage	Jigu20lck	JG20-shoot_under_normal_N_supply	NA	cultivar:Jigu20lck;dev_stage:seedling;geo_loc_name:China:JiNan;tissue:shoot
PRJNA852287	SRR19820396	SAMN29272341	NA	leaf	from the formation of the second leaf to the completion of oospore development in the leaves	JG21	LQ_CK4_1	NA	cultivar:JG21;dev_stage:from_the_formation_of_the_second_leaf_to_the_completion_of_oospore_development_in_the_leaves;geo_loc_name:China:the_Germplasm_Bank_of_the_Institute_of_Bioengineering__Shanxi_Agricultural_University.;tissue:leaf;replicate:replicate_=_biological_replicate_19
PRJNA852287	SRR19820397	SAMN29272340	NA	leaf	from the formation of the second leaf to the completion of oospore development in the leaves	JG21	LQ_CK3_3	NA	cultivar:JG21;dev_stage:from_the_formation_of_the_second_leaf_to_the_completion_of_oospore_development_in_the_leaves;geo_loc_name:China:the_Germplasm_Bank_of_the_Institute_of_Bioengineering__Shanxi_Agricultural_University.;tissue:leaf;replicate:replicate_=_biological_replicate_15
PRJNA852287	SRR19820398	SAMN29272339	NA	leaf	from the formation of the second leaf to the completion of oospore development in the leaves	JG21	LQ_CK3_2	NA	cultivar:JG21;dev_stage:from_the_formation_of_the_second_leaf_to_the_completion_of_oospore_development_in_the_leaves;geo_loc_name:China:the_Germplasm_Bank_of_the_Institute_of_Bioengineering__Shanxi_Agricultural_University.;tissue:leaf;replicate:replicate_=_biological_replicate_14
PRJNA852287	SRR19820399	SAMN29272338	NA	leaf	from the formation of the second leaf to the completion of oospore development in the leaves	JG21	LQ_CK3_1	NA	cultivar:JG21;dev_stage:from_the_formation_of_the_second_leaf_to_the_completion_of_oospore_development_in_the_leaves;geo_loc_name:China:the_Germplasm_Bank_of_the_Institute_of_Bioengineering__Shanxi_Agricultural_University.;tissue:leaf;replicate:replicate_=_biological_replicate_13
PRJNA852287	SRR19820400	SAMN29272337	NA	leaf	from the formation of the second leaf to the completion of oospore development in the leaves	JG21	LQ_CK2_3	NA	cultivar:JG21;dev_stage:from_the_formation_of_the_second_leaf_to_the_completion_of_oospore_development_in_the_leaves;geo_loc_name:China:the_Germplasm_Bank_of_the_Institute_of_Bioengineering__Shanxi_Agricultural_University.;tissue:leaf;replicate:replicate_=_biological_replicate_9
PRJNA852287	SRR19820401	SAMN29272336	NA	leaf	from the formation of the second leaf to the completion of oospore development in the leaves	JG21	LQ_CK2_2	NA	cultivar:JG21;dev_stage:from_the_formation_of_the_second_leaf_to_the_completion_of_oospore_development_in_the_leaves;geo_loc_name:China:the_Germplasm_Bank_of_the_Institute_of_Bioengineering__Shanxi_Agricultural_University.;tissue:leaf;replicate:replicate_=_biological_replicate_8
PRJNA852287	SRR19820402	SAMN29272335	NA	leaf	from the formation of the second leaf to the completion of oospore development in the leaves	JG21	LQ_CK2_1	NA	cultivar:JG21;dev_stage:from_the_formation_of_the_second_leaf_to_the_completion_of_oospore_development_in_the_leaves;geo_loc_name:China:the_Germplasm_Bank_of_the_Institute_of_Bioengineering__Shanxi_Agricultural_University.;tissue:leaf;replicate:replicate_=_biological_replicate_7
PRJNA852287	SRR19820403	SAMN29272361	NA	leaf	from the formation of the second leaf to the completion of oospore development in the leaves	JG21	LQ_TG5_3	NA	cultivar:JG21;dev_stage:from_the_formation_of_the_second_leaf_to_the_completion_of_oospore_development_in_the_leaves;geo_loc_name:China:the_Germplasm_Bank_of_the_Institute_of_Bioengineering__Shanxi_Agricultural_University.;tissue:leaf;replicate:replicate_=_biological_replicate_57
PRJNA852287	SRR19820404	SAMN29272360	NA	leaf	from the formation of the second leaf to the completion of oospore development in the leaves	JG21	LQ_TG5_2	NA	cultivar:JG21;dev_stage:from_the_formation_of_the_second_leaf_to_the_completion_of_oospore_development_in_the_leaves;geo_loc_name:China:the_Germplasm_Bank_of_the_Institute_of_Bioengineering__Shanxi_Agricultural_University.;tissue:leaf;replicate:replicate_=_biological_replicate_56
PRJNA852287	SRR19820405	SAMN29272359	NA	leaf	from the formation of the second leaf to the completion of oospore development in the leaves	JG21	LQ_TG5_1	NA	cultivar:JG21;dev_stage:from_the_formation_of_the_second_leaf_to_the_completion_of_oospore_development_in_the_leaves;geo_loc_name:China:the_Germplasm_Bank_of_the_Institute_of_Bioengineering__Shanxi_Agricultural_University.;tissue:leaf;replicate:replicate_=_biological_replicate_55
PRJNA852287	SRR19820406	SAMN29272358	NA	leaf	from the formation of the second leaf to the completion of oospore development in the leaves	JG21	LQ_TG4_3	NA	cultivar:JG21;dev_stage:from_the_formation_of_the_second_leaf_to_the_completion_of_oospore_development_in_the_leaves;geo_loc_name:China:the_Germplasm_Bank_of_the_Institute_of_Bioengineering__Shanxi_Agricultural_University.;tissue:leaf;replicate:replicate_=_biological_replicate_51
PRJNA852287	SRR19820407	SAMN29272357	NA	leaf	from the formation of the second leaf to the completion of oospore development in the leaves	JG21	LQ_TG4_2	NA	cultivar:JG21;dev_stage:from_the_formation_of_the_second_leaf_to_the_completion_of_oospore_development_in_the_leaves;geo_loc_name:China:the_Germplasm_Bank_of_the_Institute_of_Bioengineering__Shanxi_Agricultural_University.;tissue:leaf;replicate:replicate_=_biological_replicate_50
PRJNA852287	SRR19820408	SAMN29272356	NA	leaf	from the formation of the second leaf to the completion of oospore development in the leaves	JG21	LQ_TG4_1	NA	cultivar:JG21;dev_stage:from_the_formation_of_the_second_leaf_to_the_completion_of_oospore_development_in_the_leaves;geo_loc_name:China:the_Germplasm_Bank_of_the_Institute_of_Bioengineering__Shanxi_Agricultural_University.;tissue:leaf;replicate:replicate_=_biological_replicate_49
PRJNA852287	SRR19820409	SAMN29272355	NA	leaf	from the formation of the second leaf to the completion of oospore development in the leaves	JG21	LQ_TG3_3	NA	cultivar:JG21;dev_stage:from_the_formation_of_the_second_leaf_to_the_completion_of_oospore_development_in_the_leaves;geo_loc_name:China:the_Germplasm_Bank_of_the_Institute_of_Bioengineering__Shanxi_Agricultural_University.;tissue:leaf;replicate:replicate_=_biological_replicate_45
PRJNA852287	SRR19820410	SAMN29272354	NA	leaf	from the formation of the second leaf to the completion of oospore development in the leaves	JG21	LQ_TG3_2	NA	cultivar:JG21;dev_stage:from_the_formation_of_the_second_leaf_to_the_completion_of_oospore_development_in_the_leaves;geo_loc_name:China:the_Germplasm_Bank_of_the_Institute_of_Bioengineering__Shanxi_Agricultural_University.;tissue:leaf;replicate:replicate_=_biological_replicate_44
PRJNA852287	SRR19820411	SAMN29272353	NA	leaf	from the formation of the second leaf to the completion of oospore development in the leaves	JG21	LQ_TG3_1	NA	cultivar:JG21;dev_stage:from_the_formation_of_the_second_leaf_to_the_completion_of_oospore_development_in_the_leaves;geo_loc_name:China:the_Germplasm_Bank_of_the_Institute_of_Bioengineering__Shanxi_Agricultural_University.;tissue:leaf;replicate:replicate_=_biological_replicate_43
PRJNA852287	SRR19820412	SAMN29272352	NA	leaf	from the formation of the second leaf to the completion of oospore development in the leaves	JG21	LQ_TG2_3	NA	cultivar:JG21;dev_stage:from_the_formation_of_the_second_leaf_to_the_completion_of_oospore_development_in_the_leaves;geo_loc_name:China:the_Germplasm_Bank_of_the_Institute_of_Bioengineering__Shanxi_Agricultural_University.;tissue:leaf;replicate:replicate_=_biological_replicate_39
PRJNA852287	SRR19820413	SAMN29272334	NA	leaf	from the formation of the second leaf to the completion of oospore development in the leaves	JG21	LQ_CK1_3	NA	cultivar:JG21;dev_stage:from_the_formation_of_the_second_leaf_to_the_completion_of_oospore_development_in_the_leaves;geo_loc_name:China:the_Germplasm_Bank_of_the_Institute_of_Bioengineering__Shanxi_Agricultural_University.;tissue:leaf;replicate:replicate_=_biological_replicate_4
PRJNA852287	SRR19820414	SAMN29272351	NA	leaf	from the formation of the second leaf to the completion of oospore development in the leaves	JG21	LQ_TG2_2	NA	cultivar:JG21;dev_stage:from_the_formation_of_the_second_leaf_to_the_completion_of_oospore_development_in_the_leaves;geo_loc_name:China:the_Germplasm_Bank_of_the_Institute_of_Bioengineering__Shanxi_Agricultural_University.;tissue:leaf;replicate:replicate_=_biological_replicate_38
PRJNA852287	SRR19820415	SAMN29272350	NA	leaf	from the formation of the second leaf to the completion of oospore development in the leaves	JG21	LQ_TG2_1	NA	cultivar:JG21;dev_stage:from_the_formation_of_the_second_leaf_to_the_completion_of_oospore_development_in_the_leaves;geo_loc_name:China:the_Germplasm_Bank_of_the_Institute_of_Bioengineering__Shanxi_Agricultural_University.;tissue:leaf;replicate:replicate_=_biological_replicate_37
PRJNA852287	SRR19820416	SAMN29272349	NA	leaf	from the formation of the second leaf to the completion of oospore development in the leaves	JG21	LQ_TG1_3	NA	cultivar:JG21;dev_stage:from_the_formation_of_the_second_leaf_to_the_completion_of_oospore_development_in_the_leaves;geo_loc_name:China:the_Germplasm_Bank_of_the_Institute_of_Bioengineering__Shanxi_Agricultural_University.;tissue:leaf;replicate:replicate_=_biological_replicate_33
PRJNA852287	SRR19820417	SAMN29272348	NA	leaf	from the formation of the second leaf to the completion of oospore development in the leaves	JG21	LQ_TG1_2	NA	cultivar:JG21;dev_stage:from_the_formation_of_the_second_leaf_to_the_completion_of_oospore_development_in_the_leaves;geo_loc_name:China:the_Germplasm_Bank_of_the_Institute_of_Bioengineering__Shanxi_Agricultural_University.;tissue:leaf;replicate:replicate_=_biological_replicate_32
PRJNA852287	SRR19820418	SAMN29272347	NA	leaf	from the formation of the second leaf to the completion of oospore development in the leaves	JG21	LQ_TG1_1	NA	cultivar:JG21;dev_stage:from_the_formation_of_the_second_leaf_to_the_completion_of_oospore_development_in_the_leaves;geo_loc_name:China:the_Germplasm_Bank_of_the_Institute_of_Bioengineering__Shanxi_Agricultural_University.;tissue:leaf;replicate:replicate_=_biological_replicate_31
PRJNA852287	SRR19820419	SAMN29272346	NA	leaf	from the formation of the second leaf to the completion of oospore development in the leaves	JG21	LQ_CK5_3	NA	cultivar:JG21;dev_stage:from_the_formation_of_the_second_leaf_to_the_completion_of_oospore_development_in_the_leaves;geo_loc_name:China:the_Germplasm_Bank_of_the_Institute_of_Bioengineering__Shanxi_Agricultural_University.;tissue:leaf;replicate:replicate_=_biological_replicate_27
PRJNA852287	SRR19820420	SAMN29272345	NA	leaf	from the formation of the second leaf to the completion of oospore development in the leaves	JG21	LQ_CK5_2	NA	cultivar:JG21;dev_stage:from_the_formation_of_the_second_leaf_to_the_completion_of_oospore_development_in_the_leaves;geo_loc_name:China:the_Germplasm_Bank_of_the_Institute_of_Bioengineering__Shanxi_Agricultural_University.;tissue:leaf;replicate:replicate_=_biological_replicate_26
PRJNA852287	SRR19820421	SAMN29272344	NA	leaf	from the formation of the second leaf to the completion of oospore development in the leaves	JG21	LQ_CK5_1	NA	cultivar:JG21;dev_stage:from_the_formation_of_the_second_leaf_to_the_completion_of_oospore_development_in_the_leaves;geo_loc_name:China:the_Germplasm_Bank_of_the_Institute_of_Bioengineering__Shanxi_Agricultural_University.;tissue:leaf;replicate:replicate_=_biological_replicate_25
PRJNA852287	SRR19820422	SAMN29272343	NA	leaf	from the formation of the second leaf to the completion of oospore development in the leaves	JG21	LQ_CK4_3	NA	cultivar:JG21;dev_stage:from_the_formation_of_the_second_leaf_to_the_completion_of_oospore_development_in_the_leaves;geo_loc_name:China:the_Germplasm_Bank_of_the_Institute_of_Bioengineering__Shanxi_Agricultural_University.;tissue:leaf;replicate:replicate_=_biological_replicate_21
PRJNA852287	SRR19820423	SAMN29272342	NA	leaf	from the formation of the second leaf to the completion of oospore development in the leaves	JG21	LQ_CK4_2	NA	cultivar:JG21;dev_stage:from_the_formation_of_the_second_leaf_to_the_completion_of_oospore_development_in_the_leaves;geo_loc_name:China:the_Germplasm_Bank_of_the_Institute_of_Bioengineering__Shanxi_Agricultural_University.;tissue:leaf;replicate:replicate_=_biological_replicate_20
PRJNA852287	SRR19820424	SAMN29272333	NA	leaf	from the formation of the second leaf to the completion of oospore development in the leaves	JG21	LQ_CK1_2	NA	cultivar:JG21;dev_stage:from_the_formation_of_the_second_leaf_to_the_completion_of_oospore_development_in_the_leaves;geo_loc_name:China:the_Germplasm_Bank_of_the_Institute_of_Bioengineering__Shanxi_Agricultural_University.;tissue:leaf;replicate:replicate_=_biological_replicate_3
PRJNA852287	SRR19820425	SAMN29272332	NA	leaf	from the formation of the second leaf to the completion of oospore development in the leaves	JG21	LQ_CK1_1	NA	cultivar:JG21;dev_stage:from_the_formation_of_the_second_leaf_to_the_completion_of_oospore_development_in_the_leaves;geo_loc_name:China:the_Germplasm_Bank_of_the_Institute_of_Bioengineering__Shanxi_Agricultural_University.;tissue:leaf;replicate:replicate_=_biological_replicate_1
PRJNA865014	SRR20831135	SAMN30089255	NA	spike	filling stage	A2-3	SA_3	NA	isolate:spike;cultivar:A2-3;dev_stage:filling_stage;geo_loc_name:China;tissue:spike
PRJNA865014	SRR20831136	SAMN30089254	NA	spike	filling stage	A2-2	SA_2	NA	isolate:spike;cultivar:A2-2;dev_stage:filling_stage;geo_loc_name:China;tissue:spike
PRJNA865014	SRR20831137	SAMN30089253	NA	spike	filling stage	A2-1	SA_1	NA	isolate:spike;cultivar:A2-1;dev_stage:filling_stage;geo_loc_name:China;tissue:spike
PRJNA865014	SRR20831138	SAMN30089252	NA	spike	filling stage	A1-3	CK_3	NA	isolate:spike;cultivar:A1-3;dev_stage:filling_stage;geo_loc_name:China;tissue:spike
PRJNA865014	SRR20831139	SAMN30089251	NA	spike	filling stage	A1-2	CK_2	NA	isolate:spike;cultivar:A1-2;dev_stage:filling_stage;geo_loc_name:China;tissue:spike
PRJNA865014	SRR20831140	SAMN30089250	NA	spike	filling stage	A1-1	CK_1	NA	isolate:spike;cultivar:A1-1;dev_stage:filling_stage;geo_loc_name:China;tissue:spike
PRJNA873890	SRR21207521	SAMN30504954	Inoculation bacterial strain 173	seedling	seedling stage	Hua	strain173_HUA	NA	isolate:Foxtail_millet;cultivar:Hua;ecotype:not_applicable;age:not_applicable;dev_stage:seedlings;geo_loc_name:China:_Guangdong_Shenzhen;tissue:seedlings;biomaterial_provider:Beijing_Genomics_Institute;cell_line:not_applicable;cell_type:not_applicable;collected_by:Beijing_Genomics_Institute;collection_date:2020;isolation_source:Hua;lat_lon:22.59_N_114.26_E;sample_type:Tissue_sample;treatment:Bacterial_strain173
PRJNA873890	SRR21207522	SAMN30504953	Inoculation bacterial strain 550	seedling	seedling stage	Hua	strain550_HUA	NA	isolate:Foxtail_millet;cultivar:Hua;ecotype:not_applicable;age:not_applicable;dev_stage:seedlings;geo_loc_name:China:_Guangdong_Shenzhen;tissue:seedlings;biomaterial_provider:Beijing_Genomics_Institute;cell_line:not_applicable;cell_type:not_applicable;collected_by:Beijing_Genomics_Institute;collection_date:2020;isolation_source:Hua;lat_lon:22.59_N_114.26_E;sample_type:Tissue_sample;treatment:Bacterial_strain550
PRJNA873890	SRR21207524	SAMN30504952	Inoculation bacterial strain 594	seedling	seedling stage	Hua	strain594_HUA	NA	isolate:Foxtail_millet;cultivar:Hua;ecotype:not_applicable;age:not_applicable;dev_stage:seedlings;geo_loc_name:China:_Guangdong_Shenzhen;tissue:seedlings;biomaterial_provider:Beijing_Genomics_Institute;cell_line:not_applicable;cell_type:not_applicable;collected_by:Beijing_Genomics_Institute;collection_date:2020;isolation_source:Hua;lat_lon:22.59_N_114.26_E;sample_type:Tissue_sample;treatment:Bacterial_strain594
PRJNA873890	SRR21207525	SAMN30504951	Inoculation bacterial strain 299	seedling	seedling stage	Hua	strain299_HUA	NA	isolate:Foxtail_millet;cultivar:Hua;ecotype:not_applicable;age:not_applicable;dev_stage:seedlings;geo_loc_name:China:_Guangdong_Shenzhen;tissue:seedlings;biomaterial_provider:Beijing_Genomics_Institute;cell_line:not_applicable;cell_type:not_applicable;collected_by:Beijing_Genomics_Institute;collection_date:2020;isolation_source:Hua;lat_lon:22.59_N_114.26_E;sample_type:Tissue_sample;treatment:Bcterial_strain299
PRJNA876311	SRR21411417	SAMN30656084	NA	leaf	5-leaf stage	JG21	S-5-3	NA	cultivar:JG21-15;dev_stage:5-Leaf;geo_loc_name:China:_Taigu;tissue:Leaf;replicate:biological_replicate_3
PRJNA876311	SRR21411418	SAMN30656083	NA	leaf	5-leaf stage	JG21	S-5-2	NA	cultivar:JG21-14;dev_stage:5-Leaf;geo_loc_name:China:_Taigu;tissue:Leaf;replicate:biological_replicate_2
PRJNA876311	SRR21411419	SAMN30656082	NA	leaf	5-leaf stage	JG21	S-5-1	NA	cultivar:JG21-13;dev_stage:5-Leaf;geo_loc_name:China:_Taigu;tissue:Leaf;replicate:biological_replicate_1
PRJNA876311	SRR21411420	SAMN30656055	NA	leaf	5-leaf stage	G1-4	CK-R-5-1	NA	cultivar:G1-4;dev_stage:5-Leaf;geo_loc_name:China:_Taigu;tissue:Leaf;replicate:biological_replicate_1
PRJNA876311	SRR21411421	SAMN30656081	NA	leaf	3-leaf stage	JG21	S-3-3	NA	cultivar:JG21-12;dev_stage:3-Leaf;geo_loc_name:China:_Taigu;tissue:Leaf;replicate:biological_replicate_3
PRJNA876311	SRR21411422	SAMN30656080	NA	leaf	3-leaf stage	JG21	S-3-2	NA	cultivar:JG21-11;dev_stage:3-Leaf;geo_loc_name:China:_Taigu;tissue:Leaf;replicate:biological_replicate_2
PRJNA876311	SRR21411423	SAMN30656079	NA	leaf	3-leaf stage	JG21	S-3-1	NA	cultivar:JG21-10;dev_stage:3-Leaf;geo_loc_name:China:_Taigu;tissue:Leaf;replicate:biological_replicate_1
PRJNA876311	SRR21411424	SAMN30656078	NA	leaf	7-leaf stage	G1-18	R-7-3	NA	cultivar:G1-18;dev_stage:7-Leaf;geo_loc_name:China:_Taigu;tissue:Leaf;replicate:biological_replicate_3
PRJNA876311	SRR21411425	SAMN30656077	NA	leaf	7-leaf stage	G1-17	R-7-2	NA	cultivar:G1-17;dev_stage:7-Leaf;geo_loc_name:China:_Taigu;tissue:Leaf;replicate:biological_replicate_2
PRJNA876311	SRR21411426	SAMN30656076	NA	leaf	7-leaf stage	G1-16	R-7-1	NA	cultivar:G1-16;dev_stage:7-Leaf;geo_loc_name:China:_Taigu;tissue:Leaf;replicate:biological_replicate_1
PRJNA876311	SRR21411427	SAMN30656075	NA	leaf	5-leaf stage	G1-15	R-5-3	NA	cultivar:G1-15;dev_stage:5-Leaf;geo_loc_name:China:_Taigu;tissue:Leaf;replicate:biological_replicate_3
PRJNA876311	SRR21411428	SAMN30656074	NA	leaf	5-leaf stage	G1-14	R-5-2	NA	cultivar:G1-14;dev_stage:5-Leaf;geo_loc_name:China:_Taigu;tissue:Leaf;replicate:biological_replicate_2
PRJNA876311	SRR21411429	SAMN30656073	NA	leaf	5-leaf stage	G1-13	R-5-1	NA	cultivar:G1-13;dev_stage:5-Leaf;geo_loc_name:China:_Taigu;tissue:Leaf;replicate:biological_replicate_1
PRJNA876311	SRR21411430	SAMN30656072	NA	leaf	3-leaf stage	G1-12	R-3-3	NA	cultivar:G1-12;dev_stage:3-Leaf;geo_loc_name:China:_Taigu;tissue:Leaf;replicate:biological_replicate_3
PRJNA876311	SRR21411431	SAMN30656054	NA	leaf	3-leaf stage	G1-3	CK-R-3-3	NA	cultivar:G1-3;dev_stage:3-Leaf;geo_loc_name:China:_Taigu;tissue:Leaf;replicate:biological_replicate_3
PRJNA876311	SRR21411432	SAMN30656071	NA	leaf	3-leaf stage	G1-11	R-3-2	NA	cultivar:G1-11;dev_stage:3-Leaf;geo_loc_name:China:_Taigu;tissue:Leaf;replicate:biological_replicate_2
PRJNA876311	SRR21411433	SAMN30656070	NA	leaf	3-leaf stage	G1-10	R-3-1	NA	cultivar:G1-10;dev_stage:3-Leaf;geo_loc_name:China:_Taigu;tissue:Leaf;replicate:biological_replicate_1
PRJNA876311	SRR21411434	SAMN30656069	NA	leaf	7-leaf stage	JG21	CK-S-7-3	NA	cultivar:JG21-9;dev_stage:7-Leaf;geo_loc_name:China:_Taigu;tissue:Leaf;replicate:biological_replicate_3
PRJNA876311	SRR21411435	SAMN30656068	NA	leaf	7-leaf stage	JG21	CK-S-7-2	NA	cultivar:JG21-8;dev_stage:7-Leaf;geo_loc_name:China:_Taigu;tissue:Leaf;replicate:biological_replicate_2
PRJNA876311	SRR21411436	SAMN30656067	NA	leaf	7-leaf stage	JG21	CK-S-7-1	NA	cultivar:JG21-7;dev_stage:7-Leaf;geo_loc_name:China:_Taigu;tissue:Leaf;replicate:biological_replicate_1
PRJNA876311	SRR21411437	SAMN30656066	NA	leaf	5-leaf stage	JG21	CK-S-5-3	NA	cultivar:JG21-6;dev_stage:5-Leaf;geo_loc_name:China:_Taigu;tissue:Leaf;replicate:biological_replicate_3
PRJNA876311	SRR21411438	SAMN30656065	NA	leaf	5-leaf stage	JG21	CK-S-5-2	NA	cultivar:JG21-5;dev_stage:5-Leaf;geo_loc_name:China:_Taigu;tissue:Leaf;replicate:biological_replicate_2
PRJNA876311	SRR21411439	SAMN30656064	NA	leaf	5-leaf stage	JG21	CK-S-5-1	NA	cultivar:JG21-4;dev_stage:5-Leaf;geo_loc_name:China:_Taigu;tissue:Leaf;replicate:biological_replicate_1
PRJNA876311	SRR21411440	SAMN30656063	NA	leaf	3-leaf stage	JG21	CK-S-3-3	NA	cultivar:JG21-3;dev_stage:3-Leaf;geo_loc_name:China:_Taigu;tissue:Leaf;replicate:biological_replicate_3
PRJNA876311	SRR21411441	SAMN30656061	NA	leaf	3-leaf stage	JG21	CK-S-3-1	NA	cultivar:JG21-1;dev_stage:3-Leaf;geo_loc_name:China:_Taigu;tissue:Leaf;replicate:biological_replicate_1
PRJNA876311	SRR21411442	SAMN30656060	NA	leaf	7-leaf stage	G1-9	CK-R-7-3	NA	cultivar:G1-9;dev_stage:7-Leaf;geo_loc_name:China:_Taigu;tissue:Leaf;replicate:biological_replicate_3
PRJNA876311	SRR21411443	SAMN30656059	NA	leaf	7-leaf stage	G1-8	CK-R-7-2	NA	cultivar:G1-8;dev_stage:7-Leaf;geo_loc_name:China:_Taigu;tissue:Leaf;replicate:biological_replicate_2
PRJNA876311	SRR21411444	SAMN30656058	NA	leaf	7-leaf stage	G1-7	CK-R-7-1	NA	cultivar:G1-7;dev_stage:7-Leaf;geo_loc_name:China:_Taigu;tissue:Leaf;replicate:biological_replicate_1
PRJNA876311	SRR21411445	SAMN30656057	NA	leaf	5-leaf stage	G1-6	CK-R-5-3	NA	cultivar:G1-6;dev_stage:5-Leaf;geo_loc_name:China:_Taigu;tissue:Leaf;replicate:biological_replicate_3
PRJNA876311	SRR21411446	SAMN30656056	NA	leaf	5-leaf stage	G1-5	CK-R-5-2	NA	cultivar:G1-5;dev_stage:5-Leaf;geo_loc_name:China:_Taigu;tissue:Leaf;replicate:biological_replicate_2
PRJNA876311	SRR21411447	SAMN30656087	NA	leaf	7-leaf stage	JG21	S-7-3	NA	cultivar:JG21-18;dev_stage:7-Leaf;geo_loc_name:China:_Taigu;tissue:Leaf;replicate:biological_replicate_3
PRJNA876311	SRR21411448	SAMN30656086	NA	leaf	7-leaf stage	JG21	S-7-2	NA	cultivar:JG21-17;dev_stage:7-Leaf;geo_loc_name:China:_Taigu;tissue:Leaf;replicate:biological_replicate_2
PRJNA876311	SRR21411449	SAMN30656085	NA	leaf	7-leaf stage	JG21	S-7-1	NA	cultivar:JG21-16;dev_stage:7-Leaf;geo_loc_name:China:_Taigu;tissue:Leaf;replicate:biological_replicate_1
PRJNA876311	SRR21411450	SAMN30656062	NA	leaf	3-leaf stage	JG21	CK-S-3-2	NA	cultivar:JG21-2;dev_stage:3-Leaf;geo_loc_name:China:_Taigu;tissue:Leaf;replicate:biological_replicate_2
PRJNA876311	SRR21411451	SAMN30656053	NA	leaf	3-leaf stage	G1-2	CK-R-3-2	NA	cultivar:G1-2;dev_stage:3-Leaf;geo_loc_name:China:_Taigu;tissue:Leaf;replicate:biological_replicate_2
PRJNA876311	SRR21411452	SAMN30656052	NA	leaf	3-leaf stage	G1-1	CK-R-3-1	NA	cultivar:G1-1;dev_stage:3-Leaf;geo_loc_name:China:_Taigu;tissue:Leaf;replicate:biological_replicate_1
PRJNA809106	SRR21531395	SAMN26139983	NA	leaf	NA	NA	Yugu1-10	NA	isolate:missing;cultivar:missing;ecotype:missing;age:missing;dev_stage:missing;geo_loc_name:China:Beijing;tissue:leaf10
PRJNA809106	SRR21531396	SAMN26139982	NA	leaf	NA	NA	Yugu1-9	NA	isolate:missing;cultivar:missing;ecotype:missing;age:missing;dev_stage:missing;geo_loc_name:China:Beijing;tissue:leaf9
PRJNA809106	SRR21531397	SAMN26139981	NA	leaf	NA	NA	Yugu1-8	NA	isolate:missing;cultivar:missing;ecotype:missing;age:missing;dev_stage:missing;geo_loc_name:China:Beijing;tissue:leaf8
PRJNA809106	SRR21531398	SAMN26139980	NA	leaf	NA	NA	Yugu1-7	NA	isolate:missing;cultivar:missing;ecotype:missing;age:missing;dev_stage:missing;geo_loc_name:China:Beijing;tissue:leaf7
PRJNA809106	SRR21531399	SAMN26139979	NA	leaf	NA	NA	Yugu1-6	NA	isolate:missing;cultivar:missing;ecotype:missing;age:missing;dev_stage:missing;geo_loc_name:China:Beijing;tissue:leaf6
PRJNA809106	SRR21531400	SAMN26139978	NA	leaf	NA	NA	Yugu1-5	NA	isolate:missing;cultivar:missing;ecotype:missing;age:missing;dev_stage:missing;geo_loc_name:China:Beijing;tissue:leaf5
PRJNA809106	SRR21531402	SAMN26140000	NA	leaf	NA	NA	Yugu1-27	NA	isolate:missing;cultivar:missing;ecotype:missing;age:missing;dev_stage:missing;geo_loc_name:China:Beijing;tissue:leaf27
PRJNA809106	SRR21531403	SAMN26139999	NA	leaf	NA	NA	Yugu1-26	NA	isolate:missing;cultivar:missing;ecotype:missing;age:missing;dev_stage:missing;geo_loc_name:China:Beijing;tissue:leaf26
PRJNA809106	SRR21531404	SAMN26139998	NA	leaf	NA	NA	Yugu1-25	NA	isolate:missing;cultivar:missing;ecotype:missing;age:missing;dev_stage:missing;geo_loc_name:China:Beijing;tissue:leaf25
PRJNA809106	SRR21531405	SAMN26139997	NA	leaf	NA	NA	Yugu1-24	NA	isolate:missing;cultivar:missing;ecotype:missing;age:missing;dev_stage:missing;geo_loc_name:China:Beijing;tissue:leaf24
PRJNA809106	SRR21531406	SAMN26139996	NA	leaf	NA	NA	Yugu1-23	NA	isolate:missing;cultivar:missing;ecotype:missing;age:missing;dev_stage:missing;geo_loc_name:China:Beijing;tissue:leaf23
PRJNA809106	SRR21531407	SAMN26139995	NA	leaf	NA	NA	Yugu1-22	NA	isolate:missing;cultivar:missing;ecotype:missing;age:missing;dev_stage:missing;geo_loc_name:China:Beijing;tissue:leaf22
PRJNA809106	SRR21531408	SAMN26139994	NA	leaf	NA	NA	Yugu1-21	NA	isolate:missing;cultivar:missing;ecotype:missing;age:missing;dev_stage:missing;geo_loc_name:China:Beijing;tissue:leaf21
PRJNA809106	SRR21531409	SAMN26139976	NA	leaf	NA	NA	Yugu1-3	NA	isolate:missing;cultivar:missing;ecotype:missing;age:missing;dev_stage:missing;geo_loc_name:China:Beijing;tissue:leaf3
PRJNA809106	SRR21531410	SAMN26139974	NA	leaf	NA	NA	Yugu1-1	NA	isolate:missing;cultivar:missing;ecotype:missing;age:missing;dev_stage:missing;geo_loc_name:China:Beijing;tissue:leaf1
PRJNA809106	SRR21531411	SAMN26139975	NA	leaf	NA	NA	Yugu1-2	NA	isolate:missing;cultivar:missing;ecotype:missing;age:missing;dev_stage:missing;geo_loc_name:China:Beijing;tissue:leaf2
PRJNA882759	SRR21722772	SAMN30950512	Inoculation Claroideoglomus etunicatum	NA	NA	NA	GSM6595138	NA	source_name:roots;landrace:ICE36;cell_type:roots;treatment:Claroideoglomus_etunicatum_inoculation;time:6_weeks_post_inoculation
PRJNA882759	SRR21722773	SAMN30950513	Inoculation Claroideoglomus etunicatum	NA	NA	NA	GSM6595137	NA	source_name:roots;landrace:ICE36;cell_type:roots;treatment:Claroideoglomus_etunicatum_inoculation;time:6_weeks_post_inoculation
PRJNA882759	SRR21722774	SAMN30950514	Inoculation Claroideoglomus etunicatum	NA	NA	NA	GSM6595136	NA	source_name:roots;landrace:ICE36;cell_type:roots;treatment:Claroideoglomus_etunicatum_inoculation;time:6_weeks_post_inoculation
PRJNA882759	SRR21722775	SAMN30950515	Inoculation Claroideoglomus etunicatum	NA	NA	NA	GSM6595135	NA	source_name:roots;landrace:ICE36;cell_type:roots;treatment:Claroideoglomus_etunicatum_inoculation;time:6_weeks_post_inoculation
PRJNA882759	SRR21722776	SAMN30950516	control	NA	NA	NA	GSM6595134	NA	source_name:roots;landrace:ICE36;cell_type:roots;treatment:mock;time:6_weeks_post_inoculation
PRJNA882759	SRR21722777	SAMN30950517	control	NA	NA	NA	GSM6595133	NA	source_name:roots;landrace:ICE36;cell_type:roots;treatment:mock;time:6_weeks_post_inoculation
PRJNA882759	SRR21722778	SAMN30950518	control	NA	NA	NA	GSM6595132	NA	source_name:roots;landrace:ICE36;cell_type:roots;treatment:mock;time:6_weeks_post_inoculation
PRJNA882759	SRR21722779	SAMN30950519	control	NA	NA	NA	GSM6595131	NA	source_name:roots;landrace:ICE36;cell_type:roots;treatment:mock;time:6_weeks_post_inoculation
PRJNA882759	SRR21722780	SAMN30950520	Inoculation Claroideoglomus etunicatum	NA	NA	NA	GSM6595130	NA	source_name:roots;landrace:TT8;cell_type:roots;treatment:Claroideoglomus_etunicatum_inoculation;time:6_weeks_post_inoculation
PRJNA882759	SRR21722781	SAMN30950521	Inoculation Claroideoglomus etunicatum	NA	NA	NA	GSM6595129	NA	source_name:roots;landrace:TT8;cell_type:roots;treatment:Claroideoglomus_etunicatum_inoculation;time:6_weeks_post_inoculation
PRJNA882759	SRR21722782	SAMN30950522	Inoculation Claroideoglomus etunicatum	NA	NA	NA	GSM6595128	NA	source_name:roots;landrace:TT8;cell_type:roots;treatment:Claroideoglomus_etunicatum_inoculation;time:6_weeks_post_inoculation
PRJNA882759	SRR21722783	SAMN30950523	Inoculation Claroideoglomus etunicatum	NA	NA	NA	GSM6595127	NA	source_name:roots;landrace:TT8;cell_type:roots;treatment:Claroideoglomus_etunicatum_inoculation;time:6_weeks_post_inoculation
PRJNA882759	SRR21722784	SAMN30950524	control	NA	NA	NA	GSM6595126	NA	source_name:roots;landrace:TT8;cell_type:roots;treatment:mock;time:6_weeks_post_inoculation
PRJNA882759	SRR21722785	SAMN30950525	control	NA	NA	NA	GSM6595125	NA	source_name:roots;landrace:TT8;cell_type:roots;treatment:mock;time:6_weeks_post_inoculation
PRJNA882759	SRR21722786	SAMN30950526	control	NA	NA	NA	GSM6595124	NA	source_name:roots;landrace:TT8;cell_type:roots;treatment:mock;time:6_weeks_post_inoculation
PRJNA882759	SRR21722787	SAMN30950527	control	NA	NA	NA	GSM6595123	NA	source_name:roots;landrace:TT8;cell_type:roots;treatment:mock;time:6_weeks_post_inoculation
PRJNA882759	SRR21722788	SAMN30950528	Inoculation Claroideoglomus etunicatum	NA	NA	NA	GSM6595122	NA	source_name:roots;landrace:Hanevalval;cell_type:roots;treatment:Claroideoglomus_etunicatum_inoculation;time:6_weeks_post_inoculation
PRJNA882759	SRR21722789	SAMN30950529	Inoculation Claroideoglomus etunicatum	NA	NA	NA	GSM6595121	NA	source_name:roots;landrace:Hanevalval;cell_type:roots;treatment:Claroideoglomus_etunicatum_inoculation;time:6_weeks_post_inoculation
PRJNA882759	SRR21722790	SAMN30950530	Inoculation Claroideoglomus etunicatum	NA	NA	NA	GSM6595120	NA	source_name:roots;landrace:Hanevalval;cell_type:roots;treatment:Claroideoglomus_etunicatum_inoculation;time:6_weeks_post_inoculation
PRJNA882759	SRR21722791	SAMN30950531	Inoculation Claroideoglomus etunicatum	NA	NA	NA	GSM6595119	NA	source_name:roots;landrace:Hanevalval;cell_type:roots;treatment:Claroideoglomus_etunicatum_inoculation;time:6_weeks_post_inoculation
PRJNA882759	SRR21722792	SAMN30950532	control	NA	NA	NA	GSM6595118	NA	source_name:roots;landrace:Hanevalval;cell_type:roots;treatment:mock;time:6_weeks_post_inoculation
PRJNA882759	SRR21722793	SAMN30950533	control	NA	NA	NA	GSM6595117	NA	source_name:roots;landrace:Hanevalval;cell_type:roots;treatment:mock;time:6_weeks_post_inoculation
PRJNA882759	SRR21722794	SAMN30950534	control	NA	NA	NA	GSM6595116	NA	source_name:roots;landrace:Hanevalval;cell_type:roots;treatment:mock;time:6_weeks_post_inoculation
PRJNA882759	SRR21722795	SAMN30950535	control	NA	NA	NA	GSM6595115	NA	source_name:roots;landrace:Hanevalval;cell_type:roots;treatment:mock;time:6_weeks_post_inoculation
PRJNA917249	SRR22985024	SAMN32531559	control	root	seedling stage	NA	Yu0hR1	NA	isolate:missing;cultivar:missing;ecotype:missing;age:Ten‐day‐old;dev_stage:seedling;geo_loc_name:missing;tissue:root;treatment:normal1
PRJNA917249	SRR22985025	SAMN32531558	salt treatment for 48 hour	leaf	seedling stage	NA	Yu48hL3	NA	isolate:missing;cultivar:missing;ecotype:missing;age:Ten‐day‐old;dev_stage:seedling;geo_loc_name:missing;tissue:leaf;treatment:NaCl_treatment_for_48h_3
PRJNA917249	SRR22985026	SAMN32531557	salt treatment for 48 hour	leaf	seedling stage	NA	Yu48hL2	NA	isolate:missing;cultivar:missing;ecotype:missing;age:Ten‐day‐old;dev_stage:seedling;geo_loc_name:missing;tissue:leaf;treatment:NaCl_treatment_for_48h_2
PRJNA917249	SRR22985027	SAMN32531556	salt treatment for 48 hour	leaf	seedling stage	NA	Yu48hL1	NA	isolate:missing;cultivar:missing;ecotype:missing;age:Ten‐day‐old;dev_stage:seedling;geo_loc_name:missing;tissue:leaf;treatment:NaCl_treatment_for_48h_1
PRJNA917249	SRR22985028	SAMN32531555	salt treatment for 0.5 hour	leaf	seedling stage	NA	Yu05hL3	NA	isolate:missing;cultivar:missing;ecotype:missing;age:Ten‐day‐old;dev_stage:seedling;geo_loc_name:missing;tissue:leaf;treatment:NaCl_treatment_for_0.5h_3
PRJNA917249	SRR22985029	SAMN32531554	salt treatment for 0.5 hour	leaf	seedling stage	NA	Yu05hL2	NA	isolate:missing;cultivar:missing;ecotype:missing;age:Ten‐day‐old;dev_stage:seedling;geo_loc_name:missing;tissue:leaf;treatment:NaCl_treatment_for_0.5h_2
PRJNA917249	SRR22985030	SAMN32531553	salt treatment for 0.5 hour	leaf	seedling stage	NA	Yu05hL1	NA	isolate:missing;cultivar:missing;ecotype:missing;age:Ten‐day‐old;dev_stage:seedling;geo_loc_name:missing;tissue:leaf;treatment:NaCl_treatment_for_0.5h_1
PRJNA917249	SRR22985031	SAMN32531552	control	leaf	seedling stage	NA	Yu0hL3	NA	isolate:missing;cultivar:missing;ecotype:missing;age:Ten‐day‐old;dev_stage:seedling;geo_loc_name:missing;tissue:leaf;treatment:normal3
PRJNA917249	SRR22985032	SAMN32531567	salt treatment for 48 hour	root	seedling stage	NA	YU48hR3	NA	isolate:missing;cultivar:missing;ecotype:missing;age:Ten‐day‐old;dev_stage:seedling;geo_loc_name:missing;tissue:root;treatment:NaCl_treatment_for_48h_3
PRJNA917249	SRR22985033	SAMN32531566	salt treatment for 48 hour	root	seedling stage	NA	YU48hR2	NA	isolate:missing;cultivar:missing;ecotype:missing;age:Ten‐day‐old;dev_stage:seedling;geo_loc_name:missing;tissue:root;treatment:NaCl_treatment_for_48h_2
PRJNA917249	SRR22985034	SAMN32531565	salt treatment for 48 hour	root	seedling stage	NA	YU48hR1	NA	isolate:missing;cultivar:missing;ecotype:missing;age:Ten‐day‐old;dev_stage:seedling;geo_loc_name:missing;tissue:root;treatment:NaCl_treatment_for_48h_1
PRJNA917249	SRR22985035	SAMN32531564	salt treatment for 0.5 hour	root	seedling stage	NA	YU05hR3	NA	isolate:missing;cultivar:missing;ecotype:missing;age:Ten‐day‐old;dev_stage:seedling;geo_loc_name:missing;tissue:root;treatment:NaCl_treatment_for_0.5h_3
PRJNA917249	SRR22985036	SAMN32531563	salt treatment for 0.5 hour	root	seedling stage	NA	YU05hR2	NA	isolate:missing;cultivar:missing;ecotype:missing;age:Ten‐day‐old;dev_stage:seedling;geo_loc_name:missing;tissue:root;treatment:NaCl_treatment_for_0.5h_2
PRJNA917249	SRR22985037	SAMN32531562	salt treatment for 0.5 hour	root	seedling stage	NA	YU05hR1	NA	isolate:missing;cultivar:missing;ecotype:missing;age:Ten‐day‐old;dev_stage:seedling;geo_loc_name:missing;tissue:root;treatment:NaCl_treatment_for_0.5h_1
PRJNA917249	SRR22985038	SAMN32531561	control	root	seedling stage	NA	Yu0hR3	NA	isolate:missing;cultivar:missing;ecotype:missing;age:Ten‐day‐old;dev_stage:seedling;geo_loc_name:missing;tissue:root;treatment:normal3
PRJNA917249	SRR22985039	SAMN32531560	control	root	seedling stage	NA	Yu0hR2	NA	isolate:missing;cultivar:missing;ecotype:missing;age:Ten‐day‐old;dev_stage:seedling;geo_loc_name:missing;tissue:root;treatment:normal2
PRJNA917249	SRR22985040	SAMN32531551	control	leaf	seedling stage	NA	Yu0hL2	NA	isolate:missing;cultivar:missing;ecotype:missing;age:Ten‐day‐old;dev_stage:seedling;geo_loc_name:missing;tissue:leaf;treatment:normal2
PRJNA917249	SRR22985041	SAMN32531550	control	leaf	seedling stage	NA	Yu0hL1	NA	isolate:missing;cultivar:missing;ecotype:missing;age:Ten‐day‐old;dev_stage:seedling;geo_loc_name:missing;tissue:leaf;treatment:normal1
PRJNA918739	SRR23009803	SAMN32605730	NA	seedling	NA	NA	RNA-seq_for_Zhangza_19_and_its_parents	NA	isolate:not_applicable;cultivar:not_applicable;ecotype:not_applicable;age:not_applicable;dev_stage:not_applicable;geo_loc_name:China:Taigu;tissue:seedlings
PRJNA918739	SRR23009804	SAMN32605730	NA	seedling	NA	NA	RNA-seq_for_Zhangza_19_and_its_parents	NA	isolate:not_applicable;cultivar:not_applicable;ecotype:not_applicable;age:not_applicable;dev_stage:not_applicable;geo_loc_name:China:Taigu;tissue:seedlings
PRJNA918739	SRR23009805	SAMN32605730	NA	seedling	NA	NA	RNA-seq_for_Zhangza_19_and_its_parents	NA	isolate:not_applicable;cultivar:not_applicable;ecotype:not_applicable;age:not_applicable;dev_stage:not_applicable;geo_loc_name:China:Taigu;tissue:seedlings
PRJNA918739	SRR23009806	SAMN32605730	NA	seedling	NA	NA	RNA-seq_for_Zhangza_19_and_its_parents	NA	isolate:not_applicable;cultivar:not_applicable;ecotype:not_applicable;age:not_applicable;dev_stage:not_applicable;geo_loc_name:China:Taigu;tissue:seedlings
PRJNA918739	SRR23009807	SAMN32605730	NA	seedling	NA	NA	RNA-seq_for_Zhangza_19_and_its_parents	NA	isolate:not_applicable;cultivar:not_applicable;ecotype:not_applicable;age:not_applicable;dev_stage:not_applicable;geo_loc_name:China:Taigu;tissue:seedlings
PRJNA918739	SRR23009808	SAMN32605730	NA	seedling	NA	NA	RNA-seq_for_Zhangza_19_and_its_parents	NA	isolate:not_applicable;cultivar:not_applicable;ecotype:not_applicable;age:not_applicable;dev_stage:not_applicable;geo_loc_name:China:Taigu;tissue:seedlings
PRJNA918739	SRR23009809	SAMN32605730	NA	seedling	NA	NA	RNA-seq_for_Zhangza_19_and_its_parents	NA	isolate:not_applicable;cultivar:not_applicable;ecotype:not_applicable;age:not_applicable;dev_stage:not_applicable;geo_loc_name:China:Taigu;tissue:seedlings
PRJNA918739	SRR23009810	SAMN32605730	NA	seedling	NA	NA	RNA-seq_for_Zhangza_19_and_its_parents	NA	isolate:not_applicable;cultivar:not_applicable;ecotype:not_applicable;age:not_applicable;dev_stage:not_applicable;geo_loc_name:China:Taigu;tissue:seedlings
PRJNA918739	SRR23009811	SAMN32605730	NA	seedling	NA	NA	RNA-seq_for_Zhangza_19_and_its_parents	NA	isolate:not_applicable;cultivar:not_applicable;ecotype:not_applicable;age:not_applicable;dev_stage:not_applicable;geo_loc_name:China:Taigu;tissue:seedlings
PRJNA918739	SRR23009812	SAMN32605730	NA	seedling	NA	NA	RNA-seq_for_Zhangza_19_and_its_parents	NA	isolate:not_applicable;cultivar:not_applicable;ecotype:not_applicable;age:not_applicable;dev_stage:not_applicable;geo_loc_name:China:Taigu;tissue:seedlings
PRJNA918739	SRR23009813	SAMN32605730	NA	seedling	NA	NA	RNA-seq_for_Zhangza_19_and_its_parents	NA	isolate:not_applicable;cultivar:not_applicable;ecotype:not_applicable;age:not_applicable;dev_stage:not_applicable;geo_loc_name:China:Taigu;tissue:seedlings
PRJNA918739	SRR23009814	SAMN32605730	NA	seedling	NA	NA	RNA-seq_for_Zhangza_19_and_its_parents	NA	isolate:not_applicable;cultivar:not_applicable;ecotype:not_applicable;age:not_applicable;dev_stage:not_applicable;geo_loc_name:China:Taigu;tissue:seedlings
PRJNA918739	SRR23009815	SAMN32605730	NA	seedling	NA	NA	RNA-seq_for_Zhangza_19_and_its_parents	NA	isolate:not_applicable;cultivar:not_applicable;ecotype:not_applicable;age:not_applicable;dev_stage:not_applicable;geo_loc_name:China:Taigu;tissue:seedlings
PRJNA918739	SRR23009816	SAMN32605730	NA	seedling	NA	NA	RNA-seq_for_Zhangza_19_and_its_parents	NA	isolate:not_applicable;cultivar:not_applicable;ecotype:not_applicable;age:not_applicable;dev_stage:not_applicable;geo_loc_name:China:Taigu;tissue:seedlings
PRJNA918739	SRR23009817	SAMN32605730	NA	seedling	NA	NA	RNA-seq_for_Zhangza_19_and_its_parents	NA	isolate:not_applicable;cultivar:not_applicable;ecotype:not_applicable;age:not_applicable;dev_stage:not_applicable;geo_loc_name:China:Taigu;tissue:seedlings
PRJNA918739	SRR23009818	SAMN32605730	NA	seedling	NA	NA	RNA-seq_for_Zhangza_19_and_its_parents	NA	isolate:not_applicable;cultivar:not_applicable;ecotype:not_applicable;age:not_applicable;dev_stage:not_applicable;geo_loc_name:China:Taigu;tissue:seedlings
PRJNA918739	SRR23009819	SAMN32605730	NA	seedling	NA	NA	RNA-seq_for_Zhangza_19_and_its_parents	NA	isolate:not_applicable;cultivar:not_applicable;ecotype:not_applicable;age:not_applicable;dev_stage:not_applicable;geo_loc_name:China:Taigu;tissue:seedlings
PRJNA918739	SRR23009820	SAMN32605730	NA	seedling	NA	NA	RNA-seq_for_Zhangza_19_and_its_parents	NA	isolate:not_applicable;cultivar:not_applicable;ecotype:not_applicable;age:not_applicable;dev_stage:not_applicable;geo_loc_name:China:Taigu;tissue:seedlings
PRJNA906029	SRR23292908	SAMN31890890	NA	leaf	NA	Da jin miao	LDCK-2-2	NA	cultivar:Da_jin_miao;age:2021-08-09T09:23:60Z;geo_loc_name:China:Shenyang;tissue:Leaf
PRJNA906029	SRR23292909	SAMN31890889	NA	leaf	NA	Da jin miao	LDCK-2-1	NA	cultivar:Da_jin_miao;age:2021-08-09T09:23:59Z;geo_loc_name:China:Shenyang;tissue:Leaf
PRJNA906029	SRR23292910	SAMN31890888	NA	leaf	NA	Da jin miao	LDCK-1-2	NA	cultivar:Da_jin_miao;age:2021-08-09T09:23:58Z;geo_loc_name:China:Shenyang;tissue:Leaf
PRJNA906029	SRR23292911	SAMN31890887	NA	leaf	NA	Da jin miao	LDCK-1-1	NA	cultivar:Da_jin_miao;age:2021-08-09T09:23:57Z;geo_loc_name:China:Shenyang;tissue:Leaf
PRJNA906029	SRR23292912	SAMN31890886	NA	leaf	NA	Da jin miao	LD-3-2	NA	cultivar:Da_jin_miao;age:2021-08-09T09:23:56Z;geo_loc_name:China:Shenyang;tissue:Leaf
PRJNA906029	SRR23292913	SAMN31890885	NA	leaf	NA	Da jin miao	LD-3-1	NA	cultivar:Da_jin_miao;age:2021-08-09T09:23:55Z;geo_loc_name:China:Shenyang;tissue:Leaf
PRJNA906029	SRR23292914	SAMN31890884	NA	leaf	NA	Da jin miao	LD-2-2	NA	cultivar:Da_jin_miao;age:2021-08-09T09:23:54Z;geo_loc_name:China:Shenyang;tissue:Leaf
PRJNA906029	SRR23292915	SAMN31890883	NA	leaf	NA	Da jin miao	LD-2-1	NA	cultivar:Da_jin_miao;age:2021-08-09T09:23:53Z;geo_loc_name:China:Shenyang;tissue:Leaf
PRJNA906029	SRR23292916	SAMN31890892	NA	leaf	NA	Da jin miao	LDCK-3-2	NA	cultivar:Da_jin_miao;age:2021-08-09T09:23:62Z;geo_loc_name:China:Shenyang;tissue:Leaf
PRJNA906029	SRR23292917	SAMN31890891	NA	leaf	NA	Da jin miao	LDCK-3-1	NA	cultivar:Da_jin_miao;age:2021-08-09T09:23:61Z;geo_loc_name:China:Shenyang;tissue:Leaf
PRJNA906029	SRR23292918	SAMN31890882	NA	leaf	NA	Da jin miao	LD-1-2	NA	cultivar:Da_jin_miao;age:2021-08-09T09:23:52Z;geo_loc_name:China:Shenyang;tissue:Leaf
PRJNA906029	SRR23292919	SAMN31890881	NA	leaf	NA	Da jin miao	LD-1-1	NA	cultivar:Da_jin_miao;age:2021-08-09T09:23:51Z;geo_loc_name:China:Shenyang;tissue:Leaf
PRJNA967632	SRR24443540	SAMN34598421	NA	leaf	vegetative stage	RIL population of JG21*G1	C4	NA	cultivar:RIL_population_of_JG21*G1;dev_stage:vegetative_stage;geo_loc_name:China:Shanxi;tissue:Leaf;replicate:replicate_=_biological_replicate_164
PRJNA967632	SRR24443541	SAMN34598420	NA	leaf	vegetative stage	RIL population of JG21*G1	C3	NA	cultivar:RIL_population_of_JG21*G1;dev_stage:vegetative_stage;geo_loc_name:China:Shanxi;tissue:Leaf;replicate:replicate_=_biological_replicate_163
PRJNA967632	SRR24443542	SAMN34598419	NA	leaf	vegetative stage	JG21	C2	NA	cultivar:JG21;dev_stage:vegetative_stage;geo_loc_name:China:Shanxi;tissue:Leaf;replicate:replicate_=_biological_replicate_162
PRJNA967632	SRR24443543	SAMN34598418	NA	leaf	vegetative stage	G1	C1	NA	cultivar:G1;dev_stage:vegetative_stage;geo_loc_name:China:Shanxi;tissue:Leaf;replicate:replicate_=_biological_replicate_161
PRJNA982974	SRR24901487	SAMN35718274	NA	stem	28 days	Xiaomi	stem_at_28DAA_1	NA	cultivar:xiaomi10;dev_stage:28DAA;collection_date:2022-08;geo_loc_name:China:Anyang;tissue:stem
PRJNA982974	SRR24901488	SAMN35718273	NA	stem	21 days	Xiaomi	stem_at_21DAA_3	NA	cultivar:xiaomi9;dev_stage:21DAA;collection_date:2022-07;geo_loc_name:China:Anyang;tissue:stem
PRJNA982974	SRR24901489	SAMN35718272	NA	stem	21 days	Xiaomi	stem_at_21DAA_2	NA	cultivar:xiaomi8;dev_stage:21DAA;collection_date:2022-07;geo_loc_name:China:Anyang;tissue:stem
PRJNA982974	SRR24901490	SAMN35718271	NA	stem	21 days	Xiaomi	stem_at_21DAA_1	NA	cultivar:xiaomi7;dev_stage:21DAA;collection_date:2022-07;geo_loc_name:China:Anyang;tissue:stem
PRJNA982974	SRR24901491	SAMN35718270	NA	stem	14 days	Xiaomi	stem_at_14DAA_3	NA	cultivar:xiaomi6;dev_stage:14DAA;collection_date:2022-07;geo_loc_name:China:Anyang;tissue:stem
PRJNA982974	SRR24901492	SAMN35718309	NA	leaf	35 days	Xiaomi	leaf_at_35DAA_3	NA	cultivar:xiaomi45;dev_stage:35DAA;collection_date:2022-08;geo_loc_name:China:Anyang;tissue:leaf
PRJNA982974	SRR24901493	SAMN35718308	NA	leaf	35 days	Xiaomi	leaf_at_35DAA_2	NA	cultivar:xiaomi44;dev_stage:35DAA;collection_date:2022-08;geo_loc_name:China:Anyang;tissue:leaf
PRJNA982974	SRR24901494	SAMN35718307	NA	leaf	35 days	Xiaomi	leaf_at_35DAA_1	NA	cultivar:xiaomi43;dev_stage:35DAA;collection_date:2022-08;geo_loc_name:China:Anyang;tissue:leaf
PRJNA982974	SRR24901495	SAMN35718306	NA	leaf	28 days	Xiaomi	leaf_at_28DAA_3	NA	cultivar:xiaomi42;dev_stage:28DAA;collection_date:2022-08;geo_loc_name:China:Anyang;tissue:leaf
PRJNA982974	SRR24901496	SAMN35718305	NA	leaf	28 days	Xiaomi	leaf_at_28DAA_2	NA	cultivar:xiaomi41;dev_stage:28DAA;collection_date:2022-08;geo_loc_name:China:Anyang;tissue:leaf
PRJNA982974	SRR24901497	SAMN35718269	NA	stem	14 days	Xiaomi	stem_at_14DAA_2	NA	cultivar:xiaomi5;dev_stage:14DAA;collection_date:2022-07;geo_loc_name:China:Anyang;tissue:stem
PRJNA982974	SRR24901498	SAMN35718304	NA	leaf	28 days	Xiaomi	leaf_at_28DAA_1	NA	cultivar:xiaomi40;dev_stage:28DAA;collection_date:2022-08;geo_loc_name:China:Anyang;tissue:leaf
PRJNA982974	SRR24901499	SAMN35718303	NA	leaf	21 days	Xiaomi	leaf_at_21DAA_3	NA	cultivar:xiaomi39;dev_stage:21DAA;collection_date:2022-07;geo_loc_name:China:Anyang;tissue:leaf
PRJNA982974	SRR24901500	SAMN35718302	NA	leaf	21 days	Xiaomi	leaf_at_21DAA_2	NA	cultivar:xiaomi38;dev_stage:21DAA;collection_date:2022-07;geo_loc_name:China:Anyang;tissue:leaf
PRJNA982974	SRR24901501	SAMN35718301	NA	leaf	21 days	Xiaomi	leaf_at_21DAA_1	NA	cultivar:xiaomi37;dev_stage:21DAA;collection_date:2022-07;geo_loc_name:China:Anyang;tissue:leaf
PRJNA982974	SRR24901502	SAMN35718300	NA	leaf	14 days	Xiaomi	leaf_at_14DAA_3	NA	cultivar:xiaomi36;dev_stage:14DAA;collection_date:2022-07;geo_loc_name:China:Anyang;tissue:leaf
PRJNA982974	SRR24901503	SAMN35718299	NA	leaf	14 days	Xiaomi	leaf_at_14DAA_2	NA	cultivar:xiaomi35;dev_stage:14DAA;collection_date:2022-07;geo_loc_name:China:Anyang;tissue:leaf
PRJNA982974	SRR24901504	SAMN35718298	NA	leaf	14 days	Xiaomi	leaf_at_14DAA_1	NA	cultivar:xiaomi34;dev_stage:14DAA;collection_date:2022-07;geo_loc_name:China:Anyang;tissue:leaf
PRJNA982974	SRR24901505	SAMN35718297	NA	leaf	7 days	Xiaomi	leaf_at_7DAA_3	NA	cultivar:xiaomi33;dev_stage:7DAA;collection_date:2022-07;geo_loc_name:China:Anyang;tissue:leaf
PRJNA982974	SRR24901506	SAMN35718296	NA	leaf	7 days	Xiaomi	leaf_at_7DAA_2	NA	cultivar:xiaomi32;dev_stage:7DAA;collection_date:2022-07;geo_loc_name:China:Anyang;tissue:leaf
PRJNA982974	SRR24901507	SAMN35718295	NA	leaf	7 days	Xiaomi	leaf_at_7DAA_1	NA	cultivar:xiaomi31;dev_stage:7DAA;collection_date:2022-07;geo_loc_name:China:Anyang;tissue:leaf
PRJNA982974	SRR24901508	SAMN35718268	NA	stem	14 days	Xiaomi	stem_at_14DAA_1	NA	cultivar:xiaomi4;dev_stage:14DAA;collection_date:2022-07;geo_loc_name:China:Anyang;tissue:stem
PRJNA982974	SRR24901509	SAMN35718294	NA	seed	35 days	Xiaomi	grain_at_35DAA_3	NA	cultivar:xiaomi30;dev_stage:35DAA;collection_date:2022-08;geo_loc_name:China:Anyang;tissue:grain
PRJNA982974	SRR24901510	SAMN35718293	NA	seed	35 days	Xiaomi	grain_at_35DAA_2	NA	cultivar:xiaomi29;dev_stage:35DAA;collection_date:2022-08;geo_loc_name:China:Anyang;tissue:grain
PRJNA982974	SRR24901511	SAMN35718292	NA	seed	35 days	Xiaomi	grain_at_35DAA_1	NA	cultivar:xiaomi28;dev_stage:35DAA;collection_date:2022-08;geo_loc_name:China:Anyang;tissue:grain
PRJNA982974	SRR24901512	SAMN35718291	NA	seed	28 days	Xiaomi	grain_at_28DAA_3	NA	cultivar:xiaomi27;dev_stage:28DAA;collection_date:2022-08;geo_loc_name:China:Anyang;tissue:grain
PRJNA982974	SRR24901513	SAMN35718290	NA	seed	28 days	Xiaomi	grain_at_28DAA_2	NA	cultivar:xiaomi26;dev_stage:28DAA;collection_date:2022-08;geo_loc_name:China:Anyang;tissue:grain
PRJNA982974	SRR24901514	SAMN35718289	NA	seed	28 days	Xiaomi	grain_at_28DAA_1	NA	cultivar:xiaomi25;dev_stage:28DAA;collection_date:2022-08;geo_loc_name:China:Anyang;tissue:grain
PRJNA982974	SRR24901515	SAMN35718288	NA	seed	21 days	Xiaomi	grain_at_21DAA_3	NA	cultivar:xiaomi24;dev_stage:21DAA;collection_date:2022-07;geo_loc_name:China:Anyang;tissue:grain
PRJNA982974	SRR24901516	SAMN35718287	NA	seed	21 days	Xiaomi	grain_at_21DAA_2	NA	cultivar:xiaomi23;dev_stage:21DAA;collection_date:2022-07;geo_loc_name:China:Anyang;tissue:grain
PRJNA982974	SRR24901517	SAMN35718286	NA	seed	21 days	Xiaomi	grain_at_21DAA_1	NA	cultivar:xiaomi22;dev_stage:21DAA;collection_date:2022-07;geo_loc_name:China:Anyang;tissue:grain
PRJNA982974	SRR24901518	SAMN35718285	NA	seed	14 days	Xiaomi	grain_at_14DAA_3	NA	cultivar:xiaomi21;dev_stage:14DAA;collection_date:2022-07;geo_loc_name:China:Anyang;tissue:grain
PRJNA982974	SRR24901519	SAMN35718267	NA	stem	7 days	Xiaomi	stem_at_7DAA_3	NA	cultivar:xiaomi3;dev_stage:7DAA;collection_date:2022-07;geo_loc_name:China:Anyang;tissue:stem
PRJNA982974	SRR24901520	SAMN35718284	NA	seed	14 days	Xiaomi	grain_at_14DAA_2	NA	cultivar:xiaomi20;dev_stage:14DAA;collection_date:2022-07;geo_loc_name:China:Anyang;tissue:grain
PRJNA982974	SRR24901521	SAMN35718283	NA	seed	14 days	Xiaomi	grain_at_14DAA_1	NA	cultivar:xiaomi19;dev_stage:14DAA;collection_date:2022-07;geo_loc_name:China:Anyang;tissue:grain
PRJNA982974	SRR24901522	SAMN35718282	NA	seed	7 days	Xiaomi	grain_at_7DAA_3	NA	cultivar:xiaomi18;dev_stage:7DAA;collection_date:2022-07;geo_loc_name:China:Anyang;tissue:grain
PRJNA982974	SRR24901523	SAMN35718281	NA	seed	7 days	Xiaomi	grain_at_7DAA_2	NA	cultivar:xiaomi17;dev_stage:7DAA;collection_date:2022-07;geo_loc_name:China:Anyang;tissue:grain
PRJNA982974	SRR24901524	SAMN35718280	NA	seed	7 days	Xiaomi	grain_at_7DAA_1	NA	cultivar:xiaomi16;dev_stage:7DAA;collection_date:2022-07;geo_loc_name:China:Anyang;tissue:grain
PRJNA982974	SRR24901525	SAMN35718279	NA	stem	35 days	Xiaomi	stem_at_35DAA_3	NA	cultivar:xiaomi15;dev_stage:35DAA;collection_date:2022-08;geo_loc_name:China:Anyang;tissue:stem
PRJNA982974	SRR24901526	SAMN35718278	NA	stem	35 days	Xiaomi	stem_at_35DAA_2	NA	cultivar:xiaomi14;dev_stage:35DAA;collection_date:2022-08;geo_loc_name:China:Anyang;tissue:stem
PRJNA982974	SRR24901527	SAMN35718277	NA	stem	35 days	Xiaomi	stem_at_35DAA_1	NA	cultivar:xiaomi13;dev_stage:35DAA;collection_date:2022-08;geo_loc_name:China:Anyang;tissue:stem
PRJNA982974	SRR24901528	SAMN35718276	NA	stem	28 days	Xiaomi	stem_at_28DAA_3	NA	cultivar:xiaomi12;dev_stage:28DAA;collection_date:2022-08;geo_loc_name:China:Anyang;tissue:stem
PRJNA982974	SRR24901529	SAMN35718275	NA	stem	28 days	Xiaomi	stem_at_28DAA_2	NA	cultivar:xiaomi11;dev_stage:28DAA;collection_date:2022-08;geo_loc_name:China:Anyang;tissue:stem
PRJNA982974	SRR24901530	SAMN35718266	NA	stem	7 days	Xiaomi	stem_at_7DAA_2	NA	cultivar:xiaomi2;dev_stage:7DAA;collection_date:2022-07;geo_loc_name:China:Anyang;tissue:stem
PRJNA982974	SRR24901531	SAMN35718265	NA	stem	7 days	Xiaomi	stem_at_7DAA_1	NA	cultivar:xiaomi1;dev_stage:7DAA;collection_date:2022-07;geo_loc_name:China:Anyang;tissue:stem
PRJNA994700	SRR25379180	SAMN36448975	NA	leaf	seedling stage	Changnong35	WT-30a	(10/14_h_light/dark)_at_a_light/dark_temperature_of_30/28C	isolate:Grow_in_an_illuminating_incubator_at_the_temperature_of_L30/D28;cultivar:Changnong_35;ecotype:Mid_to_late_maturity_in_spring_sowing;age:seedlings_growing_to_two_leaves;dev_stage:Seedling;collection_date:2023-03-27;geo_loc_name:China:Changzhi;tissue:Leaves;temp:(10/14_h_light/dark)_at_a_light/dark_temperature_of_30/28C;replicate:replicate_=biological_replicate_1
PRJNA994700	SRR25379181	SAMN36448974	NA	leaf	seedling stage	Overexpress transgenic plants of SiWSL1	OE-20c	(10/14_h_light/dark)_at_a_light/dark_temperature_of_20/18C	isolate:Grow_in_an_illuminating_incubator_at_the_temperature_of_L20/D18;cultivar:Overexpress_transgenic_plants_of_SiWSL1;ecotype:Overexpress_transgenic_lines;age:seedlings_growing_to_two_leaves;dev_stage:Seedling;collection_date:2023-03-10;geo_loc_name:China:Changzhi;tissue:Leaves;temp:(10/14_h_light/dark)_at_a_light/dark_temperature_of_20/18C;replicate:replicate_=biological_replicate_3
PRJNA994700	SRR25379182	SAMN36448973	NA	leaf	seedling stage	Overexpress transgenic plants of SiWSL1	OE-20b	(10/14_h_light/dark)_at_a_light/dark_temperature_of_20/18C	isolate:Grow_in_an_illuminating_incubator_at_the_temperature_of_L20/D18;cultivar:Overexpress_transgenic_plants_of_SiWSL1;ecotype:Overexpress_transgenic_lines;age:seedlings_growing_to_two_leaves;dev_stage:Seedling;collection_date:2023-03-10;geo_loc_name:China:Changzhi;tissue:Leaves;temp:(10/14_h_light/dark)_at_a_light/dark_temperature_of_20/18C;replicate:replicate_=biological_replicate_2
PRJNA994700	SRR25379183	SAMN36448972	NA	leaf	seedling stage	Overexpress transgenic plants of SiWSL1	OE-20a	(10/14_h_light/dark)_at_a_light/dark_temperature_of_20/18C	isolate:Grow_in_an_illuminating_incubator_at_the_temperature_of_L20/D18;cultivar:Overexpress_transgenic_plants_of_SiWSL1;ecotype:Overexpress_transgenic_lines;age:seedlings_growing_to_two_leaves;dev_stage:Seedling;collection_date:2023-03-10;geo_loc_name:China:Changzhi;tissue:Leaves;temp:(10/14_h_light/dark)_at_a_light/dark_temperature_of_20/18C;replicate:replicate_=biological_replicate_1
PRJNA994700	SRR25379184	SAMN36448971	NA	leaf	seedling stage	wsl1	wsl1-20c	(10/14_h_light/dark)_at_a_light/dark_temperature_of_20/18C	isolate:Grow_in_an_illuminating_incubator_at_the_temperature_of_L20/D18;cultivar:wsl1;ecotype:mutant_of_Changnogn35;age:seedlings_growing_to_two_leaves;dev_stage:Seedling;collection_date:2023-03-10;geo_loc_name:China:Changzhi;tissue:Leaves;temp:(10/14_h_light/dark)_at_a_light/dark_temperature_of_20/18C;replicate:replicate_=biological_replicate_3
PRJNA994700	SRR25379185	SAMN36448970	NA	leaf	seedling stage	wsl1	wsl1-20b	(10/14_h_light/dark)_at_a_light/dark_temperature_of_20/18C	isolate:Grow_in_an_illuminating_incubator_at_the_temperature_of_L20/D18;cultivar:wsl1;ecotype:mutant_of_Changnogn35;age:seedlings_growing_to_two_leaves;dev_stage:Seedling;collection_date:2023-03-10;geo_loc_name:China:Changzhi;tissue:Leaves;temp:(10/14_h_light/dark)_at_a_light/dark_temperature_of_20/18C;replicate:replicate_=biological_replicate_2
PRJNA994700	SRR25379186	SAMN36448969	NA	leaf	seedling stage	wsl1	wsl1-20a	(10/14_h_light/dark)_at_a_light/dark_temperature_of_20/18C	isolate:Grow_in_an_illuminating_incubator_at_the_temperature_of_L20/D18;cultivar:wsl1;ecotype:mutant_of_Changnogn35;age:seedlings_growing_to_two_leaves;dev_stage:Seedling;collection_date:2023-03-10;geo_loc_name:China:Changzhi;tissue:Leaves;temp:(10/14_h_light/dark)_at_a_light/dark_temperature_of_20/18C;replicate:replicate_=biological_replicate_1
PRJNA994700	SRR25379187	SAMN36448968	NA	leaf	seedling stage	Changnong35	WT-20c	(10/14_h_light/dark)_at_a_light/dark_temperature_of_20/18C	isolate:Grow_in_an_illuminating_incubator_at_the_temperature_of_L20/D18;cultivar:Changnong_35;ecotype:Mid_to_late_maturity_in_spring_sowing;age:seedlings_growing_to_two_leaves;dev_stage:Seedling;collection_date:2023-03-10;geo_loc_name:China:Changzhi;tissue:Leaves;temp:(10/14_h_light/dark)_at_a_light/dark_temperature_of_20/18C;replicate:replicate_=biological_replicate_3
PRJNA994700	SRR25379188	SAMN36448983	NA	leaf	seedling stage	Overexpress transgenic plants of SiWSL1	OE-30c	(10/14_h_light/dark)_at_a_light/dark_temperature_of_30/28C	isolate:Grow_in_an_illuminating_incubator_at_the_temperature_of_L30/D28;cultivar:Overexpress_transgenic_plants_of_SiWSL1;ecotype:Overexpress_transgenic_lines;age:seedlings_growing_to_two_leaves;dev_stage:Seedling;collection_date:2023-03-27;geo_loc_name:China:Changzhi;tissue:Leaves;temp:(10/14_h_light/dark)_at_a_light/dark_temperature_of_30/28C;replicate:replicate_=biological_replicate_3
PRJNA994700	SRR25379189	SAMN36448982	NA	leaf	seedling stage	Overexpress transgenic plants of SiWSL1	OE-30b	(10/14_h_light/dark)_at_a_light/dark_temperature_of_30/28C	isolate:Grow_in_an_illuminating_incubator_at_the_temperature_of_L30/D28;cultivar:Overexpress_transgenic_plants_of_SiWSL1;ecotype:Overexpress_transgenic_lines;age:seedlings_growing_to_two_leaves;dev_stage:Seedling;collection_date:2023-03-27;geo_loc_name:China:Changzhi;tissue:Leaves;temp:(10/14_h_light/dark)_at_a_light/dark_temperature_of_30/28C;replicate:replicate_=biological_replicate_2
PRJNA994700	SRR25379190	SAMN36448981	NA	leaf	seedling stage	Overexpress transgenic plants of SiWSL1	OE-30a	(10/14_h_light/dark)_at_a_light/dark_temperature_of_30/28C	isolate:Grow_in_an_illuminating_incubator_at_the_temperature_of_L30/D28;cultivar:Overexpress_transgenic_plants_of_SiWSL1;ecotype:Overexpress_transgenic_lines;age:seedlings_growing_to_two_leaves;dev_stage:Seedling;collection_date:2023-03-27;geo_loc_name:China:Changzhi;tissue:Leaves;temp:(10/14_h_light/dark)_at_a_light/dark_temperature_of_30/28C;replicate:replicate_=biological_replicate_1
PRJNA994700	SRR25379191	SAMN36448980	NA	leaf	seedling stage	wsl1	wsl1-30c	(10/14_h_light/dark)_at_a_light/dark_temperature_of_30/28C	isolate:Grow_in_an_illuminating_incubator_at_the_temperature_of_L30/D28;cultivar:wsl1;ecotype:mutant_of_Changnogn35;age:seedlings_growing_to_two_leaves;dev_stage:Seedling;collection_date:2023-03-27;geo_loc_name:China:Changzhi;tissue:Leaves;temp:(10/14_h_light/dark)_at_a_light/dark_temperature_of_30/28C;replicate:replicate_=biological_replicate_3
PRJNA994700	SRR25379192	SAMN36448979	NA	leaf	seedling stage	wsl1	wsl1-30b	(10/14_h_light/dark)_at_a_light/dark_temperature_of_30/28C	isolate:Grow_in_an_illuminating_incubator_at_the_temperature_of_L30/D28;cultivar:wsl1;ecotype:mutant_of_Changnogn35;age:seedlings_growing_to_two_leaves;dev_stage:Seedling;collection_date:2023-03-27;geo_loc_name:China:Changzhi;tissue:Leaves;temp:(10/14_h_light/dark)_at_a_light/dark_temperature_of_30/28C;replicate:replicate_=biological_replicate_2
PRJNA994700	SRR25379193	SAMN36448978	NA	leaf	seedling stage	wsl1	wsl1-30a	(10/14_h_light/dark)_at_a_light/dark_temperature_of_30/28C	isolate:Grow_in_an_illuminating_incubator_at_the_temperature_of_L30/D28;cultivar:wsl1;ecotype:mutant_of_Changnogn35;age:seedlings_growing_to_two_leaves;dev_stage:Seedling;collection_date:2023-03-27;geo_loc_name:China:Changzhi;tissue:Leaves;temp:(10/14_h_light/dark)_at_a_light/dark_temperature_of_30/28C;replicate:replicate_=biological_replicate_1
PRJNA994700	SRR25379194	SAMN36448977	NA	leaf	seedling stage	Changnong35	WT-30c	(10/14_h_light/dark)_at_a_light/dark_temperature_of_30/28C	isolate:Grow_in_an_illuminating_incubator_at_the_temperature_of_L30/D28;cultivar:Changnong_35;ecotype:Mid_to_late_maturity_in_spring_sowing;age:seedlings_growing_to_two_leaves;dev_stage:Seedling;collection_date:2023-03-27;geo_loc_name:China:Changzhi;tissue:Leaves;temp:(10/14_h_light/dark)_at_a_light/dark_temperature_of_30/28C;replicate:replicate_=biological_replicate_3
PRJNA994700	SRR25379195	SAMN36448976	NA	leaf	seedling stage	Changnong35	WT-30b	(10/14_h_light/dark)_at_a_light/dark_temperature_of_30/28C	isolate:Grow_in_an_illuminating_incubator_at_the_temperature_of_L30/D28;cultivar:Changnong_35;ecotype:Mid_to_late_maturity_in_spring_sowing;age:seedlings_growing_to_two_leaves;dev_stage:Seedling;collection_date:2023-03-27;geo_loc_name:China:Changzhi;tissue:Leaves;temp:(10/14_h_light/dark)_at_a_light/dark_temperature_of_30/28C;replicate:replicate_=biological_replicate_2
PRJNA994700	SRR25379196	SAMN36448967	NA	leaf	seedling stage	Changnong35	WT-20b	(10/14_h_light/dark)_at_a_light/dark_temperature_of_20/18C	isolate:Grow_in_an_illuminating_incubator_at_the_temperature_of_L20/D18;cultivar:Changnong_35;ecotype:Mid_to_late_maturity_in_spring_sowing;age:seedlings_growing_to_two_leaves;dev_stage:Seedling;collection_date:2023-03-10;geo_loc_name:China:Changzhi;tissue:Leaves;temp:(10/14_h_light/dark)_at_a_light/dark_temperature_of_20/18C;replicate:replicate_=biological_replicate_2
PRJNA994700	SRR25379197	SAMN36448966	NA	leaf	seedling stage	Changnong35	WT-20a	(10/14_h_light/dark)_at_a_light/dark_temperature_of_20/18C	isolate:Grow_in_an_illuminating_incubator_at_the_temperature_of_L20/D18;cultivar:Changnong_35;ecotype:Mid_to_late_maturity_in_spring_sowing;age:seedlings_growing_to_two_leaves;dev_stage:Seedling;collection_date:2023-03-10;geo_loc_name:China:Changzhi;tissue:Leaves;temp:(10/14_h_light/dark)_at_a_light/dark_temperature_of_20/18C;replicate:replicate_=biological_replicate_1
PRJNA1029603	SRR26422099	SAMN37874958	NA	seedling	NA	NA	KO-3-2-Drought	NA	isolate:KO-3_Drought_biological_replicate_2;age:12_days;collection_date:not_collected;geo_loc_name:China;tissue:Seedlings
PRJNA1029603	SRR26422100	SAMN37874957	NA	seedling	NA	NA	KO-3-1-Drought	NA	isolate:KO-3_Drought_biological_replicate_1;age:12_days;collection_date:not_collected;geo_loc_name:China;tissue:Seedlings
PRJNA1029603	SRR26422101	SAMN37874956	NA	seedling	NA	NA	KO-3-2-CK	NA	isolate:KO-3_CK_biological_replicate_2;age:12_days;collection_date:not_collected;geo_loc_name:China;tissue:Seedlings
PRJNA1029603	SRR26422102	SAMN37874955	NA	seedling	NA	NA	KO-3-1-CK	NA	isolate:KO-3_CK_biological_replicate_1;age:12_days;collection_date:not_collected;geo_loc_name:China;tissue:Seedlings
PRJNA1029603	SRR26422103	SAMN37874954	NA	seedling	NA	NA	Ci846-2-Drought	NA	isolate:Ci846_Drought_biological_replicate_2;age:12_days;collection_date:not_collected;geo_loc_name:China;tissue:Seedlings
PRJNA1029603	SRR26422104	SAMN37874953	NA	seedling	NA	NA	Ci846-1-Drought	NA	isolate:Ci846_Drought_biological_replicate_1;age:12_days;collection_date:not_collected;geo_loc_name:China;tissue:Seedlings
PRJNA1029603	SRR26422105	SAMN37874952	NA	seedling	NA	NA	Ci846-2-CK	NA	isolate:Ci846_CK_biological_replicate_2;age:12_days;collection_date:not_collected;geo_loc_name:China;tissue:Seedlings
PRJNA1029603	SRR26422106	SAMN37874951	NA	seedling	NA	NA	Ci846-1-CK	NA	isolate:Ci846_CK_biological_replicate_1;age:12_days;collection_date:not_collected;geo_loc_name:China;tissue:Seedlings
PRJNA1040479	SRR26832471	SAMN38260186	NA	panicle	maturing stage	NA	G4_wt-3	NA	isolate:The_third_wild_type_sample;dev_stage:mature_stage;collection_date:2022-10-14;geo_loc_name:China:Beijing;tissue:panicle;lat_lon:40_N_116.005_E;phenotype:wild_type
PRJNA1040479	SRR26832472	SAMN38260185	NA	panicle	maturing stage	NA	G4_wt-2	NA	isolate:The_second_wild_type_sample;dev_stage:mature_stage;collection_date:2022-10-14;geo_loc_name:China:Beijing;tissue:panicle;lat_lon:40_N_116.004_E;phenotype:wild_type
PRJNA1040479	SRR26832473	SAMN38260184	NA	panicle	maturing stage	NA	G4_wt-1	NA	isolate:The_first_wild_type_sample;dev_stage:mature_stage;collection_date:2022-10-14;geo_loc_name:China:Beijing;tissue:panicle;lat_lon:40_N_116.003_E;phenotype:wild_type
PRJNA1040479	SRR26832474	SAMN38260183	NA	panicle	maturing stage	NA	G4_mut_3	NA	isolate:The_third_mutant_sample;dev_stage:mature_stage;collection_date:2022-10-14;geo_loc_name:China:Beijing;tissue:panicle;lat_lon:40_N_116.002_E;phenotype:no_grain
PRJNA1040479	SRR26832475	SAMN38260182	NA	panicle	maturing stage	NA	G4_mut_2	NA	isolate:The_second_mutant_sample;dev_stage:mature_stage;collection_date:2022-10-14;geo_loc_name:China:Beijing;tissue:panicle;lat_lon:40_N_116.001_E;phenotype:no_grain
PRJNA1040479	SRR26832476	SAMN38260181	NA	panicle	maturing stage	NA	G4_mut_1	NA	isolate:The_first_mutant_sample;dev_stage:mature_stage;collection_date:2022-10-14;geo_loc_name:China:Beijing;tissue:panicle;lat_lon:40_N_116_E;phenotype:no_grain
PRJNA1051663	SRR27190492	SAMN38792751	NA	spike	heading stage	NA	Se5_1	NA	isolate:not_collected;cultivar:not_collected;ecotype:not_collected;dev_stage:Heading_period;collection_date:not_collected;geo_loc_name:not_collected;tissue:spike;figure:10
PRJNA1051663	SRR27190493	SAMN38792750	NA	spike	heading stage	NA	CK5_3	NA	isolate:not_collected;cultivar:not_collected;ecotype:not_collected;dev_stage:Heading_period;collection_date:not_collected;geo_loc_name:not_collected;tissue:spike;figure:9
PRJNA1051663	SRR27190494	SAMN38792749	NA	spike	heading stage	NA	CK5_2	NA	isolate:not_collected;cultivar:not_collected;ecotype:not_collected;dev_stage:Heading_period;collection_date:not_collected;geo_loc_name:not_collected;tissue:spike;figure:8
PRJNA1051663	SRR27190495	SAMN38792748	NA	spike	heading stage	NA	CK5_1	NA	isolate:not_collected;cultivar:not_collected;ecotype:not_collected;dev_stage:Heading_period;collection_date:not_collected;geo_loc_name:not_collected;tissue:spike;figure:7
PRJNA1051663	SRR27190496	SAMN38792747	NA	spike	heading stage	NA	Se3_3	NA	isolate:not_collected;cultivar:not_collected;ecotype:not_collected;dev_stage:Heading_period;collection_date:not_collected;geo_loc_name:not_collected;tissue:spike;figure:6
PRJNA1051663	SRR27190497	SAMN38792746	NA	spike	heading stage	NA	Se3_2	NA	isolate:not_collected;cultivar:not_collected;ecotype:not_collected;dev_stage:Heading_period;collection_date:not_collected;geo_loc_name:not_collected;tissue:spike;figure:5
PRJNA1051663	SRR27190498	SAMN38792745	NA	spike	heading stage	NA	Se3_1	NA	isolate:not_collected;cultivar:not_collected;ecotype:not_collected;dev_stage:Heading_period;collection_date:not_collected;geo_loc_name:not_collected;tissue:spike;figure:4
PRJNA1051663	SRR27190499	SAMN38792765	NA	spike	heading stage	NA	Se12_3	NA	isolate:not_collected;cultivar:not_collected;ecotype:not_collected;dev_stage:Heading_period;collection_date:not_collected;geo_loc_name:not_collected;tissue:spike;figure:24
PRJNA1051663	SRR27190500	SAMN38792764	NA	spike	heading stage	NA	Se12_2	NA	isolate:not_collected;cultivar:not_collected;ecotype:not_collected;dev_stage:Heading_period;collection_date:not_collected;geo_loc_name:not_collected;tissue:spike;figure:23
PRJNA1051663	SRR27190501	SAMN38792763	NA	spike	heading stage	NA	Se12_1	NA	isolate:not_collected;cultivar:not_collected;ecotype:not_collected;dev_stage:Heading_period;collection_date:not_collected;geo_loc_name:not_collected;tissue:spike;figure:22
PRJNA1051663	SRR27190502	SAMN38792762	NA	spike	heading stage	NA	CK12_3	NA	isolate:not_collected;cultivar:not_collected;ecotype:not_collected;dev_stage:Heading_period;collection_date:not_collected;geo_loc_name:not_collected;tissue:spike;figure:21
PRJNA1051663	SRR27190503	SAMN38792744	NA	spike	heading stage	NA	CK3_3	NA	isolate:not_collected;cultivar:not_collected;ecotype:not_collected;dev_stage:Heading_period;collection_date:not_collected;geo_loc_name:not_collected;tissue:spike;figure:3
PRJNA1051663	SRR27190504	SAMN38792761	NA	spike	heading stage	NA	CK12_2	NA	isolate:not_collected;cultivar:not_collected;ecotype:not_collected;dev_stage:Heading_period;collection_date:not_collected;geo_loc_name:not_collected;tissue:spike;figure:20
PRJNA1051663	SRR27190505	SAMN38792760	NA	spike	heading stage	NA	CK12_1	NA	isolate:not_collected;cultivar:not_collected;ecotype:not_collected;dev_stage:Heading_period;collection_date:not_collected;geo_loc_name:not_collected;tissue:spike;figure:19
PRJNA1051663	SRR27190506	SAMN38792759	NA	spike	heading stage	NA	Se7_3	NA	isolate:not_collected;cultivar:not_collected;ecotype:not_collected;dev_stage:Heading_period;collection_date:not_collected;geo_loc_name:not_collected;tissue:spike;figure:18
PRJNA1051663	SRR27190507	SAMN38792758	NA	spike	heading stage	NA	Se7_2	NA	isolate:not_collected;cultivar:not_collected;ecotype:not_collected;dev_stage:Heading_period;collection_date:not_collected;geo_loc_name:not_collected;tissue:spike;figure:17
PRJNA1051663	SRR27190508	SAMN38792757	NA	spike	heading stage	NA	Se7_1	NA	isolate:not_collected;cultivar:not_collected;ecotype:not_collected;dev_stage:Heading_period;collection_date:not_collected;geo_loc_name:not_collected;tissue:spike;figure:16
PRJNA1051663	SRR27190509	SAMN38792756	NA	spike	heading stage	NA	CK7_3	NA	isolate:not_collected;cultivar:not_collected;ecotype:not_collected;dev_stage:Heading_period;collection_date:not_collected;geo_loc_name:not_collected;tissue:spike;figure:15
PRJNA1051663	SRR27190510	SAMN38792755	NA	spike	heading stage	NA	CK7_2	NA	isolate:not_collected;cultivar:not_collected;ecotype:not_collected;dev_stage:Heading_period;collection_date:not_collected;geo_loc_name:not_collected;tissue:spike;figure:14
PRJNA1051663	SRR27190511	SAMN38792754	NA	spike	heading stage	NA	CK7_1	NA	isolate:not_collected;cultivar:not_collected;ecotype:not_collected;dev_stage:Heading_period;collection_date:not_collected;geo_loc_name:not_collected;tissue:spike;figure:13
PRJNA1051663	SRR27190512	SAMN38792753	NA	spike	heading stage	NA	Se5_3	NA	isolate:not_collected;cultivar:not_collected;ecotype:not_collected;dev_stage:Heading_period;collection_date:not_collected;geo_loc_name:not_collected;tissue:spike;figure:12
PRJNA1051663	SRR27190513	SAMN38792752	NA	spike	heading stage	NA	Se5_2	NA	isolate:not_collected;cultivar:not_collected;ecotype:not_collected;dev_stage:Heading_period;collection_date:not_collected;geo_loc_name:not_collected;tissue:spike;figure:11
PRJNA1051663	SRR27190514	SAMN38792743	NA	spike	heading stage	NA	CK3_2	NA	isolate:not_collected;cultivar:not_collected;ecotype:not_collected;dev_stage:Heading_period;collection_date:not_collected;geo_loc_name:not_collected;tissue:spike;figure:2
PRJNA1051663	SRR27190515	SAMN38792742	NA	spike	heading stage	NA	CK3_1	NA	isolate:not_collected;cultivar:not_collected;ecotype:not_collected;dev_stage:Heading_period;collection_date:not_collected;geo_loc_name:not_collected;tissue:spike;figure:1
PRJNA1052939	SRR27214500	SAMN38845374	NA	root	seedling stage	Yugu28	28-NK-R-3	NA	isolate:root;cultivar:Yugu28;ecotype:not_collected;age:not_collected;dev_stage:seedling;collection_date:2022-08-15;geo_loc_name:China;tissue:root;replicate:replicate_=_biological_replicate_5
PRJNA1052939	SRR27214501	SAMN38845373	NA	root	seedling stage	Yugu28	28-NK-R-2	NA	isolate:root;cultivar:Yugu28;ecotype:not_collected;age:not_collected;dev_stage:seedling;collection_date:2022-08-15;geo_loc_name:China;tissue:root;replicate:replicate_=_biological_replicate_4
PRJNA1052939	SRR27214502	SAMN38845372	NA	root	seedling stage	Yugu28	28-NK-R-1	NA	isolate:root;cultivar:Yugu28;ecotype:not_collected;age:not_collected;dev_stage:seedling;collection_date:2022-08-15;geo_loc_name:China;tissue:root;replicate:replicate_=_biological_replicate_3
PRJNA1052939	SRR27214503	SAMN38845371	NA	root	seedling stage	Yugu28	28-LK-R-3	NA	isolate:root;cultivar:Yugu28;ecotype:not_collected;age:not_collected;dev_stage:seedling;collection_date:2022-08-15;geo_loc_name:China;tissue:root;replicate:replicate_=_biological_replicate_2
PRJNA1052939	SRR27214504	SAMN38845370	NA	root	seedling stage	Yugu28	28-LK-R-1	NA	isolate:root;cultivar:Yugu28;ecotype:not_collected;age:not_collected;dev_stage:seedling;collection_date:2022-08-15;geo_loc_name:China;tissue:root;replicate:replicate_=_biological_replicate_1
PRJNA1064025	SRR27544907	SAMN39415159	NA	leaf	maturing stage	Farming variety	T24-1	NA	cultivar:Farming_variety;dev_stage:maturation_stage;collection_date:2017-11-23;geo_loc_name:China:Taigu;tissue:leaf;replicate:Leaf_damage_24h_biological_duplication_1
PRJNA1064025	SRR27544908	SAMN39415158	NA	leaf	maturing stage	Farming variety	T18-3	NA	cultivar:Farming_variety;dev_stage:maturation_stage;collection_date:2017-11-23;geo_loc_name:China:Taigu;tissue:leaf;replicate:Leaf_damage_18h_biological_duplication_3
PRJNA1064025	SRR27544909	SAMN39415157	NA	leaf	maturing stage	Farming variety	T18-2	NA	cultivar:Farming_variety;dev_stage:maturation_stage;collection_date:2017-11-23;geo_loc_name:China:Taigu;tissue:leaf;replicate:Leaf_damage_18h_biological_duplication_2
PRJNA1064025	SRR27544910	SAMN39415156	NA	leaf	maturing stage	Farming variety	T18-1	NA	cultivar:Farming_variety;dev_stage:maturation_stage;collection_date:2017-11-23;geo_loc_name:China:Taigu;tissue:leaf;replicate:Leaf_damage_18h_biological_duplication_1
PRJNA1064025	SRR27544911	SAMN39415155	NA	leaf	maturing stage	Farming variety	T12-3	NA	cultivar:Farming_variety;dev_stage:maturation_stage;collection_date:2017-11-23;geo_loc_name:China:Taigu;tissue:leaf;replicate:Leaf_damage_12h_biological_duplication_3
PRJNA1064025	SRR27544912	SAMN39415154	NA	leaf	maturing stage	Farming variety	T12-2	NA	cultivar:Farming_variety;dev_stage:maturation_stage;collection_date:2017-11-23;geo_loc_name:China:Taigu;tissue:leaf;replicate:Leaf_damage_12h_biological_duplication_2
PRJNA1064025	SRR27544913	SAMN39415153	NA	leaf	maturing stage	Farming variety	T12-1	NA	cultivar:Farming_variety;dev_stage:maturation_stage;collection_date:2017-11-23;geo_loc_name:China:Taigu;tissue:leaf;replicate:Leaf_damage_12h_biological_duplication_1
PRJNA1064025	SRR27544914	SAMN39415152	NA	leaf	maturing stage	Farming variety	T0-3	NA	cultivar:Farming_variety;dev_stage:maturation_stage;collection_date:2017-11-23;geo_loc_name:China:Taigu;tissue:leaf;replicate:Leaf_damage_0h_biological_duplication_3
PRJNA1064025	SRR27544915	SAMN39415167	NA	leaf	maturing stage	Farming variety	T42-3	NA	cultivar:Farming_variety;dev_stage:maturation_stage;collection_date:2017-11-23;geo_loc_name:China:Taigu;tissue:leaf;replicate:Leaf_damage_42h_biological_duplication_3
PRJNA1064025	SRR27544916	SAMN39415166	NA	leaf	maturing stage	Farming variety	T42-2	NA	cultivar:Farming_variety;dev_stage:maturation_stage;collection_date:2017-11-23;geo_loc_name:China:Taigu;tissue:leaf;replicate:Leaf_damage_42h_biological_duplication_2
PRJNA1064025	SRR27544917	SAMN39415165	NA	leaf	maturing stage	Farming variety	T42-1	NA	cultivar:Farming_variety;dev_stage:maturation_stage;collection_date:2017-11-23;geo_loc_name:China:Taigu;tissue:leaf;replicate:Leaf_damage_42h_biological_duplication_1
PRJNA1064025	SRR27544918	SAMN39415164	NA	leaf	maturing stage	Farming variety	T36-3	NA	cultivar:Farming_variety;dev_stage:maturation_stage;collection_date:2017-11-23;geo_loc_name:China:Taigu;tissue:leaf;replicate:Leaf_damage_36h_biological_duplication_3
PRJNA1064025	SRR27544919	SAMN39415163	NA	leaf	maturing stage	Farming variety	T36-2	NA	cultivar:Farming_variety;dev_stage:maturation_stage;collection_date:2017-11-23;geo_loc_name:China:Taigu;tissue:leaf;replicate:Leaf_damage_36h_biological_duplication_2
PRJNA1064025	SRR27544920	SAMN39415162	NA	leaf	maturing stage	Farming variety	T36-1	NA	cultivar:Farming_variety;dev_stage:maturation_stage;collection_date:2017-11-23;geo_loc_name:China:Taigu;tissue:leaf;replicate:Leaf_damage_36h_biological_duplication_1
PRJNA1064025	SRR27544921	SAMN39415161	NA	leaf	maturing stage	Farming variety	T24-3	NA	cultivar:Farming_variety;dev_stage:maturation_stage;collection_date:2017-11-23;geo_loc_name:China:Taigu;tissue:leaf;replicate:Leaf_damage_24h_biological_duplication_3
PRJNA1064025	SRR27544922	SAMN39415160	NA	leaf	maturing stage	Farming variety	T24-2	NA	cultivar:Farming_variety;dev_stage:maturation_stage;collection_date:2017-11-23;geo_loc_name:China:Taigu;tissue:leaf;replicate:Leaf_damage_24h_biological_duplication_2
PRJNA1064025	SRR27544923	SAMN39415151	NA	leaf	maturing stage	Farming variety	T0-2	NA	cultivar:Farming_variety;dev_stage:maturation_stage;collection_date:2017-11-23;geo_loc_name:China:Taigu;tissue:leaf;replicate:Leaf_damage_0h_biological_duplication_2
PRJNA1064025	SRR27544924	SAMN39415150	NA	leaf	maturing stage	Farming variety	T0-1	NA	cultivar:Farming_variety;dev_stage:maturation_stage;collection_date:2017-11-23;geo_loc_name:China:Taigu;tissue:leaf;replicate:Leaf_damage_0h_biological_duplication_1
PRJNA1066069	SRR27664705	SAMN39480304	NA	shoot	seedling stage	NA	0mM-NaCl	NA	isolate:not_applicable;cultivar:hydroponic_culture;ecotype:not_collected;age:10_days;dev_stage:Seedling_stage;collection_date:2023-06-23;geo_loc_name:China:Anqing_Anhui;tissue:shoot;biomaterial_provider:Anqing_Normal_University
PRJNA1066069	SRR27665392	SAMN39480304	NA	shoot	seedling stage	NA	0mM-NaCl	NA	isolate:not_applicable;cultivar:hydroponic_culture;ecotype:not_collected;age:10_days;dev_stage:Seedling_stage;collection_date:2023-06-23;geo_loc_name:China:Anqing_Anhui;tissue:shoot;biomaterial_provider:Anqing_Normal_University
PRJNA1066069	SRR27666508	SAMN39480304	NA	shoot	seedling stage	NA	0mM-NaCl	NA	isolate:not_applicable;cultivar:hydroponic_culture;ecotype:not_collected;age:10_days;dev_stage:Seedling_stage;collection_date:2023-06-23;geo_loc_name:China:Anqing_Anhui;tissue:shoot;biomaterial_provider:Anqing_Normal_University
PRJNA1066067	SRR27667429	SAMN39480383	NA	shoot	seedling stage	NA	100mM-NaCl	NA	isolate:not_applicable;cultivar:hydroponic_culture;ecotype:not_collected;age:10_days;dev_stage:Seedling_stage;collection_date:2023-06-23;geo_loc_name:China:Anqing_Anhui;tissue:shoot;biomaterial_provider:Anqing_Normal_University
PRJNA1066067	SRR27669899	SAMN39480383	NA	shoot	seedling stage	NA	100mM-NaCl	NA	isolate:not_applicable;cultivar:hydroponic_culture;ecotype:not_collected;age:10_days;dev_stage:Seedling_stage;collection_date:2023-06-23;geo_loc_name:China:Anqing_Anhui;tissue:shoot;biomaterial_provider:Anqing_Normal_University
PRJNA1066067	SRR27674295	SAMN39480383	NA	shoot	seedling stage	NA	100mM-NaCl	NA	isolate:not_applicable;cultivar:hydroponic_culture;ecotype:not_collected;age:10_days;dev_stage:Seedling_stage;collection_date:2023-06-23;geo_loc_name:China:Anqing_Anhui;tissue:shoot;biomaterial_provider:Anqing_Normal_University
PRJNA1066066	SRR27674344	SAMN39480384	NA	shoot	seedling stage	NA	200mM-NaCl	NA	isolate:not_applicable;cultivar:hydroponic_culture;ecotype:not_collected;age:10_days;dev_stage:Seedling_stage;collection_date:2023-06-23;geo_loc_name:China:Anqing_Anhui;tissue:shoot;biomaterial_provider:Anqing_Normal_University
PRJNA1066066	SRR27674701	SAMN39480384	NA	shoot	seedling stage	NA	200mM-NaCl	NA	isolate:not_applicable;cultivar:hydroponic_culture;ecotype:not_collected;age:10_days;dev_stage:Seedling_stage;collection_date:2023-06-23;geo_loc_name:China:Anqing_Anhui;tissue:shoot;biomaterial_provider:Anqing_Normal_University
PRJNA1066066	SRR27675000	SAMN39480384	NA	shoot	seedling stage	NA	200mM-NaCl	NA	isolate:not_applicable;cultivar:hydroponic_culture;ecotype:not_collected;age:10_days;dev_stage:Seedling_stage;collection_date:2023-06-23;geo_loc_name:China:Anqing_Anhui;tissue:shoot;biomaterial_provider:Anqing_Normal_University
PRJNA1074412	SRR27907410	SAMN39860194	NA	leaf	NA	NA	ZCJ45-1	NA	isolate:Control_treatment;ecotype:PoaceaeGramineae;age:20d;collection_date:2022-09-05;geo_loc_name:China;tissue:leaves;replicate:replicate_=_biologica_replicate_1
PRJNA1074412	SRR27907411	SAMN39860193	NA	leaf	NA	NA	ZCJ168-3	NA	isolate:Normal_plant;ecotype:PoaceaeGramineae;age:20d;collection_date:2022-09-10;geo_loc_name:China;tissue:leaves;replicate:replicate_=_biologica_replicate_3
PRJNA1074412	SRR27907412	SAMN39860192	NA	leaf	NA	NA	ZCJ168-2	NA	isolate:Normal_plant;ecotype:PoaceaeGramineae;age:20d;collection_date:2022-09-10;geo_loc_name:China;tissue:leaves;replicate:replicate_=_biologica_replicate_2
PRJNA1074412	SRR27907413	SAMN39860191	NA	leaf	NA	NA	ZCJ168-1	NA	isolate:Normal_plant;ecotype:PoaceaeGramineae;age:20d;collection_date:2022-09-10;geo_loc_name:China;tissue:leaves;replicate:replicate_=_biologica_replicate_1
PRJNA1074412	SRR27907414	SAMN39860190	NA	leaf	NA	NA	LHJ45-3	NA	isolate:water_logging_treatment;ecotype:PoaceaeGramineae;age:20d;collection_date:2022-09-05;geo_loc_name:China;tissue:leaves;replicate:replicate_=_biologica_replicate_3
PRJNA1074412	SRR27907415	SAMN39860189	NA	leaf	NA	NA	LHJ45-2	NA	isolate:water_logging_treatment;ecotype:PoaceaeGramineae;age:20d;collection_date:2022-09-05;geo_loc_name:China;tissue:leaves;replicate:replicate_=_biologica_replicate_2
PRJNA1074412	SRR27907416	SAMN39860188	NA	leaf	NA	NA	LHJ45-1	NA	isolate:water_logging_treatment;ecotype:PoaceaeGramineae;age:20d;collection_date:2022-09-05;geo_loc_name:China;tissue:leaves;replicate:replicate_=_biologica_replicate_1
PRJNA1074412	SRR27907417	SAMN39860187	NA	leaf	NA	NA	LHJ168-3	NA	isolate:waterlogging;ecotype:PoaceaeGramineae;age:20d;collection_date:2022-09-10;geo_loc_name:China;tissue:leaves;replicate:replicate_=_biologica_replicate_3
PRJNA1074412	SRR27907418	SAMN39860202	NA	leaf	NA	NA	ZDJ45-3	NA	isolate:Drought_treatment;ecotype:PoaceaeGramineae;age:20d;collection_date:2022-09-10;geo_loc_name:China;tissue:leaves;replicate:replicate_=_biologica_replicate_3
PRJNA1074412	SRR27907419	SAMN39860201	NA	leaf	NA	NA	ZDJ45-2	NA	isolate:Drought_treatment;ecotype:PoaceaeGramineae;age:20d;collection_date:2022-09-10;geo_loc_name:China;tissue:leaves;replicate:replicate_=_biologica_replicate_2
PRJNA1074412	SRR27907420	SAMN39860200	NA	leaf	NA	NA	ZDJ45-1	NA	isolate:Drought_treatment;ecotype:PoaceaeGramineae;age:20d;collection_date:2022-09-10;geo_loc_name:China;tissue:leaves;replicate:replicate_=_biologica_replicate_1
PRJNA1074412	SRR27907421	SAMN39860199	NA	leaf	NA	NA	ZDJ168-3	NA	isolate:Drought;ecotype:PoaceaeGramineae;age:20d;collection_date:2022-09-10;geo_loc_name:China;tissue:leaves;replicate:replicate_=_biologica_replicate_3
PRJNA1074412	SRR27907422	SAMN39860198	NA	leaf	NA	NA	ZDJ168-2	NA	isolate:Drought;ecotype:PoaceaeGramineae;age:20d;collection_date:2022-09-10;geo_loc_name:China;tissue:leaves;replicate:replicate_=_biologica_replicate_2
PRJNA1074412	SRR27907423	SAMN39860197	NA	leaf	NA	NA	ZDJ168-1	NA	isolate:Drought;ecotype:PoaceaeGramineae;age:20d;collection_date:2022-09-10;geo_loc_name:China;tissue:leaves;replicate:replicate_=_biologica_replicate_1
PRJNA1074412	SRR27907424	SAMN39860196	NA	leaf	NA	NA	ZCJ45-3	NA	isolate:Control_treatment;ecotype:PoaceaeGramineae;age:20d;collection_date:2022-09-05;geo_loc_name:China;tissue:leaves;replicate:replicate_=_biologica_replicate_3
PRJNA1074412	SRR27907425	SAMN39860195	NA	leaf	NA	NA	ZCJ45-2	NA	isolate:Control_treatment;ecotype:PoaceaeGramineae;age:20d;collection_date:2022-09-05;geo_loc_name:China;tissue:leaves;replicate:replicate_=_biologica_replicate_2
PRJNA1074412	SRR27907426	SAMN39860186	NA	leaf	NA	NA	LHJ168-2	NA	isolate:waterlogging;ecotype:PoaceaeGramineae;age:20d;collection_date:2022-09-10;geo_loc_name:China;tissue:leaves;replicate:replicate_=_biologica_replicate_2
PRJNA1074412	SRR27907427	SAMN39860185	NA	leaf	NA	NA	LHJ168-1	NA	isolate:waterlogging;ecotype:PoaceaeGramineae;age:20d;collection_date:2022-09-10;geo_loc_name:China;tissue:leaves;replicate:replicate_=_biologica_replicate_1
PRJNA1077864	SRR28004264	SAMN39982990	NA	leaf	seedling stage	B304	1_SS-dark	NA	isolate:seedling;cultivar:B304;ecotype:not_applicable;age:missing;dev_stage:seedling_stage;collection_date:2022-01-05;geo_loc_name:China;tissue:leaf;replicate:replicate=SS-dark_biological_replicate1
PRJNA1077864	SRR28004265	SAMN39982989	NA	leaf	seedling stage	B304	3_SS-light	NA	isolate:seedling;cultivar:B304;ecotype:not_applicable;age:missing;dev_stage:seedling_stage;collection_date:2022-01-05;geo_loc_name:China;tissue:leaf;replicate:replicate=SS-light_biological_replicate3
PRJNA1077864	SRR28004266	SAMN39982988	NA	leaf	seedling stage	B304	2_SS-light	NA	isolate:seedling;cultivar:B304;ecotype:not_applicable;age:missing;dev_stage:seedling_stage;collection_date:2022-01-05;geo_loc_name:China;tissue:leaf;replicate:replicate=SS-light_biological_replicate2
PRJNA1077864	SRR28004267	SAMN39982987	NA	leaf	seedling stage	B304	1_SS-light	NA	isolate:seedling;cultivar:B304;ecotype:not_applicable;age:missing;dev_stage:seedling_stage;collection_date:2022-01-05;geo_loc_name:China;tissue:leaf;replicate:replicate=SS-light_biological_replicate1
PRJNA1077864	SRR28004268	SAMN39982986	NA	leaf	seedling stage	B56	3_LS-dark	NA	isolate:seedling;cultivar:B56;ecotype:not_applicable;age:missing;dev_stage:seedling_stage;collection_date:2022-01-05;geo_loc_name:China;tissue:leaf;replicate:replicate=LS-dark_biological_replicate3
PRJNA1077864	SRR28004269	SAMN39982985	NA	leaf	seedling stage	B56	2_LS-dark	NA	isolate:seedling;cultivar:B56;ecotype:not_applicable;age:missing;dev_stage:seedling_stage;collection_date:2022-01-05;geo_loc_name:China;tissue:leaf;replicate:replicate=LS-dark_biological_replicate2
PRJNA1077864	SRR28004270	SAMN39982984	NA	leaf	seedling stage	B56	1_LS-dark	NA	isolate:seedling;cultivar:B56;ecotype:not_applicable;age:missing;dev_stage:seedling_stage;collection_date:2022-01-05;geo_loc_name:China;tissue:leaf;replicate:replicate=LS-dark_biological_replicate1
PRJNA1077864	SRR28004271	SAMN39982983	NA	leaf	seedling stage	B56	3_LS-light	NA	isolate:seedling;cultivar:B56;ecotype:not_applicable;age:missing;dev_stage:seedling_stage;collection_date:2022-01-05;geo_loc_name:China;tissue:leaf;replicate:replicate=LS-light_biological_replicate3
PRJNA1077864	SRR28004272	SAMN39982992	NA	leaf	seedling stage	B304	3_SS-dark	NA	isolate:seedling;cultivar:B304;ecotype:not_applicable;age:missing;dev_stage:seedling_stage;collection_date:2022-01-05;geo_loc_name:China;tissue:leaf;replicate:replicate=SS-dark_biological_replicate3
PRJNA1077864	SRR28004273	SAMN39982991	NA	leaf	seedling stage	B304	2_SS-dark	NA	isolate:seedling;cultivar:B304;ecotype:not_applicable;age:missing;dev_stage:seedling_stage;collection_date:2022-01-05;geo_loc_name:China;tissue:leaf;replicate:replicate=SS-dark_biological_replicate2
PRJNA1077864	SRR28004274	SAMN39982982	NA	leaf	seedling stage	B56	2_LS-light	NA	isolate:seedling;cultivar:B56;ecotype:not_applicable;age:missing;dev_stage:seedling_stage;collection_date:2022-01-05;geo_loc_name:China;tissue:leaf;replicate:replicate=LS-light_biological_replicate2
PRJNA1077864	SRR28004275	SAMN39982981	NA	leaf	seedling stage	B56	1_LS-light	NA	isolate:seedling;cultivar:B56;ecotype:not_applicable;age:missing;dev_stage:seedling_stage;collection_date:2022-01-05;geo_loc_name:China;tissue:leaf;replicate:replicate=LS-light_biological_replicate1
PRJNA1077683	SRR28033230	SAMN39979325	NA	NA	NA	Yugu1	F_P7_2	NA	isolate:leaf_P7_G2;cultivar:Yugu1;chem_administration:Not_applicable;collection_date:missing;env_broad_scale:Not_applicable;env_local_scale:Not_applicable;env_medium:Not_applicable;food_source:Not_applicable;geo_loc_name:China:_Beijing;host_age:2_weeks_old_seedling;host_common_name:Rice;host_genotype:Wild_type;host_height:About_20_cm;host_length:About_340_cm;host_life_stage:Seedling;host_phenotype:Normal;host_tot_mass:0.01g;isol_growth_condt:PMC10396363;lat_lon:Not_applicable;microbial_biomass:Not_applicable;microbial_biomass_meth:Not_applicable;samp_store_dur:Less_than_2_monthes;samp_store_loc:Beijing_China;sieving:Not_applicable;soil_type:Not_applicable;soil_type_meth:Not_applicable;store_cond:Not_applicable;temp:Not_applicable
PRJNA1077683	SRR28033231	SAMN39979324	NA	NA	NA	Yugu1	F_P7_1	NA	isolate:leaf_P7_G1;cultivar:Yugu1;chem_administration:Not_applicable;collection_date:missing;env_broad_scale:Not_applicable;env_local_scale:Not_applicable;env_medium:Not_applicable;food_source:Not_applicable;geo_loc_name:China:_Beijing;host_age:2_weeks_old_seedling;host_common_name:Rice;host_genotype:Wild_type;host_height:About_20_cm;host_length:About_330_cm;host_life_stage:Seedling;host_phenotype:Normal;host_tot_mass:0.01g;isol_growth_condt:PMC10396363;lat_lon:Not_applicable;microbial_biomass:Not_applicable;microbial_biomass_meth:Not_applicable;samp_store_dur:Less_than_2_monthes;samp_store_loc:Beijing_China;sieving:Not_applicable;soil_type:Not_applicable;soil_type_meth:Not_applicable;store_cond:Not_applicable;temp:Not_applicable
PRJNA1077683	SRR28033232	SAMN39979323	NA	NA	NA	Yugu1	F_P6_2	NA	isolate:leaf_P6_G2;cultivar:Yugu1;chem_administration:Not_applicable;collection_date:missing;env_broad_scale:Not_applicable;env_local_scale:Not_applicable;env_medium:Not_applicable;food_source:Not_applicable;geo_loc_name:China:_Beijing;host_age:2_weeks_old_seedling;host_common_name:Rice;host_genotype:Wild_type;host_height:About_20_cm;host_length:About_320_cm;host_life_stage:Seedling;host_phenotype:Normal;host_tot_mass:0.01g;isol_growth_condt:PMC10396363;lat_lon:Not_applicable;microbial_biomass:Not_applicable;microbial_biomass_meth:Not_applicable;samp_store_dur:Less_than_2_monthes;samp_store_loc:Beijing_China;sieving:Not_applicable;soil_type:Not_applicable;soil_type_meth:Not_applicable;store_cond:Not_applicable;temp:Not_applicable
PRJNA1077683	SRR28033233	SAMN39979322	NA	NA	NA	Yugu1	F_P6_1	NA	isolate:leaf_P6_G1;cultivar:Yugu1;chem_administration:Not_applicable;collection_date:missing;env_broad_scale:Not_applicable;env_local_scale:Not_applicable;env_medium:Not_applicable;food_source:Not_applicable;geo_loc_name:China:_Beijing;host_age:2_weeks_old_seedling;host_common_name:Rice;host_genotype:Wild_type;host_height:About_20_cm;host_length:About_310_cm;host_life_stage:Seedling;host_phenotype:Normal;host_tot_mass:0.01g;isol_growth_condt:PMC10396363;lat_lon:Not_applicable;microbial_biomass:Not_applicable;microbial_biomass_meth:Not_applicable;samp_store_dur:Less_than_2_monthes;samp_store_loc:Beijing_China;sieving:Not_applicable;soil_type:Not_applicable;soil_type_meth:Not_applicable;store_cond:Not_applicable;temp:Not_applicable
PRJNA1077683	SRR28033235	SAMN39979321	NA	NA	NA	Yugu1	F_P5_2	NA	isolate:leaf_P5_G2;cultivar:Yugu1;chem_administration:Not_applicable;collection_date:missing;env_broad_scale:Not_applicable;env_local_scale:Not_applicable;env_medium:Not_applicable;food_source:Not_applicable;geo_loc_name:China:_Beijing;host_age:2_weeks_old_seedling;host_common_name:Rice;host_genotype:Wild_type;host_height:About_20_cm;host_length:About_300_cm;host_life_stage:Seedling;host_phenotype:Normal;host_tot_mass:0.01g;isol_growth_condt:PMC10396363;lat_lon:Not_applicable;microbial_biomass:Not_applicable;microbial_biomass_meth:Not_applicable;samp_store_dur:Less_than_2_monthes;samp_store_loc:Beijing_China;sieving:Not_applicable;soil_type:Not_applicable;soil_type_meth:Not_applicable;store_cond:Not_applicable;temp:Not_applicable
PRJNA1077683	SRR28033236	SAMN39979320	NA	NA	NA	Yugu1	F_P5_1	NA	isolate:leaf_P5_G1;cultivar:Yugu1;chem_administration:Not_applicable;collection_date:missing;env_broad_scale:Not_applicable;env_local_scale:Not_applicable;env_medium:Not_applicable;food_source:Not_applicable;geo_loc_name:China:_Beijing;host_age:2_weeks_old_seedling;host_common_name:Rice;host_genotype:Wild_type;host_height:About_20_cm;host_length:About_290_cm;host_life_stage:Seedling;host_phenotype:Normal;host_tot_mass:0.01g;isol_growth_condt:PMC10396363;lat_lon:Not_applicable;microbial_biomass:Not_applicable;microbial_biomass_meth:Not_applicable;samp_store_dur:Less_than_2_monthes;samp_store_loc:Beijing_China;sieving:Not_applicable;soil_type:Not_applicable;soil_type_meth:Not_applicable;store_cond:Not_applicable;temp:Not_applicable
PRJNA1077683	SRR28033237	SAMN39979319	NA	NA	NA	Yugu1	F_P4_2	NA	isolate:leaf_P4_G2;cultivar:Yugu1;chem_administration:Not_applicable;collection_date:missing;env_broad_scale:Not_applicable;env_local_scale:Not_applicable;env_medium:Not_applicable;food_source:Not_applicable;geo_loc_name:China:_Beijing;host_age:2_weeks_old_seedling;host_common_name:Rice;host_genotype:Wild_type;host_height:About_20_cm;host_length:About_280_cm;host_life_stage:Seedling;host_phenotype:Normal;host_tot_mass:0.01g;isol_growth_condt:PMC10396363;lat_lon:Not_applicable;microbial_biomass:Not_applicable;microbial_biomass_meth:Not_applicable;samp_store_dur:Less_than_2_monthes;samp_store_loc:Beijing_China;sieving:Not_applicable;soil_type:Not_applicable;soil_type_meth:Not_applicable;store_cond:Not_applicable;temp:Not_applicable
PRJNA1077683	SRR28033238	SAMN39979318	NA	NA	NA	Yugu1	F_P4_1	NA	isolate:leaf_P4_G1;cultivar:Yugu1;chem_administration:Not_applicable;collection_date:missing;env_broad_scale:Not_applicable;env_local_scale:Not_applicable;env_medium:Not_applicable;food_source:Not_applicable;geo_loc_name:China:_Beijing;host_age:2_weeks_old_seedling;host_common_name:Rice;host_genotype:Wild_type;host_height:About_20_cm;host_length:About_270_cm;host_life_stage:Seedling;host_phenotype:Normal;host_tot_mass:0.01g;isol_growth_condt:PMC10396363;lat_lon:Not_applicable;microbial_biomass:Not_applicable;microbial_biomass_meth:Not_applicable;samp_store_dur:Less_than_2_monthes;samp_store_loc:Beijing_China;sieving:Not_applicable;soil_type:Not_applicable;soil_type_meth:Not_applicable;store_cond:Not_applicable;temp:Not_applicable
PRJNA1077683	SRR28033239	SAMN39979317	NA	NA	NA	Yugu1	F_P3_2	NA	isolate:leaf_P3_G2;cultivar:Yugu1;chem_administration:Not_applicable;collection_date:missing;env_broad_scale:Not_applicable;env_local_scale:Not_applicable;env_medium:Not_applicable;food_source:Not_applicable;geo_loc_name:China:_Beijing;host_age:2_weeks_old_seedling;host_common_name:Rice;host_genotype:Wild_type;host_height:About_20_cm;host_length:About_260_cm;host_life_stage:Seedling;host_phenotype:Normal;host_tot_mass:0.01g;isol_growth_condt:PMC10396363;lat_lon:Not_applicable;microbial_biomass:Not_applicable;microbial_biomass_meth:Not_applicable;samp_store_dur:Less_than_2_monthes;samp_store_loc:Beijing_China;sieving:Not_applicable;soil_type:Not_applicable;soil_type_meth:Not_applicable;store_cond:Not_applicable;temp:Not_applicable
PRJNA1077683	SRR28033240	SAMN39979316	NA	NA	NA	Yugu1	F_P3_1	NA	isolate:leaf_P3_G1;cultivar:Yugu1;chem_administration:Not_applicable;collection_date:missing;env_broad_scale:Not_applicable;env_local_scale:Not_applicable;env_medium:Not_applicable;food_source:Not_applicable;geo_loc_name:China:_Beijing;host_age:2_weeks_old_seedling;host_common_name:Rice;host_genotype:Wild_type;host_height:About_20_cm;host_length:About_250_cm;host_life_stage:Seedling;host_phenotype:Normal;host_tot_mass:0.01g;isol_growth_condt:PMC10396363;lat_lon:Not_applicable;microbial_biomass:Not_applicable;microbial_biomass_meth:Not_applicable;samp_store_dur:Less_than_2_monthes;samp_store_loc:Beijing_China;sieving:Not_applicable;soil_type:Not_applicable;soil_type_meth:Not_applicable;store_cond:Not_applicable;temp:Not_applicable
PRJNA1077683	SRR28033241	SAMN39979315	NA	NA	NA	Yugu1	F_P2_2	NA	isolate:leaf_P2_G2;cultivar:Yugu1;chem_administration:Not_applicable;collection_date:missing;env_broad_scale:Not_applicable;env_local_scale:Not_applicable;env_medium:Not_applicable;food_source:Not_applicable;geo_loc_name:China:_Beijing;host_age:2_weeks_old_seedling;host_common_name:Rice;host_genotype:Wild_type;host_height:About_20_cm;host_length:About_240_cm;host_life_stage:Seedling;host_phenotype:Normal;host_tot_mass:0.01g;isol_growth_condt:PMC10396363;lat_lon:Not_applicable;microbial_biomass:Not_applicable;microbial_biomass_meth:Not_applicable;samp_store_dur:Less_than_2_monthes;samp_store_loc:Beijing_China;sieving:Not_applicable;soil_type:Not_applicable;soil_type_meth:Not_applicable;store_cond:Not_applicable;temp:Not_applicable
PRJNA1077683	SRR28033242	SAMN39979314	NA	NA	NA	Yugu1	F_P2_1	NA	isolate:leaf_P2_G1;cultivar:Yugu1;chem_administration:Not_applicable;collection_date:missing;env_broad_scale:Not_applicable;env_local_scale:Not_applicable;env_medium:Not_applicable;food_source:Not_applicable;geo_loc_name:China:_Beijing;host_age:2_weeks_old_seedling;host_common_name:Rice;host_genotype:Wild_type;host_height:About_20_cm;host_length:About_230_cm;host_life_stage:Seedling;host_phenotype:Normal;host_tot_mass:0.01g;isol_growth_condt:PMC10396363;lat_lon:Not_applicable;microbial_biomass:Not_applicable;microbial_biomass_meth:Not_applicable;samp_store_dur:Less_than_2_monthes;samp_store_loc:Beijing_China;sieving:Not_applicable;soil_type:Not_applicable;soil_type_meth:Not_applicable;store_cond:Not_applicable;temp:Not_applicable
PRJNA1077683	SRR28033243	SAMN39979313	NA	NA	NA	Yugu1	F_P1_1	NA	isolate:leaf_P1_G1;cultivar:Yugu1;chem_administration:Not_applicable;collection_date:missing;env_broad_scale:Not_applicable;env_local_scale:Not_applicable;env_medium:Not_applicable;food_source:Not_applicable;geo_loc_name:China:_Beijing;host_age:2_weeks_old_seedling;host_common_name:Rice;host_genotype:Wild_type;host_height:About_20_cm;host_length:About_220_cm;host_life_stage:Seedling;host_phenotype:Normal;host_tot_mass:0.01g;isol_growth_condt:PMC10396363;lat_lon:Not_applicable;microbial_biomass:Not_applicable;microbial_biomass_meth:Not_applicable;samp_store_dur:Less_than_2_monthes;samp_store_loc:Beijing_China;sieving:Not_applicable;soil_type:Not_applicable;soil_type_meth:Not_applicable;store_cond:Not_applicable;temp:Not_applicable
PRJNA1083237	SRR28208322	SAMN40241828	NA	leaf	seedling stage	Yugu 28 and Qiye Huang	RIL_populations	NA	isolate:its_parental_lines_Yugu_28__a_low_N-tolerant_variety__and_Qiye_Huang__a_low_N-sensitive_variety;cultivar:Yugu_28_and_Qiye_Huang;ecotype:tolerance_to_low_nitrogen_stress;age:F7__cross_of_Yugu28_and_Qiye_huang;dev_stage:seedling_stage;collection_date:2022-08-16;geo_loc_name:China:_Zhengzhou_city;tissue:leaf
PRJNA1083237	SRR28208323	SAMN40241828	NA	leaf	seedling stage	Yugu 28 and Qiye Huang	RIL_populations	NA	isolate:its_parental_lines_Yugu_28__a_low_N-tolerant_variety__and_Qiye_Huang__a_low_N-sensitive_variety;cultivar:Yugu_28_and_Qiye_Huang;ecotype:tolerance_to_low_nitrogen_stress;age:F7__cross_of_Yugu28_and_Qiye_huang;dev_stage:seedling_stage;collection_date:2022-08-16;geo_loc_name:China:_Zhengzhou_city;tissue:leaf
PRJNA1083237	SRR28208324	SAMN40241828	NA	leaf	seedling stage	Yugu 28 and Qiye Huang	RIL_populations	NA	isolate:its_parental_lines_Yugu_28__a_low_N-tolerant_variety__and_Qiye_Huang__a_low_N-sensitive_variety;cultivar:Yugu_28_and_Qiye_Huang;ecotype:tolerance_to_low_nitrogen_stress;age:F7__cross_of_Yugu28_and_Qiye_huang;dev_stage:seedling_stage;collection_date:2022-08-16;geo_loc_name:China:_Zhengzhou_city;tissue:leaf
PRJNA1083237	SRR28208325	SAMN40241828	NA	leaf	seedling stage	Yugu 28 and Qiye Huang	RIL_populations	NA	isolate:its_parental_lines_Yugu_28__a_low_N-tolerant_variety__and_Qiye_Huang__a_low_N-sensitive_variety;cultivar:Yugu_28_and_Qiye_Huang;ecotype:tolerance_to_low_nitrogen_stress;age:F7__cross_of_Yugu28_and_Qiye_huang;dev_stage:seedling_stage;collection_date:2022-08-16;geo_loc_name:China:_Zhengzhou_city;tissue:leaf
PRJNA1083237	SRR28208326	SAMN40241828	NA	leaf	seedling stage	Yugu 28 and Qiye Huang	RIL_populations	NA	isolate:its_parental_lines_Yugu_28__a_low_N-tolerant_variety__and_Qiye_Huang__a_low_N-sensitive_variety;cultivar:Yugu_28_and_Qiye_Huang;ecotype:tolerance_to_low_nitrogen_stress;age:F7__cross_of_Yugu28_and_Qiye_huang;dev_stage:seedling_stage;collection_date:2022-08-16;geo_loc_name:China:_Zhengzhou_city;tissue:leaf
PRJNA1083237	SRR28208327	SAMN40241828	NA	leaf	seedling stage	Yugu 28 and Qiye Huang	RIL_populations	NA	isolate:its_parental_lines_Yugu_28__a_low_N-tolerant_variety__and_Qiye_Huang__a_low_N-sensitive_variety;cultivar:Yugu_28_and_Qiye_Huang;ecotype:tolerance_to_low_nitrogen_stress;age:F7__cross_of_Yugu28_and_Qiye_huang;dev_stage:seedling_stage;collection_date:2022-08-16;geo_loc_name:China:_Zhengzhou_city;tissue:leaf
PRJNA1100772	SRR28718316	SAMN40979826	NA	penultimate internode	jointing stage	Jingu21	PH10	NA	isolate:not_collected;cultivar:Jingu21;ecotype:not_collected;age:not_collected;dev_stage:jointing2;collection_date:2023-06-28;geo_loc_name:China:Changzhi;tissue:penultimate_internode10;replicate:replicate_=_biological_replicate1
PRJNA1100772	SRR28718317	SAMN40979825	NA	internode below panicle	harvest stage	Aininghuang	PH9	NA	isolate:not_collected;cultivar:Aininghuang;ecotype:not_collected;age:not_collected;dev_stage:harvest1;collection_date:2023-08-23;geo_loc_name:China:Changzhi;tissue:internode_below_the_panicle9;replicate:replicate_=_biological_replicate3
PRJNA1100772	SRR28718318	SAMN40979824	NA	internode below panicle	harvest stage	Aininghuang	PH8	NA	isolate:not_collected;cultivar:Aininghuang;ecotype:not_collected;age:not_collected;dev_stage:harvest1;collection_date:2023-08-23;geo_loc_name:China:Changzhi;tissue:internode_below_the_panicle8;replicate:replicate_=_biological_replicate2
PRJNA1100772	SRR28718319	SAMN40979823	NA	internode below panicle	harvest stage	Aininghuang	PH7	NA	isolate:not_collected;cultivar:Aininghuang;ecotype:not_collected;age:not_collected;dev_stage:harvest1;collection_date:2023-08-23;geo_loc_name:China:Changzhi;tissue:internode_below_the_panicle7;replicate:replicate_=_biological_replicate1
PRJNA1100772	SRR28718320	SAMN40979822	NA	penultimate internode	heading stage	Aininghuang	PH6	NA	isolate:not_collected;cultivar:Aininghuang;ecotype:not_collected;age:not_collected;dev_stage:heading1;collection_date:2023-07-28;geo_loc_name:China:Changzhi;tissue:penultimate_internode6;replicate:replicate_=_biological_replicate3
PRJNA1100772	SRR28718321	SAMN40979821	NA	penultimate internode	heading stage	Aininghuang	PH5	NA	isolate:not_collected;cultivar:Aininghuang;ecotype:not_collected;age:not_collected;dev_stage:heading1;collection_date:2023-07-28;geo_loc_name:China:Changzhi;tissue:penultimate_internode5;replicate:replicate_=_biological_replicate2
PRJNA1100772	SRR28718322	SAMN40979820	NA	penultimate internode	heading stage	Aininghuang	PH4	NA	isolate:not_collected;cultivar:Aininghuang;ecotype:not_collected;age:not_collected;dev_stage:heading1;collection_date:2023-07-28;geo_loc_name:China:Changzhi;tissue:penultimate_internode4;replicate:replicate_=_biological_replicate1
PRJNA1100772	SRR28718323	SAMN40979819	NA	penultimate internode	jointing stage	Aininghuang	PH3	NA	isolate:not_collected;cultivar:Aininghuang;ecotype:not_collected;age:not_collected;dev_stage:jointing1;collection_date:2023-06-28;geo_loc_name:China:Changzhi;tissue:penultimate_internode3;replicate:replicate_=_biological_replicate3
PRJNA1100772	SRR28718324	SAMN40979834	NA	internode below panicle	harvest stage	Jingu21	PH18	NA	isolate:not_collected;cultivar:Jingu21;ecotype:not_collected;age:not_collected;dev_stage:harvest2;collection_date:2023-08-23;geo_loc_name:China:Changzhi;tissue:internode_below_the_panicle18;replicate:replicate_=_biological_replicate3
PRJNA1100772	SRR28718325	SAMN40979833	NA	internode below panicle	harvest stage	Jingu21	PH17	NA	isolate:not_collected;cultivar:Jingu21;ecotype:not_collected;age:not_collected;dev_stage:harvest2;collection_date:2023-08-23;geo_loc_name:China:Changzhi;tissue:internode_below_the_panicle17;replicate:replicate_=_biological_replicate2
PRJNA1100772	SRR28718326	SAMN40979832	NA	internode below panicle	harvest stage	Jingu21	PH16	NA	isolate:not_collected;cultivar:Jingu21;ecotype:not_collected;age:not_collected;dev_stage:harvest2;collection_date:2023-08-23;geo_loc_name:China:Changzhi;tissue:internode_below_the_panicle16;replicate:replicate_=_biological_replicate1
PRJNA1100772	SRR28718327	SAMN40979831	NA	penultimate internode	heading stage	Jingu21	PH15	NA	isolate:not_collected;cultivar:Jingu21;ecotype:not_collected;age:not_collected;dev_stage:heading2;collection_date:2023-08-07;geo_loc_name:China:Changzhi;tissue:penultimate_internode15;replicate:replicate_=_biological_replicate3
PRJNA1100772	SRR28718328	SAMN40979830	NA	penultimate internode	heading stage	Jingu21	PH14	NA	isolate:not_collected;cultivar:Jingu21;ecotype:not_collected;age:not_collected;dev_stage:heading2;collection_date:2023-08-07;geo_loc_name:China:Changzhi;tissue:penultimate_internode14;replicate:replicate_=_biological_replicate2
PRJNA1100772	SRR28718329	SAMN40979829	NA	penultimate internode	heading stage	Jingu21	PH13	NA	isolate:not_collected;cultivar:Jingu21;ecotype:not_collected;age:not_collected;dev_stage:heading2;collection_date:2023-08-07;geo_loc_name:China:Changzhi;tissue:penultimate_internode13;replicate:replicate_=_biological_replicate1
PRJNA1100772	SRR28718330	SAMN40979828	NA	penultimate internode	jointing stage	Jingu21	PH12	NA	isolate:not_collected;cultivar:Jingu21;ecotype:not_collected;age:not_collected;dev_stage:jointing2;collection_date:2023-06-28;geo_loc_name:China:Changzhi;tissue:penultimate_internode12;replicate:replicate_=_biological_replicate3
PRJNA1100772	SRR28718331	SAMN40979827	NA	penultimate internode	jointing stage	Jingu21	PH11	NA	isolate:not_collected;cultivar:Jingu21;ecotype:not_collected;age:not_collected;dev_stage:jointing2;collection_date:2023-06-28;geo_loc_name:China:Changzhi;tissue:penultimate_internode11;replicate:replicate_=_biological_replicate2
PRJNA1100772	SRR28718332	SAMN40979818	NA	penultimate internode	jointing stage	Aininghuang	PH2	NA	isolate:not_collected;cultivar:Aininghuang;ecotype:not_collected;age:not_collected;dev_stage:jointing1;collection_date:2023-06-28;geo_loc_name:China:Changzhi;tissue:penultimate_internode2;replicate:replicate_=_biological_replicate2
PRJNA1100772	SRR28718333	SAMN40979817	NA	penultimate internode	jointing stage	Aininghuang	PH1	NA	isolate:not_collected;cultivar:Aininghuang;ecotype:not_collected;age:not_collected;dev_stage:jointing1;collection_date:2023-06-28;geo_loc_name:China:Changzhi;tissue:penultimate_internode1;replicate:replicate_=_biological_replicate1
PRJNA1116564	SRR29182581	SAMN41534674	NA	shoot	seedling stage	NA	Setaria_rep_2	NA	ecotype:Yugu1;age:2_weeks;dev_stage:seedling;collection_date:2022-01-15;geo_loc_name:USA;tissue:seedling-shoot;growth_protocol:soil_grown_and_long-day_light;attribute:Setaria_rep_2
PRJNA1116564	SRR29182582	SAMN41534673	NA	shoot	seedling stage	NA	Setaria_rep_1	NA	ecotype:Yugu1;age:2_weeks;dev_stage:seedling;collection_date:2022-01-15;geo_loc_name:USA;tissue:seedling-shoot;growth_protocol:soil_grown_and_long-day_light;attribute:Setaria_rep_1
PRJNA1138906	SRR29930119	SAMN42746819	NA	pollen	reproductive stage	Jingu21	P-1	NA	isolate:Pollen-1;cultivar:Jingu21;dev_stage:opening_foxtail_millet_florets;collection_date:2021-08/2021-10;geo_loc_name:China:Taigu;tissue:Pollen;replicate:replicate_=_biological_replicate10
PRJNA1138906	SRR29930120	SAMN42746818	NA	ovule	reproductive stage	Jingu21	O-3	NA	isolate:Ovule-3;cultivar:Jingu21;dev_stage:opening_foxtail_millet_florets;collection_date:2021-08/2021-10;geo_loc_name:China:Taigu;tissue:Ovule;replicate:replicate_=_biological_replicate9
PRJNA1138906	SRR29930121	SAMN42746817	NA	ovule	reproductive stage	Jingu21	O-2	NA	isolate:Ovule-2;cultivar:Jingu21;dev_stage:opening_foxtail_millet_florets;collection_date:2021-08/2021-10;geo_loc_name:China:Taigu;tissue:Ovule;replicate:replicate_=_biological_replicate8
PRJNA1138906	SRR29930122	SAMN42746816	NA	ovule	reproductive stage	Jingu21	O-1	NA	isolate:Ovule-1;cultivar:Jingu21;dev_stage:opening_foxtail_millet_florets;collection_date:2021-08/2021-10;geo_loc_name:China:Taigu;tissue:Ovule;replicate:replicate_=_biological_replicate7
PRJNA1138906	SRR29930123	SAMN42746815	NA	glume	reproductive stage	Jingu21	Glu-3	NA	isolate:Glume-3;cultivar:Jingu21;dev_stage:opening_foxtail_millet_florets;collection_date:2021-08/2021-10;geo_loc_name:China:Taigu;tissue:Glume;replicate:replicate_=_biological_replicate6
PRJNA1138906	SRR29930124	SAMN42746814	NA	glume	reproductive stage	Jingu21	Glu-2	NA	isolate:Glume-2;cultivar:Jingu21;dev_stage:opening_foxtail_millet_florets;collection_date:2021-08/2021-10;geo_loc_name:China:Taigu;tissue:Glume;replicate:replicate_=_biological_replicate5
PRJNA1138906	SRR29930125	SAMN42746813	NA	glume	reproductive stage	Jingu21	Glu-1	NA	isolate:Glume-1;cultivar:Jingu21;dev_stage:opening_foxtail_millet_florets;collection_date:2021-08/2021-10;geo_loc_name:China:Taigu;tissue:Glume;replicate:replicate_=_biological_replicate4
PRJNA1138906	SRR29930126	SAMN42746812	NA	anther	maturing stage	Jingu21	A-3	NA	isolate:Anther-3;cultivar:Jingu21;dev_stage:mature_pollen_stage;collection_date:2021-08/2021-10;geo_loc_name:China:Taigu;tissue:Anthers;replicate:replicate_=_biological_replicate3
PRJNA1138906	SRR29930127	SAMN42746827	NA	seedling	NA	Jingu21	S-3	NA	isolate:Seedling-3;cultivar:Jingu21;dev_stage:foxtail_millet_hydroponic_for_7_days;collection_date:2021-08/2021-10;geo_loc_name:China:Taigu;tissue:Seedlings;replicate:replicate_=_biological_replicate18
PRJNA1138906	SRR29930128	SAMN42746826	NA	seedling	NA	Jingu21	S-2	NA	isolate:Seedling-2;cultivar:Jingu21;dev_stage:foxtail_millet_hydroponic_for_7_days;collection_date:2021-08/2021-10;geo_loc_name:China:Taigu;tissue:Seedlings;replicate:replicate_=_biological_replicate17
PRJNA1138906	SRR29930129	SAMN42746825	NA	seedling	NA	Jingu21	S-1	NA	isolate:Seedling-1;cultivar:Jingu21;dev_stage:foxtail_millet_hydroponic_for_7_days;collection_date:2021-08/2021-10;geo_loc_name:China:Taigu;tissue:Seedlings;replicate:replicate_=_biological_replicate16
PRJNA1138906	SRR29930130	SAMN42746824	NA	root	NA	Jingu21	R-3	NA	isolate:Root-3;cultivar:Jingu21;dev_stage:foxtail_millet_hydroponic_for_7_days;collection_date:2021-08/2021-10;geo_loc_name:China:Taigu;tissue:Roots;replicate:replicate_=_biological_replicate15
PRJNA1138906	SRR29930131	SAMN42746823	NA	root	NA	Jingu21	R-2	NA	isolate:Root-2;cultivar:Jingu21;dev_stage:foxtail_millet_hydroponic_for_7_days;collection_date:2021-08/2021-10;geo_loc_name:China:Taigu;tissue:Roots;replicate:replicate_=_biological_replicate14
PRJNA1138906	SRR29930132	SAMN42746822	NA	root	NA	Jingu21	R-1	NA	isolate:Root-1;cultivar:Jingu21;dev_stage:foxtail_millet_hydroponic_for_7_days;collection_date:2021-08/2021-10;geo_loc_name:China:Taigu;tissue:Roots;replicate:replicate_=_biological_replicate13
PRJNA1138906	SRR29930133	SAMN42746821	NA	pollen	reproductive stage	Jingu21	P-3	NA	isolate:Pollen-3;cultivar:Jingu21;dev_stage:opening_foxtail_millet_florets;collection_date:2021-08/2021-10;geo_loc_name:China:Taigu;tissue:Pollen;replicate:replicate_=_biological_replicate12
PRJNA1138906	SRR29930134	SAMN42746820	NA	pollen	reproductive stage	Jingu21	P-2	NA	isolate:Pollen-2;cultivar:Jingu21;dev_stage:opening_foxtail_millet_florets;collection_date:2021-08/2021-10;geo_loc_name:China:Taigu;tissue:Pollen;replicate:replicate_=_biological_replicate11
PRJNA1138906	SRR29930135	SAMN42746811	NA	anther	maturing stage	Jingu21	A-2	NA	isolate:Anther-2;cultivar:Jingu21;dev_stage:mature_pollen_stage;collection_date:2021-08/2021-10;geo_loc_name:China:Taigu;tissue:Anthers;replicate:replicate_=_biological_replicate2
PRJNA1138906	SRR29930136	SAMN42746810	NA	anther	maturing stage	Jingu21	A-1	NA	isolate:Anther-1;cultivar:Jingu21;dev_stage:mature_pollen_stage;collection_date:2021-08/2021-10;geo_loc_name:China:Taigu;tissue:Anthers;replicate:replicate_=_biological_replicate1
PRJNA1146895	SRR30203130	SAMN43137956	NA	seedling	NA	Xiaomi	Cd1_L_1	NA	cultivar:Xiaomi10;age:Not_collected;collection_date:2023-10;geo_loc_name:China;tissue:Seedling10
PRJNA1146895	SRR30203131	SAMN43137955	NA	seedling	NA	Xiaomi	CK_R_3	NA	cultivar:Xiaomi9;age:Not_collected;collection_date:2023-10;geo_loc_name:China;tissue:Seedling9
PRJNA1146895	SRR30203132	SAMN43137954	NA	seedling	NA	Xiaomi	CK_R_2	NA	cultivar:Xiaomi8;age:Not_collected;collection_date:2023-10;geo_loc_name:China;tissue:Seedling8
PRJNA1146895	SRR30203133	SAMN43137953	NA	seedling	NA	Xiaomi	CK_R_1	NA	cultivar:Xiaomi7;age:Not_collected;collection_date:2023-10;geo_loc_name:China;tissue:Seedling7
PRJNA1146895	SRR30203134	SAMN43137952	NA	seedling	NA	Xiaomi	CK_S_3	NA	cultivar:Xiaomi6;age:Not_collected;collection_date:2023-10;geo_loc_name:China;tissue:Seedling6
PRJNA1146895	SRR30203135	SAMN43137951	NA	seedling	NA	Xiaomi	CK_S_2	NA	cultivar:Xiaomi5;age:Not_collected;collection_date:2023-10;geo_loc_name:China;tissue:Seedling5
PRJNA1146895	SRR30203136	SAMN43137982	NA	seedling	NA	Xiaomi	Cd3_R_3	NA	cultivar:Xiaomi36;age:Not_collected;collection_date:2023-10;geo_loc_name:China;tissue:Seedling36
PRJNA1146895	SRR30203137	SAMN43137981	NA	seedling	NA	Xiaomi	Cd3_R_2	NA	cultivar:Xiaomi35;age:Not_collected;collection_date:2023-10;geo_loc_name:China;tissue:Seedling35
PRJNA1146895	SRR30203138	SAMN43137980	NA	seedling	NA	Xiaomi	Cd3_R_1	NA	cultivar:Xiaomi34;age:Not_collected;collection_date:2023-10;geo_loc_name:China;tissue:Seedling34
PRJNA1146895	SRR30203139	SAMN43137979	NA	seedling	NA	Xiaomi	Cd3_S_3	NA	cultivar:Xiaomi33;age:Not_collected;collection_date:2023-10;geo_loc_name:China;tissue:Seedling33
PRJNA1146895	SRR30203140	SAMN43137978	NA	seedling	NA	Xiaomi	Cd3_S_2	NA	cultivar:Xiaomi32;age:Not_collected;collection_date:2023-10;geo_loc_name:China;tissue:Seedling32
PRJNA1146895	SRR30203141	SAMN43137977	NA	seedling	NA	Xiaomi	Cd3_S_1	NA	cultivar:Xiaomi31;age:Not_collected;collection_date:2023-10;geo_loc_name:China;tissue:Seedling31
PRJNA1146895	SRR30203142	SAMN43137950	NA	seedling	NA	Xiaomi	CK_S_1	NA	cultivar:Xiaomi4;age:Not_collected;collection_date:2023-10;geo_loc_name:China;tissue:Seedling4
PRJNA1146895	SRR30203143	SAMN43137976	NA	seedling	NA	Xiaomi	Cd3_L_3	NA	cultivar:Xiaomi30;age:Not_collected;collection_date:2023-10;geo_loc_name:China;tissue:Seedling30
PRJNA1146895	SRR30203144	SAMN43137975	NA	seedling	NA	Xiaomi	Cd3_L_2	NA	cultivar:Xiaomi29;age:Not_collected;collection_date:2023-10;geo_loc_name:China;tissue:Seedling29
PRJNA1146895	SRR30203145	SAMN43137974	NA	seedling	NA	Xiaomi	Cd3_L_1	NA	cultivar:Xiaomi28;age:Not_collected;collection_date:2023-10;geo_loc_name:China;tissue:Seedling28
PRJNA1146895	SRR30203146	SAMN43137973	NA	seedling	NA	Xiaomi	Cd2_R_3	NA	cultivar:Xiaomi27;age:Not_collected;collection_date:2023-10;geo_loc_name:China;tissue:Seedling27
PRJNA1146895	SRR30203147	SAMN43137972	NA	seedling	NA	Xiaomi	Cd2_R_2	NA	cultivar:Xiaomi26;age:Not_collected;collection_date:2023-10;geo_loc_name:China;tissue:Seedling26
PRJNA1146895	SRR30203148	SAMN43137971	NA	seedling	NA	Xiaomi	Cd2_R_1	NA	cultivar:Xiaomi25;age:Not_collected;collection_date:2023-10;geo_loc_name:China;tissue:Seedling25
PRJNA1146895	SRR30203149	SAMN43137970	NA	seedling	NA	Xiaomi	Cd2_S_3	NA	cultivar:Xiaomi24;age:Not_collected;collection_date:2023-10;geo_loc_name:China;tissue:Seedling24
PRJNA1146895	SRR30203150	SAMN43137969	NA	seedling	NA	Xiaomi	Cd2_S_2	NA	cultivar:Xiaomi23;age:Not_collected;collection_date:2023-10;geo_loc_name:China;tissue:Seedling23
PRJNA1146895	SRR30203151	SAMN43137968	NA	seedling	NA	Xiaomi	Cd2_S_1	NA	cultivar:Xiaomi22;age:Not_collected;collection_date:2023-10;geo_loc_name:China;tissue:Seedling22
PRJNA1146895	SRR30203152	SAMN43137967	NA	seedling	NA	Xiaomi	Cd2_L_3	NA	cultivar:Xiaomi21;age:Not_collected;collection_date:2023-10;geo_loc_name:China;tissue:Seedling21
PRJNA1146895	SRR30203153	SAMN43137949	NA	seedling	NA	Xiaomi	CK_L_3	NA	cultivar:Xiaomi3;age:Not_collected;collection_date:2023-10;geo_loc_name:China;tissue:Seedling3
PRJNA1146895	SRR30203154	SAMN43137966	NA	seedling	NA	Xiaomi	Cd2_L_2	NA	cultivar:Xiaomi20;age:Not_collected;collection_date:2023-10;geo_loc_name:China;tissue:Seedling20
PRJNA1146895	SRR30203155	SAMN43137965	NA	seedling	NA	Xiaomi	Cd2_L_1	NA	cultivar:Xiaomi19;age:Not_collected;collection_date:2023-10;geo_loc_name:China;tissue:Seedling19
PRJNA1146895	SRR30203156	SAMN43137964	NA	seedling	NA	Xiaomi	Cd1_R_3	NA	cultivar:Xiaomi18;age:Not_collected;collection_date:2023-10;geo_loc_name:China;tissue:Seedling18
PRJNA1146895	SRR30203157	SAMN43137963	NA	seedling	NA	Xiaomi	Cd1_R_2	NA	cultivar:Xiaomi17;age:Not_collected;collection_date:2023-10;geo_loc_name:China;tissue:Seedling17
PRJNA1146895	SRR30203158	SAMN43137962	NA	seedling	NA	Xiaomi	Cd1_R_1	NA	cultivar:Xiaomi16;age:Not_collected;collection_date:2023-10;geo_loc_name:China;tissue:Seedling16
PRJNA1146895	SRR30203159	SAMN43137961	NA	seedling	NA	Xiaomi	Cd1_S_3	NA	cultivar:Xiaomi15;age:Not_collected;collection_date:2023-10;geo_loc_name:China;tissue:Seedling15
PRJNA1146895	SRR30203160	SAMN43137960	NA	seedling	NA	Xiaomi	Cd1_S_2	NA	cultivar:Xiaomi14;age:Not_collected;collection_date:2023-10;geo_loc_name:China;tissue:Seedling14
PRJNA1146895	SRR30203161	SAMN43137959	NA	seedling	NA	Xiaomi	Cd1_S_1	NA	cultivar:Xiaomi13;age:Not_collected;collection_date:2023-10;geo_loc_name:China;tissue:Seedling13
PRJNA1146895	SRR30203162	SAMN43137958	NA	seedling	NA	Xiaomi	Cd1_L_3	NA	cultivar:Xiaomi12;age:Not_collected;collection_date:2023-10;geo_loc_name:China;tissue:Seedling12
PRJNA1146895	SRR30203163	SAMN43137957	NA	seedling	NA	Xiaomi	Cd1_L_2	NA	cultivar:Xiaomi11;age:Not_collected;collection_date:2023-10;geo_loc_name:China;tissue:Seedling11
PRJNA1146895	SRR30203164	SAMN43137948	NA	seedling	NA	Xiaomi	CK_L_2	NA	cultivar:Xiaomi2;age:Not_collected;collection_date:2023-10;geo_loc_name:China;tissue:Seedling2
PRJNA1146895	SRR30203165	SAMN43137947	NA	seedling	NA	Xiaomi	CK_L_1	NA	cultivar:Xiaomi1;age:Not_collected;collection_date:2023-10;geo_loc_name:China;tissue:Seedling1
PRJNA1155684	SRR30511915	SAMN43463568	drought	leaf	5-leaf stage	Chigu 26	JKH6_DS_1	NA	isolate:JKH6_DS_1;cultivar:Chigu_26;age:foxtail_millet_five_leaf_stage;dev_stage:foxtail_millet_five_leaf_stage;collection_date:2022-12-05;geo_loc_name:China:_Xinjiang;tissue:leaf;treatment:Drought_stress
PRJNA1155684	SRR30511916	SAMN43463567	control	leaf	5-leaf stage	Chigu 26	JKH6_CK_3	NA	isolate:JKH6_CK_3;cultivar:Chigu_26;age:foxtail_millet_five_leaf_stage;dev_stage:foxtail_millet_five_leaf_stage;collection_date:2022-12-05;geo_loc_name:China:_Xinjiang;tissue:leaf;treatment:Control
PRJNA1155684	SRR30511917	SAMN43463566	control	leaf	5-leaf stage	Chigu 26	JKH6_CK_2	NA	isolate:JKH6_CK_2;cultivar:Chigu_26;age:foxtail_millet_five_leaf_stage;dev_stage:foxtail_millet_five_leaf_stage;collection_date:2022-12-05;geo_loc_name:China:_Xinjiang;tissue:leaf;treatment:Control
PRJNA1155684	SRR30511918	SAMN43463565	control	leaf	5-leaf stage	Chigu 26	JKH6_CK_1	NA	isolate:JKH6_CK_1;cultivar:Chigu_26;age:foxtail_millet_five_leaf_stage;dev_stage:foxtail_millet_five_leaf_stage;collection_date:2022-12-05;geo_loc_name:China:_Xinjiang;tissue:leaf;treatment:Control
PRJNA1155684	SRR30511919	SAMN43463564	drought	leaf	5-leaf stage	Chi 5422	JKH4_DS_3	NA	isolate:JKH4_DS_3;cultivar:Chi_5422;age:foxtail_millet_five_leaf_stage;dev_stage:foxtail_millet_five_leaf_stage;collection_date:2022-12-05;geo_loc_name:China:_Xinjiang;tissue:leaf;treatment:Drought_stress
PRJNA1155684	SRR30511920	SAMN43463563	drought	leaf	5-leaf stage	Chi 5422	JKH4_DS_2	NA	isolate:JKH4_DS_2;cultivar:Chi_5422;age:foxtail_millet_five_leaf_stage;dev_stage:foxtail_millet_five_leaf_stage;collection_date:2022-12-05;geo_loc_name:China:_Xinjiang;tissue:leaf;treatment:Drought_stress
PRJNA1155684	SRR30511921	SAMN43463562	drought	leaf	5-leaf stage	Chi 5422	JKH4_DS_1	NA	isolate:JKH4_DS_1;cultivar:Chi_5422;age:foxtail_millet_five_leaf_stage;dev_stage:foxtail_millet_five_leaf_stage;collection_date:2022-12-05;geo_loc_name:China:_Xinjiang;tissue:leaf;treatment:Drought_stress
PRJNA1155684	SRR30511922	SAMN43463582	drought	leaf	5-leaf stage	Canggu 9	JRK6_DS_3	NA	isolate:JRK6_DS_3;cultivar:Canggu_9;age:foxtail_millet_five_leaf_stage;dev_stage:foxtail_millet_five_leaf_stage;collection_date:2022-12-05;geo_loc_name:China:_Xinjiang;tissue:leaf;treatment:Drought_stress
PRJNA1155684	SRR30511923	SAMN43463581	drought	leaf	5-leaf stage	Canggu 9	JRK6_DS_2	NA	isolate:JRK6_DS_2;cultivar:Canggu_9;age:foxtail_millet_five_leaf_stage;dev_stage:foxtail_millet_five_leaf_stage;collection_date:2022-12-05;geo_loc_name:China:_Xinjiang;tissue:leaf;treatment:Drought_stress
PRJNA1155684	SRR30511924	SAMN43463580	drought	leaf	5-leaf stage	Canggu 9	JRK6_DS_1	NA	isolate:JRK6_DS_1;cultivar:Canggu_9;age:foxtail_millet_five_leaf_stage;dev_stage:foxtail_millet_five_leaf_stage;collection_date:2022-12-05;geo_loc_name:China:_Xinjiang;tissue:leaf;treatment:Drought_stress
PRJNA1155684	SRR30511925	SAMN43463579	control	leaf	5-leaf stage	Canggu 9	JRK6_CK_3	NA	isolate:JRK6_CK_3;cultivar:Canggu_9;age:foxtail_millet_five_leaf_stage;dev_stage:foxtail_millet_five_leaf_stage;collection_date:2022-12-05;geo_loc_name:China:_Xinjiang;tissue:leaf;treatment:Control
PRJNA1155684	SRR30511926	SAMN43463561	control	leaf	5-leaf stage	Chi 5422	JKH4_CK_3	NA	isolate:JKH4_CK_3;cultivar:Chi_5422;age:foxtail_millet_five_leaf_stage;dev_stage:foxtail_millet_five_leaf_stage;collection_date:2022-12-05;geo_loc_name:China:_Xinjiang;tissue:leaf;treatment:Control
PRJNA1155684	SRR30511927	SAMN43463578	control	leaf	5-leaf stage	Canggu 9	JRK6_CK_2	NA	isolate:JRK6_CK_2;cultivar:Canggu_9;age:foxtail_millet_five_leaf_stage;dev_stage:foxtail_millet_five_leaf_stage;collection_date:2022-12-05;geo_loc_name:China:_Xinjiang;tissue:leaf;treatment:Control
PRJNA1155684	SRR30511928	SAMN43463577	control	leaf	5-leaf stage	Canggu 9	JRK6_CK_1	NA	isolate:JRK6_CK_1;cultivar:Canggu_9;age:foxtail_millet_five_leaf_stage;dev_stage:foxtail_millet_five_leaf_stage;collection_date:2022-12-05;geo_loc_name:China:_Xinjiang;tissue:leaf;treatment:Control
PRJNA1155684	SRR30511929	SAMN43463576	drought	leaf	5-leaf stage	17M1309	JRK3_DS_3	NA	isolate:JRK3_DS_3;cultivar:17M1309;age:foxtail_millet_five_leaf_stage;dev_stage:foxtail_millet_five_leaf_stage;collection_date:2022-12-05;geo_loc_name:China:_Xinjiang;tissue:leaf;treatment:Drought_stress
PRJNA1155684	SRR30511930	SAMN43463575	drought	leaf	5-leaf stage	17M1309	JRK3_DS_2	NA	isolate:JRK3_DS_2;cultivar:17M1309;age:foxtail_millet_five_leaf_stage;dev_stage:foxtail_millet_five_leaf_stage;collection_date:2022-12-05;geo_loc_name:China:_Xinjiang;tissue:leaf;treatment:Drought_stress
PRJNA1155684	SRR30511931	SAMN43463574	drought	leaf	5-leaf stage	17M1309	JRK3_DS_1	NA	isolate:JRK3_DS_1;cultivar:17M1309;age:foxtail_millet_five_leaf_stage;dev_stage:foxtail_millet_five_leaf_stage;collection_date:2022-12-05;geo_loc_name:China:_Xinjiang;tissue:leaf;treatment:Drought_stress
PRJNA1155684	SRR30511932	SAMN43463573	control	leaf	5-leaf stage	17M1309	JRK3_CK_3	NA	isolate:JRK3_CK_3;cultivar:17M1309;age:foxtail_millet_five_leaf_stage;dev_stage:foxtail_millet_five_leaf_stage;collection_date:2022-12-05;geo_loc_name:China:_Xinjiang;tissue:leaf;treatment:Control
PRJNA1155684	SRR30511933	SAMN43463572	control	leaf	5-leaf stage	17M1309	JRK3_CK_2	NA	isolate:JRK3_CK_2;cultivar:17M1309;age:foxtail_millet_five_leaf_stage;dev_stage:foxtail_millet_five_leaf_stage;collection_date:2022-12-05;geo_loc_name:China:_Xinjiang;tissue:leaf;treatment:Control
PRJNA1155684	SRR30511934	SAMN43463571	control	leaf	5-leaf stage	17M1309	JRK3_CK_1	NA	isolate:JRK3_CK_1;cultivar:17M1309;age:foxtail_millet_five_leaf_stage;dev_stage:foxtail_millet_five_leaf_stage;collection_date:2022-12-05;geo_loc_name:China:_Xinjiang;tissue:leaf;treatment:Control
PRJNA1155684	SRR30511935	SAMN43463570	drought	leaf	5-leaf stage	Chigu 26	JKH6_DS_3	NA	isolate:JKH6_DS_3;cultivar:Chigu_26;age:foxtail_millet_five_leaf_stage;dev_stage:foxtail_millet_five_leaf_stage;collection_date:2022-12-05;geo_loc_name:China:_Xinjiang;tissue:leaf;treatment:Drought_stress
PRJNA1155684	SRR30511936	SAMN43463569	drought	leaf	5-leaf stage	Chigu 26	JKH6_DS_2	NA	isolate:JKH6_DS_2;cultivar:Chigu_26;age:foxtail_millet_five_leaf_stage;dev_stage:foxtail_millet_five_leaf_stage;collection_date:2022-12-05;geo_loc_name:China:_Xinjiang;tissue:leaf;treatment:Drought_stress
PRJNA1155684	SRR30511937	SAMN43463560	control	leaf	5-leaf stage	Chi 5422	JKH4_CK_2	NA	isolate:JKH4_CK_2;cultivar:Chi_5422;age:foxtail_millet_five_leaf_stage;dev_stage:foxtail_millet_five_leaf_stage;collection_date:2022-12-05;geo_loc_name:China:_Xinjiang;tissue:leaf;treatment:Control
PRJNA1155684	SRR30511938	SAMN43463559	control	leaf	5-leaf stage	Chi 5422	JKH4_CK_1	NA	isolate:JKH4_CK_1;cultivar:Chi_5422;age:foxtail_millet_five_leaf_stage;dev_stage:foxtail_millet_five_leaf_stage;collection_date:2022-12-05;geo_loc_name:China:_Xinjiang;tissue:leaf;treatment:Control
PRJNA1168149	SRR30865965	SAMN44027612	NA	leaf	NA	NA	GSM8552308	NA	source_name:leaf;tissue:leaf;genotype:JK3;geo_loc_name:missing;collection_date:missing
PRJNA1168149	SRR30865966	SAMN44027613	NA	leaf	NA	NA	GSM8552307	NA	source_name:leaf;tissue:leaf;genotype:JK3;geo_loc_name:missing;collection_date:missing
PRJNA1168149	SRR30865967	SAMN44027614	NA	leaf	NA	NA	GSM8552306	NA	source_name:leaf;tissue:leaf;genotype:JK3;geo_loc_name:missing;collection_date:missing
PRJNA1168149	SRR30865968	SAMN44027615	NA	leaf	NA	NA	GSM8552305	NA	source_name:leaf;tissue:leaf;genotype:JK3;geo_loc_name:missing;collection_date:missing
PRJNA1168149	SRR30865969	SAMN44027616	NA	leaf	NA	NA	GSM8552304	NA	source_name:leaf;tissue:leaf;genotype:JK3;geo_loc_name:missing;collection_date:missing
PRJNA1168149	SRR30865970	SAMN44027617	NA	leaf	NA	NA	GSM8552303	NA	source_name:leaf;tissue:leaf;genotype:JK3;geo_loc_name:missing;collection_date:missing
PRJNA1168149	SRR30865971	SAMN44027618	NA	leaf	NA	NA	GSM8552302	NA	source_name:leaf;tissue:leaf;genotype:JK3;geo_loc_name:missing;collection_date:missing
PRJNA1168149	SRR30865972	SAMN44027619	NA	leaf	NA	NA	GSM8552301	NA	source_name:leaf;tissue:leaf;genotype:JK3;geo_loc_name:missing;collection_date:missing
PRJNA1168149	SRR30865973	SAMN44027620	NA	leaf	NA	NA	GSM8552300	NA	source_name:leaf;tissue:leaf;genotype:JK3;geo_loc_name:missing;collection_date:missing
PRJNA1168149	SRR30865974	SAMN44027621	NA	leaf	NA	NA	GSM8552299	NA	source_name:leaf;tissue:leaf;genotype:B175;geo_loc_name:missing;collection_date:missing
PRJNA1168149	SRR30865975	SAMN44027622	NA	leaf	NA	NA	GSM8552298	NA	source_name:leaf;tissue:leaf;genotype:B175;geo_loc_name:missing;collection_date:missing
PRJNA1168149	SRR30865976	SAMN44027623	NA	leaf	NA	NA	GSM8552297	NA	source_name:leaf;tissue:leaf;genotype:B175;geo_loc_name:missing;collection_date:missing
PRJNA1168149	SRR30865977	SAMN44027624	NA	leaf	NA	NA	GSM8552296	NA	source_name:leaf;tissue:leaf;genotype:B175;geo_loc_name:missing;collection_date:missing
PRJNA1168149	SRR30865978	SAMN44027625	NA	leaf	NA	NA	GSM8552295	NA	source_name:leaf;tissue:leaf;genotype:B175;geo_loc_name:missing;collection_date:missing
PRJNA1168149	SRR30865979	SAMN44027626	NA	leaf	NA	NA	GSM8552294	NA	source_name:leaf;tissue:leaf;genotype:B175;geo_loc_name:missing;collection_date:missing
PRJNA1168149	SRR30865980	SAMN44027627	NA	leaf	NA	NA	GSM8552293	NA	source_name:leaf;tissue:leaf;genotype:B175;geo_loc_name:missing;collection_date:missing
PRJNA1168149	SRR30865981	SAMN44027628	NA	leaf	NA	NA	GSM8552292	NA	source_name:leaf;tissue:leaf;genotype:B175;geo_loc_name:missing;collection_date:missing
PRJNA1168149	SRR30865982	SAMN44027629	NA	leaf	NA	NA	GSM8552291	NA	source_name:leaf;tissue:leaf;genotype:B175;geo_loc_name:missing;collection_date:missing
PRJNA1183448	SRR31279982	SAMN44628001	NA	seed	maturing stage	NA	LF_2_1	NA	isolate:LF_RIL;dev_stage:Mature_stage;collection_date:2023-08;geo_loc_name:China:Xinxiang;tissue:seed;Biological_duplication:9
PRJNA1183448	SRR31279983	SAMN44627999	NA	seed	maturing stage	NA	LF_1_1	NA	isolate:LF_RIL;dev_stage:Mature_stage;collection_date:2023-08;geo_loc_name:China:Xinxiang;tissue:seed;Biological_duplication:7
PRJNA1183448	SRR31279984	SAMN44627997	NA	seed	maturing stage	NA	HF_3_1	NA	isolate:HF_RIL;dev_stage:Mature_stage;collection_date:2023-08;geo_loc_name:China:Xinxiang;tissue:seed;Biological_duplication:5
PRJNA1183448	SRR31279985	SAMN44627995	NA	seed	maturing stage	NA	HF_2_1	NA	isolate:HF_RIL;dev_stage:Mature_stage;collection_date:2023-08;geo_loc_name:China:Xinxiang;tissue:seed;Biological_duplication:3
PRJNA1183448	SRR31279986	SAMN44628003	NA	seed	maturing stage	NA	LF_3_1	NA	isolate:LF_RIL;dev_stage:Mature_stage;collection_date:2023-08;geo_loc_name:China:Xinxiang;tissue:seed;Biological_duplication:11
PRJNA1183448	SRR31279987	SAMN44627993	NA	seed	maturing stage	NA	HF_1_1	NA	isolate:HF_RIL;dev_stage:Mature_stage;collection_date:2023-08;geo_loc_name:China:Xinxiang;tissue:seed;Biological_duplication:1
PRJNA1208398	SRR31948567	SAMN46173188	NA	kernel	s3	NA	Y-4-S3-1	NA	cultivar:not_applicable;dev_stage:S3;collection_date:2023-09-03;geo_loc_name:China;tissue:kernel;name:Y-4-S3-1
PRJNA1208398	SRR31948568	SAMN46173187	NA	kernel	s5	GBS	GBS-S5-3	NA	cultivar:GBS;dev_stage:S5;collection_date:2023-09-03;geo_loc_name:China;tissue:kernel;name:GBS-S5-3
PRJNA1208398	SRR31948569	SAMN46173186	NA	kernel	s5	GBS	GBS-S5-2	NA	cultivar:GBS;dev_stage:S5;collection_date:2023-09-03;geo_loc_name:China;tissue:kernel;name:GBS-S5-2
PRJNA1208398	SRR31948570	SAMN46173185	NA	kernel	s5	GBS	GBS-S5-1	NA	cultivar:GBS;dev_stage:S5;collection_date:2023-09-03;geo_loc_name:China;tissue:kernel;name:GBS-S5-1
PRJNA1208398	SRR31948571	SAMN46173232	NA	kernel	s5	NMB	NMB-S5-3	NA	cultivar:NMB;dev_stage:S5;collection_date:2023-09-12;geo_loc_name:China;tissue:kernel;name:NMB-S5-3
PRJNA1208398	SRR31948572	SAMN46173231	NA	kernel	s5	NMB	NMB-S5-2	NA	cultivar:NMB;dev_stage:S5;collection_date:2023-09-11;geo_loc_name:China;tissue:kernel;name:NMB-S5-2
PRJNA1208398	SRR31948573	SAMN46173230	NA	kernel	s5	NMB	NMB-S5-1	NA	cultivar:NMB;dev_stage:S5;collection_date:2023-09-10;geo_loc_name:China;tissue:kernel;name:NMB-S5-1
PRJNA1208398	SRR31948574	SAMN46173229	NA	kernel	s4	NMB	NMB-S4-3	NA	cultivar:NMB;dev_stage:S4;collection_date:2023-09-09;geo_loc_name:China;tissue:kernel;name:NMB-S4-3
PRJNA1208398	SRR31948575	SAMN46173184	NA	kernel	s4	GBS	GBS-S4-3	NA	cultivar:GBS;dev_stage:S4;collection_date:2023-09-03;geo_loc_name:China;tissue:kernel;name:GBS-S4-3
PRJNA1208398	SRR31948576	SAMN46173228	NA	kernel	s4	NMB	NMB-S4-2	NA	cultivar:NMB;dev_stage:S4;collection_date:2023-09-08;geo_loc_name:China;tissue:kernel;name:NMB-S4-2
PRJNA1208398	SRR31948577	SAMN46173227	NA	kernel	s4	NMB	NMB-S4-1	NA	cultivar:NMB;dev_stage:S4;collection_date:2023-09-07;geo_loc_name:China;tissue:kernel;name:NMB-S4-1
PRJNA1208398	SRR31948578	SAMN46173226	NA	kernel	s3	NMB	NMB-S3-3	NA	cultivar:NMB;dev_stage:S3;collection_date:2023-09-06;geo_loc_name:China;tissue:kernel;name:NMB-S3-3
PRJNA1208398	SRR31948579	SAMN46173225	NA	kernel	s3	NMB	NMB-S3-2	NA	cultivar:NMB;dev_stage:S3;collection_date:2023-09-05;geo_loc_name:China;tissue:kernel;name:NMB-S3-2
PRJNA1208398	SRR31948580	SAMN46173224	NA	kernel	s3	NMB	NMB-S3-1	NA	cultivar:NMB;dev_stage:S3;collection_date:2023-09-04;geo_loc_name:China;tissue:kernel;name:NMB-S3-1
PRJNA1208398	SRR31948581	SAMN46173223	NA	kernel	s5	NA	W-7-S5-3	NA	cultivar:not_applicable;dev_stage:S5;collection_date:2023-09-03;geo_loc_name:China;tissue:kernel;name:W-7-S5-3
PRJNA1208398	SRR31948582	SAMN46173222	NA	kernel	s5	NA	W-7-S5-2	NA	cultivar:not_applicable;dev_stage:S5;collection_date:2023-09-03;geo_loc_name:China;tissue:kernel;name:W-7-S5-2
PRJNA1208398	SRR31948583	SAMN46173221	NA	kernel	s5	NA	W-7-S5-1	NA	cultivar:not_applicable;dev_stage:S5;collection_date:2023-09-03;geo_loc_name:China;tissue:kernel;name:W-7-S5-1
PRJNA1208398	SRR31948584	SAMN46173220	NA	kernel	s4	NA	W-7-S4-3	NA	cultivar:not_applicable;dev_stage:S4;collection_date:2023-09-03;geo_loc_name:China;tissue:kernel;name:W-7-S4-3
PRJNA1208398	SRR31948585	SAMN46173219	NA	kernel	s4	NA	W-7-S4-2	NA	cultivar:not_applicable;dev_stage:S4;collection_date:2023-09-03;geo_loc_name:China;tissue:kernel;name:W-7-S4-2
PRJNA1208398	SRR31948586	SAMN46173183	NA	kernel	s4	GBS	GBS-S4-2	NA	cultivar:GBS;dev_stage:S4;collection_date:2023-09-03;geo_loc_name:China;tissue:kernel;name:GBS-S4-2
PRJNA1208398	SRR31948587	SAMN46173218	NA	kernel	s4	NA	W-7-S4-1	NA	cultivar:not_applicable;dev_stage:S4;collection_date:2023-09-03;geo_loc_name:China;tissue:kernel;name:W-7-S4-1
PRJNA1208398	SRR31948588	SAMN46173217	NA	kernel	s3	NA	W-7-S3-3	NA	cultivar:not_applicable;dev_stage:S3;collection_date:2023-09-03;geo_loc_name:China;tissue:kernel;name:W-7-S3-3
PRJNA1208398	SRR31948589	SAMN46173216	NA	kernel	s3	NA	W-7-S3-2	NA	cultivar:not_applicable;dev_stage:S3;collection_date:2023-09-03;geo_loc_name:China;tissue:kernel;name:W-7-S3-2
PRJNA1208398	SRR31948590	SAMN46173215	NA	kernel	s3	NA	W-7-S3-1	NA	cultivar:not_applicable;dev_stage:S3;collection_date:2023-09-03;geo_loc_name:China;tissue:kernel;name:W-7-S3-1
PRJNA1208398	SRR31948591	SAMN46173214	NA	kernel	s5	NA	W-1-S5-3	NA	cultivar:not_applicable;dev_stage:S5;collection_date:2023-09-03;geo_loc_name:China;tissue:kernel;name:W-1-S5-3
PRJNA1208398	SRR31948592	SAMN46173213	NA	kernel	s5	NA	W-1-S5-2	NA	cultivar:not_applicable;dev_stage:S5;collection_date:2023-09-03;geo_loc_name:China;tissue:kernel;name:W-1-S5-2
PRJNA1208398	SRR31948593	SAMN46173212	NA	kernel	s5	NA	W-1-S5-1	NA	cultivar:not_applicable;dev_stage:S5;collection_date:2023-09-03;geo_loc_name:China;tissue:kernel;name:W-1-S5-1
PRJNA1208398	SRR31948594	SAMN46173211	NA	kernel	s4	NA	W-1-S4-3	NA	cultivar:not_applicable;dev_stage:S4;collection_date:2023-09-03;geo_loc_name:China;tissue:kernel;name:W-1-S4-3
PRJNA1208398	SRR31948595	SAMN46173210	NA	kernel	s4	NA	W-1-S4-2	NA	cultivar:not_applicable;dev_stage:S4;collection_date:2023-09-03;geo_loc_name:China;tissue:kernel;name:W-1-S4-2
PRJNA1208398	SRR31948596	SAMN46173209	NA	kernel	s4	NA	W-1-S4-1	NA	cultivar:not_applicable;dev_stage:S4;collection_date:2023-09-03;geo_loc_name:China;tissue:kernel;name:W-1-S4-1
PRJNA1208398	SRR31948597	SAMN46173182	NA	kernel	s4	GBS	GBS-S4-1	NA	cultivar:GBS;dev_stage:S4;collection_date:2023-09-03;geo_loc_name:China;tissue:kernel;name:GBS-S4-1
PRJNA1208398	SRR31948598	SAMN46173208	NA	kernel	s3	NA	W-1-S3-3	NA	cultivar:not_applicable;dev_stage:S3;collection_date:2023-09-03;geo_loc_name:China;tissue:kernel;name:W-1-S3-3
PRJNA1208398	SRR31948599	SAMN46173207	NA	kernel	s3	NA	W-1-S3-2	NA	cultivar:not_applicable;dev_stage:S3;collection_date:2023-09-03;geo_loc_name:China;tissue:kernel;name:W-1-S3-2
PRJNA1208398	SRR31948600	SAMN46173206	NA	kernel	s3	NA	W-1-S3-1	NA	cultivar:not_applicable;dev_stage:S3;collection_date:2023-09-03;geo_loc_name:China;tissue:kernel;name:W-1-S3-1
PRJNA1208398	SRR31948601	SAMN46173205	NA	kernel	s5	NA	Y-10-S5-3	NA	cultivar:not_applicable;dev_stage:S5;collection_date:2023-09-03;geo_loc_name:China;tissue:kernel;name:Y-10-S5-3
PRJNA1208398	SRR31948602	SAMN46173204	NA	kernel	s5	NA	Y-10-S5-2	NA	cultivar:not_applicable;dev_stage:S5;collection_date:2023-09-03;geo_loc_name:China;tissue:kernel;name:Y-10-S5-2
PRJNA1208398	SRR31948603	SAMN46173203	NA	kernel	s5	NA	Y-10-S5-1	NA	cultivar:not_applicable;dev_stage:S5;collection_date:2023-09-03;geo_loc_name:China;tissue:kernel;name:Y-10-S5-1
PRJNA1208398	SRR31948604	SAMN46173202	NA	kernel	s4	NA	Y-10-S4-3	NA	cultivar:not_applicable;dev_stage:S4;collection_date:2023-09-03;geo_loc_name:China;tissue:kernel;name:Y-10-S4-3
PRJNA1208398	SRR31948605	SAMN46173201	NA	kernel	s4	NA	Y-10-S4-2	NA	cultivar:not_applicable;dev_stage:S4;collection_date:2023-09-03;geo_loc_name:China;tissue:kernel;name:Y-10-S4-2
PRJNA1208398	SRR31948606	SAMN46173200	NA	kernel	s4	NA	Y-10-S4-1	NA	cultivar:not_applicable;dev_stage:S4;collection_date:2023-09-03;geo_loc_name:China;tissue:kernel;name:Y-10-S4-1
PRJNA1208398	SRR31948607	SAMN46173199	NA	kernel	s3	NA	Y-10-S3-3	NA	cultivar:not_applicable;dev_stage:S3;collection_date:2023-09-03;geo_loc_name:China;tissue:kernel;name:Y-10-S3-3
PRJNA1208398	SRR31948608	SAMN46173181	NA	kernel	s3	GBS	GBS-S3-3	NA	cultivar:GBS;dev_stage:S3;collection_date:2023-09-03;geo_loc_name:China;tissue:kernel;name:GBS-S3-3
PRJNA1208398	SRR31948609	SAMN46173198	NA	kernel	s3	NA	Y-10-S3-2	NA	cultivar:not_applicable;dev_stage:S3;collection_date:2023-09-03;geo_loc_name:China;tissue:kernel;name:Y-10-S3-2
PRJNA1208398	SRR31948610	SAMN46173197	NA	kernel	s3	NA	Y-10-S3-1	NA	cultivar:not_applicable;dev_stage:S3;collection_date:2023-09-03;geo_loc_name:China;tissue:kernel;name:Y-10-S3-1
PRJNA1208398	SRR31948611	SAMN46173196	NA	kernel	s5	NA	Y-4-S5-3	NA	cultivar:not_applicable;dev_stage:S5;collection_date:2023-09-03;geo_loc_name:China;tissue:kernel;name:Y-4-S5-3
PRJNA1208398	SRR31948612	SAMN46173195	NA	kernel	s5	NA	Y-4-S5-2	NA	cultivar:not_applicable;dev_stage:S5;collection_date:2023-09-03;geo_loc_name:China;tissue:kernel;name:Y-4-S5-2
PRJNA1208398	SRR31948613	SAMN46173194	NA	kernel	s5	NA	Y-4-S5-1	NA	cultivar:not_applicable;dev_stage:S5;collection_date:2023-09-03;geo_loc_name:China;tissue:kernel;name:Y-4-S5-1
PRJNA1208398	SRR31948614	SAMN46173193	NA	kernel	s4	NA	Y-4-S4-3	NA	cultivar:not_applicable;dev_stage:S4;collection_date:2023-09-03;geo_loc_name:China;tissue:kernel;name:Y-4-S4-3
PRJNA1208398	SRR31948615	SAMN46173192	NA	kernel	s4	NA	Y-4-S4-2	NA	cultivar:not_applicable;dev_stage:S4;collection_date:2023-09-03;geo_loc_name:China;tissue:kernel;name:Y-4-S4-2
PRJNA1208398	SRR31948616	SAMN46173191	NA	kernel	s4	NA	Y-4-S4-1	NA	cultivar:not_applicable;dev_stage:S4;collection_date:2023-09-03;geo_loc_name:China;tissue:kernel;name:Y-4-S4-1
PRJNA1208398	SRR31948617	SAMN46173190	NA	kernel	s3	NA	Y-4-S3-3	NA	cultivar:not_applicable;dev_stage:S3;collection_date:2023-09-03;geo_loc_name:China;tissue:kernel;name:Y-4-S3-3
PRJNA1208398	SRR31948618	SAMN46173189	NA	kernel	s3	NA	Y-4-S3-2	NA	cultivar:not_applicable;dev_stage:S3;collection_date:2023-09-03;geo_loc_name:China;tissue:kernel;name:Y-4-S3-2
PRJNA1208398	SRR31948619	SAMN46173180	NA	kernel	s3	GBS	GBS-S3-2	NA	cultivar:GBS;dev_stage:S3;collection_date:2023-09-03;geo_loc_name:China;tissue:kernel;name:GBS-S3-2
PRJNA1208398	SRR31948620	SAMN46173179	NA	kernel	s3	GBS	GBS-S3-1	NA	cultivar:GBS;dev_stage:S3;collection_date:2023-09-03;geo_loc_name:China;tissue:kernel;name:GBS-S3-1
PRJNA1210120	SRR32010319	SAMN46239713	NA	primary root	under hydroponics for 12 days	Jingu21	Z-1h-1	NA	cultivar:jingu_21;dev_stage:Foxtail_millet_in_hydroponics_for_12_days;collection_date:2023-12-10;geo_loc_name:China:Taigu;tissue:Primary_roots_treated_with_nitrate_for_1_h-1
PRJNA1210120	SRR32010320	SAMN46239712	NA	primary root	under hydroponics for 12 days	Jingu21	Z-30min-3	NA	cultivar:jingu_21;dev_stage:Foxtail_millet_in_hydroponics_for_12_days;collection_date:2023-12-10;geo_loc_name:China:Taigu;tissue:Primary_roots_treated_with_nitrate_for_30_min-3
PRJNA1210120	SRR32010321	SAMN46239711	NA	primary root	under hydroponics for 12 days	Jingu21	Z-30min-2	NA	cultivar:jingu_21;dev_stage:Foxtail_millet_in_hydroponics_for_12_days;collection_date:2023-12-10;geo_loc_name:China:Taigu;tissue:Primary_roots_treated_with_nitrate_for_30_min-2
PRJNA1210120	SRR32010322	SAMN46239710	NA	primary root	under hydroponics for 12 days	Jingu21	Z-30min-1	NA	cultivar:jingu_21;dev_stage:Foxtail_millet_in_hydroponics_for_12_days;collection_date:2023-12-10;geo_loc_name:China:Taigu;tissue:Primary_roots_treated_with_nitrate_for_30_min-1
PRJNA1210120	SRR32010323	SAMN46239709	NA	primary root	under hydroponics for 12 days	Jingu21	Z-10min-3	NA	cultivar:jingu_21;dev_stage:Foxtail_millet_in_hydroponics_for_12_days;collection_date:2023-12-10;geo_loc_name:China:Taigu;tissue:Primary_roots_treated_with_nitrate_for_10_min-3
PRJNA1210120	SRR32010324	SAMN46239708	NA	primary root	under hydroponics for 12 days	Jingu21	Z-10min-2	NA	cultivar:jingu_21;dev_stage:Foxtail_millet_in_hydroponics_for_12_days;collection_date:2023-12-10;geo_loc_name:China:Taigu;tissue:Primary_roots_treated_with_nitrate_for_10_min-2
PRJNA1210120	SRR32010325	SAMN46239707	NA	primary root	under hydroponics for 12 days	Jingu21	Z-10min-1	NA	cultivar:jingu_21;dev_stage:Foxtail_millet_in_hydroponics_for_12_days;collection_date:2023-12-10;geo_loc_name:China:Taigu;tissue:Primary_roots_treated_with_nitrate_for_10_min-1
PRJNA1210120	SRR32010326	SAMN46239733	NA	crown root	under hydroponics for 12 days	Jingu21	G-2h-3	NA	cultivar:jingu_21;dev_stage:Foxtail_millet_in_hydroponics_for_12_days;collection_date:2023-12-10;geo_loc_name:China:Taigu;tissue:Crown_roots_treated_with_nitrate_for_2_h-3
PRJNA1210120	SRR32010327	SAMN46239732	NA	crown root	under hydroponics for 12 days	Jingu21	G-2h-2	NA	cultivar:jingu_21;dev_stage:Foxtail_millet_in_hydroponics_for_12_days;collection_date:2023-12-10;geo_loc_name:China:Taigu;tissue:Crown_roots_treated_with_nitrate_for_2_h-2
PRJNA1210120	SRR32010328	SAMN46239731	NA	crown root	under hydroponics for 12 days	Jingu21	G-2h-1	NA	cultivar:jingu_21;dev_stage:Foxtail_millet_in_hydroponics_for_12_days;collection_date:2023-12-10;geo_loc_name:China:Taigu;tissue:Crown_roots_treated_with_nitrate_for_2_h-1
PRJNA1210120	SRR32010329	SAMN46239730	NA	crown root	under hydroponics for 12 days	Jingu21	G-1h-3	NA	cultivar:jingu_21;dev_stage:Foxtail_millet_in_hydroponics_for_12_days;collection_date:2023-12-10;geo_loc_name:China:Taigu;tissue:Crown_roots_treated_with_nitrate_for_1_h-3
PRJNA1210120	SRR32010330	SAMN46239729	NA	crown root	under hydroponics for 12 days	Jingu21	G-1h-2	NA	cultivar:jingu_21;dev_stage:Foxtail_millet_in_hydroponics_for_12_days;collection_date:2023-12-10;geo_loc_name:China:Taigu;tissue:Crown_roots_treated_with_nitrate_for_1_h-2
PRJNA1210120	SRR32010331	SAMN46239728	NA	crown root	under hydroponics for 12 days	Jingu21	G-1h-1	NA	cultivar:jingu_21;dev_stage:Foxtail_millet_in_hydroponics_for_12_days;collection_date:2023-12-10;geo_loc_name:China:Taigu;tissue:Crown_roots_treated_with_nitrate_for_1_h-1
PRJNA1210120	SRR32010332	SAMN46239727	NA	crown root	under hydroponics for 12 days	Jingu21	G-30min-3	NA	cultivar:jingu_21;dev_stage:Foxtail_millet_in_hydroponics_for_12_days;collection_date:2023-12-10;geo_loc_name:China:Taigu;tissue:Crown_roots_treated_with_nitrate_for_30_min-3
PRJNA1210120	SRR32010333	SAMN46239726	NA	crown root	under hydroponics for 12 days	Jingu21	G-30min-2	NA	cultivar:jingu_21;dev_stage:Foxtail_millet_in_hydroponics_for_12_days;collection_date:2023-12-10;geo_loc_name:China:Taigu;tissue:Crown_roots_treated_with_nitrate_for_30_min-2
PRJNA1210120	SRR32010334	SAMN46239725	NA	crown root	under hydroponics for 12 days	Jingu21	G-30min-1	NA	cultivar:jingu_21;dev_stage:Foxtail_millet_in_hydroponics_for_12_days;collection_date:2023-12-10;geo_loc_name:China:Taigu;tissue:Crown_roots_treated_with_nitrate_for_30_min-1
PRJNA1210120	SRR32010335	SAMN46239724	NA	crown root	under hydroponics for 12 days	Jingu21	G-10min-3	NA	cultivar:jingu_21;dev_stage:Foxtail_millet_in_hydroponics_for_12_days;collection_date:2023-12-10;geo_loc_name:China:Taigu;tissue:Crown_roots_treated_with_nitrate_for_10_min-3
PRJNA1210120	SRR32010336	SAMN46239706	NA	primary root	under hydroponics for 12 days	Jingu21	Z-0-3	NA	cultivar:jingu_21;dev_stage:Foxtail_millet_in_hydroponics_for_12_days;collection_date:2023-12-10;geo_loc_name:China:Taigu;tissue:Primary_roots_without_nitrate_treatment-3
PRJNA1210120	SRR32010337	SAMN46239723	NA	crown root	under hydroponics for 12 days	Jingu21	G-10min-2	NA	cultivar:jingu_21;dev_stage:Foxtail_millet_in_hydroponics_for_12_days;collection_date:2023-12-10;geo_loc_name:China:Taigu;tissue:Crown_roots_treated_with_nitrate_for_10_min-2
PRJNA1210120	SRR32010338	SAMN46239722	NA	crown root	under hydroponics for 12 days	Jingu21	G-10min-1	NA	cultivar:jingu_21;dev_stage:Foxtail_millet_in_hydroponics_for_12_days;collection_date:2023-12-10;geo_loc_name:China:Taigu;tissue:Crown_roots_treated_with_nitrate_for_10_min-1
PRJNA1210120	SRR32010339	SAMN46239721	NA	crown root	under hydroponics for 12 days	Jingu21	G-0-3	NA	cultivar:jingu_21;dev_stage:Foxtail_millet_in_hydroponics_for_12_days;collection_date:2023-12-10;geo_loc_name:China:Taigu;tissue:Crown_roots_without_nitrate_treatment-3
PRJNA1210120	SRR32010340	SAMN46239720	NA	crown root	under hydroponics for 12 days	Jingu21	G-0-2	NA	cultivar:jingu_21;dev_stage:Foxtail_millet_in_hydroponics_for_12_days;collection_date:2023-12-10;geo_loc_name:China:Taigu;tissue:Crown_roots_without_nitrate_treatment-2
PRJNA1210120	SRR32010341	SAMN46239719	NA	crown root	under hydroponics for 12 days	Jingu21	G-0-1	NA	cultivar:jingu_21;dev_stage:Foxtail_millet_in_hydroponics_for_12_days;collection_date:2023-12-10;geo_loc_name:China:Taigu;tissue:Crown_roots_without_nitrate_treatment-1
PRJNA1210120	SRR32010342	SAMN46239718	NA	primary root	under hydroponics for 12 days	Jingu21	Z-2h-3	NA	cultivar:jingu_21;dev_stage:Foxtail_millet_in_hydroponics_for_12_days;collection_date:2023-12-10;geo_loc_name:China:Taigu;tissue:Primary_roots_treated_with_nitrate_for_2_h-3
PRJNA1210120	SRR32010343	SAMN46239717	NA	primary root	under hydroponics for 12 days	Jingu21	Z-2h-2	NA	cultivar:jingu_21;dev_stage:Foxtail_millet_in_hydroponics_for_12_days;collection_date:2023-12-10;geo_loc_name:China:Taigu;tissue:Primary_roots_treated_with_nitrate_for_2_h-2
PRJNA1210120	SRR32010344	SAMN46239716	NA	primary root	under hydroponics for 12 days	Jingu21	Z-2h-1	NA	cultivar:jingu_21;dev_stage:Foxtail_millet_in_hydroponics_for_12_days;collection_date:2023-12-10;geo_loc_name:China:Taigu;tissue:Primary_roots_treated_with_nitrate_for_2_h-1
PRJNA1210120	SRR32010345	SAMN46239715	NA	primary root	under hydroponics for 12 days	Jingu21	Z-1h-3	NA	cultivar:jingu_21;dev_stage:Foxtail_millet_in_hydroponics_for_12_days;collection_date:2023-12-10;geo_loc_name:China:Taigu;tissue:Primary_roots_treated_with_nitrate_for_1_h-3
PRJNA1210120	SRR32010346	SAMN46239714	NA	primary root	under hydroponics for 12 days	Jingu21	Z-1h-2	NA	cultivar:jingu_21;dev_stage:Foxtail_millet_in_hydroponics_for_12_days;collection_date:2023-12-10;geo_loc_name:China:Taigu;tissue:Primary_roots_treated_with_nitrate_for_1_h-2
PRJNA1210120	SRR32010347	SAMN46239705	NA	primary root	under hydroponics for 12 days	Jingu21	Z-0-2	NA	cultivar:jingu_21;dev_stage:Foxtail_millet_in_hydroponics_for_12_days;collection_date:2023-12-10;geo_loc_name:China:Taigu;tissue:Primary_roots_without_nitrate_treatment-2
PRJNA1210120	SRR32010348	SAMN46239704	NA	primary root	under hydroponics for 12 days	Jingu21	Z-0-1	NA	cultivar:jingu_21;dev_stage:Foxtail_millet_in_hydroponics_for_12_days;collection_date:2023-12-10;geo_loc_name:China:Taigu;tissue:Primary_roots_without_nitrate_treatment-1
PRJNA1212689	SRR32046246	SAMN46305827	NA	leaf	60 days	Ci846	Ci846-1	NA	cultivar:Ci846;dev_stage:60days;collection_date:2022-11-20;geo_loc_name:China:Taian;tissue:leaves;treatment:normal;replicate:60days_leaves_under_normal_condition_rep1;replicate:60days_leaves_under_normal_condition_rep1
PRJNA1212689	SRR32046247	SAMN46305826	drought	leaf	60 days	Ci854-OE	OE3_dry3	NA	cultivar:Ci854-OE;dev_stage:60days;collection_date:2022-11-20;geo_loc_name:China:Taian;tissue:leaves;treatment:drought_stress;replicate:60days_leaves_under_drought_stress_rep3;replicate:60days_leaves_under_drought_stress_rep3
PRJNA1212689	SRR32046248	SAMN46305825	drought	leaf	60 days	Ci853-OE	OE3-dry2	NA	cultivar:Ci853-OE;dev_stage:60days;collection_date:2022-11-20;geo_loc_name:China:Taian;tissue:leaves;treatment:drought_stress;replicate:60days_leaves_under_drought_stress_rep2;replicate:60days_leaves_under_drought_stress_rep2
PRJNA1212689	SRR32046249	SAMN46305824	drought	leaf	60 days	Ci852-OE	OE3-dry1	NA	cultivar:Ci852-OE;dev_stage:60days;collection_date:2022-11-20;geo_loc_name:China:Taian;tissue:leaves;treatment:drought_stress;replicate:60days_leaves_under_drought_stress_rep1;replicate:60days_leaves_under_drought_stress_rep1
PRJNA1212689	SRR32046250	SAMN46305823	salt treatment	leaf	60 days	Ci851-OE	OE3-salt3	NA	cultivar:Ci851-OE;dev_stage:60days;collection_date:2022-11-20;geo_loc_name:China:Taian;tissue:leaves;treatment:salt_stress;replicate:60days_leaves_under_salt_stress_rep3;replicate:60days_leaves_under_salt_stress_rep3
PRJNA1212689	SRR32046251	SAMN46305822	salt treatment	leaf	60 days	Ci850-OE	OE3-salt2	NA	cultivar:Ci850-OE;dev_stage:60days;collection_date:2022-11-20;geo_loc_name:China:Taian;tissue:leaves;treatment:salt_stress;replicate:60days_leaves_under_salt_stress_rep2;replicate:60days_leaves_under_salt_stress_rep2
PRJNA1212689	SRR32046252	SAMN46305821	salt treatment	leaf	60 days	Ci849-OE	OE3-salt1	NA	cultivar:Ci849-OE;dev_stage:60days;collection_date:2022-11-20;geo_loc_name:China:Taian;tissue:leaves;treatment:salt_stress;replicate:60days_leaves_under_salt_stress_rep1;replicate:60days_leaves_under_salt_stress_rep1
PRJNA1212689	SRR32046253	SAMN46305820	NA	leaf	60 days	Ci848-OE	OE3-3	NA	cultivar:Ci848-OE;dev_stage:60days;collection_date:2022-11-20;geo_loc_name:China:Taian;tissue:leaves;treatment:normal;replicate:60days_leaves_under_normal_condition_rep3;replicate:60days_leaves_under_normal_condition_rep3
PRJNA1212689	SRR32046254	SAMN46305835	drought	leaf	60 days	Ci846	ci846-dry3	NA	cultivar:Ci846;dev_stage:60days;collection_date:2022-11-20;geo_loc_name:China:Taian;tissue:leaves;treatment:drought_stress;replicate:60days_leaves_under_drought_stress_rep3;replicate:60days_leaves_under_drought_stress_rep3
PRJNA1212689	SRR32046255	SAMN46305834	drought	leaf	60 days	Ci846	ci846-dry2	NA	cultivar:Ci846;dev_stage:60days;collection_date:2022-11-20;geo_loc_name:China:Taian;tissue:leaves;treatment:drought_stress;replicate:60days_leaves_under_drought_stress_rep2;replicate:60days_leaves_under_drought_stress_rep2
PRJNA1212689	SRR32046256	SAMN46305833	drought	leaf	60 days	Ci846	Ci846-dry1	NA	cultivar:Ci846;dev_stage:60days;collection_date:2022-11-20;geo_loc_name:China:Taian;tissue:leaves;treatment:drought_stress;replicate:60days_leaves_under_drought_stress_rep1;replicate:60days_leaves_under_drought_stress_rep1
PRJNA1212689	SRR32046257	SAMN46305832	salt treatment	leaf	60 days	Ci846	ci846-salt3	NA	cultivar:Ci846;dev_stage:60days;collection_date:2022-11-20;geo_loc_name:China:Taian;tissue:leaves;treatment:salt_stress;replicate:60days_leaves_under_salt_stress_rep3;replicate:60days_leaves_under_salt_stress_rep3
PRJNA1212689	SRR32046258	SAMN46305831	salt treatment	leaf	60 days	Ci846	ci846-salt2	NA	cultivar:Ci846;dev_stage:60days;collection_date:2022-11-20;geo_loc_name:China:Taian;tissue:leaves;treatment:salt_stress;replicate:60days_leaves_under_salt_stress_rep2;replicate:60days_leaves_under_salt_stress_rep2
PRJNA1212689	SRR32046259	SAMN46305830	salt treatment	leaf	60 days	Ci846	Ci846-salt1	NA	cultivar:Ci846;dev_stage:60days;collection_date:2022-11-20;geo_loc_name:China:Taian;tissue:leaves;treatment:salt_stress;replicate:60days_leaves_under_salt_stress_rep1;replicate:60days_leaves_under_salt_stress_rep1
PRJNA1212689	SRR32046260	SAMN46305829	NA	leaf	60 days	Ci846	ci846-3	NA	cultivar:Ci846;dev_stage:60days;collection_date:2022-11-20;geo_loc_name:China:Taian;tissue:leaves;treatment:normal;replicate:60days_leaves_under_normal_condition_rep3;replicate:60days_leaves_under_normal_condition_rep3
PRJNA1212689	SRR32046261	SAMN46305828	NA	leaf	60 days	Ci846	ci846-2	NA	cultivar:Ci846;dev_stage:60days;collection_date:2022-11-20;geo_loc_name:China:Taian;tissue:leaves;treatment:normal;replicate:60days_leaves_under_normal_condition_rep2;replicate:60days_leaves_under_normal_condition_rep2
PRJNA1212689	SRR32046262	SAMN46305819	NA	leaf	60 days	Ci847-OE	OE3-2	NA	cultivar:Ci847-OE;dev_stage:60days;collection_date:2022-11-20;geo_loc_name:China:Taian;tissue:leaves;treatment:normal;replicate:60days_leaves_under_normal_condition_rep2;replicate:60days_leaves_under_normal_condition_rep2
PRJNA1212689	SRR32046263	SAMN46305818	NA	leaf	60 days	Ci846-OE	OE3-1	NA	cultivar:Ci846-OE;dev_stage:60days;collection_date:2022-11-20;geo_loc_name:China:Taian;tissue:leaves;treatment:normal;replicate:60days_leaves_under_normal_condition_rep1;replicate:60days_leaves_under_normal_condition_rep1
PRJNA1242530	SRR32876178	SAMN47594200	NA	flag leaf	grain filling stage	Changnong35	CN35-G1	NA	isolate:Flag_leaf_of_Changnong_35-1;cultivar:Changnong_35;ecotype:spring_cultivar;age:94_days_after_sowing;dev_stage:grain_filling_stage;collection_date:2023-08-18;geo_loc_name:China:_Changzhi__Shanxi;tissue:flag_leaf
PRJNA1242530	SRR32876179	SAMN47594199	NA	flag leaf	grain filling stage	Heizhigu	Hzg-G3	NA	isolate:Flag_leaf_of_Heizhigu-3;cultivar:Heizhigu;ecotype:spring_cultivar;age:94_days_after_sowing;dev_stage:grain_filling_stage;collection_date:2023-08-18;geo_loc_name:China:_Changzhi__Shanxi;tissue:flag_leaf
PRJNA1242530	SRR32876182	SAMN47594196	NA	flag leaf	heading stage	Changnong35	CN35-H3	NA	isolate:Flag_leaf_of_Changnong_35-3;cultivar:Changnong_35;ecotype:spring_cultivar;age:80_days_after_sowing;dev_stage:heading_stage;collection_date:2023-08-04;geo_loc_name:China:_Changzhi__Shanxi;tissue:flag_leaf
PRJNA1242530	SRR32876183	SAMN47594195	NA	flag leaf	heading stage	Changnong35	CN35-H2	NA	isolate:Flag_leaf_of_Changnong_35-2;cultivar:Changnong_35;ecotype:spring_cultivar;age:80_days_after_sowing;dev_stage:heading_stage;collection_date:2023-08-04;geo_loc_name:China:_Changzhi__Shanxi;tissue:flag_leaf
PRJNA1242530	SRR32876184	SAMN47594194	NA	flag leaf	heading stage	Changnong35	CN35-H1	NA	isolate:Flag_leaf_of_Changnong_35-1;cultivar:Changnong_35;ecotype:spring_cultivar;age:80_days_after_sowing;dev_stage:heading_stage;collection_date:2023-08-04;geo_loc_name:China:_Changzhi__Shanxi;tissue:flag_leaf
PRJNA1242530	SRR32876185	SAMN47594193	NA	flag leaf	heading stage	Heizhigu	Hzg-H3	NA	isolate:Flag_leaf_of_Heizhigu-3;cultivar:Heizhigu;ecotype:spring_cultivar;age:80_days_after_sowing;dev_stage:heading_stage;collection_date:2023-08-04;geo_loc_name:China:_Changzhi__Shanxi;tissue:flag_leaf
PRJNA1242530	SRR32876186	SAMN47594202	NA	flag leaf	grain filling stage	Changnong35	CN35-G3	NA	isolate:Flag_leaf_of_Changnong_35-3;cultivar:Changnong_35;ecotype:spring_cultivar;age:94_days_after_sowing;dev_stage:grain_filling_stage;collection_date:2023-08-18;geo_loc_name:China:_Changzhi__Shanxi;tissue:flag_leaf
PRJNA1242530	SRR32876187	SAMN47594201	NA	flag leaf	grain filling stage	Changnong35	CN35-G2	NA	isolate:Flag_leaf_of_Changnong_35-2;cultivar:Changnong_35;ecotype:spring_cultivar;age:94_days_after_sowing;dev_stage:grain_filling_stage;collection_date:2023-08-18;geo_loc_name:China:_Changzhi__Shanxi;tissue:flag_leaf
PRJNA1242530	SRR32876188	SAMN47594192	NA	flag leaf	heading stage	Heizhigu	Hzg-H2	NA	isolate:Flag_leaf_of_Heizhigu-2;cultivar:Heizhigu;ecotype:spring_cultivar;age:80_days_after_sowing;dev_stage:heading_stage;collection_date:2023-08-04;geo_loc_name:China:_Changzhi__Shanxi;tissue:flag_leaf
PRJNA1242530	SRR32876189	SAMN47594191	NA	flag leaf	heading stage	Heizhigu	Hzg-H1	NA	isolate:Flag_leaf_of_Heizhigu-1;cultivar:Heizhigu;ecotype:spring_cultivar;age:80_days_after_sowing;dev_stage:heading_stage;collection_date:2023-08-04;geo_loc_name:China:_Changzhi__Shanxi;tissue:flag_leaf
PRJNA1241905	SRR32908091	SAMN47566079	NA	seed	NA	Jingu21-81	T4S2_2_1	NA	cultivar:Jingu21-81;age:20_days_after_anthesis;collection_date:2023-09-15;geo_loc_name:China:_Shaanxi;tissue:grain
PRJNA1241905	SRR32908092	SAMN47566007	NA	seed	NA	Jingu21-9	CKS2_2_1	NA	cultivar:Jingu21-9;age:20_days_after_anthesis;collection_date:2023-09-15;geo_loc_name:China:_Shaanxi;tissue:grain
PRJNA1241905	SRR32908093	SAMN47566077	NA	seed	NA	Jingu21-79	T4S2_1_1	NA	cultivar:Jingu21-79;age:20_days_after_anthesis;collection_date:2023-09-15;geo_loc_name:China:_Shaanxi;tissue:grain
PRJNA1241905	SRR32908094	SAMN47566075	NA	seed	NA	Jingu21-77	T4S1_3_1	NA	cultivar:Jingu21-77;age:10_days_after_anthesis;collection_date:2023-09-05;geo_loc_name:China:_Shaanxi;tissue:grain
PRJNA1241905	SRR32908095	SAMN47566073	NA	seed	NA	Jingu21-75	T4S1_2_1	NA	cultivar:Jingu21-75;age:10_days_after_anthesis;collection_date:2023-09-05;geo_loc_name:China:_Shaanxi;tissue:grain
PRJNA1241905	SRR32908096	SAMN47566071	NA	seed	NA	Jingu21-73	T4S1_1_1	NA	cultivar:Jingu21-73;age:10_days_after_anthesis;collection_date:2023-09-05;geo_loc_name:China:_Shaanxi;tissue:grain
PRJNA1241905	SRR32908097	SAMN47566069	NA	seed	NA	Jingu21-71	T3S3_3_1	NA	cultivar:Jingu21-71;age:30_days_after_anthesis;collection_date:2023-09-25;geo_loc_name:China:_Shaanxi;tissue:grain
PRJNA1241905	SRR32908098	SAMN47566067	NA	seed	NA	Jingu21-69	T3S3_2_1	NA	cultivar:Jingu21-69;age:30_days_after_anthesis;collection_date:2023-09-25;geo_loc_name:China:_Shaanxi;tissue:grain
PRJNA1241905	SRR32908099	SAMN47566065	NA	seed	NA	Jingu21-67	T3S3_1_1	NA	cultivar:Jingu21-67;age:30_days_after_anthesis;collection_date:2023-09-25;geo_loc_name:China:_Shaanxi;tissue:grain
PRJNA1241905	SRR32908100	SAMN47566063	NA	seed	NA	Jingu21-65	T3S2_3_1	NA	cultivar:Jingu21-65;age:20_days_after_anthesis;collection_date:2023-09-15;geo_loc_name:China:_Shaanxi;tissue:grain
PRJNA1241905	SRR32908101	SAMN47566061	NA	seed	NA	Jingu21-63	T3S2_2_1	NA	cultivar:Jingu21-63;age:20_days_after_anthesis;collection_date:2023-09-15;geo_loc_name:China:_Shaanxi;tissue:grain
PRJNA1241905	SRR32908102	SAMN47566059	NA	seed	NA	Jingu21-61	T3S2_1_1	NA	cultivar:Jingu21-61;age:20_days_after_anthesis;collection_date:2023-09-15;geo_loc_name:China:_Shaanxi;tissue:grain
PRJNA1241905	SRR32908103	SAMN47566005	NA	seed	NA	Jingu21-7	CKS2_1_1	NA	cultivar:Jingu21-7;age:20_days_after_anthesis;collection_date:2023-09-15;geo_loc_name:China:_Shaanxi;tissue:grain
PRJNA1241905	SRR32908104	SAMN47566057	NA	seed	NA	Jingu21-59	T3S1_3_1	NA	cultivar:Jingu21-59;age:10_days_after_anthesis;collection_date:2023-09-05;geo_loc_name:China:_Shaanxi;tissue:grain
PRJNA1241905	SRR32908105	SAMN47566055	NA	seed	NA	Jingu21-57	T3S1_2_1	NA	cultivar:Jingu21-57;age:10_days_after_anthesis;collection_date:2023-09-05;geo_loc_name:China:_Shaanxi;tissue:grain
PRJNA1241905	SRR32908106	SAMN47566053	NA	seed	NA	Jingu21-55	T3S1_1_1	NA	cultivar:Jingu21-55;age:10_days_after_anthesis;collection_date:2023-09-05;geo_loc_name:China:_Shaanxi;tissue:grain
PRJNA1241905	SRR32908107	SAMN47566051	NA	seed	NA	Jingu21-53	T2S3_3_1	NA	cultivar:Jingu21-53;age:30_days_after_anthesis;collection_date:2023-09-25;geo_loc_name:China:_Shaanxi;tissue:grain
PRJNA1241905	SRR32908108	SAMN47566049	NA	seed	NA	Jingu21-51	T2S3_2_1	NA	cultivar:Jingu21-51;age:30_days_after_anthesis;collection_date:2023-09-25;geo_loc_name:China:_Shaanxi;tissue:grain
PRJNA1241905	SRR32908109	SAMN47566047	NA	seed	NA	Jingu21-49	T2S3_1_1	NA	cultivar:Jingu21-49;age:30_days_after_anthesis;collection_date:2023-09-25;geo_loc_name:China:_Shaanxi;tissue:grain
PRJNA1241905	SRR32908110	SAMN47566045	NA	seed	NA	Jingu21-47	T2S2_3_1	NA	cultivar:Jingu21-47;age:20_days_after_anthesis;collection_date:2023-09-15;geo_loc_name:China:_Shaanxi;tissue:grain
PRJNA1241905	SRR32908111	SAMN47566043	NA	seed	NA	Jingu21-45	T2S2_2_1	NA	cultivar:Jingu21-45;age:20_days_after_anthesis;collection_date:2023-09-15;geo_loc_name:China:_Shaanxi;tissue:grain
PRJNA1241905	SRR32908112	SAMN47566041	NA	seed	NA	Jingu21-43	T2S2_1_1	NA	cultivar:Jingu21-43;age:20_days_after_anthesis;collection_date:2023-09-15;geo_loc_name:China:_Shaanxi;tissue:grain
PRJNA1241905	SRR32908113	SAMN47566039	NA	seed	NA	Jingu21-41	T2S1_3_1	NA	cultivar:Jingu21-41;age:10_days_after_anthesis;collection_date:2023-09-05;geo_loc_name:China:_Shaanxi;tissue:grain
PRJNA1241905	SRR32908114	SAMN47566003	NA	seed	NA	Jingu21-5	CKS1_3_1	NA	cultivar:Jingu21-5;age:10_days_after_anthesis;collection_date:2023-09-05;geo_loc_name:China:_Shaanxi;tissue:grain
PRJNA1241905	SRR32908115	SAMN47566037	NA	seed	NA	Jingu21-39	T2S1_2_1	NA	cultivar:Jingu21-39;age:10_days_after_anthesis;collection_date:2023-09-05;geo_loc_name:China:_Shaanxi;tissue:grain
PRJNA1241905	SRR32908116	SAMN47566035	NA	seed	NA	Jingu21-37	T2S1_1_1	NA	cultivar:Jingu21-37;age:10_days_after_anthesis;collection_date:2023-09-05;geo_loc_name:China:_Shaanxi;tissue:grain
PRJNA1241905	SRR32908117	SAMN47566033	NA	seed	NA	Jingu21-35	T1S3_3_1	NA	cultivar:Jingu21-35;age:30_days_after_anthesis;collection_date:2023-09-25;geo_loc_name:China:_Shaanxi;tissue:grain
PRJNA1241905	SRR32908118	SAMN47566031	NA	seed	NA	Jingu21-33	T1S3_2_1	NA	cultivar:Jingu21-33;age:30_days_after_anthesis;collection_date:2023-09-25;geo_loc_name:China:_Shaanxi;tissue:grain
PRJNA1241905	SRR32908119	SAMN47566029	NA	seed	NA	Jingu21-31	T1S3_1_1	NA	cultivar:Jingu21-31;age:30_days_after_anthesis;collection_date:2023-09-25;geo_loc_name:China:_Shaanxi;tissue:grain
PRJNA1241905	SRR32908120	SAMN47566027	NA	seed	NA	Jingu21-29	T1S2_3_1	NA	cultivar:Jingu21-29;age:20_days_after_anthesis;collection_date:2023-09-15;geo_loc_name:China:_Shaanxi;tissue:grain
PRJNA1241905	SRR32908121	SAMN47566025	NA	seed	NA	Jingu21-27	T1S2_2_1	NA	cultivar:Jingu21-27;age:20_days_after_anthesis;collection_date:2023-09-15;geo_loc_name:China:_Shaanxi;tissue:grain
PRJNA1241905	SRR32908122	SAMN47566023	NA	seed	NA	Jingu21-25	T1S2_1_1	NA	cultivar:Jingu21-25;age:20_days_after_anthesis;collection_date:2023-09-15;geo_loc_name:China:_Shaanxi;tissue:grain
PRJNA1241905	SRR32908123	SAMN47566017	NA	seed	NA	Jingu21-19	T1S1_1_1	NA	cultivar:Jingu21-19;age:10_days_after_anthesis;collection_date:2023-09-05;geo_loc_name:China:_Shaanxi;tissue:grain
PRJNA1241905	SRR32908124	SAMN47566015	NA	seed	NA	Jingu21-17	CKS3_3_1	NA	cultivar:Jingu21-17;age:30_days_after_anthesis;collection_date:2023-09-25;geo_loc_name:China:_Shaanxi;tissue:grain
PRJNA1241905	SRR32908125	SAMN47566013	NA	seed	NA	Jingu21-15	CKS3_2_1	NA	cultivar:Jingu21-15;age:30_days_after_anthesis;collection_date:2023-09-25;geo_loc_name:China:_Shaanxi;tissue:grain
PRJNA1241905	SRR32908126	SAMN47566011	NA	seed	NA	Jingu21-13	CKS3_1_1	NA	cultivar:Jingu21-13;age:30_days_after_anthesis;collection_date:2023-09-25;geo_loc_name:China:_Shaanxi;tissue:grain
PRJNA1241905	SRR32908127	SAMN47566009	NA	seed	NA	Jingu21-11	CKS2_3_1	NA	cultivar:Jingu21-11;age:20_days_after_anthesis;collection_date:2023-09-15;geo_loc_name:China:_Shaanxi;tissue:grain
PRJNA1241905	SRR32908128	SAMN47566087	NA	seed	NA	Jingu21-89	T4S3_3_1	NA	cultivar:Jingu21-89;age:30_days_after_anthesis;collection_date:2023-09-25;geo_loc_name:China:_Shaanxi;tissue:grain
PRJNA1241905	SRR32908129	SAMN47566085	NA	seed	NA	Jingu21-87	T4S3_2_1	NA	cultivar:Jingu21-87;age:30_days_after_anthesis;collection_date:2023-09-25;geo_loc_name:China:_Shaanxi;tissue:grain
PRJNA1241905	SRR32908130	SAMN47566083	NA	seed	NA	Jingu21-85	T4S3_1_1	NA	cultivar:Jingu21-85;age:30_days_after_anthesis;collection_date:2023-09-25;geo_loc_name:China:_Shaanxi;tissue:grain
PRJNA1241905	SRR32908131	SAMN47566081	NA	seed	NA	Jingu21-83	T4S2_3_1	NA	cultivar:Jingu21-83;age:20_days_after_anthesis;collection_date:2023-09-15;geo_loc_name:China:_Shaanxi;tissue:grain
PRJNA1241905	SRR32908132	SAMN47566021	NA	seed	NA	Jingu21-23	T1S1_3_1	NA	cultivar:Jingu21-23;age:10_days_after_anthesis;collection_date:2023-09-05;geo_loc_name:China:_Shaanxi;tissue:grain
PRJNA1241905	SRR32908133	SAMN47566019	NA	seed	NA	Jingu21-21	T1S1_2_1	NA	cultivar:Jingu21-21;age:10_days_after_anthesis;collection_date:2023-09-05;geo_loc_name:China:_Shaanxi;tissue:grain
PRJNA1241905	SRR32908134	SAMN47566001	NA	seed	NA	Jingu21-3	CKS1_2_1	NA	cultivar:Jingu21-3;age:10_days_after_anthesis;collection_date:2023-09-05;geo_loc_name:China:_Shaanxi;tissue:grain
PRJNA1241905	SRR32908135	SAMN47565999	NA	seed	NA	Jingu21-1	CKS1_1_1	NA	cultivar:Jingu21-1;age:10_days_after_anthesis;collection_date:2023-09-05;geo_loc_name:China:_Shaanxi;tissue:grain
PRJNA1260231	SRR33515120	SAMN48389067	drought	leaf	3-leaf stage	Jingu21	M_DS_1	NA	isolate:M_DS_1;cultivar:Jingu_21;age:foxtail_millet_three_leaf_stage;dev_stage:foxtail_millet_three_leaf_stage;collection_date:2024-05-29;geo_loc_name:China:_Shanxi;tissue:leaf;treatment:Drought_stress
PRJNA1260231	SRR33515121	SAMN48389066	drought	leaf	3-leaf stage	Jingu21	Jin21_DS_3	NA	isolate:Jin21_DS_3;cultivar:Jingu_21;age:foxtail_millet_three_leaf_stage;dev_stage:foxtail_millet_three_leaf_stage;collection_date:2024-05-29;geo_loc_name:China:_Shanxi;tissue:leaf;treatment:Drought_stress
PRJNA1260231	SRR33515122	SAMN48389065	drought	leaf	3-leaf stage	Jingu21	Jin21_DS_2	NA	isolate:Jin21_DS_2;cultivar:Jingu_21;age:foxtail_millet_three_leaf_stage;dev_stage:foxtail_millet_three_leaf_stage;collection_date:2024-05-29;geo_loc_name:China:_Shanxi;tissue:leaf;treatment:Drought_stress
PRJNA1260231	SRR33515123	SAMN48389064	drought	leaf	3-leaf stage	Jingu21	Jin21_DS_1	NA	isolate:Jin21_DS_1;cultivar:Jingu_21;age:foxtail_millet_three_leaf_stage;dev_stage:foxtail_millet_three_leaf_stage;collection_date:2024-05-29;geo_loc_name:China:_Shanxi;tissue:leaf;treatment:Drought_stress
PRJNA1260231	SRR33515124	SAMN48389063	control	leaf	3-leaf stage	Jingu21	M_CK_3	NA	isolate:M_CK_3;cultivar:Jingu_21;age:foxtail_millet_three_leaf_stage;dev_stage:foxtail_millet_three_leaf_stage;collection_date:2024-05-29;geo_loc_name:China:_Shanxi;tissue:leaf;treatment:Control
PRJNA1260231	SRR33515125	SAMN48389062	control	leaf	3-leaf stage	Jingu21	M_CK_2	NA	isolate:M_CK_2;cultivar:Jingu_21;age:foxtail_millet_three_leaf_stage;dev_stage:foxtail_millet_three_leaf_stage;collection_date:2024-05-29;geo_loc_name:China:_Shanxi;tissue:leaf;treatment:Control
PRJNA1260231	SRR33515126	SAMN48389061	control	leaf	3-leaf stage	Jingu21	M_CK_1	NA	isolate:M_CK_1;cultivar:Jingu_21;age:foxtail_millet_three_leaf_stage;dev_stage:foxtail_millet_three_leaf_stage;collection_date:2024-05-29;geo_loc_name:China:_Shanxi;tissue:leaf;treatment:Control
PRJNA1260231	SRR33515127	SAMN48389060	control	leaf	3-leaf stage	Jingu21	Jin21_CK_3	NA	isolate:Jin21_CK_3;cultivar:Jingu_21;age:foxtail_millet_three_leaf_stage;dev_stage:foxtail_millet_three_leaf_stage;collection_date:2024-05-29;geo_loc_name:China:_Shanxi;tissue:leaf;treatment:Control
PRJNA1260231	SRR33515128	SAMN48389069	drought	leaf	3-leaf stage	Jingu21	M_DS_3	NA	isolate:M_DS_3;cultivar:Jingu_21;age:foxtail_millet_three_leaf_stage;dev_stage:foxtail_millet_three_leaf_stage;collection_date:2024-05-29;geo_loc_name:China:_Shanxi;tissue:leaf;treatment:Drought_stress
PRJNA1260231	SRR33515129	SAMN48389068	drought	leaf	3-leaf stage	Jingu21	M_DS_2	NA	isolate:M_DS_2;cultivar:Jingu_21;age:foxtail_millet_three_leaf_stage;dev_stage:foxtail_millet_three_leaf_stage;collection_date:2024-05-29;geo_loc_name:China:_Shanxi;tissue:leaf;treatment:Drought_stress
PRJNA1260231	SRR33515130	SAMN48389059	control	leaf	3-leaf stage	Jingu21	Jin21_CK_2	NA	isolate:Jin21_CK_2;cultivar:Jingu_21;age:foxtail_millet_three_leaf_stage;dev_stage:foxtail_millet_three_leaf_stage;collection_date:2024-05-29;geo_loc_name:China:_Shanxi;tissue:leaf;treatment:Control
PRJNA1260231	SRR33515131	SAMN48389058	control	leaf	3-leaf stage	Jingu21	Jin21_CK_1	NA	isolate:Jin21_CK_1;cultivar:Jingu_21;age:foxtail_millet_three_leaf_stage;dev_stage:foxtail_millet_three_leaf_stage;collection_date:2024-05-29;geo_loc_name:China:_Shanxi;tissue:leaf;treatment:Control
PRJNA1285567	SRR34351834	SAMN49769128	NA	spike	double ridge meristem stage	Jingu21	D1	NA	cultivar:Jingu21;dev_stage:double_ridge_meristem_stage;collection_date:2023-07/2023-08;geo_loc_name:China:Taigu;tissue:Spikes;replicate:replicate_=_biological_replicate_10
PRJNA1285567	SRR34351835	SAMN49769127	NA	spike	bristle primordium meristem stage	Jingu21	AP3	NA	cultivar:Jingu21;dev_stage:bristle_primordium_meristem_stage;collection_date:2023-07/2023-08;geo_loc_name:China:Taigu;tissue:Spikes;replicate:replicate_=_biological_replicate_9
PRJNA1285567	SRR34351836	SAMN49769126	NA	spike	bristle primordium meristem stage	Jingu21	AP2	NA	cultivar:Jingu21;dev_stage:bristle_primordium_meristem_stage;collection_date:2023-07/2023-08;geo_loc_name:China:Taigu;tissue:Spikes;replicate:replicate_=_biological_replicate_8
PRJNA1285567	SRR34351837	SAMN49769125	NA	spike	bristle primordium meristem stage	Jingu21	AP1	NA	cultivar:Jingu21;dev_stage:bristle_primordium_meristem_stage;collection_date:2023-07/2023-08;geo_loc_name:China:Taigu;tissue:Spikes;replicate:replicate_=_biological_replicate_7
PRJNA1285567	SRR34351838	SAMN49769124	NA	spike	green anther stage	Jingu21	G3	NA	cultivar:Jingu21;dev_stage:green_anther_stage;collection_date:2023-07/2023-08;geo_loc_name:China:Taigu;tissue:Spikes;replicate:replicate_=_biological_replicate_6
PRJNA1285567	SRR34351839	SAMN49769123	NA	spike	green anther stage	Jingu21	G2	NA	cultivar:Jingu21;dev_stage:green_anther_stage;collection_date:2023-07/2023-08;geo_loc_name:China:Taigu;tissue:Spikes;replicate:replicate_=_biological_replicate_5
PRJNA1285567	SRR34351840	SAMN49769122	NA	spike	green anther stage	Jingu21	G1	NA	cultivar:Jingu21;dev_stage:green_anther_stage;collection_date:2023-07/2023-08;geo_loc_name:China:Taigu;tissue:Spikes;replicate:replicate_=_biological_replicate_4
PRJNA1285567	SRR34351841	SAMN49769121	NA	spike	green anther stage	Jingu21	E27_3	NA	cultivar:Jingu21;dev_stage:green_anther_stage;collection_date:2023-07/2023-08;geo_loc_name:China:Taigu;tissue:Spikes;replicate:replicate_=_biological_replicate_3
PRJNA1285567	SRR34351842	SAMN49769133	NA	leaf	2 weeks	Jingu21	S3	NA	cultivar:Jingu21;dev_stage:two-week-old_seedling_stage;collection_date:2023-07/2023-08;geo_loc_name:China:Taigu;tissue:Leaves;replicate:replicate_=_biological_replicate_15
PRJNA1285567	SRR34351843	SAMN49769132	NA	leaf	2 weeks	Jingu21	S2	NA	cultivar:Jingu21;dev_stage:two-week-old_seedling_stage;collection_date:2023-07/2023-08;geo_loc_name:China:Taigu;tissue:Leaves;replicate:replicate_=_biological_replicate_14
PRJNA1285567	SRR34351844	SAMN49769131	NA	leaf	2 weeks	Jingu21	S1	NA	cultivar:Jingu21;dev_stage:two-week-old_seedling_stage;collection_date:2023-07/2023-08;geo_loc_name:China:Taigu;tissue:Leaves;replicate:replicate_=_biological_replicate_13
PRJNA1285567	SRR34351845	SAMN49769130	NA	spike	double ridge meristem stage	Jingu21	D3	NA	cultivar:Jingu21;dev_stage:double_ridge_meristem_stage;collection_date:2023-07/2023-08;geo_loc_name:China:Taigu;tissue:Spikes;replicate:replicate_=_biological_replicate_12
PRJNA1285567	SRR34351846	SAMN49769129	NA	spike	double ridge meristem stage	Jingu21	D2	NA	cultivar:Jingu21;dev_stage:double_ridge_meristem_stage;collection_date:2023-07/2023-08;geo_loc_name:China:Taigu;tissue:Spikes;replicate:replicate_=_biological_replicate_11
PRJNA1285567	SRR34351847	SAMN49769120	NA	spike	green anther stage	Jingu21	E27_2	NA	cultivar:Jingu21;dev_stage:green_anther_stage;collection_date:2023-07/2023-08;geo_loc_name:China:Taigu;tissue:Spikes;replicate:replicate_=_biological_replicate_2
PRJNA1285567	SRR34351848	SAMN49769119	NA	spike	green anther stage	Jingu21	E27_1	NA	cultivar:Jingu21;dev_stage:green_anther_stage;collection_date:2023-07/2023-08;geo_loc_name:China:Taigu;tissue:Spikes;replicate:replicate_=_biological_replicate_1
PRJNA1276264	SRR34509450	SAMN49040196	NA	leaf	NA	NA	TDP002_1	NA	ecotype:China;age:not_provided;collection_date:not_provided;geo_loc_name:China:_Shijiazhuang;tissue:leaf_sheaths;replicate:replicate_=_biological_replicate_1
PRJNA1276264	SRR34509451	SAMN49040196	NA	leaf	NA	NA	TDP002_1	NA	ecotype:China;age:not_provided;collection_date:not_provided;geo_loc_name:China:_Shijiazhuang;tissue:leaf_sheaths;replicate:replicate_=_biological_replicate_1
PRJNA1276264	SRR34509452	SAMN49040196	NA	leaf	NA	NA	TDP002_1	NA	ecotype:China;age:not_provided;collection_date:not_provided;geo_loc_name:China:_Shijiazhuang;tissue:leaf_sheaths;replicate:replicate_=_biological_replicate_1
PRJNA1276264	SRR34509453	SAMN49040196	NA	leaf	NA	NA	TDP002_1	NA	ecotype:China;age:not_provided;collection_date:not_provided;geo_loc_name:China:_Shijiazhuang;tissue:leaf_sheaths;replicate:replicate_=_biological_replicate_1
PRJNA1276264	SRR34509454	SAMN49040196	NA	leaf	NA	NA	TDP002_1	NA	ecotype:China;age:not_provided;collection_date:not_provided;geo_loc_name:China:_Shijiazhuang;tissue:leaf_sheaths;replicate:replicate_=_biological_replicate_1
PRJNA1276264	SRR34509455	SAMN49040196	NA	leaf	NA	NA	TDP002_1	NA	ecotype:China;age:not_provided;collection_date:not_provided;geo_loc_name:China:_Shijiazhuang;tissue:leaf_sheaths;replicate:replicate_=_biological_replicate_1
PRJNA1311832	SRR35168616	SAMN50842719	control	root	NA	NA	GSM9206260	NA	source_name:roots;tissue:roots;sample_group:mock14DISE42;genotype:ISE42;treatment:mock;geo_loc_name:missing;collection_date:missing
PRJNA1311832	SRR35168617	SAMN50842720	Inoculation Claroideoglomus etunicatum	root	NA	NA	GSM9206259	NA	source_name:roots;tissue:roots;sample_group:AMF14DISE42;genotype:ISE42;treatment:Claroideoglomus_etunicatum_inoculation;geo_loc_name:missing;collection_date:missing
PRJNA1311832	SRR35168618	SAMN50842721	control	root	NA	NA	GSM9206258	NA	source_name:roots;tissue:roots;sample_group:mock14DTT8;genotype:Taitung_8;treatment:mock;geo_loc_name:missing;collection_date:missing
PRJNA1311832	SRR35168619	SAMN50842722	Inoculation Claroideoglomus etunicatum	root	NA	NA	GSM9206257	NA	source_name:roots;tissue:roots;sample_group:AMF14DTT8;genotype:Taitung_8;treatment:Claroideoglomus_etunicatum_inoculation;geo_loc_name:missing;collection_date:missing
PRJNA1311832	SRR35168620	SAMN50842723	control	root	NA	NA	GSM9206256	NA	source_name:roots;tissue:roots;sample_group:mock7DISE42;genotype:ISE42;treatment:mock;geo_loc_name:missing;collection_date:missing
PRJNA1311832	SRR35168621	SAMN50842724	Inoculation Claroideoglomus etunicatum	root	NA	NA	GSM9206255	NA	source_name:roots;tissue:roots;sample_group:AMF7DISE42;genotype:ISE42;treatment:Claroideoglomus_etunicatum_inoculation;geo_loc_name:missing;collection_date:missing
PRJNA1311832	SRR35168622	SAMN50842725	control	root	NA	NA	GSM9206254	NA	source_name:roots;tissue:roots;sample_group:mock7DTT8;genotype:Taitung_8;treatment:mock;geo_loc_name:missing;collection_date:missing
PRJNA1311832	SRR35168623	SAMN50842726	Inoculation Claroideoglomus etunicatum	root	NA	NA	GSM9206253	NA	source_name:roots;tissue:roots;sample_group:AMF7DTT8;genotype:Taitung_8;treatment:Claroideoglomus_etunicatum_inoculation;geo_loc_name:missing;collection_date:missing
PRJNA1311832	SRR35168624	SAMN50842727	control	root	NA	NA	GSM9206252	NA	source_name:roots;tissue:roots;sample_group:mock14DISE42;genotype:ISE42;treatment:mock;geo_loc_name:missing;collection_date:missing
PRJNA1311832	SRR35168625	SAMN50842728	Inoculation Claroideoglomus etunicatum	root	NA	NA	GSM9206251	NA	source_name:roots;tissue:roots;sample_group:AMF14DISE42;genotype:ISE42;treatment:Claroideoglomus_etunicatum_inoculation;geo_loc_name:missing;collection_date:missing
PRJNA1311832	SRR35168626	SAMN50842729	control	root	NA	NA	GSM9206250	NA	source_name:roots;tissue:roots;sample_group:mock14DTT8;genotype:Taitung_8;treatment:mock;geo_loc_name:missing;collection_date:missing
PRJNA1311832	SRR35168627	SAMN50842730	Inoculation Claroideoglomus etunicatum	root	NA	NA	GSM9206249	NA	source_name:roots;tissue:roots;sample_group:AMF14DTT8;genotype:Taitung_8;treatment:Claroideoglomus_etunicatum_inoculation;geo_loc_name:missing;collection_date:missing
PRJNA1311832	SRR35168628	SAMN50842731	control	root	NA	NA	GSM9206248	NA	source_name:roots;tissue:roots;sample_group:mock7DISE42;genotype:ISE42;treatment:mock;geo_loc_name:missing;collection_date:missing
PRJNA1311832	SRR35168629	SAMN50842732	Inoculation Claroideoglomus etunicatum	root	NA	NA	GSM9206247	NA	source_name:roots;tissue:roots;sample_group:AMF7DISE42;genotype:ISE42;treatment:Claroideoglomus_etunicatum_inoculation;geo_loc_name:missing;collection_date:missing
PRJNA1311832	SRR35168630	SAMN50842733	control	root	NA	NA	GSM9206246	NA	source_name:roots;tissue:roots;sample_group:mock7DTT8;genotype:Taitung_8;treatment:mock;geo_loc_name:missing;collection_date:missing
PRJNA1311832	SRR35168631	SAMN50842734	Inoculation Claroideoglomus etunicatum	root	NA	NA	GSM9206245	NA	source_name:roots;tissue:roots;sample_group:AMF7DTT8;genotype:Taitung_8;treatment:Claroideoglomus_etunicatum_inoculation;geo_loc_name:missing;collection_date:missing
PRJNA1311832	SRR35168632	SAMN50842735	control	root	NA	NA	GSM9206244	NA	source_name:roots;tissue:roots;sample_group:mock14DISE42;genotype:ISE42;treatment:mock;geo_loc_name:missing;collection_date:missing
PRJNA1311832	SRR35168633	SAMN50842736	Inoculation Claroideoglomus etunicatum	root	NA	NA	GSM9206243	NA	source_name:roots;tissue:roots;sample_group:AMF14DISE42;genotype:ISE42;treatment:Claroideoglomus_etunicatum_inoculation;geo_loc_name:missing;collection_date:missing
PRJNA1311832	SRR35168634	SAMN50842737	control	root	NA	NA	GSM9206242	NA	source_name:roots;tissue:roots;sample_group:mock14DTT8;genotype:Taitung_8;treatment:mock;geo_loc_name:missing;collection_date:missing
PRJNA1311832	SRR35168635	SAMN50842738	Inoculation Claroideoglomus etunicatum	root	NA	NA	GSM9206241	NA	source_name:roots;tissue:roots;sample_group:AMF14DTT8;genotype:Taitung_8;treatment:Claroideoglomus_etunicatum_inoculation;geo_loc_name:missing;collection_date:missing
PRJNA1311832	SRR35168636	SAMN50842739	control	root	NA	NA	GSM9206240	NA	source_name:roots;tissue:roots;sample_group:mock7DISE42;genotype:ISE42;treatment:mock;geo_loc_name:missing;collection_date:missing
PRJNA1311832	SRR35168637	SAMN50842740	Inoculation Claroideoglomus etunicatum	root	NA	NA	GSM9206239	NA	source_name:roots;tissue:roots;sample_group:AMF7DISE42;genotype:ISE42;treatment:Claroideoglomus_etunicatum_inoculation;geo_loc_name:missing;collection_date:missing
PRJNA1311832	SRR35168638	SAMN50842741	control	root	NA	NA	GSM9206238	NA	source_name:roots;tissue:roots;sample_group:mock7DTT8;genotype:Taitung_8;treatment:mock;geo_loc_name:missing;collection_date:missing
PRJNA1311832	SRR35168639	SAMN50842742	Inoculation Claroideoglomus etunicatum	root	NA	NA	GSM9206237	NA	source_name:roots;tissue:roots;sample_group:AMF7DTT8;genotype:Taitung_8;treatment:Claroideoglomus_etunicatum_inoculation;geo_loc_name:missing;collection_date:missing
PRJNA321862	SRR3536772	SAMN05004927	NA	shoot	maturing stage	NA	MGTGGCC	NA	isolate:Yugu1;age:35_days;dev_stage:Mature;geo_loc_name:Australia:_Brisbane;tissue:Phytomer:_leaf__stem_node_and_internode;isolation_source:P
PRJNA1335833	SRR35742403	SAMN52025436	NA	leaf	NA	NA	J45III_9	NA	ecotype:China;age:not_provided;collection_date:not_provided;geo_loc_name:China:_Shijiazhuang;tissue:leaf;replicate:replicate_=_biological_replicate_6
PRJNA1335833	SRR35742404	SAMN52025435	NA	leaf	NA	NA	J45III_8	NA	ecotype:China;age:not_provided;collection_date:not_provided;geo_loc_name:China:_Shijiazhuang;tissue:leaf;replicate:replicate_=_biological_replicate_5
PRJNA1335833	SRR35742405	SAMN52025434	NA	leaf	NA	NA	J45III_7	NA	ecotype:China;age:not_provided;collection_date:not_provided;geo_loc_name:China:_Shijiazhuang;tissue:leaf;replicate:replicate_=_biological_replicate_4
PRJNA1335833	SRR35742406	SAMN52025433	NA	leaf	NA	NA	J45III_3	NA	ecotype:China;age:not_provided;collection_date:not_provided;geo_loc_name:China:_Shijiazhuang;tissue:leaf;replicate:replicate_=_biological_replicate_3
PRJNA1335833	SRR35742407	SAMN52025432	NA	leaf	NA	NA	J45III_2	NA	ecotype:China;age:not_provided;collection_date:not_provided;geo_loc_name:China:_Shijiazhuang;tissue:leaf;replicate:replicate_=_biological_replicate_2
PRJNA1335833	SRR35742408	SAMN52025431	NA	leaf	NA	NA	J45III_1	NA	ecotype:China;age:not_provided;collection_date:not_provided;geo_loc_name:China:_Shijiazhuang;tissue:leaf;replicate:replicate_=_biological_replicate_1
PRJNA1346841	SRR35820850	SAMN52841957	NA	leaf	seedling stage	NA	OEmSiNAC015-mock_2	NA	isolate:overexpression;cultivar:not_collected;ecotype:Ci846;age:3-week-old;dev_stage:seedling_stage;collection_date:2022-06-04;geo_loc_name:China;tissue:leaf
PRJNA1346841	SRR35820851	SAMN52841956	NA	leaf	seedling stage	NA	OEmSiNAC015-mock_1	NA	isolate:overexpression;cultivar:not_collected;ecotype:Ci846;age:3-week-old;dev_stage:seedling_stage;collection_date:2022-06-03;geo_loc_name:China;tissue:leaf
PRJNA1346841	SRR35820852	SAMN52841955	NA	leaf	seedling stage	NA	Ci846-mock_2	NA	isolate:wild_type;cultivar:not_collected;ecotype:Ci846;age:3-week-old;dev_stage:seedling_stage;collection_date:2022-06-02;geo_loc_name:China;tissue:leaf
PRJNA1346841	SRR35820853	SAMN52841954	NA	leaf	seedling stage	NA	Ci846-mock_1	NA	isolate:wild_type;cultivar:not_collected;ecotype:Ci846;age:3-week-old;dev_stage:seedling_stage;collection_date:2022-06-01;geo_loc_name:China;tissue:leaf
PRJNA1359106	SRR35984581	SAMN53132508	NA	seed	seed	Jingu21	CK_3	NA	cultivar:Jingu_21;dev_stage:seed;collection_date:2024-05-14;geo_loc_name:China;tissue:seed;sample_type:CK_3
PRJNA1359106	SRR35984582	SAMN53132507	NA	seed	seed	Jingu21	CK_2	NA	cultivar:Jingu_21;dev_stage:seed;collection_date:2024-05-14;geo_loc_name:China;tissue:seed;sample_type:CK_2
PRJNA1359106	SRR35984583	SAMN53132506	NA	seed	seed	Jingu21	CK_1	NA	cultivar:Jingu_21;dev_stage:seed;collection_date:2024-05-14;geo_loc_name:China;tissue:seed;sample_type:CK_1
PRJNA1359106	SRR35984584	SAMN53132505	NA	seed	seed	Jingu21	MDW_3	NA	cultivar:Jingu_21;dev_stage:seed;collection_date:2024-05-14;geo_loc_name:China;tissue:seed;sample_type:MDW_3
PRJNA1359106	SRR35984585	SAMN53132504	NA	seed	seed	Jingu21	MDW_2	NA	cultivar:Jingu_21;dev_stage:seed;collection_date:2024-05-14;geo_loc_name:China;tissue:seed;sample_type:MDW_2
PRJNA1359106	SRR35984586	SAMN53132503	NA	seed	seed	Jingu21	MDW_1	NA	cultivar:Jingu_21;dev_stage:seed;collection_date:2024-05-14;geo_loc_name:China;tissue:seed;sample_type:MDW_1
PRJNA1359106	SRR35984587	SAMN53132502	NA	seed	seed	Jingu21	MD_3	NA	cultivar:Jingu_21;dev_stage:seed;collection_date:2024-05-14;geo_loc_name:China;tissue:seed;sample_type:MD_3
PRJNA1359106	SRR35984588	SAMN53132501	NA	seed	seed	Jingu21	MD_2	NA	cultivar:Jingu_21;dev_stage:seed;collection_date:2024-05-14;geo_loc_name:China;tissue:seed;sample_type:MD_2
PRJNA1359106	SRR35984589	SAMN53132500	NA	seed	seed	Jingu21	MD_1	NA	cultivar:Jingu_21;dev_stage:seed;collection_date:2024-05-14;geo_loc_name:China;tissue:seed;sample_type:MD_1
PRJNA1364852	SRR36035027	SAMN53263165	brassinolide	leaf	NA	NA	H-C0+BR-1	NA	isolate:H-C0+BR-1;cultivar:Setaria_italica;age:Three-week-old;collection_date:2025-03-05;geo_loc_name:China:Shanxi;tissue:leaves;treatment:H-C0+BR
PRJNA1364852	SRR36035028	SAMN53263164	control	leaf	NA	NA	H-C0-3	NA	isolate:H-C0-3;cultivar:Setaria_italica;age:Three-week-old;collection_date:2025-03-05;geo_loc_name:China:Shanxi;tissue:leaves;treatment:H-C0
PRJNA1364852	SRR36035029	SAMN53263163	control	leaf	NA	NA	H-C0-2	NA	isolate:H-C0-2;cultivar:Setaria_italica;age:Three-week-old;collection_date:2025-03-05;geo_loc_name:China:Shanxi;tissue:leaves;treatment:H-C0
PRJNA1364852	SRR36035030	SAMN53263162	control	leaf	NA	NA	H-C0-1	NA	isolate:H-C0-1;cultivar:Setaria_italica;age:Three-week-old;collection_date:2025-03-05;geo_loc_name:China:Shanxi;tissue:leaves;treatment:H-C0
PRJNA1364852	SRR36035031	SAMN53263161	brassinolide	leaf	NA	NA	H-N0+BR-3	NA	isolate:H-N0+BR-3;cultivar:Setaria_italica;age:Three-week-old;collection_date:2025-03-05;geo_loc_name:China:Shanxi;tissue:leaves;treatment:H-N0+BR
PRJNA1364852	SRR36035032	SAMN53263160	brassinolide	leaf	NA	NA	H-N0+BR-2	NA	isolate:H-N0+BR-2;cultivar:Setaria_italica;age:Three-week-old;collection_date:2025-03-05;geo_loc_name:China:Shanxi;tissue:leaves;treatment:H-N0+BR
PRJNA1364852	SRR36035033	SAMN53263159	brassinolide	leaf	NA	NA	H-N0+BR-1	NA	isolate:H-N0+BR-1;cultivar:Setaria_italica;age:Three-week-old;collection_date:2025-03-05;geo_loc_name:China:Shanxi;tissue:leaves;treatment:H-N0+BR
PRJNA1364852	SRR36035034	SAMN53263179	brassinolide	leaf	NA	NA	H-C3+BR-3	NA	isolate:H-C3+BR-3;cultivar:Setaria_italica;age:Four-week-old;collection_date:2025-03-08;geo_loc_name:China:Shanxi;tissue:leaves;treatment:H-C3+BR
PRJNA1364852	SRR36035035	SAMN53263178	brassinolide	leaf	NA	NA	H-C3+BR-2	NA	isolate:H-C3+BR-2;cultivar:Setaria_italica;age:Four-week-old;collection_date:2025-03-08;geo_loc_name:China:Shanxi;tissue:leaves;treatment:H-C3+BR
PRJNA1364852	SRR36035036	SAMN53263177	brassinolide	leaf	NA	NA	H-C3+BR-1	NA	isolate:H-C3+BR-1;cultivar:Setaria_italica;age:Four-week-old;collection_date:2025-03-08;geo_loc_name:China:Shanxi;tissue:leaves;treatment:H-C3+BR
PRJNA1364852	SRR36035037	SAMN53263176	control	leaf	NA	NA	H-C3-3	NA	isolate:H-C3-3;cultivar:Setaria_italica;age:Four-week-old;collection_date:2025-03-08;geo_loc_name:China:Shanxi;tissue:leaves;treatment:H-C3
PRJNA1364852	SRR36035038	SAMN53263158	control	leaf	NA	NA	H-N0-3	NA	isolate:H-N0-3;cultivar:Setaria_italica;age:Three-week-old;collection_date:2025-03-05;geo_loc_name:China:Shanxi;tissue:leaves;treatment:H-N0
PRJNA1364852	SRR36035039	SAMN53263175	control	leaf	NA	NA	H-C3-2	NA	isolate:H-C3-2;cultivar:Setaria_italica;age:Four-week-old;collection_date:2025-03-08;geo_loc_name:China:Shanxi;tissue:leaves;treatment:H-C3
PRJNA1364852	SRR36035040	SAMN53263174	control	leaf	NA	NA	H-C3-1	NA	isolate:H-C3-1;cultivar:Setaria_italica;age:Four-week-old;collection_date:2025-03-08;geo_loc_name:China:Shanxi;tissue:leaves;treatment:H-C3
PRJNA1364852	SRR36035041	SAMN53263173	brassinolide	leaf	NA	NA	H-N3+BR-3	NA	isolate:H-N3+BR-3;cultivar:Setaria_italica;age:Four-week-old;collection_date:2025-03-08;geo_loc_name:China:Shanxi;tissue:leaves;treatment:H-N3+BR
PRJNA1364852	SRR36035042	SAMN53263172	brassinolide	leaf	NA	NA	H-N3+BR-2	NA	isolate:H-N3+BR-2;cultivar:Setaria_italica;age:Four-week-old;collection_date:2025-03-08;geo_loc_name:China:Shanxi;tissue:leaves;treatment:H-N3+BR
PRJNA1364852	SRR36035043	SAMN53263171	brassinolide	leaf	NA	NA	H-N3+BR-1	NA	isolate:H-N3+BR-1;cultivar:Setaria_italica;age:Four-week-old;collection_date:2025-03-08;geo_loc_name:China:Shanxi;tissue:leaves;treatment:H-N3+BR
PRJNA1364852	SRR36035044	SAMN53263170	control	leaf	NA	NA	H-N3-3	NA	isolate:H-N3-3;cultivar:Setaria_italica;age:Four-week-old;collection_date:2025-03-08;geo_loc_name:China:Shanxi;tissue:leaves;treatment:H-N3
PRJNA1364852	SRR36035045	SAMN53263169	control	leaf	NA	NA	H-N3-2	NA	isolate:H-N3-2;cultivar:Setaria_italica;age:Four-week-old;collection_date:2025-03-08;geo_loc_name:China:Shanxi;tissue:leaves;treatment:H-N3
PRJNA1364852	SRR36035046	SAMN53263168	control	leaf	NA	NA	H-N3-1	NA	isolate:H-N3-1;cultivar:Setaria_italica;age:Four-week-old;collection_date:2025-03-08;geo_loc_name:China:Shanxi;tissue:leaves;treatment:H-N3
PRJNA1364852	SRR36035047	SAMN53263167	brassinolide	leaf	NA	NA	H-C0+BR-3	NA	isolate:H-C0+BR-3;cultivar:Setaria_italica;age:Three-week-old;collection_date:2025-03-05;geo_loc_name:China:Shanxi;tissue:leaves;treatment:H-C0+BR
PRJNA1364852	SRR36035048	SAMN53263166	brassinolide	leaf	NA	NA	H-C0+BR-2	NA	isolate:H-C0+BR-2;cultivar:Setaria_italica;age:Three-week-old;collection_date:2025-03-05;geo_loc_name:China:Shanxi;tissue:leaves;treatment:H-C0+BR
PRJNA1364852	SRR36035049	SAMN53263157	control	leaf	NA	NA	H-N0-2	NA	isolate:H-N0-2;cultivar:Setaria_italica;age:Three-week-old;collection_date:2025-03-05;geo_loc_name:China:Shanxi;tissue:leaves;treatment:H-N0
PRJNA1364852	SRR36035050	SAMN53263156	control	leaf	NA	NA	H-N0-1	NA	isolate:H-N0-1;cultivar:Setaria_italica;age:Three-week-old;collection_date:2025-03-05;geo_loc_name:China:Shanxi;tissue:leaves;treatment:H-N0
PRJNA80183	SRR360531	SAMN00749847	NA	NA	NA	NA	H-C3-2	NA	Strain:Yugu;Sample_Number:4091896
PRJNA80183	SRR400269	SAMN00773773	NA	NA	NA	NA	H-C0-2	NA	Strain:Yugu;Sample_Number:4091903
PRJNA80183	SRR400270	SAMN00773765	NA	NA	NA	NA	H-N0-3	NA	Strain:Yugu;Sample_Number:4091907
PRJNA80183	SRR400272	SAMN00773775	NA	NA	NA	NA	H-C0+BR-1	NA	Strain:Yugu;Sample_Number:4091912
PRJNA80183	SRR400273	SAMN00773766	NA	NA	NA	NA	H-C3+BR-3	NA	Strain:Yugu;Sample_Number:4091910
PRJNA80183	SRR400274	SAMN00773771	NA	NA	NA	NA	H-N0+BR-2	NA	Strain:Yugu;Sample_Number:4091896
PRJNA80183	SRR400276	SAMN00773770	NA	NA	NA	NA	H-C3-3	NA	Strain:Yugu;Sample_Number:4091905
PRJNA80183	SRR400277	SAMN00773768	NA	NA	NA	NA	H-C0-3	NA	Strain:Yugu;Sample_Number:4091908
PRJNA80183	SRR400278	SAMN00773774	NA	NA	NA	NA	H-C0-1	NA	Strain:Yugu;Sample_Number:4091909
PRJNA80183	SRR400280	SAMN00773772	NA	NA	NA	NA	H-C3+BR-2	NA	Strain:Yugu;Sample_Number:4091913
PRJNA80183	SRR400281	SAMN00773769	NA	NA	NA	NA	H-N0+BR-3	NA	Strain:Yugu;Sample_Number:4091906
PRJNA80183	SRR400282	SAMN00773767	NA	NA	NA	NA	H-N0+BR-1	NA	Strain:Yugu;Sample_Number:4091911
PRJNA80183	SRR400286	SAMN00773776	NA	NA	NA	NA	H-C3+BR-1	NA	Strain:Yugu;Sample_Number:4091914
PRJNA340292	SRR4101197	SAMN05714652	NA	leaf	NA	Yugu	Sitalica_Yugu	NA	cultivar:Yugu;age:14_days;geo_loc_name:USA;tissue:Leaf
PRJNA340292	SRR4101198	SAMN05714652	NA	leaf	NA	Yugu	Sitalica_Yugu	NA	cultivar:Yugu;age:14_days;geo_loc_name:USA;tissue:Leaf
PRJNA340292	SRR4101199	SAMN05714652	NA	leaf	NA	Yugu	Sitalica_Yugu	NA	cultivar:Yugu;age:14_days;geo_loc_name:USA;tissue:Leaf
PRJNA343268	SRR4280406	SAMN05791341	cold	whole plant	12 days	Yugu1	YuGuI-b2-1d	NA	cultivar:Yugu1;dev_stage:12day;geo_loc_name:USA:NE.__Lincoln;tissue:whole_plant;biomaterial_provider:Y.Z.;treatment:cold;replicate:biological_replicate_2
PRJNA343268	SRR4280407	SAMN05791342	control	whole plant	12 days	Yugu1	YuGuI-b2-control	NA	cultivar:Yugu1;dev_stage:12day;geo_loc_name:USA:NE.__Lincoln;tissue:whole_plant;biomaterial_provider:Y.Z.;treatment:control;replicate:biological_replicate_2
PRJNA343268	SRR4280417	SAMN05791351	cold	whole plant	12 days	Yugu1	YuGuI-b3-1d	NA	cultivar:Yugu1;dev_stage:12day;geo_loc_name:USA:NE.__Lincoln;tissue:whole_plant;biomaterial_provider:Y.Z.;treatment:cold;replicate:biological_replicate_3
PRJNA343268	SRR4280418	SAMN05791352	control	whole plant	12 days	Yugu1	YuGuI-b3-control	NA	cultivar:Yugu1;dev_stage:12day;geo_loc_name:USA:NE.__Lincoln;tissue:whole_plant;biomaterial_provider:Y.Z.;treatment:control;replicate:biological_replicate_3
PRJNA343268	SRR4280428	SAMN05791335	cold	whole plant	12 days	Yugu1	YuGuI-b1-1d	NA	cultivar:Yugu1;dev_stage:12day;geo_loc_name:USA:NE.__Lincoln;tissue:whole_plant;biomaterial_provider:Y.Z.;treatment:cold;replicate:biological_replicate_1
PRJNA343268	SRR4280429	SAMN05791336	control	whole plant	12 days	Yugu1	YuGuI-b1-control	NA	cultivar:Yugu1;dev_stage:12day;geo_loc_name:USA:NE.__Lincoln;tissue:whole_plant;biomaterial_provider:Y.Z.;treatment:control;replicate:biological_replicate_1
PRJNA344653	SRR4301592	SAMN05830712	cold	whole plant	12 days	Yugu1	b1-FoxtailMillet-cold-05h	NA	cultivar:Yugu1;dev_stage:12day;geo_loc_name:USA:NE.__Lincoln;tissue:whole_plant;biomaterial_provider:Y.Z.;treatment:cold;replicate:biological_replicate_1_1
PRJNA344653	SRR4301593	SAMN05830713	cold	whole plant	12 days	Yugu1	b1-FoxtailMillet-cold-16h	NA	cultivar:Yugu1;dev_stage:12day;geo_loc_name:USA:NE.__Lincoln;tissue:whole_plant;biomaterial_provider:Y.Z.;treatment:cold;replicate:biological_replicate_1_2
PRJNA344653	SRR4301594	SAMN05830722	control	whole plant	12 days	Yugu1	b1-FoxtailMillet-control-3h	NA	cultivar:Yugu1;dev_stage:12day;geo_loc_name:USA:NE.__Lincoln;tissue:whole_plant;biomaterial_provider:Y.Z.;treatment:control;replicate:biological_replicate_1_11
PRJNA344653	SRR4301604	SAMN05830723	control	whole plant	12 days	Yugu1	b1-FoxtailMillet-control-6h	NA	cultivar:Yugu1;dev_stage:12day;geo_loc_name:USA:NE.__Lincoln;tissue:whole_plant;biomaterial_provider:Y.Z.;treatment:control;replicate:biological_replicate_1_12
PRJNA344653	SRR4301613	SAMN05830714	cold	whole plant	12 days	Yugu1	b1-FoxtailMillet-cold-1h	NA	cultivar:Yugu1;dev_stage:12day;geo_loc_name:USA:NE.__Lincoln;tissue:whole_plant;biomaterial_provider:Y.Z.;treatment:cold;replicate:biological_replicate_1_3
PRJNA344653	SRR4301624	SAMN05830715	cold	whole plant	12 days	Yugu1	b1-FoxtailMillet-cold-24h	NA	cultivar:Yugu1;dev_stage:12day;geo_loc_name:USA:NE.__Lincoln;tissue:whole_plant;biomaterial_provider:Y.Z.;treatment:cold;replicate:biological_replicate_1_4
PRJNA344653	SRR4301631	SAMN05830748	cold	whole plant	12 days	Yugu1	b2-FoxtailMillet-cold-05h	NA	cultivar:Yugu1;dev_stage:12day;geo_loc_name:USA:NE.__Lincoln;tissue:whole_plant;biomaterial_provider:Y.Z.;treatment:cold;replicate:biological_replicate_1_37
PRJNA344653	SRR4301632	SAMN05830749	cold	whole plant	12 days	Yugu1	b2-FoxtailMillet-cold-16h	NA	cultivar:Yugu1;dev_stage:12day;geo_loc_name:USA:NE.__Lincoln;tissue:whole_plant;biomaterial_provider:Y.Z.;treatment:cold;replicate:biological_replicate_1_38
PRJNA344653	SRR4301633	SAMN05830750	cold	whole plant	12 days	Yugu1	b2-FoxtailMillet-cold-1h	NA	cultivar:Yugu1;dev_stage:12day;geo_loc_name:USA:NE.__Lincoln;tissue:whole_plant;biomaterial_provider:Y.Z.;treatment:cold;replicate:biological_replicate_1_39
PRJNA344653	SRR4301634	SAMN05830751	cold	whole plant	12 days	Yugu1	b2-FoxtailMillet-cold-24h	NA	cultivar:Yugu1;dev_stage:12day;geo_loc_name:USA:NE.__Lincoln;tissue:whole_plant;biomaterial_provider:Y.Z.;treatment:cold;replicate:biological_replicate_1_40
PRJNA344653	SRR4301635	SAMN05830716	cold	whole plant	10 days	Yugu1	b1-FoxtailMillet-cold-3h	NA	cultivar:Yugu1;dev_stage:10day;geo_loc_name:USA:NE.__Lincoln;tissue:whole_plant;biomaterial_provider:Y.Z.;treatment:cold;replicate:biological_replicate_1_5
PRJNA344653	SRR4301636	SAMN05830752	cold	whole plant	10 days	Yugu1	b2-FoxtailMillet-cold-3h	NA	cultivar:Yugu1;dev_stage:10day;geo_loc_name:USA:NE.__Lincoln;tissue:whole_plant;biomaterial_provider:Y.Z.;treatment:cold;replicate:biological_replicate_1_41
PRJNA344653	SRR4301637	SAMN05830753	cold	whole plant	10 days	Yugu1	b2-FoxtailMillet-cold-6h	NA	cultivar:Yugu1;dev_stage:10day;geo_loc_name:USA:NE.__Lincoln;tissue:whole_plant;biomaterial_provider:Y.Z.;treatment:cold;replicate:biological_replicate_1_42
PRJNA344653	SRR4301638	SAMN05830754	control	whole plant	12 days	Yugu1	b2-FoxtailMillet-control-05h	NA	cultivar:Yugu1;dev_stage:12day;geo_loc_name:USA:NE.__Lincoln;tissue:whole_plant;biomaterial_provider:Y.Z.;treatment:control;replicate:biological_replicate_1_43
PRJNA344653	SRR4301639	SAMN05830755	control	whole plant	12 days	Yugu1	b2-FoxtailMillet-control-16h	NA	cultivar:Yugu1;dev_stage:12day;geo_loc_name:USA:NE.__Lincoln;tissue:whole_plant;biomaterial_provider:Y.Z.;treatment:control;replicate:biological_replicate_1_44
PRJNA344653	SRR4301640	SAMN05830756	control	whole plant	12 days	Yugu1	b2-FoxtailMillet-control-1h	NA	cultivar:Yugu1;dev_stage:12day;geo_loc_name:USA:NE.__Lincoln;tissue:whole_plant;biomaterial_provider:Y.Z.;treatment:control;replicate:biological_replicate_1_45
PRJNA344653	SRR4301641	SAMN05830757	control	whole plant	12 days	Yugu1	b2-FoxtailMillet-control-24h	NA	cultivar:Yugu1;dev_stage:12day;geo_loc_name:USA:NE.__Lincoln;tissue:whole_plant;biomaterial_provider:Y.Z.;treatment:control;replicate:biological_replicate_1_46
PRJNA344653	SRR4301642	SAMN05830758	control	whole plant	12 days	Yugu1	b2-FoxtailMillet-control-3h	NA	cultivar:Yugu1;dev_stage:12day;geo_loc_name:USA:NE.__Lincoln;tissue:whole_plant;biomaterial_provider:Y.Z.;treatment:control;replicate:biological_replicate_1_47
PRJNA344653	SRR4301643	SAMN05830759	control	whole plant	12 days	Yugu1	b2-FoxtailMillet-control-6h	NA	cultivar:Yugu1;dev_stage:12day;geo_loc_name:USA:NE.__Lincoln;tissue:whole_plant;biomaterial_provider:Y.Z.;treatment:control;replicate:biological_replicate_1_48
PRJNA344653	SRR4301646	SAMN05830717	cold	whole plant	10 days	Yugu1	b1-FoxtailMillet-cold-6h	NA	cultivar:Yugu1;dev_stage:10day;geo_loc_name:USA:NE.__Lincoln;tissue:whole_plant;biomaterial_provider:Y.Z.;treatment:cold;replicate:biological_replicate_1_6
PRJNA344653	SRR4301657	SAMN05830718	control	whole plant	12 days	Yugu1	b1-FoxtailMillet-control-05h	NA	cultivar:Yugu1;dev_stage:12day;geo_loc_name:USA:NE.__Lincoln;tissue:whole_plant;biomaterial_provider:Y.Z.;treatment:control;replicate:biological_replicate_1_7
PRJNA344653	SRR4301668	SAMN05830719	control	whole plant	12 days	Yugu1	b1-FoxtailMillet-control-16h	NA	cultivar:Yugu1;dev_stage:12day;geo_loc_name:USA:NE.__Lincoln;tissue:whole_plant;biomaterial_provider:Y.Z.;treatment:control;replicate:biological_replicate_1_8
PRJNA344653	SRR4301671	SAMN05830784	cold	whole plant	12 days	Yugu1	b3-FoxtailMillet-cold-05h	NA	cultivar:Yugu1;dev_stage:12day;geo_loc_name:USA:NE.__Lincoln;tissue:whole_plant;biomaterial_provider:Y.Z.;treatment:cold;replicate:biological_replicate_1_73
PRJNA344653	SRR4301672	SAMN05830785	cold	whole plant	12 days	Yugu1	b3-FoxtailMillet-cold-16h	NA	cultivar:Yugu1;dev_stage:12day;geo_loc_name:USA:NE.__Lincoln;tissue:whole_plant;biomaterial_provider:Y.Z.;treatment:cold;replicate:biological_replicate_1_74
PRJNA344653	SRR4301673	SAMN05830786	cold	whole plant	12 days	Yugu1	b3-FoxtailMillet-cold-1h	NA	cultivar:Yugu1;dev_stage:12day;geo_loc_name:USA:NE.__Lincoln;tissue:whole_plant;biomaterial_provider:Y.Z.;treatment:cold;replicate:biological_replicate_1_75
PRJNA344653	SRR4301674	SAMN05830787	cold	whole plant	12 days	Yugu1	b3-FoxtailMillet-cold-24h	NA	cultivar:Yugu1;dev_stage:12day;geo_loc_name:USA:NE.__Lincoln;tissue:whole_plant;biomaterial_provider:Y.Z.;treatment:cold;replicate:biological_replicate_1_76
PRJNA344653	SRR4301675	SAMN05830788	cold	whole plant	10 days	Yugu1	b3-FoxtailMillet-cold-3h	NA	cultivar:Yugu1;dev_stage:10day;geo_loc_name:USA:NE.__Lincoln;tissue:whole_plant;biomaterial_provider:Y.Z.;treatment:cold;replicate:biological_replicate_1_77
PRJNA344653	SRR4301676	SAMN05830789	cold	whole plant	10 days	Yugu1	b3-FoxtailMillet-cold-6h	NA	cultivar:Yugu1;dev_stage:10day;geo_loc_name:USA:NE.__Lincoln;tissue:whole_plant;biomaterial_provider:Y.Z.;treatment:cold;replicate:biological_replicate_1_78
PRJNA344653	SRR4301677	SAMN05830790	control	whole plant	12 days	Yugu1	b3-FoxtailMillet-control-05h	NA	cultivar:Yugu1;dev_stage:12day;geo_loc_name:USA:NE.__Lincoln;tissue:whole_plant;biomaterial_provider:Y.Z.;treatment:control;replicate:biological_replicate_1_79
PRJNA344653	SRR4301678	SAMN05830791	control	whole plant	12 days	Yugu1	b3-FoxtailMillet-control-16h	NA	cultivar:Yugu1;dev_stage:12day;geo_loc_name:USA:NE.__Lincoln;tissue:whole_plant;biomaterial_provider:Y.Z.;treatment:control;replicate:biological_replicate_1_80
PRJNA344653	SRR4301679	SAMN05830720	control	whole plant	12 days	Yugu1	b1-FoxtailMillet-control-1h	NA	cultivar:Yugu1;dev_stage:12day;geo_loc_name:USA:NE.__Lincoln;tissue:whole_plant;biomaterial_provider:Y.Z.;treatment:control;replicate:biological_replicate_1_9
PRJNA344653	SRR4301680	SAMN05830792	control	whole plant	12 days	Yugu1	b3-FoxtailMillet-control-1h	NA	cultivar:Yugu1;dev_stage:12day;geo_loc_name:USA:NE.__Lincoln;tissue:whole_plant;biomaterial_provider:Y.Z.;treatment:control;replicate:biological_replicate_1_81
PRJNA344653	SRR4301681	SAMN05830793	control	whole plant	12 days	Yugu1	b3-FoxtailMillet-control-24h	NA	cultivar:Yugu1;dev_stage:12day;geo_loc_name:USA:NE.__Lincoln;tissue:whole_plant;biomaterial_provider:Y.Z.;treatment:control;replicate:biological_replicate_1_82
PRJNA344653	SRR4301682	SAMN05830794	control	whole plant	12 days	Yugu1	b3-FoxtailMillet-control-3h	NA	cultivar:Yugu1;dev_stage:12day;geo_loc_name:USA:NE.__Lincoln;tissue:whole_plant;biomaterial_provider:Y.Z.;treatment:control;replicate:biological_replicate_1_83
PRJNA344653	SRR4301683	SAMN05830795	control	whole plant	12 days	Yugu1	b3-FoxtailMillet-control-6h	NA	cultivar:Yugu1;dev_stage:12day;geo_loc_name:USA:NE.__Lincoln;tissue:whole_plant;biomaterial_provider:Y.Z.;treatment:control;replicate:biological_replicate_1_84
PRJNA344653	SRR4301690	SAMN05830721	control	whole plant	12 days	Yugu1	b1-FoxtailMillet-control-24h	NA	cultivar:Yugu1;dev_stage:12day;geo_loc_name:USA:NE.__Lincoln;tissue:whole_plant;biomaterial_provider:Y.Z.;treatment:control;replicate:biological_replicate_1_10
PRJNA153279	SRR442161	SAMN00810008	NA	root	NA	NA	CHTU	NA	source_name:root;landrace:Zhang-gu;developmental_stage:adult;tissue:root
PRJNA153279	SRR442162	SAMN00810009	NA	leaf	NA	NA	CHTW	NA	source_name:leaf;landrace:Zhang-gu;developmental_stage:adult;tissue:leaf
PRJNA153279	SRR442163	SAMN00810010	NA	stem	NA	NA	CHTF	NA	source_name:stem;landrace:Zhang-gu;developmental_stage:adult;tissue:stem
PRJNA153279	SRR442164	SAMN00810011	NA	tassel	NA	NA	CHTN	NA	source_name:spica_(tassel);landrace:Zhang-gu;developmental_stage:adult;tissue:tassel
PRJNA372611	SRR5499085	SAMN06313887	NA	NA	NA	B100	YuGuI-b3-1d	NA	collection_date:missing;isol_growth_condt:missing;ref_biomaterial:missing;estimated_size:missing;ploidy:missing;propagation:missing;cultivar:B100;feature:missing;material:missing;biome:missing;num_replicons:missing;host:not_applicable;geo_loc_name:missing;lat_lon:missing;isolation_source:missing
PRJNA372633	SRR5499086	SAMN06313185	NA	NA	NA	B100	YuGuI-b3-control	NA	collection_date:missing;isol_growth_condt:missing;ref_biomaterial:missing;estimated_size:missing;ploidy:missing;propagation:missing;cultivar:B100;feature:missing;material:missing;biome:missing;num_replicons:missing;host:not_applicable;geo_loc_name:missing;lat_lon:missing;isolation_source:missing
PRJNA372619	SRR5499087	SAMN06314054	NA	NA	NA	B100	YuGuI-b1-1d	NA	collection_date:missing;isol_growth_condt:missing;ref_biomaterial:missing;estimated_size:missing;ploidy:missing;propagation:missing;cultivar:B100;feature:missing;material:missing;biome:missing;num_replicons:missing;host:not_applicable;geo_loc_name:missing;lat_lon:missing;isolation_source:missing
PRJNA372613	SRR5499088	SAMN06313809	NA	NA	NA	B100	YuGuI-b1-control	NA	collection_date:missing;isol_growth_condt:missing;ref_biomaterial:missing;estimated_size:missing;ploidy:missing;propagation:missing;cultivar:B100;feature:missing;material:missing;biome:missing;num_replicons:missing;host:not_applicable;geo_loc_name:missing;lat_lon:missing;isolation_source:missing
PRJNA372630	SRR5499089	SAMN06313194	NA	NA	NA	B100	WPCO	NA	collection_date:missing;isol_growth_condt:missing;ref_biomaterial:missing;estimated_size:missing;ploidy:missing;propagation:missing;cultivar:B100;feature:missing;material:missing;biome:missing;num_replicons:missing;host:not_applicable;geo_loc_name:missing;lat_lon:missing;isolation_source:missing
PRJNA372639	SRR5499090	SAMN06313477	NA	NA	NA	B100	WPCN	NA	collection_date:missing;isol_growth_condt:missing;ref_biomaterial:missing;estimated_size:missing;ploidy:missing;propagation:missing;cultivar:B100;feature:missing;material:missing;biome:missing;num_replicons:missing;host:not_applicable;geo_loc_name:missing;lat_lon:missing;isolation_source:missing
PRJNA372627	SRR5499091	SAMN06313844	NA	NA	NA	B100	WPGP	NA	collection_date:missing;isol_growth_condt:missing;ref_biomaterial:missing;estimated_size:missing;ploidy:missing;propagation:missing;cultivar:B100;feature:missing;material:missing;biome:missing;num_replicons:missing;host:not_applicable;geo_loc_name:missing;lat_lon:missing;isolation_source:missing
PRJNA372625	SRR5499092	SAMN06313743	NA	NA	NA	B100	WPGS	NA	collection_date:missing;isol_growth_condt:missing;ref_biomaterial:missing;estimated_size:missing;ploidy:missing;propagation:missing;cultivar:B100;feature:missing;material:missing;biome:missing;num_replicons:missing;host:not_applicable;geo_loc_name:missing;lat_lon:missing;isolation_source:missing
PRJNA372643	SRR5499093	SAMN06313847	NA	NA	NA	B100	WPGU	NA	collection_date:missing;isol_growth_condt:missing;ref_biomaterial:missing;estimated_size:missing;ploidy:missing;propagation:missing;cultivar:B100;feature:missing;material:missing;biome:missing;num_replicons:missing;host:not_applicable;geo_loc_name:missing;lat_lon:missing;isolation_source:missing
PRJNA372636	SRR5499094	SAMN06313589	NA	NA	NA	B100	WPCH	NA	collection_date:missing;isol_growth_condt:missing;ref_biomaterial:missing;estimated_size:missing;ploidy:missing;propagation:missing;cultivar:B100;feature:missing;material:missing;biome:missing;num_replicons:missing;host:not_applicable;geo_loc_name:missing;lat_lon:missing;isolation_source:missing
PRJNA372640	SRR5499095	SAMN06313213	NA	NA	NA	B100	WPCG	NA	collection_date:missing;isol_growth_condt:missing;ref_biomaterial:missing;estimated_size:missing;ploidy:missing;propagation:missing;cultivar:B100;feature:missing;material:missing;biome:missing;num_replicons:missing;host:not_applicable;geo_loc_name:missing;lat_lon:missing;isolation_source:missing
PRJNA372610	SRR5499096	SAMN06313505	NA	NA	NA	B100	WPGZ	NA	collection_date:missing;isol_growth_condt:missing;ref_biomaterial:missing;estimated_size:missing;ploidy:missing;propagation:missing;cultivar:B100;feature:missing;material:missing;biome:missing;num_replicons:missing;host:not_applicable;geo_loc_name:missing;lat_lon:missing;isolation_source:missing
PRJNA372616	SRR5499097	SAMN06313367	NA	NA	NA	B100	WPGY	NA	collection_date:missing;isol_growth_condt:missing;ref_biomaterial:missing;estimated_size:missing;ploidy:missing;propagation:missing;cultivar:B100;feature:missing;material:missing;biome:missing;num_replicons:missing;host:not_applicable;geo_loc_name:missing;lat_lon:missing;isolation_source:missing
PRJNA372646	SRR5499098	SAMN06313919	NA	NA	NA	B100	WPGX	NA	collection_date:missing;isol_growth_condt:missing;ref_biomaterial:missing;estimated_size:missing;ploidy:missing;propagation:missing;cultivar:B100;feature:missing;material:missing;biome:missing;num_replicons:missing;host:not_applicable;geo_loc_name:missing;lat_lon:missing;isolation_source:missing
PRJNA372623	SRR5499099	SAMN06313569	NA	NA	NA	B100	WPCC	NA	collection_date:missing;isol_growth_condt:missing;ref_biomaterial:missing;estimated_size:missing;ploidy:missing;propagation:missing;cultivar:B100;feature:missing;material:missing;biome:missing;num_replicons:missing;host:not_applicable;geo_loc_name:missing;lat_lon:missing;isolation_source:missing
PRJNA372612	SRR5499100	SAMN06313282	NA	NA	NA	B100	WPCB	NA	collection_date:missing;isol_growth_condt:missing;ref_biomaterial:missing;estimated_size:missing;ploidy:missing;propagation:missing;cultivar:B100;feature:missing;material:missing;biome:missing;num_replicons:missing;host:not_applicable;geo_loc_name:missing;lat_lon:missing;isolation_source:missing
PRJNA372635	SRR5499101	SAMN06313791	NA	NA	NA	B100	WPCA	NA	collection_date:missing;isol_growth_condt:missing;ref_biomaterial:missing;estimated_size:missing;ploidy:missing;propagation:missing;cultivar:B100;feature:missing;material:missing;biome:missing;num_replicons:missing;host:not_applicable;geo_loc_name:missing;lat_lon:missing;isolation_source:missing
PRJNA372618	SRR5499102	SAMN06313261	NA	NA	NA	B100	WPGC	NA	collection_date:missing;isol_growth_condt:missing;ref_biomaterial:missing;estimated_size:missing;ploidy:missing;propagation:missing;cultivar:B100;feature:missing;material:missing;biome:missing;num_replicons:missing;host:not_applicable;geo_loc_name:missing;lat_lon:missing;isolation_source:missing
PRJNA372642	SRR5499103	SAMN06313739	NA	NA	NA	B100	WPGB	NA	collection_date:missing;isol_growth_condt:missing;ref_biomaterial:missing;estimated_size:missing;ploidy:missing;propagation:missing;cultivar:B100;feature:missing;material:missing;biome:missing;num_replicons:missing;host:not_applicable;geo_loc_name:missing;lat_lon:missing;isolation_source:missing
PRJNA372628	SRR5499104	SAMN06313800	NA	NA	NA	B100	WPGA	NA	collection_date:missing;isol_growth_condt:missing;ref_biomaterial:missing;estimated_size:missing;ploidy:missing;propagation:missing;cultivar:B100;feature:missing;material:missing;biome:missing;num_replicons:missing;host:not_applicable;geo_loc_name:missing;lat_lon:missing;isolation_source:missing
PRJNA372644	SRR5499105	SAMN06313759	NA	NA	NA	B100	WPGG	NA	collection_date:missing;isol_growth_condt:missing;ref_biomaterial:missing;estimated_size:missing;ploidy:missing;propagation:missing;cultivar:B100;feature:missing;material:missing;biome:missing;num_replicons:missing;host:not_applicable;geo_loc_name:missing;lat_lon:missing;isolation_source:missing
PRJNA372647	SRR5499106	SAMN06313795	NA	NA	NA	B100	WPCZ	NA	collection_date:missing;isol_growth_condt:missing;ref_biomaterial:missing;estimated_size:missing;ploidy:missing;propagation:missing;cultivar:B100;feature:missing;material:missing;biome:missing;num_replicons:missing;host:not_applicable;geo_loc_name:missing;lat_lon:missing;isolation_source:missing
PRJNA372634	SRR5499107	SAMN06313232	NA	NA	NA	B100	WPCY	NA	collection_date:missing;isol_growth_condt:missing;ref_biomaterial:missing;estimated_size:missing;ploidy:missing;propagation:missing;cultivar:B100;feature:missing;material:missing;biome:missing;num_replicons:missing;host:not_applicable;geo_loc_name:missing;lat_lon:missing;isolation_source:missing
PRJNA372615	SRR5499108	SAMN06313394	NA	NA	NA	B100	WPCX	NA	collection_date:missing;isol_growth_condt:missing;ref_biomaterial:missing;estimated_size:missing;ploidy:missing;propagation:missing;cultivar:B100;feature:missing;material:missing;biome:missing;num_replicons:missing;host:not_applicable;geo_loc_name:missing;lat_lon:missing;isolation_source:missing
PRJNA372629	SRR5499109	SAMN06313473	NA	NA	NA	B100	WPCW	NA	collection_date:missing;isol_growth_condt:missing;ref_biomaterial:missing;estimated_size:missing;ploidy:missing;propagation:missing;cultivar:B100;feature:missing;material:missing;biome:missing;num_replicons:missing;host:not_applicable;geo_loc_name:missing;lat_lon:missing;isolation_source:missing
PRJNA372622	SRR5499110	SAMN06313216	NA	NA	NA	B100	WPCU	NA	collection_date:missing;isol_growth_condt:missing;ref_biomaterial:missing;estimated_size:missing;ploidy:missing;propagation:missing;cultivar:B100;feature:missing;material:missing;biome:missing;num_replicons:missing;host:not_applicable;geo_loc_name:missing;lat_lon:missing;isolation_source:missing
PRJNA372648	SRR5499111	SAMN06313599	NA	NA	NA	B100	WPCT	NA	collection_date:missing;isol_growth_condt:missing;ref_biomaterial:missing;estimated_size:missing;ploidy:missing;propagation:missing;cultivar:B100;feature:missing;material:missing;biome:missing;num_replicons:missing;host:not_applicable;geo_loc_name:missing;lat_lon:missing;isolation_source:missing
PRJNA372617	SRR5499112	SAMN06313427	NA	NA	NA	B100	WPGO	NA	collection_date:missing;isol_growth_condt:missing;ref_biomaterial:missing;estimated_size:missing;ploidy:missing;propagation:missing;cultivar:B100;feature:missing;material:missing;biome:missing;num_replicons:missing;host:not_applicable;geo_loc_name:missing;lat_lon:missing;isolation_source:missing
PRJNA372624	SRR5499113	SAMN06313757	NA	NA	NA	B100	WPGN	NA	collection_date:missing;isol_growth_condt:missing;ref_biomaterial:missing;estimated_size:missing;ploidy:missing;propagation:missing;cultivar:B100;feature:missing;material:missing;biome:missing;num_replicons:missing;host:not_applicable;geo_loc_name:missing;lat_lon:missing;isolation_source:missing
PRJNA372650	SRR5499114	SAMN06313941	NA	NA	NA	B100	WPCP	NA	collection_date:missing;isol_growth_condt:missing;ref_biomaterial:missing;estimated_size:missing;ploidy:missing;propagation:missing;cultivar:B100;feature:missing;material:missing;biome:missing;num_replicons:missing;host:not_applicable;geo_loc_name:missing;lat_lon:missing;isolation_source:missing
PRJNA372621	SRR5499115	SAMN06314080	NA	NA	NA	B100	WPGH	NA	collection_date:missing;isol_growth_condt:missing;ref_biomaterial:missing;estimated_size:missing;ploidy:missing;propagation:missing;cultivar:B100;feature:missing;material:missing;biome:missing;num_replicons:missing;host:not_applicable;geo_loc_name:missing;lat_lon:missing;isolation_source:missing
PRJNA372632	SRR5499116	SAMN06313412	NA	NA	NA	B100	WPCS	NA	collection_date:missing;isol_growth_condt:missing;ref_biomaterial:missing;estimated_size:missing;ploidy:missing;propagation:missing;cultivar:B100;feature:missing;material:missing;biome:missing;num_replicons:missing;host:not_applicable;geo_loc_name:missing;lat_lon:missing;isolation_source:missing
PRJNA372649	SRR5499117	SAMN06313901	NA	NA	NA	B100	WPGT	NA	collection_date:missing;isol_growth_condt:missing;ref_biomaterial:missing;estimated_size:missing;ploidy:missing;propagation:missing;cultivar:B100;feature:missing;material:missing;biome:missing;num_replicons:missing;host:not_applicable;geo_loc_name:missing;lat_lon:missing;isolation_source:missing
PRJNA372638	SRR5499118	SAMN06313219	NA	NA	NA	B100	WPHX	NA	collection_date:missing;isol_growth_condt:missing;ref_biomaterial:missing;estimated_size:missing;ploidy:missing;propagation:missing;cultivar:B100;feature:missing;material:missing;biome:missing;num_replicons:missing;host:not_applicable;geo_loc_name:missing;lat_lon:missing;isolation_source:missing
PRJNA372626	SRR5499119	SAMN06313938	NA	NA	NA	B100	WPHW	NA	collection_date:missing;isol_growth_condt:missing;ref_biomaterial:missing;estimated_size:missing;ploidy:missing;propagation:missing;cultivar:B100;feature:missing;material:missing;biome:missing;num_replicons:missing;host:not_applicable;geo_loc_name:missing;lat_lon:missing;isolation_source:missing
PRJNA372641	SRR5499120	SAMN06313208	NA	NA	NA	B100	WPHT	NA	collection_date:missing;isol_growth_condt:missing;ref_biomaterial:missing;estimated_size:missing;ploidy:missing;propagation:missing;cultivar:B100;feature:missing;material:missing;biome:missing;num_replicons:missing;host:not_applicable;geo_loc_name:missing;lat_lon:missing;isolation_source:missing
PRJNA372637	SRR5499121	SAMN06313990	NA	NA	NA	B100	WPHU	NA	collection_date:missing;isol_growth_condt:missing;ref_biomaterial:missing;estimated_size:missing;ploidy:missing;propagation:missing;cultivar:B100;feature:missing;material:missing;biome:missing;num_replicons:missing;host:not_applicable;geo_loc_name:missing;lat_lon:missing;isolation_source:missing
PRJNA372631	SRR5499122	SAMN06313953	NA	NA	NA	B100	WPHS	NA	collection_date:missing;isol_growth_condt:missing;ref_biomaterial:missing;estimated_size:missing;ploidy:missing;propagation:missing;cultivar:B100;feature:missing;material:missing;biome:missing;num_replicons:missing;host:not_applicable;geo_loc_name:missing;lat_lon:missing;isolation_source:missing
PRJNA372614	SRR5499123	SAMN06313294	NA	NA	NA	B100	WPHP	NA	collection_date:missing;isol_growth_condt:missing;ref_biomaterial:missing;estimated_size:missing;ploidy:missing;propagation:missing;cultivar:B100;feature:missing;material:missing;biome:missing;num_replicons:missing;host:not_applicable;geo_loc_name:missing;lat_lon:missing;isolation_source:missing
PRJNA372620	SRR5499124	SAMN06313331	NA	NA	NA	B100	WPGW	NA	collection_date:missing;isol_growth_condt:missing;ref_biomaterial:missing;estimated_size:missing;ploidy:missing;propagation:missing;cultivar:B100;feature:missing;material:missing;biome:missing;num_replicons:missing;host:not_applicable;geo_loc_name:missing;lat_lon:missing;isolation_source:missing
PRJNA372609	SRR5499125	SAMN06313354	NA	NA	NA	B100	WPHO	NA	collection_date:missing;isol_growth_condt:missing;ref_biomaterial:missing;estimated_size:missing;ploidy:missing;propagation:missing;cultivar:B100;feature:missing;material:missing;biome:missing;num_replicons:missing;host:not_applicable;geo_loc_name:missing;lat_lon:missing;isolation_source:missing
PRJNA372608	SRR5499126	SAMN06313771	NA	NA	NA	B100	WPHH	NA	collection_date:missing;isol_growth_condt:missing;ref_biomaterial:missing;estimated_size:missing;ploidy:missing;propagation:missing;cultivar:B100;feature:missing;material:missing;biome:missing;num_replicons:missing;host:not_applicable;geo_loc_name:missing;lat_lon:missing;isolation_source:missing
PRJNA372645	SRR5499127	SAMN06314025	NA	NA	NA	B100	WPHG	NA	collection_date:missing;isol_growth_condt:missing;ref_biomaterial:missing;estimated_size:missing;ploidy:missing;propagation:missing;cultivar:B100;feature:missing;material:missing;biome:missing;num_replicons:missing;host:not_applicable;geo_loc_name:missing;lat_lon:missing;isolation_source:missing
PRJNA372275	SRR5574451	SAMN06313395	NA	NA	NA	Yugu1	AGPGZ	NA	collection_date:missing;isol_growth_condt:missing;ref_biomaterial:missing;estimated_size:missing;ploidy:missing;propagation:missing;cultivar:Yugu1;feature:missing;material:missing;biome:missing;num_replicons:missing;host:not_applicable;geo_loc_name:missing;lat_lon:missing;isolation_source:missing
PRJNA372278	SRR5574452	SAMN06313173	NA	NA	NA	Yugu1	AGPGT	NA	collection_date:missing;isol_growth_condt:missing;ref_biomaterial:missing;estimated_size:missing;ploidy:missing;propagation:missing;cultivar:Yugu1;feature:missing;material:missing;biome:missing;num_replicons:missing;host:not_applicable;geo_loc_name:missing;lat_lon:missing;isolation_source:missing
PRJNA372283	SRR5574453	SAMN06313196	NA	NA	NA	Yugu1	AGPGX	NA	collection_date:missing;isol_growth_condt:missing;ref_biomaterial:missing;estimated_size:missing;ploidy:missing;propagation:missing;cultivar:Yugu1;feature:missing;material:missing;biome:missing;num_replicons:missing;host:not_applicable;geo_loc_name:missing;lat_lon:missing;isolation_source:missing
PRJNA372289	SRR5574454	SAMN06313989	NA	NA	NA	Yugu1	AGPGY	NA	collection_date:missing;isol_growth_condt:missing;ref_biomaterial:missing;estimated_size:missing;ploidy:missing;propagation:missing;cultivar:Yugu1;feature:missing;material:missing;biome:missing;num_replicons:missing;host:not_applicable;geo_loc_name:missing;lat_lon:missing;isolation_source:missing
PRJNA372268	SRR5574455	SAMN06313320	NA	NA	NA	Yugu1	AGPHO	NA	collection_date:missing;isol_growth_condt:missing;ref_biomaterial:missing;estimated_size:missing;ploidy:missing;propagation:missing;cultivar:Yugu1;feature:missing;material:missing;biome:missing;num_replicons:missing;host:not_applicable;geo_loc_name:missing;lat_lon:missing;isolation_source:missing
PRJNA372269	SRR5574456	SAMN06314022	NA	NA	NA	Yugu1	AGPHN	NA	collection_date:missing;isol_growth_condt:missing;ref_biomaterial:missing;estimated_size:missing;ploidy:missing;propagation:missing;cultivar:Yugu1;feature:missing;material:missing;biome:missing;num_replicons:missing;host:not_applicable;geo_loc_name:missing;lat_lon:missing;isolation_source:missing
PRJNA372282	SRR5574457	SAMN06314009	NA	NA	NA	Yugu1	AGPGH	NA	collection_date:missing;isol_growth_condt:missing;ref_biomaterial:missing;estimated_size:missing;ploidy:missing;propagation:missing;cultivar:Yugu1;feature:missing;material:missing;biome:missing;num_replicons:missing;host:not_applicable;geo_loc_name:missing;lat_lon:missing;isolation_source:missing
PRJNA372280	SRR5574459	SAMN06313517	NA	NA	NA	Yugu1	AGPHP	NA	collection_date:missing;isol_growth_condt:missing;ref_biomaterial:missing;estimated_size:missing;ploidy:missing;propagation:missing;cultivar:Yugu1;feature:missing;material:missing;biome:missing;num_replicons:missing;host:not_applicable;geo_loc_name:missing;lat_lon:missing;isolation_source:missing
PRJNA372270	SRR5574460	SAMN06313951	NA	NA	NA	Yugu1	AGPHT	NA	collection_date:missing;isol_growth_condt:missing;ref_biomaterial:missing;estimated_size:missing;ploidy:missing;propagation:missing;cultivar:Yugu1;feature:missing;material:missing;biome:missing;num_replicons:missing;host:not_applicable;geo_loc_name:missing;lat_lon:missing;isolation_source:missing
PRJNA372285	SRR5574461	SAMN06313654	NA	NA	NA	Yugu1	AGPHU	NA	collection_date:missing;isol_growth_condt:missing;ref_biomaterial:missing;estimated_size:missing;ploidy:missing;propagation:missing;cultivar:Yugu1;feature:missing;material:missing;biome:missing;num_replicons:missing;host:not_applicable;geo_loc_name:missing;lat_lon:missing;isolation_source:missing
PRJNA372277	SRR5574462	SAMN06313212	NA	NA	NA	Yugu1	AGPHA	NA	collection_date:missing;isol_growth_condt:missing;ref_biomaterial:missing;estimated_size:missing;ploidy:missing;propagation:missing;cultivar:Yugu1;feature:missing;material:missing;biome:missing;num_replicons:missing;host:not_applicable;geo_loc_name:missing;lat_lon:missing;isolation_source:missing
PRJNA372286	SRR5574463	SAMN06313749	NA	NA	NA	Yugu1	AGPHW	NA	collection_date:missing;isol_growth_condt:missing;ref_biomaterial:missing;estimated_size:missing;ploidy:missing;propagation:missing;cultivar:Yugu1;feature:missing;material:missing;biome:missing;num_replicons:missing;host:not_applicable;geo_loc_name:missing;lat_lon:missing;isolation_source:missing
PRJNA372273	SRR5574464	SAMN06313516	NA	NA	NA	Yugu1	AGPHB	NA	collection_date:missing;isol_growth_condt:missing;ref_biomaterial:missing;estimated_size:missing;ploidy:missing;propagation:missing;cultivar:Yugu1;feature:missing;material:missing;biome:missing;num_replicons:missing;host:not_applicable;geo_loc_name:missing;lat_lon:missing;isolation_source:missing
PRJNA372276	SRR5574465	SAMN06313210	NA	NA	NA	Yugu1	AGPHC	NA	collection_date:missing;isol_growth_condt:missing;ref_biomaterial:missing;estimated_size:missing;ploidy:missing;propagation:missing;cultivar:Yugu1;feature:missing;material:missing;biome:missing;num_replicons:missing;host:not_applicable;geo_loc_name:missing;lat_lon:missing;isolation_source:missing
PRJNA372271	SRR5574466	SAMN06313649	NA	NA	NA	Yugu1	AGPHH	NA	collection_date:missing;isol_growth_condt:missing;ref_biomaterial:missing;estimated_size:missing;ploidy:missing;propagation:missing;cultivar:Yugu1;feature:missing;material:missing;biome:missing;num_replicons:missing;host:not_applicable;geo_loc_name:missing;lat_lon:missing;isolation_source:missing
PRJNA372279	SRR5574467	SAMN06314050	NA	NA	NA	Yugu1	AGPHG	NA	collection_date:missing;isol_growth_condt:missing;ref_biomaterial:missing;estimated_size:missing;ploidy:missing;propagation:missing;cultivar:Yugu1;feature:missing;material:missing;biome:missing;num_replicons:missing;host:not_applicable;geo_loc_name:missing;lat_lon:missing;isolation_source:missing
PRJNA372274	SRR5574468	SAMN06313812	NA	NA	NA	Yugu1	AGPGO	NA	collection_date:missing;isol_growth_condt:missing;ref_biomaterial:missing;estimated_size:missing;ploidy:missing;propagation:missing;cultivar:Yugu1;feature:missing;material:missing;biome:missing;num_replicons:missing;host:not_applicable;geo_loc_name:missing;lat_lon:missing;isolation_source:missing
PRJNA372287	SRR5574469	SAMN06313532	NA	NA	NA	Yugu1	AGPGN	NA	collection_date:missing;isol_growth_condt:missing;ref_biomaterial:missing;estimated_size:missing;ploidy:missing;propagation:missing;cultivar:Yugu1;feature:missing;material:missing;biome:missing;num_replicons:missing;host:not_applicable;geo_loc_name:missing;lat_lon:missing;isolation_source:missing
PRJNA372267	SRR5574470	SAMN06313144	NA	NA	NA	Yugu1	WPHN	NA	collection_date:missing;isol_growth_condt:missing;ref_biomaterial:missing;estimated_size:missing;ploidy:missing;propagation:missing;cultivar:Yugu1;feature:missing;material:missing;biome:missing;num_replicons:missing;host:not_applicable;geo_loc_name:missing;lat_lon:missing;isolation_source:missing
PRJNA372281	SRR5574471	SAMN06313414	NA	NA	NA	Yugu1	WPHA	NA	collection_date:missing;isol_growth_condt:missing;ref_biomaterial:missing;estimated_size:missing;ploidy:missing;propagation:missing;cultivar:Yugu1;feature:missing;material:missing;biome:missing;num_replicons:missing;host:not_applicable;geo_loc_name:missing;lat_lon:missing;isolation_source:missing
PRJNA372284	SRR5574472	SAMN06313468	NA	NA	NA	Yugu1	WPHC	NA	collection_date:missing;isol_growth_condt:missing;ref_biomaterial:missing;estimated_size:missing;ploidy:missing;propagation:missing;cultivar:Yugu1;feature:missing;material:missing;biome:missing;num_replicons:missing;host:not_applicable;geo_loc_name:missing;lat_lon:missing;isolation_source:missing
PRJNA372272	SRR5574473	SAMN06314052	NA	NA	NA	Yugu1	WPHB	NA	collection_date:missing;isol_growth_condt:missing;ref_biomaterial:missing;estimated_size:missing;ploidy:missing;propagation:missing;cultivar:Yugu1;feature:missing;material:missing;biome:missing;num_replicons:missing;host:not_applicable;geo_loc_name:missing;lat_lon:missing;isolation_source:missing
PRJNA372202	SRR5575806	SAMN06313328	NA	NA	NA	Yugu1	AGPGS	NA	collection_date:missing;isol_growth_condt:missing;ref_biomaterial:missing;estimated_size:missing;ploidy:missing;propagation:missing;cultivar:Yugu1;feature:missing;material:missing;biome:missing;num_replicons:missing;host:not_applicable;geo_loc_name:missing;lat_lon:missing;isolation_source:missing
PRJNA372203	SRR5575807	SAMN06313492	NA	NA	NA	Yugu1	AGPGU	NA	collection_date:missing;isol_growth_condt:missing;ref_biomaterial:missing;estimated_size:missing;ploidy:missing;propagation:missing;cultivar:Yugu1;feature:missing;material:missing;biome:missing;num_replicons:missing;host:not_applicable;geo_loc_name:missing;lat_lon:missing;isolation_source:missing
PRJNA372201	SRR5575808	SAMN06313640	NA	NA	NA	Yugu1	AGPGW	NA	collection_date:missing;isol_growth_condt:missing;ref_biomaterial:missing;estimated_size:missing;ploidy:missing;propagation:missing;cultivar:Yugu1;feature:missing;material:missing;biome:missing;num_replicons:missing;host:not_applicable;geo_loc_name:missing;lat_lon:missing;isolation_source:missing
PRJNA373563	SRR5683277	SAMN06314285	NA	NA	NA	Yugu1	APACU	NA	collection_date:missing;isol_growth_condt:missing;ref_biomaterial:missing;estimated_size:missing;ploidy:missing;propagation:missing;cultivar:Yugu1;feature:missing;material:missing;biome:missing;num_replicons:missing;host:not_applicable;geo_loc_name:missing;lat_lon:missing;isolation_source:missing
PRJNA373569	SRR5683278	SAMN06314528	NA	NA	NA	Yugu1	APACT	NA	collection_date:missing;isol_growth_condt:missing;ref_biomaterial:missing;estimated_size:missing;ploidy:missing;propagation:missing;cultivar:Yugu1;feature:missing;material:missing;biome:missing;num_replicons:missing;host:not_applicable;geo_loc_name:missing;lat_lon:missing;isolation_source:missing
PRJNA373566	SRR5683279	SAMN06313986	NA	NA	NA	Yugu1	APACH	NA	collection_date:missing;isol_growth_condt:missing;ref_biomaterial:missing;estimated_size:missing;ploidy:missing;propagation:missing;cultivar:Yugu1;feature:missing;material:missing;biome:missing;num_replicons:missing;host:not_applicable;geo_loc_name:missing;lat_lon:missing;isolation_source:missing
PRJNA373562	SRR5683280	SAMN06314407	NA	NA	NA	Yugu1	APACN	NA	collection_date:missing;isol_growth_condt:missing;ref_biomaterial:missing;estimated_size:missing;ploidy:missing;propagation:missing;cultivar:Yugu1;feature:missing;material:missing;biome:missing;num_replicons:missing;host:not_applicable;geo_loc_name:missing;lat_lon:missing;isolation_source:missing
PRJNA373565	SRR5683281	SAMN06313600	NA	NA	NA	Yugu1	APACO	NA	collection_date:missing;isol_growth_condt:missing;ref_biomaterial:missing;estimated_size:missing;ploidy:missing;propagation:missing;cultivar:Yugu1;feature:missing;material:missing;biome:missing;num_replicons:missing;host:not_applicable;geo_loc_name:missing;lat_lon:missing;isolation_source:missing
PRJNA373570	SRR5683282	SAMN06314609	NA	NA	NA	Yugu1	APACP	NA	collection_date:missing;isol_growth_condt:missing;ref_biomaterial:missing;estimated_size:missing;ploidy:missing;propagation:missing;cultivar:Yugu1;feature:missing;material:missing;biome:missing;num_replicons:missing;host:not_applicable;geo_loc_name:missing;lat_lon:missing;isolation_source:missing
PRJNA373564	SRR5683283	SAMN06314627	NA	NA	NA	Yugu1	AGSUA	NA	collection_date:missing;isol_growth_condt:missing;ref_biomaterial:missing;estimated_size:missing;ploidy:missing;propagation:missing;cultivar:Yugu1;feature:missing;material:missing;biome:missing;num_replicons:missing;host:not_applicable;geo_loc_name:missing;lat_lon:missing;isolation_source:missing
PRJNA373567	SRR5683284	SAMN06314288	NA	NA	NA	Yugu1	AGSTZ	NA	collection_date:missing;isol_growth_condt:missing;ref_biomaterial:missing;estimated_size:missing;ploidy:missing;propagation:missing;cultivar:Yugu1;feature:missing;material:missing;biome:missing;num_replicons:missing;host:not_applicable;geo_loc_name:missing;lat_lon:missing;isolation_source:missing
PRJNA373571	SRR5683285	SAMN06314073	NA	NA	NA	Yugu1	AGSUB	NA	collection_date:missing;isol_growth_condt:missing;ref_biomaterial:missing;estimated_size:missing;ploidy:missing;propagation:missing;cultivar:Yugu1;feature:missing;material:missing;biome:missing;num_replicons:missing;host:not_applicable;geo_loc_name:missing;lat_lon:missing;isolation_source:missing
PRJNA373568	SRR5683286	SAMN06314701	NA	NA	NA	Yugu1	AGPGP	NA	collection_date:missing;isol_growth_condt:missing;ref_biomaterial:missing;estimated_size:missing;ploidy:missing;propagation:missing;cultivar:Yugu1;feature:missing;material:missing;biome:missing;num_replicons:missing;host:not_applicable;geo_loc_name:missing;lat_lon:missing;isolation_source:missing
PRJNA391551	SRR5748761	SAMN07270509	NA	leaf	seedling stage	Yugu1	SiMC_mRNA_2	NA	cultivar:Yugu-1;dev_stage:seedling;geo_loc_name:Hong_Kong;tissue:leaf_mesophyll;experiment:mRNA;biological_replicate:2;batch:1
PRJNA391551	SRR5748805	SAMN07270508	NA	leaf	seedling stage	Yugu1	SiMC_mRNA_1	NA	cultivar:Yugu-1;dev_stage:seedling;geo_loc_name:Hong_Kong;tissue:leaf_mesophyll;experiment:mRNA;biological_replicate:1;batch:1
PRJNA408788	SRR6257546	SAMN07685495	NA	NA	NA	B100	b3-FoxtailMillet-control-24h	NA	collection_date:missing;isol_growth_condt:missing;ref_biomaterial:missing;estimated_size:missing;ploidy:missing;propagation:missing;cultivar:B100;feature:missing;material:missing;biome:missing;num_replicons:missing;host:not_applicable;geo_loc_name:missing;lat_lon:missing;isolation_source:missing
PRJNA408788	SRR6257547	SAMN07685495	NA	NA	NA	B100	b3-FoxtailMillet-control-3h	NA	collection_date:missing;isol_growth_condt:missing;ref_biomaterial:missing;estimated_size:missing;ploidy:missing;propagation:missing;cultivar:B100;feature:missing;material:missing;biome:missing;num_replicons:missing;host:not_applicable;geo_loc_name:missing;lat_lon:missing;isolation_source:missing
PRJNA179366	SRR629694	SAMN01820209	NA	NA	NA	NA	mPEG-1	NA	collection_date:2012-05-01
PRJNA179365	SRR629695	SAMN01820208	NA	NA	NA	NA	mCK-2	NA	collection_date:2012-05-01
PRJNA179364	SRR630959	SAMN01820207	NA	NA	NA	NA	mCK-1	NA	collection_date:2012-05-01
PRJNA179367	SRR630961	SAMN01820210	NA	NA	NA	NA	mPEG-2	NA	collection_date:2012-05-01
PRJNA442328	SRR6937817	SAMN08775684	NA	NA	NA	Yugu1	NXZW	NA	collection_date:missing;isol_growth_condt:missing;ref_biomaterial:missing;estimated_size:missing;ploidy:missing;propagation:missing;cultivar:Yugu1;feature:missing;material:missing;biome:missing;num_replicons:missing;host:not_applicable;geo_loc_name:missing;lat_lon:missing;isolation_source:missing
PRJNA372895	SRR6937818	SAMN06314622	NA	NA	NA	Yugu1	NXZX	NA	collection_date:missing;isol_growth_condt:missing;ref_biomaterial:missing;estimated_size:missing;ploidy:missing;propagation:missing;cultivar:Yugu1;feature:missing;material:missing;biome:missing;num_replicons:missing;host:not_applicable;geo_loc_name:missing;lat_lon:missing;isolation_source:missing
PRJNA442327	SRR6937819	SAMN08775683	NA	NA	NA	Yugu1	NXZY	NA	collection_date:missing;isol_growth_condt:missing;ref_biomaterial:missing;estimated_size:missing;ploidy:missing;propagation:missing;cultivar:Yugu1;feature:missing;material:missing;biome:missing;num_replicons:missing;host:not_applicable;geo_loc_name:missing;lat_lon:missing;isolation_source:missing
PRJNA441462	SRR6939210	SAMN08777987	NA	NA	NA	Yugu1	XBWA	NA	collection_date:missing;isol_growth_condt:missing;ref_biomaterial:missing;estimated_size:missing;ploidy:missing;propagation:missing;cultivar:Yugu1;feature:missing;material:missing;biome:missing;num_replicons:missing;host:not_applicable;geo_loc_name:missing;lat_lon:missing;isolation_source:missing
PRJNA441462	SRR6939211	SAMN08777987	NA	NA	NA	Yugu1	XBWA	NA	collection_date:missing;isol_growth_condt:missing;ref_biomaterial:missing;estimated_size:missing;ploidy:missing;propagation:missing;cultivar:Yugu1;feature:missing;material:missing;biome:missing;num_replicons:missing;host:not_applicable;geo_loc_name:missing;lat_lon:missing;isolation_source:missing
PRJNA441463	SRR6939212	SAMN08777221	NA	NA	NA	Yugu1	XBWB	NA	collection_date:missing;isol_growth_condt:missing;ref_biomaterial:missing;estimated_size:missing;ploidy:missing;propagation:missing;cultivar:Yugu1;feature:missing;material:missing;biome:missing;num_replicons:missing;host:not_applicable;geo_loc_name:missing;lat_lon:missing;isolation_source:missing
PRJNA441463	SRR6939213	SAMN08777221	NA	NA	NA	Yugu1	XBWB	NA	collection_date:missing;isol_growth_condt:missing;ref_biomaterial:missing;estimated_size:missing;ploidy:missing;propagation:missing;cultivar:Yugu1;feature:missing;material:missing;biome:missing;num_replicons:missing;host:not_applicable;geo_loc_name:missing;lat_lon:missing;isolation_source:missing
PRJNA441464	SRR6939214	SAMN08777977	NA	NA	NA	Yugu1	WZPN	NA	collection_date:missing;isol_growth_condt:missing;ref_biomaterial:missing;estimated_size:missing;ploidy:missing;propagation:missing;cultivar:Yugu1;feature:missing;material:missing;biome:missing;num_replicons:missing;host:not_applicable;geo_loc_name:missing;lat_lon:missing;isolation_source:missing
PRJNA441464	SRR6939215	SAMN08777977	NA	NA	NA	Yugu1	WZPN	NA	collection_date:missing;isol_growth_condt:missing;ref_biomaterial:missing;estimated_size:missing;ploidy:missing;propagation:missing;cultivar:Yugu1;feature:missing;material:missing;biome:missing;num_replicons:missing;host:not_applicable;geo_loc_name:missing;lat_lon:missing;isolation_source:missing
PRJNA441455	SRR6939216	SAMN08777982	NA	NA	NA	Yugu1	WZPS	NA	collection_date:missing;isol_growth_condt:missing;ref_biomaterial:missing;estimated_size:missing;ploidy:missing;propagation:missing;cultivar:Yugu1;feature:missing;material:missing;biome:missing;num_replicons:missing;host:not_applicable;geo_loc_name:missing;lat_lon:missing;isolation_source:missing
PRJNA441455	SRR6939217	SAMN08777982	NA	NA	NA	Yugu1	WZPS	NA	collection_date:missing;isol_growth_condt:missing;ref_biomaterial:missing;estimated_size:missing;ploidy:missing;propagation:missing;cultivar:Yugu1;feature:missing;material:missing;biome:missing;num_replicons:missing;host:not_applicable;geo_loc_name:missing;lat_lon:missing;isolation_source:missing
PRJNA441466	SRR6939218	SAMN08778005	NA	NA	NA	Yugu1	WZPP	NA	collection_date:missing;isol_growth_condt:missing;ref_biomaterial:missing;estimated_size:missing;ploidy:missing;propagation:missing;cultivar:Yugu1;feature:missing;material:missing;biome:missing;num_replicons:missing;host:not_applicable;geo_loc_name:missing;lat_lon:missing;isolation_source:missing
PRJNA441455	SRR6939219	SAMN08777982	NA	NA	NA	Yugu1	WZPS	NA	collection_date:missing;isol_growth_condt:missing;ref_biomaterial:missing;estimated_size:missing;ploidy:missing;propagation:missing;cultivar:Yugu1;feature:missing;material:missing;biome:missing;num_replicons:missing;host:not_applicable;geo_loc_name:missing;lat_lon:missing;isolation_source:missing
PRJNA441466	SRR6939220	SAMN08778005	NA	NA	NA	Yugu1	WZPP	NA	collection_date:missing;isol_growth_condt:missing;ref_biomaterial:missing;estimated_size:missing;ploidy:missing;propagation:missing;cultivar:Yugu1;feature:missing;material:missing;biome:missing;num_replicons:missing;host:not_applicable;geo_loc_name:missing;lat_lon:missing;isolation_source:missing
PRJNA441466	SRR6939221	SAMN08778005	NA	NA	NA	Yugu1	WZPP	NA	collection_date:missing;isol_growth_condt:missing;ref_biomaterial:missing;estimated_size:missing;ploidy:missing;propagation:missing;cultivar:Yugu1;feature:missing;material:missing;biome:missing;num_replicons:missing;host:not_applicable;geo_loc_name:missing;lat_lon:missing;isolation_source:missing
PRJNA441458	SRR6939222	SAMN08777984	NA	NA	NA	Yugu1	WZPW	NA	collection_date:missing;isol_growth_condt:missing;ref_biomaterial:missing;estimated_size:missing;ploidy:missing;propagation:missing;cultivar:Yugu1;feature:missing;material:missing;biome:missing;num_replicons:missing;host:not_applicable;geo_loc_name:missing;lat_lon:missing;isolation_source:missing
PRJNA441458	SRR6939223	SAMN08777984	NA	NA	NA	Yugu1	WZPW	NA	collection_date:missing;isol_growth_condt:missing;ref_biomaterial:missing;estimated_size:missing;ploidy:missing;propagation:missing;cultivar:Yugu1;feature:missing;material:missing;biome:missing;num_replicons:missing;host:not_applicable;geo_loc_name:missing;lat_lon:missing;isolation_source:missing
PRJNA441460	SRR6939224	SAMN08776951	NA	NA	NA	Yugu1	WZPY	NA	collection_date:missing;isol_growth_condt:missing;ref_biomaterial:missing;estimated_size:missing;ploidy:missing;propagation:missing;cultivar:Yugu1;feature:missing;material:missing;biome:missing;num_replicons:missing;host:not_applicable;geo_loc_name:missing;lat_lon:missing;isolation_source:missing
PRJNA441459	SRR6939225	SAMN08777985	NA	NA	NA	Yugu1	WZPX	NA	collection_date:missing;isol_growth_condt:missing;ref_biomaterial:missing;estimated_size:missing;ploidy:missing;propagation:missing;cultivar:Yugu1;feature:missing;material:missing;biome:missing;num_replicons:missing;host:not_applicable;geo_loc_name:missing;lat_lon:missing;isolation_source:missing
PRJNA441459	SRR6939226	SAMN08777985	NA	NA	NA	Yugu1	WZPX	NA	collection_date:missing;isol_growth_condt:missing;ref_biomaterial:missing;estimated_size:missing;ploidy:missing;propagation:missing;cultivar:Yugu1;feature:missing;material:missing;biome:missing;num_replicons:missing;host:not_applicable;geo_loc_name:missing;lat_lon:missing;isolation_source:missing
PRJNA441462	SRR6939227	SAMN08777987	NA	NA	NA	Yugu1	XBWA	NA	collection_date:missing;isol_growth_condt:missing;ref_biomaterial:missing;estimated_size:missing;ploidy:missing;propagation:missing;cultivar:Yugu1;feature:missing;material:missing;biome:missing;num_replicons:missing;host:not_applicable;geo_loc_name:missing;lat_lon:missing;isolation_source:missing
PRJNA441463	SRR6939228	SAMN08777221	NA	NA	NA	Yugu1	XBWB	NA	collection_date:missing;isol_growth_condt:missing;ref_biomaterial:missing;estimated_size:missing;ploidy:missing;propagation:missing;cultivar:Yugu1;feature:missing;material:missing;biome:missing;num_replicons:missing;host:not_applicable;geo_loc_name:missing;lat_lon:missing;isolation_source:missing
PRJNA441460	SRR6939229	SAMN08776951	NA	NA	NA	Yugu1	WZPY	NA	collection_date:missing;isol_growth_condt:missing;ref_biomaterial:missing;estimated_size:missing;ploidy:missing;propagation:missing;cultivar:Yugu1;feature:missing;material:missing;biome:missing;num_replicons:missing;host:not_applicable;geo_loc_name:missing;lat_lon:missing;isolation_source:missing
PRJNA441457	SRR6939230	SAMN08777983	NA	NA	NA	Yugu1	WZPU	NA	collection_date:missing;isol_growth_condt:missing;ref_biomaterial:missing;estimated_size:missing;ploidy:missing;propagation:missing;cultivar:Yugu1;feature:missing;material:missing;biome:missing;num_replicons:missing;host:not_applicable;geo_loc_name:missing;lat_lon:missing;isolation_source:missing
PRJNA441457	SRR6939231	SAMN08777983	NA	NA	NA	Yugu1	WZPU	NA	collection_date:missing;isol_growth_condt:missing;ref_biomaterial:missing;estimated_size:missing;ploidy:missing;propagation:missing;cultivar:Yugu1;feature:missing;material:missing;biome:missing;num_replicons:missing;host:not_applicable;geo_loc_name:missing;lat_lon:missing;isolation_source:missing
PRJNA441460	SRR6939232	SAMN08776951	NA	NA	NA	Yugu1	WZPY	NA	collection_date:missing;isol_growth_condt:missing;ref_biomaterial:missing;estimated_size:missing;ploidy:missing;propagation:missing;cultivar:Yugu1;feature:missing;material:missing;biome:missing;num_replicons:missing;host:not_applicable;geo_loc_name:missing;lat_lon:missing;isolation_source:missing
PRJNA441459	SRR6939233	SAMN08777985	NA	NA	NA	Yugu1	WZPX	NA	collection_date:missing;isol_growth_condt:missing;ref_biomaterial:missing;estimated_size:missing;ploidy:missing;propagation:missing;cultivar:Yugu1;feature:missing;material:missing;biome:missing;num_replicons:missing;host:not_applicable;geo_loc_name:missing;lat_lon:missing;isolation_source:missing
PRJNA441456	SRR6939234	SAMN08777222	NA	NA	NA	Yugu1	WZPT	NA	collection_date:missing;isol_growth_condt:missing;ref_biomaterial:missing;estimated_size:missing;ploidy:missing;propagation:missing;cultivar:Yugu1;feature:missing;material:missing;biome:missing;num_replicons:missing;host:not_applicable;geo_loc_name:missing;lat_lon:missing;isolation_source:missing
PRJNA441456	SRR6939235	SAMN08777222	NA	NA	NA	Yugu1	WZPT	NA	collection_date:missing;isol_growth_condt:missing;ref_biomaterial:missing;estimated_size:missing;ploidy:missing;propagation:missing;cultivar:Yugu1;feature:missing;material:missing;biome:missing;num_replicons:missing;host:not_applicable;geo_loc_name:missing;lat_lon:missing;isolation_source:missing
PRJNA441456	SRR6939236	SAMN08777222	NA	NA	NA	Yugu1	WZPT	NA	collection_date:missing;isol_growth_condt:missing;ref_biomaterial:missing;estimated_size:missing;ploidy:missing;propagation:missing;cultivar:Yugu1;feature:missing;material:missing;biome:missing;num_replicons:missing;host:not_applicable;geo_loc_name:missing;lat_lon:missing;isolation_source:missing
PRJNA441461	SRR6939237	SAMN08777986	NA	NA	NA	Yugu1	WZPZ	NA	collection_date:missing;isol_growth_condt:missing;ref_biomaterial:missing;estimated_size:missing;ploidy:missing;propagation:missing;cultivar:Yugu1;feature:missing;material:missing;biome:missing;num_replicons:missing;host:not_applicable;geo_loc_name:missing;lat_lon:missing;isolation_source:missing
PRJNA441458	SRR6939238	SAMN08777984	NA	NA	NA	Yugu1	WZPW	NA	collection_date:missing;isol_growth_condt:missing;ref_biomaterial:missing;estimated_size:missing;ploidy:missing;propagation:missing;cultivar:Yugu1;feature:missing;material:missing;biome:missing;num_replicons:missing;host:not_applicable;geo_loc_name:missing;lat_lon:missing;isolation_source:missing
PRJNA441457	SRR6939239	SAMN08777983	NA	NA	NA	Yugu1	WZPU	NA	collection_date:missing;isol_growth_condt:missing;ref_biomaterial:missing;estimated_size:missing;ploidy:missing;propagation:missing;cultivar:Yugu1;feature:missing;material:missing;biome:missing;num_replicons:missing;host:not_applicable;geo_loc_name:missing;lat_lon:missing;isolation_source:missing
PRJNA441465	SRR6939240	SAMN08777978	NA	NA	NA	Yugu1	WZPO	NA	collection_date:missing;isol_growth_condt:missing;ref_biomaterial:missing;estimated_size:missing;ploidy:missing;propagation:missing;cultivar:Yugu1;feature:missing;material:missing;biome:missing;num_replicons:missing;host:not_applicable;geo_loc_name:missing;lat_lon:missing;isolation_source:missing
PRJNA441464	SRR6939241	SAMN08777977	NA	NA	NA	Yugu1	WZPN	NA	collection_date:missing;isol_growth_condt:missing;ref_biomaterial:missing;estimated_size:missing;ploidy:missing;propagation:missing;cultivar:Yugu1;feature:missing;material:missing;biome:missing;num_replicons:missing;host:not_applicable;geo_loc_name:missing;lat_lon:missing;isolation_source:missing
PRJNA441465	SRR6939242	SAMN08777978	NA	NA	NA	Yugu1	WZPO	NA	collection_date:missing;isol_growth_condt:missing;ref_biomaterial:missing;estimated_size:missing;ploidy:missing;propagation:missing;cultivar:Yugu1;feature:missing;material:missing;biome:missing;num_replicons:missing;host:not_applicable;geo_loc_name:missing;lat_lon:missing;isolation_source:missing
PRJNA441465	SRR6939243	SAMN08777978	NA	NA	NA	Yugu1	WZPO	NA	collection_date:missing;isol_growth_condt:missing;ref_biomaterial:missing;estimated_size:missing;ploidy:missing;propagation:missing;cultivar:Yugu1;feature:missing;material:missing;biome:missing;num_replicons:missing;host:not_applicable;geo_loc_name:missing;lat_lon:missing;isolation_source:missing
PRJNA441461	SRR6939244	SAMN08777986	NA	NA	NA	Yugu1	WZPZ	NA	collection_date:missing;isol_growth_condt:missing;ref_biomaterial:missing;estimated_size:missing;ploidy:missing;propagation:missing;cultivar:Yugu1;feature:missing;material:missing;biome:missing;num_replicons:missing;host:not_applicable;geo_loc_name:missing;lat_lon:missing;isolation_source:missing
PRJNA441461	SRR6939245	SAMN08777986	NA	NA	NA	Yugu1	WZPZ	NA	collection_date:missing;isol_growth_condt:missing;ref_biomaterial:missing;estimated_size:missing;ploidy:missing;propagation:missing;cultivar:Yugu1;feature:missing;material:missing;biome:missing;num_replicons:missing;host:not_applicable;geo_loc_name:missing;lat_lon:missing;isolation_source:missing
PRJNA475365	SRR7285328	SAMN09387334	NA	third leaf bundle sheath	NA	NA	Setaria_italica_yugu1_BS_rep1	NA	ecotype:yugu1;dev_stage:4th_leaf_Collar;geo_loc_name:USA:_Missouri;tissue:3rd_Leaf_bundle_sheath;collected_by:JB
PRJNA475365	SRR7285329	SAMN09387335	NA	third leaf bundle sheath	NA	NA	Setaria_italica_yugu1_BS_rep2	NA	ecotype:yugu1;dev_stage:4th_leaf_Collar;geo_loc_name:USA:_Missouri;tissue:3rd_Leaf_bundle_sheath;collected_by:JW
PRJNA475365	SRR7285330	SAMN09387336	NA	third leaf bundle sheath	NA	NA	Setaria_italica_yugu1_BS_rep3	NA	ecotype:yugu1;dev_stage:4th_leaf_Collar;geo_loc_name:USA:_Missouri;tissue:3rd_Leaf_bundle_sheath;collected_by:SK
PRJNA475365	SRR7285331	SAMN09387337	NA	third leaf mesophyll	NA	NA	Setaria_italica_yugu1_MS_rep1	NA	ecotype:yugu1;dev_stage:4th_leaf_Collar;geo_loc_name:USA:_Missouri;tissue:3rd_Leaf_mesophyll;collected_by:JB
PRJNA475365	SRR7285332	SAMN09387338	NA	third leaf mesophyll	NA	NA	Setaria_italica_yugu1_MS_rep2	NA	ecotype:yugu1;dev_stage:4th_leaf_Collar;geo_loc_name:USA:_Missouri;tissue:3rd_Leaf_mesophyll;collected_by:JW
PRJNA475365	SRR7285333	SAMN09387339	NA	third leaf mesophyll	NA	NA	Setaria_italica_yugu1_MS_rep3	NA	ecotype:yugu1;dev_stage:4th_leaf_Collar;geo_loc_name:USA:_Missouri;tissue:3rd_Leaf_mesophyll;collected_by:SK
PRJNA486213	SRR7700717	SAMN09841181	NA	bundle sheath	seedling stage	Yugu1	SiBS_mRNA_1	NA	cultivar:Yugu-1;dev_stage:seedling;geo_loc_name:Hong_Kong;tissue:bundle_sheath;experiment:RNA-Seq;biological_replicate:1;batch:1
PRJNA486213	SRR7700718	SAMN09841182	NA	bundle sheath	seedling stage	Yugu1	SiBS_mRNA_2	NA	cultivar:Yugu-1;dev_stage:seedling;geo_loc_name:Hong_Kong;tissue:bundle_sheath;experiment:RNA-Seq;biological_replicate:2;batch:1
PRJNA516031	SRR8465463	SAMN10781245	NA	whole plant	3-leaf stage	Yugu1	low_nitrogen1	NA	isolate:wide_type-ln;cultivar:Yugu1;ecotype:North_China;age:2-week;dev_stage:3-leaf-stage;geo_loc_name:China:Beijing;tissue:whole_plant
PRJNA516031	SRR8465464	SAMN10781244	NA	whole plant	3-leaf stage	Yugu1	normal1	NA	isolate:wide_type-normal;cultivar:Yugu1;ecotype:North_China;age:2-week;dev_stage:3-leaf-stage;geo_loc_name:China:Beijing;tissue:whole_plant
PRJNA520596	SRR8526274	SAMN10866056	NA	NA	NA	Yugu1	WTGW	NA	collection_date:missing;isol_growth_condt:missing;ref_biomaterial:missing;estimated_size:missing;ploidy:missing;propagation:missing;cultivar:Yugu1;feature:missing;material:missing;biome:missing;num_replicons:missing;host:not_applicable;geo_loc_name:missing;lat_lon:missing;isolation_source:missing
PRJNA520594	SRR8526275	SAMN10866051	NA	NA	NA	Yugu1	WTGT	NA	collection_date:missing;isol_growth_condt:missing;ref_biomaterial:missing;estimated_size:missing;ploidy:missing;propagation:missing;cultivar:Yugu1;feature:missing;material:missing;biome:missing;num_replicons:missing;host:not_applicable;geo_loc_name:missing;lat_lon:missing;isolation_source:missing
PRJNA520595	SRR8526276	SAMN10866053	NA	NA	NA	Yugu1	WTGU	NA	collection_date:missing;isol_growth_condt:missing;ref_biomaterial:missing;estimated_size:missing;ploidy:missing;propagation:missing;cultivar:Yugu1;feature:missing;material:missing;biome:missing;num_replicons:missing;host:not_applicable;geo_loc_name:missing;lat_lon:missing;isolation_source:missing
PRJNA520598	SRR8526277	SAMN10866054	NA	NA	NA	Yugu1	WTGY	NA	collection_date:missing;isol_growth_condt:missing;ref_biomaterial:missing;estimated_size:missing;ploidy:missing;propagation:missing;cultivar:Yugu1;feature:missing;material:missing;biome:missing;num_replicons:missing;host:not_applicable;geo_loc_name:missing;lat_lon:missing;isolation_source:missing
PRJNA520599	SRR8526278	SAMN10866052	NA	NA	NA	Yugu1	WTGZ	NA	collection_date:missing;isol_growth_condt:missing;ref_biomaterial:missing;estimated_size:missing;ploidy:missing;propagation:missing;cultivar:Yugu1;feature:missing;material:missing;biome:missing;num_replicons:missing;host:not_applicable;geo_loc_name:missing;lat_lon:missing;isolation_source:missing
PRJNA520597	SRR8526279	SAMN10866055	NA	NA	NA	Yugu1	WTGX	NA	collection_date:missing;isol_growth_condt:missing;ref_biomaterial:missing;estimated_size:missing;ploidy:missing;propagation:missing;cultivar:Yugu1;feature:missing;material:missing;biome:missing;num_replicons:missing;host:not_applicable;geo_loc_name:missing;lat_lon:missing;isolation_source:missing
PRJNA545871	SRR9208120	SAMN11935887	control	root	NA	AN04	An04CKR-1	NA	isolate:not_applicable;cultivar:AN04;ecotype:not_collected;age:7d;dev_stage:plantlet;geo_loc_name:not_applicable;tissue:Root;treatment:control;biological_repeats:Root_of_control_plantlets_in_An04_repeat_one
PRJNA545871	SRR9208121	SAMN11935888	control	root	NA	AN04	An04CKR-2	NA	isolate:not_applicable;cultivar:AN04;ecotype:not_collected;age:7d;dev_stage:plantlet;geo_loc_name:not_applicable;tissue:Root;treatment:control;biological_repeats:Root_of_control_plantlets_in_An04_repeat_two
PRJNA545871	SRR9208122	SAMN11935889	control	root	NA	AN04	An04CKR-3	NA	isolate:not_applicable;cultivar:AN04;ecotype:not_collected;age:7d;dev_stage:plantlet;geo_loc_name:not_applicable;tissue:Root;treatment:control;biological_repeats:Root_of_control_plantlets_in_An04_repeat_three
PRJNA545871	SRR9208123	SAMN11935890	salt treatment	root	NA	AN04	An04NTR-1	NA	isolate:not_applicable;cultivar:AN04;ecotype:not_collected;age:7d;dev_stage:plantlet;geo_loc_name:not_applicable;tissue:Root;treatment:NaCl;biological_repeats:Root_of_treated_plantlets_in_An04_repeat_one
PRJNA545871	SRR9208124	SAMN11935891	salt treatment	root	NA	AN04	An04NTR-2	NA	isolate:not_applicable;cultivar:AN04;ecotype:not_collected;age:7d;dev_stage:plantlet;geo_loc_name:not_applicable;tissue:Root;treatment:NaCl;biological_repeats:Root_of_treated_plantlets_in_An04_repeat_two
PRJNA545871	SRR9208125	SAMN11935892	salt treatment	root	NA	AN04	An04NTR-3	NA	isolate:not_applicable;cultivar:AN04;ecotype:not_collected;age:7d;dev_stage:plantlet;geo_loc_name:not_applicable;tissue:Root;treatment:NaCl;biological_repeats:Root_of_treated_plantlets_in_An04_repeat_three
PRJNA545871	SRR9208126	SAMN11935893	control	root	NA	Yugu2	YG2CKR-1	NA	isolate:not_applicable;cultivar:Yugu2;ecotype:not_collected;age:7d;dev_stage:plantlet;geo_loc_name:not_applicable;tissue:Root;treatment:control;biological_repeats:Root_of_control_plantlets_in_Yugu2_repeat_one
PRJNA545871	SRR9208127	SAMN11935894	control	root	NA	Yugu2	YG2CKR-2	NA	isolate:not_applicable;cultivar:Yugu2;ecotype:not_collected;age:7d;dev_stage:plantlet;geo_loc_name:not_applicable;tissue:Root;treatment:control;biological_repeats:Root_of_control_plantlets_in_Yugu2_repeat_two
PRJNA545871	SRR9208128	SAMN11935895	control	root	NA	Yugu2	YG2CKR-3	NA	isolate:not_applicable;cultivar:Yugu2;ecotype:not_collected;age:7d;dev_stage:plantlet;geo_loc_name:not_applicable;tissue:Root;treatment:control;biological_repeats:Root_of_control_plantlets_in_Yugu2_repeat_three
PRJNA545871	SRR9208129	SAMN11935896	salt treatment	root	NA	Yugu2	YG2NTR-1	NA	isolate:not_applicable;cultivar:Yugu2;ecotype:not_collected;age:7d;dev_stage:plantlet;geo_loc_name:not_applicable;tissue:Root;treatment:NaCl;biological_repeats:Root_of_treated_plantlets_in_Yugu2_repeat_one
PRJNA545871	SRR9208130	SAMN11935897	salt treatment	root	NA	Yugu2	YG2NTR-2	NA	isolate:not_applicable;cultivar:Yugu2;ecotype:not_collected;age:7d;dev_stage:plantlet;geo_loc_name:not_applicable;tissue:Root;treatment:NaCl;biological_repeats:Root_of_treated_plantlets_in_Yugu2_repeat_two
PRJNA545871	SRR9208131	SAMN11935898	salt treatment	root	NA	Yugu2	YG2NTR-3	NA	isolate:not_applicable;cultivar:Yugu2;ecotype:not_collected;age:7d;dev_stage:plantlet;geo_loc_name:not_applicable;tissue:Root;treatment:NaCl;biological_repeats:Root_of_treated_plantlets_in_Yugu2_repeat_three
PRJNA508442	SRR9651133	SAMN12217324	NA	leaf	NA	L. P. Beauv.	Setaria_italica_Leaf_RNA-Seq	NA	cultivar:L._P._Beauv.;age:30_days;geo_loc_name:Australia;tissue:Leaf
PRJNA508442	SRR9651134	SAMN12217324	NA	leaf	NA	L. P. Beauv.	Setaria_italica_Leaf_RNA-Seq	NA	cultivar:L._P._Beauv.;age:30_days;geo_loc_name:Australia;tissue:Leaf
PRJNA508442	SRR9651135	SAMN12217324	NA	leaf	NA	L. P. Beauv.	Setaria_italica_Leaf_RNA-Seq	NA	cultivar:L._P._Beauv.;age:30_days;geo_loc_name:Australia;tissue:Leaf
PRJNA508442	SRR9651136	SAMN12217324	NA	leaf	NA	L. P. Beauv.	Setaria_italica_Leaf_RNA-Seq	NA	cultivar:L._P._Beauv.;age:30_days;geo_loc_name:Australia;tissue:Leaf
PRJNA508442	SRR9651137	SAMN12217324	NA	leaf	NA	L. P. Beauv.	Setaria_italica_Leaf_RNA-Seq	NA	cultivar:L._P._Beauv.;age:30_days;geo_loc_name:Australia;tissue:Leaf
PRJNA508442	SRR9651138	SAMN12217324	NA	leaf	NA	L. P. Beauv.	Setaria_italica_Leaf_RNA-Seq	NA	cultivar:L._P._Beauv.;age:30_days;geo_loc_name:Australia;tissue:Leaf
PRJNA508442	SRR9651139	SAMN12217324	NA	leaf	NA	L. P. Beauv.	Setaria_italica_Leaf_RNA-Seq	NA	cultivar:L._P._Beauv.;age:30_days;geo_loc_name:Australia;tissue:Leaf
PRJNA508442	SRR9651140	SAMN12217324	NA	leaf	NA	L. P. Beauv.	Setaria_italica_Leaf_RNA-Seq	NA	cultivar:L._P._Beauv.;age:30_days;geo_loc_name:Australia;tissue:Leaf
PRJNA508442	SRR9651150	SAMN12217324	NA	leaf	NA	L. P. Beauv.	Setaria_italica_Leaf_RNA-Seq	NA	cultivar:L._P._Beauv.;age:30_days;geo_loc_name:Australia;tissue:Leaf
PRJNA560403	SRR9974372	SAMN12585362	control	panicle	heading stage	Jigu20	CK-Jigu20	NA	isolate:not_applicable;cultivar:Jigu20;ecotype:not_applicable;age:not_applicable;dev_stage:heading_stage;geo_loc_name:China:Changzhi;tissue:Panicle;treatment:Control_group
PRJNA560403	SRR9974373	SAMN12585361	control	panicle	heading stage	Changnong35	CK-Changnong35	NA	isolate:not_applicable;cultivar:Changnong35;ecotype:not_applicable;age:not_applicable;dev_stage:heading_stage;geo_loc_name:China:Changzhi;tissue:Panicle;treatment:Control_group
PRJNA560403	SRR9974374	SAMN12585364	inoculation	panicle	heading stage	Jigu20	I-Jigu20	NA	isolate:not_applicable;cultivar:Jigu20;ecotype:not_applicable;age:not_applicable;dev_stage:heading_stage;geo_loc_name:China:Changzhi;tissue:Panicle;treatment:Inoculated_group
PRJNA560403	SRR9974375	SAMN12585363	inoculation	panicle	heading stage	Changnong35	I-Changnong35	NA	isolate:not_applicable;cultivar:Changnong35;ecotype:not_applicable;age:not_applicable;dev_stage:heading_stage;geo_loc_name:China:Changzhi;tissue:Panicle;treatment:Inoculated_group
PRJEB43702	ERR5518553	SAMEA8380397	NA	NA	NA	NA	Ci409DRST2	NA	ENA_first_public:2021-07-24;ENA_last_update:2021-07-24;ENA-CHECKLIST:ERC000037;External_Id:SAMEA8380397;INSDC_center_alias:Chinese_Academy_of_Agriculture_Sciences;INSDC_center_name:Chinese_Academy_of_Agriculture_Sciences;INSDC_first_public:2021-07-24T12:11:14Z;INSDC_last_update:2021-07-24T12:11:14Z;INSDC_status:public;Submitter_Id:Ci409DR_Stem_2;collection_date:2017-06-26;common_name:foxtail_millet;estimated_size:400M;geographic_location_(country_and/or_sea):China;geographic_location_(latitude):116.19;geographic_location_(longitude):39.57;growth_facility:other;isolation_and_growth_condition:greenhouse_planted_in_pots;number_of_replicons:3;plant_developmental_stage:jointing_stage;plant_growth_medium:soil_culture_medium;plant_structure:Stem;plant_treatment:drought;sample_name:Ci409DR_Stem_2;watering_regimen:weekly_watered_until_2_weeks_before_sampling
PRJNA1242530	SRR32876180	SAMN47594198	NA	flag leaf	grain filling stage	Heizhigu	Hzg-G2	NA	isolate:Flag_leaf_of_Heizhigu-2;cultivar:Heizhigu;ecotype:spring_cultivar;age:94_days_after_sowing;dev_stage:grain_filling_stage;collection_date:2023-08-18;geo_loc_name:China:_Changzhi__Shanxi;tissue:flag_leaf
PRJNA1242530	SRR32876181	SAMN47594197	NA	flag leaf	grain filling stage	Heizhigu	Hzg-G1	NA	isolate:Flag_leaf_of_Heizhigu-1;cultivar:Heizhigu;ecotype:spring_cultivar;age:94_days_after_sowing;dev_stage:grain_filling_stage;collection_date:2023-08-18;geo_loc_name:China:_Changzhi__Shanxi;tissue:flag_leaf
PRJNA372288	SRR5574458	SAMN06313319	NA	NA	NA	Yugu1	AGPHS	NA	collection_date:missing;isol_growth_condt:missing;ref_biomaterial:missing;estimated_size:missing;ploidy:missing;propagation:missing;cultivar:Yugu1;feature:missing;material:missing;biome:missing;num_replicons:missing;host:not_applicable;geo_loc_name:missing;lat_lon:missing;isolation_source:missing
