SORBI_3001G000100	0	0
SORBI_3001G000200	0	1
SORBI_3001G000300	0	2
SORBI_3001G000400	0	3
SORBI_3001G000501	0	4
SORBI_3001G000700	0	5
SORBI_3001G000800	0	6
SORBI_3001G000900	0	7
SORBI_3001G001000	0	8
SORBI_3001G001066	0	9
SORBI_3001G001132	0	10
SORBI_3001G001200	0	11
SORBI_3001G001300	0	12
SORBI_3001G001400	0	13
SORBI_3001G001700	0	14
SORBI_3001G001800	0	15
SORBI_3001G001900	0	16
SORBI_3001G002000	0	17
SORBI_3001G002050	0	18
SORBI_3001G002100	0	19
SORBI_3001G002200	0	20
SORBI_3001G002300	0	21
SORBI_3001G002400	0	22
SORBI_3001G002500	0	23
SORBI_3001G002600	0	24
SORBI_3001G002650	0	25
SORBI_3001G002700	0	26
SORBI_3001G002800	0	27
SORBI_3001G002900	0	28
SORBI_3001G003000	0	29
SORBI_3001G003100	0	30
SORBI_3001G003200	0	31
SORBI_3001G003300	0	32
SORBI_3001G003400	0	33
SORBI_3001G003500	0	34
SORBI_3001G003600	0	35
SORBI_3001G003700	0	36
SORBI_3001G003900	0	37
SORBI_3001G004000	0	38
SORBI_3001G004100	0	39
SORBI_3001G004200	0	40
SORBI_3001G004300	0	41
SORBI_3001G004400	0	42
SORBI_3001G004500	0	43
SORBI_3001G004550	0	44
SORBI_3001G004600	0	45
SORBI_3001G004700	0	46
SORBI_3001G004800	0	47
SORBI_3001G004901	0	48
SORBI_3001G005000	0	49
SORBI_3001G005100	0	50
SORBI_3001G005200	0	51
SORBI_3001G005300	0	52
SORBI_3001G005400	0	53
SORBI_3001G005500	0	54
SORBI_3001G005600	0	55
SORBI_3001G005700	0	56
SORBI_3001G005800	0	57
SORBI_3001G005900	0	58
SORBI_3001G006000	0	59
SORBI_3001G006101	0	60
SORBI_3001G006201	0	61
SORBI_3001G006300	0	62
SORBI_3001G006400	0	63
SORBI_3001G006500	0	64
SORBI_3001G006600	0	65
SORBI_3001G006700	0	66
SORBI_3001G006800	0	67
SORBI_3001G006900	0	68
SORBI_3001G007000	0	69
SORBI_3001G007100	0	70
SORBI_3001G007200	0	71
SORBI_3001G007300	0	72
SORBI_3001G007400	0	73
SORBI_3001G007500	0	74
SORBI_3001G007600	0	75
SORBI_3001G007700	0	76
SORBI_3001G007800	0	77
SORBI_3001G007900	0	78
SORBI_3001G008000	0	79
SORBI_3001G008100	0	80
SORBI_3001G008200	0	81
SORBI_3001G008300	0	82
SORBI_3001G008400	0	83
SORBI_3001G008500	0	84
SORBI_3001G008600	0	85
SORBI_3001G008700	0	86
SORBI_3001G008800	0	87
SORBI_3001G008900	0	88
SORBI_3001G009000	0	89
SORBI_3001G009100	0	90
SORBI_3001G009200	0	91
SORBI_3001G009300	0	92
SORBI_3001G009400	0	93
SORBI_3001G009500	0	94
SORBI_3001G009600	0	95
SORBI_3001G009700	0	96
SORBI_3001G009800	0	97
SORBI_3001G009900	0	98
SORBI_3001G010000	0	99
SORBI_3001G010100	0	100
SORBI_3001G010200	0	101
SORBI_3001G010300	0	102
SORBI_3001G010400	0	103
SORBI_3001G010500	0	104
SORBI_3001G010600	0	105
SORBI_3001G010700	0	106
SORBI_3001G010800	0	107
SORBI_3001G010900	0	108
SORBI_3001G011000	0	109
SORBI_3001G011100	0	110
SORBI_3001G011200	0	111
SORBI_3001G011300	0	112
SORBI_3001G011400	0	113
SORBI_3001G011600	0	114
SORBI_3001G011700	0	115
SORBI_3001G011800	0	116
SORBI_3001G012000	0	117
SORBI_3001G012100	0	118
SORBI_3001G012200	0	119
SORBI_3001G012300	0	120
SORBI_3001G012400	0	121
SORBI_3001G012500	0	122
SORBI_3001G012600	0	123
SORBI_3001G012700	0	124
SORBI_3001G012800	0	125
SORBI_3001G012900	0	126
SORBI_3001G013000	0	127
SORBI_3001G013100	0	128
SORBI_3001G013200	0	129
SORBI_3001G013300	0	130
SORBI_3001G013400	0	131
SORBI_3001G013500	0	132
SORBI_3001G013600	0	133
SORBI_3001G013701	0	134
SORBI_3001G013800	0	135
SORBI_3001G013900	0	136
SORBI_3001G014000	0	137
SORBI_3001G014100	0	138
SORBI_3001G014200	0	139
SORBI_3001G014300	0	140
SORBI_3001G014400	0	141
SORBI_3001G014500	0	142
SORBI_3001G014600	0	143
SORBI_3001G014700	0	144
SORBI_3001G014800	0	145
SORBI_3001G014900	0	146
SORBI_3001G015000	0	147
SORBI_3001G015100	0	148
SORBI_3001G015200	0	149
SORBI_3001G015300	0	150
SORBI_3001G015400	0	151
SORBI_3001G015500	0	152
SORBI_3001G015600	0	153
SORBI_3001G015700	0	154
SORBI_3001G015800	0	155
SORBI_3001G016000	0	156
SORBI_3001G016050	0	157
SORBI_3001G016100	0	158
SORBI_3001G016200	0	159
SORBI_3001G016201	0	160
SORBI_3001G016300	0	161
SORBI_3001G016350	0	162
SORBI_3001G016400	0	163
SORBI_3001G016500	0	164
SORBI_3001G016600	0	165
SORBI_3001G016700	0	166
SORBI_3001G016800	0	167
SORBI_3001G016900	0	168
SORBI_3001G017000	0	169
SORBI_3001G017100	0	170
SORBI_3001G017200	0	171
SORBI_3001G017300	0	172
SORBI_3001G017400	0	173
SORBI_3001G017500	0	174
SORBI_3001G017600	0	175
SORBI_3001G017700	0	176
SORBI_3001G017800	0	177
SORBI_3001G017900	0	178
SORBI_3001G018000	0	179
SORBI_3001G018100	0	180
SORBI_3001G018200	0	181
SORBI_3001G018300	0	182
SORBI_3001G018350	0	183
SORBI_3001G018400	0	184
SORBI_3001G018500	0	185
SORBI_3001G018550	0	186
SORBI_3001G018600	0	187
SORBI_3001G018700	0	188
SORBI_3001G018800	0	189
SORBI_3001G018900	0	190
SORBI_3001G019000	0	191
SORBI_3001G019100	0	192
SORBI_3001G019200	0	193
SORBI_3001G019300	0	194
SORBI_3001G019400	0	195
SORBI_3001G019500	0	196
SORBI_3001G019601	0	197
SORBI_3001G019700	0	198
SORBI_3001G019800	0	199
SORBI_3001G019900	0	200
SORBI_3001G020000	0	201
SORBI_3001G020100	0	202
SORBI_3001G020200	0	203
SORBI_3001G020350	0	204
SORBI_3001G020500	0	205
SORBI_3001G020600	0	206
SORBI_3001G020700	0	207
SORBI_3001G020800	0	208
SORBI_3001G020900	0	209
SORBI_3001G021000	0	210
SORBI_3001G021100	0	211
SORBI_3001G021200	0	212
SORBI_3001G021300	0	213
SORBI_3001G021400	0	214
SORBI_3001G021500	0	215
SORBI_3001G021601	0	216
SORBI_3001G021700	0	217
SORBI_3001G021800	0	218
SORBI_3001G021900	0	219
SORBI_3001G022000	0	220
SORBI_3001G022100	0	221
SORBI_3001G022200	0	222
SORBI_3001G022300	0	223
SORBI_3001G022400	0	224
SORBI_3001G022500	0	225
SORBI_3001G022600	0	226
SORBI_3001G022700	0	227
SORBI_3001G022800	0	228
SORBI_3001G022900	0	229
SORBI_3001G023000	0	230
SORBI_3001G023100	0	231
SORBI_3001G023200	0	232
SORBI_3001G023300	0	233
SORBI_3001G023400	0	234
SORBI_3001G023500	0	235
SORBI_3001G023600	0	236
SORBI_3001G023700	0	237
SORBI_3001G023800	0	238
SORBI_3001G023900	0	239
SORBI_3001G024000	0	240
SORBI_3001G024100	0	241
SORBI_3001G024200	0	242
SORBI_3001G024250	0	243
SORBI_3001G024300	0	244
SORBI_3001G024400	0	245
SORBI_3001G024500	0	246
SORBI_3001G024700	0	247
SORBI_3001G024800	0	248
SORBI_3001G024900	0	249
SORBI_3001G025000	0	250
SORBI_3001G025101	0	251
SORBI_3001G025201	0	252
SORBI_3001G025300	0	253
SORBI_3001G025400	0	254
SORBI_3001G025500	0	255
SORBI_3001G025600	0	256
SORBI_3001G025700	0	257
SORBI_3001G025800	0	258
SORBI_3001G025900	0	259
SORBI_3001G026000	0	260
SORBI_3001G026100	0	261
SORBI_3001G026200	0	262
SORBI_3001G026300	0	263
SORBI_3001G026400	0	264
SORBI_3001G026500	0	265
SORBI_3001G026600	0	266
SORBI_3001G026700	0	267
SORBI_3001G026800	0	268
SORBI_3001G026900	0	269
SORBI_3001G026950	0	270
SORBI_3001G027000	0	271
SORBI_3001G027100	0	272
SORBI_3001G027200	0	273
SORBI_3001G027300	0	274
SORBI_3001G027400	0	275
SORBI_3001G027500	0	276
SORBI_3001G027600	0	277
SORBI_3001G027700	0	278
SORBI_3001G027800	0	279
SORBI_3001G027900	0	280
SORBI_3001G028000	0	281
SORBI_3001G028100	0	282
SORBI_3001G028200	0	283
SORBI_3001G028301	0	284
SORBI_3001G028400	0	285
SORBI_3001G028500	0	286
SORBI_3001G028600	0	287
SORBI_3001G028700	0	288
SORBI_3001G028800	0	289
SORBI_3001G028900	0	290
SORBI_3001G029000	0	291
SORBI_3001G029100	0	292
SORBI_3001G029200	0	293
SORBI_3001G029300	0	294
SORBI_3001G029400	0	295
SORBI_3001G029500	0	296
SORBI_3001G029600	0	297
SORBI_3001G029700	0	298
SORBI_3001G029800	0	299
SORBI_3001G029900	0	300
SORBI_3001G030000	0	301
SORBI_3001G030100	0	302
SORBI_3001G030200	0	303
SORBI_3001G030300	0	304
SORBI_3001G030400	0	305
SORBI_3001G030500	0	306
SORBI_3001G030600	0	307
SORBI_3001G030800	0	308
SORBI_3001G030900	0	309
SORBI_3001G031000	0	310
SORBI_3001G031100	0	311
SORBI_3001G031200	0	312
SORBI_3001G031300	0	313
SORBI_3001G031400	0	314
SORBI_3001G031500	0	315
SORBI_3001G031600	0	316
SORBI_3001G031700	0	317
SORBI_3001G031800	0	318
SORBI_3001G031900	0	319
SORBI_3001G032000	0	320
SORBI_3001G032100	0	321
SORBI_3001G032200	0	322
SORBI_3001G032300	0	323
SORBI_3001G032400	0	324
SORBI_3001G032550	0	325
SORBI_3001G032700	0	326
SORBI_3001G032800	0	327
SORBI_3001G032850	0	328
SORBI_3001G032900	0	329
SORBI_3001G033000	0	330
SORBI_3001G033100	0	331
SORBI_3001G033200	0	332
SORBI_3001G033300	0	333
SORBI_3001G033400	0	334
SORBI_3001G033500	0	335
SORBI_3001G033600	0	336
SORBI_3001G033701	0	337
SORBI_3001G033800	0	338
SORBI_3001G033900	0	339
SORBI_3001G034000	0	340
SORBI_3001G034050	0	341
SORBI_3001G034100	0	342
SORBI_3001G034200	0	343
SORBI_3001G034300	0	344
SORBI_3001G034400	0	345
SORBI_3001G034500	0	346
SORBI_3001G034600	0	347
SORBI_3001G034700	0	348
SORBI_3001G034900	0	349
SORBI_3001G035000	0	350
SORBI_3001G035100	0	351
SORBI_3001G035200	0	352
SORBI_3001G035300	0	353
SORBI_3001G035400	0	354
SORBI_3001G035450	0	355
SORBI_3001G035500	0	356
SORBI_3001G035600	0	357
SORBI_3001G035700	0	358
SORBI_3001G035800	0	359
SORBI_3001G035900	0	360
SORBI_3001G036050	0	361
SORBI_3001G036200	0	362
SORBI_3001G036300	0	363
SORBI_3001G036400	0	364
SORBI_3001G036600	0	365
SORBI_3001G036700	0	366
SORBI_3001G036800	0	367
SORBI_3001G036900	0	368
SORBI_3001G037000	0	369
SORBI_3001G037033	0	370
SORBI_3001G037066	0	371
SORBI_3001G037100	0	372
SORBI_3001G037150	0	373
SORBI_3001G037200	0	374
SORBI_3001G037300	0	375
SORBI_3001G037400	0	376
SORBI_3001G037500	0	377
SORBI_3001G037550	0	378
SORBI_3001G037600	0	379
SORBI_3001G037700	0	380
SORBI_3001G037800	0	381
SORBI_3001G037900	0	382
SORBI_3001G038000	0	383
SORBI_3001G038050	0	384
SORBI_3001G038100	0	385
SORBI_3001G038200	0	386
SORBI_3001G038300	0	387
SORBI_3001G038400	0	388
SORBI_3001G038450	0	389
SORBI_3001G038500	0	390
SORBI_3001G038601	0	391
SORBI_3001G038700	0	392
SORBI_3001G038800	0	393
SORBI_3001G038900	0	394
SORBI_3001G039000	0	395
SORBI_3001G039100	0	396
SORBI_3001G039200	0	397
SORBI_3001G039300	0	398
SORBI_3001G039400	0	399
SORBI_3001G039500	0	400
SORBI_3001G039600	0	401
SORBI_3001G039700	0	402
SORBI_3001G039750	0	403
SORBI_3001G039800	0	404
SORBI_3001G039900	0	405
SORBI_3001G040000	0	406
SORBI_3001G040100	0	407
SORBI_3001G040200	0	408
SORBI_3001G040300	0	409
SORBI_3001G040400	0	410
SORBI_3001G040500	0	411
SORBI_3001G040600	0	412
SORBI_3001G040701	0	413
SORBI_3001G040800	0	414
SORBI_3001G040900	0	415
SORBI_3001G041000	0	416
SORBI_3001G041100	0	417
SORBI_3001G041200	0	418
SORBI_3001G041300	0	419
SORBI_3001G041400	0	420
SORBI_3001G041450	0	421
SORBI_3001G041500	0	422
SORBI_3001G041600	0	423
SORBI_3001G041700	0	424
SORBI_3001G041800	0	425
SORBI_3001G041900	0	426
SORBI_3001G042000	0	427
SORBI_3001G042100	0	428
SORBI_3001G042200	0	429
SORBI_3001G042301	0	430
SORBI_3001G042400	0	431
SORBI_3001G042500	0	432
SORBI_3001G042600	0	433
SORBI_3001G042700	0	434
SORBI_3001G042800	0	435
SORBI_3001G042901	0	436
SORBI_3001G043000	0	437
SORBI_3001G043100	0	438
SORBI_3001G043200	0	439
SORBI_3001G043300	0	440
SORBI_3001G043400	0	441
SORBI_3001G043500	0	442
SORBI_3001G043601	0	443
SORBI_3001G043700	0	444
SORBI_3001G043800	0	445
SORBI_3001G043900	0	446
SORBI_3001G044000	0	447
SORBI_3001G044100	0	448
SORBI_3001G044200	0	449
SORBI_3001G044300	0	450
SORBI_3001G044400	0	451
SORBI_3001G044500	0	452
SORBI_3001G044600	0	453
SORBI_3001G044700	0	454
SORBI_3001G044800	0	455
SORBI_3001G044900	0	456
SORBI_3001G045000	0	457
SORBI_3001G045100	0	458
SORBI_3001G045300	0	459
SORBI_3001G045400	0	460
SORBI_3001G045500	0	461
SORBI_3001G045600	0	462
SORBI_3001G045700	0	463
SORBI_3001G045800	0	464
SORBI_3001G045900	0	465
SORBI_3001G046000	0	466
SORBI_3001G046100	0	467
SORBI_3001G046200	0	468
SORBI_3001G046300	0	469
SORBI_3001G046400	0	470
SORBI_3001G046500	0	471
SORBI_3001G046600	0	472
SORBI_3001G046700	0	473
SORBI_3001G046800	0	474
SORBI_3001G046900	0	475
SORBI_3001G047000	0	476
SORBI_3001G047100	0	477
SORBI_3001G047200	0	478
SORBI_3001G047400	0	479
SORBI_3001G047500	0	480
SORBI_3001G047600	0	481
SORBI_3001G047700	0	482
SORBI_3001G047800	0	483
SORBI_3001G047900	0	484
SORBI_3001G048000	0	485
SORBI_3001G048100	0	486
SORBI_3001G048200	0	487
SORBI_3001G048300	0	488
SORBI_3001G048400	0	489
SORBI_3001G048500	0	490
SORBI_3001G048600	0	491
SORBI_3001G048700	0	492
SORBI_3001G048766	0	493
SORBI_3001G048832	0	494
SORBI_3001G048900	0	495
SORBI_3001G049000	0	496
SORBI_3001G049200	0	497
SORBI_3001G049300	0	498
SORBI_3001G049400	0	499
SORBI_3001G049500	0	500
SORBI_3001G049600	0	501
SORBI_3001G049700	0	502
SORBI_3001G049800	0	503
SORBI_3001G049900	0	504
SORBI_3001G050000	0	505
SORBI_3001G050100	0	506
SORBI_3001G050200	0	507
SORBI_3001G050300	0	508
SORBI_3001G050400	0	509
SORBI_3001G050500	0	510
SORBI_3001G050600	0	511
SORBI_3001G050650	0	512
SORBI_3001G050700	0	513
SORBI_3001G050800	0	514
SORBI_3001G050900	0	515
SORBI_3001G051100	0	516
SORBI_3001G051200	0	517
SORBI_3001G051300	0	518
SORBI_3001G051400	0	519
SORBI_3001G051500	0	520
SORBI_3001G051600	0	521
SORBI_3001G051700	0	522
SORBI_3001G051800	0	523
SORBI_3001G052000	0	524
SORBI_3001G052100	0	525
SORBI_3001G052200	0	526
SORBI_3001G052300	0	527
SORBI_3001G052350	0	528
SORBI_3001G052400	0	529
SORBI_3001G052500	0	530
SORBI_3001G052600	0	531
SORBI_3001G052700	0	532
SORBI_3001G052800	0	533
SORBI_3001G052900	0	534
SORBI_3001G053000	0	535
SORBI_3001G053100	0	536
SORBI_3001G053200	0	537
SORBI_3001G053350	0	538
SORBI_3001G053500	0	539
SORBI_3001G053601	0	540
SORBI_3001G053700	0	541
SORBI_3001G053800	0	542
SORBI_3001G053900	0	543
SORBI_3001G054000	0	544
SORBI_3001G054050	0	545
SORBI_3001G054100	0	546
SORBI_3001G054200	0	547
SORBI_3001G054300	0	548
SORBI_3001G054400	0	549
SORBI_3001G054500	0	550
SORBI_3001G054600	0	551
SORBI_3001G054700	0	552
SORBI_3001G054800	0	553
SORBI_3001G054900	0	554
SORBI_3001G055100	0	555
SORBI_3001G055300	0	556
SORBI_3001G055400	0	557
SORBI_3001G055600	0	558
SORBI_3001G055700	0	559
SORBI_3001G055800	0	560
SORBI_3001G055900	0	561
SORBI_3001G056000	0	562
SORBI_3001G056100	0	563
SORBI_3001G056200	0	564
SORBI_3001G056300	0	565
SORBI_3001G056400	0	566
SORBI_3001G056500	0	567
SORBI_3001G056601	0	568
SORBI_3001G056700	0	569
SORBI_3001G056800	0	570
SORBI_3001G056900	0	571
SORBI_3001G057100	0	572
SORBI_3001G057200	0	573
SORBI_3001G057300	0	574
SORBI_3001G057400	0	575
SORBI_3001G057500	0	576
SORBI_3001G057600	0	577
SORBI_3001G057700	0	578
SORBI_3001G057800	0	579
SORBI_3001G057900	0	580
SORBI_3001G058000	0	581
SORBI_3001G058100	0	582
SORBI_3001G058200	0	583
SORBI_3001G058300	0	584
SORBI_3001G058400	0	585
SORBI_3001G058500	0	586
SORBI_3001G058600	0	587
SORBI_3001G058700	0	588
SORBI_3001G058800	0	589
SORBI_3001G058900	0	590
SORBI_3001G059001	0	591
SORBI_3001G059100	0	592
SORBI_3001G059150	0	593
SORBI_3001G059200	0	594
SORBI_3001G059300	0	595
SORBI_3001G059400	0	596
SORBI_3001G059500	0	597
SORBI_3001G059600	0	598
SORBI_3001G059700	0	599
SORBI_3001G059800	0	600
SORBI_3001G059900	0	601
SORBI_3001G060001	0	602
SORBI_3001G060100	0	603
SORBI_3001G060200	0	604
SORBI_3001G060300	0	605
SORBI_3001G060401	0	606
SORBI_3001G060500	0	607
SORBI_3001G060600	0	608
SORBI_3001G060666	0	609
SORBI_3001G060732	0	610
SORBI_3001G060800	0	611
SORBI_3001G060900	0	612
SORBI_3001G061000	0	613
SORBI_3001G061101	0	614
SORBI_3001G061200	0	615
SORBI_3001G061300	0	616
SORBI_3001G061400	0	617
SORBI_3001G061500	0	618
SORBI_3001G061600	0	619
SORBI_3001G061700	0	620
SORBI_3001G061800	0	621
SORBI_3001G061900	0	622
SORBI_3001G062000	0	623
SORBI_3001G062066	0	624
SORBI_3001G062132	0	625
SORBI_3001G062200	0	626
SORBI_3001G062250	0	627
SORBI_3001G062300	0	628
SORBI_3001G062400	0	629
SORBI_3001G062500	0	630
SORBI_3001G062600	0	631
SORBI_3001G062700	0	632
SORBI_3001G062750	0	633
SORBI_3001G062800	0	634
SORBI_3001G062900	0	635
SORBI_3001G063000	0	636
SORBI_3001G063100	0	637
SORBI_3001G063200	0	638
SORBI_3001G063300	0	639
SORBI_3001G063400	0	640
SORBI_3001G063500	0	641
SORBI_3001G063600	0	642
SORBI_3001G063700	0	643
SORBI_3001G063800	0	644
SORBI_3001G063900	0	645
SORBI_3001G064000	0	646
SORBI_3001G064200	0	647
SORBI_3001G064300	0	648
SORBI_3001G064400	0	649
SORBI_3001G064500	0	650
SORBI_3001G064600	0	651
SORBI_3001G064700	0	652
SORBI_3001G064800	0	653
SORBI_3001G064900	0	654
SORBI_3001G065000	0	655
SORBI_3001G065100	0	656
SORBI_3001G065150	0	657
SORBI_3001G065200	0	658
SORBI_3001G065300	0	659
SORBI_3001G065400	0	660
SORBI_3001G065500	0	661
SORBI_3001G065600	0	662
SORBI_3001G065700	0	663
SORBI_3001G065800	0	664
SORBI_3001G065900	0	665
SORBI_3001G066000	0	666
SORBI_3001G066100	0	667
SORBI_3001G066300	0	668
SORBI_3001G066400	0	669
SORBI_3001G066500	0	670
SORBI_3001G066600	0	671
SORBI_3001G066700	0	672
SORBI_3001G066800	0	673
SORBI_3001G066900	0	674
SORBI_3001G067000	0	675
SORBI_3001G067100	0	676
SORBI_3001G067200	0	677
SORBI_3001G067300	0	678
SORBI_3001G067400	0	679
SORBI_3001G067500	0	680
SORBI_3001G067601	0	681
SORBI_3001G067700	0	682
SORBI_3001G067800	0	683
SORBI_3001G067850	0	684
SORBI_3001G067900	0	685
SORBI_3001G068000	0	686
SORBI_3001G068066	0	687
SORBI_3001G068132	0	688
SORBI_3001G068200	0	689
SORBI_3001G068301	0	690
SORBI_3001G068400	0	691
SORBI_3001G068500	0	692
SORBI_3001G068600	0	693
SORBI_3001G068700	0	694
SORBI_3001G068800	0	695
SORBI_3001G068901	0	696
SORBI_3001G069000	0	697
SORBI_3001G069100	0	698
SORBI_3001G069200	0	699
SORBI_3001G069300	0	700
SORBI_3001G069400	0	701
SORBI_3001G069500	0	702
SORBI_3001G069600	0	703
SORBI_3001G069700	0	704
SORBI_3001G069800	0	705
SORBI_3001G069900	0	706
SORBI_3001G070000	0	707
SORBI_3001G070100	0	708
SORBI_3001G070200	0	709
SORBI_3001G070300	0	710
SORBI_3001G070401	0	711
SORBI_3001G070500	0	712
SORBI_3001G070600	0	713
SORBI_3001G070700	0	714
SORBI_3001G070800	0	715
SORBI_3001G070900	0	716
SORBI_3001G071000	0	717
SORBI_3001G071100	0	718
SORBI_3001G071200	0	719
SORBI_3001G071250	0	720
SORBI_3001G071300	0	721
SORBI_3001G071400	0	722
SORBI_3001G071500	0	723
SORBI_3001G071600	0	724
SORBI_3001G071700	0	725
SORBI_3001G071800	0	726
SORBI_3001G071900	0	727
SORBI_3001G072000	0	728
SORBI_3001G072100	0	729
SORBI_3001G072200	0	730
SORBI_3001G072250	0	731
SORBI_3001G072300	0	732
SORBI_3001G072400	0	733
SORBI_3001G072500	0	734
SORBI_3001G072550	0	735
SORBI_3001G072600	0	736
SORBI_3001G072700	0	737
SORBI_3001G072800	0	738
SORBI_3001G072900	0	739
SORBI_3001G073000	0	740
SORBI_3001G073150	0	741
SORBI_3001G073300	0	742
SORBI_3001G073400	0	743
SORBI_3001G073500	0	744
SORBI_3001G073550	0	745
SORBI_3001G073600	0	746
SORBI_3001G073700	0	747
SORBI_3001G073800	0	748
SORBI_3001G073900	0	749
SORBI_3001G074000	0	750
SORBI_3001G074100	0	751
SORBI_3001G074200	0	752
SORBI_3001G074300	0	753
SORBI_3001G074400	0	754
SORBI_3001G074500	0	755
SORBI_3001G074601	0	756
SORBI_3001G074700	0	757
SORBI_3001G074800	0	758
SORBI_3001G074900	0	759
SORBI_3001G075000	0	760
SORBI_3001G075101	0	761
SORBI_3001G075200	0	762
SORBI_3001G075201	0	763
SORBI_3001G075300	0	764
SORBI_3001G075400	0	765
SORBI_3001G075500	0	766
SORBI_3001G075600	0	767
SORBI_3001G075700	0	768
SORBI_3001G075800	0	769
SORBI_3001G075900	0	770
SORBI_3001G075950	0	771
SORBI_3001G076000	0	772
SORBI_3001G076100	0	773
SORBI_3001G076200	0	774
SORBI_3001G076300	0	775
SORBI_3001G076400	0	776
SORBI_3001G076500	0	777
SORBI_3001G076600	0	778
SORBI_3001G076700	0	779
SORBI_3001G076800	0	780
SORBI_3001G076850	0	781
SORBI_3001G076900	0	782
SORBI_3001G077000	0	783
SORBI_3001G077100	0	784
SORBI_3001G077200	0	785
SORBI_3001G077300	0	786
SORBI_3001G077400	0	787
SORBI_3001G077500	0	788
SORBI_3001G077600	0	789
SORBI_3001G077700	0	790
SORBI_3001G077800	0	791
SORBI_3001G077900	0	792
SORBI_3001G078000	0	793
SORBI_3001G078100	0	794
SORBI_3001G078200	0	795
SORBI_3001G078300	0	796
SORBI_3001G078400	0	797
SORBI_3001G078500	0	798
SORBI_3001G078600	0	799
SORBI_3001G078700	0	800
SORBI_3001G078800	0	801
SORBI_3001G078900	0	802
SORBI_3001G079000	0	803
SORBI_3001G079100	0	804
SORBI_3001G079150	0	805
SORBI_3001G079200	0	806
SORBI_3001G079300	0	807
SORBI_3001G079401	0	808
SORBI_3001G079500	0	809
SORBI_3001G079600	0	810
SORBI_3001G079700	0	811
SORBI_3001G079900	0	812
SORBI_3001G080000	0	813
SORBI_3001G080100	0	814
SORBI_3001G080200	0	815
SORBI_3001G080300	0	816
SORBI_3001G080500	0	817
SORBI_3001G080600	0	818
SORBI_3001G080700	0	819
SORBI_3001G080800	0	820
SORBI_3001G080900	0	821
SORBI_3001G080950	0	822
SORBI_3001G081000	0	823
SORBI_3001G081100	0	824
SORBI_3001G081200	0	825
SORBI_3001G081300	0	826
SORBI_3001G081400	0	827
SORBI_3001G081450	0	828
SORBI_3001G081500	0	829
SORBI_3001G081600	0	830
SORBI_3001G081700	0	831
SORBI_3001G081800	0	832
SORBI_3001G081900	0	833
SORBI_3001G082000	0	834
SORBI_3001G082100	0	835
SORBI_3001G082200	0	836
SORBI_3001G082300	0	837
SORBI_3001G082400	0	838
SORBI_3001G082500	0	839
SORBI_3001G082600	0	840
SORBI_3001G082700	0	841
SORBI_3001G082800	0	842
SORBI_3001G082900	0	843
SORBI_3001G083000	0	844
SORBI_3001G083100	0	845
SORBI_3001G083200	0	846
SORBI_3001G083300	0	847
SORBI_3001G083400	0	848
SORBI_3001G083450	0	849
SORBI_3001G083500	0	850
SORBI_3001G083600	0	851
SORBI_3001G083701	0	852
SORBI_3001G083800	0	853
SORBI_3001G083900	0	854
SORBI_3001G084000	0	855
SORBI_3001G084100	0	856
SORBI_3001G084133	0	857
SORBI_3001G084166	0	858
SORBI_3001G084200	0	859
SORBI_3001G084300	0	860
SORBI_3001G084400	0	861
SORBI_3001G084500	0	862
SORBI_3001G084600	0	863
SORBI_3001G084700	0	864
SORBI_3001G084900	0	865
SORBI_3001G085000	0	866
SORBI_3001G085100	0	867
SORBI_3001G085200	0	868
SORBI_3001G085300	0	869
SORBI_3001G085400	0	870
SORBI_3001G085450	0	871
SORBI_3001G085500	0	872
SORBI_3001G085600	0	873
SORBI_3001G085700	0	874
SORBI_3001G085800	0	875
SORBI_3001G085900	0	876
SORBI_3001G086000	0	877
SORBI_3001G086050	0	878
SORBI_3001G086100	0	879
SORBI_3001G086200	0	880
SORBI_3001G086300	0	881
SORBI_3001G086400	0	882
SORBI_3001G086500	0	883
SORBI_3001G086600	0	884
SORBI_3001G086700	0	885
SORBI_3001G086800	0	886
SORBI_3001G086900	0	887
SORBI_3001G087000	0	888
SORBI_3001G087100	0	889
SORBI_3001G087201	0	890
SORBI_3001G087300	0	891
SORBI_3001G087400	0	892
SORBI_3001G087500	0	893
SORBI_3001G087600	0	894
SORBI_3001G087700	0	895
SORBI_3001G087800	0	896
SORBI_3001G087850	0	897
SORBI_3001G087900	0	898
SORBI_3001G088000	0	899
SORBI_3001G088100	0	900
SORBI_3001G088200	0	901
SORBI_3001G088300	0	902
SORBI_3001G088400	0	903
SORBI_3001G088450	0	904
SORBI_3001G088500	0	905
SORBI_3001G088600	0	906
SORBI_3001G088700	0	907
SORBI_3001G088800	0	908
SORBI_3001G088900	0	909
SORBI_3001G089000	0	910
SORBI_3001G089100	0	911
SORBI_3001G089200	0	912
SORBI_3001G089300	0	913
SORBI_3001G089400	0	914
SORBI_3001G089500	0	915
SORBI_3001G089600	0	916
SORBI_3001G089800	0	917
SORBI_3001G089850	0	918
SORBI_3001G089900	0	919
SORBI_3001G090000	0	920
SORBI_3001G090100	0	921
SORBI_3001G090200	0	922
SORBI_3001G090300	0	923
SORBI_3001G090400	0	924
SORBI_3001G090500	0	925
SORBI_3001G090600	0	926
SORBI_3001G090700	0	927
SORBI_3001G090800	0	928
SORBI_3001G090900	0	929
SORBI_3001G091000	0	930
SORBI_3001G091100	0	931
SORBI_3001G091200	0	932
SORBI_3001G091300	0	933
SORBI_3001G091400	0	934
SORBI_3001G091500	0	935
SORBI_3001G091600	0	936
SORBI_3001G091701	0	937
SORBI_3001G091801	0	938
SORBI_3001G091900	0	939
SORBI_3001G092000	0	940
SORBI_3001G092100	0	941
SORBI_3001G092200	0	942
SORBI_3001G092250	0	943
SORBI_3001G092300	0	944
SORBI_3001G092400	0	945
SORBI_3001G092500	0	946
SORBI_3001G092600	0	947
SORBI_3001G092650	0	948
SORBI_3001G092700	0	949
SORBI_3001G092800	0	950
SORBI_3001G093000	0	951
SORBI_3001G093100	0	952
SORBI_3001G093200	0	953
SORBI_3001G093300	0	954
SORBI_3001G093400	0	955
SORBI_3001G093500	0	956
SORBI_3001G093600	0	957
SORBI_3001G093666	0	958
SORBI_3001G093732	0	959
SORBI_3001G093800	0	960
SORBI_3001G093900	0	961
SORBI_3001G094000	0	962
SORBI_3001G094100	0	963
SORBI_3001G094200	0	964
SORBI_3001G094300	0	965
SORBI_3001G094400	0	966
SORBI_3001G094500	0	967
SORBI_3001G094550	0	968
SORBI_3001G094600	0	969
SORBI_3001G094700	0	970
SORBI_3001G094800	0	971
SORBI_3001G094900	0	972
SORBI_3001G095000	0	973
SORBI_3001G095100	0	974
SORBI_3001G095200	0	975
SORBI_3001G095300	0	976
SORBI_3001G095366	0	977
SORBI_3001G095432	0	978
SORBI_3001G095500	0	979
SORBI_3001G095566	0	980
SORBI_3001G095632	0	981
SORBI_3001G095700	0	982
SORBI_3001G095750	0	983
SORBI_3001G095800	0	984
SORBI_3001G095900	0	985
SORBI_3001G096000	0	986
SORBI_3001G096100	0	987
SORBI_3001G096200	0	988
SORBI_3001G096300	0	989
SORBI_3001G096400	0	990
SORBI_3001G096450	0	991
SORBI_3001G096500	0	992
SORBI_3001G096600	0	993
SORBI_3001G096700	0	994
SORBI_3001G096800	0	995
SORBI_3001G096833	0	996
SORBI_3001G096866	0	997
SORBI_3001G096900	0	998
SORBI_3001G097000	0	999
SORBI_3001G097100	0	1000
SORBI_3001G097200	0	1001
SORBI_3001G097300	0	1002
SORBI_3001G097400	0	1003
SORBI_3001G097500	0	1004
SORBI_3001G097600	0	1005
SORBI_3001G097700	0	1006
SORBI_3001G097800	0	1007
SORBI_3001G097900	0	1008
SORBI_3001G098000	0	1009
SORBI_3001G098100	0	1010
SORBI_3001G098200	0	1011
SORBI_3001G098301	0	1012
SORBI_3001G098400	0	1013
SORBI_3001G098500	0	1014
SORBI_3001G098600	0	1015
SORBI_3001G098700	0	1016
SORBI_3001G098800	0	1017
SORBI_3001G098900	0	1018
SORBI_3001G099000	0	1019
SORBI_3001G099100	0	1020
SORBI_3001G099200	0	1021
SORBI_3001G099300	0	1022
SORBI_3001G099400	0	1023
SORBI_3001G099500	1	0
SORBI_3001G099600	1	1
SORBI_3001G099700	1	2
SORBI_3001G099800	1	3
SORBI_3001G099900	1	4
SORBI_3001G100000	1	5
SORBI_3001G100100	1	6
SORBI_3001G100200	1	7
SORBI_3001G100300	1	8
SORBI_3001G100400	1	9
SORBI_3001G100501	1	10
SORBI_3001G100600	1	11
SORBI_3001G100650	1	12
SORBI_3001G100700	1	13
SORBI_3001G100800	1	14
SORBI_3001G100900	1	15
SORBI_3001G101000	1	16
SORBI_3001G101100	1	17
SORBI_3001G101200	1	18
SORBI_3001G101300	1	19
SORBI_3001G101400	1	20
SORBI_3001G101500	1	21
SORBI_3001G101600	1	22
SORBI_3001G101650	1	23
SORBI_3001G101700	1	24
SORBI_3001G101900	1	25
SORBI_3001G102000	1	26
SORBI_3001G102100	1	27
SORBI_3001G102150	1	28
SORBI_3001G102200	1	29
SORBI_3001G102300	1	30
SORBI_3001G102350	1	31
SORBI_3001G102400	1	32
SORBI_3001G102500	1	33
SORBI_3001G102600	1	34
SORBI_3001G102700	1	35
SORBI_3001G102800	1	36
SORBI_3001G102901	1	37
SORBI_3001G103000	1	38
SORBI_3001G103100	1	39
SORBI_3001G103200	1	40
SORBI_3001G103300	1	41
SORBI_3001G103400	1	42
SORBI_3001G103500	1	43
SORBI_3001G103600	1	44
SORBI_3001G103800	1	45
SORBI_3001G103900	1	46
SORBI_3001G104000	1	47
SORBI_3001G104050	1	48
SORBI_3001G104100	1	49
SORBI_3001G104300	1	50
SORBI_3001G104400	1	51
SORBI_3001G104500	1	52
SORBI_3001G104550	1	53
SORBI_3001G104600	1	54
SORBI_3001G104700	1	55
SORBI_3001G104800	1	56
SORBI_3001G104900	1	57
SORBI_3001G105000	1	58
SORBI_3001G105100	1	59
SORBI_3001G105200	1	60
SORBI_3001G105300	1	61
SORBI_3001G105400	1	62
SORBI_3001G105500	1	63
SORBI_3001G105600	1	64
SORBI_3001G105700	1	65
SORBI_3001G105800	1	66
SORBI_3001G105900	1	67
SORBI_3001G106000	1	68
SORBI_3001G106100	1	69
SORBI_3001G106200	1	70
SORBI_3001G106300	1	71
SORBI_3001G106400	1	72
SORBI_3001G106500	1	73
SORBI_3001G106550	1	74
SORBI_3001G106600	1	75
SORBI_3001G106700	1	76
SORBI_3001G106800	1	77
SORBI_3001G106900	1	78
SORBI_3001G107001	1	79
SORBI_3001G107100	1	80
SORBI_3001G107150	1	81
SORBI_3001G107200	1	82
SORBI_3001G107300	1	83
SORBI_3001G107400	1	84
SORBI_3001G107500	1	85
SORBI_3001G107550	1	86
SORBI_3001G107600	1	87
SORBI_3001G107700	1	88
SORBI_3001G107800	1	89
SORBI_3001G107900	1	90
SORBI_3001G108000	1	91
SORBI_3001G108100	1	92
SORBI_3001G108200	1	93
SORBI_3001G108300	1	94
SORBI_3001G108350	1	95
SORBI_3001G108400	1	96
SORBI_3001G108500	1	97
SORBI_3001G108600	1	98
SORBI_3001G108700	1	99
SORBI_3001G108800	1	100
SORBI_3001G108900	1	101
SORBI_3001G109000	1	102
SORBI_3001G109100	1	103
SORBI_3001G109300	1	104
SORBI_3001G109400	1	105
SORBI_3001G109500	1	106
SORBI_3001G109700	1	107
SORBI_3001G109800	1	108
SORBI_3001G109900	1	109
SORBI_3001G110000	1	110
SORBI_3001G110100	1	111
SORBI_3001G110150	1	112
SORBI_3001G110200	1	113
SORBI_3001G110250	1	114
SORBI_3001G110300	1	115
SORBI_3001G110400	1	116
SORBI_3001G110500	1	117
SORBI_3001G110600	1	118
SORBI_3001G110701	1	119
SORBI_3001G110800	1	120
SORBI_3001G110900	1	121
SORBI_3001G110950	1	122
SORBI_3001G111000	1	123
SORBI_3001G111150	1	124
SORBI_3001G111300	1	125
SORBI_3001G111366	1	126
SORBI_3001G111432	1	127
SORBI_3001G111500	1	128
SORBI_3001G111600	1	129
SORBI_3001G111650	1	130
SORBI_3001G111700	1	131
SORBI_3001G111800	1	132
SORBI_3001G111850	1	133
SORBI_3001G111900	1	134
SORBI_3001G112000	1	135
SORBI_3001G112100	1	136
SORBI_3001G112200	1	137
SORBI_3001G112250	1	138
SORBI_3001G112300	1	139
SORBI_3001G112350	1	140
SORBI_3001G112400	1	141
SORBI_3001G112500	1	142
SORBI_3001G112550	1	143
SORBI_3001G112600	1	144
SORBI_3001G112700	1	145
SORBI_3001G112800	1	146
SORBI_3001G112900	1	147
SORBI_3001G113000	1	148
SORBI_3001G113200	1	149
SORBI_3001G113400	1	150
SORBI_3001G113500	1	151
SORBI_3001G113600	1	152
SORBI_3001G113700	1	153
SORBI_3001G113800	1	154
SORBI_3001G113900	1	155
SORBI_3001G114000	1	156
SORBI_3001G114100	1	157
SORBI_3001G114200	1	158
SORBI_3001G114300	1	159
SORBI_3001G114400	1	160
SORBI_3001G114500	1	161
SORBI_3001G114550	1	162
SORBI_3001G114600	1	163
SORBI_3001G114650	1	164
SORBI_3001G114700	1	165
SORBI_3001G114800	1	166
SORBI_3001G114900	1	167
SORBI_3001G115001	1	168
SORBI_3001G115100	1	169
SORBI_3001G115200	1	170
SORBI_3001G115300	1	171
SORBI_3001G115400	1	172
SORBI_3001G115500	1	173
SORBI_3001G115600	1	174
SORBI_3001G115700	1	175
SORBI_3001G115800	1	176
SORBI_3001G115900	1	177
SORBI_3001G116000	1	178
SORBI_3001G116100	1	179
SORBI_3001G116200	1	180
SORBI_3001G116300	1	181
SORBI_3001G116400	1	182
SORBI_3001G116500	1	183
SORBI_3001G116600	1	184
SORBI_3001G116650	1	185
SORBI_3001G116700	1	186
SORBI_3001G116800	1	187
SORBI_3001G116900	1	188
SORBI_3001G117000	1	189
SORBI_3001G117100	1	190
SORBI_3001G117200	1	191
SORBI_3001G117300	1	192
SORBI_3001G117400	1	193
SORBI_3001G117500	1	194
SORBI_3001G117600	1	195
SORBI_3001G117701	1	196
SORBI_3001G117800	1	197
SORBI_3001G117900	1	198
SORBI_3001G118000	1	199
SORBI_3001G118050	1	200
SORBI_3001G118100	1	201
SORBI_3001G118200	1	202
SORBI_3001G118300	1	203
SORBI_3001G118400	1	204
SORBI_3001G118500	1	205
SORBI_3001G118600	1	206
SORBI_3001G118700	1	207
SORBI_3001G118800	1	208
SORBI_3001G118900	1	209
SORBI_3001G119000	1	210
SORBI_3001G119100	1	211
SORBI_3001G119200	1	212
SORBI_3001G119300	1	213
SORBI_3001G119400	1	214
SORBI_3001G119500	1	215
SORBI_3001G119600	1	216
SORBI_3001G119700	1	217
SORBI_3001G119800	1	218
SORBI_3001G119900	1	219
SORBI_3001G120000	1	220
SORBI_3001G120100	1	221
SORBI_3001G120200	1	222
SORBI_3001G120300	1	223
SORBI_3001G120400	1	224
SORBI_3001G120500	1	225
SORBI_3001G120600	1	226
SORBI_3001G120700	1	227
SORBI_3001G120750	1	228
SORBI_3001G120800	1	229
SORBI_3001G120850	1	230
SORBI_3001G120900	1	231
SORBI_3001G121000	1	232
SORBI_3001G121100	1	233
SORBI_3001G121200	1	234
SORBI_3001G121300	1	235
SORBI_3001G121400	1	236
SORBI_3001G121500	1	237
SORBI_3001G121600	1	238
SORBI_3001G121700	1	239
SORBI_3001G121800	1	240
SORBI_3001G121850	1	241
SORBI_3001G121900	1	242
SORBI_3001G122000	1	243
SORBI_3001G122100	1	244
SORBI_3001G122200	1	245
SORBI_3001G122300	1	246
SORBI_3001G122400	1	247
SORBI_3001G122500	1	248
SORBI_3001G122600	1	249
SORBI_3001G122700	1	250
SORBI_3001G122766	1	251
SORBI_3001G122832	1	252
SORBI_3001G122900	1	253
SORBI_3001G123000	1	254
SORBI_3001G123100	1	255
SORBI_3001G123201	1	256
SORBI_3001G123300	1	257
SORBI_3001G123400	1	258
SORBI_3001G123500	1	259
SORBI_3001G123600	1	260
SORBI_3001G123650	1	261
SORBI_3001G123700	1	262
SORBI_3001G123800	1	263
SORBI_3001G123900	1	264
SORBI_3001G124000	1	265
SORBI_3001G124100	1	266
SORBI_3001G124200	1	267
SORBI_3001G124300	1	268
SORBI_3001G124400	1	269
SORBI_3001G124500	1	270
SORBI_3001G124600	1	271
SORBI_3001G124800	1	272
SORBI_3001G124900	1	273
SORBI_3001G125000	1	274
SORBI_3001G125100	1	275
SORBI_3001G125200	1	276
SORBI_3001G125300	1	277
SORBI_3001G125400	1	278
SORBI_3001G125500	1	279
SORBI_3001G125600	1	280
SORBI_3001G125700	1	281
SORBI_3001G125800	1	282
SORBI_3001G125900	1	283
SORBI_3001G126000	1	284
SORBI_3001G126100	1	285
SORBI_3001G126200	1	286
SORBI_3001G126300	1	287
SORBI_3001G126400	1	288
SORBI_3001G126500	1	289
SORBI_3001G126600	1	290
SORBI_3001G126800	1	291
SORBI_3001G126900	1	292
SORBI_3001G127000	1	293
SORBI_3001G127100	1	294
SORBI_3001G127200	1	295
SORBI_3001G127300	1	296
SORBI_3001G127400	1	297
SORBI_3001G127500	1	298
SORBI_3001G127600	1	299
SORBI_3001G127700	1	300
SORBI_3001G127800	1	301
SORBI_3001G128000	1	302
SORBI_3001G128100	1	303
SORBI_3001G128200	1	304
SORBI_3001G128300	1	305
SORBI_3001G128400	1	306
SORBI_3001G128500	1	307
SORBI_3001G128600	1	308
SORBI_3001G128800	1	309
SORBI_3001G128900	1	310
SORBI_3001G129000	1	311
SORBI_3001G129100	1	312
SORBI_3001G129150	1	313
SORBI_3001G129200	1	314
SORBI_3001G129300	1	315
SORBI_3001G129400	1	316
SORBI_3001G129500	1	317
SORBI_3001G129600	1	318
SORBI_3001G129650	1	319
SORBI_3001G129700	1	320
SORBI_3001G129750	1	321
SORBI_3001G129800	1	322
SORBI_3001G129900	1	323
SORBI_3001G130000	1	324
SORBI_3001G130100	1	325
SORBI_3001G130200	1	326
SORBI_3001G130301	1	327
SORBI_3001G130400	1	328
SORBI_3001G130500	1	329
SORBI_3001G130600	1	330
SORBI_3001G130700	1	331
SORBI_3001G130800	1	332
SORBI_3001G130900	1	333
SORBI_3001G131001	1	334
SORBI_3001G131100	1	335
SORBI_3001G131200	1	336
SORBI_3001G131300	1	337
SORBI_3001G131400	1	338
SORBI_3001G131500	1	339
SORBI_3001G131600	1	340
SORBI_3001G131700	1	341
SORBI_3001G131800	1	342
SORBI_3001G131900	1	343
SORBI_3001G132000	1	344
SORBI_3001G132100	1	345
SORBI_3001G132200	1	346
SORBI_3001G132300	1	347
SORBI_3001G132400	1	348
SORBI_3001G132500	1	349
SORBI_3001G132600	1	350
SORBI_3001G132800	1	351
SORBI_3001G132900	1	352
SORBI_3001G133000	1	353
SORBI_3001G133100	1	354
SORBI_3001G133200	1	355
SORBI_3001G133300	1	356
SORBI_3001G133400	1	357
SORBI_3001G133466	1	358
SORBI_3001G133532	1	359
SORBI_3001G133600	1	360
SORBI_3001G133800	1	361
SORBI_3001G133900	1	362
SORBI_3001G134000	1	363
SORBI_3001G134100	1	364
SORBI_3001G134150	1	365
SORBI_3001G134200	1	366
SORBI_3001G134300	1	367
SORBI_3001G134400	1	368
SORBI_3001G134500	1	369
SORBI_3001G134600	1	370
SORBI_3001G134700	1	371
SORBI_3001G134800	1	372
SORBI_3001G134900	1	373
SORBI_3001G135000	1	374
SORBI_3001G135100	1	375
SORBI_3001G135200	1	376
SORBI_3001G135300	1	377
SORBI_3001G135400	1	378
SORBI_3001G135500	1	379
SORBI_3001G135600	1	380
SORBI_3001G135650	1	381
SORBI_3001G135700	1	382
SORBI_3001G135800	1	383
SORBI_3001G135900	1	384
SORBI_3001G135950	1	385
SORBI_3001G136000	1	386
SORBI_3001G136150	1	387
SORBI_3001G136300	1	388
SORBI_3001G136400	1	389
SORBI_3001G136500	1	390
SORBI_3001G136600	1	391
SORBI_3001G136800	1	392
SORBI_3001G136850	1	393
SORBI_3001G136900	1	394
SORBI_3001G137000	1	395
SORBI_3001G137050	1	396
SORBI_3001G137100	1	397
SORBI_3001G137200	1	398
SORBI_3001G137300	1	399
SORBI_3001G137400	1	400
SORBI_3001G137500	1	401
SORBI_3001G137600	1	402
SORBI_3001G137800	1	403
SORBI_3001G137900	1	404
SORBI_3001G138000	1	405
SORBI_3001G138100	1	406
SORBI_3001G138200	1	407
SORBI_3001G138300	1	408
SORBI_3001G138400	1	409
SORBI_3001G138500	1	410
SORBI_3001G138600	1	411
SORBI_3001G138700	1	412
SORBI_3001G138800	1	413
SORBI_3001G138900	1	414
SORBI_3001G139001	1	415
SORBI_3001G139100	1	416
SORBI_3001G139200	1	417
SORBI_3001G139300	1	418
SORBI_3001G139400	1	419
SORBI_3001G139500	1	420
SORBI_3001G139600	1	421
SORBI_3001G139700	1	422
SORBI_3001G139750	1	423
SORBI_3001G139800	1	424
SORBI_3001G139850	1	425
SORBI_3001G139900	1	426
SORBI_3001G140000	1	427
SORBI_3001G140101	1	428
SORBI_3001G140200	1	429
SORBI_3001G140300	1	430
SORBI_3001G140400	1	431
SORBI_3001G140600	1	432
SORBI_3001G140700	1	433
SORBI_3001G140800	1	434
SORBI_3001G140900	1	435
SORBI_3001G140950	1	436
SORBI_3001G141000	1	437
SORBI_3001G141100	1	438
SORBI_3001G141200	1	439
SORBI_3001G141300	1	440
SORBI_3001G141333	1	441
SORBI_3001G141366	1	442
SORBI_3001G141400	1	443
SORBI_3001G141500	1	444
SORBI_3001G141600	1	445
SORBI_3001G141700	1	446
SORBI_3001G141800	1	447
SORBI_3001G141900	1	448
SORBI_3001G142000	1	449
SORBI_3001G142100	1	450
SORBI_3001G142200	1	451
SORBI_3001G142300	1	452
SORBI_3001G142400	1	453
SORBI_3001G142501	1	454
SORBI_3001G142600	1	455
SORBI_3001G142700	1	456
SORBI_3001G142800	1	457
SORBI_3001G142900	1	458
SORBI_3001G143000	1	459
SORBI_3001G143100	1	460
SORBI_3001G143200	1	461
SORBI_3001G143300	1	462
SORBI_3001G143400	1	463
SORBI_3001G143500	1	464
SORBI_3001G143600	1	465
SORBI_3001G143700	1	466
SORBI_3001G143800	1	467
SORBI_3001G143850	1	468
SORBI_3001G143900	1	469
SORBI_3001G144001	1	470
SORBI_3001G144100	1	471
SORBI_3001G144150	1	472
SORBI_3001G144200	1	473
SORBI_3001G144300	1	474
SORBI_3001G144400	1	475
SORBI_3001G144600	1	476
SORBI_3001G144700	1	477
SORBI_3001G144800	1	478
SORBI_3001G144900	1	479
SORBI_3001G145000	1	480
SORBI_3001G145050	1	481
SORBI_3001G145100	1	482
SORBI_3001G145200	1	483
SORBI_3001G145300	1	484
SORBI_3001G145400	1	485
SORBI_3001G145500	1	486
SORBI_3001G145550	1	487
SORBI_3001G145600	1	488
SORBI_3001G145700	1	489
SORBI_3001G145900	1	490
SORBI_3001G146000	1	491
SORBI_3001G146100	1	492
SORBI_3001G146200	1	493
SORBI_3001G146301	1	494
SORBI_3001G146400	1	495
SORBI_3001G146450	1	496
SORBI_3001G146500	1	497
SORBI_3001G146600	1	498
SORBI_3001G146700	1	499
SORBI_3001G146800	1	500
SORBI_3001G146900	1	501
SORBI_3001G147000	1	502
SORBI_3001G147100	1	503
SORBI_3001G147200	1	504
SORBI_3001G147300	1	505
SORBI_3001G147400	1	506
SORBI_3001G147500	1	507
SORBI_3001G147650	1	508
SORBI_3001G147800	1	509
SORBI_3001G147900	1	510
SORBI_3001G148000	1	511
SORBI_3001G148101	1	512
SORBI_3001G148200	1	513
SORBI_3001G148300	1	514
SORBI_3001G148400	1	515
SORBI_3001G148450	1	516
SORBI_3001G148500	1	517
SORBI_3001G148600	1	518
SORBI_3001G148700	1	519
SORBI_3001G148800	1	520
SORBI_3001G148900	1	521
SORBI_3001G149000	1	522
SORBI_3001G149100	1	523
SORBI_3001G149201	1	524
SORBI_3001G149300	1	525
SORBI_3001G149400	1	526
SORBI_3001G149500	1	527
SORBI_3001G149600	1	528
SORBI_3001G149700	1	529
SORBI_3001G149800	1	530
SORBI_3001G149901	1	531
SORBI_3001G150000	1	532
SORBI_3001G150033	1	533
SORBI_3001G150066	1	534
SORBI_3001G150100	1	535
SORBI_3001G150200	1	536
SORBI_3001G150300	1	537
SORBI_3001G150600	1	538
SORBI_3001G150650	1	539
SORBI_3001G150700	1	540
SORBI_3001G150800	1	541
SORBI_3001G150901	1	542
SORBI_3001G151000	1	543
SORBI_3001G151100	1	544
SORBI_3001G151200	1	545
SORBI_3001G151300	1	546
SORBI_3001G151400	1	547
SORBI_3001G151500	1	548
SORBI_3001G151600	1	549
SORBI_3001G151700	1	550
SORBI_3001G151800	1	551
SORBI_3001G151900	1	552
SORBI_3001G152000	1	553
SORBI_3001G152100	1	554
SORBI_3001G152150	1	555
SORBI_3001G152200	1	556
SORBI_3001G152240	1	557
SORBI_3001G152280	1	558
SORBI_3001G152320	1	559
SORBI_3001G152360	1	560
SORBI_3001G152400	1	561
SORBI_3001G152500	1	562
SORBI_3001G152600	1	563
SORBI_3001G152700	1	564
SORBI_3001G152800	1	565
SORBI_3001G152901	1	566
SORBI_3001G153000	1	567
SORBI_3001G153100	1	568
SORBI_3001G153200	1	569
SORBI_3001G153300	1	570
SORBI_3001G153400	1	571
SORBI_3001G153500	1	572
SORBI_3001G153600	1	573
SORBI_3001G153700	1	574
SORBI_3001G153800	1	575
SORBI_3001G153900	1	576
SORBI_3001G154000	1	577
SORBI_3001G154100	1	578
SORBI_3001G154200	1	579
SORBI_3001G154300	1	580
SORBI_3001G154400	1	581
SORBI_3001G154450	1	582
SORBI_3001G154500	1	583
SORBI_3001G154600	1	584
SORBI_3001G154700	1	585
SORBI_3001G154800	1	586
SORBI_3001G154900	1	587
SORBI_3001G155000	1	588
SORBI_3001G155100	1	589
SORBI_3001G155200	1	590
SORBI_3001G155300	1	591
SORBI_3001G155400	1	592
SORBI_3001G155500	1	593
SORBI_3001G155600	1	594
SORBI_3001G155700	1	595
SORBI_3001G155800	1	596
SORBI_3001G155900	1	597
SORBI_3001G156000	1	598
SORBI_3001G156100	1	599
SORBI_3001G156200	1	600
SORBI_3001G156300	1	601
SORBI_3001G156401	1	602
SORBI_3001G156500	1	603
SORBI_3001G156600	1	604
SORBI_3001G156700	1	605
SORBI_3001G156800	1	606
SORBI_3001G156900	1	607
SORBI_3001G157000	1	608
SORBI_3001G157100	1	609
SORBI_3001G157200	1	610
SORBI_3001G157300	1	611
SORBI_3001G157400	1	612
SORBI_3001G157500	1	613
SORBI_3001G157600	1	614
SORBI_3001G157700	1	615
SORBI_3001G157800	1	616
SORBI_3001G157900	1	617
SORBI_3001G158000	1	618
SORBI_3001G158100	1	619
SORBI_3001G158200	1	620
SORBI_3001G158300	1	621
SORBI_3001G158400	1	622
SORBI_3001G158500	1	623
SORBI_3001G158600	1	624
SORBI_3001G158700	1	625
SORBI_3001G158900	1	626
SORBI_3001G158966	1	627
SORBI_3001G159032	1	628
SORBI_3001G159100	1	629
SORBI_3001G159200	1	630
SORBI_3001G159250	1	631
SORBI_3001G159300	1	632
SORBI_3001G159400	1	633
SORBI_3001G159500	1	634
SORBI_3001G159600	1	635
SORBI_3001G159700	1	636
SORBI_3001G159800	1	637
SORBI_3001G159850	1	638
SORBI_3001G159900	1	639
SORBI_3001G160000	1	640
SORBI_3001G160100	1	641
SORBI_3001G160200	1	642
SORBI_3001G160300	1	643
SORBI_3001G160400	1	644
SORBI_3001G160500	1	645
SORBI_3001G160600	1	646
SORBI_3001G160700	1	647
SORBI_3001G160800	1	648
SORBI_3001G160900	1	649
SORBI_3001G161000	1	650
SORBI_3001G161100	1	651
SORBI_3001G161200	1	652
SORBI_3001G161300	1	653
SORBI_3001G161400	1	654
SORBI_3001G161500	1	655
SORBI_3001G161601	1	656
SORBI_3001G161700	1	657
SORBI_3001G161800	1	658
SORBI_3001G161900	1	659
SORBI_3001G162000	1	660
SORBI_3001G162100	1	661
SORBI_3001G162200	1	662
SORBI_3001G162233	1	663
SORBI_3001G162266	1	664
SORBI_3001G162300	1	665
SORBI_3001G162400	1	666
SORBI_3001G162500	1	667
SORBI_3001G162600	1	668
SORBI_3001G162700	1	669
SORBI_3001G162800	1	670
SORBI_3001G162900	1	671
SORBI_3001G163000	1	672
SORBI_3001G163300	1	673
SORBI_3001G163400	1	674
SORBI_3001G163500	1	675
SORBI_3001G163600	1	676
SORBI_3001G163666	1	677
SORBI_3001G163732	1	678
SORBI_3001G163800	1	679
SORBI_3001G163900	1	680
SORBI_3001G164000	1	681
SORBI_3001G164100	1	682
SORBI_3001G164200	1	683
SORBI_3001G164350	1	684
SORBI_3001G164500	1	685
SORBI_3001G164700	1	686
SORBI_3001G164800	1	687
SORBI_3001G164900	1	688
SORBI_3001G165000	1	689
SORBI_3001G165100	1	690
SORBI_3001G165200	1	691
SORBI_3001G165301	1	692
SORBI_3001G165401	1	693
SORBI_3001G165500	1	694
SORBI_3001G165600	1	695
SORBI_3001G165700	1	696
SORBI_3001G165801	1	697
SORBI_3001G165901	1	698
SORBI_3001G166000	1	699
SORBI_3001G166100	1	700
SORBI_3001G166200	1	701
SORBI_3001G166300	1	702
SORBI_3001G166401	1	703
SORBI_3001G166500	1	704
SORBI_3001G166600	1	705
SORBI_3001G166700	1	706
SORBI_3001G166750	1	707
SORBI_3001G166800	1	708
SORBI_3001G166900	1	709
SORBI_3001G167000	1	710
SORBI_3001G167100	1	711
SORBI_3001G167200	1	712
SORBI_3001G167300	1	713
SORBI_3001G167500	1	714
SORBI_3001G167600	1	715
SORBI_3001G167701	1	716
SORBI_3001G167800	1	717
SORBI_3001G167900	1	718
SORBI_3001G168000	1	719
SORBI_3001G168100	1	720
SORBI_3001G168250	1	721
SORBI_3001G168400	1	722
SORBI_3001G168500	1	723
SORBI_3001G168600	1	724
SORBI_3001G168700	1	725
SORBI_3001G168800	1	726
SORBI_3001G168900	1	727
SORBI_3001G169000	1	728
SORBI_3001G169100	1	729
SORBI_3001G169200	1	730
SORBI_3001G169300	1	731
SORBI_3001G169400	1	732
SORBI_3001G169500	1	733
SORBI_3001G169600	1	734
SORBI_3001G169700	1	735
SORBI_3001G169800	1	736
SORBI_3001G169900	1	737
SORBI_3001G169950	1	738
SORBI_3001G170000	1	739
SORBI_3001G170100	1	740
SORBI_3001G170301	1	741
SORBI_3001G170500	1	742
SORBI_3001G170600	1	743
SORBI_3001G170700	1	744
SORBI_3001G170800	1	745
SORBI_3001G170900	1	746
SORBI_3001G171001	1	747
SORBI_3001G171100	1	748
SORBI_3001G171200	1	749
SORBI_3001G171300	1	750
SORBI_3001G171500	1	751
SORBI_3001G171600	1	752
SORBI_3001G171700	1	753
SORBI_3001G171800	1	754
SORBI_3001G171850	1	755
SORBI_3001G171900	1	756
SORBI_3001G172000	1	757
SORBI_3001G172050	1	758
SORBI_3001G172100	1	759
SORBI_3001G172200	1	760
SORBI_3001G172300	1	761
SORBI_3001G172400	1	762
SORBI_3001G172700	1	763
SORBI_3001G172800	1	764
SORBI_3001G172900	1	765
SORBI_3001G173000	1	766
SORBI_3001G173100	1	767
SORBI_3001G173150	1	768
SORBI_3001G173201	1	769
SORBI_3001G173251	1	770
SORBI_3001G173300	1	771
SORBI_3001G173400	1	772
SORBI_3001G173500	1	773
SORBI_3001G173600	1	774
SORBI_3001G173700	1	775
SORBI_3001G173800	1	776
SORBI_3001G173900	1	777
SORBI_3001G174000	1	778
SORBI_3001G174100	1	779
SORBI_3001G174150	1	780
SORBI_3001G174200	1	781
SORBI_3001G174300	1	782
SORBI_3001G174400	1	783
SORBI_3001G174500	1	784
SORBI_3001G174600	1	785
SORBI_3001G174700	1	786
SORBI_3001G174800	1	787
SORBI_3001G174900	1	788
SORBI_3001G175000	1	789
SORBI_3001G175100	1	790
SORBI_3001G175200	1	791
SORBI_3001G175300	1	792
SORBI_3001G175400	1	793
SORBI_3001G175500	1	794
SORBI_3001G175501	1	795
SORBI_3001G175600	1	796
SORBI_3001G175700	1	797
SORBI_3001G175800	1	798
SORBI_3001G175900	1	799
SORBI_3001G176000	1	800
SORBI_3001G176100	1	801
SORBI_3001G176200	1	802
SORBI_3001G176300	1	803
SORBI_3001G176400	1	804
SORBI_3001G176501	1	805
SORBI_3001G176600	1	806
SORBI_3001G176700	1	807
SORBI_3001G176800	1	808
SORBI_3001G176900	1	809
SORBI_3001G177000	1	810
SORBI_3001G177100	1	811
SORBI_3001G177200	1	812
SORBI_3001G177300	1	813
SORBI_3001G177400	1	814
SORBI_3001G177500	1	815
SORBI_3001G177600	1	816
SORBI_3001G177700	1	817
SORBI_3001G177800	1	818
SORBI_3001G177900	1	819
SORBI_3001G178000	1	820
SORBI_3001G178100	1	821
SORBI_3001G178200	1	822
SORBI_3001G178250	1	823
SORBI_3001G178300	1	824
SORBI_3001G178400	1	825
SORBI_3001G178500	1	826
SORBI_3001G178600	1	827
SORBI_3001G178700	1	828
SORBI_3001G178800	1	829
SORBI_3001G178900	1	830
SORBI_3001G179000	1	831
SORBI_3001G179100	1	832
SORBI_3001G179200	1	833
SORBI_3001G179300	1	834
SORBI_3001G179400	1	835
SORBI_3001G179500	1	836
SORBI_3001G179560	1	837
SORBI_3001G179620	1	838
SORBI_3001G179680	1	839
SORBI_3001G179740	1	840
SORBI_3001G179800	1	841
SORBI_3001G179900	1	842
SORBI_3001G180000	1	843
SORBI_3001G180200	1	844
SORBI_3001G180300	1	845
SORBI_3001G180400	1	846
SORBI_3001G180500	1	847
SORBI_3001G180600	1	848
SORBI_3001G180700	1	849
SORBI_3001G180800	1	850
SORBI_3001G180900	1	851
SORBI_3001G180950	1	852
SORBI_3001G181000	1	853
SORBI_3001G181100	1	854
SORBI_3001G181200	1	855
SORBI_3001G181300	1	856
SORBI_3001G181400	1	857
SORBI_3001G181500	1	858
SORBI_3001G181600	1	859
SORBI_3001G181700	1	860
SORBI_3001G181800	1	861
SORBI_3001G181900	1	862
SORBI_3001G182000	1	863
SORBI_3001G182100	1	864
SORBI_3001G182200	1	865
SORBI_3001G182300	1	866
SORBI_3001G182400	1	867
SORBI_3001G182500	1	868
SORBI_3001G182600	1	869
SORBI_3001G182700	1	870
SORBI_3001G182800	1	871
SORBI_3001G182850	1	872
SORBI_3001G182900	1	873
SORBI_3001G183000	1	874
SORBI_3001G183100	1	875
SORBI_3001G183200	1	876
SORBI_3001G183300	1	877
SORBI_3001G183401	1	878
SORBI_3001G183500	1	879
SORBI_3001G183550	1	880
SORBI_3001G183600	1	881
SORBI_3001G183633	1	882
SORBI_3001G183666	1	883
SORBI_3001G183700	1	884
SORBI_3001G183800	1	885
SORBI_3001G183900	1	886
SORBI_3001G184000	1	887
SORBI_3001G184100	1	888
SORBI_3001G184300	1	889
SORBI_3001G184400	1	890
SORBI_3001G184500	1	891
SORBI_3001G184650	1	892
SORBI_3001G184800	1	893
SORBI_3001G184900	1	894
SORBI_3001G184950	1	895
SORBI_3001G185000	1	896
SORBI_3001G185100	1	897
SORBI_3001G185200	1	898
SORBI_3001G185300	1	899
SORBI_3001G185400	1	900
SORBI_3001G185450	1	901
SORBI_3001G185500	1	902
SORBI_3001G185600	1	903
SORBI_3001G185700	1	904
SORBI_3001G185800	1	905
SORBI_3001G185900	1	906
SORBI_3001G186100	1	907
SORBI_3001G186200	1	908
SORBI_3001G186300	1	909
SORBI_3001G186401	1	910
SORBI_3001G186500	1	911
SORBI_3001G186600	1	912
SORBI_3001G186700	1	913
SORBI_3001G186800	1	914
SORBI_3001G186850	1	915
SORBI_3001G186925	1	916
SORBI_3001G187000	1	917
SORBI_3001G187100	1	918
SORBI_3001G187200	1	919
SORBI_3001G187300	1	920
SORBI_3001G187400	1	921
SORBI_3001G187500	1	922
SORBI_3001G187600	1	923
SORBI_3001G187700	1	924
SORBI_3001G187800	1	925
SORBI_3001G187900	1	926
SORBI_3001G188000	1	927
SORBI_3001G188100	1	928
SORBI_3001G188400	1	929
SORBI_3001G188500	1	930
SORBI_3001G188600	1	931
SORBI_3001G188700	1	932
SORBI_3001G188800	1	933
SORBI_3001G188900	1	934
SORBI_3001G189000	1	935
SORBI_3001G189100	1	936
SORBI_3001G189200	1	937
SORBI_3001G189300	1	938
SORBI_3001G189400	1	939
SORBI_3001G189500	1	940
SORBI_3001G189600	1	941
SORBI_3001G189700	1	942
SORBI_3001G189750	1	943
SORBI_3001G189800	1	944
SORBI_3001G189900	1	945
SORBI_3001G190000	1	946
SORBI_3001G190100	1	947
SORBI_3001G190200	1	948
SORBI_3001G190300	1	949
SORBI_3001G190400	1	950
SORBI_3001G190500	1	951
SORBI_3001G190600	1	952
SORBI_3001G190700	1	953
SORBI_3001G190900	1	954
SORBI_3001G191000	1	955
SORBI_3001G191100	1	956
SORBI_3001G191200	1	957
SORBI_3001G191300	1	958
SORBI_3001G191400	1	959
SORBI_3001G191500	1	960
SORBI_3001G191600	1	961
SORBI_3001G191700	1	962
SORBI_3001G191800	1	963
SORBI_3001G191900	1	964
SORBI_3001G192000	1	965
SORBI_3001G192100	1	966
SORBI_3001G192200	1	967
SORBI_3001G192250	1	968
SORBI_3001G192300	1	969
SORBI_3001G192400	1	970
SORBI_3001G192600	1	971
SORBI_3001G192700	1	972
SORBI_3001G192750	1	973
SORBI_3001G192800	1	974
SORBI_3001G192900	1	975
SORBI_3001G193000	1	976
SORBI_3001G193100	1	977
SORBI_3001G193200	1	978
SORBI_3001G193300	1	979
SORBI_3001G193400	1	980
SORBI_3001G193500	1	981
SORBI_3001G193600	1	982
SORBI_3001G193700	1	983
SORBI_3001G193800	1	984
SORBI_3001G193900	1	985
SORBI_3001G194000	1	986
SORBI_3001G194100	1	987
SORBI_3001G194200	1	988
SORBI_3001G194300	1	989
SORBI_3001G194401	1	990
SORBI_3001G194500	1	991
SORBI_3001G194600	1	992
SORBI_3001G194700	1	993
SORBI_3001G194800	1	994
SORBI_3001G194900	1	995
SORBI_3001G195000	1	996
SORBI_3001G195100	1	997
SORBI_3001G195200	1	998
SORBI_3001G195300	1	999
SORBI_3001G195400	1	1000
SORBI_3001G195500	1	1001
SORBI_3001G195550	1	1002
SORBI_3001G195600	1	1003
SORBI_3001G195700	1	1004
SORBI_3001G195800	1	1005
SORBI_3001G195866	1	1006
SORBI_3001G195932	1	1007
SORBI_3001G196000	1	1008
SORBI_3001G196100	1	1009
SORBI_3001G196200	1	1010
SORBI_3001G196300	1	1011
SORBI_3001G196400	1	1012
SORBI_3001G196500	1	1013
SORBI_3001G196600	1	1014
SORBI_3001G196700	1	1015
SORBI_3001G196800	1	1016
SORBI_3001G196900	1	1017
SORBI_3001G196950	1	1018
SORBI_3001G197000	1	1019
SORBI_3001G197050	1	1020
SORBI_3001G197100	1	1021
SORBI_3001G197200	1	1022
SORBI_3001G197300	1	1023
SORBI_3001G197400	2	0
SORBI_3001G197500	2	1
SORBI_3001G197600	2	2
SORBI_3001G197700	2	3
SORBI_3001G197800	2	4
SORBI_3001G197901	2	5
SORBI_3001G198000	2	6
SORBI_3001G198100	2	7
SORBI_3001G198200	2	8
SORBI_3001G198300	2	9
SORBI_3001G198400	2	10
SORBI_3001G198500	2	11
SORBI_3001G198600	2	12
SORBI_3001G198700	2	13
SORBI_3001G198800	2	14
SORBI_3001G198900	2	15
SORBI_3001G199000	2	16
SORBI_3001G199100	2	17
SORBI_3001G199200	2	18
SORBI_3001G199300	2	19
SORBI_3001G199400	2	20
SORBI_3001G199500	2	21
SORBI_3001G199566	2	22
SORBI_3001G199632	2	23
SORBI_3001G199700	2	24
SORBI_3001G199800	2	25
SORBI_3001G199900	2	26
SORBI_3001G200000	2	27
SORBI_3001G200100	2	28
SORBI_3001G200200	2	29
SORBI_3001G200300	2	30
SORBI_3001G200400	2	31
SORBI_3001G200500	2	32
SORBI_3001G200600	2	33
SORBI_3001G200700	2	34
SORBI_3001G200800	2	35
SORBI_3001G200900	2	36
SORBI_3001G201000	2	37
SORBI_3001G201100	2	38
SORBI_3001G201200	2	39
SORBI_3001G201300	2	40
SORBI_3001G201400	2	41
SORBI_3001G201500	2	42
SORBI_3001G201601	2	43
SORBI_3001G201700	2	44
SORBI_3001G201800	2	45
SORBI_3001G201900	2	46
SORBI_3001G201933	2	47
SORBI_3001G201966	2	48
SORBI_3001G202000	2	49
SORBI_3001G202133	2	50
SORBI_3001G202266	2	51
SORBI_3001G202400	2	52
SORBI_3001G202450	2	53
SORBI_3001G202500	2	54
SORBI_3001G202550	2	55
SORBI_3001G202600	2	56
SORBI_3001G202700	2	57
SORBI_3001G202800	2	58
SORBI_3001G202900	2	59
SORBI_3001G203000	2	60
SORBI_3001G203100	2	61
SORBI_3001G203200	2	62
SORBI_3001G203300	2	63
SORBI_3001G203350	2	64
SORBI_3001G203400	2	65
SORBI_3001G203450	2	66
SORBI_3001G203500	2	67
SORBI_3001G203600	2	68
SORBI_3001G203650	2	69
SORBI_3001G203700	2	70
SORBI_3001G203800	2	71
SORBI_3001G203900	2	72
SORBI_3001G204000	2	73
SORBI_3001G204100	2	74
SORBI_3001G204200	2	75
SORBI_3001G204300	2	76
SORBI_3001G204400	2	77
SORBI_3001G204501	2	78
SORBI_3001G204601	2	79
SORBI_3001G204700	2	80
SORBI_3001G204800	2	81
SORBI_3001G204900	2	82
SORBI_3001G205000	2	83
SORBI_3001G205100	2	84
SORBI_3001G205200	2	85
SORBI_3001G205350	2	86
SORBI_3001G205500	2	87
SORBI_3001G205600	2	88
SORBI_3001G205700	2	89
SORBI_3001G205800	2	90
SORBI_3001G205900	2	91
SORBI_3001G205950	2	92
SORBI_3001G206000	2	93
SORBI_3001G206100	2	94
SORBI_3001G206200	2	95
SORBI_3001G206300	2	96
SORBI_3001G206400	2	97
SORBI_3001G206500	2	98
SORBI_3001G206600	2	99
SORBI_3001G206700	2	100
SORBI_3001G206800	2	101
SORBI_3001G206900	2	102
SORBI_3001G207000	2	103
SORBI_3001G207100	2	104
SORBI_3001G207200	2	105
SORBI_3001G207301	2	106
SORBI_3001G207400	2	107
SORBI_3001G207500	2	108
SORBI_3001G207600	2	109
SORBI_3001G207633	2	110
SORBI_3001G207666	2	111
SORBI_3001G207700	2	112
SORBI_3001G207800	2	113
SORBI_3001G207900	2	114
SORBI_3001G208000	2	115
SORBI_3001G208100	2	116
SORBI_3001G208133	2	117
SORBI_3001G208166	2	118
SORBI_3001G208200	2	119
SORBI_3001G208300	2	120
SORBI_3001G208401	2	121
SORBI_3001G208500	2	122
SORBI_3001G208600	2	123
SORBI_3001G208700	2	124
SORBI_3001G208800	2	125
SORBI_3001G208900	2	126
SORBI_3001G209000	2	127
SORBI_3001G209101	2	128
SORBI_3001G209200	2	129
SORBI_3001G209300	2	130
SORBI_3001G209400	2	131
SORBI_3001G209500	2	132
SORBI_3001G209550	2	133
SORBI_3001G209600	2	134
SORBI_3001G209701	2	135
SORBI_3001G209800	2	136
SORBI_3001G209900	2	137
SORBI_3001G210000	2	138
SORBI_3001G210101	2	139
SORBI_3001G210200	2	140
SORBI_3001G210250	2	141
SORBI_3001G210300	2	142
SORBI_3001G210500	2	143
SORBI_3001G210600	2	144
SORBI_3001G210700	2	145
SORBI_3001G210800	2	146
SORBI_3001G210900	2	147
SORBI_3001G211000	2	148
SORBI_3001G211101	2	149
SORBI_3001G211200	2	150
SORBI_3001G211400	2	151
SORBI_3001G211500	2	152
SORBI_3001G211600	2	153
SORBI_3001G211700	2	154
SORBI_3001G211750	2	155
SORBI_3001G211800	2	156
SORBI_3001G211900	2	157
SORBI_3001G212000	2	158
SORBI_3001G212100	2	159
SORBI_3001G212200	2	160
SORBI_3001G212300	2	161
SORBI_3001G212350	2	162
SORBI_3001G212401	2	163
SORBI_3001G212451	2	164
SORBI_3001G212500	2	165
SORBI_3001G212600	2	166
SORBI_3001G212701	2	167
SORBI_3001G212800	2	168
SORBI_3001G212900	2	169
SORBI_3001G213000	2	170
SORBI_3001G213100	2	171
SORBI_3001G213150	2	172
SORBI_3001G213200	2	173
SORBI_3001G213300	2	174
SORBI_3001G213400	2	175
SORBI_3001G213500	2	176
SORBI_3001G213666	2	177
SORBI_3001G213832	2	178
SORBI_3001G214000	2	179
SORBI_3001G214100	2	180
SORBI_3001G214200	2	181
SORBI_3001G214300	2	182
SORBI_3001G214400	2	183
SORBI_3001G214600	2	184
SORBI_3001G214800	2	185
SORBI_3001G214900	2	186
SORBI_3001G215000	2	187
SORBI_3001G215100	2	188
SORBI_3001G215201	2	189
SORBI_3001G215300	2	190
SORBI_3001G215400	2	191
SORBI_3001G215500	2	192
SORBI_3001G215600	2	193
SORBI_3001G215700	2	194
SORBI_3001G215900	2	195
SORBI_3001G216001	2	196
SORBI_3001G216100	2	197
SORBI_3001G216200	2	198
SORBI_3001G216300	2	199
SORBI_3001G216400	2	200
SORBI_3001G216500	2	201
SORBI_3001G216600	2	202
SORBI_3001G216701	2	203
SORBI_3001G216800	2	204
SORBI_3001G216900	2	205
SORBI_3001G217000	2	206
SORBI_3001G217100	2	207
SORBI_3001G217200	2	208
SORBI_3001G217300	2	209
SORBI_3001G217400	2	210
SORBI_3001G217500	2	211
SORBI_3001G217600	2	212
SORBI_3001G217700	2	213
SORBI_3001G217800	2	214
SORBI_3001G217850	2	215
SORBI_3001G217900	2	216
SORBI_3001G218200	2	217
SORBI_3001G218300	2	218
SORBI_3001G218400	2	219
SORBI_3001G218500	2	220
SORBI_3001G218600	2	221
SORBI_3001G218701	2	222
SORBI_3001G218800	2	223
SORBI_3001G218900	2	224
SORBI_3001G219200	2	225
SORBI_3001G219300	2	226
SORBI_3001G219400	2	227
SORBI_3001G219600	2	228
SORBI_3001G219700	2	229
SORBI_3001G219800	2	230
SORBI_3001G219900	2	231
SORBI_3001G220000	2	232
SORBI_3001G220066	2	233
SORBI_3001G220132	2	234
SORBI_3001G220200	2	235
SORBI_3001G220250	2	236
SORBI_3001G220300	2	237
SORBI_3001G220400	2	238
SORBI_3001G220500	2	239
SORBI_3001G220600	2	240
SORBI_3001G220800	2	241
SORBI_3001G220900	2	242
SORBI_3001G221000	2	243
SORBI_3001G221100	2	244
SORBI_3001G221200	2	245
SORBI_3001G221300	2	246
SORBI_3001G221350	2	247
SORBI_3001G221400	2	248
SORBI_3001G221500	2	249
SORBI_3001G221601	2	250
SORBI_3001G221700	2	251
SORBI_3001G221750	2	252
SORBI_3001G221800	2	253
SORBI_3001G221850	2	254
SORBI_3001G221900	2	255
SORBI_3001G221950	2	256
SORBI_3001G222000	2	257
SORBI_3001G222100	2	258
SORBI_3001G222150	2	259
SORBI_3001G222200	2	260
SORBI_3001G222250	2	261
SORBI_3001G222300	2	262
SORBI_3001G222400	2	263
SORBI_3001G222500	2	264
SORBI_3001G222550	2	265
SORBI_3001G222600	2	266
SORBI_3001G222700	2	267
SORBI_3001G222800	2	268
SORBI_3001G222900	2	269
SORBI_3001G223000	2	270
SORBI_3001G223100	2	271
SORBI_3001G223200	2	272
SORBI_3001G223300	2	273
SORBI_3001G223400	2	274
SORBI_3001G223550	2	275
SORBI_3001G223700	2	276
SORBI_3001G223900	2	277
SORBI_3001G224000	2	278
SORBI_3001G224200	2	279
SORBI_3001G224300	2	280
SORBI_3001G224400	2	281
SORBI_3001G224500	2	282
SORBI_3001G224600	2	283
SORBI_3001G224700	2	284
SORBI_3001G224800	2	285
SORBI_3001G224900	2	286
SORBI_3001G225000	2	287
SORBI_3001G225100	2	288
SORBI_3001G225200	2	289
SORBI_3001G225300	2	290
SORBI_3001G225400	2	291
SORBI_3001G225500	2	292
SORBI_3001G225600	2	293
SORBI_3001G225700	2	294
SORBI_3001G225800	2	295
SORBI_3001G225900	2	296
SORBI_3001G226000	2	297
SORBI_3001G226100	2	298
SORBI_3001G226200	2	299
SORBI_3001G226300	2	300
SORBI_3001G226401	2	301
SORBI_3001G226500	2	302
SORBI_3001G226600	2	303
SORBI_3001G226700	2	304
SORBI_3001G226800	2	305
SORBI_3001G226900	2	306
SORBI_3001G227000	2	307
SORBI_3001G227100	2	308
SORBI_3001G227200	2	309
SORBI_3001G227400	2	310
SORBI_3001G227500	2	311
SORBI_3001G227601	2	312
SORBI_3001G227700	2	313
SORBI_3001G227800	2	314
SORBI_3001G227850	2	315
SORBI_3001G227900	2	316
SORBI_3001G228000	2	317
SORBI_3001G228100	2	318
SORBI_3001G228200	2	319
SORBI_3001G228300	2	320
SORBI_3001G228400	2	321
SORBI_3001G228500	2	322
SORBI_3001G228600	2	323
SORBI_3001G228700	2	324
SORBI_3001G228701	2	325
SORBI_3001G228800	2	326
SORBI_3001G228900	2	327
SORBI_3001G229000	2	328
SORBI_3001G229100	2	329
SORBI_3001G229200	2	330
SORBI_3001G229300	2	331
SORBI_3001G229401	2	332
SORBI_3001G229500	2	333
SORBI_3001G229700	2	334
SORBI_3001G229850	2	335
SORBI_3001G230000	2	336
SORBI_3001G230050	2	337
SORBI_3001G230100	2	338
SORBI_3001G230200	2	339
SORBI_3001G230300	2	340
SORBI_3001G230400	2	341
SORBI_3001G230500	2	342
SORBI_3001G230600	2	343
SORBI_3001G230700	2	344
SORBI_3001G230801	2	345
SORBI_3001G230900	2	346
SORBI_3001G231000	2	347
SORBI_3001G231100	2	348
SORBI_3001G231200	2	349
SORBI_3001G231300	2	350
SORBI_3001G231350	2	351
SORBI_3001G231400	2	352
SORBI_3001G231500	2	353
SORBI_3001G231600	2	354
SORBI_3001G231700	2	355
SORBI_3001G231800	2	356
SORBI_3001G231900	2	357
SORBI_3001G232000	2	358
SORBI_3001G232200	2	359
SORBI_3001G232300	2	360
SORBI_3001G232400	2	361
SORBI_3001G232500	2	362
SORBI_3001G232600	2	363
SORBI_3001G232700	2	364
SORBI_3001G232800	2	365
SORBI_3001G232950	2	366
SORBI_3001G233100	2	367
SORBI_3001G233200	2	368
SORBI_3001G233300	2	369
SORBI_3001G233400	2	370
SORBI_3001G233466	2	371
SORBI_3001G233532	2	372
SORBI_3001G233600	2	373
SORBI_3001G233700	2	374
SORBI_3001G233800	2	375
SORBI_3001G233900	2	376
SORBI_3001G234000	2	377
SORBI_3001G234100	2	378
SORBI_3001G234200	2	379
SORBI_3001G234300	2	380
SORBI_3001G234500	2	381
SORBI_3001G234700	2	382
SORBI_3001G234733	2	383
SORBI_3001G234766	2	384
SORBI_3001G234800	2	385
SORBI_3001G234900	2	386
SORBI_3001G235000	2	387
SORBI_3001G235100	2	388
SORBI_3001G235200	2	389
SORBI_3001G235266	2	390
SORBI_3001G235332	2	391
SORBI_3001G235400	2	392
SORBI_3001G235500	2	393
SORBI_3001G235600	2	394
SORBI_3001G235700	2	395
SORBI_3001G235800	2	396
SORBI_3001G235900	2	397
SORBI_3001G236050	2	398
SORBI_3001G236200	2	399
SORBI_3001G236300	2	400
SORBI_3001G236400	2	401
SORBI_3001G236700	2	402
SORBI_3001G236800	2	403
SORBI_3001G236900	2	404
SORBI_3001G236950	2	405
SORBI_3001G237000	2	406
SORBI_3001G237100	2	407
SORBI_3001G237200	2	408
SORBI_3001G237250	2	409
SORBI_3001G237300	2	410
SORBI_3001G237400	2	411
SORBI_3001G237500	2	412
SORBI_3001G237600	2	413
SORBI_3001G237700	2	414
SORBI_3001G237800	2	415
SORBI_3001G237900	2	416
SORBI_3001G238000	2	417
SORBI_3001G238100	2	418
SORBI_3001G238200	2	419
SORBI_3001G238300	2	420
SORBI_3001G238400	2	421
SORBI_3001G238500	2	422
SORBI_3001G238600	2	423
SORBI_3001G238700	2	424
SORBI_3001G238800	2	425
SORBI_3001G238900	2	426
SORBI_3001G239000	2	427
SORBI_3001G239100	2	428
SORBI_3001G239200	2	429
SORBI_3001G239300	2	430
SORBI_3001G239400	2	431
SORBI_3001G239500	2	432
SORBI_3001G239601	2	433
SORBI_3001G239700	2	434
SORBI_3001G239800	2	435
SORBI_3001G239900	2	436
SORBI_3001G240000	2	437
SORBI_3001G240100	2	438
SORBI_3001G240300	2	439
SORBI_3001G240400	2	440
SORBI_3001G240500	2	441
SORBI_3001G240600	2	442
SORBI_3001G240700	2	443
SORBI_3001G240800	2	444
SORBI_3001G240850	2	445
SORBI_3001G240900	2	446
SORBI_3001G241000	2	447
SORBI_3001G241100	2	448
SORBI_3001G241150	2	449
SORBI_3001G241200	2	450
SORBI_3001G241300	2	451
SORBI_3001G241401	2	452
SORBI_3001G241500	2	453
SORBI_3001G241600	2	454
SORBI_3001G241700	2	455
SORBI_3001G241900	2	456
SORBI_3001G242000	2	457
SORBI_3001G242100	2	458
SORBI_3001G242200	2	459
SORBI_3001G242300	2	460
SORBI_3001G242350	2	461
SORBI_3001G242400	2	462
SORBI_3001G242500	2	463
SORBI_3001G242600	2	464
SORBI_3001G242700	2	465
SORBI_3001G242800	2	466
SORBI_3001G242900	2	467
SORBI_3001G243000	2	468
SORBI_3001G243100	2	469
SORBI_3001G243150	2	470
SORBI_3001G243200	2	471
SORBI_3001G243300	2	472
SORBI_3001G243400	2	473
SORBI_3001G243500	2	474
SORBI_3001G243600	2	475
SORBI_3001G243666	2	476
SORBI_3001G243732	2	477
SORBI_3001G243800	2	478
SORBI_3001G243901	2	479
SORBI_3001G244000	2	480
SORBI_3001G244100	2	481
SORBI_3001G244200	2	482
SORBI_3001G244300	2	483
SORBI_3001G244400	2	484
SORBI_3001G244500	2	485
SORBI_3001G244600	2	486
SORBI_3001G244650	2	487
SORBI_3001G244700	2	488
SORBI_3001G244800	2	489
SORBI_3001G244900	2	490
SORBI_3001G245000	2	491
SORBI_3001G245100	2	492
SORBI_3001G245200	2	493
SORBI_3001G245300	2	494
SORBI_3001G245400	2	495
SORBI_3001G245500	2	496
SORBI_3001G245650	2	497
SORBI_3001G245800	2	498
SORBI_3001G245900	2	499
SORBI_3001G246001	2	500
SORBI_3001G246101	2	501
SORBI_3001G246200	2	502
SORBI_3001G246300	2	503
SORBI_3001G246400	2	504
SORBI_3001G246500	2	505
SORBI_3001G246600	2	506
SORBI_3001G246650	2	507
SORBI_3001G246700	2	508
SORBI_3001G246800	2	509
SORBI_3001G246900	2	510
SORBI_3001G247000	2	511
SORBI_3001G247101	2	512
SORBI_3001G247200	2	513
SORBI_3001G247300	2	514
SORBI_3001G247400	2	515
SORBI_3001G247500	2	516
SORBI_3001G247550	2	517
SORBI_3001G247600	2	518
SORBI_3001G247700	2	519
SORBI_3001G247800	2	520
SORBI_3001G247900	2	521
SORBI_3001G248000	2	522
SORBI_3001G248100	2	523
SORBI_3001G248200	2	524
SORBI_3001G248300	2	525
SORBI_3001G248400	2	526
SORBI_3001G248500	2	527
SORBI_3001G248600	2	528
SORBI_3001G248700	2	529
SORBI_3001G248900	2	530
SORBI_3001G249000	2	531
SORBI_3001G249100	2	532
SORBI_3001G249200	2	533
SORBI_3001G249233	2	534
SORBI_3001G249266	2	535
SORBI_3001G249300	2	536
SORBI_3001G249400	2	537
SORBI_3001G249500	2	538
SORBI_3001G249600	2	539
SORBI_3001G249700	2	540
SORBI_3001G249800	2	541
SORBI_3001G249900	2	542
SORBI_3001G250000	2	543
SORBI_3001G250100	2	544
SORBI_3001G250150	2	545
SORBI_3001G250200	2	546
SORBI_3001G250300	2	547
SORBI_3001G250600	2	548
SORBI_3001G250700	2	549
SORBI_3001G250750	2	550
SORBI_3001G250800	2	551
SORBI_3001G250900	2	552
SORBI_3001G251000	2	553
SORBI_3001G251100	2	554
SORBI_3001G251200	2	555
SORBI_3001G251300	2	556
SORBI_3001G251400	2	557
SORBI_3001G251500	2	558
SORBI_3001G251600	2	559
SORBI_3001G251650	2	560
SORBI_3001G251700	2	561
SORBI_3001G251750	2	562
SORBI_3001G251800	2	563
SORBI_3001G251900	2	564
SORBI_3001G252000	2	565
SORBI_3001G252050	2	566
SORBI_3001G252101	2	567
SORBI_3001G252151	2	568
SORBI_3001G252200	2	569
SORBI_3001G252300	2	570
SORBI_3001G252401	2	571
SORBI_3001G252500	2	572
SORBI_3001G252600	2	573
SORBI_3001G252700	2	574
SORBI_3001G252800	2	575
SORBI_3001G252900	2	576
SORBI_3001G253000	2	577
SORBI_3001G253050	2	578
SORBI_3001G253100	2	579
SORBI_3001G253200	2	580
SORBI_3001G253300	2	581
SORBI_3001G253400	2	582
SORBI_3001G253501	2	583
SORBI_3001G253600	2	584
SORBI_3001G253700	2	585
SORBI_3001G253750	2	586
SORBI_3001G253800	2	587
SORBI_3001G253900	2	588
SORBI_3001G254000	2	589
SORBI_3001G254100	2	590
SORBI_3001G254150	2	591
SORBI_3001G254200	2	592
SORBI_3001G254300	2	593
SORBI_3001G254400	2	594
SORBI_3001G254600	2	595
SORBI_3001G254700	2	596
SORBI_3001G254800	2	597
SORBI_3001G255001	2	598
SORBI_3001G255200	2	599
SORBI_3001G255300	2	600
SORBI_3001G255400	2	601
SORBI_3001G255450	2	602
SORBI_3001G255500	2	603
SORBI_3001G255600	2	604
SORBI_3001G255700	2	605
SORBI_3001G255800	2	606
SORBI_3001G255866	2	607
SORBI_3001G255932	2	608
SORBI_3001G256000	2	609
SORBI_3001G256200	2	610
SORBI_3001G256300	2	611
SORBI_3001G256400	2	612
SORBI_3001G256500	2	613
SORBI_3001G256600	2	614
SORBI_3001G256700	2	615
SORBI_3001G256750	2	616
SORBI_3001G256800	2	617
SORBI_3001G256900	2	618
SORBI_3001G257100	2	619
SORBI_3001G257200	2	620
SORBI_3001G257300	2	621
SORBI_3001G257400	2	622
SORBI_3001G257600	2	623
SORBI_3001G257650	2	624
SORBI_3001G257700	2	625
SORBI_3001G257800	2	626
SORBI_3001G258000	2	627
SORBI_3001G258100	2	628
SORBI_3001G258200	2	629
SORBI_3001G258300	2	630
SORBI_3001G258400	2	631
SORBI_3001G258500	2	632
SORBI_3001G258600	2	633
SORBI_3001G258700	2	634
SORBI_3001G258801	2	635
SORBI_3001G258900	2	636
SORBI_3001G259000	2	637
SORBI_3001G259100	2	638
SORBI_3001G259200	2	639
SORBI_3001G259250	2	640
SORBI_3001G259300	2	641
SORBI_3001G259400	2	642
SORBI_3001G259500	2	643
SORBI_3001G259600	2	644
SORBI_3001G259700	2	645
SORBI_3001G259800	2	646
SORBI_3001G259850	2	647
SORBI_3001G259900	2	648
SORBI_3001G260000	2	649
SORBI_3001G260300	2	650
SORBI_3001G260400	2	651
SORBI_3001G260500	2	652
SORBI_3001G260550	2	653
SORBI_3001G260600	2	654
SORBI_3001G260701	2	655
SORBI_3001G260800	2	656
SORBI_3001G260850	2	657
SORBI_3001G260900	2	658
SORBI_3001G261100	2	659
SORBI_3001G261200	2	660
SORBI_3001G261250	2	661
SORBI_3001G261300	2	662
SORBI_3001G261400	2	663
SORBI_3001G261404	2	664
SORBI_3001G261408	2	665
SORBI_3001G261412	2	666
SORBI_3001G261416	2	667
SORBI_3001G261420	2	668
SORBI_3001G261424	2	669
SORBI_3001G261428	2	670
SORBI_3001G261432	2	671
SORBI_3001G261436	2	672
SORBI_3001G261440	2	673
SORBI_3001G261444	2	674
SORBI_3001G261448	2	675
SORBI_3001G261452	2	676
SORBI_3001G261456	2	677
SORBI_3001G261460	2	678
SORBI_3001G261464	2	679
SORBI_3001G261468	2	680
SORBI_3001G261472	2	681
SORBI_3001G261476	2	682
SORBI_3001G261480	2	683
SORBI_3001G261484	2	684
SORBI_3001G261488	2	685
SORBI_3001G261492	2	686
SORBI_3001G261496	2	687
SORBI_3001G261501	2	688
SORBI_3001G261505	2	689
SORBI_3001G261509	2	690
SORBI_3001G261513	2	691
SORBI_3001G261517	2	692
SORBI_3001G261521	2	693
SORBI_3001G261525	2	694
SORBI_3001G261529	2	695
SORBI_3001G261533	2	696
SORBI_3001G261537	2	697
SORBI_3001G261541	2	698
SORBI_3001G261545	2	699
SORBI_3001G261549	2	700
SORBI_3001G261553	2	701
SORBI_3001G261557	2	702
SORBI_3001G261561	2	703
SORBI_3001G261565	2	704
SORBI_3001G261569	2	705
SORBI_3001G261573	2	706
SORBI_3001G261577	2	707
SORBI_3001G261581	2	708
SORBI_3001G261585	2	709
SORBI_3001G261589	2	710
SORBI_3001G261593	2	711
SORBI_3001G261597	2	712
SORBI_3001G261600	2	713
SORBI_3001G261700	2	714
SORBI_3001G261750	2	715
SORBI_3001G261800	2	716
SORBI_3001G261900	2	717
SORBI_3001G262000	2	718
SORBI_3001G262100	2	719
SORBI_3001G262200	2	720
SORBI_3001G262301	2	721
SORBI_3001G262400	2	722
SORBI_3001G262500	2	723
SORBI_3001G262601	2	724
SORBI_3001G262700	2	725
SORBI_3001G262800	2	726
SORBI_3001G262900	2	727
SORBI_3001G262950	2	728
SORBI_3001G263000	2	729
SORBI_3001G263100	2	730
SORBI_3001G263200	2	731
SORBI_3001G263300	2	732
SORBI_3001G263500	2	733
SORBI_3001G263600	2	734
SORBI_3001G263701	2	735
SORBI_3001G263801	2	736
SORBI_3001G263900	2	737
SORBI_3001G264000	2	738
SORBI_3001G264100	2	739
SORBI_3001G264201	2	740
SORBI_3001G264300	2	741
SORBI_3001G264400	2	742
SORBI_3001G264500	2	743
SORBI_3001G264550	2	744
SORBI_3001G264600	2	745
SORBI_3001G264700	2	746
SORBI_3001G264800	2	747
SORBI_3001G264901	2	748
SORBI_3001G265000	2	749
SORBI_3001G265100	2	750
SORBI_3001G265200	2	751
SORBI_3001G265300	2	752
SORBI_3001G265400	2	753
SORBI_3001G265500	2	754
SORBI_3001G265600	2	755
SORBI_3001G265700	2	756
SORBI_3001G265800	2	757
SORBI_3001G265900	2	758
SORBI_3001G266000	2	759
SORBI_3001G266100	2	760
SORBI_3001G266200	2	761
SORBI_3001G266300	2	762
SORBI_3001G266400	2	763
SORBI_3001G266500	2	764
SORBI_3001G266600	2	765
SORBI_3001G266700	2	766
SORBI_3001G266900	2	767
SORBI_3001G267000	2	768
SORBI_3001G267050	2	769
SORBI_3001G267100	2	770
SORBI_3001G267200	2	771
SORBI_3001G267233	2	772
SORBI_3001G267266	2	773
SORBI_3001G267300	2	774
SORBI_3001G267400	2	775
SORBI_3001G267500	2	776
SORBI_3001G267600	2	777
SORBI_3001G267701	2	778
SORBI_3001G267800	2	779
SORBI_3001G267900	2	780
SORBI_3001G267950	2	781
SORBI_3001G268000	2	782
SORBI_3001G268100	2	783
SORBI_3001G268200	2	784
SORBI_3001G268300	2	785
SORBI_3001G268400	2	786
SORBI_3001G268550	2	787
SORBI_3001G268700	2	788
SORBI_3001G268850	2	789
SORBI_3001G269000	2	790
SORBI_3001G269100	2	791
SORBI_3001G269200	2	792
SORBI_3001G269300	2	793
SORBI_3001G269400	2	794
SORBI_3001G269501	2	795
SORBI_3001G269600	2	796
SORBI_3001G269650	2	797
SORBI_3001G269700	2	798
SORBI_3001G269800	2	799
SORBI_3001G269900	2	800
SORBI_3001G270200	2	801
SORBI_3001G270301	2	802
SORBI_3001G270400	2	803
SORBI_3001G270500	2	804
SORBI_3001G270600	2	805
SORBI_3001G270700	2	806
SORBI_3001G270800	2	807
SORBI_3001G270900	2	808
SORBI_3001G271000	2	809
SORBI_3001G271100	2	810
SORBI_3001G271200	2	811
SORBI_3001G271300	2	812
SORBI_3001G271500	2	813
SORBI_3001G271600	2	814
SORBI_3001G271700	2	815
SORBI_3001G271801	2	816
SORBI_3001G271900	2	817
SORBI_3001G272000	2	818
SORBI_3001G272100	2	819
SORBI_3001G272200	2	820
SORBI_3001G272300	2	821
SORBI_3001G272400	2	822
SORBI_3001G272466	2	823
SORBI_3001G272532	2	824
SORBI_3001G272600	2	825
SORBI_3001G272700	2	826
SORBI_3001G272800	2	827
SORBI_3001G272900	2	828
SORBI_3001G273000	2	829
SORBI_3001G273100	2	830
SORBI_3001G273200	2	831
SORBI_3001G273400	2	832
SORBI_3001G273500	2	833
SORBI_3001G273600	2	834
SORBI_3001G273650	2	835
SORBI_3001G273700	2	836
SORBI_3001G273800	2	837
SORBI_3001G273875	2	838
SORBI_3001G273950	2	839
SORBI_3001G274025	2	840
SORBI_3001G274100	2	841
SORBI_3001G274200	2	842
SORBI_3001G274300	2	843
SORBI_3001G274400	2	844
SORBI_3001G274600	2	845
SORBI_3001G274700	2	846
SORBI_3001G274800	2	847
SORBI_3001G274900	2	848
SORBI_3001G275100	2	849
SORBI_3001G275200	2	850
SORBI_3001G275300	2	851
SORBI_3001G275400	2	852
SORBI_3001G275450	2	853
SORBI_3001G275500	2	854
SORBI_3001G275600	2	855
SORBI_3001G275700	2	856
SORBI_3001G275800	2	857
SORBI_3001G275900	2	858
SORBI_3001G275950	2	859
SORBI_3001G276000	2	860
SORBI_3001G276100	2	861
SORBI_3001G276200	2	862
SORBI_3001G276300	2	863
SORBI_3001G276400	2	864
SORBI_3001G276500	2	865
SORBI_3001G276550	2	866
SORBI_3001G276600	2	867
SORBI_3001G276700	2	868
SORBI_3001G276800	2	869
SORBI_3001G276900	2	870
SORBI_3001G277000	2	871
SORBI_3001G277300	2	872
SORBI_3001G277400	2	873
SORBI_3001G277500	2	874
SORBI_3001G277600	2	875
SORBI_3001G277700	2	876
SORBI_3001G277800	2	877
SORBI_3001G277900	2	878
SORBI_3001G278000	2	879
SORBI_3001G278100	2	880
SORBI_3001G278300	2	881
SORBI_3001G278400	2	882
SORBI_3001G278500	2	883
SORBI_3001G278600	2	884
SORBI_3001G278650	2	885
SORBI_3001G278700	2	886
SORBI_3001G278800	2	887
SORBI_3001G278900	2	888
SORBI_3001G279000	2	889
SORBI_3001G279100	2	890
SORBI_3001G279200	2	891
SORBI_3001G279300	2	892
SORBI_3001G279350	2	893
SORBI_3001G279400	2	894
SORBI_3001G279500	2	895
SORBI_3001G279601	2	896
SORBI_3001G279701	2	897
SORBI_3001G279800	2	898
SORBI_3001G279900	2	899
SORBI_3001G280000	2	900
SORBI_3001G280100	2	901
SORBI_3001G280200	2	902
SORBI_3001G280300	2	903
SORBI_3001G280400	2	904
SORBI_3001G280500	2	905
SORBI_3001G280700	2	906
SORBI_3001G280800	2	907
SORBI_3001G280900	2	908
SORBI_3001G281100	2	909
SORBI_3001G281201	2	910
SORBI_3001G281300	2	911
SORBI_3001G281400	2	912
SORBI_3001G281500	2	913
SORBI_3001G281600	2	914
SORBI_3001G281700	2	915
SORBI_3001G281800	2	916
SORBI_3001G281900	2	917
SORBI_3001G282000	2	918
SORBI_3001G282100	2	919
SORBI_3001G282200	2	920
SORBI_3001G282300	2	921
SORBI_3001G282400	2	922
SORBI_3001G282500	2	923
SORBI_3001G282600	2	924
SORBI_3001G282700	2	925
SORBI_3001G282800	2	926
SORBI_3001G282900	2	927
SORBI_3001G283000	2	928
SORBI_3001G283100	2	929
SORBI_3001G283200	2	930
SORBI_3001G283300	2	931
SORBI_3001G283400	2	932
SORBI_3001G283500	2	933
SORBI_3001G283600	2	934
SORBI_3001G283700	2	935
SORBI_3001G283800	2	936
SORBI_3001G283900	2	937
SORBI_3001G284100	2	938
SORBI_3001G284200	2	939
SORBI_3001G284300	2	940
SORBI_3001G284400	2	941
SORBI_3001G284425	2	942
SORBI_3001G284450	2	943
SORBI_3001G284475	2	944
SORBI_3001G284500	2	945
SORBI_3001G284600	2	946
SORBI_3001G284700	2	947
SORBI_3001G284800	2	948
SORBI_3001G284900	2	949
SORBI_3001G285000	2	950
SORBI_3001G285100	2	951
SORBI_3001G285200	2	952
SORBI_3001G285300	2	953
SORBI_3001G285400	2	954
SORBI_3001G285500	2	955
SORBI_3001G285600	2	956
SORBI_3001G285650	2	957
SORBI_3001G285700	2	958
SORBI_3001G285800	2	959
SORBI_3001G286000	2	960
SORBI_3001G286050	2	961
SORBI_3001G286100	2	962
SORBI_3001G286200	2	963
SORBI_3001G286300	2	964
SORBI_3001G286400	2	965
SORBI_3001G286500	2	966
SORBI_3001G286600	2	967
SORBI_3001G286700	2	968
SORBI_3001G286800	2	969
SORBI_3001G286900	2	970
SORBI_3001G287000	2	971
SORBI_3001G287101	2	972
SORBI_3001G287201	2	973
SORBI_3001G287301	2	974
SORBI_3001G287400	2	975
SORBI_3001G287500	2	976
SORBI_3001G287600	2	977
SORBI_3001G287700	2	978
SORBI_3001G287800	2	979
SORBI_3001G287900	2	980
SORBI_3001G288000	2	981
SORBI_3001G288100	2	982
SORBI_3001G288200	2	983
SORBI_3001G288301	2	984
SORBI_3001G288400	2	985
SORBI_3001G288500	2	986
SORBI_3001G288601	2	987
SORBI_3001G288700	2	988
SORBI_3001G288800	2	989
SORBI_3001G288900	2	990
SORBI_3001G289000	2	991
SORBI_3001G289100	2	992
SORBI_3001G289200	2	993
SORBI_3001G289400	2	994
SORBI_3001G289500	2	995
SORBI_3001G289600	2	996
SORBI_3001G289700	2	997
SORBI_3001G289800	2	998
SORBI_3001G289900	2	999
SORBI_3001G290000	2	1000
SORBI_3001G290100	2	1001
SORBI_3001G290200	2	1002
SORBI_3001G290300	2	1003
SORBI_3001G290400	2	1004
SORBI_3001G290500	2	1005
SORBI_3001G290600	2	1006
SORBI_3001G290700	2	1007
SORBI_3001G290766	2	1008
SORBI_3001G290832	2	1009
SORBI_3001G290900	2	1010
SORBI_3001G291000	2	1011
SORBI_3001G291100	2	1012
SORBI_3001G291200	2	1013
SORBI_3001G291300	2	1014
SORBI_3001G291400	2	1015
SORBI_3001G291500	2	1016
SORBI_3001G291600	2	1017
SORBI_3001G291701	2	1018
SORBI_3001G291800	2	1019
SORBI_3001G291900	2	1020
SORBI_3001G292000	2	1021
SORBI_3001G292100	2	1022
SORBI_3001G292200	2	1023
SORBI_3001G292400	3	0
SORBI_3001G292500	3	1
SORBI_3001G292700	3	2
SORBI_3001G292800	3	3
SORBI_3001G292900	3	4
SORBI_3001G293000	3	5
SORBI_3001G293100	3	6
SORBI_3001G293200	3	7
SORBI_3001G293300	3	8
SORBI_3001G293400	3	9
SORBI_3001G293450	3	10
SORBI_3001G293500	3	11
SORBI_3001G293550	3	12
SORBI_3001G293600	3	13
SORBI_3001G293633	3	14
SORBI_3001G293666	3	15
SORBI_3001G293700	3	16
SORBI_3001G293800	3	17
SORBI_3001G293900	3	18
SORBI_3001G294000	3	19
SORBI_3001G294100	3	20
SORBI_3001G294150	3	21
SORBI_3001G294200	3	22
SORBI_3001G294300	3	23
SORBI_3001G294400	3	24
SORBI_3001G294500	3	25
SORBI_3001G294600	3	26
SORBI_3001G294700	3	27
SORBI_3001G294800	3	28
SORBI_3001G294900	3	29
SORBI_3001G295000	3	30
SORBI_3001G295100	3	31
SORBI_3001G295200	3	32
SORBI_3001G295300	3	33
SORBI_3001G295400	3	34
SORBI_3001G295500	3	35
SORBI_3001G295600	3	36
SORBI_3001G295700	3	37
SORBI_3001G295800	3	38
SORBI_3001G295900	3	39
SORBI_3001G296000	3	40
SORBI_3001G296100	3	41
SORBI_3001G296300	3	42
SORBI_3001G296400	3	43
SORBI_3001G296500	3	44
SORBI_3001G296600	3	45
SORBI_3001G296700	3	46
SORBI_3001G296800	3	47
SORBI_3001G296900	3	48
SORBI_3001G297000	3	49
SORBI_3001G297200	3	50
SORBI_3001G297300	3	51
SORBI_3001G297400	3	52
SORBI_3001G297500	3	53
SORBI_3001G297600	3	54
SORBI_3001G297700	3	55
SORBI_3001G297800	3	56
SORBI_3001G297900	3	57
SORBI_3001G297966	3	58
SORBI_3001G298032	3	59
SORBI_3001G298100	3	60
SORBI_3001G298200	3	61
SORBI_3001G298300	3	62
SORBI_3001G298400	3	63
SORBI_3001G298500	3	64
SORBI_3001G298600	3	65
SORBI_3001G298700	3	66
SORBI_3001G298800	3	67
SORBI_3001G298900	3	68
SORBI_3001G299001	3	69
SORBI_3001G299100	3	70
SORBI_3001G299150	3	71
SORBI_3001G299200	3	72
SORBI_3001G299300	3	73
SORBI_3001G299400	3	74
SORBI_3001G299500	3	75
SORBI_3001G299600	3	76
SORBI_3001G299700	3	77
SORBI_3001G299800	3	78
SORBI_3001G299900	3	79
SORBI_3001G300000	3	80
SORBI_3001G300033	3	81
SORBI_3001G300066	3	82
SORBI_3001G300100	3	83
SORBI_3001G300201	3	84
SORBI_3001G300301	3	85
SORBI_3001G300400	3	86
SORBI_3001G300450	3	87
SORBI_3001G300500	3	88
SORBI_3001G300600	3	89
SORBI_3001G300700	3	90
SORBI_3001G300750	3	91
SORBI_3001G300800	3	92
SORBI_3001G300900	3	93
SORBI_3001G301000	3	94
SORBI_3001G301100	3	95
SORBI_3001G301200	3	96
SORBI_3001G301300	3	97
SORBI_3001G301400	3	98
SORBI_3001G301500	3	99
SORBI_3001G301600	3	100
SORBI_3001G301700	3	101
SORBI_3001G301800	3	102
SORBI_3001G301900	3	103
SORBI_3001G302000	3	104
SORBI_3001G302100	3	105
SORBI_3001G302200	3	106
SORBI_3001G302300	3	107
SORBI_3001G302400	3	108
SORBI_3001G302500	3	109
SORBI_3001G302600	3	110
SORBI_3001G302666	3	111
SORBI_3001G302732	3	112
SORBI_3001G302800	3	113
SORBI_3001G302900	3	114
SORBI_3001G303000	3	115
SORBI_3001G303100	3	116
SORBI_3001G303200	3	117
SORBI_3001G303300	3	118
SORBI_3001G303600	3	119
SORBI_3001G303675	3	120
SORBI_3001G303750	3	121
SORBI_3001G303825	3	122
SORBI_3001G303900	3	123
SORBI_3001G304000	3	124
SORBI_3001G304100	3	125
SORBI_3001G304201	3	126
SORBI_3001G304300	3	127
SORBI_3001G304400	3	128
SORBI_3001G304500	3	129
SORBI_3001G304600	3	130
SORBI_3001G304700	3	131
SORBI_3001G304800	3	132
SORBI_3001G304900	3	133
SORBI_3001G305000	3	134
SORBI_3001G305100	3	135
SORBI_3001G305200	3	136
SORBI_3001G305300	3	137
SORBI_3001G305350	3	138
SORBI_3001G305400	3	139
SORBI_3001G305500	3	140
SORBI_3001G305550	3	141
SORBI_3001G305600	3	142
SORBI_3001G305700	3	143
SORBI_3001G305800	3	144
SORBI_3001G305900	3	145
SORBI_3001G306000	3	146
SORBI_3001G306101	3	147
SORBI_3001G306200	3	148
SORBI_3001G306300	3	149
SORBI_3001G306400	3	150
SORBI_3001G306500	3	151
SORBI_3001G306600	3	152
SORBI_3001G306700	3	153
SORBI_3001G306800	3	154
SORBI_3001G306900	3	155
SORBI_3001G307000	3	156
SORBI_3001G307100	3	157
SORBI_3001G307200	3	158
SORBI_3001G307300	3	159
SORBI_3001G307400	3	160
SORBI_3001G307450	3	161
SORBI_3001G307500	3	162
SORBI_3001G307600	3	163
SORBI_3001G307700	3	164
SORBI_3001G307800	3	165
SORBI_3001G307900	3	166
SORBI_3001G308000	3	167
SORBI_3001G308100	3	168
SORBI_3001G308200	3	169
SORBI_3001G308300	3	170
SORBI_3001G308350	3	171
SORBI_3001G308400	3	172
SORBI_3001G308450	3	173
SORBI_3001G308500	3	174
SORBI_3001G308600	3	175
SORBI_3001G308700	3	176
SORBI_3001G308800	3	177
SORBI_3001G308900	3	178
SORBI_3001G309000	3	179
SORBI_3001G309100	3	180
SORBI_3001G309200	3	181
SORBI_3001G309300	3	182
SORBI_3001G309400	3	183
SORBI_3001G309500	3	184
SORBI_3001G309600	3	185
SORBI_3001G309666	3	186
SORBI_3001G309732	3	187
SORBI_3001G309800	3	188
SORBI_3001G309900	3	189
SORBI_3001G310000	3	190
SORBI_3001G310100	3	191
SORBI_3001G310133	3	192
SORBI_3001G310166	3	193
SORBI_3001G310200	3	194
SORBI_3001G310300	3	195
SORBI_3001G310400	3	196
SORBI_3001G310500	3	197
SORBI_3001G310600	3	198
SORBI_3001G310700	3	199
SORBI_3001G310800	3	200
SORBI_3001G310900	3	201
SORBI_3001G311000	3	202
SORBI_3001G311050	3	203
SORBI_3001G311100	3	204
SORBI_3001G311200	3	205
SORBI_3001G311400	3	206
SORBI_3001G311500	3	207
SORBI_3001G311601	3	208
SORBI_3001G311700	3	209
SORBI_3001G311800	3	210
SORBI_3001G311833	3	211
SORBI_3001G311866	3	212
SORBI_3001G311900	3	213
SORBI_3001G312000	3	214
SORBI_3001G312100	3	215
SORBI_3001G312200	3	216
SORBI_3001G312300	3	217
SORBI_3001G312350	3	218
SORBI_3001G312400	3	219
SORBI_3001G312500	3	220
SORBI_3001G312600	3	221
SORBI_3001G312700	3	222
SORBI_3001G312801	3	223
SORBI_3001G312900	3	224
SORBI_3001G313000	3	225
SORBI_3001G313100	3	226
SORBI_3001G313150	3	227
SORBI_3001G313200	3	228
SORBI_3001G313301	3	229
SORBI_3001G313400	3	230
SORBI_3001G313500	3	231
SORBI_3001G313600	3	232
SORBI_3001G313700	3	233
SORBI_3001G313800	3	234
SORBI_3001G313900	3	235
SORBI_3001G314000	3	236
SORBI_3001G314100	3	237
SORBI_3001G314200	3	238
SORBI_3001G314300	3	239
SORBI_3001G314350	3	240
SORBI_3001G314400	3	241
SORBI_3001G314500	3	242
SORBI_3001G314600	3	243
SORBI_3001G314700	3	244
SORBI_3001G314800	3	245
SORBI_3001G314900	3	246
SORBI_3001G315000	3	247
SORBI_3001G315100	3	248
SORBI_3001G315200	3	249
SORBI_3001G315300	3	250
SORBI_3001G315400	3	251
SORBI_3001G315500	3	252
SORBI_3001G315600	3	253
SORBI_3001G315700	3	254
SORBI_3001G315800	3	255
SORBI_3001G315901	3	256
SORBI_3001G316000	3	257
SORBI_3001G316100	3	258
SORBI_3001G316200	3	259
SORBI_3001G316300	3	260
SORBI_3001G316400	3	261
SORBI_3001G316500	3	262
SORBI_3001G316700	3	263
SORBI_3001G316800	3	264
SORBI_3001G316900	3	265
SORBI_3001G317000	3	266
SORBI_3001G317200	3	267
SORBI_3001G317300	3	268
SORBI_3001G317400	3	269
SORBI_3001G317500	3	270
SORBI_3001G317600	3	271
SORBI_3001G317700	3	272
SORBI_3001G317800	3	273
SORBI_3001G317900	3	274
SORBI_3001G317950	3	275
SORBI_3001G318000	3	276
SORBI_3001G318100	3	277
SORBI_3001G318200	3	278
SORBI_3001G318300	3	279
SORBI_3001G318366	3	280
SORBI_3001G318432	3	281
SORBI_3001G318500	3	282
SORBI_3001G318600	3	283
SORBI_3001G318700	3	284
SORBI_3001G318800	3	285
SORBI_3001G318900	3	286
SORBI_3001G319000	3	287
SORBI_3001G319100	3	288
SORBI_3001G319200	3	289
SORBI_3001G319300	3	290
SORBI_3001G319350	3	291
SORBI_3001G319400	3	292
SORBI_3001G319500	3	293
SORBI_3001G319600	3	294
SORBI_3001G319650	3	295
SORBI_3001G319700	3	296
SORBI_3001G319800	3	297
SORBI_3001G319900	3	298
SORBI_3001G320000	3	299
SORBI_3001G320101	3	300
SORBI_3001G320200	3	301
SORBI_3001G320300	3	302
SORBI_3001G320400	3	303
SORBI_3001G320500	3	304
SORBI_3001G320700	3	305
SORBI_3001G320800	3	306
SORBI_3001G320900	3	307
SORBI_3001G321000	3	308
SORBI_3001G321100	3	309
SORBI_3001G321200	3	310
SORBI_3001G321300	3	311
SORBI_3001G321400	3	312
SORBI_3001G321500	3	313
SORBI_3001G321600	3	314
SORBI_3001G321700	3	315
SORBI_3001G321800	3	316
SORBI_3001G321900	3	317
SORBI_3001G322000	3	318
SORBI_3001G322100	3	319
SORBI_3001G322200	3	320
SORBI_3001G322300	3	321
SORBI_3001G322400	3	322
SORBI_3001G322500	3	323
SORBI_3001G322600	3	324
SORBI_3001G322700	3	325
SORBI_3001G322766	3	326
SORBI_3001G322832	3	327
SORBI_3001G322900	3	328
SORBI_3001G323000	3	329
SORBI_3001G323101	3	330
SORBI_3001G323200	3	331
SORBI_3001G323300	3	332
SORBI_3001G323400	3	333
SORBI_3001G323500	3	334
SORBI_3001G323600	3	335
SORBI_3001G323701	3	336
SORBI_3001G323801	3	337
SORBI_3001G323900	3	338
SORBI_3001G324000	3	339
SORBI_3001G324100	3	340
SORBI_3001G324200	3	341
SORBI_3001G324250	3	342
SORBI_3001G324300	3	343
SORBI_3001G324400	3	344
SORBI_3001G324500	3	345
SORBI_3001G324600	3	346
SORBI_3001G324700	3	347
SORBI_3001G324800	3	348
SORBI_3001G324900	3	349
SORBI_3001G325000	3	350
SORBI_3001G325100	3	351
SORBI_3001G325200	3	352
SORBI_3001G325400	3	353
SORBI_3001G325500	3	354
SORBI_3001G325600	3	355
SORBI_3001G325700	3	356
SORBI_3001G325850	3	357
SORBI_3001G326000	3	358
SORBI_3001G326100	3	359
SORBI_3001G326200	3	360
SORBI_3001G326300	3	361
SORBI_3001G326400	3	362
SORBI_3001G326500	3	363
SORBI_3001G326600	3	364
SORBI_3001G326700	3	365
SORBI_3001G326800	3	366
SORBI_3001G326900	3	367
SORBI_3001G327000	3	368
SORBI_3001G327100	3	369
SORBI_3001G327200	3	370
SORBI_3001G327300	3	371
SORBI_3001G327400	3	372
SORBI_3001G327500	3	373
SORBI_3001G327700	3	374
SORBI_3001G327800	3	375
SORBI_3001G327900	3	376
SORBI_3001G328000	3	377
SORBI_3001G328100	3	378
SORBI_3001G328200	3	379
SORBI_3001G328350	3	380
SORBI_3001G328500	3	381
SORBI_3001G328650	3	382
SORBI_3001G328800	3	383
SORBI_3001G328850	3	384
SORBI_3001G328900	3	385
SORBI_3001G329001	3	386
SORBI_3001G329100	3	387
SORBI_3001G329200	3	388
SORBI_3001G329300	3	389
SORBI_3001G329400	3	390
SORBI_3001G329600	3	391
SORBI_3001G329701	3	392
SORBI_3001G329800	3	393
SORBI_3001G329901	3	394
SORBI_3001G330000	3	395
SORBI_3001G330100	3	396
SORBI_3001G330200	3	397
SORBI_3001G330300	3	398
SORBI_3001G330400	3	399
SORBI_3001G330500	3	400
SORBI_3001G330600	3	401
SORBI_3001G330700	3	402
SORBI_3001G330775	3	403
SORBI_3001G330850	3	404
SORBI_3001G330925	3	405
SORBI_3001G331000	3	406
SORBI_3001G331100	3	407
SORBI_3001G331200	3	408
SORBI_3001G331301	3	409
SORBI_3001G331401	3	410
SORBI_3001G331500	3	411
SORBI_3001G331600	3	412
SORBI_3001G331650	3	413
SORBI_3001G331700	3	414
SORBI_3001G331800	3	415
SORBI_3001G331900	3	416
SORBI_3001G332000	3	417
SORBI_3001G332050	3	418
SORBI_3001G332100	3	419
SORBI_3001G332200	3	420
SORBI_3001G332300	3	421
SORBI_3001G332400	3	422
SORBI_3001G332500	3	423
SORBI_3001G332700	3	424
SORBI_3001G332900	3	425
SORBI_3001G332933	3	426
SORBI_3001G332966	3	427
SORBI_3001G333000	3	428
SORBI_3001G333100	3	429
SORBI_3001G333200	3	430
SORBI_3001G333300	3	431
SORBI_3001G333400	3	432
SORBI_3001G333500	3	433
SORBI_3001G333600	3	434
SORBI_3001G333700	3	435
SORBI_3001G333800	3	436
SORBI_3001G333900	3	437
SORBI_3001G334001	3	438
SORBI_3001G334100	3	439
SORBI_3001G334150	3	440
SORBI_3001G334200	3	441
SORBI_3001G334300	3	442
SORBI_3001G334400	3	443
SORBI_3001G334501	3	444
SORBI_3001G334600	3	445
SORBI_3001G334700	3	446
SORBI_3001G334800	3	447
SORBI_3001G334900	3	448
SORBI_3001G335000	3	449
SORBI_3001G335100	3	450
SORBI_3001G335201	3	451
SORBI_3001G335300	3	452
SORBI_3001G335400	3	453
SORBI_3001G335500	3	454
SORBI_3001G335600	3	455
SORBI_3001G335700	3	456
SORBI_3001G335800	3	457
SORBI_3001G335900	3	458
SORBI_3001G336050	3	459
SORBI_3001G336200	3	460
SORBI_3001G336400	3	461
SORBI_3001G336450	3	462
SORBI_3001G336500	3	463
SORBI_3001G336600	3	464
SORBI_3001G336700	3	465
SORBI_3001G336800	3	466
SORBI_3001G336900	3	467
SORBI_3001G337100	3	468
SORBI_3001G337200	3	469
SORBI_3001G337300	3	470
SORBI_3001G337350	3	471
SORBI_3001G337400	3	472
SORBI_3001G337500	3	473
SORBI_3001G337600	3	474
SORBI_3001G337701	3	475
SORBI_3001G337800	3	476
SORBI_3001G338000	3	477
SORBI_3001G338100	3	478
SORBI_3001G338200	3	479
SORBI_3001G338400	3	480
SORBI_3001G338500	3	481
SORBI_3001G338600	3	482
SORBI_3001G338700	3	483
SORBI_3001G338800	3	484
SORBI_3001G338900	3	485
SORBI_3001G339000	3	486
SORBI_3001G339100	3	487
SORBI_3001G339200	3	488
SORBI_3001G339300	3	489
SORBI_3001G339400	3	490
SORBI_3001G339500	3	491
SORBI_3001G339600	3	492
SORBI_3001G339700	3	493
SORBI_3001G339801	3	494
SORBI_3001G339900	3	495
SORBI_3001G340000	3	496
SORBI_3001G340100	3	497
SORBI_3001G340200	3	498
SORBI_3001G340300	3	499
SORBI_3001G340400	3	500
SORBI_3001G340500	3	501
SORBI_3001G340600	3	502
SORBI_3001G340700	3	503
SORBI_3001G340800	3	504
SORBI_3001G340900	3	505
SORBI_3001G341001	3	506
SORBI_3001G341100	3	507
SORBI_3001G341200	3	508
SORBI_3001G341300	3	509
SORBI_3001G341400	3	510
SORBI_3001G341500	3	511
SORBI_3001G341550	3	512
SORBI_3001G341600	3	513
SORBI_3001G341700	3	514
SORBI_3001G341800	3	515
SORBI_3001G341900	3	516
SORBI_3001G342000	3	517
SORBI_3001G342101	3	518
SORBI_3001G342200	3	519
SORBI_3001G342300	3	520
SORBI_3001G342400	3	521
SORBI_3001G342500	3	522
SORBI_3001G342600	3	523
SORBI_3001G342700	3	524
SORBI_3001G342800	3	525
SORBI_3001G342900	3	526
SORBI_3001G343000	3	527
SORBI_3001G343100	3	528
SORBI_3001G343300	3	529
SORBI_3001G343400	3	530
SORBI_3001G343500	3	531
SORBI_3001G343601	3	532
SORBI_3001G343700	3	533
SORBI_3001G343766	3	534
SORBI_3001G343832	3	535
SORBI_3001G343900	3	536
SORBI_3001G344000	3	537
SORBI_3001G344150	3	538
SORBI_3001G344300	3	539
SORBI_3001G344400	3	540
SORBI_3001G344450	3	541
SORBI_3001G344500	3	542
SORBI_3001G344600	3	543
SORBI_3001G344700	3	544
SORBI_3001G344800	3	545
SORBI_3001G344900	3	546
SORBI_3001G345000	3	547
SORBI_3001G345100	3	548
SORBI_3001G345200	3	549
SORBI_3001G345300	3	550
SORBI_3001G345333	3	551
SORBI_3001G345366	3	552
SORBI_3001G345400	3	553
SORBI_3001G345500	3	554
SORBI_3001G345600	3	555
SORBI_3001G345700	3	556
SORBI_3001G345800	3	557
SORBI_3001G345900	3	558
SORBI_3001G346000	3	559
SORBI_3001G346100	3	560
SORBI_3001G346200	3	561
SORBI_3001G346300	3	562
SORBI_3001G346401	3	563
SORBI_3001G346500	3	564
SORBI_3001G346600	3	565
SORBI_3001G346700	3	566
SORBI_3001G346800	3	567
SORBI_3001G346900	3	568
SORBI_3001G347001	3	569
SORBI_3001G347100	3	570
SORBI_3001G347201	3	571
SORBI_3001G347300	3	572
SORBI_3001G347400	3	573
SORBI_3001G347500	3	574
SORBI_3001G347600	3	575
SORBI_3001G347700	3	576
SORBI_3001G347800	3	577
SORBI_3001G347901	3	578
SORBI_3001G348000	3	579
SORBI_3001G348100	3	580
SORBI_3001G348200	3	581
SORBI_3001G348300	3	582
SORBI_3001G348400	3	583
SORBI_3001G348500	3	584
SORBI_3001G348600	3	585
SORBI_3001G348700	3	586
SORBI_3001G348800	3	587
SORBI_3001G348900	3	588
SORBI_3001G349000	3	589
SORBI_3001G349100	3	590
SORBI_3001G349200	3	591
SORBI_3001G349300	3	592
SORBI_3001G349400	3	593
SORBI_3001G349500	3	594
SORBI_3001G349600	3	595
SORBI_3001G349650	3	596
SORBI_3001G349700	3	597
SORBI_3001G349800	3	598
SORBI_3001G349900	3	599
SORBI_3001G350000	3	600
SORBI_3001G350100	3	601
SORBI_3001G350200	3	602
SORBI_3001G350300	3	603
SORBI_3001G350400	3	604
SORBI_3001G350501	3	605
SORBI_3001G350600	3	606
SORBI_3001G350700	3	607
SORBI_3001G350800	3	608
SORBI_3001G350900	3	609
SORBI_3001G351000	3	610
SORBI_3001G351100	3	611
SORBI_3001G351200	3	612
SORBI_3001G351300	3	613
SORBI_3001G351400	3	614
SORBI_3001G351500	3	615
SORBI_3001G351600	3	616
SORBI_3001G351700	3	617
SORBI_3001G351800	3	618
SORBI_3001G351900	3	619
SORBI_3001G352100	3	620
SORBI_3001G352200	3	621
SORBI_3001G352300	3	622
SORBI_3001G352400	3	623
SORBI_3001G352500	3	624
SORBI_3001G352600	3	625
SORBI_3001G352633	3	626
SORBI_3001G352666	3	627
SORBI_3001G352700	3	628
SORBI_3001G352800	3	629
SORBI_3001G352900	3	630
SORBI_3001G352933	3	631
SORBI_3001G352966	3	632
SORBI_3001G353000	3	633
SORBI_3001G353100	3	634
SORBI_3001G353200	3	635
SORBI_3001G353250	3	636
SORBI_3001G353300	3	637
SORBI_3001G353400	3	638
SORBI_3001G353501	3	639
SORBI_3001G353600	3	640
SORBI_3001G353700	3	641
SORBI_3001G353800	3	642
SORBI_3001G353900	3	643
SORBI_3001G354000	3	644
SORBI_3001G354100	3	645
SORBI_3001G354200	3	646
SORBI_3001G354400	3	647
SORBI_3001G354501	3	648
SORBI_3001G354600	3	649
SORBI_3001G354700	3	650
SORBI_3001G354800	3	651
SORBI_3001G354900	3	652
SORBI_3001G355000	3	653
SORBI_3001G355100	3	654
SORBI_3001G355200	3	655
SORBI_3001G355300	3	656
SORBI_3001G355400	3	657
SORBI_3001G355500	3	658
SORBI_3001G355600	3	659
SORBI_3001G355700	3	660
SORBI_3001G355800	3	661
SORBI_3001G355850	3	662
SORBI_3001G355900	3	663
SORBI_3001G356000	3	664
SORBI_3001G356100	3	665
SORBI_3001G356200	3	666
SORBI_3001G356300	3	667
SORBI_3001G356400	3	668
SORBI_3001G356500	3	669
SORBI_3001G356600	3	670
SORBI_3001G356700	3	671
SORBI_3001G356800	3	672
SORBI_3001G357000	3	673
SORBI_3001G357100	3	674
SORBI_3001G357200	3	675
SORBI_3001G357300	3	676
SORBI_3001G357400	3	677
SORBI_3001G357500	3	678
SORBI_3001G357600	3	679
SORBI_3001G357650	3	680
SORBI_3001G357700	3	681
SORBI_3001G357800	3	682
SORBI_3001G357900	3	683
SORBI_3001G358000	3	684
SORBI_3001G358101	3	685
SORBI_3001G358200	3	686
SORBI_3001G358300	3	687
SORBI_3001G358366	3	688
SORBI_3001G358432	3	689
SORBI_3001G358500	3	690
SORBI_3001G358600	3	691
SORBI_3001G358700	3	692
SORBI_3001G358800	3	693
SORBI_3001G358900	3	694
SORBI_3001G359000	3	695
SORBI_3001G359100	3	696
SORBI_3001G359200	3	697
SORBI_3001G359300	3	698
SORBI_3001G359400	3	699
SORBI_3001G359500	3	700
SORBI_3001G359601	3	701
SORBI_3001G359700	3	702
SORBI_3001G359800	3	703
SORBI_3001G359900	3	704
SORBI_3001G360000	3	705
SORBI_3001G360200	3	706
SORBI_3001G360300	3	707
SORBI_3001G360400	3	708
SORBI_3001G360500	3	709
SORBI_3001G360600	3	710
SORBI_3001G360700	3	711
SORBI_3001G360800	3	712
SORBI_3001G360900	3	713
SORBI_3001G361000	3	714
SORBI_3001G361100	3	715
SORBI_3001G361200	3	716
SORBI_3001G361300	3	717
SORBI_3001G361400	3	718
SORBI_3001G361500	3	719
SORBI_3001G361600	3	720
SORBI_3001G361700	3	721
SORBI_3001G361750	3	722
SORBI_3001G361800	3	723
SORBI_3001G361900	3	724
SORBI_3001G362001	3	725
SORBI_3001G362100	3	726
SORBI_3001G362200	3	727
SORBI_3001G362300	3	728
SORBI_3001G362400	3	729
SORBI_3001G362500	3	730
SORBI_3001G362601	3	731
SORBI_3001G362701	3	732
SORBI_3001G362800	3	733
SORBI_3001G362900	3	734
SORBI_3001G363000	3	735
SORBI_3001G363100	3	736
SORBI_3001G363200	3	737
SORBI_3001G363300	3	738
SORBI_3001G363400	3	739
SORBI_3001G363500	3	740
SORBI_3001G363600	3	741
SORBI_3001G363700	3	742
SORBI_3001G363900	3	743
SORBI_3001G364100	3	744
SORBI_3001G364200	3	745
SORBI_3001G364300	3	746
SORBI_3001G364400	3	747
SORBI_3001G364500	3	748
SORBI_3001G364600	3	749
SORBI_3001G364700	3	750
SORBI_3001G364800	3	751
SORBI_3001G364900	3	752
SORBI_3001G365000	3	753
SORBI_3001G365100	3	754
SORBI_3001G365200	3	755
SORBI_3001G365266	3	756
SORBI_3001G365332	3	757
SORBI_3001G365400	3	758
SORBI_3001G365500	3	759
SORBI_3001G365600	3	760
SORBI_3001G365700	3	761
SORBI_3001G365800	3	762
SORBI_3001G365900	3	763
SORBI_3001G366000	3	764
SORBI_3001G366100	3	765
SORBI_3001G366200	3	766
SORBI_3001G366300	3	767
SORBI_3001G366401	3	768
SORBI_3001G366500	3	769
SORBI_3001G366600	3	770
SORBI_3001G366700	3	771
SORBI_3001G366800	3	772
SORBI_3001G366900	3	773
SORBI_3001G367000	3	774
SORBI_3001G367100	3	775
SORBI_3001G367301	3	776
SORBI_3001G367500	3	777
SORBI_3001G367600	3	778
SORBI_3001G367700	3	779
SORBI_3001G367800	3	780
SORBI_3001G367900	3	781
SORBI_3001G368000	3	782
SORBI_3001G368100	3	783
SORBI_3001G368300	3	784
SORBI_3001G368400	3	785
SORBI_3001G368500	3	786
SORBI_3001G368600	3	787
SORBI_3001G368700	3	788
SORBI_3001G368800	3	789
SORBI_3001G368900	3	790
SORBI_3001G369000	3	791
SORBI_3001G369101	3	792
SORBI_3001G369200	3	793
SORBI_3001G369300	3	794
SORBI_3001G369401	3	795
SORBI_3001G369500	3	796
SORBI_3001G369550	3	797
SORBI_3001G369600	3	798
SORBI_3001G369701	3	799
SORBI_3001G369800	3	800
SORBI_3001G369900	3	801
SORBI_3001G370000	3	802
SORBI_3001G370100	3	803
SORBI_3001G370200	3	804
SORBI_3001G370300	3	805
SORBI_3001G370400	3	806
SORBI_3001G370500	3	807
SORBI_3001G370600	3	808
SORBI_3001G370700	3	809
SORBI_3001G370750	3	810
SORBI_3001G370800	3	811
SORBI_3001G370900	3	812
SORBI_3001G371000	3	813
SORBI_3001G371100	3	814
SORBI_3001G371200	3	815
SORBI_3001G371300	3	816
SORBI_3001G371400	3	817
SORBI_3001G371500	3	818
SORBI_3001G371600	3	819
SORBI_3001G371650	3	820
SORBI_3001G371700	3	821
SORBI_3001G371750	3	822
SORBI_3001G371800	3	823
SORBI_3001G371900	3	824
SORBI_3001G372000	3	825
SORBI_3001G372100	3	826
SORBI_3001G372200	3	827
SORBI_3001G372400	3	828
SORBI_3001G372500	3	829
SORBI_3001G372600	3	830
SORBI_3001G372700	3	831
SORBI_3001G372800	3	832
SORBI_3001G372900	3	833
SORBI_3001G373000	3	834
SORBI_3001G373100	3	835
SORBI_3001G373200	3	836
SORBI_3001G373300	3	837
SORBI_3001G373400	3	838
SORBI_3001G373500	3	839
SORBI_3001G373600	3	840
SORBI_3001G373700	3	841
SORBI_3001G373800	3	842
SORBI_3001G373850	3	843
SORBI_3001G373900	3	844
SORBI_3001G374000	3	845
SORBI_3001G374100	3	846
SORBI_3001G374200	3	847
SORBI_3001G374301	3	848
SORBI_3001G374400	3	849
SORBI_3001G374500	3	850
SORBI_3001G374600	3	851
SORBI_3001G374700	3	852
SORBI_3001G374800	3	853
SORBI_3001G374900	3	854
SORBI_3001G375000	3	855
SORBI_3001G375100	3	856
SORBI_3001G375200	3	857
SORBI_3001G375300	3	858
SORBI_3001G375400	3	859
SORBI_3001G375500	3	860
SORBI_3001G375600	3	861
SORBI_3001G375650	3	862
SORBI_3001G375700	3	863
SORBI_3001G375800	3	864
SORBI_3001G375900	3	865
SORBI_3001G376100	3	866
SORBI_3001G376150	3	867
SORBI_3001G376200	3	868
SORBI_3001G376266	3	869
SORBI_3001G376332	3	870
SORBI_3001G376400	3	871
SORBI_3001G376501	3	872
SORBI_3001G376600	3	873
SORBI_3001G376700	3	874
SORBI_3001G376800	3	875
SORBI_3001G376900	3	876
SORBI_3001G377000	3	877
SORBI_3001G377050	3	878
SORBI_3001G377100	3	879
SORBI_3001G377200	3	880
SORBI_3001G377300	3	881
SORBI_3001G377400	3	882
SORBI_3001G377500	3	883
SORBI_3001G377600	3	884
SORBI_3001G377700	3	885
SORBI_3001G377800	3	886
SORBI_3001G377900	3	887
SORBI_3001G378001	3	888
SORBI_3001G378100	3	889
SORBI_3001G378150	3	890
SORBI_3001G378200	3	891
SORBI_3001G378300	3	892
SORBI_3001G378400	3	893
SORBI_3001G378500	3	894
SORBI_3001G378550	3	895
SORBI_3001G378600	3	896
SORBI_3001G378700	3	897
SORBI_3001G378800	3	898
SORBI_3001G378900	3	899
SORBI_3001G379000	3	900
SORBI_3001G379100	3	901
SORBI_3001G379200	3	902
SORBI_3001G379300	3	903
SORBI_3001G379400	3	904
SORBI_3001G379500	3	905
SORBI_3001G379600	3	906
SORBI_3001G379700	3	907
SORBI_3001G379800	3	908
SORBI_3001G379900	3	909
SORBI_3001G380000	3	910
SORBI_3001G380100	3	911
SORBI_3001G380200	3	912
SORBI_3001G380300	3	913
SORBI_3001G380400	3	914
SORBI_3001G380500	3	915
SORBI_3001G380600	3	916
SORBI_3001G380700	3	917
SORBI_3001G380800	3	918
SORBI_3001G380900	3	919
SORBI_3001G381000	3	920
SORBI_3001G381100	3	921
SORBI_3001G381200	3	922
SORBI_3001G381250	3	923
SORBI_3001G381300	3	924
SORBI_3001G381400	3	925
SORBI_3001G381500	3	926
SORBI_3001G381600	3	927
SORBI_3001G381700	3	928
SORBI_3001G381800	3	929
SORBI_3001G381900	3	930
SORBI_3001G382000	3	931
SORBI_3001G382100	3	932
SORBI_3001G382200	3	933
SORBI_3001G382266	3	934
SORBI_3001G382332	3	935
SORBI_3001G382400	3	936
SORBI_3001G382500	3	937
SORBI_3001G382600	3	938
SORBI_3001G382700	3	939
SORBI_3001G382800	3	940
SORBI_3001G382900	3	941
SORBI_3001G383000	3	942
SORBI_3001G383100	3	943
SORBI_3001G383200	3	944
SORBI_3001G383300	3	945
SORBI_3001G383350	3	946
SORBI_3001G383400	3	947
SORBI_3001G383500	3	948
SORBI_3001G383600	3	949
SORBI_3001G383700	3	950
SORBI_3001G383800	3	951
SORBI_3001G383900	3	952
SORBI_3001G384000	3	953
SORBI_3001G384100	3	954
SORBI_3001G384200	3	955
SORBI_3001G384300	3	956
SORBI_3001G384400	3	957
SORBI_3001G384500	3	958
SORBI_3001G384600	3	959
SORBI_3001G384700	3	960
SORBI_3001G384800	3	961
SORBI_3001G384900	3	962
SORBI_3001G385000	3	963
SORBI_3001G385066	3	964
SORBI_3001G385132	3	965
SORBI_3001G385200	3	966
SORBI_3001G385300	3	967
SORBI_3001G385400	3	968
SORBI_3001G385500	3	969
SORBI_3001G385800	3	970
SORBI_3001G385900	3	971
SORBI_3001G386000	3	972
SORBI_3001G386100	3	973
SORBI_3001G386200	3	974
SORBI_3001G386300	3	975
SORBI_3001G386400	3	976
SORBI_3001G386500	3	977
SORBI_3001G386600	3	978
SORBI_3001G386700	3	979
SORBI_3001G386800	3	980
SORBI_3001G386900	3	981
SORBI_3001G387000	3	982
SORBI_3001G387200	3	983
SORBI_3001G387300	3	984
SORBI_3001G387400	3	985
SORBI_3001G387500	3	986
SORBI_3001G387600	3	987
SORBI_3001G387700	3	988
SORBI_3001G387800	3	989
SORBI_3001G387900	3	990
SORBI_3001G388000	3	991
SORBI_3001G388100	3	992
SORBI_3001G388200	3	993
SORBI_3001G388250	3	994
SORBI_3001G388300	3	995
SORBI_3001G388400	3	996
SORBI_3001G388500	3	997
SORBI_3001G388600	3	998
SORBI_3001G388700	3	999
SORBI_3001G388800	3	1000
SORBI_3001G388900	3	1001
SORBI_3001G389000	3	1002
SORBI_3001G389100	3	1003
SORBI_3001G389200	3	1004
SORBI_3001G389300	3	1005
SORBI_3001G389400	3	1006
SORBI_3001G389500	3	1007
SORBI_3001G389600	3	1008
SORBI_3001G389700	3	1009
SORBI_3001G389800	3	1010
SORBI_3001G389900	3	1011
SORBI_3001G390000	3	1012
SORBI_3001G390200	3	1013
SORBI_3001G390300	3	1014
SORBI_3001G390400	3	1015
SORBI_3001G390500	3	1016
SORBI_3001G390700	3	1017
SORBI_3001G390800	3	1018
SORBI_3001G390900	3	1019
SORBI_3001G391000	3	1020
SORBI_3001G391101	3	1021
SORBI_3001G391200	3	1022
SORBI_3001G391300	3	1023
SORBI_3001G391400	4	0
SORBI_3001G391500	4	1
SORBI_3001G391600	4	2
SORBI_3001G391800	4	3
SORBI_3001G391900	4	4
SORBI_3001G392000	4	5
SORBI_3001G392100	4	6
SORBI_3001G392200	4	7
SORBI_3001G392300	4	8
SORBI_3001G392400	4	9
SORBI_3001G392500	4	10
SORBI_3001G392600	4	11
SORBI_3001G392650	4	12
SORBI_3001G392700	4	13
SORBI_3001G392800	4	14
SORBI_3001G392900	4	15
SORBI_3001G393000	4	16
SORBI_3001G393101	4	17
SORBI_3001G393200	4	18
SORBI_3001G393300	4	19
SORBI_3001G393401	4	20
SORBI_3001G393500	4	21
SORBI_3001G393600	4	22
SORBI_3001G393700	4	23
SORBI_3001G393800	4	24
SORBI_3001G393900	4	25
SORBI_3001G394000	4	26
SORBI_3001G394100	4	27
SORBI_3001G394250	4	28
SORBI_3001G394400	4	29
SORBI_3001G394466	4	30
SORBI_3001G394532	4	31
SORBI_3001G394600	4	32
SORBI_3001G394700	4	33
SORBI_3001G394800	4	34
SORBI_3001G394900	4	35
SORBI_3001G395000	4	36
SORBI_3001G395100	4	37
SORBI_3001G395150	4	38
SORBI_3001G395200	4	39
SORBI_3001G395300	4	40
SORBI_3001G395400	4	41
SORBI_3001G395500	4	42
SORBI_3001G395600	4	43
SORBI_3001G395700	4	44
SORBI_3001G395800	4	45
SORBI_3001G395900	4	46
SORBI_3001G396000	4	47
SORBI_3001G396050	4	48
SORBI_3001G396100	4	49
SORBI_3001G396200	4	50
SORBI_3001G396300	4	51
SORBI_3001G396400	4	52
SORBI_3001G396500	4	53
SORBI_3001G396550	4	54
SORBI_3001G396600	4	55
SORBI_3001G396700	4	56
SORBI_3001G396800	4	57
SORBI_3001G396900	4	58
SORBI_3001G397000	4	59
SORBI_3001G397100	4	60
SORBI_3001G397200	4	61
SORBI_3001G397300	4	62
SORBI_3001G397400	4	63
SORBI_3001G397500	4	64
SORBI_3001G397550	4	65
SORBI_3001G397600	4	66
SORBI_3001G397700	4	67
SORBI_3001G397800	4	68
SORBI_3001G397850	4	69
SORBI_3001G397900	4	70
SORBI_3001G398000	4	71
SORBI_3001G398100	4	72
SORBI_3001G398150	4	73
SORBI_3001G398200	4	74
SORBI_3001G398300	4	75
SORBI_3001G398400	4	76
SORBI_3001G398450	4	77
SORBI_3001G398500	4	78
SORBI_3001G398600	4	79
SORBI_3001G398700	4	80
SORBI_3001G398800	4	81
SORBI_3001G398950	4	82
SORBI_3001G399100	4	83
SORBI_3001G399200	4	84
SORBI_3001G399300	4	85
SORBI_3001G399400	4	86
SORBI_3001G399501	4	87
SORBI_3001G399600	4	88
SORBI_3001G399700	4	89
SORBI_3001G399800	4	90
SORBI_3001G399900	4	91
SORBI_3001G400000	4	92
SORBI_3001G400101	4	93
SORBI_3001G400200	4	94
SORBI_3001G400300	4	95
SORBI_3001G400400	4	96
SORBI_3001G400500	4	97
SORBI_3001G400601	4	98
SORBI_3001G400700	4	99
SORBI_3001G400800	4	100
SORBI_3001G400900	4	101
SORBI_3001G401000	4	102
SORBI_3001G401100	4	103
SORBI_3001G401200	4	104
SORBI_3001G401300	4	105
SORBI_3001G401400	4	106
SORBI_3001G401500	4	107
SORBI_3001G401600	4	108
SORBI_3001G401700	4	109
SORBI_3001G401750	4	110
SORBI_3001G401800	4	111
SORBI_3001G401900	4	112
SORBI_3001G401975	4	113
SORBI_3001G402050	4	114
SORBI_3001G402125	4	115
SORBI_3001G402200	4	116
SORBI_3001G402300	4	117
SORBI_3001G402400	4	118
SORBI_3001G402500	4	119
SORBI_3001G402600	4	120
SORBI_3001G402701	4	121
SORBI_3001G402800	4	122
SORBI_3001G402900	4	123
SORBI_3001G403000	4	124
SORBI_3001G403100	4	125
SORBI_3001G403200	4	126
SORBI_3001G403300	4	127
SORBI_3001G403350	4	128
SORBI_3001G403400	4	129
SORBI_3001G403500	4	130
SORBI_3001G403600	4	131
SORBI_3001G403700	4	132
SORBI_3001G403800	4	133
SORBI_3001G403900	4	134
SORBI_3001G404000	4	135
SORBI_3001G404100	4	136
SORBI_3001G404200	4	137
SORBI_3001G404300	4	138
SORBI_3001G404400	4	139
SORBI_3001G404500	4	140
SORBI_3001G404600	4	141
SORBI_3001G404700	4	142
SORBI_3001G404800	4	143
SORBI_3001G404900	4	144
SORBI_3001G404950	4	145
SORBI_3001G405000	4	146
SORBI_3001G405100	4	147
SORBI_3001G405150	4	148
SORBI_3001G405200	4	149
SORBI_3001G405300	4	150
SORBI_3001G405400	4	151
SORBI_3001G405450	4	152
SORBI_3001G405500	4	153
SORBI_3001G405600	4	154
SORBI_3001G405700	4	155
SORBI_3001G405800	4	156
SORBI_3001G405900	4	157
SORBI_3001G406000	4	158
SORBI_3001G406100	4	159
SORBI_3001G406200	4	160
SORBI_3001G406300	4	161
SORBI_3001G406400	4	162
SORBI_3001G406500	4	163
SORBI_3001G406600	4	164
SORBI_3001G406700	4	165
SORBI_3001G406800	4	166
SORBI_3001G406901	4	167
SORBI_3001G407000	4	168
SORBI_3001G407100	4	169
SORBI_3001G407200	4	170
SORBI_3001G407300	4	171
SORBI_3001G407600	4	172
SORBI_3001G407700	4	173
SORBI_3001G407800	4	174
SORBI_3001G407900	4	175
SORBI_3001G408001	4	176
SORBI_3001G408100	4	177
SORBI_3001G408200	4	178
SORBI_3001G408300	4	179
SORBI_3001G408400	4	180
SORBI_3001G408500	4	181
SORBI_3001G408600	4	182
SORBI_3001G408700	4	183
SORBI_3001G408800	4	184
SORBI_3001G408900	4	185
SORBI_3001G409000	4	186
SORBI_3001G409100	4	187
SORBI_3001G409200	4	188
SORBI_3001G409300	4	189
SORBI_3001G409400	4	190
SORBI_3001G409500	4	191
SORBI_3001G409600	4	192
SORBI_3001G409700	4	193
SORBI_3001G409800	4	194
SORBI_3001G409850	4	195
SORBI_3001G409900	4	196
SORBI_3001G410000	4	197
SORBI_3001G410100	4	198
SORBI_3001G410200	4	199
SORBI_3001G410300	4	200
SORBI_3001G410400	4	201
SORBI_3001G410450	4	202
SORBI_3001G410500	4	203
SORBI_3001G410600	4	204
SORBI_3001G410700	4	205
SORBI_3001G410800	4	206
SORBI_3001G410900	4	207
SORBI_3001G411100	4	208
SORBI_3001G411200	4	209
SORBI_3001G411300	4	210
SORBI_3001G411400	4	211
SORBI_3001G411500	4	212
SORBI_3001G411600	4	213
SORBI_3001G411800	4	214
SORBI_3001G411900	4	215
SORBI_3001G412001	4	216
SORBI_3001G412100	4	217
SORBI_3001G412200	4	218
SORBI_3001G412300	4	219
SORBI_3001G412350	4	220
SORBI_3001G412400	4	221
SORBI_3001G412500	4	222
SORBI_3001G412600	4	223
SORBI_3001G412700	4	224
SORBI_3001G412800	4	225
SORBI_3001G412900	4	226
SORBI_3001G413000	4	227
SORBI_3001G413100	4	228
SORBI_3001G413200	4	229
SORBI_3001G413300	4	230
SORBI_3001G413400	4	231
SORBI_3001G413500	4	232
SORBI_3001G413600	4	233
SORBI_3001G413700	4	234
SORBI_3001G413800	4	235
SORBI_3001G413850	4	236
SORBI_3001G413900	4	237
SORBI_3001G414000	4	238
SORBI_3001G414100	4	239
SORBI_3001G414200	4	240
SORBI_3001G414300	4	241
SORBI_3001G414400	4	242
SORBI_3001G414500	4	243
SORBI_3001G414650	4	244
SORBI_3001G414800	4	245
SORBI_3001G414900	4	246
SORBI_3001G415000	4	247
SORBI_3001G415100	4	248
SORBI_3001G415200	4	249
SORBI_3001G415300	4	250
SORBI_3001G415400	4	251
SORBI_3001G415500	4	252
SORBI_3001G415600	4	253
SORBI_3001G415700	4	254
SORBI_3001G415750	4	255
SORBI_3001G415800	4	256
SORBI_3001G415901	4	257
SORBI_3001G416000	4	258
SORBI_3001G416100	4	259
SORBI_3001G416200	4	260
SORBI_3001G416300	4	261
SORBI_3001G416500	4	262
SORBI_3001G416600	4	263
SORBI_3001G416700	4	264
SORBI_3001G416800	4	265
SORBI_3001G416900	4	266
SORBI_3001G417000	4	267
SORBI_3001G417100	4	268
SORBI_3001G417200	4	269
SORBI_3001G417301	4	270
SORBI_3001G417400	4	271
SORBI_3001G417500	4	272
SORBI_3001G417600	4	273
SORBI_3001G417700	4	274
SORBI_3001G417800	4	275
SORBI_3001G417900	4	276
SORBI_3001G418000	4	277
SORBI_3001G418100	4	278
SORBI_3001G418200	4	279
SORBI_3001G418300	4	280
SORBI_3001G418400	4	281
SORBI_3001G418500	4	282
SORBI_3001G418600	4	283
SORBI_3001G418650	4	284
SORBI_3001G418700	4	285
SORBI_3001G418800	4	286
SORBI_3001G418900	4	287
SORBI_3001G419000	4	288
SORBI_3001G419100	4	289
SORBI_3001G419200	4	290
SORBI_3001G419300	4	291
SORBI_3001G419400	4	292
SORBI_3001G419500	4	293
SORBI_3001G419600	4	294
SORBI_3001G419700	4	295
SORBI_3001G419801	4	296
SORBI_3001G419900	4	297
SORBI_3001G420000	4	298
SORBI_3001G420100	4	299
SORBI_3001G420150	4	300
SORBI_3001G420200	4	301
SORBI_3001G420300	4	302
SORBI_3001G420350	4	303
SORBI_3001G420400	4	304
SORBI_3001G420500	4	305
SORBI_3001G420600	4	306
SORBI_3001G420700	4	307
SORBI_3001G420800	4	308
SORBI_3001G420900	4	309
SORBI_3001G421000	4	310
SORBI_3001G421100	4	311
SORBI_3001G421200	4	312
SORBI_3001G421250	4	313
SORBI_3001G421300	4	314
SORBI_3001G421400	4	315
SORBI_3001G421450	4	316
SORBI_3001G421500	4	317
SORBI_3001G421600	4	318
SORBI_3001G421700	4	319
SORBI_3001G421800	4	320
SORBI_3001G421900	4	321
SORBI_3001G422001	4	322
SORBI_3001G422100	4	323
SORBI_3001G422200	4	324
SORBI_3001G422300	4	325
SORBI_3001G422366	4	326
SORBI_3001G422432	4	327
SORBI_3001G422500	4	328
SORBI_3001G422600	4	329
SORBI_3001G422700	4	330
SORBI_3001G422800	4	331
SORBI_3001G422850	4	332
SORBI_3001G422900	4	333
SORBI_3001G423000	4	334
SORBI_3001G423100	4	335
SORBI_3001G423200	4	336
SORBI_3001G423300	4	337
SORBI_3001G423400	4	338
SORBI_3001G423500	4	339
SORBI_3001G423600	4	340
SORBI_3001G423633	4	341
SORBI_3001G423666	4	342
SORBI_3001G423700	4	343
SORBI_3001G423800	4	344
SORBI_3001G423900	4	345
SORBI_3001G424000	4	346
SORBI_3001G424066	4	347
SORBI_3001G424132	4	348
SORBI_3001G424200	4	349
SORBI_3001G424300	4	350
SORBI_3001G424400	4	351
SORBI_3001G424500	4	352
SORBI_3001G424600	4	353
SORBI_3001G424650	4	354
SORBI_3001G424700	4	355
SORBI_3001G424800	4	356
SORBI_3001G424900	4	357
SORBI_3001G425000	4	358
SORBI_3001G425100	4	359
SORBI_3001G425150	4	360
SORBI_3001G425200	4	361
SORBI_3001G425300	4	362
SORBI_3001G425400	4	363
SORBI_3001G425500	4	364
SORBI_3001G425600	4	365
SORBI_3001G425700	4	366
SORBI_3001G425750	4	367
SORBI_3001G425800	4	368
SORBI_3001G425900	4	369
SORBI_3001G426000	4	370
SORBI_3001G426100	4	371
SORBI_3001G426200	4	372
SORBI_3001G426300	4	373
SORBI_3001G426400	4	374
SORBI_3001G426500	4	375
SORBI_3001G426600	4	376
SORBI_3001G426701	4	377
SORBI_3001G426800	4	378
SORBI_3001G426900	4	379
SORBI_3001G427000	4	380
SORBI_3001G427100	4	381
SORBI_3001G427200	4	382
SORBI_3001G427300	4	383
SORBI_3001G427400	4	384
SORBI_3001G427500	4	385
SORBI_3001G427600	4	386
SORBI_3001G427700	4	387
SORBI_3001G427800	4	388
SORBI_3001G427900	4	389
SORBI_3001G428000	4	390
SORBI_3001G428100	4	391
SORBI_3001G428200	4	392
SORBI_3001G428300	4	393
SORBI_3001G428400	4	394
SORBI_3001G428500	4	395
SORBI_3001G428600	4	396
SORBI_3001G428700	4	397
SORBI_3001G428800	4	398
SORBI_3001G428900	4	399
SORBI_3001G429000	4	400
SORBI_3001G429100	4	401
SORBI_3001G429200	4	402
SORBI_3001G429300	4	403
SORBI_3001G429400	4	404
SORBI_3001G429500	4	405
SORBI_3001G429600	4	406
SORBI_3001G429700	4	407
SORBI_3001G429800	4	408
SORBI_3001G429900	4	409
SORBI_3001G429950	4	410
SORBI_3001G430000	4	411
SORBI_3001G430100	4	412
SORBI_3001G430200	4	413
SORBI_3001G430300	4	414
SORBI_3001G430400	4	415
SORBI_3001G430500	4	416
SORBI_3001G430600	4	417
SORBI_3001G430700	4	418
SORBI_3001G430800	4	419
SORBI_3001G430900	4	420
SORBI_3001G431000	4	421
SORBI_3001G431100	4	422
SORBI_3001G431200	4	423
SORBI_3001G431400	4	424
SORBI_3001G431500	4	425
SORBI_3001G431600	4	426
SORBI_3001G431700	4	427
SORBI_3001G431800	4	428
SORBI_3001G431900	4	429
SORBI_3001G432000	4	430
SORBI_3001G432100	4	431
SORBI_3001G432200	4	432
SORBI_3001G432300	4	433
SORBI_3001G432400	4	434
SORBI_3001G432500	4	435
SORBI_3001G432550	4	436
SORBI_3001G432600	4	437
SORBI_3001G432700	4	438
SORBI_3001G432750	4	439
SORBI_3001G432800	4	440
SORBI_3001G432900	4	441
SORBI_3001G433000	4	442
SORBI_3001G433100	4	443
SORBI_3001G433200	4	444
SORBI_3001G433300	4	445
SORBI_3001G433400	4	446
SORBI_3001G433500	4	447
SORBI_3001G433600	4	448
SORBI_3001G433700	4	449
SORBI_3001G433800	4	450
SORBI_3001G433900	4	451
SORBI_3001G434000	4	452
SORBI_3001G434100	4	453
SORBI_3001G434200	4	454
SORBI_3001G434300	4	455
SORBI_3001G434400	4	456
SORBI_3001G434450	4	457
SORBI_3001G434500	4	458
SORBI_3001G434600	4	459
SORBI_3001G434650	4	460
SORBI_3001G434700	4	461
SORBI_3001G434800	4	462
SORBI_3001G434900	4	463
SORBI_3001G435000	4	464
SORBI_3001G435100	4	465
SORBI_3001G435201	4	466
SORBI_3001G435300	4	467
SORBI_3001G435400	4	468
SORBI_3001G435500	4	469
SORBI_3001G435600	4	470
SORBI_3001G435650	4	471
SORBI_3001G435700	4	472
SORBI_3001G435800	4	473
SORBI_3001G435900	4	474
SORBI_3001G436000	4	475
SORBI_3001G436100	4	476
SORBI_3001G436200	4	477
SORBI_3001G436300	4	478
SORBI_3001G436400	4	479
SORBI_3001G436450	4	480
SORBI_3001G436500	4	481
SORBI_3001G436600	4	482
SORBI_3001G436800	4	483
SORBI_3001G436850	4	484
SORBI_3001G436900	4	485
SORBI_3001G437000	4	486
SORBI_3001G437050	4	487
SORBI_3001G437100	4	488
SORBI_3001G437200	4	489
SORBI_3001G437300	4	490
SORBI_3001G437400	4	491
SORBI_3001G437500	4	492
SORBI_3001G437600	4	493
SORBI_3001G437801	4	494
SORBI_3001G438000	4	495
SORBI_3001G438100	4	496
SORBI_3001G438200	4	497
SORBI_3001G438300	4	498
SORBI_3001G438400	4	499
SORBI_3001G438500	4	500
SORBI_3001G438600	4	501
SORBI_3001G438700	4	502
SORBI_3001G438800	4	503
SORBI_3001G438900	4	504
SORBI_3001G439000	4	505
SORBI_3001G439050	4	506
SORBI_3001G439100	4	507
SORBI_3001G439200	4	508
SORBI_3001G439300	4	509
SORBI_3001G439400	4	510
SORBI_3001G439500	4	511
SORBI_3001G439600	4	512
SORBI_3001G439700	4	513
SORBI_3001G439800	4	514
SORBI_3001G439850	4	515
SORBI_3001G439900	4	516
SORBI_3001G440000	4	517
SORBI_3001G440100	4	518
SORBI_3001G440200	4	519
SORBI_3001G440300	4	520
SORBI_3001G440401	4	521
SORBI_3001G440500	4	522
SORBI_3001G440600	4	523
SORBI_3001G440700	4	524
SORBI_3001G440800	4	525
SORBI_3001G440900	4	526
SORBI_3001G441000	4	527
SORBI_3001G441100	4	528
SORBI_3001G441200	4	529
SORBI_3001G441300	4	530
SORBI_3001G441350	4	531
SORBI_3001G441400	4	532
SORBI_3001G441500	4	533
SORBI_3001G441600	4	534
SORBI_3001G441700	4	535
SORBI_3001G441800	4	536
SORBI_3001G441900	4	537
SORBI_3001G442000	4	538
SORBI_3001G442100	4	539
SORBI_3001G442200	4	540
SORBI_3001G442300	4	541
SORBI_3001G442400	4	542
SORBI_3001G442500	4	543
SORBI_3001G442600	4	544
SORBI_3001G442700	4	545
SORBI_3001G442750	4	546
SORBI_3001G442800	4	547
SORBI_3001G442900	4	548
SORBI_3001G443000	4	549
SORBI_3001G443100	4	550
SORBI_3001G443200	4	551
SORBI_3001G443300	4	552
SORBI_3001G443400	4	553
SORBI_3001G443500	4	554
SORBI_3001G443600	4	555
SORBI_3001G443700	4	556
SORBI_3001G443800	4	557
SORBI_3001G443850	4	558
SORBI_3001G443900	4	559
SORBI_3001G444000	4	560
SORBI_3001G444100	4	561
SORBI_3001G444200	4	562
SORBI_3001G444300	4	563
SORBI_3001G444400	4	564
SORBI_3001G444500	4	565
SORBI_3001G444600	4	566
SORBI_3001G444700	4	567
SORBI_3001G444800	4	568
SORBI_3001G444900	4	569
SORBI_3001G445000	4	570
SORBI_3001G445100	4	571
SORBI_3001G445200	4	572
SORBI_3001G445300	4	573
SORBI_3001G445400	4	574
SORBI_3001G445500	4	575
SORBI_3001G445600	4	576
SORBI_3001G445700	4	577
SORBI_3001G445800	4	578
SORBI_3001G445850	4	579
SORBI_3001G445900	4	580
SORBI_3001G446000	4	581
SORBI_3001G446100	4	582
SORBI_3001G446200	4	583
SORBI_3001G446300	4	584
SORBI_3001G446400	4	585
SORBI_3001G446500	4	586
SORBI_3001G446800	4	587
SORBI_3001G446850	4	588
SORBI_3001G446900	4	589
SORBI_3001G447000	4	590
SORBI_3001G447100	4	591
SORBI_3001G447200	4	592
SORBI_3001G447300	4	593
SORBI_3001G447400	4	594
SORBI_3001G447500	4	595
SORBI_3001G447600	4	596
SORBI_3001G447700	4	597
SORBI_3001G447800	4	598
SORBI_3001G447900	4	599
SORBI_3001G448000	4	600
SORBI_3001G448100	4	601
SORBI_3001G448200	4	602
SORBI_3001G448300	4	603
SORBI_3001G448350	4	604
SORBI_3001G448400	4	605
SORBI_3001G448500	4	606
SORBI_3001G448600	4	607
SORBI_3001G448700	4	608
SORBI_3001G448750	4	609
SORBI_3001G448800	4	610
SORBI_3001G448900	4	611
SORBI_3001G449000	4	612
SORBI_3001G449100	4	613
SORBI_3001G449200	4	614
SORBI_3001G449300	4	615
SORBI_3001G449400	4	616
SORBI_3001G449500	4	617
SORBI_3001G449600	4	618
SORBI_3001G449700	4	619
SORBI_3001G449800	4	620
SORBI_3001G449900	4	621
SORBI_3001G450000	4	622
SORBI_3001G450050	4	623
SORBI_3001G450100	4	624
SORBI_3001G450200	4	625
SORBI_3001G450300	4	626
SORBI_3001G450400	4	627
SORBI_3001G450500	4	628
SORBI_3001G450600	4	629
SORBI_3001G450700	4	630
SORBI_3001G450800	4	631
SORBI_3001G450900	4	632
SORBI_3001G451000	4	633
SORBI_3001G451100	4	634
SORBI_3001G451150	4	635
SORBI_3001G451200	4	636
SORBI_3001G451300	4	637
SORBI_3001G451400	4	638
SORBI_3001G451450	4	639
SORBI_3001G451500	4	640
SORBI_3001G451600	4	641
SORBI_3001G451700	4	642
SORBI_3001G451800	4	643
SORBI_3001G451901	4	644
SORBI_3001G452000	4	645
SORBI_3001G452100	4	646
SORBI_3001G452200	4	647
SORBI_3001G452300	4	648
SORBI_3001G452400	4	649
SORBI_3001G452500	4	650
SORBI_3001G452600	4	651
SORBI_3001G452700	4	652
SORBI_3001G452800	4	653
SORBI_3001G452900	4	654
SORBI_3001G453000	4	655
SORBI_3001G453100	4	656
SORBI_3001G453150	4	657
SORBI_3001G453200	4	658
SORBI_3001G453250	4	659
SORBI_3001G453300	4	660
SORBI_3001G453400	4	661
SORBI_3001G453500	4	662
SORBI_3001G453600	4	663
SORBI_3001G453700	4	664
SORBI_3001G453800	4	665
SORBI_3001G453900	4	666
SORBI_3001G454000	4	667
SORBI_3001G454100	4	668
SORBI_3001G454200	4	669
SORBI_3001G454301	4	670
SORBI_3001G454401	4	671
SORBI_3001G454500	4	672
SORBI_3001G454600	4	673
SORBI_3001G454700	4	674
SORBI_3001G454800	4	675
SORBI_3001G454850	4	676
SORBI_3001G454900	4	677
SORBI_3001G455000	4	678
SORBI_3001G455100	4	679
SORBI_3001G455200	4	680
SORBI_3001G455250	4	681
SORBI_3001G455300	4	682
SORBI_3001G455400	4	683
SORBI_3001G455433	4	684
SORBI_3001G455466	4	685
SORBI_3001G455500	4	686
SORBI_3001G455600	4	687
SORBI_3001G455700	4	688
SORBI_3001G455800	4	689
SORBI_3001G455900	4	690
SORBI_3001G456000	4	691
SORBI_3001G456100	4	692
SORBI_3001G456200	4	693
SORBI_3001G456300	4	694
SORBI_3001G456400	4	695
SORBI_3001G456500	4	696
SORBI_3001G456650	4	697
SORBI_3001G456800	4	698
SORBI_3001G456900	4	699
SORBI_3001G457000	4	700
SORBI_3001G457100	4	701
SORBI_3001G457200	4	702
SORBI_3001G457300	4	703
SORBI_3001G457400	4	704
SORBI_3001G457433	4	705
SORBI_3001G457466	4	706
SORBI_3001G457500	4	707
SORBI_3001G457600	4	708
SORBI_3001G457700	4	709
SORBI_3001G457800	4	710
SORBI_3001G457900	4	711
SORBI_3001G457933	4	712
SORBI_3001G457966	4	713
SORBI_3001G458000	4	714
SORBI_3001G458100	4	715
SORBI_3001G458200	4	716
SORBI_3001G458300	4	717
SORBI_3001G458400	4	718
SORBI_3001G458500	4	719
SORBI_3001G458600	4	720
SORBI_3001G458700	4	721
SORBI_3001G458800	4	722
SORBI_3001G458900	4	723
SORBI_3001G459000	4	724
SORBI_3001G459100	4	725
SORBI_3001G459200	4	726
SORBI_3001G459300	4	727
SORBI_3001G459400	4	728
SORBI_3001G459500	4	729
SORBI_3001G459600	4	730
SORBI_3001G459700	4	731
SORBI_3001G459800	4	732
SORBI_3001G459900	4	733
SORBI_3001G460000	4	734
SORBI_3001G460100	4	735
SORBI_3001G460150	4	736
SORBI_3001G460200	4	737
SORBI_3001G460300	4	738
SORBI_3001G460400	4	739
SORBI_3001G460500	4	740
SORBI_3001G460600	4	741
SORBI_3001G460700	4	742
SORBI_3001G460800	4	743
SORBI_3001G460900	4	744
SORBI_3001G461000	4	745
SORBI_3001G461101	4	746
SORBI_3001G461200	4	747
SORBI_3001G461300	4	748
SORBI_3001G461400	4	749
SORBI_3001G461500	4	750
SORBI_3001G461600	4	751
SORBI_3001G461700	4	752
SORBI_3001G461800	4	753
SORBI_3001G461900	4	754
SORBI_3001G462100	4	755
SORBI_3001G462200	4	756
SORBI_3001G462300	4	757
SORBI_3001G462401	4	758
SORBI_3001G462500	4	759
SORBI_3001G462600	4	760
SORBI_3001G462700	4	761
SORBI_3001G462800	4	762
SORBI_3001G462900	4	763
SORBI_3001G463000	4	764
SORBI_3001G463100	4	765
SORBI_3001G463200	4	766
SORBI_3001G463301	4	767
SORBI_3001G463400	4	768
SORBI_3001G463450	4	769
SORBI_3001G463500	4	770
SORBI_3001G463600	4	771
SORBI_3001G463650	4	772
SORBI_3001G463700	4	773
SORBI_3001G463800	4	774
SORBI_3001G463900	4	775
SORBI_3001G464000	4	776
SORBI_3001G464100	4	777
SORBI_3001G464200	4	778
SORBI_3001G464300	4	779
SORBI_3001G464400	4	780
SORBI_3001G464500	4	781
SORBI_3001G464600	4	782
SORBI_3001G464700	4	783
SORBI_3001G464800	4	784
SORBI_3001G464900	4	785
SORBI_3001G465000	4	786
SORBI_3001G465100	4	787
SORBI_3001G465200	4	788
SORBI_3001G465300	4	789
SORBI_3001G465400	4	790
SORBI_3001G465450	4	791
SORBI_3001G465500	4	792
SORBI_3001G465600	4	793
SORBI_3001G465700	4	794
SORBI_3001G465800	4	795
SORBI_3001G465900	4	796
SORBI_3001G466000	4	797
SORBI_3001G466100	4	798
SORBI_3001G466200	4	799
SORBI_3001G466300	4	800
SORBI_3001G466400	4	801
SORBI_3001G466450	4	802
SORBI_3001G466500	4	803
SORBI_3001G466600	4	804
SORBI_3001G466700	4	805
SORBI_3001G466800	4	806
SORBI_3001G466900	4	807
SORBI_3001G467000	4	808
SORBI_3001G467100	4	809
SORBI_3001G467150	4	810
SORBI_3001G467200	4	811
SORBI_3001G467300	4	812
SORBI_3001G467400	4	813
SORBI_3001G467500	4	814
SORBI_3001G467600	4	815
SORBI_3001G467700	4	816
SORBI_3001G467800	4	817
SORBI_3001G468000	4	818
SORBI_3001G468100	4	819
SORBI_3001G468200	4	820
SORBI_3001G468300	4	821
SORBI_3001G468400	4	822
SORBI_3001G468500	4	823
SORBI_3001G468600	4	824
SORBI_3001G468700	4	825
SORBI_3001G468900	4	826
SORBI_3001G469100	4	827
SORBI_3001G469150	4	828
SORBI_3001G469200	4	829
SORBI_3001G469300	4	830
SORBI_3001G469400	4	831
SORBI_3001G469500	4	832
SORBI_3001G469600	4	833
SORBI_3001G469700	4	834
SORBI_3001G469800	4	835
SORBI_3001G469900	4	836
SORBI_3001G469933	4	837
SORBI_3001G469966	4	838
SORBI_3001G470000	4	839
SORBI_3001G470100	4	840
SORBI_3001G470200	4	841
SORBI_3001G470300	4	842
SORBI_3001G470400	4	843
SORBI_3001G470500	4	844
SORBI_3001G470600	4	845
SORBI_3001G470700	4	846
SORBI_3001G470800	4	847
SORBI_3001G470900	4	848
SORBI_3001G471000	4	849
SORBI_3001G471050	4	850
SORBI_3001G471100	4	851
SORBI_3001G471150	4	852
SORBI_3001G471200	4	853
SORBI_3001G471300	4	854
SORBI_3001G471400	4	855
SORBI_3001G471500	4	856
SORBI_3001G471600	4	857
SORBI_3001G471800	4	858
SORBI_3001G471900	4	859
SORBI_3001G472000	4	860
SORBI_3001G472050	4	861
SORBI_3001G472100	4	862
SORBI_3001G472200	4	863
SORBI_3001G472301	4	864
SORBI_3001G472400	4	865
SORBI_3001G472500	4	866
SORBI_3001G472600	4	867
SORBI_3001G472666	4	868
SORBI_3001G472732	4	869
SORBI_3001G472800	4	870
SORBI_3001G472900	4	871
SORBI_3001G473000	4	872
SORBI_3001G473100	4	873
SORBI_3001G473200	4	874
SORBI_3001G473300	4	875
SORBI_3001G473400	4	876
SORBI_3001G473500	4	877
SORBI_3001G473600	4	878
SORBI_3001G473700	4	879
SORBI_3001G473800	4	880
SORBI_3001G473900	4	881
SORBI_3001G474001	4	882
SORBI_3001G474100	4	883
SORBI_3001G474200	4	884
SORBI_3001G474300	4	885
SORBI_3001G474400	4	886
SORBI_3001G474500	4	887
SORBI_3001G474600	4	888
SORBI_3001G474700	4	889
SORBI_3001G474900	4	890
SORBI_3001G475000	4	891
SORBI_3001G475100	4	892
SORBI_3001G475200	4	893
SORBI_3001G475300	4	894
SORBI_3001G475400	4	895
SORBI_3001G475500	4	896
SORBI_3001G475600	4	897
SORBI_3001G475701	4	898
SORBI_3001G475800	4	899
SORBI_3001G475900	4	900
SORBI_3001G475950	4	901
SORBI_3001G476000	4	902
SORBI_3001G476100	4	903
SORBI_3001G476201	4	904
SORBI_3001G476300	4	905
SORBI_3001G476400	4	906
SORBI_3001G476500	4	907
SORBI_3001G476600	4	908
SORBI_3001G476700	4	909
SORBI_3001G476800	4	910
SORBI_3001G476900	4	911
SORBI_3001G477100	4	912
SORBI_3001G477200	4	913
SORBI_3001G477300	4	914
SORBI_3001G477350	4	915
SORBI_3001G477400	4	916
SORBI_3001G477500	4	917
SORBI_3001G477600	4	918
SORBI_3001G477650	4	919
SORBI_3001G477700	4	920
SORBI_3001G477800	4	921
SORBI_3001G477900	4	922
SORBI_3001G478000	4	923
SORBI_3001G478100	4	924
SORBI_3001G478200	4	925
SORBI_3001G478300	4	926
SORBI_3001G478400	4	927
SORBI_3001G478500	4	928
SORBI_3001G478600	4	929
SORBI_3001G478700	4	930
SORBI_3001G478800	4	931
SORBI_3001G478900	4	932
SORBI_3001G479000	4	933
SORBI_3001G479050	4	934
SORBI_3001G479100	4	935
SORBI_3001G479200	4	936
SORBI_3001G479300	4	937
SORBI_3001G479500	4	938
SORBI_3001G479600	4	939
SORBI_3001G479700	4	940
SORBI_3001G479800	4	941
SORBI_3001G479850	4	942
SORBI_3001G479900	4	943
SORBI_3001G480000	4	944
SORBI_3001G480100	4	945
SORBI_3001G480200	4	946
SORBI_3001G480400	4	947
SORBI_3001G480550	4	948
SORBI_3001G480700	4	949
SORBI_3001G480800	4	950
SORBI_3001G480900	4	951
SORBI_3001G481000	4	952
SORBI_3001G481100	4	953
SORBI_3001G481201	4	954
SORBI_3001G481300	4	955
SORBI_3001G481400	4	956
SORBI_3001G481500	4	957
SORBI_3001G481600	4	958
SORBI_3001G481700	4	959
SORBI_3001G481800	4	960
SORBI_3001G481850	4	961
SORBI_3001G481900	4	962
SORBI_3001G482000	4	963
SORBI_3001G482100	4	964
SORBI_3001G482200	4	965
SORBI_3001G482300	4	966
SORBI_3001G482500	4	967
SORBI_3001G482600	4	968
SORBI_3001G482700	4	969
SORBI_3001G482800	4	970
SORBI_3001G482900	4	971
SORBI_3001G483001	4	972
SORBI_3001G483100	4	973
SORBI_3001G483200	4	974
SORBI_3001G483300	4	975
SORBI_3001G483400	4	976
SORBI_3001G483500	4	977
SORBI_3001G483600	4	978
SORBI_3001G483700	4	979
SORBI_3001G483800	4	980
SORBI_3001G483900	4	981
SORBI_3001G484000	4	982
SORBI_3001G484100	4	983
SORBI_3001G484200	4	984
SORBI_3001G484300	4	985
SORBI_3001G484400	4	986
SORBI_3001G484500	4	987
SORBI_3001G484600	4	988
SORBI_3001G484700	4	989
SORBI_3001G484800	4	990
SORBI_3001G484900	4	991
SORBI_3001G485000	4	992
SORBI_3001G485100	4	993
SORBI_3001G485200	4	994
SORBI_3001G485300	4	995
SORBI_3001G485400	4	996
SORBI_3001G485500	4	997
SORBI_3001G485600	4	998
SORBI_3001G485700	4	999
SORBI_3001G485800	4	1000
SORBI_3001G485901	4	1001
SORBI_3001G486000	4	1002
SORBI_3001G486100	4	1003
SORBI_3001G486300	4	1004
SORBI_3001G486400	4	1005
SORBI_3001G486500	4	1006
SORBI_3001G486600	4	1007
SORBI_3001G486700	4	1008
SORBI_3001G486800	4	1009
SORBI_3001G486900	4	1010
SORBI_3001G487000	4	1011
SORBI_3001G487100	4	1012
SORBI_3001G487200	4	1013
SORBI_3001G487250	4	1014
SORBI_3001G487300	4	1015
SORBI_3001G487400	4	1016
SORBI_3001G487500	4	1017
SORBI_3001G487600	4	1018
SORBI_3001G487800	4	1019
SORBI_3001G487900	4	1020
SORBI_3001G488000	4	1021
SORBI_3001G488100	4	1022
SORBI_3001G488200	4	1023
SORBI_3001G488300	5	0
SORBI_3001G488400	5	1
SORBI_3001G488500	5	2
SORBI_3001G488600	5	3
SORBI_3001G488700	5	4
SORBI_3001G488800	5	5
SORBI_3001G488900	5	6
SORBI_3001G488950	5	7
SORBI_3001G489000	5	8
SORBI_3001G489075	5	9
SORBI_3001G489150	5	10
SORBI_3001G489225	5	11
SORBI_3001G489300	5	12
SORBI_3001G489400	5	13
SORBI_3001G489500	5	14
SORBI_3001G489550	5	15
SORBI_3001G489600	5	16
SORBI_3001G489700	5	17
SORBI_3001G489800	5	18
SORBI_3001G489900	5	19
SORBI_3001G490000	5	20
SORBI_3001G490100	5	21
SORBI_3001G490200	5	22
SORBI_3001G490350	5	23
SORBI_3001G490500	5	24
SORBI_3001G490600	5	25
SORBI_3001G490700	5	26
SORBI_3001G490800	5	27
SORBI_3001G490900	5	28
SORBI_3001G490950	5	29
SORBI_3001G491000	5	30
SORBI_3001G491100	5	31
SORBI_3001G491200	5	32
SORBI_3001G491300	5	33
SORBI_3001G491400	5	34
SORBI_3001G491500	5	35
SORBI_3001G491600	5	36
SORBI_3001G491700	5	37
SORBI_3001G491800	5	38
SORBI_3001G491900	5	39
SORBI_3001G492000	5	40
SORBI_3001G492100	5	41
SORBI_3001G492200	5	42
SORBI_3001G492300	5	43
SORBI_3001G492400	5	44
SORBI_3001G492600	5	45
SORBI_3001G492700	5	46
SORBI_3001G492800	5	47
SORBI_3001G492900	5	48
SORBI_3001G493001	5	49
SORBI_3001G493100	5	50
SORBI_3001G493200	5	51
SORBI_3001G493300	5	52
SORBI_3001G493400	5	53
SORBI_3001G493500	5	54
SORBI_3001G493600	5	55
SORBI_3001G493700	5	56
SORBI_3001G493800	5	57
SORBI_3001G493900	5	58
SORBI_3001G494000	5	59
SORBI_3001G494100	5	60
SORBI_3001G494150	5	61
SORBI_3001G494200	5	62
SORBI_3001G494300	5	63
SORBI_3001G494350	5	64
SORBI_3001G494400	5	65
SORBI_3001G494500	5	66
SORBI_3001G494600	5	67
SORBI_3001G494650	5	68
SORBI_3001G494700	5	69
SORBI_3001G494800	5	70
SORBI_3001G494900	5	71
SORBI_3001G494950	5	72
SORBI_3001G495000	5	73
SORBI_3001G495100	5	74
SORBI_3001G495116	5	75
SORBI_3001G495132	5	76
SORBI_3001G495148	5	77
SORBI_3001G495164	5	78
SORBI_3001G495180	5	79
SORBI_3001G495200	5	80
SORBI_3001G495300	5	81
SORBI_3001G495400	5	82
SORBI_3001G495500	5	83
SORBI_3001G495550	5	84
SORBI_3001G495600	5	85
SORBI_3001G495700	5	86
SORBI_3001G495850	5	87
SORBI_3001G496000	5	88
SORBI_3001G496100	5	89
SORBI_3001G496200	5	90
SORBI_3001G496300	5	91
SORBI_3001G496400	5	92
SORBI_3001G496500	5	93
SORBI_3001G496600	5	94
SORBI_3001G496700	5	95
SORBI_3001G496800	5	96
SORBI_3001G496900	5	97
SORBI_3001G497000	5	98
SORBI_3001G497100	5	99
SORBI_3001G497200	5	100
SORBI_3001G497300	5	101
SORBI_3001G497400	5	102
SORBI_3001G497500	5	103
SORBI_3001G497600	5	104
SORBI_3001G497700	5	105
SORBI_3001G497750	5	106
SORBI_3001G497800	5	107
SORBI_3001G497900	5	108
SORBI_3001G498000	5	109
SORBI_3001G498033	5	110
SORBI_3001G498066	5	111
SORBI_3001G498100	5	112
SORBI_3001G498200	5	113
SORBI_3001G498300	5	114
SORBI_3001G498400	5	115
SORBI_3001G498500	5	116
SORBI_3001G498600	5	117
SORBI_3001G498700	5	118
SORBI_3001G498800	5	119
SORBI_3001G498900	5	120
SORBI_3001G499000	5	121
SORBI_3001G499100	5	122
SORBI_3001G499200	5	123
SORBI_3001G499300	5	124
SORBI_3001G499350	5	125
SORBI_3001G499400	5	126
SORBI_3001G499500	5	127
SORBI_3001G499600	5	128
SORBI_3001G499701	5	129
SORBI_3001G499800	5	130
SORBI_3001G499900	5	131
SORBI_3001G500000	5	132
SORBI_3001G500100	5	133
SORBI_3001G500200	5	134
SORBI_3001G500300	5	135
SORBI_3001G500400	5	136
SORBI_3001G500500	5	137
SORBI_3001G500600	5	138
SORBI_3001G500700	5	139
SORBI_3001G500800	5	140
SORBI_3001G500900	5	141
SORBI_3001G501000	5	142
SORBI_3001G501100	5	143
SORBI_3001G501200	5	144
SORBI_3001G501300	5	145
SORBI_3001G501400	5	146
SORBI_3001G501500	5	147
SORBI_3001G501600	5	148
SORBI_3001G501701	5	149
SORBI_3001G501800	5	150
SORBI_3001G501900	5	151
SORBI_3001G502000	5	152
SORBI_3001G502100	5	153
SORBI_3001G502200	5	154
SORBI_3001G502300	5	155
SORBI_3001G502400	5	156
SORBI_3001G502450	5	157
SORBI_3001G502500	5	158
SORBI_3001G502600	5	159
SORBI_3001G502700	5	160
SORBI_3001G502801	5	161
SORBI_3001G502900	5	162
SORBI_3001G503000	5	163
SORBI_3001G503100	5	164
SORBI_3001G503200	5	165
SORBI_3001G503300	5	166
SORBI_3001G503400	5	167
SORBI_3001G503500	5	168
SORBI_3001G503600	5	169
SORBI_3001G503700	5	170
SORBI_3001G503801	5	171
SORBI_3001G503900	5	172
SORBI_3001G504000	5	173
SORBI_3001G504100	5	174
SORBI_3001G504200	5	175
SORBI_3001G504300	5	176
SORBI_3001G504400	5	177
SORBI_3001G504500	5	178
SORBI_3001G504600	5	179
SORBI_3001G504700	5	180
SORBI_3001G504800	5	181
SORBI_3001G504900	5	182
SORBI_3001G505000	5	183
SORBI_3001G505033	5	184
SORBI_3001G505066	5	185
SORBI_3001G505100	5	186
SORBI_3001G505200	5	187
SORBI_3001G505300	5	188
SORBI_3001G505400	5	189
SORBI_3001G505500	5	190
SORBI_3001G505600	5	191
SORBI_3001G505700	5	192
SORBI_3001G505800	5	193
SORBI_3001G505900	5	194
SORBI_3001G506000	5	195
SORBI_3001G506033	5	196
SORBI_3001G506066	5	197
SORBI_3001G506100	5	198
SORBI_3001G506200	5	199
SORBI_3001G506300	5	200
SORBI_3001G506400	5	201
SORBI_3001G506500	5	202
SORBI_3001G506600	5	203
SORBI_3001G506700	5	204
SORBI_3001G506750	5	205
SORBI_3001G506800	5	206
SORBI_3001G506900	5	207
SORBI_3001G507000	5	208
SORBI_3001G507100	5	209
SORBI_3001G507200	5	210
SORBI_3001G507300	5	211
SORBI_3001G507400	5	212
SORBI_3001G507500	5	213
SORBI_3001G507550	5	214
SORBI_3001G507600	5	215
SORBI_3001G507700	5	216
SORBI_3001G507800	5	217
SORBI_3001G507900	5	218
SORBI_3001G507933	5	219
SORBI_3001G507966	5	220
SORBI_3001G508000	5	221
SORBI_3001G508100	5	222
SORBI_3001G508200	5	223
SORBI_3001G508300	5	224
SORBI_3001G508400	5	225
SORBI_3001G508466	5	226
SORBI_3001G508532	5	227
SORBI_3001G508600	5	228
SORBI_3001G508700	5	229
SORBI_3001G508800	5	230
SORBI_3001G508900	5	231
SORBI_3001G509000	5	232
SORBI_3001G509100	5	233
SORBI_3001G509200	5	234
SORBI_3001G509300	5	235
SORBI_3001G509400	5	236
SORBI_3001G509450	5	237
SORBI_3001G509500	5	238
SORBI_3001G509600	5	239
SORBI_3001G509700	5	240
SORBI_3001G509800	5	241
SORBI_3001G509901	5	242
SORBI_3001G510000	5	243
SORBI_3001G510100	5	244
SORBI_3001G510200	5	245
SORBI_3001G510300	5	246
SORBI_3001G510400	5	247
SORBI_3001G510500	5	248
SORBI_3001G510600	5	249
SORBI_3001G510650	5	250
SORBI_3001G510700	5	251
SORBI_3001G510800	5	252
SORBI_3001G511000	5	253
SORBI_3001G511100	5	254
SORBI_3001G511200	5	255
SORBI_3001G511300	5	256
SORBI_3001G511400	5	257
SORBI_3001G511500	5	258
SORBI_3001G511600	5	259
SORBI_3001G511800	5	260
SORBI_3001G511900	5	261
SORBI_3001G512000	5	262
SORBI_3001G512100	5	263
SORBI_3001G512200	5	264
SORBI_3001G512300	5	265
SORBI_3001G512400	5	266
SORBI_3001G512500	5	267
SORBI_3001G512600	5	268
SORBI_3001G512633	5	269
SORBI_3001G512666	5	270
SORBI_3001G512700	5	271
SORBI_3001G512800	5	272
SORBI_3001G512900	5	273
SORBI_3001G513000	5	274
SORBI_3001G513100	5	275
SORBI_3001G513200	5	276
SORBI_3001G513300	5	277
SORBI_3001G513400	5	278
SORBI_3001G513500	5	279
SORBI_3001G513600	5	280
SORBI_3001G513650	5	281
SORBI_3001G513700	5	282
SORBI_3001G513800	5	283
SORBI_3001G513900	5	284
SORBI_3001G513950	5	285
SORBI_3001G514000	5	286
SORBI_3001G514100	5	287
SORBI_3001G514200	5	288
SORBI_3001G514300	5	289
SORBI_3001G514400	5	290
SORBI_3001G514500	5	291
SORBI_3001G514700	5	292
SORBI_3001G514800	5	293
SORBI_3001G514900	5	294
SORBI_3001G515000	5	295
SORBI_3001G515100	5	296
SORBI_3001G515200	5	297
SORBI_3001G515300	5	298
SORBI_3001G515350	5	299
SORBI_3001G515400	5	300
SORBI_3001G515500	5	301
SORBI_3001G515600	5	302
SORBI_3001G515700	5	303
SORBI_3001G515750	5	304
SORBI_3001G515800	5	305
SORBI_3001G515900	5	306
SORBI_3001G516000	5	307
SORBI_3001G516100	5	308
SORBI_3001G516200	5	309
SORBI_3001G516400	5	310
SORBI_3001G516500	5	311
SORBI_3001G516600	5	312
SORBI_3001G516800	5	313
SORBI_3001G516901	5	314
SORBI_3001G517000	5	315
SORBI_3001G517100	5	316
SORBI_3001G517200	5	317
SORBI_3001G517400	5	318
SORBI_3001G517500	5	319
SORBI_3001G517600	5	320
SORBI_3001G517700	5	321
SORBI_3001G517800	5	322
SORBI_3001G517900	5	323
SORBI_3001G518000	5	324
SORBI_3001G518050	5	325
SORBI_3001G518100	5	326
SORBI_3001G518200	5	327
SORBI_3001G518300	5	328
SORBI_3001G518400	5	329
SORBI_3001G518500	5	330
SORBI_3001G518600	5	331
SORBI_3001G518700	5	332
SORBI_3001G518800	5	333
SORBI_3001G518900	5	334
SORBI_3001G519000	5	335
SORBI_3001G519100	5	336
SORBI_3001G519200	5	337
SORBI_3001G519300	5	338
SORBI_3001G519400	5	339
SORBI_3001G519500	5	340
SORBI_3001G519600	5	341
SORBI_3001G519700	5	342
SORBI_3001G519800	5	343
SORBI_3001G519900	5	344
SORBI_3001G520000	5	345
SORBI_3001G520050	5	346
SORBI_3001G520100	5	347
SORBI_3001G520200	5	348
SORBI_3001G520300	5	349
SORBI_3001G520400	5	350
SORBI_3001G520500	5	351
SORBI_3001G520600	5	352
SORBI_3001G520700	5	353
SORBI_3001G520800	5	354
SORBI_3001G520900	5	355
SORBI_3001G521001	5	356
SORBI_3001G521100	5	357
SORBI_3001G521200	5	358
SORBI_3001G521300	5	359
SORBI_3001G521400	5	360
SORBI_3001G521500	5	361
SORBI_3001G521600	5	362
SORBI_3001G521700	5	363
SORBI_3001G521750	5	364
SORBI_3001G521800	5	365
SORBI_3001G521850	5	366
SORBI_3001G521900	5	367
SORBI_3001G522000	5	368
SORBI_3001G522050	5	369
SORBI_3001G522100	5	370
SORBI_3001G522200	5	371
SORBI_3001G522300	5	372
SORBI_3001G522400	5	373
SORBI_3001G522500	5	374
SORBI_3001G522600	5	375
SORBI_3001G522700	5	376
SORBI_3001G522800	5	377
SORBI_3001G522900	5	378
SORBI_3001G523000	5	379
SORBI_3001G523050	5	380
SORBI_3001G523100	5	381
SORBI_3001G523150	5	382
SORBI_3001G523200	5	383
SORBI_3001G523300	5	384
SORBI_3001G523400	5	385
SORBI_3001G523500	5	386
SORBI_3001G523700	5	387
SORBI_3001G523800	5	388
SORBI_3001G523866	5	389
SORBI_3001G523932	5	390
SORBI_3001G524000	5	391
SORBI_3001G524100	5	392
SORBI_3001G524150	5	393
SORBI_3001G524200	5	394
SORBI_3001G524300	5	395
SORBI_3001G524400	5	396
SORBI_3001G524500	5	397
SORBI_3001G524600	5	398
SORBI_3001G524750	5	399
SORBI_3001G524900	5	400
SORBI_3001G525000	5	401
SORBI_3001G525101	5	402
SORBI_3001G525200	5	403
SORBI_3001G525300	5	404
SORBI_3001G525400	5	405
SORBI_3001G525500	5	406
SORBI_3001G525600	5	407
SORBI_3001G525900	5	408
SORBI_3001G526000	5	409
SORBI_3001G526050	5	410
SORBI_3001G526100	5	411
SORBI_3001G526200	5	412
SORBI_3001G526300	5	413
SORBI_3001G526500	5	414
SORBI_3001G526600	5	415
SORBI_3001G526800	5	416
SORBI_3001G526900	5	417
SORBI_3001G527000	5	418
SORBI_3001G527100	5	419
SORBI_3001G527200	5	420
SORBI_3001G527300	5	421
SORBI_3001G527400	5	422
SORBI_3001G527500	5	423
SORBI_3001G527550	5	424
SORBI_3001G527600	5	425
SORBI_3001G527700	5	426
SORBI_3001G527800	5	427
SORBI_3001G527900	5	428
SORBI_3001G528000	5	429
SORBI_3001G528100	5	430
SORBI_3001G528200	5	431
SORBI_3001G528300	5	432
SORBI_3001G528350	5	433
SORBI_3001G528400	5	434
SORBI_3001G528500	5	435
SORBI_3001G528600	5	436
SORBI_3001G528700	5	437
SORBI_3001G528800	5	438
SORBI_3001G528900	5	439
SORBI_3001G529000	5	440
SORBI_3001G529100	5	441
SORBI_3001G529200	5	442
SORBI_3001G529301	5	443
SORBI_3001G529400	5	444
SORBI_3001G529500	5	445
SORBI_3001G529600	5	446
SORBI_3001G529700	5	447
SORBI_3001G529800	5	448
SORBI_3001G529900	5	449
SORBI_3001G530000	5	450
SORBI_3001G530100	5	451
SORBI_3001G530201	5	452
SORBI_3001G530300	5	453
SORBI_3001G530350	5	454
SORBI_3001G530400	5	455
SORBI_3001G530500	5	456
SORBI_3001G530600	5	457
SORBI_3001G530650	5	458
SORBI_3001G530700	5	459
SORBI_3001G530800	5	460
SORBI_3001G530900	5	461
SORBI_3001G531000	5	462
SORBI_3001G531100	5	463
SORBI_3001G531200	5	464
SORBI_3001G531300	5	465
SORBI_3001G531400	5	466
SORBI_3001G531500	5	467
SORBI_3001G531600	5	468
SORBI_3001G531700	5	469
SORBI_3001G531800	5	470
SORBI_3001G531900	5	471
SORBI_3001G532000	5	472
SORBI_3001G532100	5	473
SORBI_3001G532200	5	474
SORBI_3001G532300	5	475
SORBI_3001G532400	5	476
SORBI_3001G532501	5	477
SORBI_3001G532600	5	478
SORBI_3001G532700	5	479
SORBI_3001G532800	5	480
SORBI_3001G532900	5	481
SORBI_3001G533000	5	482
SORBI_3001G533100	5	483
SORBI_3001G533200	5	484
SORBI_3001G533300	5	485
SORBI_3001G533400	5	486
SORBI_3001G533500	5	487
SORBI_3001G533600	5	488
SORBI_3001G533700	5	489
SORBI_3001G533800	5	490
SORBI_3001G533900	5	491
SORBI_3001G534000	5	492
SORBI_3001G534066	5	493
SORBI_3001G534132	5	494
SORBI_3001G534200	5	495
SORBI_3001G534300	5	496
SORBI_3001G534400	5	497
SORBI_3001G534466	5	498
SORBI_3001G534532	5	499
SORBI_3001G534600	5	500
SORBI_3001G534700	5	501
SORBI_3001G534800	5	502
SORBI_3001G534900	5	503
SORBI_3001G535000	5	504
SORBI_3001G535100	5	505
SORBI_3001G535200	5	506
SORBI_3001G535300	5	507
SORBI_3001G535400	5	508
SORBI_3001G535500	5	509
SORBI_3001G535600	5	510
SORBI_3001G535601	5	511
SORBI_3001G535700	5	512
SORBI_3001G535800	5	513
SORBI_3001G535850	5	514
SORBI_3001G535900	5	515
SORBI_3001G536000	5	516
SORBI_3001G536100	5	517
SORBI_3001G536200	5	518
SORBI_3001G536300	5	519
SORBI_3001G536400	5	520
SORBI_3001G536500	5	521
SORBI_3001G536600	5	522
SORBI_3001G536700	5	523
SORBI_3001G536800	5	524
SORBI_3001G536901	5	525
SORBI_3001G537001	5	526
SORBI_3001G537100	5	527
SORBI_3001G537200	5	528
SORBI_3001G537300	5	529
SORBI_3001G537400	5	530
SORBI_3001G537500	5	531
SORBI_3001G537600	5	532
SORBI_3001G537700	5	533
SORBI_3001G537800	5	534
SORBI_3001G537900	5	535
SORBI_3001G538000	5	536
SORBI_3001G538100	5	537
SORBI_3001G538200	5	538
SORBI_3001G538275	5	539
SORBI_3001G538350	5	540
SORBI_3001G538425	5	541
SORBI_3001G538500	5	542
SORBI_3001G538600	5	543
SORBI_3001G538700	5	544
SORBI_3001G538800	5	545
SORBI_3001G538866	5	546
SORBI_3001G538932	5	547
SORBI_3001G539016	5	548
SORBI_3001G539100	5	549
SORBI_3001G539200	5	550
SORBI_3001G539300	5	551
SORBI_3001G539400	5	552
SORBI_3001G539500	5	553
SORBI_3001G539600	5	554
SORBI_3001G539700	5	555
SORBI_3001G539760	5	556
SORBI_3001G539820	5	557
SORBI_3001G539880	5	558
SORBI_3001G539940	5	559
SORBI_3001G540000	5	560
SORBI_3001G540100	5	561
SORBI_3001G540200	5	562
SORBI_3001G540250	5	563
SORBI_3001G540300	5	564
SORBI_3001G540400	5	565
SORBI_3001G540600	5	566
SORBI_3001G540700	5	567
SORBI_3001G540800	5	568
SORBI_3001G540900	5	569
SORBI_3001G541000	5	570
SORBI_3001G541100	5	571
SORBI_3001G541166	5	572
SORBI_3001G541232	5	573
SORBI_3001G541300	5	574
SORBI_3001G541400	5	575
SORBI_3001G541500	5	576
SORBI_3001G541601	5	577
SORBI_3001G541700	5	578
SORBI_3001G541800	5	579
SORBI_3001G541900	5	580
SORBI_3001G542000	5	581
SORBI_3001G542100	5	582
SORBI_3001G542150	5	583
SORBI_3001G542200	5	584
SORBI_3001G542300	5	585
SORBI_3001G542400	5	586
SORBI_3001G542450	5	587
SORBI_3001G542500	5	588
SORBI_3001G542600	5	589
SORBI_3001G542700	5	590
SORBI_3001G542800	5	591
SORBI_3001G542900	5	592
SORBI_3001G543000	5	593
SORBI_3001G543100	5	594
SORBI_3001G543200	5	595
SORBI_3001G543300	5	596
SORBI_3001G543400	5	597
SORBI_3001G543500	5	598
SORBI_3001G543600	5	599
SORBI_3001G543700	5	600
SORBI_3001G543800	5	601
SORBI_3001G543900	5	602
SORBI_3001G544000	5	603
SORBI_3001G544100	5	604
SORBI_3001G544200	5	605
SORBI_3001G544300	5	606
SORBI_3001G544400	5	607
SORBI_3001G544500	5	608
SORBI_3001G544600	5	609
SORBI_3002G000200	5	610
SORBI_3002G000300	5	611
SORBI_3002G000350	5	612
SORBI_3002G000400	5	613
SORBI_3002G000500	5	614
SORBI_3002G000600	5	615
SORBI_3002G000700	5	616
SORBI_3002G000800	5	617
SORBI_3002G000900	5	618
SORBI_3002G001000	5	619
SORBI_3002G001100	5	620
SORBI_3002G001200	5	621
SORBI_3002G001300	5	622
SORBI_3002G001400	5	623
SORBI_3002G001500	5	624
SORBI_3002G001600	5	625
SORBI_3002G001700	5	626
SORBI_3002G001800	5	627
SORBI_3002G001900	5	628
SORBI_3002G002000	5	629
SORBI_3002G002100	5	630
SORBI_3002G002200	5	631
SORBI_3002G002300	5	632
SORBI_3002G002400	5	633
SORBI_3002G002500	5	634
SORBI_3002G002600	5	635
SORBI_3002G002700	5	636
SORBI_3002G002800	5	637
SORBI_3002G002900	5	638
SORBI_3002G003000	5	639
SORBI_3002G003100	5	640
SORBI_3002G003200	5	641
SORBI_3002G003300	5	642
SORBI_3002G003400	5	643
SORBI_3002G003500	5	644
SORBI_3002G003601	5	645
SORBI_3002G003700	5	646
SORBI_3002G003800	5	647
SORBI_3002G003900	5	648
SORBI_3002G004000	5	649
SORBI_3002G004100	5	650
SORBI_3002G004200	5	651
SORBI_3002G004300	5	652
SORBI_3002G004400	5	653
SORBI_3002G004500	5	654
SORBI_3002G004600	5	655
SORBI_3002G004700	5	656
SORBI_3002G004800	5	657
SORBI_3002G004900	5	658
SORBI_3002G005000	5	659
SORBI_3002G005100	5	660
SORBI_3002G005200	5	661
SORBI_3002G005300	5	662
SORBI_3002G005400	5	663
SORBI_3002G005500	5	664
SORBI_3002G005600	5	665
SORBI_3002G005700	5	666
SORBI_3002G005800	5	667
SORBI_3002G005900	5	668
SORBI_3002G006001	5	669
SORBI_3002G006100	5	670
SORBI_3002G006200	5	671
SORBI_3002G006300	5	672
SORBI_3002G006401	5	673
SORBI_3002G006500	5	674
SORBI_3002G006600	5	675
SORBI_3002G006700	5	676
SORBI_3002G006801	5	677
SORBI_3002G006900	5	678
SORBI_3002G007000	5	679
SORBI_3002G007100	5	680
SORBI_3002G007200	5	681
SORBI_3002G007250	5	682
SORBI_3002G007300	5	683
SORBI_3002G007400	5	684
SORBI_3002G007500	5	685
SORBI_3002G007600	5	686
SORBI_3002G007700	5	687
SORBI_3002G007800	5	688
SORBI_3002G007900	5	689
SORBI_3002G008000	5	690
SORBI_3002G008100	5	691
SORBI_3002G008200	5	692
SORBI_3002G008300	5	693
SORBI_3002G008400	5	694
SORBI_3002G008500	5	695
SORBI_3002G008600	5	696
SORBI_3002G008701	5	697
SORBI_3002G008800	5	698
SORBI_3002G008900	5	699
SORBI_3002G009000	5	700
SORBI_3002G009100	5	701
SORBI_3002G009200	5	702
SORBI_3002G009300	5	703
SORBI_3002G009401	5	704
SORBI_3002G009500	5	705
SORBI_3002G009600	5	706
SORBI_3002G009700	5	707
SORBI_3002G009800	5	708
SORBI_3002G009900	5	709
SORBI_3002G010000	5	710
SORBI_3002G010100	5	711
SORBI_3002G010150	5	712
SORBI_3002G010200	5	713
SORBI_3002G010300	5	714
SORBI_3002G010400	5	715
SORBI_3002G010500	5	716
SORBI_3002G010600	5	717
SORBI_3002G010700	5	718
SORBI_3002G010800	5	719
SORBI_3002G010900	5	720
SORBI_3002G011000	5	721
SORBI_3002G011100	5	722
SORBI_3002G011200	5	723
SORBI_3002G011300	5	724
SORBI_3002G011400	5	725
SORBI_3002G011500	5	726
SORBI_3002G011600	5	727
SORBI_3002G011700	5	728
SORBI_3002G011800	5	729
SORBI_3002G011900	5	730
SORBI_3002G012000	5	731
SORBI_3002G012100	5	732
SORBI_3002G012200	5	733
SORBI_3002G012300	5	734
SORBI_3002G012350	5	735
SORBI_3002G012400	5	736
SORBI_3002G012500	5	737
SORBI_3002G012600	5	738
SORBI_3002G012650	5	739
SORBI_3002G012700	5	740
SORBI_3002G012800	5	741
SORBI_3002G012900	5	742
SORBI_3002G013000	5	743
SORBI_3002G013200	5	744
SORBI_3002G013300	5	745
SORBI_3002G013400	5	746
SORBI_3002G013500	5	747
SORBI_3002G013550	5	748
SORBI_3002G013600	5	749
SORBI_3002G013700	5	750
SORBI_3002G013800	5	751
SORBI_3002G013850	5	752
SORBI_3002G013900	5	753
SORBI_3002G013966	5	754
SORBI_3002G014032	5	755
SORBI_3002G014100	5	756
SORBI_3002G014200	5	757
SORBI_3002G014250	5	758
SORBI_3002G014300	5	759
SORBI_3002G014400	5	760
SORBI_3002G014500	5	761
SORBI_3002G014600	5	762
SORBI_3002G014700	5	763
SORBI_3002G014800	5	764
SORBI_3002G014900	5	765
SORBI_3002G015000	5	766
SORBI_3002G015100	5	767
SORBI_3002G015200	5	768
SORBI_3002G015266	5	769
SORBI_3002G015332	5	770
SORBI_3002G015400	5	771
SORBI_3002G015500	5	772
SORBI_3002G015600	5	773
SORBI_3002G015700	5	774
SORBI_3002G015800	5	775
SORBI_3002G015900	5	776
SORBI_3002G015950	5	777
SORBI_3002G016000	5	778
SORBI_3002G016100	5	779
SORBI_3002G016200	5	780
SORBI_3002G016250	5	781
SORBI_3002G016300	5	782
SORBI_3002G016400	5	783
SORBI_3002G016500	5	784
SORBI_3002G016600	5	785
SORBI_3002G016700	5	786
SORBI_3002G016800	5	787
SORBI_3002G016900	5	788
SORBI_3002G017000	5	789
SORBI_3002G017100	5	790
SORBI_3002G017201	5	791
SORBI_3002G017300	5	792
SORBI_3002G017400	5	793
SORBI_3002G017500	5	794
SORBI_3002G017600	5	795
SORBI_3002G017700	5	796
SORBI_3002G017750	5	797
SORBI_3002G017800	5	798
SORBI_3002G017900	5	799
SORBI_3002G018000	5	800
SORBI_3002G018100	5	801
SORBI_3002G018133	5	802
SORBI_3002G018166	5	803
SORBI_3002G018200	5	804
SORBI_3002G018250	5	805
SORBI_3002G018300	5	806
SORBI_3002G018400	5	807
SORBI_3002G018500	5	808
SORBI_3002G018600	5	809
SORBI_3002G018700	5	810
SORBI_3002G018800	5	811
SORBI_3002G018901	5	812
SORBI_3002G019000	5	813
SORBI_3002G019100	5	814
SORBI_3002G019200	5	815
SORBI_3002G019300	5	816
SORBI_3002G019400	5	817
SORBI_3002G019500	5	818
SORBI_3002G019600	5	819
SORBI_3002G019750	5	820
SORBI_3002G019900	5	821
SORBI_3002G020000	5	822
SORBI_3002G020100	5	823
SORBI_3002G020200	5	824
SORBI_3002G020301	5	825
SORBI_3002G020400	5	826
SORBI_3002G020500	5	827
SORBI_3002G020600	5	828
SORBI_3002G020700	5	829
SORBI_3002G020800	5	830
SORBI_3002G020900	5	831
SORBI_3002G020950	5	832
SORBI_3002G021000	5	833
SORBI_3002G021066	5	834
SORBI_3002G021132	5	835
SORBI_3002G021200	5	836
SORBI_3002G021300	5	837
SORBI_3002G021500	5	838
SORBI_3002G021600	5	839
SORBI_3002G021700	5	840
SORBI_3002G021900	5	841
SORBI_3002G022000	5	842
SORBI_3002G022100	5	843
SORBI_3002G022200	5	844
SORBI_3002G022300	5	845
SORBI_3002G022400	5	846
SORBI_3002G022500	5	847
SORBI_3002G022600	5	848
SORBI_3002G022700	5	849
SORBI_3002G022800	5	850
SORBI_3002G022900	5	851
SORBI_3002G023000	5	852
SORBI_3002G023100	5	853
SORBI_3002G023200	5	854
SORBI_3002G023300	5	855
SORBI_3002G023400	5	856
SORBI_3002G023500	5	857
SORBI_3002G023600	5	858
SORBI_3002G023700	5	859
SORBI_3002G023900	5	860
SORBI_3002G024000	5	861
SORBI_3002G024100	5	862
SORBI_3002G024200	5	863
SORBI_3002G024300	5	864
SORBI_3002G024400	5	865
SORBI_3002G024500	5	866
SORBI_3002G024650	5	867
SORBI_3002G024800	5	868
SORBI_3002G025000	5	869
SORBI_3002G025100	5	870
SORBI_3002G025200	5	871
SORBI_3002G025300	5	872
SORBI_3002G025400	5	873
SORBI_3002G025500	5	874
SORBI_3002G025600	5	875
SORBI_3002G025700	5	876
SORBI_3002G025900	5	877
SORBI_3002G026000	5	878
SORBI_3002G026100	5	879
SORBI_3002G026150	5	880
SORBI_3002G026200	5	881
SORBI_3002G026300	5	882
SORBI_3002G026500	5	883
SORBI_3002G026600	5	884
SORBI_3002G026700	5	885
SORBI_3002G026800	5	886
SORBI_3002G026900	5	887
SORBI_3002G027100	5	888
SORBI_3002G027166	5	889
SORBI_3002G027232	5	890
SORBI_3002G027300	5	891
SORBI_3002G027401	5	892
SORBI_3002G027500	5	893
SORBI_3002G027600	5	894
SORBI_3002G027700	5	895
SORBI_3002G027800	5	896
SORBI_3002G027901	5	897
SORBI_3002G028000	5	898
SORBI_3002G028100	5	899
SORBI_3002G028201	5	900
SORBI_3002G028300	5	901
SORBI_3002G028400	5	902
SORBI_3002G028500	5	903
SORBI_3002G028566	5	904
SORBI_3002G028632	5	905
SORBI_3002G028700	5	906
SORBI_3002G028800	5	907
SORBI_3002G028901	5	908
SORBI_3002G029000	5	909
SORBI_3002G029100	5	910
SORBI_3002G029200	5	911
SORBI_3002G029300	5	912
SORBI_3002G029400	5	913
SORBI_3002G029500	5	914
SORBI_3002G029600	5	915
SORBI_3002G029700	5	916
SORBI_3002G029800	5	917
SORBI_3002G029900	5	918
SORBI_3002G030001	5	919
SORBI_3002G030100	5	920
SORBI_3002G030200	5	921
SORBI_3002G030300	5	922
SORBI_3002G030400	5	923
SORBI_3002G030500	5	924
SORBI_3002G030575	5	925
SORBI_3002G030650	5	926
SORBI_3002G030725	5	927
SORBI_3002G030800	5	928
SORBI_3002G030900	5	929
SORBI_3002G031000	5	930
SORBI_3002G031100	5	931
SORBI_3002G031200	5	932
SORBI_3002G031301	5	933
SORBI_3002G031400	5	934
SORBI_3002G031500	5	935
SORBI_3002G031600	5	936
SORBI_3002G031700	5	937
SORBI_3002G031800	5	938
SORBI_3002G031900	5	939
SORBI_3002G032000	5	940
SORBI_3002G032033	5	941
SORBI_3002G032066	5	942
SORBI_3002G032100	5	943
SORBI_3002G032200	5	944
SORBI_3002G032400	5	945
SORBI_3002G032500	5	946
SORBI_3002G032700	5	947
SORBI_3002G032800	5	948
SORBI_3002G032900	5	949
SORBI_3002G033000	5	950
SORBI_3002G033100	5	951
SORBI_3002G033200	5	952
SORBI_3002G033300	5	953
SORBI_3002G033400	5	954
SORBI_3002G033500	5	955
SORBI_3002G033550	5	956
SORBI_3002G033600	5	957
SORBI_3002G033700	5	958
SORBI_3002G033800	5	959
SORBI_3002G033900	5	960
SORBI_3002G034100	5	961
SORBI_3002G034200	5	962
SORBI_3002G034301	5	963
SORBI_3002G034400	5	964
SORBI_3002G034500	5	965
SORBI_3002G034600	5	966
SORBI_3002G034700	5	967
SORBI_3002G034750	5	968
SORBI_3002G034800	5	969
SORBI_3002G034900	5	970
SORBI_3002G035000	5	971
SORBI_3002G035100	5	972
SORBI_3002G035200	5	973
SORBI_3002G035300	5	974
SORBI_3002G035400	5	975
SORBI_3002G035500	5	976
SORBI_3002G035600	5	977
SORBI_3002G035700	5	978
SORBI_3002G035733	5	979
SORBI_3002G035766	5	980
SORBI_3002G035800	5	981
SORBI_3002G035900	5	982
SORBI_3002G036000	5	983
SORBI_3002G036100	5	984
SORBI_3002G036150	5	985
SORBI_3002G036200	5	986
SORBI_3002G036300	5	987
SORBI_3002G036400	5	988
SORBI_3002G036500	5	989
SORBI_3002G036600	5	990
SORBI_3002G036800	5	991
SORBI_3002G036850	5	992
SORBI_3002G036900	5	993
SORBI_3002G037000	5	994
SORBI_3002G037200	5	995
SORBI_3002G037300	5	996
SORBI_3002G037400	5	997
SORBI_3002G037600	5	998
SORBI_3002G037700	5	999
SORBI_3002G037800	5	1000
SORBI_3002G037900	5	1001
SORBI_3002G038000	5	1002
SORBI_3002G038200	5	1003
SORBI_3002G038300	5	1004
SORBI_3002G038400	5	1005
SORBI_3002G038500	5	1006
SORBI_3002G038600	5	1007
SORBI_3002G038733	5	1008
SORBI_3002G038866	5	1009
SORBI_3002G039000	5	1010
SORBI_3002G039100	5	1011
SORBI_3002G039200	5	1012
SORBI_3002G039301	5	1013
SORBI_3002G039400	5	1014
SORBI_3002G039500	5	1015
SORBI_3002G039600	5	1016
SORBI_3002G039700	5	1017
SORBI_3002G039800	5	1018
SORBI_3002G039900	5	1019
SORBI_3002G040100	5	1020
SORBI_3002G040201	5	1021
SORBI_3002G040300	5	1022
SORBI_3002G040400	5	1023
SORBI_3002G040500	6	0
SORBI_3002G040550	6	1
SORBI_3002G040600	6	2
SORBI_3002G040700	6	3
SORBI_3002G040800	6	4
SORBI_3002G040900	6	5
SORBI_3002G041000	6	6
SORBI_3002G041100	6	7
SORBI_3002G041150	6	8
SORBI_3002G041200	6	9
SORBI_3002G041300	6	10
SORBI_3002G041333	6	11
SORBI_3002G041366	6	12
SORBI_3002G041400	6	13
SORBI_3002G041533	6	14
SORBI_3002G041666	6	15
SORBI_3002G041800	6	16
SORBI_3002G041900	6	17
SORBI_3002G042000	6	18
SORBI_3002G042100	6	19
SORBI_3002G042200	6	20
SORBI_3002G042300	6	21
SORBI_3002G042400	6	22
SORBI_3002G042500	6	23
SORBI_3002G042600	6	24
SORBI_3002G042700	6	25
SORBI_3002G042800	6	26
SORBI_3002G042900	6	27
SORBI_3002G043000	6	28
SORBI_3002G043100	6	29
SORBI_3002G043201	6	30
SORBI_3002G043300	6	31
SORBI_3002G043400	6	32
SORBI_3002G043500	6	33
SORBI_3002G043600	6	34
SORBI_3002G043700	6	35
SORBI_3002G043800	6	36
SORBI_3002G043900	6	37
SORBI_3002G044000	6	38
SORBI_3002G044100	6	39
SORBI_3002G044200	6	40
SORBI_3002G044300	6	41
SORBI_3002G044400	6	42
SORBI_3002G044500	6	43
SORBI_3002G044600	6	44
SORBI_3002G044700	6	45
SORBI_3002G044800	6	46
SORBI_3002G044900	6	47
SORBI_3002G045000	6	48
SORBI_3002G045100	6	49
SORBI_3002G045200	6	50
SORBI_3002G045300	6	51
SORBI_3002G045400	6	52
SORBI_3002G045600	6	53
SORBI_3002G045700	6	54
SORBI_3002G045800	6	55
SORBI_3002G045850	6	56
SORBI_3002G045900	6	57
SORBI_3002G046000	6	58
SORBI_3002G046100	6	59
SORBI_3002G046150	6	60
SORBI_3002G046200	6	61
SORBI_3002G046300	6	62
SORBI_3002G046400	6	63
SORBI_3002G046500	6	64
SORBI_3002G046600	6	65
SORBI_3002G046700	6	66
SORBI_3002G046800	6	67
SORBI_3002G046900	6	68
SORBI_3002G047000	6	69
SORBI_3002G047100	6	70
SORBI_3002G047300	6	71
SORBI_3002G047333	6	72
SORBI_3002G047366	6	73
SORBI_3002G047400	6	74
SORBI_3002G047500	6	75
SORBI_3002G047600	6	76
SORBI_3002G047700	6	77
SORBI_3002G047800	6	78
SORBI_3002G047900	6	79
SORBI_3002G048001	6	80
SORBI_3002G048100	6	81
SORBI_3002G048200	6	82
SORBI_3002G048250	6	83
SORBI_3002G048300	6	84
SORBI_3002G048501	6	85
SORBI_3002G048700	6	86
SORBI_3002G048800	6	87
SORBI_3002G048900	6	88
SORBI_3002G049000	6	89
SORBI_3002G049200	6	90
SORBI_3002G049300	6	91
SORBI_3002G049400	6	92
SORBI_3002G049500	6	93
SORBI_3002G049600	6	94
SORBI_3002G049700	6	95
SORBI_3002G049750	6	96
SORBI_3002G049800	6	97
SORBI_3002G049900	6	98
SORBI_3002G050000	6	99
SORBI_3002G050100	6	100
SORBI_3002G050200	6	101
SORBI_3002G050300	6	102
SORBI_3002G050400	6	103
SORBI_3002G050450	6	104
SORBI_3002G050500	6	105
SORBI_3002G050600	6	106
SORBI_3002G050700	6	107
SORBI_3002G050900	6	108
SORBI_3002G051000	6	109
SORBI_3002G051100	6	110
SORBI_3002G051200	6	111
SORBI_3002G051300	6	112
SORBI_3002G051400	6	113
SORBI_3002G051450	6	114
SORBI_3002G051500	6	115
SORBI_3002G051600	6	116
SORBI_3002G051700	6	117
SORBI_3002G051750	6	118
SORBI_3002G051800	6	119
SORBI_3002G051900	6	120
SORBI_3002G052000	6	121
SORBI_3002G052100	6	122
SORBI_3002G052300	6	123
SORBI_3002G052400	6	124
SORBI_3002G052500	6	125
SORBI_3002G052600	6	126
SORBI_3002G052700	6	127
SORBI_3002G052800	6	128
SORBI_3002G052900	6	129
SORBI_3002G053000	6	130
SORBI_3002G053100	6	131
SORBI_3002G053200	6	132
SORBI_3002G053201	6	133
SORBI_3002G053300	6	134
SORBI_3002G053350	6	135
SORBI_3002G053500	6	136
SORBI_3002G053600	6	137
SORBI_3002G053700	6	138
SORBI_3002G053800	6	139
SORBI_3002G053900	6	140
SORBI_3002G054000	6	141
SORBI_3002G054100	6	142
SORBI_3002G054200	6	143
SORBI_3002G054300	6	144
SORBI_3002G054400	6	145
SORBI_3002G054500	6	146
SORBI_3002G054600	6	147
SORBI_3002G054700	6	148
SORBI_3002G054800	6	149
SORBI_3002G054901	6	150
SORBI_3002G055000	6	151
SORBI_3002G055100	6	152
SORBI_3002G055200	6	153
SORBI_3002G055300	6	154
SORBI_3002G055400	6	155
SORBI_3002G055500	6	156
SORBI_3002G055600	6	157
SORBI_3002G055700	6	158
SORBI_3002G055800	6	159
SORBI_3002G055900	6	160
SORBI_3002G056000	6	161
SORBI_3002G056100	6	162
SORBI_3002G056200	6	163
SORBI_3002G056300	6	164
SORBI_3002G056400	6	165
SORBI_3002G056500	6	166
SORBI_3002G056600	6	167
SORBI_3002G056701	6	168
SORBI_3002G056800	6	169
SORBI_3002G056900	6	170
SORBI_3002G057050	6	171
SORBI_3002G057200	6	172
SORBI_3002G057300	6	173
SORBI_3002G057400	6	174
SORBI_3002G057500	6	175
SORBI_3002G057550	6	176
SORBI_3002G057600	6	177
SORBI_3002G057700	6	178
SORBI_3002G057800	6	179
SORBI_3002G057900	6	180
SORBI_3002G058000	6	181
SORBI_3002G058100	6	182
SORBI_3002G058200	6	183
SORBI_3002G058300	6	184
SORBI_3002G058400	6	185
SORBI_3002G058500	6	186
SORBI_3002G058600	6	187
SORBI_3002G058700	6	188
SORBI_3002G058900	6	189
SORBI_3002G059000	6	190
SORBI_3002G059100	6	191
SORBI_3002G059200	6	192
SORBI_3002G059300	6	193
SORBI_3002G059500	6	194
SORBI_3002G059600	6	195
SORBI_3002G059700	6	196
SORBI_3002G059800	6	197
SORBI_3002G059866	6	198
SORBI_3002G059932	6	199
SORBI_3002G060000	6	200
SORBI_3002G060101	6	201
SORBI_3002G060200	6	202
SORBI_3002G060400	6	203
SORBI_3002G060450	6	204
SORBI_3002G060500	6	205
SORBI_3002G060600	6	206
SORBI_3002G060700	6	207
SORBI_3002G060750	6	208
SORBI_3002G060800	6	209
SORBI_3002G060900	6	210
SORBI_3002G061000	6	211
SORBI_3002G061100	6	212
SORBI_3002G061200	6	213
SORBI_3002G061300	6	214
SORBI_3002G061400	6	215
SORBI_3002G061500	6	216
SORBI_3002G061600	6	217
SORBI_3002G061666	6	218
SORBI_3002G061732	6	219
SORBI_3002G061800	6	220
SORBI_3002G061900	6	221
SORBI_3002G062000	6	222
SORBI_3002G062100	6	223
SORBI_3002G062300	6	224
SORBI_3002G062350	6	225
SORBI_3002G062400	6	226
SORBI_3002G062500	6	227
SORBI_3002G062600	6	228
SORBI_3002G062700	6	229
SORBI_3002G062800	6	230
SORBI_3002G062900	6	231
SORBI_3002G063000	6	232
SORBI_3002G063201	6	233
SORBI_3002G063400	6	234
SORBI_3002G063500	6	235
SORBI_3002G063533	6	236
SORBI_3002G063566	6	237
SORBI_3002G063600	6	238
SORBI_3002G063700	6	239
SORBI_3002G063800	6	240
SORBI_3002G063850	6	241
SORBI_3002G063900	6	242
SORBI_3002G064000	6	243
SORBI_3002G064100	6	244
SORBI_3002G064200	6	245
SORBI_3002G064400	6	246
SORBI_3002G064450	6	247
SORBI_3002G064500	6	248
SORBI_3002G064600	6	249
SORBI_3002G064650	6	250
SORBI_3002G064700	6	251
SORBI_3002G064750	6	252
SORBI_3002G064800	6	253
SORBI_3002G064900	6	254
SORBI_3002G065000	6	255
SORBI_3002G065200	6	256
SORBI_3002G065300	6	257
SORBI_3002G065400	6	258
SORBI_3002G065500	6	259
SORBI_3002G065600	6	260
SORBI_3002G065700	6	261
SORBI_3002G065800	6	262
SORBI_3002G065900	6	263
SORBI_3002G066000	6	264
SORBI_3002G066100	6	265
SORBI_3002G066200	6	266
SORBI_3002G066300	6	267
SORBI_3002G066350	6	268
SORBI_3002G066400	6	269
SORBI_3002G066600	6	270
SORBI_3002G066700	6	271
SORBI_3002G066800	6	272
SORBI_3002G066901	6	273
SORBI_3002G067000	6	274
SORBI_3002G067050	6	275
SORBI_3002G067100	6	276
SORBI_3002G067200	6	277
SORBI_3002G067300	6	278
SORBI_3002G067400	6	279
SORBI_3002G067500	6	280
SORBI_3002G067600	6	281
SORBI_3002G067700	6	282
SORBI_3002G067800	6	283
SORBI_3002G067900	6	284
SORBI_3002G068000	6	285
SORBI_3002G068100	6	286
SORBI_3002G068300	6	287
SORBI_3002G068400	6	288
SORBI_3002G068500	6	289
SORBI_3002G068600	6	290
SORBI_3002G068701	6	291
SORBI_3002G068800	6	292
SORBI_3002G068900	6	293
SORBI_3002G069000	6	294
SORBI_3002G069050	6	295
SORBI_3002G069100	6	296
SORBI_3002G069166	6	297
SORBI_3002G069232	6	298
SORBI_3002G069300	6	299
SORBI_3002G069400	6	300
SORBI_3002G069500	6	301
SORBI_3002G069601	6	302
SORBI_3002G069700	6	303
SORBI_3002G069800	6	304
SORBI_3002G069900	6	305
SORBI_3002G070000	6	306
SORBI_3002G070100	6	307
SORBI_3002G070200	6	308
SORBI_3002G070300	6	309
SORBI_3002G070400	6	310
SORBI_3002G070500	6	311
SORBI_3002G070600	6	312
SORBI_3002G070700	6	313
SORBI_3002G070800	6	314
SORBI_3002G070901	6	315
SORBI_3002G071000	6	316
SORBI_3002G071100	6	317
SORBI_3002G071201	6	318
SORBI_3002G071300	6	319
SORBI_3002G071350	6	320
SORBI_3002G071400	6	321
SORBI_3002G071500	6	322
SORBI_3002G071600	6	323
SORBI_3002G071700	6	324
SORBI_3002G071850	6	325
SORBI_3002G072000	6	326
SORBI_3002G072050	6	327
SORBI_3002G072100	6	328
SORBI_3002G072200	6	329
SORBI_3002G072300	6	330
SORBI_3002G072400	6	331
SORBI_3002G072500	6	332
SORBI_3002G072600	6	333
SORBI_3002G072700	6	334
SORBI_3002G073000	6	335
SORBI_3002G073100	6	336
SORBI_3002G073200	6	337
SORBI_3002G073250	6	338
SORBI_3002G073300	6	339
SORBI_3002G073350	6	340
SORBI_3002G073400	6	341
SORBI_3002G073600	6	342
SORBI_3002G073700	6	343
SORBI_3002G073800	6	344
SORBI_3002G073900	6	345
SORBI_3002G074000	6	346
SORBI_3002G074100	6	347
SORBI_3002G074200	6	348
SORBI_3002G074300	6	349
SORBI_3002G074400	6	350
SORBI_3002G074500	6	351
SORBI_3002G074600	6	352
SORBI_3002G074700	6	353
SORBI_3002G074800	6	354
SORBI_3002G074900	6	355
SORBI_3002G075000	6	356
SORBI_3002G075100	6	357
SORBI_3002G075300	6	358
SORBI_3002G075400	6	359
SORBI_3002G075500	6	360
SORBI_3002G075600	6	361
SORBI_3002G075700	6	362
SORBI_3002G075800	6	363
SORBI_3002G075900	6	364
SORBI_3002G076000	6	365
SORBI_3002G076100	6	366
SORBI_3002G076200	6	367
SORBI_3002G076300	6	368
SORBI_3002G076350	6	369
SORBI_3002G076400	6	370
SORBI_3002G076450	6	371
SORBI_3002G076500	6	372
SORBI_3002G076600	6	373
SORBI_3002G076700	6	374
SORBI_3002G076800	6	375
SORBI_3002G076866	6	376
SORBI_3002G076932	6	377
SORBI_3002G077000	6	378
SORBI_3002G077100	6	379
SORBI_3002G077200	6	380
SORBI_3002G077400	6	381
SORBI_3002G077500	6	382
SORBI_3002G077600	6	383
SORBI_3002G077700	6	384
SORBI_3002G077900	6	385
SORBI_3002G078000	6	386
SORBI_3002G078100	6	387
SORBI_3002G078200	6	388
SORBI_3002G078300	6	389
SORBI_3002G078400	6	390
SORBI_3002G078500	6	391
SORBI_3002G078600	6	392
SORBI_3002G078700	6	393
SORBI_3002G078800	6	394
SORBI_3002G078850	6	395
SORBI_3002G078900	6	396
SORBI_3002G079000	6	397
SORBI_3002G079100	6	398
SORBI_3002G079200	6	399
SORBI_3002G079300	6	400
SORBI_3002G079400	6	401
SORBI_3002G079500	6	402
SORBI_3002G079700	6	403
SORBI_3002G079801	6	404
SORBI_3002G079900	6	405
SORBI_3002G080000	6	406
SORBI_3002G080100	6	407
SORBI_3002G080150	6	408
SORBI_3002G080200	6	409
SORBI_3002G080400	6	410
SORBI_3002G080450	6	411
SORBI_3002G080500	6	412
SORBI_3002G080600	6	413
SORBI_3002G080700	6	414
SORBI_3002G080900	6	415
SORBI_3002G081000	6	416
SORBI_3002G081050	6	417
SORBI_3002G081100	6	418
SORBI_3002G081300	6	419
SORBI_3002G081400	6	420
SORBI_3002G081500	6	421
SORBI_3002G081600	6	422
SORBI_3002G081700	6	423
SORBI_3002G081800	6	424
SORBI_3002G081850	6	425
SORBI_3002G081900	6	426
SORBI_3002G082000	6	427
SORBI_3002G082100	6	428
SORBI_3002G082300	6	429
SORBI_3002G082350	6	430
SORBI_3002G082400	6	431
SORBI_3002G082500	6	432
SORBI_3002G082600	6	433
SORBI_3002G082700	6	434
SORBI_3002G082800	6	435
SORBI_3002G082900	6	436
SORBI_3002G082950	6	437
SORBI_3002G083000	6	438
SORBI_3002G083100	6	439
SORBI_3002G083200	6	440
SORBI_3002G083266	6	441
SORBI_3002G083332	6	442
SORBI_3002G083400	6	443
SORBI_3002G083500	6	444
SORBI_3002G083600	6	445
SORBI_3002G083700	6	446
SORBI_3002G083800	6	447
SORBI_3002G083900	6	448
SORBI_3002G084100	6	449
SORBI_3002G084200	6	450
SORBI_3002G084300	6	451
SORBI_3002G084400	6	452
SORBI_3002G084500	6	453
SORBI_3002G084600	6	454
SORBI_3002G084700	6	455
SORBI_3002G084800	6	456
SORBI_3002G084900	6	457
SORBI_3002G085000	6	458
SORBI_3002G085100	6	459
SORBI_3002G085200	6	460
SORBI_3002G085300	6	461
SORBI_3002G085400	6	462
SORBI_3002G085500	6	463
SORBI_3002G085600	6	464
SORBI_3002G085700	6	465
SORBI_3002G085800	6	466
SORBI_3002G085900	6	467
SORBI_3002G086200	6	468
SORBI_3002G086300	6	469
SORBI_3002G086400	6	470
SORBI_3002G086500	6	471
SORBI_3002G086700	6	472
SORBI_3002G086800	6	473
SORBI_3002G086900	6	474
SORBI_3002G087000	6	475
SORBI_3002G087200	6	476
SORBI_3002G087400	6	477
SORBI_3002G087500	6	478
SORBI_3002G087600	6	479
SORBI_3002G087700	6	480
SORBI_3002G087800	6	481
SORBI_3002G087900	6	482
SORBI_3002G088000	6	483
SORBI_3002G088100	6	484
SORBI_3002G088200	6	485
SORBI_3002G088300	6	486
SORBI_3002G088400	6	487
SORBI_3002G088500	6	488
SORBI_3002G088600	6	489
SORBI_3002G088700	6	490
SORBI_3002G088800	6	491
SORBI_3002G088900	6	492
SORBI_3002G089100	6	493
SORBI_3002G089200	6	494
SORBI_3002G089300	6	495
SORBI_3002G089400	6	496
SORBI_3002G089500	6	497
SORBI_3002G089600	6	498
SORBI_3002G089700	6	499
SORBI_3002G089900	6	500
SORBI_3002G090100	6	501
SORBI_3002G090200	6	502
SORBI_3002G090300	6	503
SORBI_3002G090400	6	504
SORBI_3002G090500	6	505
SORBI_3002G090600	6	506
SORBI_3002G090700	6	507
SORBI_3002G090800	6	508
SORBI_3002G090900	6	509
SORBI_3002G091000	6	510
SORBI_3002G091100	6	511
SORBI_3002G091200	6	512
SORBI_3002G091300	6	513
SORBI_3002G091400	6	514
SORBI_3002G091500	6	515
SORBI_3002G091600	6	516
SORBI_3002G091700	6	517
SORBI_3002G091800	6	518
SORBI_3002G091900	6	519
SORBI_3002G092050	6	520
SORBI_3002G092200	6	521
SORBI_3002G092300	6	522
SORBI_3002G092400	6	523
SORBI_3002G092500	6	524
SORBI_3002G092600	6	525
SORBI_3002G092700	6	526
SORBI_3002G092801	6	527
SORBI_3002G092901	6	528
SORBI_3002G093000	6	529
SORBI_3002G093150	6	530
SORBI_3002G093300	6	531
SORBI_3002G093400	6	532
SORBI_3002G093500	6	533
SORBI_3002G093600	6	534
SORBI_3002G093700	6	535
SORBI_3002G093800	6	536
SORBI_3002G093900	6	537
SORBI_3002G094000	6	538
SORBI_3002G094100	6	539
SORBI_3002G094400	6	540
SORBI_3002G094500	6	541
SORBI_3002G094600	6	542
SORBI_3002G094700	6	543
SORBI_3002G094800	6	544
SORBI_3002G094900	6	545
SORBI_3002G095000	6	546
SORBI_3002G095100	6	547
SORBI_3002G095200	6	548
SORBI_3002G095300	6	549
SORBI_3002G095400	6	550
SORBI_3002G095600	6	551
SORBI_3002G095700	6	552
SORBI_3002G095800	6	553
SORBI_3002G095900	6	554
SORBI_3002G096000	6	555
SORBI_3002G096101	6	556
SORBI_3002G096201	6	557
SORBI_3002G096300	6	558
SORBI_3002G096400	6	559
SORBI_3002G096501	6	560
SORBI_3002G096600	6	561
SORBI_3002G096700	6	562
SORBI_3002G096800	6	563
SORBI_3002G096900	6	564
SORBI_3002G097000	6	565
SORBI_3002G097100	6	566
SORBI_3002G097200	6	567
SORBI_3002G097300	6	568
SORBI_3002G097400	6	569
SORBI_3002G097500	6	570
SORBI_3002G097601	6	571
SORBI_3002G097700	6	572
SORBI_3002G097900	6	573
SORBI_3002G098000	6	574
SORBI_3002G098050	6	575
SORBI_3002G098100	6	576
SORBI_3002G098200	6	577
SORBI_3002G098300	6	578
SORBI_3002G098400	6	579
SORBI_3002G098450	6	580
SORBI_3002G098500	6	581
SORBI_3002G098600	6	582
SORBI_3002G098701	6	583
SORBI_3002G098800	6	584
SORBI_3002G098850	6	585
SORBI_3002G098900	6	586
SORBI_3002G099000	6	587
SORBI_3002G099100	6	588
SORBI_3002G099200	6	589
SORBI_3002G099300	6	590
SORBI_3002G099350	6	591
SORBI_3002G099401	6	592
SORBI_3002G099451	6	593
SORBI_3002G099500	6	594
SORBI_3002G099600	6	595
SORBI_3002G099700	6	596
SORBI_3002G099800	6	597
SORBI_3002G099866	6	598
SORBI_3002G099932	6	599
SORBI_3002G100000	6	600
SORBI_3002G100100	6	601
SORBI_3002G100200	6	602
SORBI_3002G100300	6	603
SORBI_3002G100600	6	604
SORBI_3002G100700	6	605
SORBI_3002G100766	6	606
SORBI_3002G100832	6	607
SORBI_3002G100900	6	608
SORBI_3002G100950	6	609
SORBI_3002G101000	6	610
SORBI_3002G101100	6	611
SORBI_3002G101200	6	612
SORBI_3002G101300	6	613
SORBI_3002G101400	6	614
SORBI_3002G101500	6	615
SORBI_3002G101550	6	616
SORBI_3002G101600	6	617
SORBI_3002G101700	6	618
SORBI_3002G101800	6	619
SORBI_3002G101900	6	620
SORBI_3002G102000	6	621
SORBI_3002G102066	6	622
SORBI_3002G102132	6	623
SORBI_3002G102200	6	624
SORBI_3002G102300	6	625
SORBI_3002G102500	6	626
SORBI_3002G102600	6	627
SORBI_3002G102700	6	628
SORBI_3002G102800	6	629
SORBI_3002G102900	6	630
SORBI_3002G103000	6	631
SORBI_3002G103100	6	632
SORBI_3002G103200	6	633
SORBI_3002G103400	6	634
SORBI_3002G103500	6	635
SORBI_3002G103600	6	636
SORBI_3002G103700	6	637
SORBI_3002G103800	6	638
SORBI_3002G103900	6	639
SORBI_3002G104000	6	640
SORBI_3002G104050	6	641
SORBI_3002G104100	6	642
SORBI_3002G104200	6	643
SORBI_3002G104300	6	644
SORBI_3002G104400	6	645
SORBI_3002G104450	6	646
SORBI_3002G104500	6	647
SORBI_3002G104600	6	648
SORBI_3002G104700	6	649
SORBI_3002G104801	6	650
SORBI_3002G104900	6	651
SORBI_3002G105000	6	652
SORBI_3002G105101	6	653
SORBI_3002G105200	6	654
SORBI_3002G105250	6	655
SORBI_3002G105300	6	656
SORBI_3002G105350	6	657
SORBI_3002G105400	6	658
SORBI_3002G105501	6	659
SORBI_3002G105600	6	660
SORBI_3002G105700	6	661
SORBI_3002G105800	6	662
SORBI_3002G105900	6	663
SORBI_3002G106000	6	664
SORBI_3002G106100	6	665
SORBI_3002G106200	6	666
SORBI_3002G106600	6	667
SORBI_3002G106700	6	668
SORBI_3002G106800	6	669
SORBI_3002G106900	6	670
SORBI_3002G107000	6	671
SORBI_3002G107200	6	672
SORBI_3002G107400	6	673
SORBI_3002G107466	6	674
SORBI_3002G107532	6	675
SORBI_3002G107600	6	676
SORBI_3002G107700	6	677
SORBI_3002G107800	6	678
SORBI_3002G107900	6	679
SORBI_3002G108000	6	680
SORBI_3002G108100	6	681
SORBI_3002G108200	6	682
SORBI_3002G108300	6	683
SORBI_3002G108400	6	684
SORBI_3002G108450	6	685
SORBI_3002G108500	6	686
SORBI_3002G108600	6	687
SORBI_3002G108700	6	688
SORBI_3002G108800	6	689
SORBI_3002G108900	6	690
SORBI_3002G109000	6	691
SORBI_3002G109100	6	692
SORBI_3002G109200	6	693
SORBI_3002G109300	6	694
SORBI_3002G109400	6	695
SORBI_3002G109500	6	696
SORBI_3002G109600	6	697
SORBI_3002G109700	6	698
SORBI_3002G109800	6	699
SORBI_3002G109900	6	700
SORBI_3002G110000	6	701
SORBI_3002G110100	6	702
SORBI_3002G110200	6	703
SORBI_3002G110300	6	704
SORBI_3002G110400	6	705
SORBI_3002G110500	6	706
SORBI_3002G110600	6	707
SORBI_3002G110700	6	708
SORBI_3002G110800	6	709
SORBI_3002G111000	6	710
SORBI_3002G111100	6	711
SORBI_3002G111200	6	712
SORBI_3002G111300	6	713
SORBI_3002G111400	6	714
SORBI_3002G111500	6	715
SORBI_3002G111600	6	716
SORBI_3002G111700	6	717
SORBI_3002G111800	6	718
SORBI_3002G111900	6	719
SORBI_3002G112000	6	720
SORBI_3002G112100	6	721
SORBI_3002G112200	6	722
SORBI_3002G112300	6	723
SORBI_3002G112400	6	724
SORBI_3002G112500	6	725
SORBI_3002G112600	6	726
SORBI_3002G112700	6	727
SORBI_3002G112850	6	728
SORBI_3002G113000	6	729
SORBI_3002G113033	6	730
SORBI_3002G113066	6	731
SORBI_3002G113100	6	732
SORBI_3002G113200	6	733
SORBI_3002G113300	6	734
SORBI_3002G113400	6	735
SORBI_3002G113500	6	736
SORBI_3002G113600	6	737
SORBI_3002G113700	6	738
SORBI_3002G113800	6	739
SORBI_3002G113900	6	740
SORBI_3002G114000	6	741
SORBI_3002G114100	6	742
SORBI_3002G114150	6	743
SORBI_3002G114200	6	744
SORBI_3002G114300	6	745
SORBI_3002G114400	6	746
SORBI_3002G114501	6	747
SORBI_3002G114600	6	748
SORBI_3002G114700	6	749
SORBI_3002G114800	6	750
SORBI_3002G114900	6	751
SORBI_3002G115000	6	752
SORBI_3002G115025	6	753
SORBI_3002G115050	6	754
SORBI_3002G115075	6	755
SORBI_3002G115100	6	756
SORBI_3002G115200	6	757
SORBI_3002G115300	6	758
SORBI_3002G115400	6	759
SORBI_3002G115500	6	760
SORBI_3002G115600	6	761
SORBI_3002G115700	6	762
SORBI_3002G115801	6	763
SORBI_3002G115900	6	764
SORBI_3002G116000	6	765
SORBI_3002G116100	6	766
SORBI_3002G116200	6	767
SORBI_3002G116300	6	768
SORBI_3002G116400	6	769
SORBI_3002G116500	6	770
SORBI_3002G116600	6	771
SORBI_3002G116700	6	772
SORBI_3002G116800	6	773
SORBI_3002G116900	6	774
SORBI_3002G117000	6	775
SORBI_3002G117100	6	776
SORBI_3002G117200	6	777
SORBI_3002G117300	6	778
SORBI_3002G117400	6	779
SORBI_3002G117500	6	780
SORBI_3002G117600	6	781
SORBI_3002G117700	6	782
SORBI_3002G117800	6	783
SORBI_3002G117850	6	784
SORBI_3002G117900	6	785
SORBI_3002G118000	6	786
SORBI_3002G118101	6	787
SORBI_3002G118200	6	788
SORBI_3002G118300	6	789
SORBI_3002G118400	6	790
SORBI_3002G118500	6	791
SORBI_3002G118600	6	792
SORBI_3002G118700	6	793
SORBI_3002G118801	6	794
SORBI_3002G118900	6	795
SORBI_3002G119000	6	796
SORBI_3002G119100	6	797
SORBI_3002G119200	6	798
SORBI_3002G119400	6	799
SORBI_3002G119500	6	800
SORBI_3002G119600	6	801
SORBI_3002G119700	6	802
SORBI_3002G119800	6	803
SORBI_3002G119900	6	804
SORBI_3002G120100	6	805
SORBI_3002G120200	6	806
SORBI_3002G120250	6	807
SORBI_3002G120300	6	808
SORBI_3002G120400	6	809
SORBI_3002G120501	6	810
SORBI_3002G120601	6	811
SORBI_3002G120700	6	812
SORBI_3002G120800	6	813
SORBI_3002G120850	6	814
SORBI_3002G120900	6	815
SORBI_3002G121000	6	816
SORBI_3002G121050	6	817
SORBI_3002G121100	6	818
SORBI_3002G121201	6	819
SORBI_3002G121300	6	820
SORBI_3002G121450	6	821
SORBI_3002G121600	6	822
SORBI_3002G121701	6	823
SORBI_3002G121800	6	824
SORBI_3002G121900	6	825
SORBI_3002G122000	6	826
SORBI_3002G122100	6	827
SORBI_3002G122200	6	828
SORBI_3002G122300	6	829
SORBI_3002G122400	6	830
SORBI_3002G122500	6	831
SORBI_3002G122600	6	832
SORBI_3002G122700	6	833
SORBI_3002G122800	6	834
SORBI_3002G122900	6	835
SORBI_3002G123000	6	836
SORBI_3002G123100	6	837
SORBI_3002G123200	6	838
SORBI_3002G123300	6	839
SORBI_3002G123400	6	840
SORBI_3002G123500	6	841
SORBI_3002G123600	6	842
SORBI_3002G123700	6	843
SORBI_3002G123750	6	844
SORBI_3002G123800	6	845
SORBI_3002G123900	6	846
SORBI_3002G124100	6	847
SORBI_3002G124200	6	848
SORBI_3002G124400	6	849
SORBI_3002G124450	6	850
SORBI_3002G124500	6	851
SORBI_3002G124600	6	852
SORBI_3002G124700	6	853
SORBI_3002G124766	6	854
SORBI_3002G124832	6	855
SORBI_3002G124900	6	856
SORBI_3002G125000	6	857
SORBI_3002G125100	6	858
SORBI_3002G125200	6	859
SORBI_3002G125300	6	860
SORBI_3002G125400	6	861
SORBI_3002G125500	6	862
SORBI_3002G125600	6	863
SORBI_3002G125700	6	864
SORBI_3002G125800	6	865
SORBI_3002G125900	6	866
SORBI_3002G126000	6	867
SORBI_3002G126100	6	868
SORBI_3002G126200	6	869
SORBI_3002G126300	6	870
SORBI_3002G126400	6	871
SORBI_3002G126500	6	872
SORBI_3002G126600	6	873
SORBI_3002G126700	6	874
SORBI_3002G126800	6	875
SORBI_3002G126900	6	876
SORBI_3002G127100	6	877
SORBI_3002G127200	6	878
SORBI_3002G127300	6	879
SORBI_3002G127400	6	880
SORBI_3002G127550	6	881
SORBI_3002G127700	6	882
SORBI_3002G127800	6	883
SORBI_3002G127900	6	884
SORBI_3002G128000	6	885
SORBI_3002G128101	6	886
SORBI_3002G128200	6	887
SORBI_3002G128300	6	888
SORBI_3002G128400	6	889
SORBI_3002G128500	6	890
SORBI_3002G128600	6	891
SORBI_3002G128700	6	892
SORBI_3002G128750	6	893
SORBI_3002G128800	6	894
SORBI_3002G128900	6	895
SORBI_3002G129000	6	896
SORBI_3002G129100	6	897
SORBI_3002G129200	6	898
SORBI_3002G129300	6	899
SORBI_3002G129400	6	900
SORBI_3002G129500	6	901
SORBI_3002G129600	6	902
SORBI_3002G129700	6	903
SORBI_3002G129800	6	904
SORBI_3002G129900	6	905
SORBI_3002G130000	6	906
SORBI_3002G130101	6	907
SORBI_3002G130200	6	908
SORBI_3002G130350	6	909
SORBI_3002G130500	6	910
SORBI_3002G130601	6	911
SORBI_3002G130700	6	912
SORBI_3002G130800	6	913
SORBI_3002G130900	6	914
SORBI_3002G131000	6	915
SORBI_3002G131100	6	916
SORBI_3002G131200	6	917
SORBI_3002G131300	6	918
SORBI_3002G131400	6	919
SORBI_3002G131500	6	920
SORBI_3002G131600	6	921
SORBI_3002G131700	6	922
SORBI_3002G131800	6	923
SORBI_3002G131900	6	924
SORBI_3002G132000	6	925
SORBI_3002G132100	6	926
SORBI_3002G132201	6	927
SORBI_3002G132300	6	928
SORBI_3002G132400	6	929
SORBI_3002G132500	6	930
SORBI_3002G132600	6	931
SORBI_3002G132701	6	932
SORBI_3002G132801	6	933
SORBI_3002G132900	6	934
SORBI_3002G133000	6	935
SORBI_3002G133100	6	936
SORBI_3002G133150	6	937
SORBI_3002G133200	6	938
SORBI_3002G133300	6	939
SORBI_3002G133350	6	940
SORBI_3002G133400	6	941
SORBI_3002G133600	6	942
SORBI_3002G133700	6	943
SORBI_3002G133800	6	944
SORBI_3002G133900	6	945
SORBI_3002G134001	6	946
SORBI_3002G134100	6	947
SORBI_3002G134200	6	948
SORBI_3002G134250	6	949
SORBI_3002G134300	6	950
SORBI_3002G134400	6	951
SORBI_3002G134600	6	952
SORBI_3002G134700	6	953
SORBI_3002G134800	6	954
SORBI_3002G134900	6	955
SORBI_3002G135000	6	956
SORBI_3002G135100	6	957
SORBI_3002G135200	6	958
SORBI_3002G135300	6	959
SORBI_3002G135400	6	960
SORBI_3002G135500	6	961
SORBI_3002G135600	6	962
SORBI_3002G135700	6	963
SORBI_3002G135750	6	964
SORBI_3002G135800	6	965
SORBI_3002G135950	6	966
SORBI_3002G136100	6	967
SORBI_3002G136200	6	968
SORBI_3002G136300	6	969
SORBI_3002G136400	6	970
SORBI_3002G136500	6	971
SORBI_3002G136600	6	972
SORBI_3002G136700	6	973
SORBI_3002G136800	6	974
SORBI_3002G136900	6	975
SORBI_3002G137000	6	976
SORBI_3002G137100	6	977
SORBI_3002G137200	6	978
SORBI_3002G137300	6	979
SORBI_3002G137400	6	980
SORBI_3002G137601	6	981
SORBI_3002G137800	6	982
SORBI_3002G137850	6	983
SORBI_3002G137900	6	984
SORBI_3002G138000	6	985
SORBI_3002G138100	6	986
SORBI_3002G138200	6	987
SORBI_3002G138300	6	988
SORBI_3002G138400	6	989
SORBI_3002G138500	6	990
SORBI_3002G138600	6	991
SORBI_3002G138700	6	992
SORBI_3002G138800	6	993
SORBI_3002G138900	6	994
SORBI_3002G139000	6	995
SORBI_3002G139100	6	996
SORBI_3002G139200	6	997
SORBI_3002G139300	6	998
SORBI_3002G139400	6	999
SORBI_3002G139600	6	1000
SORBI_3002G139700	6	1001
SORBI_3002G139750	6	1002
SORBI_3002G139800	6	1003
SORBI_3002G139900	6	1004
SORBI_3002G140000	6	1005
SORBI_3002G140100	6	1006
SORBI_3002G140200	6	1007
SORBI_3002G140300	6	1008
SORBI_3002G140400	6	1009
SORBI_3002G140500	6	1010
SORBI_3002G140600	6	1011
SORBI_3002G140700	6	1012
SORBI_3002G140800	6	1013
SORBI_3002G140900	6	1014
SORBI_3002G141000	6	1015
SORBI_3002G141050	6	1016
SORBI_3002G141100	6	1017
SORBI_3002G141200	6	1018
SORBI_3002G141300	6	1019
SORBI_3002G141450	6	1020
SORBI_3002G141600	6	1021
SORBI_3002G141700	6	1022
SORBI_3002G141800	6	1023
SORBI_3002G141900	7	0
SORBI_3002G142000	7	1
SORBI_3002G142066	7	2
SORBI_3002G142132	7	3
SORBI_3002G142200	7	4
SORBI_3002G142300	7	5
SORBI_3002G142350	7	6
SORBI_3002G142400	7	7
SORBI_3002G142500	7	8
SORBI_3002G142550	7	9
SORBI_3002G142600	7	10
SORBI_3002G142700	7	11
SORBI_3002G142900	7	12
SORBI_3002G142950	7	13
SORBI_3002G143000	7	14
SORBI_3002G143100	7	15
SORBI_3002G143200	7	16
SORBI_3002G143300	7	17
SORBI_3002G143450	7	18
SORBI_3002G143500	7	19
SORBI_3002G143600	7	20
SORBI_3002G143700	7	21
SORBI_3002G143766	7	22
SORBI_3002G143832	7	23
SORBI_3002G143900	7	24
SORBI_3002G144025	7	25
SORBI_3002G144150	7	26
SORBI_3002G144275	7	27
SORBI_3002G144400	7	28
SORBI_3002G144500	7	29
SORBI_3002G144600	7	30
SORBI_3002G144666	7	31
SORBI_3002G144732	7	32
SORBI_3002G144800	7	33
SORBI_3002G144850	7	34
SORBI_3002G144900	7	35
SORBI_3002G144933	7	36
SORBI_3002G144966	7	37
SORBI_3002G145000	7	38
SORBI_3002G145101	7	39
SORBI_3002G145200	7	40
SORBI_3002G145300	7	41
SORBI_3002G145400	7	42
SORBI_3002G145500	7	43
SORBI_3002G145550	7	44
SORBI_3002G145600	7	45
SORBI_3002G145800	7	46
SORBI_3002G146000	7	47
SORBI_3002G146100	7	48
SORBI_3002G146200	7	49
SORBI_3002G146300	7	50
SORBI_3002G146400	7	51
SORBI_3002G146501	7	52
SORBI_3002G146601	7	53
SORBI_3002G146701	7	54
SORBI_3002G146800	7	55
SORBI_3002G146900	7	56
SORBI_3002G147100	7	57
SORBI_3002G147200	7	58
SORBI_3002G147300	7	59
SORBI_3002G147350	7	60
SORBI_3002G147400	7	61
SORBI_3002G147433	7	62
SORBI_3002G147466	7	63
SORBI_3002G147500	7	64
SORBI_3002G147550	7	65
SORBI_3002G147600	7	66
SORBI_3002G147900	7	67
SORBI_3002G148000	7	68
SORBI_3002G148100	7	69
SORBI_3002G148166	7	70
SORBI_3002G148232	7	71
SORBI_3002G148300	7	72
SORBI_3002G148350	7	73
SORBI_3002G148400	7	74
SORBI_3002G148550	7	75
SORBI_3002G148700	7	76
SORBI_3002G148750	7	77
SORBI_3002G148801	7	78
SORBI_3002G148851	7	79
SORBI_3002G148900	7	80
SORBI_3002G149000	7	81
SORBI_3002G149101	7	82
SORBI_3002G149200	7	83
SORBI_3002G149300	7	84
SORBI_3002G149500	7	85
SORBI_3002G149550	7	86
SORBI_3002G149600	7	87
SORBI_3002G149900	7	88
SORBI_3002G149966	7	89
SORBI_3002G150032	7	90
SORBI_3002G150100	7	91
SORBI_3002G150200	7	92
SORBI_3002G150301	7	93
SORBI_3002G150400	7	94
SORBI_3002G150550	7	95
SORBI_3002G150700	7	96
SORBI_3002G150733	7	97
SORBI_3002G150766	7	98
SORBI_3002G150800	7	99
SORBI_3002G150866	7	100
SORBI_3002G150932	7	101
SORBI_3002G151000	7	102
SORBI_3002G151200	7	103
SORBI_3002G151300	7	104
SORBI_3002G151400	7	105
SORBI_3002G151500	7	106
SORBI_3002G151600	7	107
SORBI_3002G151700	7	108
SORBI_3002G151800	7	109
SORBI_3002G151900	7	110
SORBI_3002G152000	7	111
SORBI_3002G152100	7	112
SORBI_3002G152200	7	113
SORBI_3002G152300	7	114
SORBI_3002G152400	7	115
SORBI_3002G152600	7	116
SORBI_3002G152700	7	117
SORBI_3002G152800	7	118
SORBI_3002G152900	7	119
SORBI_3002G153000	7	120
SORBI_3002G153050	7	121
SORBI_3002G153100	7	122
SORBI_3002G153200	7	123
SORBI_3002G153400	7	124
SORBI_3002G153500	7	125
SORBI_3002G153600	7	126
SORBI_3002G153700	7	127
SORBI_3002G153800	7	128
SORBI_3002G153900	7	129
SORBI_3002G154000	7	130
SORBI_3002G154100	7	131
SORBI_3002G154300	7	132
SORBI_3002G154400	7	133
SORBI_3002G154450	7	134
SORBI_3002G154501	7	135
SORBI_3002G154551	7	136
SORBI_3002G154600	7	137
SORBI_3002G154700	7	138
SORBI_3002G154750	7	139
SORBI_3002G154800	7	140
SORBI_3002G154900	7	141
SORBI_3002G155000	7	142
SORBI_3002G155100	7	143
SORBI_3002G155200	7	144
SORBI_3002G155301	7	145
SORBI_3002G155400	7	146
SORBI_3002G155500	7	147
SORBI_3002G155700	7	148
SORBI_3002G155800	7	149
SORBI_3002G155900	7	150
SORBI_3002G156000	7	151
SORBI_3002G156100	7	152
SORBI_3002G156200	7	153
SORBI_3002G156300	7	154
SORBI_3002G156400	7	155
SORBI_3002G156500	7	156
SORBI_3002G156601	7	157
SORBI_3002G156700	7	158
SORBI_3002G156750	7	159
SORBI_3002G156800	7	160
SORBI_3002G156900	7	161
SORBI_3002G157000	7	162
SORBI_3002G157050	7	163
SORBI_3002G157100	7	164
SORBI_3002G157200	7	165
SORBI_3002G157300	7	166
SORBI_3002G157350	7	167
SORBI_3002G157400	7	168
SORBI_3002G157500	7	169
SORBI_3002G157600	7	170
SORBI_3002G157800	7	171
SORBI_3002G157900	7	172
SORBI_3002G157950	7	173
SORBI_3002G158000	7	174
SORBI_3002G158150	7	175
SORBI_3002G158300	7	176
SORBI_3002G158401	7	177
SORBI_3002G158500	7	178
SORBI_3002G158600	7	179
SORBI_3002G158700	7	180
SORBI_3002G158800	7	181
SORBI_3002G158900	7	182
SORBI_3002G159000	7	183
SORBI_3002G159100	7	184
SORBI_3002G159200	7	185
SORBI_3002G159300	7	186
SORBI_3002G159400	7	187
SORBI_3002G159500	7	188
SORBI_3002G159700	7	189
SORBI_3002G159750	7	190
SORBI_3002G159800	7	191
SORBI_3002G159900	7	192
SORBI_3002G160001	7	193
SORBI_3002G160100	7	194
SORBI_3002G160200	7	195
SORBI_3002G160300	7	196
SORBI_3002G160400	7	197
SORBI_3002G160500	7	198
SORBI_3002G160600	7	199
SORBI_3002G160700	7	200
SORBI_3002G160800	7	201
SORBI_3002G160901	7	202
SORBI_3002G161000	7	203
SORBI_3002G161100	7	204
SORBI_3002G161200	7	205
SORBI_3002G161400	7	206
SORBI_3002G161600	7	207
SORBI_3002G161700	7	208
SORBI_3002G161800	7	209
SORBI_3002G161900	7	210
SORBI_3002G162000	7	211
SORBI_3002G162100	7	212
SORBI_3002G162200	7	213
SORBI_3002G162300	7	214
SORBI_3002G162400	7	215
SORBI_3002G162450	7	216
SORBI_3002G162500	7	217
SORBI_3002G162601	7	218
SORBI_3002G162701	7	219
SORBI_3002G162800	7	220
SORBI_3002G162900	7	221
SORBI_3002G163000	7	222
SORBI_3002G163100	7	223
SORBI_3002G163200	7	224
SORBI_3002G163301	7	225
SORBI_3002G163400	7	226
SORBI_3002G163500	7	227
SORBI_3002G163600	7	228
SORBI_3002G163700	7	229
SORBI_3002G163950	7	230
SORBI_3002G164200	7	231
SORBI_3002G164300	7	232
SORBI_3002G164400	7	233
SORBI_3002G164600	7	234
SORBI_3002G164700	7	235
SORBI_3002G164800	7	236
SORBI_3002G164833	7	237
SORBI_3002G164866	7	238
SORBI_3002G164900	7	239
SORBI_3002G164960	7	240
SORBI_3002G165020	7	241
SORBI_3002G165080	7	242
SORBI_3002G165140	7	243
SORBI_3002G165200	7	244
SORBI_3002G165300	7	245
SORBI_3002G165401	7	246
SORBI_3002G165500	7	247
SORBI_3002G165600	7	248
SORBI_3002G165700	7	249
SORBI_3002G165800	7	250
SORBI_3002G165900	7	251
SORBI_3002G166000	7	252
SORBI_3002G166150	7	253
SORBI_3002G166300	7	254
SORBI_3002G166400	7	255
SORBI_3002G166500	7	256
SORBI_3002G166600	7	257
SORBI_3002G166700	7	258
SORBI_3002G166800	7	259
SORBI_3002G166900	7	260
SORBI_3002G167000	7	261
SORBI_3002G167100	7	262
SORBI_3002G167200	7	263
SORBI_3002G167250	7	264
SORBI_3002G167300	7	265
SORBI_3002G167400	7	266
SORBI_3002G167500	7	267
SORBI_3002G167600	7	268
SORBI_3002G167700	7	269
SORBI_3002G167800	7	270
SORBI_3002G168000	7	271
SORBI_3002G168100	7	272
SORBI_3002G168150	7	273
SORBI_3002G168200	7	274
SORBI_3002G168300	7	275
SORBI_3002G168400	7	276
SORBI_3002G168500	7	277
SORBI_3002G168550	7	278
SORBI_3002G168600	7	279
SORBI_3002G168650	7	280
SORBI_3002G168700	7	281
SORBI_3002G168750	7	282
SORBI_3002G168800	7	283
SORBI_3002G169000	7	284
SORBI_3002G169200	7	285
SORBI_3002G169300	7	286
SORBI_3002G169400	7	287
SORBI_3002G169500	7	288
SORBI_3002G169633	7	289
SORBI_3002G169766	7	290
SORBI_3002G169900	7	291
SORBI_3002G170000	7	292
SORBI_3002G170100	7	293
SORBI_3002G170200	7	294
SORBI_3002G170300	7	295
SORBI_3002G170400	7	296
SORBI_3002G170500	7	297
SORBI_3002G170600	7	298
SORBI_3002G170633	7	299
SORBI_3002G170666	7	300
SORBI_3002G170700	7	301
SORBI_3002G170740	7	302
SORBI_3002G170780	7	303
SORBI_3002G170820	7	304
SORBI_3002G170860	7	305
SORBI_3002G170900	7	306
SORBI_3002G171001	7	307
SORBI_3002G171101	7	308
SORBI_3002G171200	7	309
SORBI_3002G171300	7	310
SORBI_3002G171400	7	311
SORBI_3002G171500	7	312
SORBI_3002G171600	7	313
SORBI_3002G171700	7	314
SORBI_3002G171800	7	315
SORBI_3002G171901	7	316
SORBI_3002G172000	7	317
SORBI_3002G172100	7	318
SORBI_3002G172200	7	319
SORBI_3002G172300	7	320
SORBI_3002G172401	7	321
SORBI_3002G172500	7	322
SORBI_3002G172600	7	323
SORBI_3002G172700	7	324
SORBI_3002G172800	7	325
SORBI_3002G172900	7	326
SORBI_3002G173000	7	327
SORBI_3002G173100	7	328
SORBI_3002G173200	7	329
SORBI_3002G173300	7	330
SORBI_3002G173400	7	331
SORBI_3002G173500	7	332
SORBI_3002G173600	7	333
SORBI_3002G173700	7	334
SORBI_3002G173800	7	335
SORBI_3002G173900	7	336
SORBI_3002G174000	7	337
SORBI_3002G174100	7	338
SORBI_3002G174200	7	339
SORBI_3002G174300	7	340
SORBI_3002G174400	7	341
SORBI_3002G174500	7	342
SORBI_3002G174600	7	343
SORBI_3002G174700	7	344
SORBI_3002G174801	7	345
SORBI_3002G174900	7	346
SORBI_3002G175000	7	347
SORBI_3002G175050	7	348
SORBI_3002G175100	7	349
SORBI_3002G175200	7	350
SORBI_3002G175300	7	351
SORBI_3002G175400	7	352
SORBI_3002G175500	7	353
SORBI_3002G175550	7	354
SORBI_3002G175600	7	355
SORBI_3002G175700	7	356
SORBI_3002G175800	7	357
SORBI_3002G175900	7	358
SORBI_3002G176000	7	359
SORBI_3002G176100	7	360
SORBI_3002G176200	7	361
SORBI_3002G176300	7	362
SORBI_3002G176400	7	363
SORBI_3002G176450	7	364
SORBI_3002G176500	7	365
SORBI_3002G176600	7	366
SORBI_3002G176700	7	367
SORBI_3002G176800	7	368
SORBI_3002G176900	7	369
SORBI_3002G177000	7	370
SORBI_3002G177100	7	371
SORBI_3002G177200	7	372
SORBI_3002G177300	7	373
SORBI_3002G177400	7	374
SORBI_3002G177500	7	375
SORBI_3002G177600	7	376
SORBI_3002G177700	7	377
SORBI_3002G177800	7	378
SORBI_3002G177900	7	379
SORBI_3002G178000	7	380
SORBI_3002G178101	7	381
SORBI_3002G178200	7	382
SORBI_3002G178400	7	383
SORBI_3002G178601	7	384
SORBI_3002G178700	7	385
SORBI_3002G178800	7	386
SORBI_3002G178900	7	387
SORBI_3002G179000	7	388
SORBI_3002G179100	7	389
SORBI_3002G179150	7	390
SORBI_3002G179200	7	391
SORBI_3002G179300	7	392
SORBI_3002G179400	7	393
SORBI_3002G179500	7	394
SORBI_3002G179700	7	395
SORBI_3002G179800	7	396
SORBI_3002G179900	7	397
SORBI_3002G180000	7	398
SORBI_3002G180100	7	399
SORBI_3002G180200	7	400
SORBI_3002G180300	7	401
SORBI_3002G180400	7	402
SORBI_3002G180501	7	403
SORBI_3002G180600	7	404
SORBI_3002G180666	7	405
SORBI_3002G180732	7	406
SORBI_3002G180800	7	407
SORBI_3002G180900	7	408
SORBI_3002G181000	7	409
SORBI_3002G181066	7	410
SORBI_3002G181132	7	411
SORBI_3002G181200	7	412
SORBI_3002G181300	7	413
SORBI_3002G181400	7	414
SORBI_3002G181450	7	415
SORBI_3002G181500	7	416
SORBI_3002G181600	7	417
SORBI_3002G181700	7	418
SORBI_3002G181800	7	419
SORBI_3002G181900	7	420
SORBI_3002G182000	7	421
SORBI_3002G182150	7	422
SORBI_3002G182300	7	423
SORBI_3002G182400	7	424
SORBI_3002G182500	7	425
SORBI_3002G182601	7	426
SORBI_3002G182701	7	427
SORBI_3002G182800	7	428
SORBI_3002G182850	7	429
SORBI_3002G182900	7	430
SORBI_3002G183000	7	431
SORBI_3002G183100	7	432
SORBI_3002G183200	7	433
SORBI_3002G183300	7	434
SORBI_3002G183400	7	435
SORBI_3002G183600	7	436
SORBI_3002G183700	7	437
SORBI_3002G183750	7	438
SORBI_3002G183800	7	439
SORBI_3002G183900	7	440
SORBI_3002G184100	7	441
SORBI_3002G184200	7	442
SORBI_3002G184300	7	443
SORBI_3002G184400	7	444
SORBI_3002G184450	7	445
SORBI_3002G184500	7	446
SORBI_3002G184600	7	447
SORBI_3002G184700	7	448
SORBI_3002G184800	7	449
SORBI_3002G184900	7	450
SORBI_3002G185000	7	451
SORBI_3002G185100	7	452
SORBI_3002G185200	7	453
SORBI_3002G185300	7	454
SORBI_3002G185400	7	455
SORBI_3002G185500	7	456
SORBI_3002G185600	7	457
SORBI_3002G185800	7	458
SORBI_3002G185900	7	459
SORBI_3002G186000	7	460
SORBI_3002G186100	7	461
SORBI_3002G186200	7	462
SORBI_3002G186300	7	463
SORBI_3002G186400	7	464
SORBI_3002G186500	7	465
SORBI_3002G186600	7	466
SORBI_3002G186700	7	467
SORBI_3002G186800	7	468
SORBI_3002G186900	7	469
SORBI_3002G186966	7	470
SORBI_3002G187032	7	471
SORBI_3002G187100	7	472
SORBI_3002G187200	7	473
SORBI_3002G187300	7	474
SORBI_3002G187350	7	475
SORBI_3002G187400	7	476
SORBI_3002G187500	7	477
SORBI_3002G187600	7	478
SORBI_3002G187700	7	479
SORBI_3002G187801	7	480
SORBI_3002G187900	7	481
SORBI_3002G188000	7	482
SORBI_3002G188100	7	483
SORBI_3002G188200	7	484
SORBI_3002G188300	7	485
SORBI_3002G188350	7	486
SORBI_3002G188400	7	487
SORBI_3002G188500	7	488
SORBI_3002G188600	7	489
SORBI_3002G188700	7	490
SORBI_3002G188800	7	491
SORBI_3002G188900	7	492
SORBI_3002G189000	7	493
SORBI_3002G189100	7	494
SORBI_3002G189300	7	495
SORBI_3002G189350	7	496
SORBI_3002G189400	7	497
SORBI_3002G189500	7	498
SORBI_3002G189600	7	499
SORBI_3002G189700	7	500
SORBI_3002G189750	7	501
SORBI_3002G189800	7	502
SORBI_3002G189900	7	503
SORBI_3002G190000	7	504
SORBI_3002G190100	7	505
SORBI_3002G190200	7	506
SORBI_3002G190300	7	507
SORBI_3002G190400	7	508
SORBI_3002G190500	7	509
SORBI_3002G190600	7	510
SORBI_3002G190700	7	511
SORBI_3002G190750	7	512
SORBI_3002G190800	7	513
SORBI_3002G190900	7	514
SORBI_3002G191000	7	515
SORBI_3002G191100	7	516
SORBI_3002G191200	7	517
SORBI_3002G191300	7	518
SORBI_3002G191400	7	519
SORBI_3002G191450	7	520
SORBI_3002G191500	7	521
SORBI_3002G191600	7	522
SORBI_3002G191800	7	523
SORBI_3002G191900	7	524
SORBI_3002G192000	7	525
SORBI_3002G192101	7	526
SORBI_3002G192200	7	527
SORBI_3002G192500	7	528
SORBI_3002G192600	7	529
SORBI_3002G192700	7	530
SORBI_3002G192800	7	531
SORBI_3002G192900	7	532
SORBI_3002G193000	7	533
SORBI_3002G193100	7	534
SORBI_3002G193200	7	535
SORBI_3002G193300	7	536
SORBI_3002G193400	7	537
SORBI_3002G193500	7	538
SORBI_3002G193600	7	539
SORBI_3002G193800	7	540
SORBI_3002G193900	7	541
SORBI_3002G194000	7	542
SORBI_3002G194100	7	543
SORBI_3002G194201	7	544
SORBI_3002G194300	7	545
SORBI_3002G194400	7	546
SORBI_3002G194500	7	547
SORBI_3002G194600	7	548
SORBI_3002G194650	7	549
SORBI_3002G194700	7	550
SORBI_3002G194800	7	551
SORBI_3002G194900	7	552
SORBI_3002G195000	7	553
SORBI_3002G195033	7	554
SORBI_3002G195066	7	555
SORBI_3002G195100	7	556
SORBI_3002G195200	7	557
SORBI_3002G195300	7	558
SORBI_3002G195400	7	559
SORBI_3002G195500	7	560
SORBI_3002G195600	7	561
SORBI_3002G195700	7	562
SORBI_3002G195800	7	563
SORBI_3002G195900	7	564
SORBI_3002G196000	7	565
SORBI_3002G196100	7	566
SORBI_3002G196200	7	567
SORBI_3002G196350	7	568
SORBI_3002G196500	7	569
SORBI_3002G196600	7	570
SORBI_3002G196700	7	571
SORBI_3002G196800	7	572
SORBI_3002G196900	7	573
SORBI_3002G197000	7	574
SORBI_3002G197100	7	575
SORBI_3002G197200	7	576
SORBI_3002G197300	7	577
SORBI_3002G197400	7	578
SORBI_3002G197500	7	579
SORBI_3002G197600	7	580
SORBI_3002G197650	7	581
SORBI_3002G197700	7	582
SORBI_3002G197800	7	583
SORBI_3002G197900	7	584
SORBI_3002G198000	7	585
SORBI_3002G198100	7	586
SORBI_3002G198200	7	587
SORBI_3002G198300	7	588
SORBI_3002G198400	7	589
SORBI_3002G198500	7	590
SORBI_3002G198600	7	591
SORBI_3002G198700	7	592
SORBI_3002G198801	7	593
SORBI_3002G198900	7	594
SORBI_3002G199000	7	595
SORBI_3002G199100	7	596
SORBI_3002G199200	7	597
SORBI_3002G199300	7	598
SORBI_3002G199400	7	599
SORBI_3002G199500	7	600
SORBI_3002G199650	7	601
SORBI_3002G199800	7	602
SORBI_3002G199850	7	603
SORBI_3002G199900	7	604
SORBI_3002G200000	7	605
SORBI_3002G200100	7	606
SORBI_3002G200200	7	607
SORBI_3002G200300	7	608
SORBI_3002G200400	7	609
SORBI_3002G200500	7	610
SORBI_3002G200600	7	611
SORBI_3002G200700	7	612
SORBI_3002G200900	7	613
SORBI_3002G201000	7	614
SORBI_3002G201100	7	615
SORBI_3002G201200	7	616
SORBI_3002G201300	7	617
SORBI_3002G201400	7	618
SORBI_3002G201500	7	619
SORBI_3002G201600	7	620
SORBI_3002G201700	7	621
SORBI_3002G201800	7	622
SORBI_3002G201900	7	623
SORBI_3002G201950	7	624
SORBI_3002G202000	7	625
SORBI_3002G202050	7	626
SORBI_3002G202100	7	627
SORBI_3002G202200	7	628
SORBI_3002G202300	7	629
SORBI_3002G202350	7	630
SORBI_3002G202400	7	631
SORBI_3002G202500	7	632
SORBI_3002G202600	7	633
SORBI_3002G202700	7	634
SORBI_3002G202750	7	635
SORBI_3002G202800	7	636
SORBI_3002G203000	7	637
SORBI_3002G203050	7	638
SORBI_3002G203100	7	639
SORBI_3002G203200	7	640
SORBI_3002G203300	7	641
SORBI_3002G203401	7	642
SORBI_3002G203500	7	643
SORBI_3002G203600	7	644
SORBI_3002G203700	7	645
SORBI_3002G203800	7	646
SORBI_3002G203900	7	647
SORBI_3002G204000	7	648
SORBI_3002G204050	7	649
SORBI_3002G204100	7	650
SORBI_3002G204200	7	651
SORBI_3002G204300	7	652
SORBI_3002G204350	7	653
SORBI_3002G204400	7	654
SORBI_3002G204500	7	655
SORBI_3002G204600	7	656
SORBI_3002G204700	7	657
SORBI_3002G204800	7	658
SORBI_3002G204900	7	659
SORBI_3002G205000	7	660
SORBI_3002G205100	7	661
SORBI_3002G205201	7	662
SORBI_3002G205300	7	663
SORBI_3002G205500	7	664
SORBI_3002G205600	7	665
SORBI_3002G205700	7	666
SORBI_3002G205800	7	667
SORBI_3002G205900	7	668
SORBI_3002G206000	7	669
SORBI_3002G206100	7	670
SORBI_3002G206200	7	671
SORBI_3002G206300	7	672
SORBI_3002G206400	7	673
SORBI_3002G206500	7	674
SORBI_3002G206600	7	675
SORBI_3002G206700	7	676
SORBI_3002G206750	7	677
SORBI_3002G206800	7	678
SORBI_3002G206900	7	679
SORBI_3002G207000	7	680
SORBI_3002G207100	7	681
SORBI_3002G207200	7	682
SORBI_3002G207300	7	683
SORBI_3002G207400	7	684
SORBI_3002G207500	7	685
SORBI_3002G207601	7	686
SORBI_3002G207700	7	687
SORBI_3002G207900	7	688
SORBI_3002G208000	7	689
SORBI_3002G208200	7	690
SORBI_3002G208301	7	691
SORBI_3002G208400	7	692
SORBI_3002G208500	7	693
SORBI_3002G208700	7	694
SORBI_3002G208800	7	695
SORBI_3002G208850	7	696
SORBI_3002G208900	7	697
SORBI_3002G209000	7	698
SORBI_3002G209100	7	699
SORBI_3002G209200	7	700
SORBI_3002G209300	7	701
SORBI_3002G209400	7	702
SORBI_3002G209450	7	703
SORBI_3002G209500	7	704
SORBI_3002G209600	7	705
SORBI_3002G209800	7	706
SORBI_3002G209900	7	707
SORBI_3002G210100	7	708
SORBI_3002G210150	7	709
SORBI_3002G210200	7	710
SORBI_3002G210300	7	711
SORBI_3002G210401	7	712
SORBI_3002G210500	7	713
SORBI_3002G210700	7	714
SORBI_3002G210800	7	715
SORBI_3002G210901	7	716
SORBI_3002G211000	7	717
SORBI_3002G211200	7	718
SORBI_3002G211300	7	719
SORBI_3002G211400	7	720
SORBI_3002G211501	7	721
SORBI_3002G211600	7	722
SORBI_3002G211700	7	723
SORBI_3002G211800	7	724
SORBI_3002G211900	7	725
SORBI_3002G212000	7	726
SORBI_3002G212100	7	727
SORBI_3002G212200	7	728
SORBI_3002G212300	7	729
SORBI_3002G212400	7	730
SORBI_3002G212500	7	731
SORBI_3002G212601	7	732
SORBI_3002G212700	7	733
SORBI_3002G212800	7	734
SORBI_3002G212900	7	735
SORBI_3002G213000	7	736
SORBI_3002G213050	7	737
SORBI_3002G213100	7	738
SORBI_3002G213200	7	739
SORBI_3002G213300	7	740
SORBI_3002G213400	7	741
SORBI_3002G213500	7	742
SORBI_3002G213600	7	743
SORBI_3002G213701	7	744
SORBI_3002G213800	7	745
SORBI_3002G213900	7	746
SORBI_3002G214000	7	747
SORBI_3002G214200	7	748
SORBI_3002G214300	7	749
SORBI_3002G214400	7	750
SORBI_3002G214500	7	751
SORBI_3002G214600	7	752
SORBI_3002G214700	7	753
SORBI_3002G214800	7	754
SORBI_3002G214900	7	755
SORBI_3002G215000	7	756
SORBI_3002G215100	7	757
SORBI_3002G215200	7	758
SORBI_3002G215300	7	759
SORBI_3002G215600	7	760
SORBI_3002G215700	7	761
SORBI_3002G215800	7	762
SORBI_3002G215866	7	763
SORBI_3002G215932	7	764
SORBI_3002G216000	7	765
SORBI_3002G216100	7	766
SORBI_3002G216200	7	767
SORBI_3002G216250	7	768
SORBI_3002G216300	7	769
SORBI_3002G216400	7	770
SORBI_3002G216500	7	771
SORBI_3002G216600	7	772
SORBI_3002G216650	7	773
SORBI_3002G216700	7	774
SORBI_3002G216801	7	775
SORBI_3002G216900	7	776
SORBI_3002G217000	7	777
SORBI_3002G217100	7	778
SORBI_3002G217133	7	779
SORBI_3002G217166	7	780
SORBI_3002G217200	7	781
SORBI_3002G217300	7	782
SORBI_3002G217400	7	783
SORBI_3002G217500	7	784
SORBI_3002G217600	7	785
SORBI_3002G217700	7	786
SORBI_3002G217800	7	787
SORBI_3002G217900	7	788
SORBI_3002G218000	7	789
SORBI_3002G218100	7	790
SORBI_3002G218200	7	791
SORBI_3002G218300	7	792
SORBI_3002G218350	7	793
SORBI_3002G218400	7	794
SORBI_3002G218500	7	795
SORBI_3002G218600	7	796
SORBI_3002G218700	7	797
SORBI_3002G218800	7	798
SORBI_3002G218900	7	799
SORBI_3002G219000	7	800
SORBI_3002G219100	7	801
SORBI_3002G219200	7	802
SORBI_3002G219300	7	803
SORBI_3002G219333	7	804
SORBI_3002G219366	7	805
SORBI_3002G219400	7	806
SORBI_3002G219500	7	807
SORBI_3002G219600	7	808
SORBI_3002G219700	7	809
SORBI_3002G219800	7	810
SORBI_3002G219900	7	811
SORBI_3002G220000	7	812
SORBI_3002G220100	7	813
SORBI_3002G220200	7	814
SORBI_3002G220300	7	815
SORBI_3002G220400	7	816
SORBI_3002G220500	7	817
SORBI_3002G220600	7	818
SORBI_3002G220700	7	819
SORBI_3002G220800	7	820
SORBI_3002G220900	7	821
SORBI_3002G221000	7	822
SORBI_3002G221100	7	823
SORBI_3002G221200	7	824
SORBI_3002G221300	7	825
SORBI_3002G221400	7	826
SORBI_3002G221450	7	827
SORBI_3002G221500	7	828
SORBI_3002G221600	7	829
SORBI_3002G221700	7	830
SORBI_3002G221800	7	831
SORBI_3002G221900	7	832
SORBI_3002G222000	7	833
SORBI_3002G222200	7	834
SORBI_3002G222300	7	835
SORBI_3002G222400	7	836
SORBI_3002G222500	7	837
SORBI_3002G222600	7	838
SORBI_3002G222700	7	839
SORBI_3002G222800	7	840
SORBI_3002G222900	7	841
SORBI_3002G223000	7	842
SORBI_3002G223050	7	843
SORBI_3002G223100	7	844
SORBI_3002G223200	7	845
SORBI_3002G223300	7	846
SORBI_3002G223401	7	847
SORBI_3002G223500	7	848
SORBI_3002G223550	7	849
SORBI_3002G223600	7	850
SORBI_3002G223650	7	851
SORBI_3002G223700	7	852
SORBI_3002G223800	7	853
SORBI_3002G223900	7	854
SORBI_3002G224000	7	855
SORBI_3002G224100	7	856
SORBI_3002G224200	7	857
SORBI_3002G224300	7	858
SORBI_3002G224400	7	859
SORBI_3002G224450	7	860
SORBI_3002G224500	7	861
SORBI_3002G224700	7	862
SORBI_3002G224800	7	863
SORBI_3002G224900	7	864
SORBI_3002G225000	7	865
SORBI_3002G225100	7	866
SORBI_3002G225200	7	867
SORBI_3002G225300	7	868
SORBI_3002G225400	7	869
SORBI_3002G225500	7	870
SORBI_3002G225600	7	871
SORBI_3002G225650	7	872
SORBI_3002G225700	7	873
SORBI_3002G225800	7	874
SORBI_3002G225900	7	875
SORBI_3002G226000	7	876
SORBI_3002G226100	7	877
SORBI_3002G226200	7	878
SORBI_3002G226300	7	879
SORBI_3002G226400	7	880
SORBI_3002G226500	7	881
SORBI_3002G226600	7	882
SORBI_3002G226700	7	883
SORBI_3002G226800	7	884
SORBI_3002G226900	7	885
SORBI_3002G227000	7	886
SORBI_3002G227100	7	887
SORBI_3002G227200	7	888
SORBI_3002G227300	7	889
SORBI_3002G227400	7	890
SORBI_3002G227500	7	891
SORBI_3002G227700	7	892
SORBI_3002G227800	7	893
SORBI_3002G227900	7	894
SORBI_3002G228000	7	895
SORBI_3002G228100	7	896
SORBI_3002G228200	7	897
SORBI_3002G228300	7	898
SORBI_3002G228400	7	899
SORBI_3002G228500	7	900
SORBI_3002G228600	7	901
SORBI_3002G228700	7	902
SORBI_3002G228800	7	903
SORBI_3002G228900	7	904
SORBI_3002G229000	7	905
SORBI_3002G229100	7	906
SORBI_3002G229200	7	907
SORBI_3002G229250	7	908
SORBI_3002G229300	7	909
SORBI_3002G229400	7	910
SORBI_3002G229500	7	911
SORBI_3002G229600	7	912
SORBI_3002G229650	7	913
SORBI_3002G229700	7	914
SORBI_3002G229800	7	915
SORBI_3002G229900	7	916
SORBI_3002G230000	7	917
SORBI_3002G230100	7	918
SORBI_3002G230201	7	919
SORBI_3002G230301	7	920
SORBI_3002G230400	7	921
SORBI_3002G230500	7	922
SORBI_3002G230600	7	923
SORBI_3002G230700	7	924
SORBI_3002G230800	7	925
SORBI_3002G230900	7	926
SORBI_3002G231000	7	927
SORBI_3002G231100	7	928
SORBI_3002G231200	7	929
SORBI_3002G231300	7	930
SORBI_3002G231400	7	931
SORBI_3002G231500	7	932
SORBI_3002G231600	7	933
SORBI_3002G231700	7	934
SORBI_3002G231800	7	935
SORBI_3002G231900	7	936
SORBI_3002G232100	7	937
SORBI_3002G232200	7	938
SORBI_3002G232300	7	939
SORBI_3002G232400	7	940
SORBI_3002G232500	7	941
SORBI_3002G232600	7	942
SORBI_3002G232700	7	943
SORBI_3002G232800	7	944
SORBI_3002G232900	7	945
SORBI_3002G233000	7	946
SORBI_3002G233100	7	947
SORBI_3002G233200	7	948
SORBI_3002G233300	7	949
SORBI_3002G233400	7	950
SORBI_3002G233500	7	951
SORBI_3002G233600	7	952
SORBI_3002G233700	7	953
SORBI_3002G233800	7	954
SORBI_3002G233900	7	955
SORBI_3002G234000	7	956
SORBI_3002G234100	7	957
SORBI_3002G234200	7	958
SORBI_3002G234300	7	959
SORBI_3002G234400	7	960
SORBI_3002G234500	7	961
SORBI_3002G234600	7	962
SORBI_3002G234700	7	963
SORBI_3002G234800	7	964
SORBI_3002G234900	7	965
SORBI_3002G235000	7	966
SORBI_3002G235200	7	967
SORBI_3002G235300	7	968
SORBI_3002G235400	7	969
SORBI_3002G235500	7	970
SORBI_3002G235600	7	971
SORBI_3002G235700	7	972
SORBI_3002G235800	7	973
SORBI_3002G235900	7	974
SORBI_3002G236000	7	975
SORBI_3002G236100	7	976
SORBI_3002G236200	7	977
SORBI_3002G236300	7	978
SORBI_3002G236400	7	979
SORBI_3002G236500	7	980
SORBI_3002G236600	7	981
SORBI_3002G236700	7	982
SORBI_3002G236800	7	983
SORBI_3002G236900	7	984
SORBI_3002G237000	7	985
SORBI_3002G237100	7	986
SORBI_3002G237200	7	987
SORBI_3002G237400	7	988
SORBI_3002G237500	7	989
SORBI_3002G237600	7	990
SORBI_3002G237700	7	991
SORBI_3002G237750	7	992
SORBI_3002G237800	7	993
SORBI_3002G237900	7	994
SORBI_3002G238000	7	995
SORBI_3002G238100	7	996
SORBI_3002G238200	7	997
SORBI_3002G238300	7	998
SORBI_3002G238400	7	999
SORBI_3002G238500	7	1000
SORBI_3002G238600	7	1001
SORBI_3002G238700	7	1002
SORBI_3002G238800	7	1003
SORBI_3002G238900	7	1004
SORBI_3002G239000	7	1005
SORBI_3002G239101	7	1006
SORBI_3002G239200	7	1007
SORBI_3002G239300	7	1008
SORBI_3002G239400	7	1009
SORBI_3002G239450	7	1010
SORBI_3002G239500	7	1011
SORBI_3002G239601	7	1012
SORBI_3002G239700	7	1013
SORBI_3002G239800	7	1014
SORBI_3002G239900	7	1015
SORBI_3002G240000	7	1016
SORBI_3002G240100	7	1017
SORBI_3002G240200	7	1018
SORBI_3002G240300	7	1019
SORBI_3002G240400	7	1020
SORBI_3002G240500	7	1021
SORBI_3002G240700	7	1022
SORBI_3002G240800	7	1023
SORBI_3002G240900	8	0
SORBI_3002G241000	8	1
SORBI_3002G241100	8	2
SORBI_3002G241250	8	3
SORBI_3002G241400	8	4
SORBI_3002G241500	8	5
SORBI_3002G241600	8	6
SORBI_3002G241700	8	7
SORBI_3002G241900	8	8
SORBI_3002G242000	8	9
SORBI_3002G242100	8	10
SORBI_3002G242200	8	11
SORBI_3002G242300	8	12
SORBI_3002G242400	8	13
SORBI_3002G242500	8	14
SORBI_3002G242600	8	15
SORBI_3002G242650	8	16
SORBI_3002G242700	8	17
SORBI_3002G242800	8	18
SORBI_3002G242900	8	19
SORBI_3002G243000	8	20
SORBI_3002G243100	8	21
SORBI_3002G243200	8	22
SORBI_3002G243300	8	23
SORBI_3002G243400	8	24
SORBI_3002G243500	8	25
SORBI_3002G243650	8	26
SORBI_3002G243800	8	27
SORBI_3002G243900	8	28
SORBI_3002G244100	8	29
SORBI_3002G244200	8	30
SORBI_3002G244300	8	31
SORBI_3002G244400	8	32
SORBI_3002G244500	8	33
SORBI_3002G244600	8	34
SORBI_3002G244700	8	35
SORBI_3002G244800	8	36
SORBI_3002G244901	8	37
SORBI_3002G245000	8	38
SORBI_3002G245100	8	39
SORBI_3002G245200	8	40
SORBI_3002G245300	8	41
SORBI_3002G245400	8	42
SORBI_3002G245500	8	43
SORBI_3002G245600	8	44
SORBI_3002G245700	8	45
SORBI_3002G245800	8	46
SORBI_3002G245900	8	47
SORBI_3002G246000	8	48
SORBI_3002G246100	8	49
SORBI_3002G246200	8	50
SORBI_3002G246300	8	51
SORBI_3002G246400	8	52
SORBI_3002G246500	8	53
SORBI_3002G246600	8	54
SORBI_3002G246700	8	55
SORBI_3002G246800	8	56
SORBI_3002G246900	8	57
SORBI_3002G246950	8	58
SORBI_3002G247000	8	59
SORBI_3002G247100	8	60
SORBI_3002G247200	8	61
SORBI_3002G247300	8	62
SORBI_3002G247401	8	63
SORBI_3002G247500	8	64
SORBI_3002G247600	8	65
SORBI_3002G247700	8	66
SORBI_3002G247800	8	67
SORBI_3002G247900	8	68
SORBI_3002G248001	8	69
SORBI_3002G248100	8	70
SORBI_3002G248201	8	71
SORBI_3002G248300	8	72
SORBI_3002G248400	8	73
SORBI_3002G248500	8	74
SORBI_3002G248600	8	75
SORBI_3002G248700	8	76
SORBI_3002G248800	8	77
SORBI_3002G248900	8	78
SORBI_3002G249000	8	79
SORBI_3002G249101	8	80
SORBI_3002G249200	8	81
SORBI_3002G249300	8	82
SORBI_3002G249400	8	83
SORBI_3002G249500	8	84
SORBI_3002G249600	8	85
SORBI_3002G249650	8	86
SORBI_3002G249700	8	87
SORBI_3002G249800	8	88
SORBI_3002G249900	8	89
SORBI_3002G250000	8	90
SORBI_3002G250100	8	91
SORBI_3002G250200	8	92
SORBI_3002G250300	8	93
SORBI_3002G250400	8	94
SORBI_3002G250550	8	95
SORBI_3002G250700	8	96
SORBI_3002G250800	8	97
SORBI_3002G250900	8	98
SORBI_3002G251000	8	99
SORBI_3002G251050	8	100
SORBI_3002G251100	8	101
SORBI_3002G251200	8	102
SORBI_3002G251300	8	103
SORBI_3002G251400	8	104
SORBI_3002G251501	8	105
SORBI_3002G251600	8	106
SORBI_3002G251700	8	107
SORBI_3002G251800	8	108
SORBI_3002G251900	8	109
SORBI_3002G252000	8	110
SORBI_3002G252100	8	111
SORBI_3002G252200	8	112
SORBI_3002G252300	8	113
SORBI_3002G252400	8	114
SORBI_3002G252500	8	115
SORBI_3002G252600	8	116
SORBI_3002G252700	8	117
SORBI_3002G252800	8	118
SORBI_3002G252900	8	119
SORBI_3002G253000	8	120
SORBI_3002G253100	8	121
SORBI_3002G253200	8	122
SORBI_3002G253300	8	123
SORBI_3002G253400	8	124
SORBI_3002G253500	8	125
SORBI_3002G253600	8	126
SORBI_3002G253800	8	127
SORBI_3002G253900	8	128
SORBI_3002G254000	8	129
SORBI_3002G254100	8	130
SORBI_3002G254200	8	131
SORBI_3002G254250	8	132
SORBI_3002G254300	8	133
SORBI_3002G254500	8	134
SORBI_3002G254600	8	135
SORBI_3002G254650	8	136
SORBI_3002G254700	8	137
SORBI_3002G254800	8	138
SORBI_3002G254900	8	139
SORBI_3002G255000	8	140
SORBI_3002G255100	8	141
SORBI_3002G255200	8	142
SORBI_3002G255300	8	143
SORBI_3002G255400	8	144
SORBI_3002G255500	8	145
SORBI_3002G255600	8	146
SORBI_3002G255700	8	147
SORBI_3002G255800	8	148
SORBI_3002G255901	8	149
SORBI_3002G256000	8	150
SORBI_3002G256100	8	151
SORBI_3002G256200	8	152
SORBI_3002G256250	8	153
SORBI_3002G256300	8	154
SORBI_3002G256400	8	155
SORBI_3002G256500	8	156
SORBI_3002G256601	8	157
SORBI_3002G256700	8	158
SORBI_3002G256800	8	159
SORBI_3002G256900	8	160
SORBI_3002G257001	8	161
SORBI_3002G257100	8	162
SORBI_3002G257150	8	163
SORBI_3002G257200	8	164
SORBI_3002G257300	8	165
SORBI_3002G257400	8	166
SORBI_3002G257500	8	167
SORBI_3002G257600	8	168
SORBI_3002G257750	8	169
SORBI_3002G257900	8	170
SORBI_3002G258000	8	171
SORBI_3002G258100	8	172
SORBI_3002G258200	8	173
SORBI_3002G258300	8	174
SORBI_3002G258400	8	175
SORBI_3002G258500	8	176
SORBI_3002G258600	8	177
SORBI_3002G258700	8	178
SORBI_3002G258800	8	179
SORBI_3002G258900	8	180
SORBI_3002G259000	8	181
SORBI_3002G259100	8	182
SORBI_3002G259200	8	183
SORBI_3002G259301	8	184
SORBI_3002G259400	8	185
SORBI_3002G259466	8	186
SORBI_3002G259532	8	187
SORBI_3002G259600	8	188
SORBI_3002G259700	8	189
SORBI_3002G259800	8	190
SORBI_3002G259900	8	191
SORBI_3002G260000	8	192
SORBI_3002G260100	8	193
SORBI_3002G260200	8	194
SORBI_3002G260300	8	195
SORBI_3002G260400	8	196
SORBI_3002G260500	8	197
SORBI_3002G260600	8	198
SORBI_3002G260700	8	199
SORBI_3002G260800	8	200
SORBI_3002G260900	8	201
SORBI_3002G261000	8	202
SORBI_3002G261100	8	203
SORBI_3002G261200	8	204
SORBI_3002G261300	8	205
SORBI_3002G261400	8	206
SORBI_3002G261450	8	207
SORBI_3002G261500	8	208
SORBI_3002G261600	8	209
SORBI_3002G261700	8	210
SORBI_3002G261800	8	211
SORBI_3002G261900	8	212
SORBI_3002G262000	8	213
SORBI_3002G262100	8	214
SORBI_3002G262200	8	215
SORBI_3002G262250	8	216
SORBI_3002G262300	8	217
SORBI_3002G262400	8	218
SORBI_3002G262500	8	219
SORBI_3002G262600	8	220
SORBI_3002G262700	8	221
SORBI_3002G262800	8	222
SORBI_3002G262850	8	223
SORBI_3002G262900	8	224
SORBI_3002G263000	8	225
SORBI_3002G263100	8	226
SORBI_3002G263200	8	227
SORBI_3002G263300	8	228
SORBI_3002G263400	8	229
SORBI_3002G263500	8	230
SORBI_3002G263600	8	231
SORBI_3002G263700	8	232
SORBI_3002G263800	8	233
SORBI_3002G263900	8	234
SORBI_3002G264000	8	235
SORBI_3002G264100	8	236
SORBI_3002G264200	8	237
SORBI_3002G264300	8	238
SORBI_3002G264400	8	239
SORBI_3002G264500	8	240
SORBI_3002G264600	8	241
SORBI_3002G264700	8	242
SORBI_3002G264800	8	243
SORBI_3002G264900	8	244
SORBI_3002G265001	8	245
SORBI_3002G265100	8	246
SORBI_3002G265133	8	247
SORBI_3002G265166	8	248
SORBI_3002G265200	8	249
SORBI_3002G265300	8	250
SORBI_3002G265400	8	251
SORBI_3002G265500	8	252
SORBI_3002G265600	8	253
SORBI_3002G265700	8	254
SORBI_3002G265800	8	255
SORBI_3002G265900	8	256
SORBI_3002G266000	8	257
SORBI_3002G266100	8	258
SORBI_3002G266200	8	259
SORBI_3002G266250	8	260
SORBI_3002G266300	8	261
SORBI_3002G266400	8	262
SORBI_3002G266500	8	263
SORBI_3002G266600	8	264
SORBI_3002G266700	8	265
SORBI_3002G266800	8	266
SORBI_3002G266900	8	267
SORBI_3002G267000	8	268
SORBI_3002G267050	8	269
SORBI_3002G267100	8	270
SORBI_3002G267300	8	271
SORBI_3002G267400	8	272
SORBI_3002G267500	8	273
SORBI_3002G267600	8	274
SORBI_3002G267700	8	275
SORBI_3002G267800	8	276
SORBI_3002G267900	8	277
SORBI_3002G268000	8	278
SORBI_3002G268100	8	279
SORBI_3002G268200	8	280
SORBI_3002G268250	8	281
SORBI_3002G268300	8	282
SORBI_3002G268400	8	283
SORBI_3002G268450	8	284
SORBI_3002G268500	8	285
SORBI_3002G268600	8	286
SORBI_3002G268700	8	287
SORBI_3002G268800	8	288
SORBI_3002G268900	8	289
SORBI_3002G268966	8	290
SORBI_3002G269032	8	291
SORBI_3002G269100	8	292
SORBI_3002G269300	8	293
SORBI_3002G269400	8	294
SORBI_3002G269500	8	295
SORBI_3002G269600	8	296
SORBI_3002G269700	8	297
SORBI_3002G269800	8	298
SORBI_3002G269900	8	299
SORBI_3002G270000	8	300
SORBI_3002G270100	8	301
SORBI_3002G270200	8	302
SORBI_3002G270300	8	303
SORBI_3002G270400	8	304
SORBI_3002G270500	8	305
SORBI_3002G270600	8	306
SORBI_3002G270700	8	307
SORBI_3002G270733	8	308
SORBI_3002G270766	8	309
SORBI_3002G270800	8	310
SORBI_3002G270900	8	311
SORBI_3002G271000	8	312
SORBI_3002G271100	8	313
SORBI_3002G271200	8	314
SORBI_3002G271300	8	315
SORBI_3002G271400	8	316
SORBI_3002G271500	8	317
SORBI_3002G271600	8	318
SORBI_3002G271700	8	319
SORBI_3002G271800	8	320
SORBI_3002G271900	8	321
SORBI_3002G272000	8	322
SORBI_3002G272100	8	323
SORBI_3002G272200	8	324
SORBI_3002G272250	8	325
SORBI_3002G272300	8	326
SORBI_3002G272350	8	327
SORBI_3002G272400	8	328
SORBI_3002G272500	8	329
SORBI_3002G272600	8	330
SORBI_3002G272700	8	331
SORBI_3002G272800	8	332
SORBI_3002G272900	8	333
SORBI_3002G273000	8	334
SORBI_3002G273100	8	335
SORBI_3002G273200	8	336
SORBI_3002G273300	8	337
SORBI_3002G273400	8	338
SORBI_3002G273500	8	339
SORBI_3002G273600	8	340
SORBI_3002G273700	8	341
SORBI_3002G273800	8	342
SORBI_3002G273900	8	343
SORBI_3002G274000	8	344
SORBI_3002G274100	8	345
SORBI_3002G274200	8	346
SORBI_3002G274300	8	347
SORBI_3002G274400	8	348
SORBI_3002G274500	8	349
SORBI_3002G274600	8	350
SORBI_3002G274700	8	351
SORBI_3002G274800	8	352
SORBI_3002G274850	8	353
SORBI_3002G274900	8	354
SORBI_3002G275000	8	355
SORBI_3002G275050	8	356
SORBI_3002G275100	8	357
SORBI_3002G275200	8	358
SORBI_3002G275300	8	359
SORBI_3002G275400	8	360
SORBI_3002G275500	8	361
SORBI_3002G275600	8	362
SORBI_3002G275700	8	363
SORBI_3002G275800	8	364
SORBI_3002G275900	8	365
SORBI_3002G276000	8	366
SORBI_3002G276100	8	367
SORBI_3002G276400	8	368
SORBI_3002G276500	8	369
SORBI_3002G276600	8	370
SORBI_3002G276700	8	371
SORBI_3002G276800	8	372
SORBI_3002G276900	8	373
SORBI_3002G277000	8	374
SORBI_3002G277100	8	375
SORBI_3002G277200	8	376
SORBI_3002G277300	8	377
SORBI_3002G277366	8	378
SORBI_3002G277432	8	379
SORBI_3002G277500	8	380
SORBI_3002G277600	8	381
SORBI_3002G277700	8	382
SORBI_3002G277800	8	383
SORBI_3002G277900	8	384
SORBI_3002G278000	8	385
SORBI_3002G278100	8	386
SORBI_3002G278200	8	387
SORBI_3002G278300	8	388
SORBI_3002G278400	8	389
SORBI_3002G278500	8	390
SORBI_3002G278600	8	391
SORBI_3002G278700	8	392
SORBI_3002G278800	8	393
SORBI_3002G278900	8	394
SORBI_3002G279000	8	395
SORBI_3002G279100	8	396
SORBI_3002G279200	8	397
SORBI_3002G279300	8	398
SORBI_3002G279400	8	399
SORBI_3002G279500	8	400
SORBI_3002G279600	8	401
SORBI_3002G279700	8	402
SORBI_3002G279800	8	403
SORBI_3002G279900	8	404
SORBI_3002G280001	8	405
SORBI_3002G280100	8	406
SORBI_3002G280200	8	407
SORBI_3002G280300	8	408
SORBI_3002G280400	8	409
SORBI_3002G280500	8	410
SORBI_3002G280600	8	411
SORBI_3002G280700	8	412
SORBI_3002G280800	8	413
SORBI_3002G280850	8	414
SORBI_3002G280900	8	415
SORBI_3002G280950	8	416
SORBI_3002G281000	8	417
SORBI_3002G281100	8	418
SORBI_3002G281200	8	419
SORBI_3002G281300	8	420
SORBI_3002G281400	8	421
SORBI_3002G281500	8	422
SORBI_3002G281600	8	423
SORBI_3002G281700	8	424
SORBI_3002G281800	8	425
SORBI_3002G281850	8	426
SORBI_3002G281900	8	427
SORBI_3002G282000	8	428
SORBI_3002G282100	8	429
SORBI_3002G282150	8	430
SORBI_3002G282200	8	431
SORBI_3002G282300	8	432
SORBI_3002G282400	8	433
SORBI_3002G282500	8	434
SORBI_3002G282600	8	435
SORBI_3002G282800	8	436
SORBI_3002G282900	8	437
SORBI_3002G283000	8	438
SORBI_3002G283100	8	439
SORBI_3002G283200	8	440
SORBI_3002G283300	8	441
SORBI_3002G283400	8	442
SORBI_3002G283500	8	443
SORBI_3002G283600	8	444
SORBI_3002G283800	8	445
SORBI_3002G283900	8	446
SORBI_3002G284000	8	447
SORBI_3002G284100	8	448
SORBI_3002G284200	8	449
SORBI_3002G284300	8	450
SORBI_3002G284400	8	451
SORBI_3002G284500	8	452
SORBI_3002G284600	8	453
SORBI_3002G284701	8	454
SORBI_3002G284800	8	455
SORBI_3002G284901	8	456
SORBI_3002G285001	8	457
SORBI_3002G285101	8	458
SORBI_3002G285200	8	459
SORBI_3002G285300	8	460
SORBI_3002G285375	8	461
SORBI_3002G285450	8	462
SORBI_3002G285525	8	463
SORBI_3002G285600	8	464
SORBI_3002G285700	8	465
SORBI_3002G285800	8	466
SORBI_3002G285950	8	467
SORBI_3002G286100	8	468
SORBI_3002G286150	8	469
SORBI_3002G286200	8	470
SORBI_3002G286300	8	471
SORBI_3002G286400	8	472
SORBI_3002G286500	8	473
SORBI_3002G286566	8	474
SORBI_3002G286632	8	475
SORBI_3002G286700	8	476
SORBI_3002G286800	8	477
SORBI_3002G286900	8	478
SORBI_3002G287000	8	479
SORBI_3002G287100	8	480
SORBI_3002G287201	8	481
SORBI_3002G287300	8	482
SORBI_3002G287400	8	483
SORBI_3002G287500	8	484
SORBI_3002G287600	8	485
SORBI_3002G287750	8	486
SORBI_3002G287900	8	487
SORBI_3002G288000	8	488
SORBI_3002G288100	8	489
SORBI_3002G288200	8	490
SORBI_3002G288300	8	491
SORBI_3002G288400	8	492
SORBI_3002G288500	8	493
SORBI_3002G288600	8	494
SORBI_3002G288700	8	495
SORBI_3002G288800	8	496
SORBI_3002G288900	8	497
SORBI_3002G289000	8	498
SORBI_3002G289100	8	499
SORBI_3002G289200	8	500
SORBI_3002G289250	8	501
SORBI_3002G289300	8	502
SORBI_3002G289350	8	503
SORBI_3002G289400	8	504
SORBI_3002G289500	8	505
SORBI_3002G289601	8	506
SORBI_3002G289701	8	507
SORBI_3002G289800	8	508
SORBI_3002G289900	8	509
SORBI_3002G290000	8	510
SORBI_3002G290100	8	511
SORBI_3002G290300	8	512
SORBI_3002G290400	8	513
SORBI_3002G290500	8	514
SORBI_3002G290600	8	515
SORBI_3002G290700	8	516
SORBI_3002G290800	8	517
SORBI_3002G290900	8	518
SORBI_3002G291000	8	519
SORBI_3002G291066	8	520
SORBI_3002G291132	8	521
SORBI_3002G291200	8	522
SORBI_3002G291300	8	523
SORBI_3002G291350	8	524
SORBI_3002G291400	8	525
SORBI_3002G291500	8	526
SORBI_3002G291600	8	527
SORBI_3002G291700	8	528
SORBI_3002G291800	8	529
SORBI_3002G291850	8	530
SORBI_3002G291900	8	531
SORBI_3002G292000	8	532
SORBI_3002G292100	8	533
SORBI_3002G292200	8	534
SORBI_3002G292300	8	535
SORBI_3002G292400	8	536
SORBI_3002G292500	8	537
SORBI_3002G292600	8	538
SORBI_3002G292700	8	539
SORBI_3002G292800	8	540
SORBI_3002G292900	8	541
SORBI_3002G293000	8	542
SORBI_3002G293100	8	543
SORBI_3002G293200	8	544
SORBI_3002G293300	8	545
SORBI_3002G293400	8	546
SORBI_3002G293500	8	547
SORBI_3002G293600	8	548
SORBI_3002G293700	8	549
SORBI_3002G293800	8	550
SORBI_3002G293900	8	551
SORBI_3002G293950	8	552
SORBI_3002G294000	8	553
SORBI_3002G294100	8	554
SORBI_3002G294200	8	555
SORBI_3002G294300	8	556
SORBI_3002G294400	8	557
SORBI_3002G294500	8	558
SORBI_3002G294600	8	559
SORBI_3002G294700	8	560
SORBI_3002G294800	8	561
SORBI_3002G294900	8	562
SORBI_3002G295000	8	563
SORBI_3002G295100	8	564
SORBI_3002G295200	8	565
SORBI_3002G295300	8	566
SORBI_3002G295400	8	567
SORBI_3002G295500	8	568
SORBI_3002G295550	8	569
SORBI_3002G295600	8	570
SORBI_3002G295700	8	571
SORBI_3002G295800	8	572
SORBI_3002G295900	8	573
SORBI_3002G296000	8	574
SORBI_3002G296100	8	575
SORBI_3002G296200	8	576
SORBI_3002G296300	8	577
SORBI_3002G296400	8	578
SORBI_3002G296500	8	579
SORBI_3002G296600	8	580
SORBI_3002G296800	8	581
SORBI_3002G296900	8	582
SORBI_3002G297000	8	583
SORBI_3002G297100	8	584
SORBI_3002G297200	8	585
SORBI_3002G297300	8	586
SORBI_3002G297400	8	587
SORBI_3002G297500	8	588
SORBI_3002G297600	8	589
SORBI_3002G297700	8	590
SORBI_3002G297800	8	591
SORBI_3002G297900	8	592
SORBI_3002G298100	8	593
SORBI_3002G298201	8	594
SORBI_3002G298300	8	595
SORBI_3002G298400	8	596
SORBI_3002G298500	8	597
SORBI_3002G298600	8	598
SORBI_3002G298700	8	599
SORBI_3002G298800	8	600
SORBI_3002G298900	8	601
SORBI_3002G299000	8	602
SORBI_3002G299100	8	603
SORBI_3002G299200	8	604
SORBI_3002G299300	8	605
SORBI_3002G299400	8	606
SORBI_3002G299500	8	607
SORBI_3002G299600	8	608
SORBI_3002G299700	8	609
SORBI_3002G299800	8	610
SORBI_3002G299900	8	611
SORBI_3002G300000	8	612
SORBI_3002G300100	8	613
SORBI_3002G300300	8	614
SORBI_3002G300400	8	615
SORBI_3002G300500	8	616
SORBI_3002G300600	8	617
SORBI_3002G300700	8	618
SORBI_3002G300800	8	619
SORBI_3002G300850	8	620
SORBI_3002G300900	8	621
SORBI_3002G300950	8	622
SORBI_3002G301000	8	623
SORBI_3002G301100	8	624
SORBI_3002G301200	8	625
SORBI_3002G301300	8	626
SORBI_3002G301400	8	627
SORBI_3002G301500	8	628
SORBI_3002G301600	8	629
SORBI_3002G301700	8	630
SORBI_3002G301800	8	631
SORBI_3002G301900	8	632
SORBI_3002G302000	8	633
SORBI_3002G302100	8	634
SORBI_3002G302200	8	635
SORBI_3002G302300	8	636
SORBI_3002G302400	8	637
SORBI_3002G302500	8	638
SORBI_3002G302600	8	639
SORBI_3002G302700	8	640
SORBI_3002G302800	8	641
SORBI_3002G302900	8	642
SORBI_3002G303000	8	643
SORBI_3002G303100	8	644
SORBI_3002G303200	8	645
SORBI_3002G303300	8	646
SORBI_3002G303400	8	647
SORBI_3002G303500	8	648
SORBI_3002G303600	8	649
SORBI_3002G303700	8	650
SORBI_3002G303800	8	651
SORBI_3002G303900	8	652
SORBI_3002G303950	8	653
SORBI_3002G304000	8	654
SORBI_3002G304100	8	655
SORBI_3002G304200	8	656
SORBI_3002G304300	8	657
SORBI_3002G304400	8	658
SORBI_3002G304500	8	659
SORBI_3002G304600	8	660
SORBI_3002G304700	8	661
SORBI_3002G304801	8	662
SORBI_3002G304900	8	663
SORBI_3002G305000	8	664
SORBI_3002G305100	8	665
SORBI_3002G305200	8	666
SORBI_3002G305300	8	667
SORBI_3002G305400	8	668
SORBI_3002G305500	8	669
SORBI_3002G305600	8	670
SORBI_3002G305700	8	671
SORBI_3002G305750	8	672
SORBI_3002G305800	8	673
SORBI_3002G305900	8	674
SORBI_3002G306000	8	675
SORBI_3002G306100	8	676
SORBI_3002G306201	8	677
SORBI_3002G306300	8	678
SORBI_3002G306400	8	679
SORBI_3002G306500	8	680
SORBI_3002G306600	8	681
SORBI_3002G306700	8	682
SORBI_3002G306800	8	683
SORBI_3002G306900	8	684
SORBI_3002G307000	8	685
SORBI_3002G307100	8	686
SORBI_3002G307200	8	687
SORBI_3002G307300	8	688
SORBI_3002G307400	8	689
SORBI_3002G307500	8	690
SORBI_3002G307600	8	691
SORBI_3002G307700	8	692
SORBI_3002G307800	8	693
SORBI_3002G307900	8	694
SORBI_3002G308000	8	695
SORBI_3002G308200	8	696
SORBI_3002G308300	8	697
SORBI_3002G308400	8	698
SORBI_3002G308500	8	699
SORBI_3002G308600	8	700
SORBI_3002G308700	8	701
SORBI_3002G308800	8	702
SORBI_3002G308900	8	703
SORBI_3002G309000	8	704
SORBI_3002G309100	8	705
SORBI_3002G309150	8	706
SORBI_3002G309200	8	707
SORBI_3002G309300	8	708
SORBI_3002G309400	8	709
SORBI_3002G309500	8	710
SORBI_3002G309600	8	711
SORBI_3002G309700	8	712
SORBI_3002G309800	8	713
SORBI_3002G309900	8	714
SORBI_3002G310000	8	715
SORBI_3002G310100	8	716
SORBI_3002G310200	8	717
SORBI_3002G310300	8	718
SORBI_3002G310400	8	719
SORBI_3002G310500	8	720
SORBI_3002G310600	8	721
SORBI_3002G310800	8	722
SORBI_3002G310900	8	723
SORBI_3002G311000	8	724
SORBI_3002G311100	8	725
SORBI_3002G311200	8	726
SORBI_3002G311300	8	727
SORBI_3002G311350	8	728
SORBI_3002G311400	8	729
SORBI_3002G311501	8	730
SORBI_3002G311601	8	731
SORBI_3002G311700	8	732
SORBI_3002G311900	8	733
SORBI_3002G312000	8	734
SORBI_3002G312100	8	735
SORBI_3002G312200	8	736
SORBI_3002G312300	8	737
SORBI_3002G312400	8	738
SORBI_3002G312500	8	739
SORBI_3002G312550	8	740
SORBI_3002G312600	8	741
SORBI_3002G312700	8	742
SORBI_3002G312800	8	743
SORBI_3002G312900	8	744
SORBI_3002G313000	8	745
SORBI_3002G313100	8	746
SORBI_3002G313300	8	747
SORBI_3002G313400	8	748
SORBI_3002G313500	8	749
SORBI_3002G313600	8	750
SORBI_3002G313700	8	751
SORBI_3002G313800	8	752
SORBI_3002G313850	8	753
SORBI_3002G313900	8	754
SORBI_3002G314000	8	755
SORBI_3002G314100	8	756
SORBI_3002G314200	8	757
SORBI_3002G314300	8	758
SORBI_3002G314400	8	759
SORBI_3002G314500	8	760
SORBI_3002G314600	8	761
SORBI_3002G314700	8	762
SORBI_3002G314800	8	763
SORBI_3002G314900	8	764
SORBI_3002G314950	8	765
SORBI_3002G315000	8	766
SORBI_3002G315100	8	767
SORBI_3002G315200	8	768
SORBI_3002G315400	8	769
SORBI_3002G315450	8	770
SORBI_3002G315500	8	771
SORBI_3002G315700	8	772
SORBI_3002G315800	8	773
SORBI_3002G315900	8	774
SORBI_3002G316000	8	775
SORBI_3002G316100	8	776
SORBI_3002G316200	8	777
SORBI_3002G316301	8	778
SORBI_3002G316400	8	779
SORBI_3002G316500	8	780
SORBI_3002G316600	8	781
SORBI_3002G316700	8	782
SORBI_3002G316800	8	783
SORBI_3002G316900	8	784
SORBI_3002G317001	8	785
SORBI_3002G317100	8	786
SORBI_3002G317200	8	787
SORBI_3002G317300	8	788
SORBI_3002G317350	8	789
SORBI_3002G317400	8	790
SORBI_3002G317500	8	791
SORBI_3002G317600	8	792
SORBI_3002G317700	8	793
SORBI_3002G317800	8	794
SORBI_3002G317900	8	795
SORBI_3002G318000	8	796
SORBI_3002G318100	8	797
SORBI_3002G318200	8	798
SORBI_3002G318300	8	799
SORBI_3002G318400	8	800
SORBI_3002G318501	8	801
SORBI_3002G318600	8	802
SORBI_3002G318700	8	803
SORBI_3002G318800	8	804
SORBI_3002G318900	8	805
SORBI_3002G319100	8	806
SORBI_3002G319200	8	807
SORBI_3002G319300	8	808
SORBI_3002G319400	8	809
SORBI_3002G319500	8	810
SORBI_3002G319600	8	811
SORBI_3002G319700	8	812
SORBI_3002G319766	8	813
SORBI_3002G319832	8	814
SORBI_3002G319900	8	815
SORBI_3002G320001	8	816
SORBI_3002G320100	8	817
SORBI_3002G320200	8	818
SORBI_3002G320300	8	819
SORBI_3002G320500	8	820
SORBI_3002G320600	8	821
SORBI_3002G320700	8	822
SORBI_3002G320800	8	823
SORBI_3002G320900	8	824
SORBI_3002G321000	8	825
SORBI_3002G321100	8	826
SORBI_3002G321200	8	827
SORBI_3002G321300	8	828
SORBI_3002G321400	8	829
SORBI_3002G321500	8	830
SORBI_3002G321600	8	831
SORBI_3002G321700	8	832
SORBI_3002G321800	8	833
SORBI_3002G321901	8	834
SORBI_3002G322000	8	835
SORBI_3002G322100	8	836
SORBI_3002G322101	8	837
SORBI_3002G322200	8	838
SORBI_3002G322300	8	839
SORBI_3002G322350	8	840
SORBI_3002G322400	8	841
SORBI_3002G322500	8	842
SORBI_3002G322600	8	843
SORBI_3002G322700	8	844
SORBI_3002G322800	8	845
SORBI_3002G322900	8	846
SORBI_3002G323000	8	847
SORBI_3002G323200	8	848
SORBI_3002G323300	8	849
SORBI_3002G323400	8	850
SORBI_3002G323500	8	851
SORBI_3002G323600	8	852
SORBI_3002G323700	8	853
SORBI_3002G323800	8	854
SORBI_3002G323900	8	855
SORBI_3002G324000	8	856
SORBI_3002G324100	8	857
SORBI_3002G324200	8	858
SORBI_3002G324300	8	859
SORBI_3002G324400	8	860
SORBI_3002G324500	8	861
SORBI_3002G324700	8	862
SORBI_3002G324801	8	863
SORBI_3002G324900	8	864
SORBI_3002G325000	8	865
SORBI_3002G325100	8	866
SORBI_3002G325200	8	867
SORBI_3002G325300	8	868
SORBI_3002G325400	8	869
SORBI_3002G325500	8	870
SORBI_3002G325600	8	871
SORBI_3002G325700	8	872
SORBI_3002G325800	8	873
SORBI_3002G325900	8	874
SORBI_3002G326000	8	875
SORBI_3002G326050	8	876
SORBI_3002G326100	8	877
SORBI_3002G326200	8	878
SORBI_3002G326300	8	879
SORBI_3002G326400	8	880
SORBI_3002G326500	8	881
SORBI_3002G326650	8	882
SORBI_3002G326800	8	883
SORBI_3002G326900	8	884
SORBI_3002G327000	8	885
SORBI_3002G327100	8	886
SORBI_3002G327201	8	887
SORBI_3002G327300	8	888
SORBI_3002G327400	8	889
SORBI_3002G327500	8	890
SORBI_3002G327600	8	891
SORBI_3002G327700	8	892
SORBI_3002G327800	8	893
SORBI_3002G327900	8	894
SORBI_3002G328000	8	895
SORBI_3002G328100	8	896
SORBI_3002G328200	8	897
SORBI_3002G328250	8	898
SORBI_3002G328300	8	899
SORBI_3002G328400	8	900
SORBI_3002G328500	8	901
SORBI_3002G328550	8	902
SORBI_3002G328600	8	903
SORBI_3002G328800	8	904
SORBI_3002G328900	8	905
SORBI_3002G329000	8	906
SORBI_3002G329100	8	907
SORBI_3002G329200	8	908
SORBI_3002G329300	8	909
SORBI_3002G329400	8	910
SORBI_3002G329500	8	911
SORBI_3002G329600	8	912
SORBI_3002G329700	8	913
SORBI_3002G329800	8	914
SORBI_3002G329900	8	915
SORBI_3002G330000	8	916
SORBI_3002G330100	8	917
SORBI_3002G330200	8	918
SORBI_3002G330300	8	919
SORBI_3002G330400	8	920
SORBI_3002G330500	8	921
SORBI_3002G330600	8	922
SORBI_3002G330700	8	923
SORBI_3002G330800	8	924
SORBI_3002G330900	8	925
SORBI_3002G331000	8	926
SORBI_3002G331050	8	927
SORBI_3002G331100	8	928
SORBI_3002G331200	8	929
SORBI_3002G331300	8	930
SORBI_3002G331400	8	931
SORBI_3002G331450	8	932
SORBI_3002G331500	8	933
SORBI_3002G331600	8	934
SORBI_3002G331700	8	935
SORBI_3002G331800	8	936
SORBI_3002G331900	8	937
SORBI_3002G332000	8	938
SORBI_3002G332100	8	939
SORBI_3002G332200	8	940
SORBI_3002G332300	8	941
SORBI_3002G332400	8	942
SORBI_3002G332500	8	943
SORBI_3002G332600	8	944
SORBI_3002G332750	8	945
SORBI_3002G332900	8	946
SORBI_3002G333001	8	947
SORBI_3002G333100	8	948
SORBI_3002G333200	8	949
SORBI_3002G333300	8	950
SORBI_3002G333400	8	951
SORBI_3002G333500	8	952
SORBI_3002G333600	8	953
SORBI_3002G333700	8	954
SORBI_3002G333800	8	955
SORBI_3002G333900	8	956
SORBI_3002G334000	8	957
SORBI_3002G334100	8	958
SORBI_3002G334200	8	959
SORBI_3002G334300	8	960
SORBI_3002G334400	8	961
SORBI_3002G334500	8	962
SORBI_3002G334600	8	963
SORBI_3002G334700	8	964
SORBI_3002G334800	8	965
SORBI_3002G334900	8	966
SORBI_3002G335000	8	967
SORBI_3002G335100	8	968
SORBI_3002G335200	8	969
SORBI_3002G335300	8	970
SORBI_3002G335400	8	971
SORBI_3002G335500	8	972
SORBI_3002G335600	8	973
SORBI_3002G335700	8	974
SORBI_3002G335900	8	975
SORBI_3002G336000	8	976
SORBI_3002G336100	8	977
SORBI_3002G336200	8	978
SORBI_3002G336400	8	979
SORBI_3002G336500	8	980
SORBI_3002G336600	8	981
SORBI_3002G336700	8	982
SORBI_3002G336800	8	983
SORBI_3002G336900	8	984
SORBI_3002G337001	8	985
SORBI_3002G337100	8	986
SORBI_3002G337300	8	987
SORBI_3002G337400	8	988
SORBI_3002G337500	8	989
SORBI_3002G337600	8	990
SORBI_3002G337700	8	991
SORBI_3002G337800	8	992
SORBI_3002G338000	8	993
SORBI_3002G338100	8	994
SORBI_3002G338200	8	995
SORBI_3002G338250	8	996
SORBI_3002G338300	8	997
SORBI_3002G338400	8	998
SORBI_3002G338450	8	999
SORBI_3002G338500	8	1000
SORBI_3002G338600	8	1001
SORBI_3002G338700	8	1002
SORBI_3002G338800	8	1003
SORBI_3002G338900	8	1004
SORBI_3002G339000	8	1005
SORBI_3002G339100	8	1006
SORBI_3002G339200	8	1007
SORBI_3002G339250	8	1008
SORBI_3002G339300	8	1009
SORBI_3002G339400	8	1010
SORBI_3002G339500	8	1011
SORBI_3002G339600	8	1012
SORBI_3002G339666	8	1013
SORBI_3002G339732	8	1014
SORBI_3002G339800	8	1015
SORBI_3002G339900	8	1016
SORBI_3002G340000	8	1017
SORBI_3002G340100	8	1018
SORBI_3002G340200	8	1019
SORBI_3002G340350	8	1020
SORBI_3002G340500	8	1021
SORBI_3002G340600	8	1022
SORBI_3002G340700	8	1023
SORBI_3002G340900	9	0
SORBI_3002G341000	9	1
SORBI_3002G341100	9	2
SORBI_3002G341200	9	3
SORBI_3002G341300	9	4
SORBI_3002G341400	9	5
SORBI_3002G341500	9	6
SORBI_3002G341600	9	7
SORBI_3002G341700	9	8
SORBI_3002G341800	9	9
SORBI_3002G341900	9	10
SORBI_3002G342000	9	11
SORBI_3002G342100	9	12
SORBI_3002G342200	9	13
SORBI_3002G342300	9	14
SORBI_3002G342400	9	15
SORBI_3002G342500	9	16
SORBI_3002G342600	9	17
SORBI_3002G342700	9	18
SORBI_3002G342800	9	19
SORBI_3002G342901	9	20
SORBI_3002G343000	9	21
SORBI_3002G343100	9	22
SORBI_3002G343200	9	23
SORBI_3002G343300	9	24
SORBI_3002G343400	9	25
SORBI_3002G343500	9	26
SORBI_3002G343600	9	27
SORBI_3002G343700	9	28
SORBI_3002G343800	9	29
SORBI_3002G343901	9	30
SORBI_3002G344000	9	31
SORBI_3002G344100	9	32
SORBI_3002G344201	9	33
SORBI_3002G344301	9	34
SORBI_3002G344400	9	35
SORBI_3002G344500	9	36
SORBI_3002G344600	9	37
SORBI_3002G344700	9	38
SORBI_3002G344800	9	39
SORBI_3002G344900	9	40
SORBI_3002G345000	9	41
SORBI_3002G345100	9	42
SORBI_3002G345200	9	43
SORBI_3002G345300	9	44
SORBI_3002G345400	9	45
SORBI_3002G345500	9	46
SORBI_3002G345600	9	47
SORBI_3002G345700	9	48
SORBI_3002G345800	9	49
SORBI_3002G345850	9	50
SORBI_3002G345900	9	51
SORBI_3002G346000	9	52
SORBI_3002G346100	9	53
SORBI_3002G346200	9	54
SORBI_3002G346250	9	55
SORBI_3002G346300	9	56
SORBI_3002G346400	9	57
SORBI_3002G346501	9	58
SORBI_3002G346600	9	59
SORBI_3002G346700	9	60
SORBI_3002G346800	9	61
SORBI_3002G346900	9	62
SORBI_3002G347000	9	63
SORBI_3002G347100	9	64
SORBI_3002G347200	9	65
SORBI_3002G347300	9	66
SORBI_3002G347400	9	67
SORBI_3002G347500	9	68
SORBI_3002G347600	9	69
SORBI_3002G347700	9	70
SORBI_3002G347750	9	71
SORBI_3002G347800	9	72
SORBI_3002G347850	9	73
SORBI_3002G347900	9	74
SORBI_3002G348000	9	75
SORBI_3002G348100	9	76
SORBI_3002G348200	9	77
SORBI_3002G348300	9	78
SORBI_3002G348400	9	79
SORBI_3002G348500	9	80
SORBI_3002G348600	9	81
SORBI_3002G348700	9	82
SORBI_3002G348800	9	83
SORBI_3002G348850	9	84
SORBI_3002G348900	9	85
SORBI_3002G349000	9	86
SORBI_3002G349100	9	87
SORBI_3002G349200	9	88
SORBI_3002G349300	9	89
SORBI_3002G349400	9	90
SORBI_3002G349500	9	91
SORBI_3002G349600	9	92
SORBI_3002G349800	9	93
SORBI_3002G349900	9	94
SORBI_3002G350000	9	95
SORBI_3002G350100	9	96
SORBI_3002G350200	9	97
SORBI_3002G350300	9	98
SORBI_3002G350400	9	99
SORBI_3002G350500	9	100
SORBI_3002G350600	9	101
SORBI_3002G350700	9	102
SORBI_3002G350800	9	103
SORBI_3002G350901	9	104
SORBI_3002G351000	9	105
SORBI_3002G351100	9	106
SORBI_3002G351200	9	107
SORBI_3002G351300	9	108
SORBI_3002G351400	9	109
SORBI_3002G351500	9	110
SORBI_3002G351600	9	111
SORBI_3002G351700	9	112
SORBI_3002G351801	9	113
SORBI_3002G351900	9	114
SORBI_3002G352000	9	115
SORBI_3002G352100	9	116
SORBI_3002G352200	9	117
SORBI_3002G352301	9	118
SORBI_3002G352401	9	119
SORBI_3002G352501	9	120
SORBI_3002G352600	9	121
SORBI_3002G352700	9	122
SORBI_3002G352800	9	123
SORBI_3002G352900	9	124
SORBI_3002G353000	9	125
SORBI_3002G353100	9	126
SORBI_3002G353200	9	127
SORBI_3002G353300	9	128
SORBI_3002G353400	9	129
SORBI_3002G353450	9	130
SORBI_3002G353500	9	131
SORBI_3002G353600	9	132
SORBI_3002G353700	9	133
SORBI_3002G353800	9	134
SORBI_3002G353900	9	135
SORBI_3002G354000	9	136
SORBI_3002G354100	9	137
SORBI_3002G354200	9	138
SORBI_3002G354300	9	139
SORBI_3002G354400	9	140
SORBI_3002G354501	9	141
SORBI_3002G354600	9	142
SORBI_3002G354700	9	143
SORBI_3002G354800	9	144
SORBI_3002G354900	9	145
SORBI_3002G355000	9	146
SORBI_3002G355100	9	147
SORBI_3002G355200	9	148
SORBI_3002G355300	9	149
SORBI_3002G355400	9	150
SORBI_3002G355500	9	151
SORBI_3002G355600	9	152
SORBI_3002G355700	9	153
SORBI_3002G355800	9	154
SORBI_3002G355900	9	155
SORBI_3002G356000	9	156
SORBI_3002G356101	9	157
SORBI_3002G356200	9	158
SORBI_3002G356300	9	159
SORBI_3002G356400	9	160
SORBI_3002G356500	9	161
SORBI_3002G356600	9	162
SORBI_3002G356700	9	163
SORBI_3002G356800	9	164
SORBI_3002G356900	9	165
SORBI_3002G357000	9	166
SORBI_3002G357100	9	167
SORBI_3002G357200	9	168
SORBI_3002G357300	9	169
SORBI_3002G357400	9	170
SORBI_3002G357500	9	171
SORBI_3002G357600	9	172
SORBI_3002G357700	9	173
SORBI_3002G357800	9	174
SORBI_3002G357900	9	175
SORBI_3002G357950	9	176
SORBI_3002G358000	9	177
SORBI_3002G358100	9	178
SORBI_3002G358200	9	179
SORBI_3002G358300	9	180
SORBI_3002G358400	9	181
SORBI_3002G358450	9	182
SORBI_3002G358500	9	183
SORBI_3002G358600	9	184
SORBI_3002G358800	9	185
SORBI_3002G358900	9	186
SORBI_3002G359000	9	187
SORBI_3002G359100	9	188
SORBI_3002G359200	9	189
SORBI_3002G359300	9	190
SORBI_3002G359400	9	191
SORBI_3002G359500	9	192
SORBI_3002G359600	9	193
SORBI_3002G359700	9	194
SORBI_3002G359800	9	195
SORBI_3002G359900	9	196
SORBI_3002G360000	9	197
SORBI_3002G360100	9	198
SORBI_3002G360200	9	199
SORBI_3002G360301	9	200
SORBI_3002G360400	9	201
SORBI_3002G360500	9	202
SORBI_3002G360600	9	203
SORBI_3002G360701	9	204
SORBI_3002G360801	9	205
SORBI_3002G360900	9	206
SORBI_3002G361001	9	207
SORBI_3002G361100	9	208
SORBI_3002G361200	9	209
SORBI_3002G361300	9	210
SORBI_3002G361400	9	211
SORBI_3002G361500	9	212
SORBI_3002G361600	9	213
SORBI_3002G361700	9	214
SORBI_3002G361800	9	215
SORBI_3002G361900	9	216
SORBI_3002G362000	9	217
SORBI_3002G362100	9	218
SORBI_3002G362200	9	219
SORBI_3002G362300	9	220
SORBI_3002G362400	9	221
SORBI_3002G362500	9	222
SORBI_3002G362600	9	223
SORBI_3002G362700	9	224
SORBI_3002G362800	9	225
SORBI_3002G362900	9	226
SORBI_3002G363000	9	227
SORBI_3002G363100	9	228
SORBI_3002G363200	9	229
SORBI_3002G363300	9	230
SORBI_3002G363400	9	231
SORBI_3002G363433	9	232
SORBI_3002G363466	9	233
SORBI_3002G363500	9	234
SORBI_3002G363600	9	235
SORBI_3002G363700	9	236
SORBI_3002G363800	9	237
SORBI_3002G363901	9	238
SORBI_3002G364000	9	239
SORBI_3002G364100	9	240
SORBI_3002G364301	9	241
SORBI_3002G364500	9	242
SORBI_3002G364600	9	243
SORBI_3002G364700	9	244
SORBI_3002G364800	9	245
SORBI_3002G364900	9	246
SORBI_3002G365100	9	247
SORBI_3002G365200	9	248
SORBI_3002G365300	9	249
SORBI_3002G365400	9	250
SORBI_3002G365500	9	251
SORBI_3002G365550	9	252
SORBI_3002G365600	9	253
SORBI_3002G365700	9	254
SORBI_3002G365801	9	255
SORBI_3002G365900	9	256
SORBI_3002G366000	9	257
SORBI_3002G366100	9	258
SORBI_3002G366200	9	259
SORBI_3002G366300	9	260
SORBI_3002G366400	9	261
SORBI_3002G366500	9	262
SORBI_3002G366600	9	263
SORBI_3002G366700	9	264
SORBI_3002G366800	9	265
SORBI_3002G366900	9	266
SORBI_3002G367000	9	267
SORBI_3002G367100	9	268
SORBI_3002G367200	9	269
SORBI_3002G367300	9	270
SORBI_3002G367400	9	271
SORBI_3002G367500	9	272
SORBI_3002G367600	9	273
SORBI_3002G367700	9	274
SORBI_3002G367800	9	275
SORBI_3002G367850	9	276
SORBI_3002G367900	9	277
SORBI_3002G368000	9	278
SORBI_3002G368100	9	279
SORBI_3002G368200	9	280
SORBI_3002G368300	9	281
SORBI_3002G368400	9	282
SORBI_3002G368500	9	283
SORBI_3002G368600	9	284
SORBI_3002G368700	9	285
SORBI_3002G368800	9	286
SORBI_3002G368901	9	287
SORBI_3002G369000	9	288
SORBI_3002G369100	9	289
SORBI_3002G369200	9	290
SORBI_3002G369301	9	291
SORBI_3002G369400	9	292
SORBI_3002G369500	9	293
SORBI_3002G369600	9	294
SORBI_3002G369701	9	295
SORBI_3002G369800	9	296
SORBI_3002G370000	9	297
SORBI_3002G370100	9	298
SORBI_3002G370150	9	299
SORBI_3002G370200	9	300
SORBI_3002G370300	9	301
SORBI_3002G370400	9	302
SORBI_3002G370500	9	303
SORBI_3002G370600	9	304
SORBI_3002G370700	9	305
SORBI_3002G370800	9	306
SORBI_3002G370900	9	307
SORBI_3002G371000	9	308
SORBI_3002G371100	9	309
SORBI_3002G371200	9	310
SORBI_3002G371300	9	311
SORBI_3002G371400	9	312
SORBI_3002G371500	9	313
SORBI_3002G371600	9	314
SORBI_3002G371700	9	315
SORBI_3002G371800	9	316
SORBI_3002G371900	9	317
SORBI_3002G372000	9	318
SORBI_3002G372100	9	319
SORBI_3002G372200	9	320
SORBI_3002G372300	9	321
SORBI_3002G372400	9	322
SORBI_3002G372500	9	323
SORBI_3002G372600	9	324
SORBI_3002G372700	9	325
SORBI_3002G372800	9	326
SORBI_3002G372900	9	327
SORBI_3002G373001	9	328
SORBI_3002G373100	9	329
SORBI_3002G373200	9	330
SORBI_3002G373300	9	331
SORBI_3002G373400	9	332
SORBI_3002G373500	9	333
SORBI_3002G373600	9	334
SORBI_3002G373700	9	335
SORBI_3002G373800	9	336
SORBI_3002G373900	9	337
SORBI_3002G373950	9	338
SORBI_3002G374000	9	339
SORBI_3002G374100	9	340
SORBI_3002G374200	9	341
SORBI_3002G374300	9	342
SORBI_3002G374400	9	343
SORBI_3002G374500	9	344
SORBI_3002G374600	9	345
SORBI_3002G374650	9	346
SORBI_3002G374700	9	347
SORBI_3002G374900	9	348
SORBI_3002G375000	9	349
SORBI_3002G375100	9	350
SORBI_3002G375200	9	351
SORBI_3002G375300	9	352
SORBI_3002G375400	9	353
SORBI_3002G375500	9	354
SORBI_3002G375600	9	355
SORBI_3002G375701	9	356
SORBI_3002G375800	9	357
SORBI_3002G375900	9	358
SORBI_3002G375950	9	359
SORBI_3002G376000	9	360
SORBI_3002G376100	9	361
SORBI_3002G376200	9	362
SORBI_3002G376300	9	363
SORBI_3002G376400	9	364
SORBI_3002G376500	9	365
SORBI_3002G376600	9	366
SORBI_3002G376700	9	367
SORBI_3002G376800	9	368
SORBI_3002G376900	9	369
SORBI_3002G377000	9	370
SORBI_3002G377100	9	371
SORBI_3002G377200	9	372
SORBI_3002G377300	9	373
SORBI_3002G377400	9	374
SORBI_3002G377501	9	375
SORBI_3002G377600	9	376
SORBI_3002G377700	9	377
SORBI_3002G377800	9	378
SORBI_3002G377900	9	379
SORBI_3002G378000	9	380
SORBI_3002G378100	9	381
SORBI_3002G378200	9	382
SORBI_3002G378300	9	383
SORBI_3002G378401	9	384
SORBI_3002G378500	9	385
SORBI_3002G378600	9	386
SORBI_3002G378700	9	387
SORBI_3002G378800	9	388
SORBI_3002G378900	9	389
SORBI_3002G379000	9	390
SORBI_3002G379100	9	391
SORBI_3002G379200	9	392
SORBI_3002G379201	9	393
SORBI_3002G379300	9	394
SORBI_3002G379400	9	395
SORBI_3002G379500	9	396
SORBI_3002G379600	9	397
SORBI_3002G379700	9	398
SORBI_3002G379750	9	399
SORBI_3002G379800	9	400
SORBI_3002G379866	9	401
SORBI_3002G379932	9	402
SORBI_3002G380000	9	403
SORBI_3002G380100	9	404
SORBI_3002G380150	9	405
SORBI_3002G380200	9	406
SORBI_3002G380300	9	407
SORBI_3002G380400	9	408
SORBI_3002G380500	9	409
SORBI_3002G380550	9	410
SORBI_3002G380600	9	411
SORBI_3002G380700	9	412
SORBI_3002G380750	9	413
SORBI_3002G380800	9	414
SORBI_3002G381100	9	415
SORBI_3002G381200	9	416
SORBI_3002G381300	9	417
SORBI_3002G381400	9	418
SORBI_3002G381500	9	419
SORBI_3002G381600	9	420
SORBI_3002G381700	9	421
SORBI_3002G381750	9	422
SORBI_3002G381800	9	423
SORBI_3002G381900	9	424
SORBI_3002G382001	9	425
SORBI_3002G382100	9	426
SORBI_3002G382200	9	427
SORBI_3002G382300	9	428
SORBI_3002G382400	9	429
SORBI_3002G382500	9	430
SORBI_3002G382600	9	431
SORBI_3002G382700	9	432
SORBI_3002G382800	9	433
SORBI_3002G382900	9	434
SORBI_3002G382950	9	435
SORBI_3002G383000	9	436
SORBI_3002G383050	9	437
SORBI_3002G383100	9	438
SORBI_3002G383300	9	439
SORBI_3002G383400	9	440
SORBI_3002G383500	9	441
SORBI_3002G383600	9	442
SORBI_3002G383700	9	443
SORBI_3002G383800	9	444
SORBI_3002G383900	9	445
SORBI_3002G384000	9	446
SORBI_3002G384100	9	447
SORBI_3002G384150	9	448
SORBI_3002G384200	9	449
SORBI_3002G384300	9	450
SORBI_3002G384400	9	451
SORBI_3002G384500	9	452
SORBI_3002G384600	9	453
SORBI_3002G384700	9	454
SORBI_3002G384800	9	455
SORBI_3002G384900	9	456
SORBI_3002G385000	9	457
SORBI_3002G385100	9	458
SORBI_3002G385200	9	459
SORBI_3002G385300	9	460
SORBI_3002G385400	9	461
SORBI_3002G385450	9	462
SORBI_3002G385500	9	463
SORBI_3002G385601	9	464
SORBI_3002G385700	9	465
SORBI_3002G385800	9	466
SORBI_3002G385900	9	467
SORBI_3002G386000	9	468
SORBI_3002G386100	9	469
SORBI_3002G386200	9	470
SORBI_3002G386300	9	471
SORBI_3002G386400	9	472
SORBI_3002G386500	9	473
SORBI_3002G386600	9	474
SORBI_3002G386700	9	475
SORBI_3002G386800	9	476
SORBI_3002G386900	9	477
SORBI_3002G387000	9	478
SORBI_3002G387100	9	479
SORBI_3002G387200	9	480
SORBI_3002G387300	9	481
SORBI_3002G387400	9	482
SORBI_3002G387450	9	483
SORBI_3002G387500	9	484
SORBI_3002G387600	9	485
SORBI_3002G387701	9	486
SORBI_3002G387800	9	487
SORBI_3002G387900	9	488
SORBI_3002G388000	9	489
SORBI_3002G388100	9	490
SORBI_3002G388200	9	491
SORBI_3002G388400	9	492
SORBI_3002G388500	9	493
SORBI_3002G388600	9	494
SORBI_3002G388700	9	495
SORBI_3002G388800	9	496
SORBI_3002G388900	9	497
SORBI_3002G389000	9	498
SORBI_3002G389100	9	499
SORBI_3002G389200	9	500
SORBI_3002G389301	9	501
SORBI_3002G389400	9	502
SORBI_3002G389500	9	503
SORBI_3002G389600	9	504
SORBI_3002G389800	9	505
SORBI_3002G389900	9	506
SORBI_3002G390000	9	507
SORBI_3002G390100	9	508
SORBI_3002G390200	9	509
SORBI_3002G390300	9	510
SORBI_3002G390400	9	511
SORBI_3002G390500	9	512
SORBI_3002G390600	9	513
SORBI_3002G390700	9	514
SORBI_3002G390800	9	515
SORBI_3002G390900	9	516
SORBI_3002G391000	9	517
SORBI_3002G391100	9	518
SORBI_3002G391200	9	519
SORBI_3002G391300	9	520
SORBI_3002G391400	9	521
SORBI_3002G391501	9	522
SORBI_3002G391600	9	523
SORBI_3002G391700	9	524
SORBI_3002G391800	9	525
SORBI_3002G391900	9	526
SORBI_3002G392000	9	527
SORBI_3002G392100	9	528
SORBI_3002G392200	9	529
SORBI_3002G392300	9	530
SORBI_3002G392400	9	531
SORBI_3002G392500	9	532
SORBI_3002G392550	9	533
SORBI_3002G392600	9	534
SORBI_3002G392700	9	535
SORBI_3002G392800	9	536
SORBI_3002G392900	9	537
SORBI_3002G393000	9	538
SORBI_3002G393100	9	539
SORBI_3002G393200	9	540
SORBI_3002G393266	9	541
SORBI_3002G393332	9	542
SORBI_3002G393400	9	543
SORBI_3002G393500	9	544
SORBI_3002G393600	9	545
SORBI_3002G393700	9	546
SORBI_3002G393800	9	547
SORBI_3002G393900	9	548
SORBI_3002G393950	9	549
SORBI_3002G394000	9	550
SORBI_3002G394100	9	551
SORBI_3002G394200	9	552
SORBI_3002G394300	9	553
SORBI_3002G394400	9	554
SORBI_3002G394433	9	555
SORBI_3002G394466	9	556
SORBI_3002G394500	9	557
SORBI_3002G394550	9	558
SORBI_3002G394600	9	559
SORBI_3002G394700	9	560
SORBI_3002G394800	9	561
SORBI_3002G394900	9	562
SORBI_3002G395000	9	563
SORBI_3002G395100	9	564
SORBI_3002G395200	9	565
SORBI_3002G395300	9	566
SORBI_3002G395400	9	567
SORBI_3002G395500	9	568
SORBI_3002G395600	9	569
SORBI_3002G395700	9	570
SORBI_3002G395801	9	571
SORBI_3002G395900	9	572
SORBI_3002G396000	9	573
SORBI_3002G396050	9	574
SORBI_3002G396100	9	575
SORBI_3002G396200	9	576
SORBI_3002G396300	9	577
SORBI_3002G396400	9	578
SORBI_3002G396500	9	579
SORBI_3002G396600	9	580
SORBI_3002G396700	9	581
SORBI_3002G396800	9	582
SORBI_3002G396900	9	583
SORBI_3002G397001	9	584
SORBI_3002G397100	9	585
SORBI_3002G397200	9	586
SORBI_3002G397300	9	587
SORBI_3002G397400	9	588
SORBI_3002G397500	9	589
SORBI_3002G397600	9	590
SORBI_3002G397650	9	591
SORBI_3002G397700	9	592
SORBI_3002G397900	9	593
SORBI_3002G398000	9	594
SORBI_3002G398100	9	595
SORBI_3002G398200	9	596
SORBI_3002G398300	9	597
SORBI_3002G398400	9	598
SORBI_3002G398500	9	599
SORBI_3002G398600	9	600
SORBI_3002G398700	9	601
SORBI_3002G398800	9	602
SORBI_3002G398901	9	603
SORBI_3002G399000	9	604
SORBI_3002G399100	9	605
SORBI_3002G399200	9	606
SORBI_3002G399300	9	607
SORBI_3002G399400	9	608
SORBI_3002G399500	9	609
SORBI_3002G399600	9	610
SORBI_3002G399700	9	611
SORBI_3002G399800	9	612
SORBI_3002G399900	9	613
SORBI_3002G400000	9	614
SORBI_3002G400050	9	615
SORBI_3002G400101	9	616
SORBI_3002G400151	9	617
SORBI_3002G400200	9	618
SORBI_3002G400300	9	619
SORBI_3002G400400	9	620
SORBI_3002G400500	9	621
SORBI_3002G400600	9	622
SORBI_3002G400700	9	623
SORBI_3002G400800	9	624
SORBI_3002G400900	9	625
SORBI_3002G401000	9	626
SORBI_3002G401100	9	627
SORBI_3002G401200	9	628
SORBI_3002G401301	9	629
SORBI_3002G401400	9	630
SORBI_3002G401500	9	631
SORBI_3002G401533	9	632
SORBI_3002G401566	9	633
SORBI_3002G401600	9	634
SORBI_3002G401700	9	635
SORBI_3002G401800	9	636
SORBI_3002G401900	9	637
SORBI_3002G402000	9	638
SORBI_3002G402100	9	639
SORBI_3002G402233	9	640
SORBI_3002G402366	9	641
SORBI_3002G402500	9	642
SORBI_3002G402600	9	643
SORBI_3002G402700	9	644
SORBI_3002G402900	9	645
SORBI_3002G403000	9	646
SORBI_3002G403100	9	647
SORBI_3002G403200	9	648
SORBI_3002G403300	9	649
SORBI_3002G403400	9	650
SORBI_3002G403500	9	651
SORBI_3002G403600	9	652
SORBI_3002G403700	9	653
SORBI_3002G403833	9	654
SORBI_3002G403966	9	655
SORBI_3002G404100	9	656
SORBI_3002G404200	9	657
SORBI_3002G404300	9	658
SORBI_3002G404400	9	659
SORBI_3002G404500	9	660
SORBI_3002G404600	9	661
SORBI_3002G404700	9	662
SORBI_3002G404800	9	663
SORBI_3002G404900	9	664
SORBI_3002G405000	9	665
SORBI_3002G405100	9	666
SORBI_3002G405200	9	667
SORBI_3002G405300	9	668
SORBI_3002G405400	9	669
SORBI_3002G405500	9	670
SORBI_3002G405600	9	671
SORBI_3002G405700	9	672
SORBI_3002G405750	9	673
SORBI_3002G405800	9	674
SORBI_3002G405900	9	675
SORBI_3002G406000	9	676
SORBI_3002G406200	9	677
SORBI_3002G406300	9	678
SORBI_3002G406400	9	679
SORBI_3002G406500	9	680
SORBI_3002G406600	9	681
SORBI_3002G406700	9	682
SORBI_3002G406801	9	683
SORBI_3002G406900	9	684
SORBI_3002G407000	9	685
SORBI_3002G407100	9	686
SORBI_3002G407200	9	687
SORBI_3002G407300	9	688
SORBI_3002G407400	9	689
SORBI_3002G407500	9	690
SORBI_3002G407700	9	691
SORBI_3002G407800	9	692
SORBI_3002G407900	9	693
SORBI_3002G408000	9	694
SORBI_3002G408100	9	695
SORBI_3002G408200	9	696
SORBI_3002G408300	9	697
SORBI_3002G408400	9	698
SORBI_3002G408500	9	699
SORBI_3002G408600	9	700
SORBI_3002G408700	9	701
SORBI_3002G408800	9	702
SORBI_3002G408900	9	703
SORBI_3002G409000	9	704
SORBI_3002G409100	9	705
SORBI_3002G409200	9	706
SORBI_3002G409250	9	707
SORBI_3002G409300	9	708
SORBI_3002G409500	9	709
SORBI_3002G409600	9	710
SORBI_3002G409700	9	711
SORBI_3002G409800	9	712
SORBI_3002G409900	9	713
SORBI_3002G410050	9	714
SORBI_3002G410200	9	715
SORBI_3002G410600	9	716
SORBI_3002G410700	9	717
SORBI_3002G410800	9	718
SORBI_3002G410850	9	719
SORBI_3002G410900	9	720
SORBI_3002G411000	9	721
SORBI_3002G411200	9	722
SORBI_3002G411300	9	723
SORBI_3002G411400	9	724
SORBI_3002G411500	9	725
SORBI_3002G411600	9	726
SORBI_3002G411700	9	727
SORBI_3002G411800	9	728
SORBI_3002G411900	9	729
SORBI_3002G412001	9	730
SORBI_3002G412100	9	731
SORBI_3002G412200	9	732
SORBI_3002G412300	9	733
SORBI_3002G412400	9	734
SORBI_3002G412500	9	735
SORBI_3002G412600	9	736
SORBI_3002G412700	9	737
SORBI_3002G412800	9	738
SORBI_3002G413000	9	739
SORBI_3002G413100	9	740
SORBI_3002G413200	9	741
SORBI_3002G413300	9	742
SORBI_3002G413400	9	743
SORBI_3002G413500	9	744
SORBI_3002G413600	9	745
SORBI_3002G413700	9	746
SORBI_3002G413750	9	747
SORBI_3002G413800	9	748
SORBI_3002G413900	9	749
SORBI_3002G414000	9	750
SORBI_3002G414150	9	751
SORBI_3002G414300	9	752
SORBI_3002G414400	9	753
SORBI_3002G414500	9	754
SORBI_3002G414600	9	755
SORBI_3002G414700	9	756
SORBI_3002G414800	9	757
SORBI_3002G414850	9	758
SORBI_3002G414900	9	759
SORBI_3002G415000	9	760
SORBI_3002G415100	9	761
SORBI_3002G415300	9	762
SORBI_3002G415400	9	763
SORBI_3002G415500	9	764
SORBI_3002G415600	9	765
SORBI_3002G415900	9	766
SORBI_3002G416000	9	767
SORBI_3002G416100	9	768
SORBI_3002G416150	9	769
SORBI_3002G416200	9	770
SORBI_3002G416250	9	771
SORBI_3002G416300	9	772
SORBI_3002G416400	9	773
SORBI_3002G416500	9	774
SORBI_3002G416600	9	775
SORBI_3002G416700	9	776
SORBI_3002G416800	9	777
SORBI_3002G416900	9	778
SORBI_3002G416950	9	779
SORBI_3002G417000	9	780
SORBI_3002G417101	9	781
SORBI_3002G417201	9	782
SORBI_3002G417300	9	783
SORBI_3002G417401	9	784
SORBI_3002G417500	9	785
SORBI_3002G417600	9	786
SORBI_3002G417700	9	787
SORBI_3002G417800	9	788
SORBI_3002G417900	9	789
SORBI_3002G418000	9	790
SORBI_3002G418100	9	791
SORBI_3002G418200	9	792
SORBI_3002G418300	9	793
SORBI_3002G418400	9	794
SORBI_3002G418500	9	795
SORBI_3002G418600	9	796
SORBI_3002G418700	9	797
SORBI_3002G418800	9	798
SORBI_3002G418900	9	799
SORBI_3002G419000	9	800
SORBI_3002G419100	9	801
SORBI_3002G419200	9	802
SORBI_3002G419350	9	803
SORBI_3002G419500	9	804
SORBI_3002G419550	9	805
SORBI_3002G419600	9	806
SORBI_3002G419700	9	807
SORBI_3002G419800	9	808
SORBI_3002G419900	9	809
SORBI_3002G420000	9	810
SORBI_3002G420100	9	811
SORBI_3002G420200	9	812
SORBI_3002G420300	9	813
SORBI_3002G420400	9	814
SORBI_3002G420500	9	815
SORBI_3002G420600	9	816
SORBI_3002G420700	9	817
SORBI_3002G420800	9	818
SORBI_3002G420900	9	819
SORBI_3002G421000	9	820
SORBI_3002G421100	9	821
SORBI_3002G421200	9	822
SORBI_3002G421300	9	823
SORBI_3002G421350	9	824
SORBI_3002G421400	9	825
SORBI_3002G421501	9	826
SORBI_3002G421600	9	827
SORBI_3002G421700	9	828
SORBI_3002G421800	9	829
SORBI_3002G421900	9	830
SORBI_3002G422000	9	831
SORBI_3002G422100	9	832
SORBI_3002G422200	9	833
SORBI_3002G422300	9	834
SORBI_3002G422400	9	835
SORBI_3002G422500	9	836
SORBI_3002G422600	9	837
SORBI_3002G422900	9	838
SORBI_3002G423000	9	839
SORBI_3002G423100	9	840
SORBI_3002G423200	9	841
SORBI_3002G423300	9	842
SORBI_3002G423400	9	843
SORBI_3002G423500	9	844
SORBI_3002G423600	9	845
SORBI_3002G423700	9	846
SORBI_3002G423800	9	847
SORBI_3002G423901	9	848
SORBI_3002G424000	9	849
SORBI_3002G424100	9	850
SORBI_3002G424200	9	851
SORBI_3002G424350	9	852
SORBI_3002G424500	9	853
SORBI_3002G424550	9	854
SORBI_3002G424600	9	855
SORBI_3002G424700	9	856
SORBI_3002G424800	9	857
SORBI_3002G424900	9	858
SORBI_3002G425000	9	859
SORBI_3002G425101	9	860
SORBI_3002G425200	9	861
SORBI_3002G425300	9	862
SORBI_3002G425400	9	863
SORBI_3002G425500	9	864
SORBI_3002G425600	9	865
SORBI_3002G425700	9	866
SORBI_3002G425800	9	867
SORBI_3002G425900	9	868
SORBI_3002G426000	9	869
SORBI_3002G426100	9	870
SORBI_3002G426201	9	871
SORBI_3002G426300	9	872
SORBI_3002G426400	9	873
SORBI_3002G426501	9	874
SORBI_3002G426600	9	875
SORBI_3002G426650	9	876
SORBI_3002G426700	9	877
SORBI_3002G426800	9	878
SORBI_3002G426900	9	879
SORBI_3002G427000	9	880
SORBI_3002G427050	9	881
SORBI_3002G427100	9	882
SORBI_3002G427201	9	883
SORBI_3002G427300	9	884
SORBI_3002G427400	9	885
SORBI_3002G427500	9	886
SORBI_3002G427550	9	887
SORBI_3002G427600	9	888
SORBI_3002G427700	9	889
SORBI_3002G427800	9	890
SORBI_3002G427900	9	891
SORBI_3002G428000	9	892
SORBI_3002G428100	9	893
SORBI_3002G428200	9	894
SORBI_3002G428301	9	895
SORBI_3002G428400	9	896
SORBI_3002G428501	9	897
SORBI_3002G428600	9	898
SORBI_3002G428700	9	899
SORBI_3002G428800	9	900
SORBI_3002G428900	9	901
SORBI_3002G429000	9	902
SORBI_3002G429100	9	903
SORBI_3002G429200	9	904
SORBI_3002G429300	9	905
SORBI_3002G429400	9	906
SORBI_3002G429700	9	907
SORBI_3002G429800	9	908
SORBI_3002G429900	9	909
SORBI_3002G430000	9	910
SORBI_3002G430100	9	911
SORBI_3002G430200	9	912
SORBI_3002G430300	9	913
SORBI_3002G430400	9	914
SORBI_3002G430500	9	915
SORBI_3002G430601	9	916
SORBI_3002G430700	9	917
SORBI_3002G430800	9	918
SORBI_3002G430900	9	919
SORBI_3002G431000	9	920
SORBI_3002G431100	9	921
SORBI_3002G431200	9	922
SORBI_3002G431300	9	923
SORBI_3002G431333	9	924
SORBI_3002G431366	9	925
SORBI_3002G431400	9	926
SORBI_3002G431500	9	927
SORBI_3002G431600	9	928
SORBI_3002G431700	9	929
SORBI_3003G000100	9	930
SORBI_3003G000150	9	931
SORBI_3003G000200	9	932
SORBI_3003G000400	9	933
SORBI_3003G000500	9	934
SORBI_3003G000600	9	935
SORBI_3003G000700	9	936
SORBI_3003G000800	9	937
SORBI_3003G000900	9	938
SORBI_3003G001000	9	939
SORBI_3003G001100	9	940
SORBI_3003G001200	9	941
SORBI_3003G001300	9	942
SORBI_3003G001400	9	943
SORBI_3003G001500	9	944
SORBI_3003G001550	9	945
SORBI_3003G001600	9	946
SORBI_3003G001650	9	947
SORBI_3003G001701	9	948
SORBI_3003G001751	9	949
SORBI_3003G001800	9	950
SORBI_3003G001901	9	951
SORBI_3003G002000	9	952
SORBI_3003G002100	9	953
SORBI_3003G002300	9	954
SORBI_3003G002400	9	955
SORBI_3003G002501	9	956
SORBI_3003G002600	9	957
SORBI_3003G002700	9	958
SORBI_3003G002800	9	959
SORBI_3003G002900	9	960
SORBI_3003G003000	9	961
SORBI_3003G003101	9	962
SORBI_3003G003200	9	963
SORBI_3003G003300	9	964
SORBI_3003G003450	9	965
SORBI_3003G003600	9	966
SORBI_3003G003700	9	967
SORBI_3003G003800	9	968
SORBI_3003G003900	9	969
SORBI_3003G004000	9	970
SORBI_3003G004100	9	971
SORBI_3003G004200	9	972
SORBI_3003G004300	9	973
SORBI_3003G004500	9	974
SORBI_3003G004600	9	975
SORBI_3003G004700	9	976
SORBI_3003G004800	9	977
SORBI_3003G004900	9	978
SORBI_3003G005000	9	979
SORBI_3003G005100	9	980
SORBI_3003G005200	9	981
SORBI_3003G005266	9	982
SORBI_3003G005332	9	983
SORBI_3003G005400	9	984
SORBI_3003G005500	9	985
SORBI_3003G005600	9	986
SORBI_3003G005700	9	987
SORBI_3003G005800	9	988
SORBI_3003G005900	9	989
SORBI_3003G006000	9	990
SORBI_3003G006100	9	991
SORBI_3003G006200	9	992
SORBI_3003G006300	9	993
SORBI_3003G006400	9	994
SORBI_3003G006500	9	995
SORBI_3003G006600	9	996
SORBI_3003G006800	9	997
SORBI_3003G006833	9	998
SORBI_3003G006866	9	999
SORBI_3003G006900	9	1000
SORBI_3003G007000	9	1001
SORBI_3003G007100	9	1002
SORBI_3003G007200	9	1003
SORBI_3003G007300	9	1004
SORBI_3003G007400	9	1005
SORBI_3003G007500	9	1006
SORBI_3003G007600	9	1007
SORBI_3003G007650	9	1008
SORBI_3003G007700	9	1009
SORBI_3003G007800	9	1010
SORBI_3003G007900	9	1011
SORBI_3003G008000	9	1012
SORBI_3003G008100	9	1013
SORBI_3003G008200	9	1014
SORBI_3003G008300	9	1015
SORBI_3003G008400	9	1016
SORBI_3003G008500	9	1017
SORBI_3003G008600	9	1018
SORBI_3003G008700	9	1019
SORBI_3003G008800	9	1020
SORBI_3003G008850	9	1021
SORBI_3003G008900	9	1022
SORBI_3003G009000	9	1023
SORBI_3003G009100	10	0
SORBI_3003G009200	10	1
SORBI_3003G009300	10	2
SORBI_3003G009400	10	3
SORBI_3003G009501	10	4
SORBI_3003G009600	10	5
SORBI_3003G009650	10	6
SORBI_3003G009700	10	7
SORBI_3003G009800	10	8
SORBI_3003G009900	10	9
SORBI_3003G010000	10	10
SORBI_3003G010033	10	11
SORBI_3003G010066	10	12
SORBI_3003G010100	10	13
SORBI_3003G010200	10	14
SORBI_3003G010300	10	15
SORBI_3003G010400	10	16
SORBI_3003G010500	10	17
SORBI_3003G010600	10	18
SORBI_3003G010650	10	19
SORBI_3003G010700	10	20
SORBI_3003G010800	10	21
SORBI_3003G010900	10	22
SORBI_3003G011000	10	23
SORBI_3003G011100	10	24
SORBI_3003G011200	10	25
SORBI_3003G011300	10	26
SORBI_3003G011400	10	27
SORBI_3003G011600	10	28
SORBI_3003G011700	10	29
SORBI_3003G011800	10	30
SORBI_3003G011900	10	31
SORBI_3003G012000	10	32
SORBI_3003G012100	10	33
SORBI_3003G012200	10	34
SORBI_3003G012300	10	35
SORBI_3003G012400	10	36
SORBI_3003G012500	10	37
SORBI_3003G012600	10	38
SORBI_3003G012700	10	39
SORBI_3003G012750	10	40
SORBI_3003G012800	10	41
SORBI_3003G012900	10	42
SORBI_3003G013000	10	43
SORBI_3003G013100	10	44
SORBI_3003G013300	10	45
SORBI_3003G013400	10	46
SORBI_3003G013600	10	47
SORBI_3003G013700	10	48
SORBI_3003G013800	10	49
SORBI_3003G013900	10	50
SORBI_3003G013950	10	51
SORBI_3003G014000	10	52
SORBI_3003G014100	10	53
SORBI_3003G014200	10	54
SORBI_3003G014300	10	55
SORBI_3003G014400	10	56
SORBI_3003G014500	10	57
SORBI_3003G014600	10	58
SORBI_3003G014700	10	59
SORBI_3003G014766	10	60
SORBI_3003G014832	10	61
SORBI_3003G014900	10	62
SORBI_3003G015000	10	63
SORBI_3003G015100	10	64
SORBI_3003G015200	10	65
SORBI_3003G015300	10	66
SORBI_3003G015400	10	67
SORBI_3003G015500	10	68
SORBI_3003G015600	10	69
SORBI_3003G015700	10	70
SORBI_3003G015800	10	71
SORBI_3003G015900	10	72
SORBI_3003G015950	10	73
SORBI_3003G016000	10	74
SORBI_3003G016100	10	75
SORBI_3003G016200	10	76
SORBI_3003G016300	10	77
SORBI_3003G016400	10	78
SORBI_3003G016500	10	79
SORBI_3003G016600	10	80
SORBI_3003G016700	10	81
SORBI_3003G016800	10	82
SORBI_3003G016900	10	83
SORBI_3003G016950	10	84
SORBI_3003G017000	10	85
SORBI_3003G017100	10	86
SORBI_3003G017200	10	87
SORBI_3003G017300	10	88
SORBI_3003G017400	10	89
SORBI_3003G017500	10	90
SORBI_3003G017601	10	91
SORBI_3003G017700	10	92
SORBI_3003G017800	10	93
SORBI_3003G017900	10	94
SORBI_3003G018000	10	95
SORBI_3003G018150	10	96
SORBI_3003G018300	10	97
SORBI_3003G018400	10	98
SORBI_3003G018600	10	99
SORBI_3003G018700	10	100
SORBI_3003G018800	10	101
SORBI_3003G018900	10	102
SORBI_3003G019000	10	103
SORBI_3003G019100	10	104
SORBI_3003G019200	10	105
SORBI_3003G019300	10	106
SORBI_3003G019400	10	107
SORBI_3003G019450	10	108
SORBI_3003G019500	10	109
SORBI_3003G019600	10	110
SORBI_3003G019700	10	111
SORBI_3003G019800	10	112
SORBI_3003G019900	10	113
SORBI_3003G020000	10	114
SORBI_3003G020100	10	115
SORBI_3003G020200	10	116
SORBI_3003G020300	10	117
SORBI_3003G020400	10	118
SORBI_3003G020500	10	119
SORBI_3003G020600	10	120
SORBI_3003G020700	10	121
SORBI_3003G020800	10	122
SORBI_3003G020900	10	123
SORBI_3003G021000	10	124
SORBI_3003G021100	10	125
SORBI_3003G021200	10	126
SORBI_3003G021300	10	127
SORBI_3003G021401	10	128
SORBI_3003G021500	10	129
SORBI_3003G021600	10	130
SORBI_3003G021700	10	131
SORBI_3003G021800	10	132
SORBI_3003G021900	10	133
SORBI_3003G022000	10	134
SORBI_3003G022200	10	135
SORBI_3003G022300	10	136
SORBI_3003G022400	10	137
SORBI_3003G022500	10	138
SORBI_3003G022600	10	139
SORBI_3003G022700	10	140
SORBI_3003G022800	10	141
SORBI_3003G022900	10	142
SORBI_3003G023000	10	143
SORBI_3003G023100	10	144
SORBI_3003G023200	10	145
SORBI_3003G023300	10	146
SORBI_3003G023400	10	147
SORBI_3003G023450	10	148
SORBI_3003G023500	10	149
SORBI_3003G023600	10	150
SORBI_3003G023666	10	151
SORBI_3003G023732	10	152
SORBI_3003G023800	10	153
SORBI_3003G023901	10	154
SORBI_3003G024000	10	155
SORBI_3003G024100	10	156
SORBI_3003G024200	10	157
SORBI_3003G024300	10	158
SORBI_3003G024400	10	159
SORBI_3003G024450	10	160
SORBI_3003G024500	10	161
SORBI_3003G024600	10	162
SORBI_3003G024700	10	163
SORBI_3003G024800	10	164
SORBI_3003G024900	10	165
SORBI_3003G025000	10	166
SORBI_3003G025100	10	167
SORBI_3003G025200	10	168
SORBI_3003G025300	10	169
SORBI_3003G025400	10	170
SORBI_3003G025500	10	171
SORBI_3003G025600	10	172
SORBI_3003G025700	10	173
SORBI_3003G025800	10	174
SORBI_3003G025900	10	175
SORBI_3003G026000	10	176
SORBI_3003G026100	10	177
SORBI_3003G026200	10	178
SORBI_3003G026300	10	179
SORBI_3003G026400	10	180
SORBI_3003G026600	10	181
SORBI_3003G026700	10	182
SORBI_3003G026900	10	183
SORBI_3003G027000	10	184
SORBI_3003G027100	10	185
SORBI_3003G027200	10	186
SORBI_3003G027300	10	187
SORBI_3003G027350	10	188
SORBI_3003G027400	10	189
SORBI_3003G027500	10	190
SORBI_3003G027600	10	191
SORBI_3003G027700	10	192
SORBI_3003G027800	10	193
SORBI_3003G028000	10	194
SORBI_3003G028100	10	195
SORBI_3003G028200	10	196
SORBI_3003G028300	10	197
SORBI_3003G028400	10	198
SORBI_3003G028500	10	199
SORBI_3003G028600	10	200
SORBI_3003G028700	10	201
SORBI_3003G028800	10	202
SORBI_3003G028900	10	203
SORBI_3003G029000	10	204
SORBI_3003G029100	10	205
SORBI_3003G029150	10	206
SORBI_3003G029200	10	207
SORBI_3003G029300	10	208
SORBI_3003G029350	10	209
SORBI_3003G029400	10	210
SORBI_3003G029500	10	211
SORBI_3003G029600	10	212
SORBI_3003G029700	10	213
SORBI_3003G029800	10	214
SORBI_3003G029900	10	215
SORBI_3003G030000	10	216
SORBI_3003G030100	10	217
SORBI_3003G030200	10	218
SORBI_3003G030300	10	219
SORBI_3003G030400	10	220
SORBI_3003G030450	10	221
SORBI_3003G030500	10	222
SORBI_3003G030600	10	223
SORBI_3003G030700	10	224
SORBI_3003G030800	10	225
SORBI_3003G030900	10	226
SORBI_3003G031001	10	227
SORBI_3003G031100	10	228
SORBI_3003G031200	10	229
SORBI_3003G031300	10	230
SORBI_3003G031400	10	231
SORBI_3003G031500	10	232
SORBI_3003G031600	10	233
SORBI_3003G031700	10	234
SORBI_3003G031750	10	235
SORBI_3003G031800	10	236
SORBI_3003G031900	10	237
SORBI_3003G032000	10	238
SORBI_3003G032100	10	239
SORBI_3003G032200	10	240
SORBI_3003G032301	10	241
SORBI_3003G032400	10	242
SORBI_3003G032450	10	243
SORBI_3003G032500	10	244
SORBI_3003G032600	10	245
SORBI_3003G032700	10	246
SORBI_3003G032800	10	247
SORBI_3003G032900	10	248
SORBI_3003G033000	10	249
SORBI_3003G033100	10	250
SORBI_3003G033200	10	251
SORBI_3003G033300	10	252
SORBI_3003G033400	10	253
SORBI_3003G033500	10	254
SORBI_3003G033600	10	255
SORBI_3003G033700	10	256
SORBI_3003G033800	10	257
SORBI_3003G033900	10	258
SORBI_3003G034000	10	259
SORBI_3003G034100	10	260
SORBI_3003G034200	10	261
SORBI_3003G034250	10	262
SORBI_3003G034300	10	263
SORBI_3003G034350	10	264
SORBI_3003G034400	10	265
SORBI_3003G034500	10	266
SORBI_3003G034600	10	267
SORBI_3003G034700	10	268
SORBI_3003G034800	10	269
SORBI_3003G034900	10	270
SORBI_3003G035001	10	271
SORBI_3003G035100	10	272
SORBI_3003G035200	10	273
SORBI_3003G035266	10	274
SORBI_3003G035332	10	275
SORBI_3003G035400	10	276
SORBI_3003G035500	10	277
SORBI_3003G035601	10	278
SORBI_3003G035700	10	279
SORBI_3003G035801	10	280
SORBI_3003G035900	10	281
SORBI_3003G036000	10	282
SORBI_3003G036100	10	283
SORBI_3003G036200	10	284
SORBI_3003G036300	10	285
SORBI_3003G036400	10	286
SORBI_3003G036500	10	287
SORBI_3003G036600	10	288
SORBI_3003G036650	10	289
SORBI_3003G036700	10	290
SORBI_3003G036800	10	291
SORBI_3003G036900	10	292
SORBI_3003G036950	10	293
SORBI_3003G037000	10	294
SORBI_3003G037100	10	295
SORBI_3003G037200	10	296
SORBI_3003G037300	10	297
SORBI_3003G037400	10	298
SORBI_3003G037500	10	299
SORBI_3003G037600	10	300
SORBI_3003G037700	10	301
SORBI_3003G037800	10	302
SORBI_3003G037900	10	303
SORBI_3003G038000	10	304
SORBI_3003G038100	10	305
SORBI_3003G038200	10	306
SORBI_3003G038300	10	307
SORBI_3003G038400	10	308
SORBI_3003G038500	10	309
SORBI_3003G038600	10	310
SORBI_3003G038700	10	311
SORBI_3003G038800	10	312
SORBI_3003G038901	10	313
SORBI_3003G039000	10	314
SORBI_3003G039100	10	315
SORBI_3003G039200	10	316
SORBI_3003G039300	10	317
SORBI_3003G039400	10	318
SORBI_3003G039500	10	319
SORBI_3003G039600	10	320
SORBI_3003G039700	10	321
SORBI_3003G039800	10	322
SORBI_3003G039900	10	323
SORBI_3003G040000	10	324
SORBI_3003G040100	10	325
SORBI_3003G040200	10	326
SORBI_3003G040300	10	327
SORBI_3003G040400	10	328
SORBI_3003G040500	10	329
SORBI_3003G040600	10	330
SORBI_3003G040700	10	331
SORBI_3003G040800	10	332
SORBI_3003G040900	10	333
SORBI_3003G041000	10	334
SORBI_3003G041100	10	335
SORBI_3003G041200	10	336
SORBI_3003G041300	10	337
SORBI_3003G041400	10	338
SORBI_3003G041500	10	339
SORBI_3003G041600	10	340
SORBI_3003G041700	10	341
SORBI_3003G041801	10	342
SORBI_3003G041900	10	343
SORBI_3003G042000	10	344
SORBI_3003G042100	10	345
SORBI_3003G042150	10	346
SORBI_3003G042200	10	347
SORBI_3003G042400	10	348
SORBI_3003G042600	10	349
SORBI_3003G042700	10	350
SORBI_3003G042800	10	351
SORBI_3003G042900	10	352
SORBI_3003G043000	10	353
SORBI_3003G043100	10	354
SORBI_3003G043150	10	355
SORBI_3003G043200	10	356
SORBI_3003G043300	10	357
SORBI_3003G043400	10	358
SORBI_3003G043500	10	359
SORBI_3003G043550	10	360
SORBI_3003G043600	10	361
SORBI_3003G043650	10	362
SORBI_3003G043700	10	363
SORBI_3003G043800	10	364
SORBI_3003G043900	10	365
SORBI_3003G044000	10	366
SORBI_3003G044100	10	367
SORBI_3003G044200	10	368
SORBI_3003G044300	10	369
SORBI_3003G044400	10	370
SORBI_3003G044500	10	371
SORBI_3003G044600	10	372
SORBI_3003G044700	10	373
SORBI_3003G044800	10	374
SORBI_3003G044900	10	375
SORBI_3003G045000	10	376
SORBI_3003G045100	10	377
SORBI_3003G045200	10	378
SORBI_3003G045300	10	379
SORBI_3003G045400	10	380
SORBI_3003G045450	10	381
SORBI_3003G045501	10	382
SORBI_3003G045551	10	383
SORBI_3003G045600	10	384
SORBI_3003G045650	10	385
SORBI_3003G045700	10	386
SORBI_3003G045800	10	387
SORBI_3003G045900	10	388
SORBI_3003G046000	10	389
SORBI_3003G046200	10	390
SORBI_3003G046300	10	391
SORBI_3003G046400	10	392
SORBI_3003G046600	10	393
SORBI_3003G046700	10	394
SORBI_3003G046800	10	395
SORBI_3003G046900	10	396
SORBI_3003G047100	10	397
SORBI_3003G047200	10	398
SORBI_3003G047300	10	399
SORBI_3003G047400	10	400
SORBI_3003G047450	10	401
SORBI_3003G047500	10	402
SORBI_3003G047600	10	403
SORBI_3003G047700	10	404
SORBI_3003G047800	10	405
SORBI_3003G047900	10	406
SORBI_3003G048000	10	407
SORBI_3003G048100	10	408
SORBI_3003G048200	10	409
SORBI_3003G048300	10	410
SORBI_3003G048400	10	411
SORBI_3003G048500	10	412
SORBI_3003G048600	10	413
SORBI_3003G048700	10	414
SORBI_3003G048900	10	415
SORBI_3003G049000	10	416
SORBI_3003G049100	10	417
SORBI_3003G049200	10	418
SORBI_3003G049300	10	419
SORBI_3003G049400	10	420
SORBI_3003G049500	10	421
SORBI_3003G049600	10	422
SORBI_3003G049700	10	423
SORBI_3003G049800	10	424
SORBI_3003G049900	10	425
SORBI_3003G050000	10	426
SORBI_3003G050100	10	427
SORBI_3003G050200	10	428
SORBI_3003G050300	10	429
SORBI_3003G050350	10	430
SORBI_3003G050400	10	431
SORBI_3003G050500	10	432
SORBI_3003G050600	10	433
SORBI_3003G050700	10	434
SORBI_3003G050800	10	435
SORBI_3003G050900	10	436
SORBI_3003G051000	10	437
SORBI_3003G051100	10	438
SORBI_3003G051200	10	439
SORBI_3003G051300	10	440
SORBI_3003G051400	10	441
SORBI_3003G051500	10	442
SORBI_3003G051600	10	443
SORBI_3003G051700	10	444
SORBI_3003G051800	10	445
SORBI_3003G051900	10	446
SORBI_3003G052000	10	447
SORBI_3003G052100	10	448
SORBI_3003G052200	10	449
SORBI_3003G052300	10	450
SORBI_3003G052400	10	451
SORBI_3003G052500	10	452
SORBI_3003G052600	10	453
SORBI_3003G052700	10	454
SORBI_3003G052800	10	455
SORBI_3003G052900	10	456
SORBI_3003G053001	10	457
SORBI_3003G053100	10	458
SORBI_3003G053200	10	459
SORBI_3003G053300	10	460
SORBI_3003G053400	10	461
SORBI_3003G053500	10	462
SORBI_3003G053600	10	463
SORBI_3003G053700	10	464
SORBI_3003G053750	10	465
SORBI_3003G053800	10	466
SORBI_3003G053900	10	467
SORBI_3003G054000	10	468
SORBI_3003G054100	10	469
SORBI_3003G054200	10	470
SORBI_3003G054400	10	471
SORBI_3003G054500	10	472
SORBI_3003G054600	10	473
SORBI_3003G054800	10	474
SORBI_3003G054900	10	475
SORBI_3003G054950	10	476
SORBI_3003G055000	10	477
SORBI_3003G055200	10	478
SORBI_3003G055300	10	479
SORBI_3003G055400	10	480
SORBI_3003G055450	10	481
SORBI_3003G055500	10	482
SORBI_3003G055600	10	483
SORBI_3003G055700	10	484
SORBI_3003G055800	10	485
SORBI_3003G055900	10	486
SORBI_3003G056000	10	487
SORBI_3003G056100	10	488
SORBI_3003G056200	10	489
SORBI_3003G056250	10	490
SORBI_3003G056300	10	491
SORBI_3003G056400	10	492
SORBI_3003G056500	10	493
SORBI_3003G056600	10	494
SORBI_3003G056700	10	495
SORBI_3003G056800	10	496
SORBI_3003G056900	10	497
SORBI_3003G057000	10	498
SORBI_3003G057050	10	499
SORBI_3003G057100	10	500
SORBI_3003G057233	10	501
SORBI_3003G057366	10	502
SORBI_3003G057500	10	503
SORBI_3003G057600	10	504
SORBI_3003G057650	10	505
SORBI_3003G057700	10	506
SORBI_3003G057800	10	507
SORBI_3003G057900	10	508
SORBI_3003G058001	10	509
SORBI_3003G058100	10	510
SORBI_3003G058200	10	511
SORBI_3003G058300	10	512
SORBI_3003G058400	10	513
SORBI_3003G058500	10	514
SORBI_3003G058600	10	515
SORBI_3003G058700	10	516
SORBI_3003G058800	10	517
SORBI_3003G058900	10	518
SORBI_3003G059000	10	519
SORBI_3003G059100	10	520
SORBI_3003G059200	10	521
SORBI_3003G059250	10	522
SORBI_3003G059300	10	523
SORBI_3003G059400	10	524
SORBI_3003G059450	10	525
SORBI_3003G059500	10	526
SORBI_3003G059600	10	527
SORBI_3003G059750	10	528
SORBI_3003G059900	10	529
SORBI_3003G060000	10	530
SORBI_3003G060100	10	531
SORBI_3003G060200	10	532
SORBI_3003G060300	10	533
SORBI_3003G060400	10	534
SORBI_3003G060500	10	535
SORBI_3003G060600	10	536
SORBI_3003G060700	10	537
SORBI_3003G060800	10	538
SORBI_3003G060900	10	539
SORBI_3003G061000	10	540
SORBI_3003G061200	10	541
SORBI_3003G061300	10	542
SORBI_3003G061400	10	543
SORBI_3003G061500	10	544
SORBI_3003G061600	10	545
SORBI_3003G061700	10	546
SORBI_3003G061800	10	547
SORBI_3003G061850	10	548
SORBI_3003G061900	10	549
SORBI_3003G062000	10	550
SORBI_3003G062101	10	551
SORBI_3003G062200	10	552
SORBI_3003G062300	10	553
SORBI_3003G062400	10	554
SORBI_3003G062500	10	555
SORBI_3003G062600	10	556
SORBI_3003G062700	10	557
SORBI_3003G062800	10	558
SORBI_3003G062900	10	559
SORBI_3003G063000	10	560
SORBI_3003G063100	10	561
SORBI_3003G063200	10	562
SORBI_3003G063300	10	563
SORBI_3003G063400	10	564
SORBI_3003G063500	10	565
SORBI_3003G063600	10	566
SORBI_3003G063700	10	567
SORBI_3003G063801	10	568
SORBI_3003G063900	10	569
SORBI_3003G064000	10	570
SORBI_3003G064100	10	571
SORBI_3003G064150	10	572
SORBI_3003G064200	10	573
SORBI_3003G064300	10	574
SORBI_3003G064400	10	575
SORBI_3003G064500	10	576
SORBI_3003G064600	10	577
SORBI_3003G064700	10	578
SORBI_3003G064800	10	579
SORBI_3003G064901	10	580
SORBI_3003G065001	10	581
SORBI_3003G065100	10	582
SORBI_3003G065201	10	583
SORBI_3003G065300	10	584
SORBI_3003G065400	10	585
SORBI_3003G065501	10	586
SORBI_3003G065600	10	587
SORBI_3003G065700	10	588
SORBI_3003G065800	10	589
SORBI_3003G065900	10	590
SORBI_3003G066000	10	591
SORBI_3003G066100	10	592
SORBI_3003G066200	10	593
SORBI_3003G066250	10	594
SORBI_3003G066300	10	595
SORBI_3003G066400	10	596
SORBI_3003G066500	10	597
SORBI_3003G066600	10	598
SORBI_3003G066700	10	599
SORBI_3003G066900	10	600
SORBI_3003G067000	10	601
SORBI_3003G067100	10	602
SORBI_3003G067201	10	603
SORBI_3003G067300	10	604
SORBI_3003G067400	10	605
SORBI_3003G067500	10	606
SORBI_3003G067600	10	607
SORBI_3003G067700	10	608
SORBI_3003G067800	10	609
SORBI_3003G067900	10	610
SORBI_3003G068000	10	611
SORBI_3003G068100	10	612
SORBI_3003G068150	10	613
SORBI_3003G068200	10	614
SORBI_3003G068300	10	615
SORBI_3003G068400	10	616
SORBI_3003G068500	10	617
SORBI_3003G068600	10	618
SORBI_3003G068700	10	619
SORBI_3003G068750	10	620
SORBI_3003G068800	10	621
SORBI_3003G068900	10	622
SORBI_3003G068950	10	623
SORBI_3003G069000	10	624
SORBI_3003G069100	10	625
SORBI_3003G069200	10	626
SORBI_3003G069300	10	627
SORBI_3003G069400	10	628
SORBI_3003G069500	10	629
SORBI_3003G069601	10	630
SORBI_3003G069700	10	631
SORBI_3003G069750	10	632
SORBI_3003G069800	10	633
SORBI_3003G069875	10	634
SORBI_3003G069950	10	635
SORBI_3003G070025	10	636
SORBI_3003G070100	10	637
SORBI_3003G070200	10	638
SORBI_3003G070300	10	639
SORBI_3003G070400	10	640
SORBI_3003G070500	10	641
SORBI_3003G070600	10	642
SORBI_3003G070700	10	643
SORBI_3003G070800	10	644
SORBI_3003G070900	10	645
SORBI_3003G071000	10	646
SORBI_3003G071100	10	647
SORBI_3003G071300	10	648
SORBI_3003G071400	10	649
SORBI_3003G071500	10	650
SORBI_3003G071600	10	651
SORBI_3003G071700	10	652
SORBI_3003G071800	10	653
SORBI_3003G071901	10	654
SORBI_3003G072000	10	655
SORBI_3003G072100	10	656
SORBI_3003G072200	10	657
SORBI_3003G072300	10	658
SORBI_3003G072400	10	659
SORBI_3003G072500	10	660
SORBI_3003G072566	10	661
SORBI_3003G072632	10	662
SORBI_3003G072700	10	663
SORBI_3003G072801	10	664
SORBI_3003G072900	10	665
SORBI_3003G073000	10	666
SORBI_3003G073100	10	667
SORBI_3003G073133	10	668
SORBI_3003G073166	10	669
SORBI_3003G073200	10	670
SORBI_3003G073300	10	671
SORBI_3003G073380	10	672
SORBI_3003G073460	10	673
SORBI_3003G073540	10	674
SORBI_3003G073620	10	675
SORBI_3003G073700	10	676
SORBI_3003G073750	10	677
SORBI_3003G073800	10	678
SORBI_3003G073900	10	679
SORBI_3003G074000	10	680
SORBI_3003G074100	10	681
SORBI_3003G074200	10	682
SORBI_3003G074300	10	683
SORBI_3003G074400	10	684
SORBI_3003G074500	10	685
SORBI_3003G074600	10	686
SORBI_3003G074700	10	687
SORBI_3003G074801	10	688
SORBI_3003G074900	10	689
SORBI_3003G075000	10	690
SORBI_3003G075100	10	691
SORBI_3003G075200	10	692
SORBI_3003G075300	10	693
SORBI_3003G075400	10	694
SORBI_3003G075500	10	695
SORBI_3003G075566	10	696
SORBI_3003G075632	10	697
SORBI_3003G075700	10	698
SORBI_3003G075800	10	699
SORBI_3003G075901	10	700
SORBI_3003G076001	10	701
SORBI_3003G076100	10	702
SORBI_3003G076200	10	703
SORBI_3003G076300	10	704
SORBI_3003G076400	10	705
SORBI_3003G076500	10	706
SORBI_3003G076600	10	707
SORBI_3003G076700	10	708
SORBI_3003G076800	10	709
SORBI_3003G076900	10	710
SORBI_3003G077001	10	711
SORBI_3003G077100	10	712
SORBI_3003G077200	10	713
SORBI_3003G077300	10	714
SORBI_3003G077400	10	715
SORBI_3003G077500	10	716
SORBI_3003G077600	10	717
SORBI_3003G077700	10	718
SORBI_3003G077800	10	719
SORBI_3003G077900	10	720
SORBI_3003G078000	10	721
SORBI_3003G078100	10	722
SORBI_3003G078200	10	723
SORBI_3003G078300	10	724
SORBI_3003G078400	10	725
SORBI_3003G078501	10	726
SORBI_3003G078600	10	727
SORBI_3003G078700	10	728
SORBI_3003G078800	10	729
SORBI_3003G078900	10	730
SORBI_3003G079100	10	731
SORBI_3003G079200	10	732
SORBI_3003G079300	10	733
SORBI_3003G079400	10	734
SORBI_3003G079466	10	735
SORBI_3003G079532	10	736
SORBI_3003G079600	10	737
SORBI_3003G079700	10	738
SORBI_3003G079725	10	739
SORBI_3003G079750	10	740
SORBI_3003G079775	10	741
SORBI_3003G079800	10	742
SORBI_3003G079900	10	743
SORBI_3003G080000	10	744
SORBI_3003G080100	10	745
SORBI_3003G080300	10	746
SORBI_3003G080400	10	747
SORBI_3003G080500	10	748
SORBI_3003G080600	10	749
SORBI_3003G080700	10	750
SORBI_3003G080800	10	751
SORBI_3003G080900	10	752
SORBI_3003G081000	10	753
SORBI_3003G081100	10	754
SORBI_3003G081200	10	755
SORBI_3003G081300	10	756
SORBI_3003G081400	10	757
SORBI_3003G081500	10	758
SORBI_3003G081601	10	759
SORBI_3003G081700	10	760
SORBI_3003G081800	10	761
SORBI_3003G081900	10	762
SORBI_3003G082000	10	763
SORBI_3003G082100	10	764
SORBI_3003G082200	10	765
SORBI_3003G082300	10	766
SORBI_3003G082401	10	767
SORBI_3003G082500	10	768
SORBI_3003G082600	10	769
SORBI_3003G082700	10	770
SORBI_3003G082800	10	771
SORBI_3003G082900	10	772
SORBI_3003G082950	10	773
SORBI_3003G083000	10	774
SORBI_3003G083100	10	775
SORBI_3003G083200	10	776
SORBI_3003G083300	10	777
SORBI_3003G083400	10	778
SORBI_3003G083500	10	779
SORBI_3003G083600	10	780
SORBI_3003G083700	10	781
SORBI_3003G083800	10	782
SORBI_3003G083900	10	783
SORBI_3003G084000	10	784
SORBI_3003G084100	10	785
SORBI_3003G084200	10	786
SORBI_3003G084300	10	787
SORBI_3003G084400	10	788
SORBI_3003G084500	10	789
SORBI_3003G084501	10	790
SORBI_3003G084600	10	791
SORBI_3003G084700	10	792
SORBI_3003G084750	10	793
SORBI_3003G084800	10	794
SORBI_3003G084900	10	795
SORBI_3003G085000	10	796
SORBI_3003G085100	10	797
SORBI_3003G085200	10	798
SORBI_3003G085300	10	799
SORBI_3003G085400	10	800
SORBI_3003G085500	10	801
SORBI_3003G085533	10	802
SORBI_3003G085566	10	803
SORBI_3003G085600	10	804
SORBI_3003G085700	10	805
SORBI_3003G085750	10	806
SORBI_3003G085800	10	807
SORBI_3003G085900	10	808
SORBI_3003G086000	10	809
SORBI_3003G086200	10	810
SORBI_3003G086300	10	811
SORBI_3003G086400	10	812
SORBI_3003G086500	10	813
SORBI_3003G086600	10	814
SORBI_3003G086700	10	815
SORBI_3003G086800	10	816
SORBI_3003G086900	10	817
SORBI_3003G087000	10	818
SORBI_3003G087100	10	819
SORBI_3003G087200	10	820
SORBI_3003G087300	10	821
SORBI_3003G087400	10	822
SORBI_3003G087600	10	823
SORBI_3003G087700	10	824
SORBI_3003G087800	10	825
SORBI_3003G087900	10	826
SORBI_3003G088100	10	827
SORBI_3003G088200	10	828
SORBI_3003G088300	10	829
SORBI_3003G088400	10	830
SORBI_3003G088450	10	831
SORBI_3003G088500	10	832
SORBI_3003G088600	10	833
SORBI_3003G088700	10	834
SORBI_3003G088800	10	835
SORBI_3003G088900	10	836
SORBI_3003G089000	10	837
SORBI_3003G089100	10	838
SORBI_3003G089200	10	839
SORBI_3003G089300	10	840
SORBI_3003G089400	10	841
SORBI_3003G089500	10	842
SORBI_3003G089600	10	843
SORBI_3003G089650	10	844
SORBI_3003G089700	10	845
SORBI_3003G089801	10	846
SORBI_3003G089900	10	847
SORBI_3003G090000	10	848
SORBI_3003G090100	10	849
SORBI_3003G090200	10	850
SORBI_3003G090300	10	851
SORBI_3003G090400	10	852
SORBI_3003G090500	10	853
SORBI_3003G090600	10	854
SORBI_3003G090650	10	855
SORBI_3003G090700	10	856
SORBI_3003G090800	10	857
SORBI_3003G090900	10	858
SORBI_3003G091001	10	859
SORBI_3003G091100	10	860
SORBI_3003G091200	10	861
SORBI_3003G091300	10	862
SORBI_3003G091400	10	863
SORBI_3003G091500	10	864
SORBI_3003G091550	10	865
SORBI_3003G091600	10	866
SORBI_3003G091700	10	867
SORBI_3003G091800	10	868
SORBI_3003G091850	10	869
SORBI_3003G091900	10	870
SORBI_3003G092000	10	871
SORBI_3003G092033	10	872
SORBI_3003G092066	10	873
SORBI_3003G092100	10	874
SORBI_3003G092150	10	875
SORBI_3003G092200	10	876
SORBI_3003G092300	10	877
SORBI_3003G092400	10	878
SORBI_3003G092500	10	879
SORBI_3003G092600	10	880
SORBI_3003G092700	10	881
SORBI_3003G092800	10	882
SORBI_3003G092900	10	883
SORBI_3003G093000	10	884
SORBI_3003G093100	10	885
SORBI_3003G093200	10	886
SORBI_3003G093300	10	887
SORBI_3003G093400	10	888
SORBI_3003G093450	10	889
SORBI_3003G093500	10	890
SORBI_3003G093600	10	891
SORBI_3003G093700	10	892
SORBI_3003G093800	10	893
SORBI_3003G093900	10	894
SORBI_3003G094000	10	895
SORBI_3003G094100	10	896
SORBI_3003G094200	10	897
SORBI_3003G094350	10	898
SORBI_3003G094500	10	899
SORBI_3003G094600	10	900
SORBI_3003G094700	10	901
SORBI_3003G094800	10	902
SORBI_3003G094850	10	903
SORBI_3003G094900	10	904
SORBI_3003G095000	10	905
SORBI_3003G095100	10	906
SORBI_3003G095150	10	907
SORBI_3003G095200	10	908
SORBI_3003G095301	10	909
SORBI_3003G095400	10	910
SORBI_3003G095500	10	911
SORBI_3003G095600	10	912
SORBI_3003G095700	10	913
SORBI_3003G095750	10	914
SORBI_3003G095800	10	915
SORBI_3003G095900	10	916
SORBI_3003G096000	10	917
SORBI_3003G096100	10	918
SORBI_3003G096300	10	919
SORBI_3003G096400	10	920
SORBI_3003G096500	10	921
SORBI_3003G096600	10	922
SORBI_3003G096750	10	923
SORBI_3003G096900	10	924
SORBI_3003G096950	10	925
SORBI_3003G097000	10	926
SORBI_3003G097100	10	927
SORBI_3003G097200	10	928
SORBI_3003G097300	10	929
SORBI_3003G097400	10	930
SORBI_3003G097500	10	931
SORBI_3003G097600	10	932
SORBI_3003G097701	10	933
SORBI_3003G097800	10	934
SORBI_3003G097900	10	935
SORBI_3003G098000	10	936
SORBI_3003G098100	10	937
SORBI_3003G098200	10	938
SORBI_3003G098300	10	939
SORBI_3003G098401	10	940
SORBI_3003G098500	10	941
SORBI_3003G098600	10	942
SORBI_3003G098650	10	943
SORBI_3003G098700	10	944
SORBI_3003G098800	10	945
SORBI_3003G098900	10	946
SORBI_3003G099000	10	947
SORBI_3003G099100	10	948
SORBI_3003G099166	10	949
SORBI_3003G099232	10	950
SORBI_3003G099300	10	951
SORBI_3003G099400	10	952
SORBI_3003G099500	10	953
SORBI_3003G099600	10	954
SORBI_3003G099701	10	955
SORBI_3003G099800	10	956
SORBI_3003G099900	10	957
SORBI_3003G100000	10	958
SORBI_3003G100100	10	959
SORBI_3003G100200	10	960
SORBI_3003G100300	10	961
SORBI_3003G100400	10	962
SORBI_3003G100500	10	963
SORBI_3003G100600	10	964
SORBI_3003G100700	10	965
SORBI_3003G100800	10	966
SORBI_3003G100900	10	967
SORBI_3003G101000	10	968
SORBI_3003G101100	10	969
SORBI_3003G101200	10	970
SORBI_3003G101300	10	971
SORBI_3003G101400	10	972
SORBI_3003G101500	10	973
SORBI_3003G101600	10	974
SORBI_3003G101700	10	975
SORBI_3003G101850	10	976
SORBI_3003G102000	10	977
SORBI_3003G102100	10	978
SORBI_3003G102200	10	979
SORBI_3003G102300	10	980
SORBI_3003G102400	10	981
SORBI_3003G102500	10	982
SORBI_3003G102600	10	983
SORBI_3003G102700	10	984
SORBI_3003G102800	10	985
SORBI_3003G102900	10	986
SORBI_3003G103000	10	987
SORBI_3003G103100	10	988
SORBI_3003G103200	10	989
SORBI_3003G103300	10	990
SORBI_3003G103400	10	991
SORBI_3003G103701	10	992
SORBI_3003G104000	10	993
SORBI_3003G104100	10	994
SORBI_3003G104200	10	995
SORBI_3003G104350	10	996
SORBI_3003G104500	10	997
SORBI_3003G104600	10	998
SORBI_3003G104700	10	999
SORBI_3003G104800	10	1000
SORBI_3003G104900	10	1001
SORBI_3003G105000	10	1002
SORBI_3003G105101	10	1003
SORBI_3003G105200	10	1004
SORBI_3003G105300	10	1005
SORBI_3003G105500	10	1006
SORBI_3003G105600	10	1007
SORBI_3003G105700	10	1008
SORBI_3003G105800	10	1009
SORBI_3003G105900	10	1010
SORBI_3003G106000	10	1011
SORBI_3003G106100	10	1012
SORBI_3003G106200	10	1013
SORBI_3003G106300	10	1014
SORBI_3003G106400	10	1015
SORBI_3003G106500	10	1016
SORBI_3003G106600	10	1017
SORBI_3003G106800	10	1018
SORBI_3003G106900	10	1019
SORBI_3003G107000	10	1020
SORBI_3003G107100	10	1021
SORBI_3003G107200	10	1022
SORBI_3003G107300	10	1023
SORBI_3003G107400	11	0
SORBI_3003G107500	11	1
SORBI_3003G107600	11	2
SORBI_3003G107700	11	3
SORBI_3003G107800	11	4
SORBI_3003G107900	11	5
SORBI_3003G108000	11	6
SORBI_3003G108050	11	7
SORBI_3003G108100	11	8
SORBI_3003G108200	11	9
SORBI_3003G108300	11	10
SORBI_3003G108401	11	11
SORBI_3003G108500	11	12
SORBI_3003G108600	11	13
SORBI_3003G108700	11	14
SORBI_3003G108800	11	15
SORBI_3003G108900	11	16
SORBI_3003G109000	11	17
SORBI_3003G109100	11	18
SORBI_3003G109150	11	19
SORBI_3003G109200	11	20
SORBI_3003G109250	11	21
SORBI_3003G109300	11	22
SORBI_3003G109400	11	23
SORBI_3003G109500	11	24
SORBI_3003G109600	11	25
SORBI_3003G109700	11	26
SORBI_3003G109766	11	27
SORBI_3003G109832	11	28
SORBI_3003G109900	11	29
SORBI_3003G110000	11	30
SORBI_3003G110100	11	31
SORBI_3003G110200	11	32
SORBI_3003G110301	11	33
SORBI_3003G110400	11	34
SORBI_3003G110600	11	35
SORBI_3003G110700	11	36
SORBI_3003G110800	11	37
SORBI_3003G110866	11	38
SORBI_3003G110932	11	39
SORBI_3003G111000	11	40
SORBI_3003G111100	11	41
SORBI_3003G111200	11	42
SORBI_3003G111300	11	43
SORBI_3003G111400	11	44
SORBI_3003G111500	11	45
SORBI_3003G111600	11	46
SORBI_3003G111700	11	47
SORBI_3003G111800	11	48
SORBI_3003G111900	11	49
SORBI_3003G112001	11	50
SORBI_3003G112100	11	51
SORBI_3003G112200	11	52
SORBI_3003G112300	11	53
SORBI_3003G112400	11	54
SORBI_3003G112500	11	55
SORBI_3003G112600	11	56
SORBI_3003G112700	11	57
SORBI_3003G112800	11	58
SORBI_3003G112900	11	59
SORBI_3003G113000	11	60
SORBI_3003G113100	11	61
SORBI_3003G113200	11	62
SORBI_3003G113300	11	63
SORBI_3003G113400	11	64
SORBI_3003G113500	11	65
SORBI_3003G113700	11	66
SORBI_3003G113800	11	67
SORBI_3003G113900	11	68
SORBI_3003G114000	11	69
SORBI_3003G114100	11	70
SORBI_3003G114200	11	71
SORBI_3003G114300	11	72
SORBI_3003G114400	11	73
SORBI_3003G114500	11	74
SORBI_3003G114600	11	75
SORBI_3003G114700	11	76
SORBI_3003G114750	11	77
SORBI_3003G114800	11	78
SORBI_3003G114900	11	79
SORBI_3003G115000	11	80
SORBI_3003G115100	11	81
SORBI_3003G115200	11	82
SORBI_3003G115266	11	83
SORBI_3003G115332	11	84
SORBI_3003G115400	11	85
SORBI_3003G115550	11	86
SORBI_3003G115700	11	87
SORBI_3003G115800	11	88
SORBI_3003G115900	11	89
SORBI_3003G116000	11	90
SORBI_3003G116100	11	91
SORBI_3003G116200	11	92
SORBI_3003G116300	11	93
SORBI_3003G116400	11	94
SORBI_3003G116500	11	95
SORBI_3003G116600	11	96
SORBI_3003G116700	11	97
SORBI_3003G116800	11	98
SORBI_3003G116850	11	99
SORBI_3003G116900	11	100
SORBI_3003G117000	11	101
SORBI_3003G117100	11	102
SORBI_3003G117200	11	103
SORBI_3003G117300	11	104
SORBI_3003G117400	11	105
SORBI_3003G117500	11	106
SORBI_3003G117600	11	107
SORBI_3003G117700	11	108
SORBI_3003G117800	11	109
SORBI_3003G117850	11	110
SORBI_3003G117900	11	111
SORBI_3003G118000	11	112
SORBI_3003G118100	11	113
SORBI_3003G118200	11	114
SORBI_3003G118266	11	115
SORBI_3003G118332	11	116
SORBI_3003G118400	11	117
SORBI_3003G118500	11	118
SORBI_3003G118600	11	119
SORBI_3003G118650	11	120
SORBI_3003G118700	11	121
SORBI_3003G118750	11	122
SORBI_3003G118800	11	123
SORBI_3003G118900	11	124
SORBI_3003G119000	11	125
SORBI_3003G119100	11	126
SORBI_3003G119200	11	127
SORBI_3003G119266	11	128
SORBI_3003G119332	11	129
SORBI_3003G119400	11	130
SORBI_3003G119500	11	131
SORBI_3003G119600	11	132
SORBI_3003G119700	11	133
SORBI_3003G119750	11	134
SORBI_3003G119800	11	135
SORBI_3003G119900	11	136
SORBI_3003G120050	11	137
SORBI_3003G120200	11	138
SORBI_3003G120300	11	139
SORBI_3003G120400	11	140
SORBI_3003G120500	11	141
SORBI_3003G120600	11	142
SORBI_3003G120700	11	143
SORBI_3003G120800	11	144
SORBI_3003G120900	11	145
SORBI_3003G121000	11	146
SORBI_3003G121100	11	147
SORBI_3003G121200	11	148
SORBI_3003G121300	11	149
SORBI_3003G121400	11	150
SORBI_3003G121500	11	151
SORBI_3003G121600	11	152
SORBI_3003G121700	11	153
SORBI_3003G121800	11	154
SORBI_3003G121900	11	155
SORBI_3003G122000	11	156
SORBI_3003G122100	11	157
SORBI_3003G122200	11	158
SORBI_3003G122300	11	159
SORBI_3003G122400	11	160
SORBI_3003G122500	11	161
SORBI_3003G122800	11	162
SORBI_3003G122900	11	163
SORBI_3003G123000	11	164
SORBI_3003G123100	11	165
SORBI_3003G123200	11	166
SORBI_3003G123300	11	167
SORBI_3003G123500	11	168
SORBI_3003G123600	11	169
SORBI_3003G123700	11	170
SORBI_3003G123800	11	171
SORBI_3003G123900	11	172
SORBI_3003G123950	11	173
SORBI_3003G124000	11	174
SORBI_3003G124100	11	175
SORBI_3003G124200	11	176
SORBI_3003G124300	11	177
SORBI_3003G124400	11	178
SORBI_3003G124600	11	179
SORBI_3003G124700	11	180
SORBI_3003G124750	11	181
SORBI_3003G124800	11	182
SORBI_3003G124900	11	183
SORBI_3003G125000	11	184
SORBI_3003G125100	11	185
SORBI_3003G125200	11	186
SORBI_3003G125266	11	187
SORBI_3003G125332	11	188
SORBI_3003G125400	11	189
SORBI_3003G125500	11	190
SORBI_3003G125650	11	191
SORBI_3003G125701	11	192
SORBI_3003G125751	11	193
SORBI_3003G125801	11	194
SORBI_3003G125851	11	195
SORBI_3003G125900	11	196
SORBI_3003G126100	11	197
SORBI_3003G126200	11	198
SORBI_3003G126300	11	199
SORBI_3003G126400	11	200
SORBI_3003G126500	11	201
SORBI_3003G126600	11	202
SORBI_3003G126700	11	203
SORBI_3003G126750	11	204
SORBI_3003G126800	11	205
SORBI_3003G126900	11	206
SORBI_3003G127001	11	207
SORBI_3003G127100	11	208
SORBI_3003G127200	11	209
SORBI_3003G127300	11	210
SORBI_3003G127350	11	211
SORBI_3003G127400	11	212
SORBI_3003G127500	11	213
SORBI_3003G127600	11	214
SORBI_3003G127700	11	215
SORBI_3003G127800	11	216
SORBI_3003G127900	11	217
SORBI_3003G128000	11	218
SORBI_3003G128100	11	219
SORBI_3003G128200	11	220
SORBI_3003G128300	11	221
SORBI_3003G128350	11	222
SORBI_3003G128400	11	223
SORBI_3003G128500	11	224
SORBI_3003G128525	11	225
SORBI_3003G128550	11	226
SORBI_3003G128575	11	227
SORBI_3003G128600	11	228
SORBI_3003G128700	11	229
SORBI_3003G128800	11	230
SORBI_3003G128850	11	231
SORBI_3003G128900	11	232
SORBI_3003G129000	11	233
SORBI_3003G129100	11	234
SORBI_3003G129200	11	235
SORBI_3003G129300	11	236
SORBI_3003G129400	11	237
SORBI_3003G129500	11	238
SORBI_3003G129600	11	239
SORBI_3003G129700	11	240
SORBI_3003G129800	11	241
SORBI_3003G129900	11	242
SORBI_3003G130000	11	243
SORBI_3003G130100	11	244
SORBI_3003G130200	11	245
SORBI_3003G130300	11	246
SORBI_3003G130400	11	247
SORBI_3003G130500	11	248
SORBI_3003G130600	11	249
SORBI_3003G130650	11	250
SORBI_3003G130700	11	251
SORBI_3003G130800	11	252
SORBI_3003G130900	11	253
SORBI_3003G131000	11	254
SORBI_3003G131100	11	255
SORBI_3003G131200	11	256
SORBI_3003G131300	11	257
SORBI_3003G131400	11	258
SORBI_3003G131500	11	259
SORBI_3003G131600	11	260
SORBI_3003G131700	11	261
SORBI_3003G131800	11	262
SORBI_3003G131900	11	263
SORBI_3003G132000	11	264
SORBI_3003G132050	11	265
SORBI_3003G132100	11	266
SORBI_3003G132200	11	267
SORBI_3003G132300	11	268
SORBI_3003G132400	11	269
SORBI_3003G132500	11	270
SORBI_3003G132600	11	271
SORBI_3003G132700	11	272
SORBI_3003G133000	11	273
SORBI_3003G133100	11	274
SORBI_3003G133201	11	275
SORBI_3003G133300	11	276
SORBI_3003G133450	11	277
SORBI_3003G133600	11	278
SORBI_3003G133700	11	279
SORBI_3003G133800	11	280
SORBI_3003G133900	11	281
SORBI_3003G134000	11	282
SORBI_3003G134100	11	283
SORBI_3003G134201	11	284
SORBI_3003G134300	11	285
SORBI_3003G134400	11	286
SORBI_3003G134500	11	287
SORBI_3003G134600	11	288
SORBI_3003G134700	11	289
SORBI_3003G134800	11	290
SORBI_3003G134900	11	291
SORBI_3003G134950	11	292
SORBI_3003G135000	11	293
SORBI_3003G135101	11	294
SORBI_3003G135201	11	295
SORBI_3003G135300	11	296
SORBI_3003G135400	11	297
SORBI_3003G135500	11	298
SORBI_3003G135600	11	299
SORBI_3003G135700	11	300
SORBI_3003G135800	11	301
SORBI_3003G135900	11	302
SORBI_3003G136000	11	303
SORBI_3003G136100	11	304
SORBI_3003G136200	11	305
SORBI_3003G136301	11	306
SORBI_3003G136400	11	307
SORBI_3003G136500	11	308
SORBI_3003G136600	11	309
SORBI_3003G136700	11	310
SORBI_3003G136800	11	311
SORBI_3003G136900	11	312
SORBI_3003G137000	11	313
SORBI_3003G137100	11	314
SORBI_3003G137200	11	315
SORBI_3003G137300	11	316
SORBI_3003G137400	11	317
SORBI_3003G137500	11	318
SORBI_3003G137600	11	319
SORBI_3003G137700	11	320
SORBI_3003G137766	11	321
SORBI_3003G137832	11	322
SORBI_3003G137900	11	323
SORBI_3003G138000	11	324
SORBI_3003G138100	11	325
SORBI_3003G138200	11	326
SORBI_3003G138300	11	327
SORBI_3003G138400	11	328
SORBI_3003G138500	11	329
SORBI_3003G138550	11	330
SORBI_3003G138600	11	331
SORBI_3003G138900	11	332
SORBI_3003G139000	11	333
SORBI_3003G139050	11	334
SORBI_3003G139100	11	335
SORBI_3003G139200	11	336
SORBI_3003G139300	11	337
SORBI_3003G139333	11	338
SORBI_3003G139366	11	339
SORBI_3003G139400	11	340
SORBI_3003G139500	11	341
SORBI_3003G139600	11	342
SORBI_3003G139700	11	343
SORBI_3003G139800	11	344
SORBI_3003G139900	11	345
SORBI_3003G140000	11	346
SORBI_3003G140100	11	347
SORBI_3003G140200	11	348
SORBI_3003G140400	11	349
SORBI_3003G140450	11	350
SORBI_3003G140500	11	351
SORBI_3003G140550	11	352
SORBI_3003G140600	11	353
SORBI_3003G140700	11	354
SORBI_3003G140800	11	355
SORBI_3003G140900	11	356
SORBI_3003G141000	11	357
SORBI_3003G141050	11	358
SORBI_3003G141100	11	359
SORBI_3003G141200	11	360
SORBI_3003G141400	11	361
SORBI_3003G141500	11	362
SORBI_3003G141550	11	363
SORBI_3003G141600	11	364
SORBI_3003G141700	11	365
SORBI_3003G141800	11	366
SORBI_3003G142000	11	367
SORBI_3003G142100	11	368
SORBI_3003G142200	11	369
SORBI_3003G142300	11	370
SORBI_3003G142400	11	371
SORBI_3003G142500	11	372
SORBI_3003G142700	11	373
SORBI_3003G142800	11	374
SORBI_3003G142900	11	375
SORBI_3003G143000	11	376
SORBI_3003G143100	11	377
SORBI_3003G143200	11	378
SORBI_3003G143300	11	379
SORBI_3003G143401	11	380
SORBI_3003G143500	11	381
SORBI_3003G143600	11	382
SORBI_3003G143700	11	383
SORBI_3003G143800	11	384
SORBI_3003G143900	11	385
SORBI_3003G144000	11	386
SORBI_3003G144100	11	387
SORBI_3003G144200	11	388
SORBI_3003G144300	11	389
SORBI_3003G144400	11	390
SORBI_3003G144500	11	391
SORBI_3003G144600	11	392
SORBI_3003G144700	11	393
SORBI_3003G144800	11	394
SORBI_3003G144900	11	395
SORBI_3003G144950	11	396
SORBI_3003G145000	11	397
SORBI_3003G145050	11	398
SORBI_3003G145100	11	399
SORBI_3003G145200	11	400
SORBI_3003G145250	11	401
SORBI_3003G145300	11	402
SORBI_3003G145400	11	403
SORBI_3003G145500	11	404
SORBI_3003G145600	11	405
SORBI_3003G145700	11	406
SORBI_3003G145800	11	407
SORBI_3003G145900	11	408
SORBI_3003G146000	11	409
SORBI_3003G146100	11	410
SORBI_3003G146200	11	411
SORBI_3003G146300	11	412
SORBI_3003G146400	11	413
SORBI_3003G146450	11	414
SORBI_3003G146500	11	415
SORBI_3003G146600	11	416
SORBI_3003G146700	11	417
SORBI_3003G146800	11	418
SORBI_3003G146900	11	419
SORBI_3003G147000	11	420
SORBI_3003G147100	11	421
SORBI_3003G147200	11	422
SORBI_3003G147301	11	423
SORBI_3003G147401	11	424
SORBI_3003G147500	11	425
SORBI_3003G147600	11	426
SORBI_3003G147700	11	427
SORBI_3003G147800	11	428
SORBI_3003G147900	11	429
SORBI_3003G148000	11	430
SORBI_3003G148200	11	431
SORBI_3003G148300	11	432
SORBI_3003G148400	11	433
SORBI_3003G148500	11	434
SORBI_3003G148550	11	435
SORBI_3003G148600	11	436
SORBI_3003G148700	11	437
SORBI_3003G148800	11	438
SORBI_3003G148900	11	439
SORBI_3003G148950	11	440
SORBI_3003G149000	11	441
SORBI_3003G149100	11	442
SORBI_3003G149200	11	443
SORBI_3003G149300	11	444
SORBI_3003G149400	11	445
SORBI_3003G149500	11	446
SORBI_3003G149600	11	447
SORBI_3003G149700	11	448
SORBI_3003G149750	11	449
SORBI_3003G149800	11	450
SORBI_3003G149900	11	451
SORBI_3003G150000	11	452
SORBI_3003G150100	11	453
SORBI_3003G150200	11	454
SORBI_3003G150400	11	455
SORBI_3003G150500	11	456
SORBI_3003G150600	11	457
SORBI_3003G150700	11	458
SORBI_3003G150800	11	459
SORBI_3003G150900	11	460
SORBI_3003G151000	11	461
SORBI_3003G151100	11	462
SORBI_3003G151200	11	463
SORBI_3003G151300	11	464
SORBI_3003G151400	11	465
SORBI_3003G151500	11	466
SORBI_3003G151600	11	467
SORBI_3003G151800	11	468
SORBI_3003G151900	11	469
SORBI_3003G152000	11	470
SORBI_3003G152050	11	471
SORBI_3003G152100	11	472
SORBI_3003G152200	11	473
SORBI_3003G152300	11	474
SORBI_3003G152400	11	475
SORBI_3003G152500	11	476
SORBI_3003G152600	11	477
SORBI_3003G152700	11	478
SORBI_3003G152800	11	479
SORBI_3003G152900	11	480
SORBI_3003G153000	11	481
SORBI_3003G153100	11	482
SORBI_3003G153150	11	483
SORBI_3003G153200	11	484
SORBI_3003G153300	11	485
SORBI_3003G153400	11	486
SORBI_3003G153500	11	487
SORBI_3003G153600	11	488
SORBI_3003G153700	11	489
SORBI_3003G153800	11	490
SORBI_3003G153900	11	491
SORBI_3003G154100	11	492
SORBI_3003G154200	11	493
SORBI_3003G154300	11	494
SORBI_3003G154400	11	495
SORBI_3003G154450	11	496
SORBI_3003G154500	11	497
SORBI_3003G154600	11	498
SORBI_3003G154700	11	499
SORBI_3003G154800	11	500
SORBI_3003G154900	11	501
SORBI_3003G155000	11	502
SORBI_3003G155100	11	503
SORBI_3003G155300	11	504
SORBI_3003G155350	11	505
SORBI_3003G155400	11	506
SORBI_3003G155600	11	507
SORBI_3003G155700	11	508
SORBI_3003G155800	11	509
SORBI_3003G155900	11	510
SORBI_3003G156000	11	511
SORBI_3003G156100	11	512
SORBI_3003G156200	11	513
SORBI_3003G156300	11	514
SORBI_3003G156400	11	515
SORBI_3003G156500	11	516
SORBI_3003G156600	11	517
SORBI_3003G156700	11	518
SORBI_3003G156733	11	519
SORBI_3003G156766	11	520
SORBI_3003G156800	11	521
SORBI_3003G156900	11	522
SORBI_3003G157000	11	523
SORBI_3003G157100	11	524
SORBI_3003G157200	11	525
SORBI_3003G157300	11	526
SORBI_3003G157400	11	527
SORBI_3003G157450	11	528
SORBI_3003G157500	11	529
SORBI_3003G157600	11	530
SORBI_3003G157700	11	531
SORBI_3003G157800	11	532
SORBI_3003G157900	11	533
SORBI_3003G158000	11	534
SORBI_3003G158100	11	535
SORBI_3003G158201	11	536
SORBI_3003G158300	11	537
SORBI_3003G158400	11	538
SORBI_3003G158500	11	539
SORBI_3003G158600	11	540
SORBI_3003G158700	11	541
SORBI_3003G158900	11	542
SORBI_3003G159000	11	543
SORBI_3003G159101	11	544
SORBI_3003G159200	11	545
SORBI_3003G159300	11	546
SORBI_3003G159400	11	547
SORBI_3003G159450	11	548
SORBI_3003G159500	11	549
SORBI_3003G159600	11	550
SORBI_3003G159700	11	551
SORBI_3003G159850	11	552
SORBI_3003G160000	11	553
SORBI_3003G160100	11	554
SORBI_3003G160150	11	555
SORBI_3003G160200	11	556
SORBI_3003G160300	11	557
SORBI_3003G160400	11	558
SORBI_3003G160433	11	559
SORBI_3003G160466	11	560
SORBI_3003G160500	11	561
SORBI_3003G160600	11	562
SORBI_3003G160700	11	563
SORBI_3003G160800	11	564
SORBI_3003G160900	11	565
SORBI_3003G161000	11	566
SORBI_3003G161100	11	567
SORBI_3003G161200	11	568
SORBI_3003G161300	11	569
SORBI_3003G161400	11	570
SORBI_3003G161500	11	571
SORBI_3003G161600	11	572
SORBI_3003G161700	11	573
SORBI_3003G161800	11	574
SORBI_3003G161900	11	575
SORBI_3003G161950	11	576
SORBI_3003G162000	11	577
SORBI_3003G162100	11	578
SORBI_3003G162200	11	579
SORBI_3003G162400	11	580
SORBI_3003G162500	11	581
SORBI_3003G162600	11	582
SORBI_3003G162633	11	583
SORBI_3003G162666	11	584
SORBI_3003G162700	11	585
SORBI_3003G162800	11	586
SORBI_3003G162900	11	587
SORBI_3003G163000	11	588
SORBI_3003G163100	11	589
SORBI_3003G163200	11	590
SORBI_3003G163301	11	591
SORBI_3003G163401	11	592
SORBI_3003G163500	11	593
SORBI_3003G163600	11	594
SORBI_3003G163700	11	595
SORBI_3003G163801	11	596
SORBI_3003G163900	11	597
SORBI_3003G164000	11	598
SORBI_3003G164100	11	599
SORBI_3003G164200	11	600
SORBI_3003G164300	11	601
SORBI_3003G164400	11	602
SORBI_3003G164500	11	603
SORBI_3003G164600	11	604
SORBI_3003G164700	11	605
SORBI_3003G164800	11	606
SORBI_3003G164950	11	607
SORBI_3003G165101	11	608
SORBI_3003G165251	11	609
SORBI_3003G165401	11	610
SORBI_3003G165551	11	611
SORBI_3003G165700	11	612
SORBI_3003G165800	11	613
SORBI_3003G166001	11	614
SORBI_3003G166200	11	615
SORBI_3003G166300	11	616
SORBI_3003G166400	11	617
SORBI_3003G166450	11	618
SORBI_3003G166500	11	619
SORBI_3003G166625	11	620
SORBI_3003G166750	11	621
SORBI_3003G166875	11	622
SORBI_3003G167000	11	623
SORBI_3003G167101	11	624
SORBI_3003G167200	11	625
SORBI_3003G167300	11	626
SORBI_3003G167500	11	627
SORBI_3003G167566	11	628
SORBI_3003G167632	11	629
SORBI_3003G167700	11	630
SORBI_3003G167800	11	631
SORBI_3003G167825	11	632
SORBI_3003G167850	11	633
SORBI_3003G167875	11	634
SORBI_3003G167900	11	635
SORBI_3003G168100	11	636
SORBI_3003G168200	11	637
SORBI_3003G168300	11	638
SORBI_3003G168350	11	639
SORBI_3003G168425	11	640
SORBI_3003G168500	11	641
SORBI_3003G168600	11	642
SORBI_3003G168700	11	643
SORBI_3003G168800	11	644
SORBI_3003G168900	11	645
SORBI_3003G169000	11	646
SORBI_3003G169100	11	647
SORBI_3003G169200	11	648
SORBI_3003G169300	11	649
SORBI_3003G169400	11	650
SORBI_3003G169500	11	651
SORBI_3003G169550	11	652
SORBI_3003G169600	11	653
SORBI_3003G169700	11	654
SORBI_3003G169800	11	655
SORBI_3003G169900	11	656
SORBI_3003G169966	11	657
SORBI_3003G170032	11	658
SORBI_3003G170100	11	659
SORBI_3003G170200	11	660
SORBI_3003G170300	11	661
SORBI_3003G170333	11	662
SORBI_3003G170366	11	663
SORBI_3003G170400	11	664
SORBI_3003G170501	11	665
SORBI_3003G170600	11	666
SORBI_3003G170700	11	667
SORBI_3003G170800	11	668
SORBI_3003G170900	11	669
SORBI_3003G170966	11	670
SORBI_3003G171032	11	671
SORBI_3003G171100	11	672
SORBI_3003G171200	11	673
SORBI_3003G171300	11	674
SORBI_3003G171400	11	675
SORBI_3003G171500	11	676
SORBI_3003G171701	11	677
SORBI_3003G171900	11	678
SORBI_3003G171950	11	679
SORBI_3003G172000	11	680
SORBI_3003G172200	11	681
SORBI_3003G172250	11	682
SORBI_3003G172300	11	683
SORBI_3003G172400	11	684
SORBI_3003G172450	11	685
SORBI_3003G172500	11	686
SORBI_3003G172600	11	687
SORBI_3003G172701	11	688
SORBI_3003G172800	11	689
SORBI_3003G172850	11	690
SORBI_3003G172900	11	691
SORBI_3003G172966	11	692
SORBI_3003G173032	11	693
SORBI_3003G173116	11	694
SORBI_3003G173200	11	695
SORBI_3003G173266	11	696
SORBI_3003G173332	11	697
SORBI_3003G173400	11	698
SORBI_3003G173600	11	699
SORBI_3003G173700	11	700
SORBI_3003G173800	11	701
SORBI_3003G173950	11	702
SORBI_3003G174100	11	703
SORBI_3003G174200	11	704
SORBI_3003G174301	11	705
SORBI_3003G174400	11	706
SORBI_3003G174425	11	707
SORBI_3003G174450	11	708
SORBI_3003G174475	11	709
SORBI_3003G174500	11	710
SORBI_3003G174601	11	711
SORBI_3003G174700	11	712
SORBI_3003G174800	11	713
SORBI_3003G174850	11	714
SORBI_3003G174900	11	715
SORBI_3003G175000	11	716
SORBI_3003G175050	11	717
SORBI_3003G175100	11	718
SORBI_3003G175201	11	719
SORBI_3003G175300	11	720
SORBI_3003G175350	11	721
SORBI_3003G175400	11	722
SORBI_3003G175500	11	723
SORBI_3003G175600	11	724
SORBI_3003G175633	11	725
SORBI_3003G175666	11	726
SORBI_3003G175700	11	727
SORBI_3003G175800	11	728
SORBI_3003G175833	11	729
SORBI_3003G175866	11	730
SORBI_3003G175900	11	731
SORBI_3003G175950	11	732
SORBI_3003G176000	11	733
SORBI_3003G176100	11	734
SORBI_3003G176200	11	735
SORBI_3003G176300	11	736
SORBI_3003G176325	11	737
SORBI_3003G176350	11	738
SORBI_3003G176375	11	739
SORBI_3003G176400	11	740
SORBI_3003G176500	11	741
SORBI_3003G176600	11	742
SORBI_3003G176650	11	743
SORBI_3003G176700	11	744
SORBI_3003G176800	11	745
SORBI_3003G176900	11	746
SORBI_3003G177000	11	747
SORBI_3003G177200	11	748
SORBI_3003G177350	11	749
SORBI_3003G177500	11	750
SORBI_3003G177600	11	751
SORBI_3003G177700	11	752
SORBI_3003G177800	11	753
SORBI_3003G178000	11	754
SORBI_3003G178101	11	755
SORBI_3003G178200	11	756
SORBI_3003G178301	11	757
SORBI_3003G178400	11	758
SORBI_3003G178500	11	759
SORBI_3003G178601	11	760
SORBI_3003G178700	11	761
SORBI_3003G178800	11	762
SORBI_3003G178900	11	763
SORBI_3003G179000	11	764
SORBI_3003G179100	11	765
SORBI_3003G179201	11	766
SORBI_3003G179300	11	767
SORBI_3003G179350	11	768
SORBI_3003G179400	11	769
SORBI_3003G179500	11	770
SORBI_3003G179600	11	771
SORBI_3003G179700	11	772
SORBI_3003G179800	11	773
SORBI_3003G179950	11	774
SORBI_3003G180100	11	775
SORBI_3003G180200	11	776
SORBI_3003G180300	11	777
SORBI_3003G180400	11	778
SORBI_3003G180600	11	779
SORBI_3003G180700	11	780
SORBI_3003G180800	11	781
SORBI_3003G180900	11	782
SORBI_3003G180950	11	783
SORBI_3003G181000	11	784
SORBI_3003G181201	11	785
SORBI_3003G181400	11	786
SORBI_3003G181500	11	787
SORBI_3003G181600	11	788
SORBI_3003G181700	11	789
SORBI_3003G181800	11	790
SORBI_3003G181900	11	791
SORBI_3003G182100	11	792
SORBI_3003G182200	11	793
SORBI_3003G182300	11	794
SORBI_3003G182400	11	795
SORBI_3003G182501	11	796
SORBI_3003G182600	11	797
SORBI_3003G182700	11	798
SORBI_3003G182800	11	799
SORBI_3003G182901	11	800
SORBI_3003G183000	11	801
SORBI_3003G183100	11	802
SORBI_3003G183200	11	803
SORBI_3003G183300	11	804
SORBI_3003G183400	11	805
SORBI_3003G183466	11	806
SORBI_3003G183532	11	807
SORBI_3003G183600	11	808
SORBI_3003G183700	11	809
SORBI_3003G183800	11	810
SORBI_3003G183850	11	811
SORBI_3003G183900	11	812
SORBI_3003G184000	11	813
SORBI_3003G184100	11	814
SORBI_3003G184200	11	815
SORBI_3003G184300	11	816
SORBI_3003G184400	11	817
SORBI_3003G184500	11	818
SORBI_3003G184600	11	819
SORBI_3003G184633	11	820
SORBI_3003G184666	11	821
SORBI_3003G184699	11	822
SORBI_3003G184732	11	823
SORBI_3003G184765	11	824
SORBI_3003G184800	11	825
SORBI_3003G184900	11	826
SORBI_3003G185000	11	827
SORBI_3003G185100	11	828
SORBI_3003G185200	11	829
SORBI_3003G185250	11	830
SORBI_3003G185300	11	831
SORBI_3003G185400	11	832
SORBI_3003G185500	11	833
SORBI_3003G185600	11	834
SORBI_3003G185700	11	835
SORBI_3003G185800	11	836
SORBI_3003G185900	11	837
SORBI_3003G186000	11	838
SORBI_3003G186066	11	839
SORBI_3003G186132	11	840
SORBI_3003G186200	11	841
SORBI_3003G186300	11	842
SORBI_3003G186350	11	843
SORBI_3003G186400	11	844
SORBI_3003G186500	11	845
SORBI_3003G186600	11	846
SORBI_3003G186700	11	847
SORBI_3003G186800	11	848
SORBI_3003G186900	11	849
SORBI_3003G187000	11	850
SORBI_3003G187100	11	851
SORBI_3003G187200	11	852
SORBI_3003G187300	11	853
SORBI_3003G187400	11	854
SORBI_3003G187500	11	855
SORBI_3003G187600	11	856
SORBI_3003G187700	11	857
SORBI_3003G187800	11	858
SORBI_3003G188000	11	859
SORBI_3003G188100	11	860
SORBI_3003G188200	11	861
SORBI_3003G188300	11	862
SORBI_3003G188400	11	863
SORBI_3003G188500	11	864
SORBI_3003G188600	11	865
SORBI_3003G188700	11	866
SORBI_3003G188801	11	867
SORBI_3003G188900	11	868
SORBI_3003G189000	11	869
SORBI_3003G189100	11	870
SORBI_3003G189200	11	871
SORBI_3003G189333	11	872
SORBI_3003G189466	11	873
SORBI_3003G189600	11	874
SORBI_3003G189700	11	875
SORBI_3003G189800	11	876
SORBI_3003G189900	11	877
SORBI_3003G190000	11	878
SORBI_3003G190100	11	879
SORBI_3003G190200	11	880
SORBI_3003G190300	11	881
SORBI_3003G190400	11	882
SORBI_3003G190500	11	883
SORBI_3003G190600	11	884
SORBI_3003G190701	11	885
SORBI_3003G190800	11	886
SORBI_3003G190900	11	887
SORBI_3003G191000	11	888
SORBI_3003G191200	11	889
SORBI_3003G191300	11	890
SORBI_3003G191350	11	891
SORBI_3003G191400	11	892
SORBI_3003G191500	11	893
SORBI_3003G191600	11	894
SORBI_3003G191700	11	895
SORBI_3003G191750	11	896
SORBI_3003G191800	11	897
SORBI_3003G192000	11	898
SORBI_3003G192100	11	899
SORBI_3003G192200	11	900
SORBI_3003G192300	11	901
SORBI_3003G192400	11	902
SORBI_3003G192500	11	903
SORBI_3003G192600	11	904
SORBI_3003G192701	11	905
SORBI_3003G192801	11	906
SORBI_3003G192900	11	907
SORBI_3003G193000	11	908
SORBI_3003G193200	11	909
SORBI_3003G193300	11	910
SORBI_3003G193400	11	911
SORBI_3003G193500	11	912
SORBI_3003G193600	11	913
SORBI_3003G193700	11	914
SORBI_3003G193800	11	915
SORBI_3003G193900	11	916
SORBI_3003G194100	11	917
SORBI_3003G194200	11	918
SORBI_3003G194300	11	919
SORBI_3003G194400	11	920
SORBI_3003G194500	11	921
SORBI_3003G194600	11	922
SORBI_3003G194800	11	923
SORBI_3003G194900	11	924
SORBI_3003G195000	11	925
SORBI_3003G195150	11	926
SORBI_3003G195300	11	927
SORBI_3003G195400	11	928
SORBI_3003G195500	11	929
SORBI_3003G195600	11	930
SORBI_3003G195700	11	931
SORBI_3003G195800	11	932
SORBI_3003G195900	11	933
SORBI_3003G196000	11	934
SORBI_3003G196200	11	935
SORBI_3003G196300	11	936
SORBI_3003G196400	11	937
SORBI_3003G196500	11	938
SORBI_3003G196600	11	939
SORBI_3003G196700	11	940
SORBI_3003G196800	11	941
SORBI_3003G196900	11	942
SORBI_3003G197000	11	943
SORBI_3003G197100	11	944
SORBI_3003G197200	11	945
SORBI_3003G197300	11	946
SORBI_3003G197400	11	947
SORBI_3003G197500	11	948
SORBI_3003G197600	11	949
SORBI_3003G197700	11	950
SORBI_3003G197800	11	951
SORBI_3003G198000	11	952
SORBI_3003G198016	11	953
SORBI_3003G198032	11	954
SORBI_3003G198048	11	955
SORBI_3003G198064	11	956
SORBI_3003G198080	11	957
SORBI_3003G198100	11	958
SORBI_3003G198150	11	959
SORBI_3003G198200	11	960
SORBI_3003G198300	11	961
SORBI_3003G198400	11	962
SORBI_3003G198500	11	963
SORBI_3003G198550	11	964
SORBI_3003G198600	11	965
SORBI_3003G198701	11	966
SORBI_3003G198800	11	967
SORBI_3003G198850	11	968
SORBI_3003G198900	11	969
SORBI_3003G199001	11	970
SORBI_3003G199101	11	971
SORBI_3003G199200	11	972
SORBI_3003G199300	11	973
SORBI_3003G199400	11	974
SORBI_3003G199500	11	975
SORBI_3003G199600	11	976
SORBI_3003G199650	11	977
SORBI_3003G199700	11	978
SORBI_3003G199800	11	979
SORBI_3003G199900	11	980
SORBI_3003G200000	11	981
SORBI_3003G200100	11	982
SORBI_3003G200200	11	983
SORBI_3003G200400	11	984
SORBI_3003G200501	11	985
SORBI_3003G200600	11	986
SORBI_3003G200700	11	987
SORBI_3003G200800	11	988
SORBI_3003G200900	11	989
SORBI_3003G201000	11	990
SORBI_3003G201100	11	991
SORBI_3003G201150	11	992
SORBI_3003G201200	11	993
SORBI_3003G201300	11	994
SORBI_3003G201400	11	995
SORBI_3003G201500	11	996
SORBI_3003G201600	11	997
SORBI_3003G201700	11	998
SORBI_3003G201750	11	999
SORBI_3003G201800	11	1000
SORBI_3003G201850	11	1001
SORBI_3003G201900	11	1002
SORBI_3003G202000	11	1003
SORBI_3003G202100	11	1004
SORBI_3003G202200	11	1005
SORBI_3003G202300	11	1006
SORBI_3003G202400	11	1007
SORBI_3003G202500	11	1008
SORBI_3003G202600	11	1009
SORBI_3003G202700	11	1010
SORBI_3003G202800	11	1011
SORBI_3003G202900	11	1012
SORBI_3003G203000	11	1013
SORBI_3003G203100	11	1014
SORBI_3003G203200	11	1015
SORBI_3003G203300	11	1016
SORBI_3003G203400	11	1017
SORBI_3003G203500	11	1018
SORBI_3003G203600	11	1019
SORBI_3003G203700	11	1020
SORBI_3003G203800	11	1021
SORBI_3003G203833	11	1022
SORBI_3003G203866	11	1023
SORBI_3003G203900	12	0
SORBI_3003G204000	12	1
SORBI_3003G204100	12	2
SORBI_3003G204200	12	3
SORBI_3003G204300	12	4
SORBI_3003G204400	12	5
SORBI_3003G204501	12	6
SORBI_3003G204600	12	7
SORBI_3003G204750	12	8
SORBI_3003G204900	12	9
SORBI_3003G205000	12	10
SORBI_3003G205100	12	11
SORBI_3003G205200	12	12
SORBI_3003G205300	12	13
SORBI_3003G205400	12	14
SORBI_3003G205501	12	15
SORBI_3003G205600	12	16
SORBI_3003G205700	12	17
SORBI_3003G205801	12	18
SORBI_3003G205900	12	19
SORBI_3003G206000	12	20
SORBI_3003G206100	12	21
SORBI_3003G206200	12	22
SORBI_3003G206250	12	23
SORBI_3003G206300	12	24
SORBI_3003G206400	12	25
SORBI_3003G206500	12	26
SORBI_3003G206600	12	27
SORBI_3003G206700	12	28
SORBI_3003G206800	12	29
SORBI_3003G206900	12	30
SORBI_3003G207000	12	31
SORBI_3003G207100	12	32
SORBI_3003G207200	12	33
SORBI_3003G207300	12	34
SORBI_3003G207400	12	35
SORBI_3003G207500	12	36
SORBI_3003G207600	12	37
SORBI_3003G207700	12	38
SORBI_3003G207800	12	39
SORBI_3003G207900	12	40
SORBI_3003G208000	12	41
SORBI_3003G208100	12	42
SORBI_3003G208200	12	43
SORBI_3003G208300	12	44
SORBI_3003G208400	12	45
SORBI_3003G208500	12	46
SORBI_3003G208600	12	47
SORBI_3003G208700	12	48
SORBI_3003G208800	12	49
SORBI_3003G208900	12	50
SORBI_3003G209000	12	51
SORBI_3003G209101	12	52
SORBI_3003G209200	12	53
SORBI_3003G209300	12	54
SORBI_3003G209400	12	55
SORBI_3003G209500	12	56
SORBI_3003G209600	12	57
SORBI_3003G209800	12	58
SORBI_3003G209900	12	59
SORBI_3003G210000	12	60
SORBI_3003G210100	12	61
SORBI_3003G210200	12	62
SORBI_3003G210300	12	63
SORBI_3003G210400	12	64
SORBI_3003G210500	12	65
SORBI_3003G210601	12	66
SORBI_3003G210701	12	67
SORBI_3003G210801	12	68
SORBI_3003G210900	12	69
SORBI_3003G211000	12	70
SORBI_3003G211100	12	71
SORBI_3003G211200	12	72
SORBI_3003G211233	12	73
SORBI_3003G211266	12	74
SORBI_3003G211300	12	75
SORBI_3003G211400	12	76
SORBI_3003G211500	12	77
SORBI_3003G211600	12	78
SORBI_3003G211700	12	79
SORBI_3003G211800	12	80
SORBI_3003G211900	12	81
SORBI_3003G212000	12	82
SORBI_3003G212100	12	83
SORBI_3003G212300	12	84
SORBI_3003G212400	12	85
SORBI_3003G212500	12	86
SORBI_3003G212600	12	87
SORBI_3003G212700	12	88
SORBI_3003G212800	12	89
SORBI_3003G212900	12	90
SORBI_3003G213000	12	91
SORBI_3003G213100	12	92
SORBI_3003G213300	12	93
SORBI_3003G213400	12	94
SORBI_3003G213500	12	95
SORBI_3003G213600	12	96
SORBI_3003G213700	12	97
SORBI_3003G213800	12	98
SORBI_3003G213900	12	99
SORBI_3003G214000	12	100
SORBI_3003G214100	12	101
SORBI_3003G214200	12	102
SORBI_3003G214300	12	103
SORBI_3003G214400	12	104
SORBI_3003G214500	12	105
SORBI_3003G214600	12	106
SORBI_3003G214650	12	107
SORBI_3003G214700	12	108
SORBI_3003G214800	12	109
SORBI_3003G214850	12	110
SORBI_3003G214900	12	111
SORBI_3003G215100	12	112
SORBI_3003G215200	12	113
SORBI_3003G215300	12	114
SORBI_3003G215350	12	115
SORBI_3003G215400	12	116
SORBI_3003G215500	12	117
SORBI_3003G215600	12	118
SORBI_3003G215700	12	119
SORBI_3003G215800	12	120
SORBI_3003G215900	12	121
SORBI_3003G216000	12	122
SORBI_3003G216100	12	123
SORBI_3003G216166	12	124
SORBI_3003G216232	12	125
SORBI_3003G216300	12	126
SORBI_3003G216400	12	127
SORBI_3003G216500	12	128
SORBI_3003G216600	12	129
SORBI_3003G216700	12	130
SORBI_3003G216800	12	131
SORBI_3003G216901	12	132
SORBI_3003G217000	12	133
SORBI_3003G217100	12	134
SORBI_3003G217200	12	135
SORBI_3003G217300	12	136
SORBI_3003G217400	12	137
SORBI_3003G217500	12	138
SORBI_3003G217566	12	139
SORBI_3003G217632	12	140
SORBI_3003G217700	12	141
SORBI_3003G217800	12	142
SORBI_3003G217900	12	143
SORBI_3003G218000	12	144
SORBI_3003G218100	12	145
SORBI_3003G218200	12	146
SORBI_3003G218300	12	147
SORBI_3003G218400	12	148
SORBI_3003G218450	12	149
SORBI_3003G218500	12	150
SORBI_3003G218600	12	151
SORBI_3003G218700	12	152
SORBI_3003G218801	12	153
SORBI_3003G218900	12	154
SORBI_3003G218950	12	155
SORBI_3003G219000	12	156
SORBI_3003G219100	12	157
SORBI_3003G219200	12	158
SORBI_3003G219300	12	159
SORBI_3003G219400	12	160
SORBI_3003G219500	12	161
SORBI_3003G219600	12	162
SORBI_3003G219700	12	163
SORBI_3003G219800	12	164
SORBI_3003G220000	12	165
SORBI_3003G220100	12	166
SORBI_3003G220200	12	167
SORBI_3003G220266	12	168
SORBI_3003G220332	12	169
SORBI_3003G220400	12	170
SORBI_3003G220500	12	171
SORBI_3003G220600	12	172
SORBI_3003G220700	12	173
SORBI_3003G220800	12	174
SORBI_3003G220900	12	175
SORBI_3003G221000	12	176
SORBI_3003G221100	12	177
SORBI_3003G221200	12	178
SORBI_3003G221300	12	179
SORBI_3003G221400	12	180
SORBI_3003G221450	12	181
SORBI_3003G221500	12	182
SORBI_3003G221600	12	183
SORBI_3003G221650	12	184
SORBI_3003G221700	12	185
SORBI_3003G221800	12	186
SORBI_3003G221900	12	187
SORBI_3003G222000	12	188
SORBI_3003G222101	12	189
SORBI_3003G222200	12	190
SORBI_3003G222300	12	191
SORBI_3003G222400	12	192
SORBI_3003G222500	12	193
SORBI_3003G222600	12	194
SORBI_3003G222700	12	195
SORBI_3003G222800	12	196
SORBI_3003G222900	12	197
SORBI_3003G223000	12	198
SORBI_3003G223100	12	199
SORBI_3003G223200	12	200
SORBI_3003G223300	12	201
SORBI_3003G223400	12	202
SORBI_3003G223500	12	203
SORBI_3003G223600	12	204
SORBI_3003G223700	12	205
SORBI_3003G223800	12	206
SORBI_3003G223900	12	207
SORBI_3003G223950	12	208
SORBI_3003G224000	12	209
SORBI_3003G224100	12	210
SORBI_3003G224200	12	211
SORBI_3003G224300	12	212
SORBI_3003G224400	12	213
SORBI_3003G224600	12	214
SORBI_3003G224700	12	215
SORBI_3003G224800	12	216
SORBI_3003G224900	12	217
SORBI_3003G225000	12	218
SORBI_3003G225100	12	219
SORBI_3003G225200	12	220
SORBI_3003G225300	12	221
SORBI_3003G225500	12	222
SORBI_3003G225600	12	223
SORBI_3003G225700	12	224
SORBI_3003G225800	12	225
SORBI_3003G225900	12	226
SORBI_3003G226000	12	227
SORBI_3003G226100	12	228
SORBI_3003G226200	12	229
SORBI_3003G226300	12	230
SORBI_3003G226400	12	231
SORBI_3003G226500	12	232
SORBI_3003G226600	12	233
SORBI_3003G226700	12	234
SORBI_3003G226800	12	235
SORBI_3003G226900	12	236
SORBI_3003G226950	12	237
SORBI_3003G227000	12	238
SORBI_3003G227100	12	239
SORBI_3003G227200	12	240
SORBI_3003G227300	12	241
SORBI_3003G227401	12	242
SORBI_3003G227501	12	243
SORBI_3003G227600	12	244
SORBI_3003G227700	12	245
SORBI_3003G227800	12	246
SORBI_3003G227900	12	247
SORBI_3003G228000	12	248
SORBI_3003G228100	12	249
SORBI_3003G228200	12	250
SORBI_3003G228300	12	251
SORBI_3003G228400	12	252
SORBI_3003G228500	12	253
SORBI_3003G228600	12	254
SORBI_3003G228700	12	255
SORBI_3003G228900	12	256
SORBI_3003G229000	12	257
SORBI_3003G229100	12	258
SORBI_3003G229150	12	259
SORBI_3003G229200	12	260
SORBI_3003G229300	12	261
SORBI_3003G229400	12	262
SORBI_3003G229500	12	263
SORBI_3003G229600	12	264
SORBI_3003G229650	12	265
SORBI_3003G229700	12	266
SORBI_3003G229800	12	267
SORBI_3003G229900	12	268
SORBI_3003G230000	12	269
SORBI_3003G230100	12	270
SORBI_3003G230200	12	271
SORBI_3003G230300	12	272
SORBI_3003G230400	12	273
SORBI_3003G230500	12	274
SORBI_3003G230600	12	275
SORBI_3003G230700	12	276
SORBI_3003G230800	12	277
SORBI_3003G230900	12	278
SORBI_3003G231000	12	279
SORBI_3003G231100	12	280
SORBI_3003G231200	12	281
SORBI_3003G231300	12	282
SORBI_3003G231400	12	283
SORBI_3003G231500	12	284
SORBI_3003G231600	12	285
SORBI_3003G231700	12	286
SORBI_3003G231800	12	287
SORBI_3003G231900	12	288
SORBI_3003G232001	12	289
SORBI_3003G232100	12	290
SORBI_3003G232200	12	291
SORBI_3003G232266	12	292
SORBI_3003G232332	12	293
SORBI_3003G232400	12	294
SORBI_3003G232500	12	295
SORBI_3003G232600	12	296
SORBI_3003G232700	12	297
SORBI_3003G232800	12	298
SORBI_3003G232900	12	299
SORBI_3003G233000	12	300
SORBI_3003G233100	12	301
SORBI_3003G233200	12	302
SORBI_3003G233266	12	303
SORBI_3003G233300	12	304
SORBI_3003G233332	12	305
SORBI_3003G233400	12	306
SORBI_3003G233500	12	307
SORBI_3003G233600	12	308
SORBI_3003G233700	12	309
SORBI_3003G233800	12	310
SORBI_3003G233900	12	311
SORBI_3003G234000	12	312
SORBI_3003G234101	12	313
SORBI_3003G234200	12	314
SORBI_3003G234300	12	315
SORBI_3003G234400	12	316
SORBI_3003G234500	12	317
SORBI_3003G234600	12	318
SORBI_3003G234701	12	319
SORBI_3003G234800	12	320
SORBI_3003G234900	12	321
SORBI_3003G235000	12	322
SORBI_3003G235100	12	323
SORBI_3003G235200	12	324
SORBI_3003G235300	12	325
SORBI_3003G235400	12	326
SORBI_3003G235500	12	327
SORBI_3003G235601	12	328
SORBI_3003G235700	12	329
SORBI_3003G235800	12	330
SORBI_3003G235900	12	331
SORBI_3003G236000	12	332
SORBI_3003G236100	12	333
SORBI_3003G236150	12	334
SORBI_3003G236200	12	335
SORBI_3003G236300	12	336
SORBI_3003G236400	12	337
SORBI_3003G236450	12	338
SORBI_3003G236501	12	339
SORBI_3003G236551	12	340
SORBI_3003G236600	12	341
SORBI_3003G236701	12	342
SORBI_3003G236800	12	343
SORBI_3003G236900	12	344
SORBI_3003G237000	12	345
SORBI_3003G237100	12	346
SORBI_3003G237201	12	347
SORBI_3003G237300	12	348
SORBI_3003G237400	12	349
SORBI_3003G237500	12	350
SORBI_3003G237600	12	351
SORBI_3003G237700	12	352
SORBI_3003G237800	12	353
SORBI_3003G237900	12	354
SORBI_3003G238000	12	355
SORBI_3003G238100	12	356
SORBI_3003G238200	12	357
SORBI_3003G238250	12	358
SORBI_3003G238300	12	359
SORBI_3003G238400	12	360
SORBI_3003G238500	12	361
SORBI_3003G238600	12	362
SORBI_3003G238700	12	363
SORBI_3003G238750	12	364
SORBI_3003G238800	12	365
SORBI_3003G238900	12	366
SORBI_3003G239000	12	367
SORBI_3003G239100	12	368
SORBI_3003G239200	12	369
SORBI_3003G239300	12	370
SORBI_3003G239400	12	371
SORBI_3003G239500	12	372
SORBI_3003G239600	12	373
SORBI_3003G239700	12	374
SORBI_3003G239750	12	375
SORBI_3003G239800	12	376
SORBI_3003G239900	12	377
SORBI_3003G240000	12	378
SORBI_3003G240100	12	379
SORBI_3003G240200	12	380
SORBI_3003G240300	12	381
SORBI_3003G240400	12	382
SORBI_3003G240500	12	383
SORBI_3003G240600	12	384
SORBI_3003G240700	12	385
SORBI_3003G240800	12	386
SORBI_3003G241000	12	387
SORBI_3003G241050	12	388
SORBI_3003G241100	12	389
SORBI_3003G241200	12	390
SORBI_3003G241300	12	391
SORBI_3003G241400	12	392
SORBI_3003G241500	12	393
SORBI_3003G241600	12	394
SORBI_3003G241700	12	395
SORBI_3003G241800	12	396
SORBI_3003G241900	12	397
SORBI_3003G242000	12	398
SORBI_3003G242200	12	399
SORBI_3003G242300	12	400
SORBI_3003G242400	12	401
SORBI_3003G242500	12	402
SORBI_3003G242600	12	403
SORBI_3003G242700	12	404
SORBI_3003G242800	12	405
SORBI_3003G242900	12	406
SORBI_3003G243000	12	407
SORBI_3003G243100	12	408
SORBI_3003G243200	12	409
SORBI_3003G243300	12	410
SORBI_3003G243400	12	411
SORBI_3003G243500	12	412
SORBI_3003G243600	12	413
SORBI_3003G243700	12	414
SORBI_3003G243750	12	415
SORBI_3003G243800	12	416
SORBI_3003G243900	12	417
SORBI_3003G244000	12	418
SORBI_3003G244100	12	419
SORBI_3003G244200	12	420
SORBI_3003G244250	12	421
SORBI_3003G244300	12	422
SORBI_3003G244400	12	423
SORBI_3003G244401	12	424
SORBI_3003G244500	12	425
SORBI_3003G244600	12	426
SORBI_3003G244700	12	427
SORBI_3003G244800	12	428
SORBI_3003G244850	12	429
SORBI_3003G244900	12	430
SORBI_3003G245000	12	431
SORBI_3003G245101	12	432
SORBI_3003G245201	12	433
SORBI_3003G245300	12	434
SORBI_3003G245401	12	435
SORBI_3003G245500	12	436
SORBI_3003G245600	12	437
SORBI_3003G245700	12	438
SORBI_3003G245800	12	439
SORBI_3003G245900	12	440
SORBI_3003G246000	12	441
SORBI_3003G246100	12	442
SORBI_3003G246200	12	443
SORBI_3003G246300	12	444
SORBI_3003G246400	12	445
SORBI_3003G246500	12	446
SORBI_3003G246600	12	447
SORBI_3003G246700	12	448
SORBI_3003G246800	12	449
SORBI_3003G246900	12	450
SORBI_3003G247000	12	451
SORBI_3003G247100	12	452
SORBI_3003G247200	12	453
SORBI_3003G247300	12	454
SORBI_3003G247400	12	455
SORBI_3003G247500	12	456
SORBI_3003G247600	12	457
SORBI_3003G247700	12	458
SORBI_3003G247800	12	459
SORBI_3003G247900	12	460
SORBI_3003G248000	12	461
SORBI_3003G248100	12	462
SORBI_3003G248200	12	463
SORBI_3003G248300	12	464
SORBI_3003G248400	12	465
SORBI_3003G248500	12	466
SORBI_3003G248600	12	467
SORBI_3003G248700	12	468
SORBI_3003G248800	12	469
SORBI_3003G248901	12	470
SORBI_3003G249000	12	471
SORBI_3003G249050	12	472
SORBI_3003G249100	12	473
SORBI_3003G249200	12	474
SORBI_3003G249300	12	475
SORBI_3003G249400	12	476
SORBI_3003G249500	12	477
SORBI_3003G249600	12	478
SORBI_3003G249700	12	479
SORBI_3003G249800	12	480
SORBI_3003G249900	12	481
SORBI_3003G250000	12	482
SORBI_3003G250100	12	483
SORBI_3003G250160	12	484
SORBI_3003G250220	12	485
SORBI_3003G250280	12	486
SORBI_3003G250340	12	487
SORBI_3003G250400	12	488
SORBI_3003G250500	12	489
SORBI_3003G250600	12	490
SORBI_3003G250700	12	491
SORBI_3003G250900	12	492
SORBI_3003G251000	12	493
SORBI_3003G251050	12	494
SORBI_3003G251100	12	495
SORBI_3003G251200	12	496
SORBI_3003G251301	12	497
SORBI_3003G251400	12	498
SORBI_3003G251600	12	499
SORBI_3003G251700	12	500
SORBI_3003G251800	12	501
SORBI_3003G251900	12	502
SORBI_3003G252000	12	503
SORBI_3003G252100	12	504
SORBI_3003G252200	12	505
SORBI_3003G252300	12	506
SORBI_3003G252400	12	507
SORBI_3003G252500	12	508
SORBI_3003G252600	12	509
SORBI_3003G252700	12	510
SORBI_3003G252750	12	511
SORBI_3003G252800	12	512
SORBI_3003G252850	12	513
SORBI_3003G252900	12	514
SORBI_3003G253000	12	515
SORBI_3003G253100	12	516
SORBI_3003G253200	12	517
SORBI_3003G253300	12	518
SORBI_3003G253350	12	519
SORBI_3003G253400	12	520
SORBI_3003G253500	12	521
SORBI_3003G253600	12	522
SORBI_3003G253650	12	523
SORBI_3003G253700	12	524
SORBI_3003G253800	12	525
SORBI_3003G253900	12	526
SORBI_3003G254000	12	527
SORBI_3003G254100	12	528
SORBI_3003G254200	12	529
SORBI_3003G254300	12	530
SORBI_3003G254400	12	531
SORBI_3003G254500	12	532
SORBI_3003G254600	12	533
SORBI_3003G254700	12	534
SORBI_3003G254800	12	535
SORBI_3003G254850	12	536
SORBI_3003G254900	12	537
SORBI_3003G255000	12	538
SORBI_3003G255100	12	539
SORBI_3003G255200	12	540
SORBI_3003G255266	12	541
SORBI_3003G255332	12	542
SORBI_3003G255400	12	543
SORBI_3003G255500	12	544
SORBI_3003G255600	12	545
SORBI_3003G255700	12	546
SORBI_3003G255800	12	547
SORBI_3003G255850	12	548
SORBI_3003G255900	12	549
SORBI_3003G256000	12	550
SORBI_3003G256100	12	551
SORBI_3003G256200	12	552
SORBI_3003G256300	12	553
SORBI_3003G256400	12	554
SORBI_3003G256500	12	555
SORBI_3003G256550	12	556
SORBI_3003G256600	12	557
SORBI_3003G256700	12	558
SORBI_3003G256800	12	559
SORBI_3003G256900	12	560
SORBI_3003G257000	12	561
SORBI_3003G257050	12	562
SORBI_3003G257100	12	563
SORBI_3003G257200	12	564
SORBI_3003G257400	12	565
SORBI_3003G257501	12	566
SORBI_3003G257600	12	567
SORBI_3003G257650	12	568
SORBI_3003G257700	12	569
SORBI_3003G257800	12	570
SORBI_3003G257900	12	571
SORBI_3003G258000	12	572
SORBI_3003G258100	12	573
SORBI_3003G258200	12	574
SORBI_3003G258300	12	575
SORBI_3003G258400	12	576
SORBI_3003G258500	12	577
SORBI_3003G258600	12	578
SORBI_3003G258700	12	579
SORBI_3003G258800	12	580
SORBI_3003G258900	12	581
SORBI_3003G259000	12	582
SORBI_3003G259100	12	583
SORBI_3003G259200	12	584
SORBI_3003G259300	12	585
SORBI_3003G259400	12	586
SORBI_3003G259500	12	587
SORBI_3003G259600	12	588
SORBI_3003G259700	12	589
SORBI_3003G259800	12	590
SORBI_3003G259901	12	591
SORBI_3003G260000	12	592
SORBI_3003G260050	12	593
SORBI_3003G260100	12	594
SORBI_3003G260200	12	595
SORBI_3003G260300	12	596
SORBI_3003G260400	12	597
SORBI_3003G260500	12	598
SORBI_3003G260600	12	599
SORBI_3003G260700	12	600
SORBI_3003G260800	12	601
SORBI_3003G260900	12	602
SORBI_3003G261000	12	603
SORBI_3003G261100	12	604
SORBI_3003G261200	12	605
SORBI_3003G261300	12	606
SORBI_3003G261400	12	607
SORBI_3003G261500	12	608
SORBI_3003G261566	12	609
SORBI_3003G261632	12	610
SORBI_3003G261700	12	611
SORBI_3003G261733	12	612
SORBI_3003G261766	12	613
SORBI_3003G261800	12	614
SORBI_3003G261900	12	615
SORBI_3003G262000	12	616
SORBI_3003G262100	12	617
SORBI_3003G262200	12	618
SORBI_3003G262400	12	619
SORBI_3003G262500	12	620
SORBI_3003G262600	12	621
SORBI_3003G262650	12	622
SORBI_3003G262700	12	623
SORBI_3003G262900	12	624
SORBI_3003G263001	12	625
SORBI_3003G263100	12	626
SORBI_3003G263300	12	627
SORBI_3003G263400	12	628
SORBI_3003G263450	12	629
SORBI_3003G263500	12	630
SORBI_3003G263600	12	631
SORBI_3003G263701	12	632
SORBI_3003G263800	12	633
SORBI_3003G263900	12	634
SORBI_3003G264000	12	635
SORBI_3003G264100	12	636
SORBI_3003G264200	12	637
SORBI_3003G264300	12	638
SORBI_3003G264400	12	639
SORBI_3003G264500	12	640
SORBI_3003G264600	12	641
SORBI_3003G264700	12	642
SORBI_3003G264800	12	643
SORBI_3003G264901	12	644
SORBI_3003G265000	12	645
SORBI_3003G265100	12	646
SORBI_3003G265150	12	647
SORBI_3003G265200	12	648
SORBI_3003G265300	12	649
SORBI_3003G265400	12	650
SORBI_3003G265500	12	651
SORBI_3003G265600	12	652
SORBI_3003G265701	12	653
SORBI_3003G265800	12	654
SORBI_3003G265900	12	655
SORBI_3003G266001	12	656
SORBI_3003G266100	12	657
SORBI_3003G266200	12	658
SORBI_3003G266300	12	659
SORBI_3003G266400	12	660
SORBI_3003G266500	12	661
SORBI_3003G266600	12	662
SORBI_3003G266700	12	663
SORBI_3003G266900	12	664
SORBI_3003G267000	12	665
SORBI_3003G267100	12	666
SORBI_3003G267150	12	667
SORBI_3003G267200	12	668
SORBI_3003G267300	12	669
SORBI_3003G267400	12	670
SORBI_3003G267500	12	671
SORBI_3003G267600	12	672
SORBI_3003G267700	12	673
SORBI_3003G267800	12	674
SORBI_3003G267900	12	675
SORBI_3003G268000	12	676
SORBI_3003G268100	12	677
SORBI_3003G268200	12	678
SORBI_3003G268300	12	679
SORBI_3003G268500	12	680
SORBI_3003G268600	12	681
SORBI_3003G268650	12	682
SORBI_3003G268700	12	683
SORBI_3003G268800	12	684
SORBI_3003G268900	12	685
SORBI_3003G269000	12	686
SORBI_3003G269100	12	687
SORBI_3003G269200	12	688
SORBI_3003G269300	12	689
SORBI_3003G269400	12	690
SORBI_3003G269500	12	691
SORBI_3003G269600	12	692
SORBI_3003G269700	12	693
SORBI_3003G269800	12	694
SORBI_3003G269900	12	695
SORBI_3003G270000	12	696
SORBI_3003G270100	12	697
SORBI_3003G270200	12	698
SORBI_3003G270300	12	699
SORBI_3003G270400	12	700
SORBI_3003G270500	12	701
SORBI_3003G270600	12	702
SORBI_3003G270650	12	703
SORBI_3003G270700	12	704
SORBI_3003G270800	12	705
SORBI_3003G270900	12	706
SORBI_3003G271000	12	707
SORBI_3003G271100	12	708
SORBI_3003G271201	12	709
SORBI_3003G271300	12	710
SORBI_3003G271400	12	711
SORBI_3003G271500	12	712
SORBI_3003G271600	12	713
SORBI_3003G271700	12	714
SORBI_3003G271800	12	715
SORBI_3003G271900	12	716
SORBI_3003G272000	12	717
SORBI_3003G272001	12	718
SORBI_3003G272101	12	719
SORBI_3003G272200	12	720
SORBI_3003G272300	12	721
SORBI_3003G272400	12	722
SORBI_3003G272500	12	723
SORBI_3003G272600	12	724
SORBI_3003G272700	12	725
SORBI_3003G272800	12	726
SORBI_3003G272900	12	727
SORBI_3003G273000	12	728
SORBI_3003G273100	12	729
SORBI_3003G273200	12	730
SORBI_3003G273300	12	731
SORBI_3003G273400	12	732
SORBI_3003G273500	12	733
SORBI_3003G273600	12	734
SORBI_3003G273700	12	735
SORBI_3003G273800	12	736
SORBI_3003G273900	12	737
SORBI_3003G274000	12	738
SORBI_3003G274100	12	739
SORBI_3003G274200	12	740
SORBI_3003G274300	12	741
SORBI_3003G274400	12	742
SORBI_3003G274500	12	743
SORBI_3003G274600	12	744
SORBI_3003G274700	12	745
SORBI_3003G274800	12	746
SORBI_3003G274900	12	747
SORBI_3003G275000	12	748
SORBI_3003G275100	12	749
SORBI_3003G275200	12	750
SORBI_3003G275300	12	751
SORBI_3003G275400	12	752
SORBI_3003G275501	12	753
SORBI_3003G275600	12	754
SORBI_3003G275700	12	755
SORBI_3003G275800	12	756
SORBI_3003G275900	12	757
SORBI_3003G276000	12	758
SORBI_3003G276100	12	759
SORBI_3003G276200	12	760
SORBI_3003G276300	12	761
SORBI_3003G276400	12	762
SORBI_3003G276500	12	763
SORBI_3003G276700	12	764
SORBI_3003G276750	12	765
SORBI_3003G276800	12	766
SORBI_3003G276901	12	767
SORBI_3003G277000	12	768
SORBI_3003G277100	12	769
SORBI_3003G277200	12	770
SORBI_3003G277300	12	771
SORBI_3003G277400	12	772
SORBI_3003G277500	12	773
SORBI_3003G277550	12	774
SORBI_3003G277600	12	775
SORBI_3003G277700	12	776
SORBI_3003G277800	12	777
SORBI_3003G277850	12	778
SORBI_3003G277900	12	779
SORBI_3003G278000	12	780
SORBI_3003G278100	12	781
SORBI_3003G278200	12	782
SORBI_3003G278300	12	783
SORBI_3003G278400	12	784
SORBI_3003G278500	12	785
SORBI_3003G278600	12	786
SORBI_3003G278633	12	787
SORBI_3003G278666	12	788
SORBI_3003G278700	12	789
SORBI_3003G278800	12	790
SORBI_3003G278900	12	791
SORBI_3003G279000	12	792
SORBI_3003G279100	12	793
SORBI_3003G279200	12	794
SORBI_3003G279300	12	795
SORBI_3003G279400	12	796
SORBI_3003G279500	12	797
SORBI_3003G279600	12	798
SORBI_3003G279700	12	799
SORBI_3003G279800	12	800
SORBI_3003G279900	12	801
SORBI_3003G280000	12	802
SORBI_3003G280100	12	803
SORBI_3003G280200	12	804
SORBI_3003G280300	12	805
SORBI_3003G280400	12	806
SORBI_3003G280500	12	807
SORBI_3003G280600	12	808
SORBI_3003G280700	12	809
SORBI_3003G280800	12	810
SORBI_3003G280900	12	811
SORBI_3003G281000	12	812
SORBI_3003G281100	12	813
SORBI_3003G281200	12	814
SORBI_3003G281300	12	815
SORBI_3003G281400	12	816
SORBI_3003G281450	12	817
SORBI_3003G281500	12	818
SORBI_3003G281600	12	819
SORBI_3003G281700	12	820
SORBI_3003G281800	12	821
SORBI_3003G281900	12	822
SORBI_3003G282000	12	823
SORBI_3003G282100	12	824
SORBI_3003G282200	12	825
SORBI_3003G282300	12	826
SORBI_3003G282400	12	827
SORBI_3003G282500	12	828
SORBI_3003G282600	12	829
SORBI_3003G282700	12	830
SORBI_3003G282800	12	831
SORBI_3003G282901	12	832
SORBI_3003G283000	12	833
SORBI_3003G283100	12	834
SORBI_3003G283200	12	835
SORBI_3003G283250	12	836
SORBI_3003G283300	12	837
SORBI_3003G283400	12	838
SORBI_3003G283500	12	839
SORBI_3003G283600	12	840
SORBI_3003G283700	12	841
SORBI_3003G283750	12	842
SORBI_3003G283800	12	843
SORBI_3003G283900	12	844
SORBI_3003G284000	12	845
SORBI_3003G284100	12	846
SORBI_3003G284200	12	847
SORBI_3003G284300	12	848
SORBI_3003G284400	12	849
SORBI_3003G284500	12	850
SORBI_3003G284600	12	851
SORBI_3003G284700	12	852
SORBI_3003G284800	12	853
SORBI_3003G284900	12	854
SORBI_3003G285000	12	855
SORBI_3003G285101	12	856
SORBI_3003G285200	12	857
SORBI_3003G285300	12	858
SORBI_3003G285400	12	859
SORBI_3003G285500	12	860
SORBI_3003G285600	12	861
SORBI_3003G285700	12	862
SORBI_3003G285800	12	863
SORBI_3003G285900	12	864
SORBI_3003G286000	12	865
SORBI_3003G286100	12	866
SORBI_3003G286200	12	867
SORBI_3003G286300	12	868
SORBI_3003G286400	12	869
SORBI_3003G286450	12	870
SORBI_3003G286500	12	871
SORBI_3003G286600	12	872
SORBI_3003G286650	12	873
SORBI_3003G286700	12	874
SORBI_3003G286800	12	875
SORBI_3003G286900	12	876
SORBI_3003G287000	12	877
SORBI_3003G287100	12	878
SORBI_3003G287200	12	879
SORBI_3003G287300	12	880
SORBI_3003G287400	12	881
SORBI_3003G287450	12	882
SORBI_3003G287500	12	883
SORBI_3003G287600	12	884
SORBI_3003G287700	12	885
SORBI_3003G287800	12	886
SORBI_3003G287900	12	887
SORBI_3003G288000	12	888
SORBI_3003G288100	12	889
SORBI_3003G288200	12	890
SORBI_3003G288300	12	891
SORBI_3003G288401	12	892
SORBI_3003G288500	12	893
SORBI_3003G288600	12	894
SORBI_3003G288700	12	895
SORBI_3003G288800	12	896
SORBI_3003G288900	12	897
SORBI_3003G289000	12	898
SORBI_3003G289100	12	899
SORBI_3003G289200	12	900
SORBI_3003G289300	12	901
SORBI_3003G289400	12	902
SORBI_3003G289500	12	903
SORBI_3003G289601	12	904
SORBI_3003G289700	12	905
SORBI_3003G289800	12	906
SORBI_3003G289900	12	907
SORBI_3003G290000	12	908
SORBI_3003G290050	12	909
SORBI_3003G290100	12	910
SORBI_3003G290200	12	911
SORBI_3003G290300	12	912
SORBI_3003G290400	12	913
SORBI_3003G290500	12	914
SORBI_3003G290600	12	915
SORBI_3003G290700	12	916
SORBI_3003G290800	12	917
SORBI_3003G290900	12	918
SORBI_3003G291000	12	919
SORBI_3003G291050	12	920
SORBI_3003G291100	12	921
SORBI_3003G291200	12	922
SORBI_3003G291300	12	923
SORBI_3003G291400	12	924
SORBI_3003G291500	12	925
SORBI_3003G291600	12	926
SORBI_3003G291700	12	927
SORBI_3003G291800	12	928
SORBI_3003G291900	12	929
SORBI_3003G292000	12	930
SORBI_3003G292100	12	931
SORBI_3003G292200	12	932
SORBI_3003G292300	12	933
SORBI_3003G292400	12	934
SORBI_3003G292500	12	935
SORBI_3003G292600	12	936
SORBI_3003G292700	12	937
SORBI_3003G292800	12	938
SORBI_3003G292866	12	939
SORBI_3003G292932	12	940
SORBI_3003G293000	12	941
SORBI_3003G293100	12	942
SORBI_3003G293200	12	943
SORBI_3003G293300	12	944
SORBI_3003G293400	12	945
SORBI_3003G293450	12	946
SORBI_3003G293500	12	947
SORBI_3003G293550	12	948
SORBI_3003G293600	12	949
SORBI_3003G293700	12	950
SORBI_3003G293800	12	951
SORBI_3003G293900	12	952
SORBI_3003G294000	12	953
SORBI_3003G294100	12	954
SORBI_3003G294200	12	955
SORBI_3003G294300	12	956
SORBI_3003G294350	12	957
SORBI_3003G294400	12	958
SORBI_3003G294500	12	959
SORBI_3003G294550	12	960
SORBI_3003G294600	12	961
SORBI_3003G294700	12	962
SORBI_3003G294800	12	963
SORBI_3003G294900	12	964
SORBI_3003G295000	12	965
SORBI_3003G295050	12	966
SORBI_3003G295100	12	967
SORBI_3003G295200	12	968
SORBI_3003G295300	12	969
SORBI_3003G295400	12	970
SORBI_3003G295500	12	971
SORBI_3003G295600	12	972
SORBI_3003G295700	12	973
SORBI_3003G295800	12	974
SORBI_3003G295900	12	975
SORBI_3003G296000	12	976
SORBI_3003G296050	12	977
SORBI_3003G296100	12	978
SORBI_3003G296200	12	979
SORBI_3003G296250	12	980
SORBI_3003G296300	12	981
SORBI_3003G296400	12	982
SORBI_3003G296500	12	983
SORBI_3003G296600	12	984
SORBI_3003G296700	12	985
SORBI_3003G296800	12	986
SORBI_3003G296900	12	987
SORBI_3003G297000	12	988
SORBI_3003G297100	12	989
SORBI_3003G297200	12	990
SORBI_3003G297300	12	991
SORBI_3003G297400	12	992
SORBI_3003G297500	12	993
SORBI_3003G297600	12	994
SORBI_3003G297700	12	995
SORBI_3003G297800	12	996
SORBI_3003G297900	12	997
SORBI_3003G298000	12	998
SORBI_3003G298100	12	999
SORBI_3003G298200	12	1000
SORBI_3003G298300	12	1001
SORBI_3003G298400	12	1002
SORBI_3003G298500	12	1003
SORBI_3003G298600	12	1004
SORBI_3003G298700	12	1005
SORBI_3003G298800	12	1006
SORBI_3003G298900	12	1007
SORBI_3003G299000	12	1008
SORBI_3003G299100	12	1009
SORBI_3003G299200	12	1010
SORBI_3003G299300	12	1011
SORBI_3003G299400	12	1012
SORBI_3003G299500	12	1013
SORBI_3003G299700	12	1014
SORBI_3003G299800	12	1015
SORBI_3003G299901	12	1016
SORBI_3003G300000	12	1017
SORBI_3003G300100	12	1018
SORBI_3003G300200	12	1019
SORBI_3003G300250	12	1020
SORBI_3003G300300	12	1021
SORBI_3003G300400	12	1022
SORBI_3003G300500	12	1023
SORBI_3003G300600	13	0
SORBI_3003G300701	13	1
SORBI_3003G300800	13	2
SORBI_3003G300900	13	3
SORBI_3003G301000	13	4
SORBI_3003G301050	13	5
SORBI_3003G301100	13	6
SORBI_3003G301200	13	7
SORBI_3003G301300	13	8
SORBI_3003G301400	13	9
SORBI_3003G301500	13	10
SORBI_3003G301600	13	11
SORBI_3003G301700	13	12
SORBI_3003G301800	13	13
SORBI_3003G301900	13	14
SORBI_3003G301950	13	15
SORBI_3003G302000	13	16
SORBI_3003G302100	13	17
SORBI_3003G302200	13	18
SORBI_3003G302300	13	19
SORBI_3003G302400	13	20
SORBI_3003G302466	13	21
SORBI_3003G302532	13	22
SORBI_3003G302600	13	23
SORBI_3003G302701	13	24
SORBI_3003G302800	13	25
SORBI_3003G302900	13	26
SORBI_3003G303000	13	27
SORBI_3003G303100	13	28
SORBI_3003G303200	13	29
SORBI_3003G303300	13	30
SORBI_3003G303400	13	31
SORBI_3003G303500	13	32
SORBI_3003G303600	13	33
SORBI_3003G303700	13	34
SORBI_3003G303800	13	35
SORBI_3003G303900	13	36
SORBI_3003G304000	13	37
SORBI_3003G304100	13	38
SORBI_3003G304200	13	39
SORBI_3003G304300	13	40
SORBI_3003G304400	13	41
SORBI_3003G304500	13	42
SORBI_3003G304600	13	43
SORBI_3003G304700	13	44
SORBI_3003G304800	13	45
SORBI_3003G304900	13	46
SORBI_3003G305000	13	47
SORBI_3003G305100	13	48
SORBI_3003G305200	13	49
SORBI_3003G305250	13	50
SORBI_3003G305300	13	51
SORBI_3003G305400	13	52
SORBI_3003G305500	13	53
SORBI_3003G305601	13	54
SORBI_3003G305700	13	55
SORBI_3003G305800	13	56
SORBI_3003G305900	13	57
SORBI_3003G306000	13	58
SORBI_3003G306100	13	59
SORBI_3003G306200	13	60
SORBI_3003G306300	13	61
SORBI_3003G306400	13	62
SORBI_3003G306500	13	63
SORBI_3003G306600	13	64
SORBI_3003G306700	13	65
SORBI_3003G306800	13	66
SORBI_3003G306900	13	67
SORBI_3003G307000	13	68
SORBI_3003G307100	13	69
SORBI_3003G307200	13	70
SORBI_3003G307300	13	71
SORBI_3003G307400	13	72
SORBI_3003G307500	13	73
SORBI_3003G307600	13	74
SORBI_3003G307700	13	75
SORBI_3003G307801	13	76
SORBI_3003G307900	13	77
SORBI_3003G308000	13	78
SORBI_3003G308100	13	79
SORBI_3003G308200	13	80
SORBI_3003G308300	13	81
SORBI_3003G308400	13	82
SORBI_3003G308500	13	83
SORBI_3003G308700	13	84
SORBI_3003G308800	13	85
SORBI_3003G308900	13	86
SORBI_3003G309050	13	87
SORBI_3003G309200	13	88
SORBI_3003G309300	13	89
SORBI_3003G309400	13	90
SORBI_3003G309500	13	91
SORBI_3003G309600	13	92
SORBI_3003G309700	13	93
SORBI_3003G309900	13	94
SORBI_3003G310000	13	95
SORBI_3003G310100	13	96
SORBI_3003G310200	13	97
SORBI_3003G310300	13	98
SORBI_3003G310400	13	99
SORBI_3003G310500	13	100
SORBI_3003G310600	13	101
SORBI_3003G310700	13	102
SORBI_3003G310800	13	103
SORBI_3003G310900	13	104
SORBI_3003G311000	13	105
SORBI_3003G311100	13	106
SORBI_3003G311150	13	107
SORBI_3003G311200	13	108
SORBI_3003G311250	13	109
SORBI_3003G311300	13	110
SORBI_3003G311400	13	111
SORBI_3003G311500	13	112
SORBI_3003G311600	13	113
SORBI_3003G311700	13	114
SORBI_3003G311800	13	115
SORBI_3003G311900	13	116
SORBI_3003G312000	13	117
SORBI_3003G312100	13	118
SORBI_3003G312200	13	119
SORBI_3003G312300	13	120
SORBI_3003G312400	13	121
SORBI_3003G312500	13	122
SORBI_3003G312550	13	123
SORBI_3003G312600	13	124
SORBI_3003G312700	13	125
SORBI_3003G312800	13	126
SORBI_3003G312900	13	127
SORBI_3003G313000	13	128
SORBI_3003G313100	13	129
SORBI_3003G313200	13	130
SORBI_3003G313300	13	131
SORBI_3003G313400	13	132
SORBI_3003G313500	13	133
SORBI_3003G313600	13	134
SORBI_3003G313700	13	135
SORBI_3003G313800	13	136
SORBI_3003G313900	13	137
SORBI_3003G314000	13	138
SORBI_3003G314100	13	139
SORBI_3003G314200	13	140
SORBI_3003G314300	13	141
SORBI_3003G314400	13	142
SORBI_3003G314500	13	143
SORBI_3003G314533	13	144
SORBI_3003G314566	13	145
SORBI_3003G314600	13	146
SORBI_3003G314700	13	147
SORBI_3003G314800	13	148
SORBI_3003G314900	13	149
SORBI_3003G315000	13	150
SORBI_3003G315166	13	151
SORBI_3003G315332	13	152
SORBI_3003G315500	13	153
SORBI_3003G315600	13	154
SORBI_3003G315700	13	155
SORBI_3003G315800	13	156
SORBI_3003G315900	13	157
SORBI_3003G316000	13	158
SORBI_3003G316100	13	159
SORBI_3003G316200	13	160
SORBI_3003G316300	13	161
SORBI_3003G316350	13	162
SORBI_3003G316400	13	163
SORBI_3003G316500	13	164
SORBI_3003G316601	13	165
SORBI_3003G316700	13	166
SORBI_3003G316850	13	167
SORBI_3003G317000	13	168
SORBI_3003G317100	13	169
SORBI_3003G317200	13	170
SORBI_3003G317300	13	171
SORBI_3003G317400	13	172
SORBI_3003G317500	13	173
SORBI_3003G317600	13	174
SORBI_3003G317700	13	175
SORBI_3003G317800	13	176
SORBI_3003G317900	13	177
SORBI_3003G318001	13	178
SORBI_3003G318100	13	179
SORBI_3003G318200	13	180
SORBI_3003G318300	13	181
SORBI_3003G318350	13	182
SORBI_3003G318400	13	183
SORBI_3003G318500	13	184
SORBI_3003G318600	13	185
SORBI_3003G318650	13	186
SORBI_3003G318700	13	187
SORBI_3003G318800	13	188
SORBI_3003G318900	13	189
SORBI_3003G319000	13	190
SORBI_3003G319050	13	191
SORBI_3003G319100	13	192
SORBI_3003G319200	13	193
SORBI_3003G319300	13	194
SORBI_3003G319400	13	195
SORBI_3003G319500	13	196
SORBI_3003G319600	13	197
SORBI_3003G319700	13	198
SORBI_3003G319800	13	199
SORBI_3003G319850	13	200
SORBI_3003G319900	13	201
SORBI_3003G320000	13	202
SORBI_3003G320100	13	203
SORBI_3003G320200	13	204
SORBI_3003G320300	13	205
SORBI_3003G320400	13	206
SORBI_3003G320500	13	207
SORBI_3003G320600	13	208
SORBI_3003G320700	13	209
SORBI_3003G320800	13	210
SORBI_3003G320900	13	211
SORBI_3003G321000	13	212
SORBI_3003G321101	13	213
SORBI_3003G321200	13	214
SORBI_3003G321300	13	215
SORBI_3003G321400	13	216
SORBI_3003G321500	13	217
SORBI_3003G321600	13	218
SORBI_3003G321700	13	219
SORBI_3003G321800	13	220
SORBI_3003G321900	13	221
SORBI_3003G322000	13	222
SORBI_3003G322100	13	223
SORBI_3003G322200	13	224
SORBI_3003G322300	13	225
SORBI_3003G322400	13	226
SORBI_3003G322466	13	227
SORBI_3003G322532	13	228
SORBI_3003G322600	13	229
SORBI_3003G322700	13	230
SORBI_3003G322800	13	231
SORBI_3003G322900	13	232
SORBI_3003G323000	13	233
SORBI_3003G323100	13	234
SORBI_3003G323201	13	235
SORBI_3003G323300	13	236
SORBI_3003G323400	13	237
SORBI_3003G323500	13	238
SORBI_3003G323600	13	239
SORBI_3003G323700	13	240
SORBI_3003G323750	13	241
SORBI_3003G323800	13	242
SORBI_3003G323900	13	243
SORBI_3003G324000	13	244
SORBI_3003G324100	13	245
SORBI_3003G324200	13	246
SORBI_3003G324300	13	247
SORBI_3003G324400	13	248
SORBI_3003G324500	13	249
SORBI_3003G324600	13	250
SORBI_3003G324700	13	251
SORBI_3003G324800	13	252
SORBI_3003G324900	13	253
SORBI_3003G325000	13	254
SORBI_3003G325100	13	255
SORBI_3003G325200	13	256
SORBI_3003G325300	13	257
SORBI_3003G325400	13	258
SORBI_3003G325500	13	259
SORBI_3003G325600	13	260
SORBI_3003G325700	13	261
SORBI_3003G325800	13	262
SORBI_3003G325900	13	263
SORBI_3003G326000	13	264
SORBI_3003G326100	13	265
SORBI_3003G326200	13	266
SORBI_3003G326300	13	267
SORBI_3003G326400	13	268
SORBI_3003G326500	13	269
SORBI_3003G326600	13	270
SORBI_3003G326700	13	271
SORBI_3003G326800	13	272
SORBI_3003G326900	13	273
SORBI_3003G327000	13	274
SORBI_3003G327100	13	275
SORBI_3003G327200	13	276
SORBI_3003G327300	13	277
SORBI_3003G327400	13	278
SORBI_3003G327500	13	279
SORBI_3003G327600	13	280
SORBI_3003G327700	13	281
SORBI_3003G327800	13	282
SORBI_3003G327900	13	283
SORBI_3003G327950	13	284
SORBI_3003G328000	13	285
SORBI_3003G328100	13	286
SORBI_3003G328200	13	287
SORBI_3003G328300	13	288
SORBI_3003G328400	13	289
SORBI_3003G328500	13	290
SORBI_3003G328600	13	291
SORBI_3003G328700	13	292
SORBI_3003G328800	13	293
SORBI_3003G328900	13	294
SORBI_3003G329000	13	295
SORBI_3003G329100	13	296
SORBI_3003G329200	13	297
SORBI_3003G329300	13	298
SORBI_3003G329400	13	299
SORBI_3003G329500	13	300
SORBI_3003G329600	13	301
SORBI_3003G329700	13	302
SORBI_3003G329800	13	303
SORBI_3003G329900	13	304
SORBI_3003G330000	13	305
SORBI_3003G330100	13	306
SORBI_3003G330200	13	307
SORBI_3003G330300	13	308
SORBI_3003G330350	13	309
SORBI_3003G330400	13	310
SORBI_3003G330500	13	311
SORBI_3003G330650	13	312
SORBI_3003G330800	13	313
SORBI_3003G330900	13	314
SORBI_3003G331000	13	315
SORBI_3003G331100	13	316
SORBI_3003G331200	13	317
SORBI_3003G331300	13	318
SORBI_3003G331400	13	319
SORBI_3003G331500	13	320
SORBI_3003G331550	13	321
SORBI_3003G331600	13	322
SORBI_3003G331700	13	323
SORBI_3003G331750	13	324
SORBI_3003G331800	13	325
SORBI_3003G331900	13	326
SORBI_3003G332000	13	327
SORBI_3003G332100	13	328
SORBI_3003G332200	13	329
SORBI_3003G332300	13	330
SORBI_3003G332401	13	331
SORBI_3003G332500	13	332
SORBI_3003G332700	13	333
SORBI_3003G332800	13	334
SORBI_3003G332900	13	335
SORBI_3003G333000	13	336
SORBI_3003G333100	13	337
SORBI_3003G333150	13	338
SORBI_3003G333200	13	339
SORBI_3003G333300	13	340
SORBI_3003G333400	13	341
SORBI_3003G333501	13	342
SORBI_3003G333600	13	343
SORBI_3003G333700	13	344
SORBI_3003G333800	13	345
SORBI_3003G333900	13	346
SORBI_3003G334000	13	347
SORBI_3003G334100	13	348
SORBI_3003G334200	13	349
SORBI_3003G334300	13	350
SORBI_3003G334400	13	351
SORBI_3003G334500	13	352
SORBI_3003G334600	13	353
SORBI_3003G334700	13	354
SORBI_3003G334900	13	355
SORBI_3003G335000	13	356
SORBI_3003G335100	13	357
SORBI_3003G335200	13	358
SORBI_3003G335300	13	359
SORBI_3003G335400	13	360
SORBI_3003G335501	13	361
SORBI_3003G335601	13	362
SORBI_3003G335700	13	363
SORBI_3003G335800	13	364
SORBI_3003G335900	13	365
SORBI_3003G336000	13	366
SORBI_3003G336100	13	367
SORBI_3003G336200	13	368
SORBI_3003G336300	13	369
SORBI_3003G336400	13	370
SORBI_3003G336500	13	371
SORBI_3003G336550	13	372
SORBI_3003G336600	13	373
SORBI_3003G336700	13	374
SORBI_3003G336800	13	375
SORBI_3003G336900	13	376
SORBI_3003G337000	13	377
SORBI_3003G337100	13	378
SORBI_3003G337200	13	379
SORBI_3003G337300	13	380
SORBI_3003G337400	13	381
SORBI_3003G337500	13	382
SORBI_3003G337600	13	383
SORBI_3003G337700	13	384
SORBI_3003G337800	13	385
SORBI_3003G337900	13	386
SORBI_3003G338000	13	387
SORBI_3003G338100	13	388
SORBI_3003G338200	13	389
SORBI_3003G338250	13	390
SORBI_3003G338300	13	391
SORBI_3003G338400	13	392
SORBI_3003G338500	13	393
SORBI_3003G338600	13	394
SORBI_3003G338700	13	395
SORBI_3003G338801	13	396
SORBI_3003G338900	13	397
SORBI_3003G338966	13	398
SORBI_3003G339032	13	399
SORBI_3003G339100	13	400
SORBI_3003G339200	13	401
SORBI_3003G339300	13	402
SORBI_3003G339400	13	403
SORBI_3003G339500	13	404
SORBI_3003G339600	13	405
SORBI_3003G339700	13	406
SORBI_3003G339800	13	407
SORBI_3003G339900	13	408
SORBI_3003G340000	13	409
SORBI_3003G340100	13	410
SORBI_3003G340200	13	411
SORBI_3003G340300	13	412
SORBI_3003G340350	13	413
SORBI_3003G340400	13	414
SORBI_3003G340500	13	415
SORBI_3003G340600	13	416
SORBI_3003G340700	13	417
SORBI_3003G340800	13	418
SORBI_3003G340900	13	419
SORBI_3003G341000	13	420
SORBI_3003G341100	13	421
SORBI_3003G341200	13	422
SORBI_3003G341300	13	423
SORBI_3003G341400	13	424
SORBI_3003G341500	13	425
SORBI_3003G341600	13	426
SORBI_3003G341700	13	427
SORBI_3003G341800	13	428
SORBI_3003G341900	13	429
SORBI_3003G342000	13	430
SORBI_3003G342100	13	431
SORBI_3003G342200	13	432
SORBI_3003G342300	13	433
SORBI_3003G342500	13	434
SORBI_3003G342600	13	435
SORBI_3003G342700	13	436
SORBI_3003G342800	13	437
SORBI_3003G342900	13	438
SORBI_3003G343000	13	439
SORBI_3003G343100	13	440
SORBI_3003G343200	13	441
SORBI_3003G343300	13	442
SORBI_3003G343400	13	443
SORBI_3003G343500	13	444
SORBI_3003G343600	13	445
SORBI_3003G343700	13	446
SORBI_3003G343900	13	447
SORBI_3003G344050	13	448
SORBI_3003G344200	13	449
SORBI_3003G344300	13	450
SORBI_3003G344400	13	451
SORBI_3003G344501	13	452
SORBI_3003G344600	13	453
SORBI_3003G344700	13	454
SORBI_3003G344800	13	455
SORBI_3003G344900	13	456
SORBI_3003G344950	13	457
SORBI_3003G345000	13	458
SORBI_3003G345100	13	459
SORBI_3003G345200	13	460
SORBI_3003G345300	13	461
SORBI_3003G345400	13	462
SORBI_3003G345500	13	463
SORBI_3003G345600	13	464
SORBI_3003G345700	13	465
SORBI_3003G345900	13	466
SORBI_3003G346000	13	467
SORBI_3003G346100	13	468
SORBI_3003G346200	13	469
SORBI_3003G346400	13	470
SORBI_3003G346500	13	471
SORBI_3003G346600	13	472
SORBI_3003G346700	13	473
SORBI_3003G346800	13	474
SORBI_3003G346901	13	475
SORBI_3003G347000	13	476
SORBI_3003G347100	13	477
SORBI_3003G347200	13	478
SORBI_3003G347300	13	479
SORBI_3003G347400	13	480
SORBI_3003G347440	13	481
SORBI_3003G347480	13	482
SORBI_3003G347520	13	483
SORBI_3003G347560	13	484
SORBI_3003G347680	13	485
SORBI_3003G347800	13	486
SORBI_3003G347900	13	487
SORBI_3003G348000	13	488
SORBI_3003G348100	13	489
SORBI_3003G348200	13	490
SORBI_3003G348300	13	491
SORBI_3003G348400	13	492
SORBI_3003G348500	13	493
SORBI_3003G348600	13	494
SORBI_3003G348700	13	495
SORBI_3003G348800	13	496
SORBI_3003G348900	13	497
SORBI_3003G349000	13	498
SORBI_3003G349100	13	499
SORBI_3003G349200	13	500
SORBI_3003G349300	13	501
SORBI_3003G349400	13	502
SORBI_3003G349600	13	503
SORBI_3003G349700	13	504
SORBI_3003G349800	13	505
SORBI_3003G349900	13	506
SORBI_3003G350000	13	507
SORBI_3003G350100	13	508
SORBI_3003G350200	13	509
SORBI_3003G350300	13	510
SORBI_3003G350400	13	511
SORBI_3003G350500	13	512
SORBI_3003G350600	13	513
SORBI_3003G350700	13	514
SORBI_3003G350800	13	515
SORBI_3003G350850	13	516
SORBI_3003G350900	13	517
SORBI_3003G351000	13	518
SORBI_3003G351100	13	519
SORBI_3003G351150	13	520
SORBI_3003G351200	13	521
SORBI_3003G351300	13	522
SORBI_3003G351401	13	523
SORBI_3003G351501	13	524
SORBI_3003G351600	13	525
SORBI_3003G351701	13	526
SORBI_3003G351800	13	527
SORBI_3003G351900	13	528
SORBI_3003G352000	13	529
SORBI_3003G352100	13	530
SORBI_3003G352200	13	531
SORBI_3003G352300	13	532
SORBI_3003G352400	13	533
SORBI_3003G352500	13	534
SORBI_3003G352600	13	535
SORBI_3003G352700	13	536
SORBI_3003G352750	13	537
SORBI_3003G352800	13	538
SORBI_3003G352900	13	539
SORBI_3003G353000	13	540
SORBI_3003G353050	13	541
SORBI_3003G353100	13	542
SORBI_3003G353200	13	543
SORBI_3003G353300	13	544
SORBI_3003G353400	13	545
SORBI_3003G353500	13	546
SORBI_3003G353600	13	547
SORBI_3003G353700	13	548
SORBI_3003G353800	13	549
SORBI_3003G353900	13	550
SORBI_3003G354000	13	551
SORBI_3003G354050	13	552
SORBI_3003G354100	13	553
SORBI_3003G354166	13	554
SORBI_3003G354232	13	555
SORBI_3003G354300	13	556
SORBI_3003G354400	13	557
SORBI_3003G354500	13	558
SORBI_3003G354600	13	559
SORBI_3003G354700	13	560
SORBI_3003G354800	13	561
SORBI_3003G354850	13	562
SORBI_3003G354900	13	563
SORBI_3003G355000	13	564
SORBI_3003G355100	13	565
SORBI_3003G355200	13	566
SORBI_3003G355300	13	567
SORBI_3003G355400	13	568
SORBI_3003G355500	13	569
SORBI_3003G355600	13	570
SORBI_3003G355700	13	571
SORBI_3003G355800	13	572
SORBI_3003G355900	13	573
SORBI_3003G356000	13	574
SORBI_3003G356100	13	575
SORBI_3003G356200	13	576
SORBI_3003G356300	13	577
SORBI_3003G356400	13	578
SORBI_3003G356500	13	579
SORBI_3003G356600	13	580
SORBI_3003G356700	13	581
SORBI_3003G356800	13	582
SORBI_3003G356850	13	583
SORBI_3003G356900	13	584
SORBI_3003G357000	13	585
SORBI_3003G357100	13	586
SORBI_3003G357166	13	587
SORBI_3003G357232	13	588
SORBI_3003G357300	13	589
SORBI_3003G357400	13	590
SORBI_3003G357500	13	591
SORBI_3003G357600	13	592
SORBI_3003G357700	13	593
SORBI_3003G357800	13	594
SORBI_3003G357900	13	595
SORBI_3003G358000	13	596
SORBI_3003G358100	13	597
SORBI_3003G358150	13	598
SORBI_3003G358200	13	599
SORBI_3003G358300	13	600
SORBI_3003G358400	13	601
SORBI_3003G358500	13	602
SORBI_3003G358600	13	603
SORBI_3003G358800	13	604
SORBI_3003G358900	13	605
SORBI_3003G359000	13	606
SORBI_3003G359100	13	607
SORBI_3003G359200	13	608
SORBI_3003G359300	13	609
SORBI_3003G359350	13	610
SORBI_3003G359400	13	611
SORBI_3003G359500	13	612
SORBI_3003G359600	13	613
SORBI_3003G359800	13	614
SORBI_3003G359900	13	615
SORBI_3003G360000	13	616
SORBI_3003G360100	13	617
SORBI_3003G360200	13	618
SORBI_3003G360300	13	619
SORBI_3003G360400	13	620
SORBI_3003G360500	13	621
SORBI_3003G360600	13	622
SORBI_3003G360700	13	623
SORBI_3003G360800	13	624
SORBI_3003G360900	13	625
SORBI_3003G361000	13	626
SORBI_3003G361100	13	627
SORBI_3003G361150	13	628
SORBI_3003G361200	13	629
SORBI_3003G361300	13	630
SORBI_3003G361400	13	631
SORBI_3003G361500	13	632
SORBI_3003G361600	13	633
SORBI_3003G361700	13	634
SORBI_3003G361800	13	635
SORBI_3003G361900	13	636
SORBI_3003G362000	13	637
SORBI_3003G362100	13	638
SORBI_3003G362200	13	639
SORBI_3003G362300	13	640
SORBI_3003G362400	13	641
SORBI_3003G362500	13	642
SORBI_3003G362600	13	643
SORBI_3003G362700	13	644
SORBI_3003G362800	13	645
SORBI_3003G362900	13	646
SORBI_3003G363000	13	647
SORBI_3003G363100	13	648
SORBI_3003G363200	13	649
SORBI_3003G363300	13	650
SORBI_3003G363400	13	651
SORBI_3003G363500	13	652
SORBI_3003G363600	13	653
SORBI_3003G363700	13	654
SORBI_3003G363800	13	655
SORBI_3003G363900	13	656
SORBI_3003G364000	13	657
SORBI_3003G364100	13	658
SORBI_3003G364200	13	659
SORBI_3003G364300	13	660
SORBI_3003G364400	13	661
SORBI_3003G364500	13	662
SORBI_3003G364550	13	663
SORBI_3003G364600	13	664
SORBI_3003G364700	13	665
SORBI_3003G364800	13	666
SORBI_3003G364900	13	667
SORBI_3003G364950	13	668
SORBI_3003G365000	13	669
SORBI_3003G365100	13	670
SORBI_3003G365200	13	671
SORBI_3003G365300	13	672
SORBI_3003G365400	13	673
SORBI_3003G365450	13	674
SORBI_3003G365500	13	675
SORBI_3003G365600	13	676
SORBI_3003G365700	13	677
SORBI_3003G365800	13	678
SORBI_3003G365900	13	679
SORBI_3003G366000	13	680
SORBI_3003G366100	13	681
SORBI_3003G366200	13	682
SORBI_3003G366300	13	683
SORBI_3003G366400	13	684
SORBI_3003G366500	13	685
SORBI_3003G366600	13	686
SORBI_3003G366700	13	687
SORBI_3003G366850	13	688
SORBI_3003G367000	13	689
SORBI_3003G367100	13	690
SORBI_3003G367200	13	691
SORBI_3003G367300	13	692
SORBI_3003G367350	13	693
SORBI_3003G367401	13	694
SORBI_3003G367451	13	695
SORBI_3003G367500	13	696
SORBI_3003G367650	13	697
SORBI_3003G367800	13	698
SORBI_3003G367900	13	699
SORBI_3003G368000	13	700
SORBI_3003G368100	13	701
SORBI_3003G368150	13	702
SORBI_3003G368200	13	703
SORBI_3003G368300	13	704
SORBI_3003G368400	13	705
SORBI_3003G368450	13	706
SORBI_3003G368500	13	707
SORBI_3003G368550	13	708
SORBI_3003G368600	13	709
SORBI_3003G368700	13	710
SORBI_3003G368800	13	711
SORBI_3003G368901	13	712
SORBI_3003G369000	13	713
SORBI_3003G369033	13	714
SORBI_3003G369066	13	715
SORBI_3003G369100	13	716
SORBI_3003G369200	13	717
SORBI_3003G369300	13	718
SORBI_3003G369400	13	719
SORBI_3003G369500	13	720
SORBI_3003G369533	13	721
SORBI_3003G369566	13	722
SORBI_3003G369600	13	723
SORBI_3003G369700	13	724
SORBI_3003G369800	13	725
SORBI_3003G369900	13	726
SORBI_3003G370000	13	727
SORBI_3003G370100	13	728
SORBI_3003G370200	13	729
SORBI_3003G370300	13	730
SORBI_3003G370400	13	731
SORBI_3003G370500	13	732
SORBI_3003G370600	13	733
SORBI_3003G370700	13	734
SORBI_3003G370800	13	735
SORBI_3003G370900	13	736
SORBI_3003G371000	13	737
SORBI_3003G371100	13	738
SORBI_3003G371250	13	739
SORBI_3003G371400	13	740
SORBI_3003G371600	13	741
SORBI_3003G371750	13	742
SORBI_3003G371900	13	743
SORBI_3003G372000	13	744
SORBI_3003G372100	13	745
SORBI_3003G372200	13	746
SORBI_3003G372400	13	747
SORBI_3003G372500	13	748
SORBI_3003G372600	13	749
SORBI_3003G372700	13	750
SORBI_3003G372750	13	751
SORBI_3003G372800	13	752
SORBI_3003G372850	13	753
SORBI_3003G372900	13	754
SORBI_3003G372950	13	755
SORBI_3003G373000	13	756
SORBI_3003G373050	13	757
SORBI_3003G373100	13	758
SORBI_3003G373150	13	759
SORBI_3003G373200	13	760
SORBI_3003G373300	13	761
SORBI_3003G373500	13	762
SORBI_3003G373600	13	763
SORBI_3003G373700	13	764
SORBI_3003G373800	13	765
SORBI_3003G373900	13	766
SORBI_3003G374000	13	767
SORBI_3003G374100	13	768
SORBI_3003G374150	13	769
SORBI_3003G374200	13	770
SORBI_3003G374300	13	771
SORBI_3003G374400	13	772
SORBI_3003G374500	13	773
SORBI_3003G374600	13	774
SORBI_3003G374700	13	775
SORBI_3003G374850	13	776
SORBI_3003G375000	13	777
SORBI_3003G375100	13	778
SORBI_3003G375200	13	779
SORBI_3003G375300	13	780
SORBI_3003G375400	13	781
SORBI_3003G375500	13	782
SORBI_3003G375600	13	783
SORBI_3003G375700	13	784
SORBI_3003G375800	13	785
SORBI_3003G375900	13	786
SORBI_3003G376000	13	787
SORBI_3003G376100	13	788
SORBI_3003G376200	13	789
SORBI_3003G376300	13	790
SORBI_3003G376400	13	791
SORBI_3003G376500	13	792
SORBI_3003G376600	13	793
SORBI_3003G376700	13	794
SORBI_3003G376800	13	795
SORBI_3003G376900	13	796
SORBI_3003G377000	13	797
SORBI_3003G377100	13	798
SORBI_3003G377200	13	799
SORBI_3003G377300	13	800
SORBI_3003G377400	13	801
SORBI_3003G377500	13	802
SORBI_3003G377600	13	803
SORBI_3003G377650	13	804
SORBI_3003G377700	13	805
SORBI_3003G377800	13	806
SORBI_3003G377900	13	807
SORBI_3003G378000	13	808
SORBI_3003G378050	13	809
SORBI_3003G378100	13	810
SORBI_3003G378201	13	811
SORBI_3003G378301	13	812
SORBI_3003G378400	13	813
SORBI_3003G378500	13	814
SORBI_3003G378600	13	815
SORBI_3003G378700	13	816
SORBI_3003G378800	13	817
SORBI_3003G378900	13	818
SORBI_3003G379000	13	819
SORBI_3003G379100	13	820
SORBI_3003G379200	13	821
SORBI_3003G379301	13	822
SORBI_3003G379400	13	823
SORBI_3003G379450	13	824
SORBI_3003G379500	13	825
SORBI_3003G379600	13	826
SORBI_3003G379700	13	827
SORBI_3003G379800	13	828
SORBI_3003G379900	13	829
SORBI_3003G380000	13	830
SORBI_3003G380100	13	831
SORBI_3003G380200	13	832
SORBI_3003G380300	13	833
SORBI_3003G380400	13	834
SORBI_3003G380500	13	835
SORBI_3003G380600	13	836
SORBI_3003G380700	13	837
SORBI_3003G380800	13	838
SORBI_3003G380900	13	839
SORBI_3003G381000	13	840
SORBI_3003G381100	13	841
SORBI_3003G381200	13	842
SORBI_3003G381300	13	843
SORBI_3003G381400	13	844
SORBI_3003G381500	13	845
SORBI_3003G381600	13	846
SORBI_3003G381700	13	847
SORBI_3003G381800	13	848
SORBI_3003G381900	13	849
SORBI_3003G382000	13	850
SORBI_3003G382100	13	851
SORBI_3003G382200	13	852
SORBI_3003G382300	13	853
SORBI_3003G382350	13	854
SORBI_3003G382400	13	855
SORBI_3003G382500	13	856
SORBI_3003G382600	13	857
SORBI_3003G382700	13	858
SORBI_3003G382800	13	859
SORBI_3003G382900	13	860
SORBI_3003G383000	13	861
SORBI_3003G383100	13	862
SORBI_3003G383200	13	863
SORBI_3003G383300	13	864
SORBI_3003G383400	13	865
SORBI_3003G383500	13	866
SORBI_3003G383600	13	867
SORBI_3003G383700	13	868
SORBI_3003G383800	13	869
SORBI_3003G383900	13	870
SORBI_3003G384100	13	871
SORBI_3003G384200	13	872
SORBI_3003G384300	13	873
SORBI_3003G384400	13	874
SORBI_3003G384500	13	875
SORBI_3003G384600	13	876
SORBI_3003G384650	13	877
SORBI_3003G384700	13	878
SORBI_3003G384750	13	879
SORBI_3003G384800	13	880
SORBI_3003G384900	13	881
SORBI_3003G385000	13	882
SORBI_3003G385100	13	883
SORBI_3003G385201	13	884
SORBI_3003G385300	13	885
SORBI_3003G385401	13	886
SORBI_3003G385500	13	887
SORBI_3003G385600	13	888
SORBI_3003G385700	13	889
SORBI_3003G385800	13	890
SORBI_3003G385900	13	891
SORBI_3003G386000	13	892
SORBI_3003G386100	13	893
SORBI_3003G386200	13	894
SORBI_3003G386300	13	895
SORBI_3003G386350	13	896
SORBI_3003G386400	13	897
SORBI_3003G386500	13	898
SORBI_3003G386600	13	899
SORBI_3003G386700	13	900
SORBI_3003G386800	13	901
SORBI_3003G386900	13	902
SORBI_3003G387000	13	903
SORBI_3003G387100	13	904
SORBI_3003G387200	13	905
SORBI_3003G387300	13	906
SORBI_3003G387400	13	907
SORBI_3003G387500	13	908
SORBI_3003G387600	13	909
SORBI_3003G387700	13	910
SORBI_3003G387800	13	911
SORBI_3003G387900	13	912
SORBI_3003G388000	13	913
SORBI_3003G388100	13	914
SORBI_3003G388150	13	915
SORBI_3003G388201	13	916
SORBI_3003G388251	13	917
SORBI_3003G388300	13	918
SORBI_3003G388400	13	919
SORBI_3003G388500	13	920
SORBI_3003G388601	13	921
SORBI_3003G388700	13	922
SORBI_3003G388800	13	923
SORBI_3003G388900	13	924
SORBI_3003G389000	13	925
SORBI_3003G389100	13	926
SORBI_3003G389150	13	927
SORBI_3003G389200	13	928
SORBI_3003G389300	13	929
SORBI_3003G389400	13	930
SORBI_3003G389500	13	931
SORBI_3003G389601	13	932
SORBI_3003G389700	13	933
SORBI_3003G389800	13	934
SORBI_3003G389900	13	935
SORBI_3003G390000	13	936
SORBI_3003G390100	13	937
SORBI_3003G390300	13	938
SORBI_3003G390400	13	939
SORBI_3003G390500	13	940
SORBI_3003G390600	13	941
SORBI_3003G390700	13	942
SORBI_3003G390800	13	943
SORBI_3003G390900	13	944
SORBI_3003G391000	13	945
SORBI_3003G391100	13	946
SORBI_3003G391200	13	947
SORBI_3003G391300	13	948
SORBI_3003G391400	13	949
SORBI_3003G391500	13	950
SORBI_3003G391600	13	951
SORBI_3003G391700	13	952
SORBI_3003G391800	13	953
SORBI_3003G391900	13	954
SORBI_3003G392000	13	955
SORBI_3003G392100	13	956
SORBI_3003G392200	13	957
SORBI_3003G392275	13	958
SORBI_3003G392350	13	959
SORBI_3003G392425	13	960
SORBI_3003G392500	13	961
SORBI_3003G392550	13	962
SORBI_3003G392600	13	963
SORBI_3003G392700	13	964
SORBI_3003G392800	13	965
SORBI_3003G392900	13	966
SORBI_3003G393001	13	967
SORBI_3003G393100	13	968
SORBI_3003G393200	13	969
SORBI_3003G393300	13	970
SORBI_3003G393400	13	971
SORBI_3003G393500	13	972
SORBI_3003G393600	13	973
SORBI_3003G393700	13	974
SORBI_3003G393800	13	975
SORBI_3003G393900	13	976
SORBI_3003G394000	13	977
SORBI_3003G394100	13	978
SORBI_3003G394150	13	979
SORBI_3003G394200	13	980
SORBI_3003G394300	13	981
SORBI_3003G394400	13	982
SORBI_3003G394500	13	983
SORBI_3003G394600	13	984
SORBI_3003G394701	13	985
SORBI_3003G394801	13	986
SORBI_3003G394900	13	987
SORBI_3003G395000	13	988
SORBI_3003G395100	13	989
SORBI_3003G395150	13	990
SORBI_3003G395200	13	991
SORBI_3003G395300	13	992
SORBI_3003G395400	13	993
SORBI_3003G395450	13	994
SORBI_3003G395500	13	995
SORBI_3003G395600	13	996
SORBI_3003G395700	13	997
SORBI_3003G395800	13	998
SORBI_3003G395900	13	999
SORBI_3003G396000	13	1000
SORBI_3003G396050	13	1001
SORBI_3003G396100	13	1002
SORBI_3003G396200	13	1003
SORBI_3003G396300	13	1004
SORBI_3003G396400	13	1005
SORBI_3003G396500	13	1006
SORBI_3003G396600	13	1007
SORBI_3003G396700	13	1008
SORBI_3003G396800	13	1009
SORBI_3003G396900	13	1010
SORBI_3003G397000	13	1011
SORBI_3003G397100	13	1012
SORBI_3003G397200	13	1013
SORBI_3003G397300	13	1014
SORBI_3003G397400	13	1015
SORBI_3003G397500	13	1016
SORBI_3003G397600	13	1017
SORBI_3003G397700	13	1018
SORBI_3003G397800	13	1019
SORBI_3003G397900	13	1020
SORBI_3003G398100	13	1021
SORBI_3003G398200	13	1022
SORBI_3003G398300	13	1023
SORBI_3003G398400	14	0
SORBI_3003G398500	14	1
SORBI_3003G398600	14	2
SORBI_3003G398700	14	3
SORBI_3003G398800	14	4
SORBI_3003G398900	14	5
SORBI_3003G399000	14	6
SORBI_3003G399100	14	7
SORBI_3003G399101	14	8
SORBI_3003G399166	14	9
SORBI_3003G399200	14	10
SORBI_3003G399266	14	11
SORBI_3003G399400	14	12
SORBI_3003G399500	14	13
SORBI_3003G399600	14	14
SORBI_3003G399700	14	15
SORBI_3003G399800	14	16
SORBI_3003G399900	14	17
SORBI_3003G400000	14	18
SORBI_3003G400100	14	19
SORBI_3003G400200	14	20
SORBI_3003G400266	14	21
SORBI_3003G400332	14	22
SORBI_3003G400400	14	23
SORBI_3003G400600	14	24
SORBI_3003G400700	14	25
SORBI_3003G400800	14	26
SORBI_3003G400900	14	27
SORBI_3003G401000	14	28
SORBI_3003G401100	14	29
SORBI_3003G401200	14	30
SORBI_3003G401300	14	31
SORBI_3003G401400	14	32
SORBI_3003G401500	14	33
SORBI_3003G401600	14	34
SORBI_3003G401700	14	35
SORBI_3003G401800	14	36
SORBI_3003G401900	14	37
SORBI_3003G402000	14	38
SORBI_3003G402100	14	39
SORBI_3003G402200	14	40
SORBI_3003G402300	14	41
SORBI_3003G402400	14	42
SORBI_3003G402500	14	43
SORBI_3003G402550	14	44
SORBI_3003G402600	14	45
SORBI_3003G402700	14	46
SORBI_3003G402800	14	47
SORBI_3003G402900	14	48
SORBI_3003G403000	14	49
SORBI_3003G403300	14	50
SORBI_3003G403400	14	51
SORBI_3003G403500	14	52
SORBI_3003G403600	14	53
SORBI_3003G403700	14	54
SORBI_3003G403800	14	55
SORBI_3003G403900	14	56
SORBI_3003G404000	14	57
SORBI_3003G404050	14	58
SORBI_3003G404100	14	59
SORBI_3003G404200	14	60
SORBI_3003G404300	14	61
SORBI_3003G404400	14	62
SORBI_3003G404500	14	63
SORBI_3003G404600	14	64
SORBI_3003G404700	14	65
SORBI_3003G404800	14	66
SORBI_3003G404900	14	67
SORBI_3003G405000	14	68
SORBI_3003G405101	14	69
SORBI_3003G405200	14	70
SORBI_3003G405300	14	71
SORBI_3003G405400	14	72
SORBI_3003G405500	14	73
SORBI_3003G405600	14	74
SORBI_3003G405700	14	75
SORBI_3003G405800	14	76
SORBI_3003G405900	14	77
SORBI_3003G406000	14	78
SORBI_3003G406060	14	79
SORBI_3003G406120	14	80
SORBI_3003G406180	14	81
SORBI_3003G406240	14	82
SORBI_3003G406300	14	83
SORBI_3003G406400	14	84
SORBI_3003G406500	14	85
SORBI_3003G406600	14	86
SORBI_3003G406700	14	87
SORBI_3003G406800	14	88
SORBI_3003G406850	14	89
SORBI_3003G406900	14	90
SORBI_3003G407001	14	91
SORBI_3003G407100	14	92
SORBI_3003G407200	14	93
SORBI_3003G407300	14	94
SORBI_3003G407400	14	95
SORBI_3003G407500	14	96
SORBI_3003G407600	14	97
SORBI_3003G407700	14	98
SORBI_3003G407800	14	99
SORBI_3003G407900	14	100
SORBI_3003G407950	14	101
SORBI_3003G408000	14	102
SORBI_3003G408100	14	103
SORBI_3003G408200	14	104
SORBI_3003G408300	14	105
SORBI_3003G408400	14	106
SORBI_3003G408500	14	107
SORBI_3003G408600	14	108
SORBI_3003G408700	14	109
SORBI_3003G408800	14	110
SORBI_3003G408900	14	111
SORBI_3003G409000	14	112
SORBI_3003G409100	14	113
SORBI_3003G409150	14	114
SORBI_3003G409200	14	115
SORBI_3003G409300	14	116
SORBI_3003G409400	14	117
SORBI_3003G409500	14	118
SORBI_3003G409600	14	119
SORBI_3003G409700	14	120
SORBI_3003G409800	14	121
SORBI_3003G409850	14	122
SORBI_3003G409900	14	123
SORBI_3003G410000	14	124
SORBI_3003G410100	14	125
SORBI_3003G410200	14	126
SORBI_3003G410300	14	127
SORBI_3003G410400	14	128
SORBI_3003G410500	14	129
SORBI_3003G410600	14	130
SORBI_3003G410700	14	131
SORBI_3003G410800	14	132
SORBI_3003G410900	14	133
SORBI_3003G411000	14	134
SORBI_3003G411100	14	135
SORBI_3003G411150	14	136
SORBI_3003G411200	14	137
SORBI_3003G411300	14	138
SORBI_3003G411400	14	139
SORBI_3003G411500	14	140
SORBI_3003G411600	14	141
SORBI_3003G411700	14	142
SORBI_3003G411800	14	143
SORBI_3003G411900	14	144
SORBI_3003G412000	14	145
SORBI_3003G412100	14	146
SORBI_3003G412200	14	147
SORBI_3003G412300	14	148
SORBI_3003G412400	14	149
SORBI_3003G412500	14	150
SORBI_3003G412600	14	151
SORBI_3003G412700	14	152
SORBI_3003G412800	14	153
SORBI_3003G412900	14	154
SORBI_3003G413000	14	155
SORBI_3003G413100	14	156
SORBI_3003G413201	14	157
SORBI_3003G413300	14	158
SORBI_3003G413400	14	159
SORBI_3003G413500	14	160
SORBI_3003G413550	14	161
SORBI_3003G413600	14	162
SORBI_3003G413700	14	163
SORBI_3003G413800	14	164
SORBI_3003G413900	14	165
SORBI_3003G414000	14	166
SORBI_3003G414100	14	167
SORBI_3003G414200	14	168
SORBI_3003G414300	14	169
SORBI_3003G414400	14	170
SORBI_3003G414500	14	171
SORBI_3003G414600	14	172
SORBI_3003G414700	14	173
SORBI_3003G414800	14	174
SORBI_3003G414900	14	175
SORBI_3003G415000	14	176
SORBI_3003G415100	14	177
SORBI_3003G415200	14	178
SORBI_3003G415300	14	179
SORBI_3003G415400	14	180
SORBI_3003G415500	14	181
SORBI_3003G415600	14	182
SORBI_3003G415700	14	183
SORBI_3003G415800	14	184
SORBI_3003G415900	14	185
SORBI_3003G416000	14	186
SORBI_3003G416100	14	187
SORBI_3003G416200	14	188
SORBI_3003G416300	14	189
SORBI_3003G416400	14	190
SORBI_3003G416500	14	191
SORBI_3003G416600	14	192
SORBI_3003G416700	14	193
SORBI_3003G416800	14	194
SORBI_3003G416900	14	195
SORBI_3003G417000	14	196
SORBI_3003G417100	14	197
SORBI_3003G417200	14	198
SORBI_3003G417350	14	199
SORBI_3003G417500	14	200
SORBI_3003G417600	14	201
SORBI_3003G417700	14	202
SORBI_3003G417800	14	203
SORBI_3003G417900	14	204
SORBI_3003G418000	14	205
SORBI_3003G418100	14	206
SORBI_3003G418200	14	207
SORBI_3003G418300	14	208
SORBI_3003G418400	14	209
SORBI_3003G418500	14	210
SORBI_3003G418600	14	211
SORBI_3003G418700	14	212
SORBI_3003G418733	14	213
SORBI_3003G418766	14	214
SORBI_3003G418800	14	215
SORBI_3003G418900	14	216
SORBI_3003G419000	14	217
SORBI_3003G419100	14	218
SORBI_3003G419200	14	219
SORBI_3003G419300	14	220
SORBI_3003G419400	14	221
SORBI_3003G419500	14	222
SORBI_3003G419600	14	223
SORBI_3003G419700	14	224
SORBI_3003G419800	14	225
SORBI_3003G419900	14	226
SORBI_3003G420000	14	227
SORBI_3003G420100	14	228
SORBI_3003G420201	14	229
SORBI_3003G420300	14	230
SORBI_3003G420400	14	231
SORBI_3003G420500	14	232
SORBI_3003G420600	14	233
SORBI_3003G420700	14	234
SORBI_3003G420800	14	235
SORBI_3003G420900	14	236
SORBI_3003G421000	14	237
SORBI_3003G421100	14	238
SORBI_3003G421201	14	239
SORBI_3003G421300	14	240
SORBI_3003G421400	14	241
SORBI_3003G421500	14	242
SORBI_3003G421600	14	243
SORBI_3003G421700	14	244
SORBI_3003G421800	14	245
SORBI_3003G421900	14	246
SORBI_3003G422000	14	247
SORBI_3003G422100	14	248
SORBI_3003G422200	14	249
SORBI_3003G422300	14	250
SORBI_3003G422400	14	251
SORBI_3003G422500	14	252
SORBI_3003G422600	14	253
SORBI_3003G422700	14	254
SORBI_3003G422800	14	255
SORBI_3003G422900	14	256
SORBI_3003G423000	14	257
SORBI_3003G423100	14	258
SORBI_3003G423200	14	259
SORBI_3003G423300	14	260
SORBI_3003G423400	14	261
SORBI_3003G423500	14	262
SORBI_3003G423600	14	263
SORBI_3003G423700	14	264
SORBI_3003G423800	14	265
SORBI_3003G423900	14	266
SORBI_3003G424000	14	267
SORBI_3003G424100	14	268
SORBI_3003G424200	14	269
SORBI_3003G424300	14	270
SORBI_3003G424400	14	271
SORBI_3003G424500	14	272
SORBI_3003G424600	14	273
SORBI_3003G424800	14	274
SORBI_3003G424950	14	275
SORBI_3003G425100	14	276
SORBI_3003G425200	14	277
SORBI_3003G425300	14	278
SORBI_3003G425500	14	279
SORBI_3003G425600	14	280
SORBI_3003G425701	14	281
SORBI_3003G425800	14	282
SORBI_3003G425850	14	283
SORBI_3003G425900	14	284
SORBI_3003G426000	14	285
SORBI_3003G426100	14	286
SORBI_3003G426200	14	287
SORBI_3003G426300	14	288
SORBI_3003G426400	14	289
SORBI_3003G426500	14	290
SORBI_3003G426600	14	291
SORBI_3003G426700	14	292
SORBI_3003G426750	14	293
SORBI_3003G426800	14	294
SORBI_3003G426900	14	295
SORBI_3003G427000	14	296
SORBI_3003G427100	14	297
SORBI_3003G427200	14	298
SORBI_3003G427300	14	299
SORBI_3003G427400	14	300
SORBI_3003G427500	14	301
SORBI_3003G427550	14	302
SORBI_3003G427600	14	303
SORBI_3003G427700	14	304
SORBI_3003G427800	14	305
SORBI_3003G427900	14	306
SORBI_3003G428000	14	307
SORBI_3003G428100	14	308
SORBI_3003G428200	14	309
SORBI_3003G428300	14	310
SORBI_3003G428400	14	311
SORBI_3003G428500	14	312
SORBI_3003G428600	14	313
SORBI_3003G428700	14	314
SORBI_3003G428800	14	315
SORBI_3003G428900	14	316
SORBI_3003G429000	14	317
SORBI_3003G429101	14	318
SORBI_3003G429200	14	319
SORBI_3003G429300	14	320
SORBI_3003G429401	14	321
SORBI_3003G429500	14	322
SORBI_3003G429600	14	323
SORBI_3003G429650	14	324
SORBI_3003G429700	14	325
SORBI_3003G429800	14	326
SORBI_3003G429900	14	327
SORBI_3003G430000	14	328
SORBI_3003G430100	14	329
SORBI_3003G430400	14	330
SORBI_3003G430500	14	331
SORBI_3003G430600	14	332
SORBI_3003G430700	14	333
SORBI_3003G430800	14	334
SORBI_3003G430900	14	335
SORBI_3003G430950	14	336
SORBI_3003G431000	14	337
SORBI_3003G431100	14	338
SORBI_3003G431200	14	339
SORBI_3003G431301	14	340
SORBI_3003G431400	14	341
SORBI_3003G431600	14	342
SORBI_3003G431700	14	343
SORBI_3003G431800	14	344
SORBI_3003G431900	14	345
SORBI_3003G432000	14	346
SORBI_3003G432100	14	347
SORBI_3003G432200	14	348
SORBI_3003G432300	14	349
SORBI_3003G432400	14	350
SORBI_3003G432500	14	351
SORBI_3003G432600	14	352
SORBI_3003G432700	14	353
SORBI_3003G432800	14	354
SORBI_3003G432900	14	355
SORBI_3003G433000	14	356
SORBI_3003G433100	14	357
SORBI_3003G433200	14	358
SORBI_3003G433300	14	359
SORBI_3003G433400	14	360
SORBI_3003G433500	14	361
SORBI_3003G433600	14	362
SORBI_3003G433750	14	363
SORBI_3003G433900	14	364
SORBI_3003G434000	14	365
SORBI_3003G434100	14	366
SORBI_3003G434200	14	367
SORBI_3003G434300	14	368
SORBI_3003G434500	14	369
SORBI_3003G434600	14	370
SORBI_3003G434700	14	371
SORBI_3003G434800	14	372
SORBI_3003G434900	14	373
SORBI_3003G435000	14	374
SORBI_3003G435100	14	375
SORBI_3003G435200	14	376
SORBI_3003G435300	14	377
SORBI_3003G435400	14	378
SORBI_3003G435500	14	379
SORBI_3003G435600	14	380
SORBI_3003G435700	14	381
SORBI_3003G435800	14	382
SORBI_3003G435900	14	383
SORBI_3003G436000	14	384
SORBI_3003G436100	14	385
SORBI_3003G436200	14	386
SORBI_3003G436300	14	387
SORBI_3003G436400	14	388
SORBI_3003G436500	14	389
SORBI_3003G436600	14	390
SORBI_3003G436700	14	391
SORBI_3003G436750	14	392
SORBI_3003G436800	14	393
SORBI_3003G436900	14	394
SORBI_3003G437001	14	395
SORBI_3003G437100	14	396
SORBI_3003G437200	14	397
SORBI_3003G437300	14	398
SORBI_3003G437400	14	399
SORBI_3003G437500	14	400
SORBI_3003G437600	14	401
SORBI_3003G437800	14	402
SORBI_3003G437900	14	403
SORBI_3003G438000	14	404
SORBI_3003G438100	14	405
SORBI_3003G438200	14	406
SORBI_3003G438300	14	407
SORBI_3003G438400	14	408
SORBI_3003G438500	14	409
SORBI_3003G438600	14	410
SORBI_3003G438700	14	411
SORBI_3003G438800	14	412
SORBI_3003G438900	14	413
SORBI_3003G439000	14	414
SORBI_3003G439100	14	415
SORBI_3003G439200	14	416
SORBI_3003G439400	14	417
SORBI_3003G439501	14	418
SORBI_3003G439600	14	419
SORBI_3003G439700	14	420
SORBI_3003G439800	14	421
SORBI_3003G439900	14	422
SORBI_3003G440001	14	423
SORBI_3003G440100	14	424
SORBI_3003G440200	14	425
SORBI_3003G440300	14	426
SORBI_3003G440400	14	427
SORBI_3003G440500	14	428
SORBI_3003G440600	14	429
SORBI_3003G440700	14	430
SORBI_3003G440800	14	431
SORBI_3003G440900	14	432
SORBI_3003G441000	14	433
SORBI_3003G441100	14	434
SORBI_3003G441200	14	435
SORBI_3003G441301	14	436
SORBI_3003G441400	14	437
SORBI_3003G441500	14	438
SORBI_3003G441601	14	439
SORBI_3003G441700	14	440
SORBI_3003G441800	14	441
SORBI_3003G441900	14	442
SORBI_3003G442000	14	443
SORBI_3003G442100	14	444
SORBI_3003G442200	14	445
SORBI_3003G442300	14	446
SORBI_3003G442400	14	447
SORBI_3003G442500	14	448
SORBI_3003G442601	14	449
SORBI_3003G442700	14	450
SORBI_3003G442800	14	451
SORBI_3003G442900	14	452
SORBI_3003G443000	14	453
SORBI_3003G443100	14	454
SORBI_3003G443200	14	455
SORBI_3003G443300	14	456
SORBI_3003G443400	14	457
SORBI_3003G443500	14	458
SORBI_3003G443601	14	459
SORBI_3003G443700	14	460
SORBI_3003G443800	14	461
SORBI_3003G443900	14	462
SORBI_3003G444000	14	463
SORBI_3003G444100	14	464
SORBI_3003G444200	14	465
SORBI_3003G444300	14	466
SORBI_3003G444400	14	467
SORBI_3003G444500	14	468
SORBI_3003G444600	14	469
SORBI_3003G444700	14	470
SORBI_3003G444800	14	471
SORBI_3003G444900	14	472
SORBI_3003G445000	14	473
SORBI_3003G445100	14	474
SORBI_3003G445200	14	475
SORBI_3003G445300	14	476
SORBI_3003G445400	14	477
SORBI_3003G445500	14	478
SORBI_3003G445600	14	479
SORBI_3003G445700	14	480
SORBI_3003G445750	14	481
SORBI_3003G445800	14	482
SORBI_3003G445900	14	483
SORBI_3003G446000	14	484
SORBI_3003G446100	14	485
SORBI_3004G000100	14	486
SORBI_3004G000300	14	487
SORBI_3004G000400	14	488
SORBI_3004G000500	14	489
SORBI_3004G000601	14	490
SORBI_3004G000700	14	491
SORBI_3004G000800	14	492
SORBI_3004G000900	14	493
SORBI_3004G001000	14	494
SORBI_3004G001100	14	495
SORBI_3004G001200	14	496
SORBI_3004G001300	14	497
SORBI_3004G001400	14	498
SORBI_3004G001500	14	499
SORBI_3004G001600	14	500
SORBI_3004G001700	14	501
SORBI_3004G001800	14	502
SORBI_3004G001900	14	503
SORBI_3004G002000	14	504
SORBI_3004G002100	14	505
SORBI_3004G002200	14	506
SORBI_3004G002300	14	507
SORBI_3004G002350	14	508
SORBI_3004G002400	14	509
SORBI_3004G002500	14	510
SORBI_3004G002600	14	511
SORBI_3004G002700	14	512
SORBI_3004G002800	14	513
SORBI_3004G002901	14	514
SORBI_3004G003000	14	515
SORBI_3004G003100	14	516
SORBI_3004G003300	14	517
SORBI_3004G003401	14	518
SORBI_3004G003501	14	519
SORBI_3004G003600	14	520
SORBI_3004G003700	14	521
SORBI_3004G003900	14	522
SORBI_3004G004100	14	523
SORBI_3004G004200	14	524
SORBI_3004G004300	14	525
SORBI_3004G004400	14	526
SORBI_3004G004500	14	527
SORBI_3004G004600	14	528
SORBI_3004G004700	14	529
SORBI_3004G004800	14	530
SORBI_3004G004900	14	531
SORBI_3004G005000	14	532
SORBI_3004G005100	14	533
SORBI_3004G005200	14	534
SORBI_3004G005300	14	535
SORBI_3004G005400	14	536
SORBI_3004G005700	14	537
SORBI_3004G005900	14	538
SORBI_3004G006000	14	539
SORBI_3004G006100	14	540
SORBI_3004G006200	14	541
SORBI_3004G006300	14	542
SORBI_3004G006400	14	543
SORBI_3004G006500	14	544
SORBI_3004G006600	14	545
SORBI_3004G006700	14	546
SORBI_3004G006800	14	547
SORBI_3004G006900	14	548
SORBI_3004G006966	14	549
SORBI_3004G007032	14	550
SORBI_3004G007100	14	551
SORBI_3004G007133	14	552
SORBI_3004G007166	14	553
SORBI_3004G007200	14	554
SORBI_3004G007300	14	555
SORBI_3004G007400	14	556
SORBI_3004G007500	14	557
SORBI_3004G007550	14	558
SORBI_3004G007600	14	559
SORBI_3004G007700	14	560
SORBI_3004G007800	14	561
SORBI_3004G007850	14	562
SORBI_3004G007900	14	563
SORBI_3004G008000	14	564
SORBI_3004G008100	14	565
SORBI_3004G008200	14	566
SORBI_3004G008300	14	567
SORBI_3004G008400	14	568
SORBI_3004G008500	14	569
SORBI_3004G008600	14	570
SORBI_3004G008700	14	571
SORBI_3004G008800	14	572
SORBI_3004G008900	14	573
SORBI_3004G009000	14	574
SORBI_3004G009100	14	575
SORBI_3004G009200	14	576
SORBI_3004G009300	14	577
SORBI_3004G009400	14	578
SORBI_3004G009500	14	579
SORBI_3004G009600	14	580
SORBI_3004G009700	14	581
SORBI_3004G009800	14	582
SORBI_3004G009900	14	583
SORBI_3004G010000	14	584
SORBI_3004G010050	14	585
SORBI_3004G010101	14	586
SORBI_3004G010151	14	587
SORBI_3004G010200	14	588
SORBI_3004G010300	14	589
SORBI_3004G010500	14	590
SORBI_3004G010600	14	591
SORBI_3004G010700	14	592
SORBI_3004G010800	14	593
SORBI_3004G010900	14	594
SORBI_3004G011000	14	595
SORBI_3004G011100	14	596
SORBI_3004G011201	14	597
SORBI_3004G011300	14	598
SORBI_3004G011433	14	599
SORBI_3004G011566	14	600
SORBI_3004G011700	14	601
SORBI_3004G011800	14	602
SORBI_3004G011900	14	603
SORBI_3004G012000	14	604
SORBI_3004G012100	14	605
SORBI_3004G012200	14	606
SORBI_3004G012250	14	607
SORBI_3004G012300	14	608
SORBI_3004G012400	14	609
SORBI_3004G012501	14	610
SORBI_3004G012600	14	611
SORBI_3004G012700	14	612
SORBI_3004G012800	14	613
SORBI_3004G012900	14	614
SORBI_3004G013000	14	615
SORBI_3004G013100	14	616
SORBI_3004G013200	14	617
SORBI_3004G013300	14	618
SORBI_3004G013400	14	619
SORBI_3004G013500	14	620
SORBI_3004G013600	14	621
SORBI_3004G013700	14	622
SORBI_3004G013800	14	623
SORBI_3004G013900	14	624
SORBI_3004G014000	14	625
SORBI_3004G014100	14	626
SORBI_3004G014200	14	627
SORBI_3004G014300	14	628
SORBI_3004G014400	14	629
SORBI_3004G014500	14	630
SORBI_3004G014600	14	631
SORBI_3004G014700	14	632
SORBI_3004G014800	14	633
SORBI_3004G014900	14	634
SORBI_3004G015000	14	635
SORBI_3004G015050	14	636
SORBI_3004G015100	14	637
SORBI_3004G015150	14	638
SORBI_3004G015200	14	639
SORBI_3004G015300	14	640
SORBI_3004G015400	14	641
SORBI_3004G015500	14	642
SORBI_3004G015550	14	643
SORBI_3004G015600	14	644
SORBI_3004G015700	14	645
SORBI_3004G015800	14	646
SORBI_3004G015900	14	647
SORBI_3004G016000	14	648
SORBI_3004G016100	14	649
SORBI_3004G016200	14	650
SORBI_3004G016250	14	651
SORBI_3004G016300	14	652
SORBI_3004G016400	14	653
SORBI_3004G016500	14	654
SORBI_3004G016600	14	655
SORBI_3004G016700	14	656
SORBI_3004G016800	14	657
SORBI_3004G016900	14	658
SORBI_3004G017000	14	659
SORBI_3004G017100	14	660
SORBI_3004G017200	14	661
SORBI_3004G017300	14	662
SORBI_3004G017400	14	663
SORBI_3004G017500	14	664
SORBI_3004G017600	14	665
SORBI_3004G017700	14	666
SORBI_3004G017800	14	667
SORBI_3004G017900	14	668
SORBI_3004G017950	14	669
SORBI_3004G018000	14	670
SORBI_3004G018100	14	671
SORBI_3004G018150	14	672
SORBI_3004G018200	14	673
SORBI_3004G018300	14	674
SORBI_3004G018400	14	675
SORBI_3004G018500	14	676
SORBI_3004G018700	14	677
SORBI_3004G018800	14	678
SORBI_3004G018900	14	679
SORBI_3004G019000	14	680
SORBI_3004G019100	14	681
SORBI_3004G019200	14	682
SORBI_3004G019250	14	683
SORBI_3004G019300	14	684
SORBI_3004G019400	14	685
SORBI_3004G019500	14	686
SORBI_3004G019550	14	687
SORBI_3004G019600	14	688
SORBI_3004G019700	14	689
SORBI_3004G019800	14	690
SORBI_3004G019900	14	691
SORBI_3004G020000	14	692
SORBI_3004G020100	14	693
SORBI_3004G020150	14	694
SORBI_3004G020200	14	695
SORBI_3004G020300	14	696
SORBI_3004G020401	14	697
SORBI_3004G020500	14	698
SORBI_3004G020600	14	699
SORBI_3004G020700	14	700
SORBI_3004G020800	14	701
SORBI_3004G020900	14	702
SORBI_3004G021000	14	703
SORBI_3004G021100	14	704
SORBI_3004G021200	14	705
SORBI_3004G021300	14	706
SORBI_3004G021400	14	707
SORBI_3004G021500	14	708
SORBI_3004G021600	14	709
SORBI_3004G021700	14	710
SORBI_3004G021800	14	711
SORBI_3004G021900	14	712
SORBI_3004G022000	14	713
SORBI_3004G022100	14	714
SORBI_3004G022200	14	715
SORBI_3004G022300	14	716
SORBI_3004G022366	14	717
SORBI_3004G022432	14	718
SORBI_3004G022500	14	719
SORBI_3004G022600	14	720
SORBI_3004G022700	14	721
SORBI_3004G022800	14	722
SORBI_3004G022850	14	723
SORBI_3004G022900	14	724
SORBI_3004G022950	14	725
SORBI_3004G023000	14	726
SORBI_3004G023100	14	727
SORBI_3004G023200	14	728
SORBI_3004G023300	14	729
SORBI_3004G023400	14	730
SORBI_3004G023500	14	731
SORBI_3004G023600	14	732
SORBI_3004G023700	14	733
SORBI_3004G023733	14	734
SORBI_3004G023766	14	735
SORBI_3004G023800	14	736
SORBI_3004G023900	14	737
SORBI_3004G024000	14	738
SORBI_3004G024100	14	739
SORBI_3004G024200	14	740
SORBI_3004G024300	14	741
SORBI_3004G024350	14	742
SORBI_3004G024400	14	743
SORBI_3004G024500	14	744
SORBI_3004G024600	14	745
SORBI_3004G024700	14	746
SORBI_3004G024800	14	747
SORBI_3004G025000	14	748
SORBI_3004G025100	14	749
SORBI_3004G025200	14	750
SORBI_3004G025300	14	751
SORBI_3004G025400	14	752
SORBI_3004G025500	14	753
SORBI_3004G025600	14	754
SORBI_3004G025700	14	755
SORBI_3004G025800	14	756
SORBI_3004G025900	14	757
SORBI_3004G026000	14	758
SORBI_3004G026100	14	759
SORBI_3004G026200	14	760
SORBI_3004G026300	14	761
SORBI_3004G026400	14	762
SORBI_3004G026500	14	763
SORBI_3004G026600	14	764
SORBI_3004G026700	14	765
SORBI_3004G026900	14	766
SORBI_3004G027000	14	767
SORBI_3004G027100	14	768
SORBI_3004G027150	14	769
SORBI_3004G027200	14	770
SORBI_3004G027300	14	771
SORBI_3004G027400	14	772
SORBI_3004G027500	14	773
SORBI_3004G027600	14	774
SORBI_3004G027700	14	775
SORBI_3004G027800	14	776
SORBI_3004G027900	14	777
SORBI_3004G028000	14	778
SORBI_3004G028100	14	779
SORBI_3004G028200	14	780
SORBI_3004G028300	14	781
SORBI_3004G028400	14	782
SORBI_3004G028500	14	783
SORBI_3004G028600	14	784
SORBI_3004G028700	14	785
SORBI_3004G028800	14	786
SORBI_3004G028900	14	787
SORBI_3004G028966	14	788
SORBI_3004G029032	14	789
SORBI_3004G029100	14	790
SORBI_3004G029200	14	791
SORBI_3004G029300	14	792
SORBI_3004G029400	14	793
SORBI_3004G029450	14	794
SORBI_3004G029500	14	795
SORBI_3004G029550	14	796
SORBI_3004G029601	14	797
SORBI_3004G029651	14	798
SORBI_3004G029700	14	799
SORBI_3004G029800	14	800
SORBI_3004G029900	14	801
SORBI_3004G030000	14	802
SORBI_3004G030100	14	803
SORBI_3004G030200	14	804
SORBI_3004G030300	14	805
SORBI_3004G030400	14	806
SORBI_3004G030501	14	807
SORBI_3004G030600	14	808
SORBI_3004G030700	14	809
SORBI_3004G030750	14	810
SORBI_3004G030800	14	811
SORBI_3004G030850	14	812
SORBI_3004G030900	14	813
SORBI_3004G031001	14	814
SORBI_3004G031100	14	815
SORBI_3004G031200	14	816
SORBI_3004G031300	14	817
SORBI_3004G031400	14	818
SORBI_3004G031501	14	819
SORBI_3004G031600	14	820
SORBI_3004G031700	14	821
SORBI_3004G031800	14	822
SORBI_3004G031900	14	823
SORBI_3004G032000	14	824
SORBI_3004G032100	14	825
SORBI_3004G032200	14	826
SORBI_3004G032300	14	827
SORBI_3004G032400	14	828
SORBI_3004G032500	14	829
SORBI_3004G032600	14	830
SORBI_3004G032800	14	831
SORBI_3004G032900	14	832
SORBI_3004G033000	14	833
SORBI_3004G033100	14	834
SORBI_3004G033200	14	835
SORBI_3004G033300	14	836
SORBI_3004G033400	14	837
SORBI_3004G033500	14	838
SORBI_3004G033600	14	839
SORBI_3004G033650	14	840
SORBI_3004G033700	14	841
SORBI_3004G033800	14	842
SORBI_3004G033900	14	843
SORBI_3004G034000	14	844
SORBI_3004G034100	14	845
SORBI_3004G034200	14	846
SORBI_3004G034300	14	847
SORBI_3004G034400	14	848
SORBI_3004G034500	14	849
SORBI_3004G034600	14	850
SORBI_3004G034700	14	851
SORBI_3004G034800	14	852
SORBI_3004G034900	14	853
SORBI_3004G035000	14	854
SORBI_3004G035100	14	855
SORBI_3004G035200	14	856
SORBI_3004G035300	14	857
SORBI_3004G035400	14	858
SORBI_3004G035500	14	859
SORBI_3004G035601	14	860
SORBI_3004G035700	14	861
SORBI_3004G035750	14	862
SORBI_3004G035800	14	863
SORBI_3004G035900	14	864
SORBI_3004G036100	14	865
SORBI_3004G036200	14	866
SORBI_3004G036300	14	867
SORBI_3004G036400	14	868
SORBI_3004G036500	14	869
SORBI_3004G036600	14	870
SORBI_3004G036700	14	871
SORBI_3004G036800	14	872
SORBI_3004G036900	14	873
SORBI_3004G037000	14	874
SORBI_3004G037100	14	875
SORBI_3004G037200	14	876
SORBI_3004G037300	14	877
SORBI_3004G037401	14	878
SORBI_3004G037500	14	879
SORBI_3004G037600	14	880
SORBI_3004G037700	14	881
SORBI_3004G037800	14	882
SORBI_3004G037900	14	883
SORBI_3004G038000	14	884
SORBI_3004G038100	14	885
SORBI_3004G038200	14	886
SORBI_3004G038300	14	887
SORBI_3004G038400	14	888
SORBI_3004G038500	14	889
SORBI_3004G038600	14	890
SORBI_3004G038700	14	891
SORBI_3004G038800	14	892
SORBI_3004G038850	14	893
SORBI_3004G038900	14	894
SORBI_3004G039000	14	895
SORBI_3004G039100	14	896
SORBI_3004G039200	14	897
SORBI_3004G039300	14	898
SORBI_3004G039400	14	899
SORBI_3004G039500	14	900
SORBI_3004G039600	14	901
SORBI_3004G039700	14	902
SORBI_3004G039800	14	903
SORBI_3004G039900	14	904
SORBI_3004G040000	14	905
SORBI_3004G040050	14	906
SORBI_3004G040100	14	907
SORBI_3004G040200	14	908
SORBI_3004G040300	14	909
SORBI_3004G040350	14	910
SORBI_3004G040400	14	911
SORBI_3004G040500	14	912
SORBI_3004G040600	14	913
SORBI_3004G040700	14	914
SORBI_3004G040800	14	915
SORBI_3004G040900	14	916
SORBI_3004G041000	14	917
SORBI_3004G041100	14	918
SORBI_3004G041200	14	919
SORBI_3004G041300	14	920
SORBI_3004G041500	14	921
SORBI_3004G041600	14	922
SORBI_3004G041700	14	923
SORBI_3004G041800	14	924
SORBI_3004G041900	14	925
SORBI_3004G042000	14	926
SORBI_3004G042100	14	927
SORBI_3004G042200	14	928
SORBI_3004G042300	14	929
SORBI_3004G042400	14	930
SORBI_3004G042501	14	931
SORBI_3004G042600	14	932
SORBI_3004G042700	14	933
SORBI_3004G042800	14	934
SORBI_3004G042900	14	935
SORBI_3004G043001	14	936
SORBI_3004G043101	14	937
SORBI_3004G043200	14	938
SORBI_3004G043301	14	939
SORBI_3004G043400	14	940
SORBI_3004G043500	14	941
SORBI_3004G043600	14	942
SORBI_3004G043750	14	943
SORBI_3004G043900	14	944
SORBI_3004G044000	14	945
SORBI_3004G044100	14	946
SORBI_3004G044200	14	947
SORBI_3004G044250	14	948
SORBI_3004G044300	14	949
SORBI_3004G044401	14	950
SORBI_3004G044500	14	951
SORBI_3004G044700	14	952
SORBI_3004G044800	14	953
SORBI_3004G044900	14	954
SORBI_3004G045000	14	955
SORBI_3004G045100	14	956
SORBI_3004G045200	14	957
SORBI_3004G045300	14	958
SORBI_3004G045400	14	959
SORBI_3004G045500	14	960
SORBI_3004G045566	14	961
SORBI_3004G045632	14	962
SORBI_3004G045700	14	963
SORBI_3004G045800	14	964
SORBI_3004G045900	14	965
SORBI_3004G046001	14	966
SORBI_3004G046100	14	967
SORBI_3004G046200	14	968
SORBI_3004G046300	14	969
SORBI_3004G046400	14	970
SORBI_3004G046500	14	971
SORBI_3004G046600	14	972
SORBI_3004G046700	14	973
SORBI_3004G046800	14	974
SORBI_3004G046850	14	975
SORBI_3004G046900	14	976
SORBI_3004G047001	14	977
SORBI_3004G047100	14	978
SORBI_3004G047200	14	979
SORBI_3004G047300	14	980
SORBI_3004G047400	14	981
SORBI_3004G047500	14	982
SORBI_3004G047600	14	983
SORBI_3004G047700	14	984
SORBI_3004G047800	14	985
SORBI_3004G047900	14	986
SORBI_3004G048000	14	987
SORBI_3004G048100	14	988
SORBI_3004G048201	14	989
SORBI_3004G048300	14	990
SORBI_3004G048400	14	991
SORBI_3004G048500	14	992
SORBI_3004G048600	14	993
SORBI_3004G048700	14	994
SORBI_3004G048800	14	995
SORBI_3004G048900	14	996
SORBI_3004G049000	14	997
SORBI_3004G049100	14	998
SORBI_3004G049200	14	999
SORBI_3004G049300	14	1000
SORBI_3004G049400	14	1001
SORBI_3004G049500	14	1002
SORBI_3004G049600	14	1003
SORBI_3004G049700	14	1004
SORBI_3004G049800	14	1005
SORBI_3004G049900	14	1006
SORBI_3004G050000	14	1007
SORBI_3004G050100	14	1008
SORBI_3004G050200	14	1009
SORBI_3004G050300	14	1010
SORBI_3004G050400	14	1011
SORBI_3004G050600	14	1012
SORBI_3004G050700	14	1013
SORBI_3004G050800	14	1014
SORBI_3004G050900	14	1015
SORBI_3004G051000	14	1016
SORBI_3004G051100	14	1017
SORBI_3004G051133	14	1018
SORBI_3004G051166	14	1019
SORBI_3004G051200	14	1020
SORBI_3004G051300	14	1021
SORBI_3004G051401	14	1022
SORBI_3004G051500	14	1023
SORBI_3004G051600	15	0
SORBI_3004G051700	15	1
SORBI_3004G051800	15	2
SORBI_3004G051900	15	3
SORBI_3004G052000	15	4
SORBI_3004G052100	15	5
SORBI_3004G052200	15	6
SORBI_3004G052300	15	7
SORBI_3004G052401	15	8
SORBI_3004G052500	15	9
SORBI_3004G052600	15	10
SORBI_3004G052700	15	11
SORBI_3004G052800	15	12
SORBI_3004G052900	15	13
SORBI_3004G053000	15	14
SORBI_3004G053100	15	15
SORBI_3004G053200	15	16
SORBI_3004G053300	15	17
SORBI_3004G053400	15	18
SORBI_3004G053500	15	19
SORBI_3004G053600	15	20
SORBI_3004G053700	15	21
SORBI_3004G053800	15	22
SORBI_3004G053900	15	23
SORBI_3004G054000	15	24
SORBI_3004G054100	15	25
SORBI_3004G054200	15	26
SORBI_3004G054300	15	27
SORBI_3004G054400	15	28
SORBI_3004G054500	15	29
SORBI_3004G054600	15	30
SORBI_3004G054700	15	31
SORBI_3004G054900	15	32
SORBI_3004G055000	15	33
SORBI_3004G055100	15	34
SORBI_3004G055200	15	35
SORBI_3004G055300	15	36
SORBI_3004G055400	15	37
SORBI_3004G055500	15	38
SORBI_3004G055600	15	39
SORBI_3004G055700	15	40
SORBI_3004G055800	15	41
SORBI_3004G055901	15	42
SORBI_3004G056000	15	43
SORBI_3004G056100	15	44
SORBI_3004G056201	15	45
SORBI_3004G056300	15	46
SORBI_3004G056350	15	47
SORBI_3004G056400	15	48
SORBI_3004G056500	15	49
SORBI_3004G056600	15	50
SORBI_3004G056700	15	51
SORBI_3004G056800	15	52
SORBI_3004G056900	15	53
SORBI_3004G057000	15	54
SORBI_3004G057100	15	55
SORBI_3004G057200	15	56
SORBI_3004G057300	15	57
SORBI_3004G057400	15	58
SORBI_3004G057500	15	59
SORBI_3004G057700	15	60
SORBI_3004G057800	15	61
SORBI_3004G057900	15	62
SORBI_3004G058000	15	63
SORBI_3004G058050	15	64
SORBI_3004G058100	15	65
SORBI_3004G058200	15	66
SORBI_3004G058300	15	67
SORBI_3004G058400	15	68
SORBI_3004G058500	15	69
SORBI_3004G058600	15	70
SORBI_3004G058700	15	71
SORBI_3004G058800	15	72
SORBI_3004G058900	15	73
SORBI_3004G059000	15	74
SORBI_3004G059100	15	75
SORBI_3004G059200	15	76
SORBI_3004G059300	15	77
SORBI_3004G059400	15	78
SORBI_3004G059600	15	79
SORBI_3004G059800	15	80
SORBI_3004G059900	15	81
SORBI_3004G060000	15	82
SORBI_3004G060100	15	83
SORBI_3004G060300	15	84
SORBI_3004G060400	15	85
SORBI_3004G060500	15	86
SORBI_3004G060600	15	87
SORBI_3004G060700	15	88
SORBI_3004G060766	15	89
SORBI_3004G060832	15	90
SORBI_3004G060900	15	91
SORBI_3004G061100	15	92
SORBI_3004G061200	15	93
SORBI_3004G061300	15	94
SORBI_3004G061400	15	95
SORBI_3004G061500	15	96
SORBI_3004G061600	15	97
SORBI_3004G061701	15	98
SORBI_3004G061800	15	99
SORBI_3004G061900	15	100
SORBI_3004G062000	15	101
SORBI_3004G062100	15	102
SORBI_3004G062200	15	103
SORBI_3004G062300	15	104
SORBI_3004G062400	15	105
SORBI_3004G062500	15	106
SORBI_3004G062600	15	107
SORBI_3004G062800	15	108
SORBI_3004G062900	15	109
SORBI_3004G063000	15	110
SORBI_3004G063100	15	111
SORBI_3004G063200	15	112
SORBI_3004G063300	15	113
SORBI_3004G063400	15	114
SORBI_3004G063500	15	115
SORBI_3004G063600	15	116
SORBI_3004G063750	15	117
SORBI_3004G063900	15	118
SORBI_3004G064000	15	119
SORBI_3004G064100	15	120
SORBI_3004G064200	15	121
SORBI_3004G064300	15	122
SORBI_3004G064400	15	123
SORBI_3004G064500	15	124
SORBI_3004G064600	15	125
SORBI_3004G064700	15	126
SORBI_3004G064800	15	127
SORBI_3004G064900	15	128
SORBI_3004G065000	15	129
SORBI_3004G065100	15	130
SORBI_3004G065200	15	131
SORBI_3004G065300	15	132
SORBI_3004G065400	15	133
SORBI_3004G065500	15	134
SORBI_3004G065600	15	135
SORBI_3004G065650	15	136
SORBI_3004G065700	15	137
SORBI_3004G065800	15	138
SORBI_3004G065850	15	139
SORBI_3004G065900	15	140
SORBI_3004G065950	15	141
SORBI_3004G066000	15	142
SORBI_3004G066100	15	143
SORBI_3004G066200	15	144
SORBI_3004G066300	15	145
SORBI_3004G066401	15	146
SORBI_3004G066500	15	147
SORBI_3004G066600	15	148
SORBI_3004G066700	15	149
SORBI_3004G066800	15	150
SORBI_3004G066900	15	151
SORBI_3004G067000	15	152
SORBI_3004G067050	15	153
SORBI_3004G067100	15	154
SORBI_3004G067200	15	155
SORBI_3004G067300	15	156
SORBI_3004G067400	15	157
SORBI_3004G067500	15	158
SORBI_3004G067600	15	159
SORBI_3004G067700	15	160
SORBI_3004G067800	15	161
SORBI_3004G067850	15	162
SORBI_3004G067900	15	163
SORBI_3004G068000	15	164
SORBI_3004G068100	15	165
SORBI_3004G068200	15	166
SORBI_3004G068300	15	167
SORBI_3004G068350	15	168
SORBI_3004G068400	15	169
SORBI_3004G068500	15	170
SORBI_3004G068600	15	171
SORBI_3004G068700	15	172
SORBI_3004G068750	15	173
SORBI_3004G068800	15	174
SORBI_3004G068900	15	175
SORBI_3004G069000	15	176
SORBI_3004G069100	15	177
SORBI_3004G069200	15	178
SORBI_3004G069300	15	179
SORBI_3004G069400	15	180
SORBI_3004G069500	15	181
SORBI_3004G069600	15	182
SORBI_3004G069700	15	183
SORBI_3004G069850	15	184
SORBI_3004G070000	15	185
SORBI_3004G070100	15	186
SORBI_3004G070150	15	187
SORBI_3004G070200	15	188
SORBI_3004G070300	15	189
SORBI_3004G070400	15	190
SORBI_3004G070500	15	191
SORBI_3004G070600	15	192
SORBI_3004G070700	15	193
SORBI_3004G070800	15	194
SORBI_3004G070900	15	195
SORBI_3004G071000	15	196
SORBI_3004G071050	15	197
SORBI_3004G071100	15	198
SORBI_3004G071200	15	199
SORBI_3004G071300	15	200
SORBI_3004G071401	15	201
SORBI_3004G071500	15	202
SORBI_3004G071600	15	203
SORBI_3004G071650	15	204
SORBI_3004G071700	15	205
SORBI_3004G071750	15	206
SORBI_3004G071800	15	207
SORBI_3004G071850	15	208
SORBI_3004G071900	15	209
SORBI_3004G072000	15	210
SORBI_3004G072100	15	211
SORBI_3004G072200	15	212
SORBI_3004G072201	15	213
SORBI_3004G072300	15	214
SORBI_3004G072400	15	215
SORBI_3004G072600	15	216
SORBI_3004G072800	15	217
SORBI_3004G072900	15	218
SORBI_3004G072950	15	219
SORBI_3004G073000	15	220
SORBI_3004G073100	15	221
SORBI_3004G073166	15	222
SORBI_3004G073232	15	223
SORBI_3004G073300	15	224
SORBI_3004G073400	15	225
SORBI_3004G073500	15	226
SORBI_3004G073600	15	227
SORBI_3004G073700	15	228
SORBI_3004G073800	15	229
SORBI_3004G074000	15	230
SORBI_3004G074100	15	231
SORBI_3004G074200	15	232
SORBI_3004G074300	15	233
SORBI_3004G074400	15	234
SORBI_3004G074500	15	235
SORBI_3004G074600	15	236
SORBI_3004G074700	15	237
SORBI_3004G074900	15	238
SORBI_3004G075000	15	239
SORBI_3004G075100	15	240
SORBI_3004G075200	15	241
SORBI_3004G075250	15	242
SORBI_3004G075301	15	243
SORBI_3004G075351	15	244
SORBI_3004G075400	15	245
SORBI_3004G075550	15	246
SORBI_3004G075700	15	247
SORBI_3004G075800	15	248
SORBI_3004G075900	15	249
SORBI_3004G076000	15	250
SORBI_3004G076100	15	251
SORBI_3004G076300	15	252
SORBI_3004G076400	15	253
SORBI_3004G076600	15	254
SORBI_3004G076666	15	255
SORBI_3004G076732	15	256
SORBI_3004G076800	15	257
SORBI_3004G076850	15	258
SORBI_3004G076900	15	259
SORBI_3004G077000	15	260
SORBI_3004G077100	15	261
SORBI_3004G077200	15	262
SORBI_3004G077300	15	263
SORBI_3004G077400	15	264
SORBI_3004G077500	15	265
SORBI_3004G077600	15	266
SORBI_3004G077700	15	267
SORBI_3004G077800	15	268
SORBI_3004G077900	15	269
SORBI_3004G078000	15	270
SORBI_3004G078100	15	271
SORBI_3004G078200	15	272
SORBI_3004G078300	15	273
SORBI_3004G078400	15	274
SORBI_3004G078500	15	275
SORBI_3004G078600	15	276
SORBI_3004G078700	15	277
SORBI_3004G078750	15	278
SORBI_3004G078800	15	279
SORBI_3004G078900	15	280
SORBI_3004G079000	15	281
SORBI_3004G079100	15	282
SORBI_3004G079200	15	283
SORBI_3004G079400	15	284
SORBI_3004G079500	15	285
SORBI_3004G079600	15	286
SORBI_3004G079700	15	287
SORBI_3004G079800	15	288
SORBI_3004G079900	15	289
SORBI_3004G080000	15	290
SORBI_3004G080100	15	291
SORBI_3004G080200	15	292
SORBI_3004G080300	15	293
SORBI_3004G080350	15	294
SORBI_3004G080400	15	295
SORBI_3004G080500	15	296
SORBI_3004G080600	15	297
SORBI_3004G080700	15	298
SORBI_3004G080800	15	299
SORBI_3004G080901	15	300
SORBI_3004G081000	15	301
SORBI_3004G081100	15	302
SORBI_3004G081201	15	303
SORBI_3004G081300	15	304
SORBI_3004G081400	15	305
SORBI_3004G081501	15	306
SORBI_3004G081601	15	307
SORBI_3004G081701	15	308
SORBI_3004G081800	15	309
SORBI_3004G081900	15	310
SORBI_3004G082000	15	311
SORBI_3004G082050	15	312
SORBI_3004G082101	15	313
SORBI_3004G082151	15	314
SORBI_3004G082200	15	315
SORBI_3004G082300	15	316
SORBI_3004G082400	15	317
SORBI_3004G082500	15	318
SORBI_3004G082600	15	319
SORBI_3004G082700	15	320
SORBI_3004G082800	15	321
SORBI_3004G082900	15	322
SORBI_3004G083000	15	323
SORBI_3004G083100	15	324
SORBI_3004G083200	15	325
SORBI_3004G083250	15	326
SORBI_3004G083300	15	327
SORBI_3004G083401	15	328
SORBI_3004G083500	15	329
SORBI_3004G083600	15	330
SORBI_3004G083700	15	331
SORBI_3004G083900	15	332
SORBI_3004G084100	15	333
SORBI_3004G084200	15	334
SORBI_3004G084300	15	335
SORBI_3004G084400	15	336
SORBI_3004G084500	15	337
SORBI_3004G084600	15	338
SORBI_3004G084700	15	339
SORBI_3004G084800	15	340
SORBI_3004G084900	15	341
SORBI_3004G085000	15	342
SORBI_3004G085100	15	343
SORBI_3004G085200	15	344
SORBI_3004G085300	15	345
SORBI_3004G085400	15	346
SORBI_3004G085500	15	347
SORBI_3004G085600	15	348
SORBI_3004G085700	15	349
SORBI_3004G085800	15	350
SORBI_3004G085900	15	351
SORBI_3004G086000	15	352
SORBI_3004G086100	15	353
SORBI_3004G086150	15	354
SORBI_3004G086200	15	355
SORBI_3004G086300	15	356
SORBI_3004G086400	15	357
SORBI_3004G086500	15	358
SORBI_3004G086600	15	359
SORBI_3004G086700	15	360
SORBI_3004G086800	15	361
SORBI_3004G086900	15	362
SORBI_3004G087000	15	363
SORBI_3004G087050	15	364
SORBI_3004G087100	15	365
SORBI_3004G087200	15	366
SORBI_3004G087300	15	367
SORBI_3004G087366	15	368
SORBI_3004G087432	15	369
SORBI_3004G087500	15	370
SORBI_3004G087600	15	371
SORBI_3004G087700	15	372
SORBI_3004G087750	15	373
SORBI_3004G087800	15	374
SORBI_3004G087900	15	375
SORBI_3004G088000	15	376
SORBI_3004G088100	15	377
SORBI_3004G088200	15	378
SORBI_3004G088300	15	379
SORBI_3004G088400	15	380
SORBI_3004G088450	15	381
SORBI_3004G088501	15	382
SORBI_3004G088551	15	383
SORBI_3004G088600	15	384
SORBI_3004G088700	15	385
SORBI_3004G088800	15	386
SORBI_3004G088900	15	387
SORBI_3004G089000	15	388
SORBI_3004G089100	15	389
SORBI_3004G089200	15	390
SORBI_3004G089300	15	391
SORBI_3004G089400	15	392
SORBI_3004G089450	15	393
SORBI_3004G089500	15	394
SORBI_3004G089600	15	395
SORBI_3004G089700	15	396
SORBI_3004G089801	15	397
SORBI_3004G089901	15	398
SORBI_3004G090000	15	399
SORBI_3004G090100	15	400
SORBI_3004G090200	15	401
SORBI_3004G090300	15	402
SORBI_3004G090400	15	403
SORBI_3004G090500	15	404
SORBI_3004G090600	15	405
SORBI_3004G090700	15	406
SORBI_3004G090900	15	407
SORBI_3004G091000	15	408
SORBI_3004G091100	15	409
SORBI_3004G091200	15	410
SORBI_3004G091300	15	411
SORBI_3004G091401	15	412
SORBI_3004G091500	15	413
SORBI_3004G091600	15	414
SORBI_3004G091700	15	415
SORBI_3004G091800	15	416
SORBI_3004G091900	15	417
SORBI_3004G092000	15	418
SORBI_3004G092100	15	419
SORBI_3004G092200	15	420
SORBI_3004G092300	15	421
SORBI_3004G092350	15	422
SORBI_3004G092400	15	423
SORBI_3004G092500	15	424
SORBI_3004G092600	15	425
SORBI_3004G092700	15	426
SORBI_3004G092800	15	427
SORBI_3004G092900	15	428
SORBI_3004G092950	15	429
SORBI_3004G093000	15	430
SORBI_3004G093100	15	431
SORBI_3004G093200	15	432
SORBI_3004G093300	15	433
SORBI_3004G093400	15	434
SORBI_3004G093500	15	435
SORBI_3004G093600	15	436
SORBI_3004G093700	15	437
SORBI_3004G093800	15	438
SORBI_3004G093900	15	439
SORBI_3004G094000	15	440
SORBI_3004G094100	15	441
SORBI_3004G094150	15	442
SORBI_3004G094200	15	443
SORBI_3004G094300	15	444
SORBI_3004G094400	15	445
SORBI_3004G094500	15	446
SORBI_3004G094600	15	447
SORBI_3004G094700	15	448
SORBI_3004G094900	15	449
SORBI_3004G095000	15	450
SORBI_3004G095100	15	451
SORBI_3004G095200	15	452
SORBI_3004G095300	15	453
SORBI_3004G095400	15	454
SORBI_3004G095500	15	455
SORBI_3004G095600	15	456
SORBI_3004G095700	15	457
SORBI_3004G095800	15	458
SORBI_3004G096000	15	459
SORBI_3004G096100	15	460
SORBI_3004G096200	15	461
SORBI_3004G096300	15	462
SORBI_3004G096400	15	463
SORBI_3004G096500	15	464
SORBI_3004G096600	15	465
SORBI_3004G096700	15	466
SORBI_3004G096801	15	467
SORBI_3004G096900	15	468
SORBI_3004G097000	15	469
SORBI_3004G097100	15	470
SORBI_3004G097200	15	471
SORBI_3004G097300	15	472
SORBI_3004G097400	15	473
SORBI_3004G097500	15	474
SORBI_3004G097700	15	475
SORBI_3004G097800	15	476
SORBI_3004G097900	15	477
SORBI_3004G098000	15	478
SORBI_3004G098100	15	479
SORBI_3004G098200	15	480
SORBI_3004G098300	15	481
SORBI_3004G098400	15	482
SORBI_3004G098500	15	483
SORBI_3004G098650	15	484
SORBI_3004G098800	15	485
SORBI_3004G099000	15	486
SORBI_3004G099050	15	487
SORBI_3004G099100	15	488
SORBI_3004G099150	15	489
SORBI_3004G099200	15	490
SORBI_3004G099300	15	491
SORBI_3004G099400	15	492
SORBI_3004G099500	15	493
SORBI_3004G099600	15	494
SORBI_3004G099650	15	495
SORBI_3004G099700	15	496
SORBI_3004G099750	15	497
SORBI_3004G099800	15	498
SORBI_3004G099900	15	499
SORBI_3004G100000	15	500
SORBI_3004G100100	15	501
SORBI_3004G100200	15	502
SORBI_3004G100300	15	503
SORBI_3004G100400	15	504
SORBI_3004G100500	15	505
SORBI_3004G100600	15	506
SORBI_3004G100700	15	507
SORBI_3004G100900	15	508
SORBI_3004G101000	15	509
SORBI_3004G101100	15	510
SORBI_3004G101200	15	511
SORBI_3004G101250	15	512
SORBI_3004G101300	15	513
SORBI_3004G101400	15	514
SORBI_3004G101500	15	515
SORBI_3004G101601	15	516
SORBI_3004G101700	15	517
SORBI_3004G101800	15	518
SORBI_3004G101900	15	519
SORBI_3004G102000	15	520
SORBI_3004G102100	15	521
SORBI_3004G102200	15	522
SORBI_3004G102301	15	523
SORBI_3004G102400	15	524
SORBI_3004G102500	15	525
SORBI_3004G102600	15	526
SORBI_3004G102700	15	527
SORBI_3004G102750	15	528
SORBI_3004G102800	15	529
SORBI_3004G102900	15	530
SORBI_3004G102950	15	531
SORBI_3004G103000	15	532
SORBI_3004G103100	15	533
SORBI_3004G103200	15	534
SORBI_3004G103300	15	535
SORBI_3004G103400	15	536
SORBI_3004G103450	15	537
SORBI_3004G103500	15	538
SORBI_3004G103600	15	539
SORBI_3004G103700	15	540
SORBI_3004G103800	15	541
SORBI_3004G103901	15	542
SORBI_3004G104000	15	543
SORBI_3004G104100	15	544
SORBI_3004G104200	15	545
SORBI_3004G104250	15	546
SORBI_3004G104300	15	547
SORBI_3004G104400	15	548
SORBI_3004G104500	15	549
SORBI_3004G104600	15	550
SORBI_3004G104700	15	551
SORBI_3004G104800	15	552
SORBI_3004G104900	15	553
SORBI_3004G105001	15	554
SORBI_3004G105100	15	555
SORBI_3004G105200	15	556
SORBI_3004G105300	15	557
SORBI_3004G105500	15	558
SORBI_3004G105700	15	559
SORBI_3004G105800	15	560
SORBI_3004G105901	15	561
SORBI_3004G106000	15	562
SORBI_3004G106100	15	563
SORBI_3004G106200	15	564
SORBI_3004G106250	15	565
SORBI_3004G106300	15	566
SORBI_3004G106400	15	567
SORBI_3004G106500	15	568
SORBI_3004G106600	15	569
SORBI_3004G106700	15	570
SORBI_3004G106800	15	571
SORBI_3004G106900	15	572
SORBI_3004G107000	15	573
SORBI_3004G107100	15	574
SORBI_3004G107200	15	575
SORBI_3004G107300	15	576
SORBI_3004G107400	15	577
SORBI_3004G107500	15	578
SORBI_3004G107550	15	579
SORBI_3004G107600	15	580
SORBI_3004G107700	15	581
SORBI_3004G107800	15	582
SORBI_3004G107900	15	583
SORBI_3004G108001	15	584
SORBI_3004G108100	15	585
SORBI_3004G108200	15	586
SORBI_3004G108300	15	587
SORBI_3004G108400	15	588
SORBI_3004G108501	15	589
SORBI_3004G108600	15	590
SORBI_3004G108700	15	591
SORBI_3004G108800	15	592
SORBI_3004G108900	15	593
SORBI_3004G109000	15	594
SORBI_3004G109100	15	595
SORBI_3004G109200	15	596
SORBI_3004G109300	15	597
SORBI_3004G109400	15	598
SORBI_3004G109500	15	599
SORBI_3004G109600	15	600
SORBI_3004G109700	15	601
SORBI_3004G109750	15	602
SORBI_3004G109800	15	603
SORBI_3004G109900	15	604
SORBI_3004G110200	15	605
SORBI_3004G110300	15	606
SORBI_3004G110400	15	607
SORBI_3004G110500	15	608
SORBI_3004G110600	15	609
SORBI_3004G110700	15	610
SORBI_3004G111000	15	611
SORBI_3004G111100	15	612
SORBI_3004G111200	15	613
SORBI_3004G111300	15	614
SORBI_3004G111400	15	615
SORBI_3004G111500	15	616
SORBI_3004G111600	15	617
SORBI_3004G111650	15	618
SORBI_3004G111700	15	619
SORBI_3004G111800	15	620
SORBI_3004G111900	15	621
SORBI_3004G112000	15	622
SORBI_3004G112100	15	623
SORBI_3004G112200	15	624
SORBI_3004G112300	15	625
SORBI_3004G112400	15	626
SORBI_3004G112500	15	627
SORBI_3004G112600	15	628
SORBI_3004G112800	15	629
SORBI_3004G112900	15	630
SORBI_3004G113000	15	631
SORBI_3004G113100	15	632
SORBI_3004G113201	15	633
SORBI_3004G113300	15	634
SORBI_3004G113400	15	635
SORBI_3004G113500	15	636
SORBI_3004G113600	15	637
SORBI_3004G113700	15	638
SORBI_3004G113800	15	639
SORBI_3004G113850	15	640
SORBI_3004G113900	15	641
SORBI_3004G114000	15	642
SORBI_3004G114100	15	643
SORBI_3004G114200	15	644
SORBI_3004G114300	15	645
SORBI_3004G114400	15	646
SORBI_3004G114500	15	647
SORBI_3004G114600	15	648
SORBI_3004G114700	15	649
SORBI_3004G114800	15	650
SORBI_3004G115000	15	651
SORBI_3004G115100	15	652
SORBI_3004G115200	15	653
SORBI_3004G115350	15	654
SORBI_3004G115500	15	655
SORBI_3004G115600	15	656
SORBI_3004G115700	15	657
SORBI_3004G115750	15	658
SORBI_3004G115800	15	659
SORBI_3004G115900	15	660
SORBI_3004G115950	15	661
SORBI_3004G116000	15	662
SORBI_3004G116050	15	663
SORBI_3004G116100	15	664
SORBI_3004G116200	15	665
SORBI_3004G116300	15	666
SORBI_3004G116400	15	667
SORBI_3004G116500	15	668
SORBI_3004G116600	15	669
SORBI_3004G116800	15	670
SORBI_3004G116900	15	671
SORBI_3004G117000	15	672
SORBI_3004G117200	15	673
SORBI_3004G117300	15	674
SORBI_3004G117400	15	675
SORBI_3004G117466	15	676
SORBI_3004G117532	15	677
SORBI_3004G117600	15	678
SORBI_3004G117800	15	679
SORBI_3004G117850	15	680
SORBI_3004G117900	15	681
SORBI_3004G117950	15	682
SORBI_3004G118000	15	683
SORBI_3004G118100	15	684
SORBI_3004G118200	15	685
SORBI_3004G118300	15	686
SORBI_3004G118400	15	687
SORBI_3004G118500	15	688
SORBI_3004G118600	15	689
SORBI_3004G118700	15	690
SORBI_3004G118800	15	691
SORBI_3004G118900	15	692
SORBI_3004G119000	15	693
SORBI_3004G119100	15	694
SORBI_3004G119200	15	695
SORBI_3004G119300	15	696
SORBI_3004G119400	15	697
SORBI_3004G119500	15	698
SORBI_3004G119600	15	699
SORBI_3004G119700	15	700
SORBI_3004G119800	15	701
SORBI_3004G119900	15	702
SORBI_3004G120000	15	703
SORBI_3004G120100	15	704
SORBI_3004G120150	15	705
SORBI_3004G120200	15	706
SORBI_3004G120233	15	707
SORBI_3004G120266	15	708
SORBI_3004G120300	15	709
SORBI_3004G120400	15	710
SORBI_3004G120500	15	711
SORBI_3004G120550	15	712
SORBI_3004G120600	15	713
SORBI_3004G120733	15	714
SORBI_3004G120866	15	715
SORBI_3004G121000	15	716
SORBI_3004G121100	15	717
SORBI_3004G121200	15	718
SORBI_3004G121300	15	719
SORBI_3004G121400	15	720
SORBI_3004G121500	15	721
SORBI_3004G121600	15	722
SORBI_3004G121700	15	723
SORBI_3004G121800	15	724
SORBI_3004G121900	15	725
SORBI_3004G122000	15	726
SORBI_3004G122100	15	727
SORBI_3004G122200	15	728
SORBI_3004G122300	15	729
SORBI_3004G122500	15	730
SORBI_3004G122600	15	731
SORBI_3004G122700	15	732
SORBI_3004G122800	15	733
SORBI_3004G122900	15	734
SORBI_3004G123000	15	735
SORBI_3004G123100	15	736
SORBI_3004G123200	15	737
SORBI_3004G123300	15	738
SORBI_3004G123400	15	739
SORBI_3004G123600	15	740
SORBI_3004G123801	15	741
SORBI_3004G124000	15	742
SORBI_3004G124100	15	743
SORBI_3004G124200	15	744
SORBI_3004G124250	15	745
SORBI_3004G124300	15	746
SORBI_3004G124400	15	747
SORBI_3004G124500	15	748
SORBI_3004G124601	15	749
SORBI_3004G124700	15	750
SORBI_3004G124800	15	751
SORBI_3004G124900	15	752
SORBI_3004G125100	15	753
SORBI_3004G125200	15	754
SORBI_3004G125300	15	755
SORBI_3004G125400	15	756
SORBI_3004G125500	15	757
SORBI_3004G125600	15	758
SORBI_3004G125700	15	759
SORBI_3004G125701	15	760
SORBI_3004G125800	15	761
SORBI_3004G125900	15	762
SORBI_3004G126000	15	763
SORBI_3004G126050	15	764
SORBI_3004G126100	15	765
SORBI_3004G126200	15	766
SORBI_3004G126500	15	767
SORBI_3004G126601	15	768
SORBI_3004G126700	15	769
SORBI_3004G126900	15	770
SORBI_3004G127000	15	771
SORBI_3004G127066	15	772
SORBI_3004G127132	15	773
SORBI_3004G127200	15	774
SORBI_3004G127300	15	775
SORBI_3004G127350	15	776
SORBI_3004G127400	15	777
SORBI_3004G127500	15	778
SORBI_3004G127600	15	779
SORBI_3004G127650	15	780
SORBI_3004G127700	15	781
SORBI_3004G127733	15	782
SORBI_3004G127766	15	783
SORBI_3004G127800	15	784
SORBI_3004G127900	15	785
SORBI_3004G128000	15	786
SORBI_3004G128100	15	787
SORBI_3004G128200	15	788
SORBI_3004G128400	15	789
SORBI_3004G128500	15	790
SORBI_3004G128600	15	791
SORBI_3004G128633	15	792
SORBI_3004G128666	15	793
SORBI_3004G128700	15	794
SORBI_3004G128800	15	795
SORBI_3004G128900	15	796
SORBI_3004G129100	15	797
SORBI_3004G129201	15	798
SORBI_3004G129300	15	799
SORBI_3004G129400	15	800
SORBI_3004G129500	15	801
SORBI_3004G129600	15	802
SORBI_3004G129700	15	803
SORBI_3004G129750	15	804
SORBI_3004G129800	15	805
SORBI_3004G129900	15	806
SORBI_3004G130001	15	807
SORBI_3004G130100	15	808
SORBI_3004G130200	15	809
SORBI_3004G130300	15	810
SORBI_3004G130400	15	811
SORBI_3004G130500	15	812
SORBI_3004G130600	15	813
SORBI_3004G130700	15	814
SORBI_3004G130800	15	815
SORBI_3004G130850	15	816
SORBI_3004G130900	15	817
SORBI_3004G130916	15	818
SORBI_3004G130932	15	819
SORBI_3004G130948	15	820
SORBI_3004G130964	15	821
SORBI_3004G130980	15	822
SORBI_3004G131040	15	823
SORBI_3004G131100	15	824
SORBI_3004G131200	15	825
SORBI_3004G131300	15	826
SORBI_3004G131350	15	827
SORBI_3004G131400	15	828
SORBI_3004G131501	15	829
SORBI_3004G131600	15	830
SORBI_3004G131700	15	831
SORBI_3004G131800	15	832
SORBI_3004G131900	15	833
SORBI_3004G132000	15	834
SORBI_3004G132100	15	835
SORBI_3004G132150	15	836
SORBI_3004G132200	15	837
SORBI_3004G132300	15	838
SORBI_3004G132350	15	839
SORBI_3004G132400	15	840
SORBI_3004G132600	15	841
SORBI_3004G132700	15	842
SORBI_3004G132800	15	843
SORBI_3004G132900	15	844
SORBI_3004G133000	15	845
SORBI_3004G133100	15	846
SORBI_3004G133201	15	847
SORBI_3004G133301	15	848
SORBI_3004G133400	15	849
SORBI_3004G133500	15	850
SORBI_3004G133550	15	851
SORBI_3004G133600	15	852
SORBI_3004G133700	15	853
SORBI_3004G133750	15	854
SORBI_3004G133800	15	855
SORBI_3004G133850	15	856
SORBI_3004G133900	15	857
SORBI_3004G134000	15	858
SORBI_3004G134100	15	859
SORBI_3004G134200	15	860
SORBI_3004G134300	15	861
SORBI_3004G134400	15	862
SORBI_3004G134500	15	863
SORBI_3004G134600	15	864
SORBI_3004G134700	15	865
SORBI_3004G134801	15	866
SORBI_3004G134900	15	867
SORBI_3004G135000	15	868
SORBI_3004G135200	15	869
SORBI_3004G135300	15	870
SORBI_3004G135333	15	871
SORBI_3004G135366	15	872
SORBI_3004G135400	15	873
SORBI_3004G135500	15	874
SORBI_3004G135600	15	875
SORBI_3004G135700	15	876
SORBI_3004G135800	15	877
SORBI_3004G135900	15	878
SORBI_3004G136100	15	879
SORBI_3004G136200	15	880
SORBI_3004G136300	15	881
SORBI_3004G136333	15	882
SORBI_3004G136366	15	883
SORBI_3004G136400	15	884
SORBI_3004G136500	15	885
SORBI_3004G136600	15	886
SORBI_3004G136701	15	887
SORBI_3004G136800	15	888
SORBI_3004G136901	15	889
SORBI_3004G137000	15	890
SORBI_3004G137200	15	891
SORBI_3004G137300	15	892
SORBI_3004G137400	15	893
SORBI_3004G137500	15	894
SORBI_3004G137601	15	895
SORBI_3004G137701	15	896
SORBI_3004G137801	15	897
SORBI_3004G137900	15	898
SORBI_3004G138000	15	899
SORBI_3004G138100	15	900
SORBI_3004G138200	15	901
SORBI_3004G138300	15	902
SORBI_3004G138350	15	903
SORBI_3004G138400	15	904
SORBI_3004G138450	15	905
SORBI_3004G138500	15	906
SORBI_3004G138600	15	907
SORBI_3004G138650	15	908
SORBI_3004G138700	15	909
SORBI_3004G138750	15	910
SORBI_3004G138800	15	911
SORBI_3004G138850	15	912
SORBI_3004G138900	15	913
SORBI_3004G139000	15	914
SORBI_3004G139100	15	915
SORBI_3004G139201	15	916
SORBI_3004G139300	15	917
SORBI_3004G139400	15	918
SORBI_3004G139450	15	919
SORBI_3004G139500	15	920
SORBI_3004G139700	15	921
SORBI_3004G139800	15	922
SORBI_3004G139900	15	923
SORBI_3004G140000	15	924
SORBI_3004G140200	15	925
SORBI_3004G140300	15	926
SORBI_3004G140400	15	927
SORBI_3004G140501	15	928
SORBI_3004G140600	15	929
SORBI_3004G140800	15	930
SORBI_3004G140850	15	931
SORBI_3004G140900	15	932
SORBI_3004G141000	15	933
SORBI_3004G141100	15	934
SORBI_3004G141200	15	935
SORBI_3004G141300	15	936
SORBI_3004G141400	15	937
SORBI_3004G141500	15	938
SORBI_3004G141600	15	939
SORBI_3004G141700	15	940
SORBI_3004G141800	15	941
SORBI_3004G142000	15	942
SORBI_3004G142201	15	943
SORBI_3004G142400	15	944
SORBI_3004G142500	15	945
SORBI_3004G142700	15	946
SORBI_3004G142800	15	947
SORBI_3004G142900	15	948
SORBI_3004G143000	15	949
SORBI_3004G143100	15	950
SORBI_3004G143201	15	951
SORBI_3004G143300	15	952
SORBI_3004G143400	15	953
SORBI_3004G143475	15	954
SORBI_3004G143550	15	955
SORBI_3004G143625	15	956
SORBI_3004G143700	15	957
SORBI_3004G143801	15	958
SORBI_3004G143900	15	959
SORBI_3004G144000	15	960
SORBI_3004G144050	15	961
SORBI_3004G144100	15	962
SORBI_3004G144150	15	963
SORBI_3004G144200	15	964
SORBI_3004G144300	15	965
SORBI_3004G144400	15	966
SORBI_3004G144433	15	967
SORBI_3004G144466	15	968
SORBI_3004G144500	15	969
SORBI_3004G144600	15	970
SORBI_3004G144700	15	971
SORBI_3004G144800	15	972
SORBI_3004G145000	15	973
SORBI_3004G145200	15	974
SORBI_3004G145300	15	975
SORBI_3004G145500	15	976
SORBI_3004G145550	15	977
SORBI_3004G145600	15	978
SORBI_3004G145701	15	979
SORBI_3004G145801	15	980
SORBI_3004G145900	15	981
SORBI_3004G146000	15	982
SORBI_3004G146100	15	983
SORBI_3004G146150	15	984
SORBI_3004G146200	15	985
SORBI_3004G146300	15	986
SORBI_3004G146400	15	987
SORBI_3004G146500	15	988
SORBI_3004G146600	15	989
SORBI_3004G146700	15	990
SORBI_3004G146800	15	991
SORBI_3004G146900	15	992
SORBI_3004G147050	15	993
SORBI_3004G147200	15	994
SORBI_3004G147300	15	995
SORBI_3004G147400	15	996
SORBI_3004G147500	15	997
SORBI_3004G147600	15	998
SORBI_3004G147700	15	999
SORBI_3004G147800	15	1000
SORBI_3004G147900	15	1001
SORBI_3004G147950	15	1002
SORBI_3004G148000	15	1003
SORBI_3004G148100	15	1004
SORBI_3004G148200	15	1005
SORBI_3004G148300	15	1006
SORBI_3004G148400	15	1007
SORBI_3004G148500	15	1008
SORBI_3004G148600	15	1009
SORBI_3004G148750	15	1010
SORBI_3004G148900	15	1011
SORBI_3004G149000	15	1012
SORBI_3004G149100	15	1013
SORBI_3004G149150	15	1014
SORBI_3004G149200	15	1015
SORBI_3004G149400	15	1016
SORBI_3004G149433	15	1017
SORBI_3004G149466	15	1018
SORBI_3004G149500	15	1019
SORBI_3004G149600	15	1020
SORBI_3004G149700	15	1021
SORBI_3004G149800	15	1022
SORBI_3004G150200	15	1023
SORBI_3004G150300	16	0
SORBI_3004G150400	16	1
SORBI_3004G150600	16	2
SORBI_3004G150650	16	3
SORBI_3004G150700	16	4
SORBI_3004G150800	16	5
SORBI_3004G150901	16	6
SORBI_3004G151000	16	7
SORBI_3004G151200	16	8
SORBI_3004G151300	16	9
SORBI_3004G151400	16	10
SORBI_3004G151500	16	11
SORBI_3004G151600	16	12
SORBI_3004G151700	16	13
SORBI_3004G151800	16	14
SORBI_3004G151900	16	15
SORBI_3004G152000	16	16
SORBI_3004G152100	16	17
SORBI_3004G152200	16	18
SORBI_3004G152300	16	19
SORBI_3004G152400	16	20
SORBI_3004G152501	16	21
SORBI_3004G152601	16	22
SORBI_3004G152700	16	23
SORBI_3004G152800	16	24
SORBI_3004G152900	16	25
SORBI_3004G153000	16	26
SORBI_3004G153100	16	27
SORBI_3004G153200	16	28
SORBI_3004G153300	16	29
SORBI_3004G153400	16	30
SORBI_3004G153501	16	31
SORBI_3004G153600	16	32
SORBI_3004G153700	16	33
SORBI_3004G153800	16	34
SORBI_3004G153900	16	35
SORBI_3004G154000	16	36
SORBI_3004G154100	16	37
SORBI_3004G154200	16	38
SORBI_3004G154300	16	39
SORBI_3004G154400	16	40
SORBI_3004G154466	16	41
SORBI_3004G154532	16	42
SORBI_3004G154600	16	43
SORBI_3004G154700	16	44
SORBI_3004G154800	16	45
SORBI_3004G154900	16	46
SORBI_3004G155000	16	47
SORBI_3004G155100	16	48
SORBI_3004G155150	16	49
SORBI_3004G155200	16	50
SORBI_3004G155300	16	51
SORBI_3004G155400	16	52
SORBI_3004G155600	16	53
SORBI_3004G155700	16	54
SORBI_3004G155800	16	55
SORBI_3004G155900	16	56
SORBI_3004G156000	16	57
SORBI_3004G156100	16	58
SORBI_3004G156200	16	59
SORBI_3004G156250	16	60
SORBI_3004G156300	16	61
SORBI_3004G156400	16	62
SORBI_3004G156500	16	63
SORBI_3004G156600	16	64
SORBI_3004G156666	16	65
SORBI_3004G156732	16	66
SORBI_3004G156800	16	67
SORBI_3004G156900	16	68
SORBI_3004G156950	16	69
SORBI_3004G157000	16	70
SORBI_3004G157050	16	71
SORBI_3004G157100	16	72
SORBI_3004G157200	16	73
SORBI_3004G157300	16	74
SORBI_3004G157400	16	75
SORBI_3004G157500	16	76
SORBI_3004G157550	16	77
SORBI_3004G157600	16	78
SORBI_3004G157700	16	79
SORBI_3004G157800	16	80
SORBI_3004G157900	16	81
SORBI_3004G157950	16	82
SORBI_3004G158000	16	83
SORBI_3004G158050	16	84
SORBI_3004G158100	16	85
SORBI_3004G158200	16	86
SORBI_3004G158300	16	87
SORBI_3004G158400	16	88
SORBI_3004G158500	16	89
SORBI_3004G158600	16	90
SORBI_3004G158700	16	91
SORBI_3004G158800	16	92
SORBI_3004G158901	16	93
SORBI_3004G159000	16	94
SORBI_3004G159100	16	95
SORBI_3004G159200	16	96
SORBI_3004G159400	16	97
SORBI_3004G159500	16	98
SORBI_3004G159600	16	99
SORBI_3004G159733	16	100
SORBI_3004G159866	16	101
SORBI_3004G160000	16	102
SORBI_3004G160100	16	103
SORBI_3004G160200	16	104
SORBI_3004G160300	16	105
SORBI_3004G160350	16	106
SORBI_3004G160400	16	107
SORBI_3004G160500	16	108
SORBI_3004G160600	16	109
SORBI_3004G160700	16	110
SORBI_3004G160750	16	111
SORBI_3004G160800	16	112
SORBI_3004G160950	16	113
SORBI_3004G161100	16	114
SORBI_3004G161200	16	115
SORBI_3004G161301	16	116
SORBI_3004G161400	16	117
SORBI_3004G161501	16	118
SORBI_3004G161600	16	119
SORBI_3004G161650	16	120
SORBI_3004G161701	16	121
SORBI_3004G161751	16	122
SORBI_3004G161800	16	123
SORBI_3004G161850	16	124
SORBI_3004G161900	16	125
SORBI_3004G162000	16	126
SORBI_3004G162100	16	127
SORBI_3004G162200	16	128
SORBI_3004G162300	16	129
SORBI_3004G162400	16	130
SORBI_3004G162500	16	131
SORBI_3004G162600	16	132
SORBI_3004G162700	16	133
SORBI_3004G162800	16	134
SORBI_3004G162900	16	135
SORBI_3004G163000	16	136
SORBI_3004G163100	16	137
SORBI_3004G163200	16	138
SORBI_3004G163300	16	139
SORBI_3004G163350	16	140
SORBI_3004G163400	16	141
SORBI_3004G163500	16	142
SORBI_3004G163600	16	143
SORBI_3004G163700	16	144
SORBI_3004G163800	16	145
SORBI_3004G163900	16	146
SORBI_3004G164000	16	147
SORBI_3004G164100	16	148
SORBI_3004G164200	16	149
SORBI_3004G164300	16	150
SORBI_3004G164400	16	151
SORBI_3004G164500	16	152
SORBI_3004G164600	16	153
SORBI_3004G164650	16	154
SORBI_3004G164700	16	155
SORBI_3004G164800	16	156
SORBI_3004G165000	16	157
SORBI_3004G165100	16	158
SORBI_3004G165200	16	159
SORBI_3004G165300	16	160
SORBI_3004G165400	16	161
SORBI_3004G165500	16	162
SORBI_3004G165600	16	163
SORBI_3004G165700	16	164
SORBI_3004G165800	16	165
SORBI_3004G165900	16	166
SORBI_3004G166000	16	167
SORBI_3004G166100	16	168
SORBI_3004G166200	16	169
SORBI_3004G166301	16	170
SORBI_3004G166400	16	171
SORBI_3004G166500	16	172
SORBI_3004G166600	16	173
SORBI_3004G166700	16	174
SORBI_3004G166800	16	175
SORBI_3004G166900	16	176
SORBI_3004G167000	16	177
SORBI_3004G167100	16	178
SORBI_3004G167200	16	179
SORBI_3004G167300	16	180
SORBI_3004G167400	16	181
SORBI_3004G167500	16	182
SORBI_3004G167600	16	183
SORBI_3004G167700	16	184
SORBI_3004G167800	16	185
SORBI_3004G167900	16	186
SORBI_3004G168000	16	187
SORBI_3004G168100	16	188
SORBI_3004G168150	16	189
SORBI_3004G168200	16	190
SORBI_3004G168300	16	191
SORBI_3004G168366	16	192
SORBI_3004G168432	16	193
SORBI_3004G168500	16	194
SORBI_3004G168600	16	195
SORBI_3004G168700	16	196
SORBI_3004G168800	16	197
SORBI_3004G168900	16	198
SORBI_3004G169000	16	199
SORBI_3004G169100	16	200
SORBI_3004G169200	16	201
SORBI_3004G169300	16	202
SORBI_3004G169401	16	203
SORBI_3004G169501	16	204
SORBI_3004G169600	16	205
SORBI_3004G169700	16	206
SORBI_3004G169800	16	207
SORBI_3004G169900	16	208
SORBI_3004G169966	16	209
SORBI_3004G170032	16	210
SORBI_3004G170100	16	211
SORBI_3004G170200	16	212
SORBI_3004G170300	16	213
SORBI_3004G170400	16	214
SORBI_3004G170500	16	215
SORBI_3004G170600	16	216
SORBI_3004G170700	16	217
SORBI_3004G170800	16	218
SORBI_3004G170900	16	219
SORBI_3004G171000	16	220
SORBI_3004G171100	16	221
SORBI_3004G171200	16	222
SORBI_3004G171300	16	223
SORBI_3004G171350	16	224
SORBI_3004G171400	16	225
SORBI_3004G171500	16	226
SORBI_3004G171600	16	227
SORBI_3004G171700	16	228
SORBI_3004G171800	16	229
SORBI_3004G171900	16	230
SORBI_3004G172000	16	231
SORBI_3004G172100	16	232
SORBI_3004G172201	16	233
SORBI_3004G172300	16	234
SORBI_3004G172350	16	235
SORBI_3004G172400	16	236
SORBI_3004G172500	16	237
SORBI_3004G172600	16	238
SORBI_3004G172700	16	239
SORBI_3004G172800	16	240
SORBI_3004G173100	16	241
SORBI_3004G173200	16	242
SORBI_3004G173300	16	243
SORBI_3004G173400	16	244
SORBI_3004G173500	16	245
SORBI_3004G173600	16	246
SORBI_3004G173700	16	247
SORBI_3004G173800	16	248
SORBI_3004G173900	16	249
SORBI_3004G174000	16	250
SORBI_3004G174100	16	251
SORBI_3004G174200	16	252
SORBI_3004G174301	16	253
SORBI_3004G174400	16	254
SORBI_3004G174500	16	255
SORBI_3004G174600	16	256
SORBI_3004G174700	16	257
SORBI_3004G174800	16	258
SORBI_3004G174900	16	259
SORBI_3004G175000	16	260
SORBI_3004G175200	16	261
SORBI_3004G175300	16	262
SORBI_3004G175400	16	263
SORBI_3004G175500	16	264
SORBI_3004G175600	16	265
SORBI_3004G175700	16	266
SORBI_3004G175800	16	267
SORBI_3004G175900	16	268
SORBI_3004G176000	16	269
SORBI_3004G176100	16	270
SORBI_3004G176200	16	271
SORBI_3004G176300	16	272
SORBI_3004G176400	16	273
SORBI_3004G176500	16	274
SORBI_3004G176550	16	275
SORBI_3004G176600	16	276
SORBI_3004G176700	16	277
SORBI_3004G176800	16	278
SORBI_3004G176900	16	279
SORBI_3004G176950	16	280
SORBI_3004G177000	16	281
SORBI_3004G177050	16	282
SORBI_3004G177100	16	283
SORBI_3004G177300	16	284
SORBI_3004G177400	16	285
SORBI_3004G177500	16	286
SORBI_3004G177600	16	287
SORBI_3004G177700	16	288
SORBI_3004G177900	16	289
SORBI_3004G178000	16	290
SORBI_3004G178100	16	291
SORBI_3004G178200	16	292
SORBI_3004G178300	16	293
SORBI_3004G178400	16	294
SORBI_3004G178500	16	295
SORBI_3004G178550	16	296
SORBI_3004G178600	16	297
SORBI_3004G178700	16	298
SORBI_3004G178800	16	299
SORBI_3004G178901	16	300
SORBI_3004G179000	16	301
SORBI_3004G179100	16	302
SORBI_3004G179200	16	303
SORBI_3004G179300	16	304
SORBI_3004G179400	16	305
SORBI_3004G179500	16	306
SORBI_3004G179600	16	307
SORBI_3004G179700	16	308
SORBI_3004G179800	16	309
SORBI_3004G179900	16	310
SORBI_3004G180000	16	311
SORBI_3004G180033	16	312
SORBI_3004G180066	16	313
SORBI_3004G180100	16	314
SORBI_3004G180200	16	315
SORBI_3004G180301	16	316
SORBI_3004G180400	16	317
SORBI_3004G180500	16	318
SORBI_3004G180600	16	319
SORBI_3004G180700	16	320
SORBI_3004G180800	16	321
SORBI_3004G180900	16	322
SORBI_3004G180950	16	323
SORBI_3004G181000	16	324
SORBI_3004G181100	16	325
SORBI_3004G181200	16	326
SORBI_3004G181300	16	327
SORBI_3004G181400	16	328
SORBI_3004G181500	16	329
SORBI_3004G181600	16	330
SORBI_3004G181700	16	331
SORBI_3004G181800	16	332
SORBI_3004G181900	16	333
SORBI_3004G182000	16	334
SORBI_3004G182100	16	335
SORBI_3004G182201	16	336
SORBI_3004G182300	16	337
SORBI_3004G182500	16	338
SORBI_3004G182600	16	339
SORBI_3004G182700	16	340
SORBI_3004G182800	16	341
SORBI_3004G182900	16	342
SORBI_3004G183000	16	343
SORBI_3004G183100	16	344
SORBI_3004G183200	16	345
SORBI_3004G183300	16	346
SORBI_3004G183400	16	347
SORBI_3004G183501	16	348
SORBI_3004G183600	16	349
SORBI_3004G183701	16	350
SORBI_3004G183800	16	351
SORBI_3004G183900	16	352
SORBI_3004G183950	16	353
SORBI_3004G184000	16	354
SORBI_3004G184101	16	355
SORBI_3004G184200	16	356
SORBI_3004G184300	16	357
SORBI_3004G184400	16	358
SORBI_3004G184500	16	359
SORBI_3004G184600	16	360
SORBI_3004G184700	16	361
SORBI_3004G184800	16	362
SORBI_3004G184900	16	363
SORBI_3004G185000	16	364
SORBI_3004G185100	16	365
SORBI_3004G185200	16	366
SORBI_3004G185300	16	367
SORBI_3004G185400	16	368
SORBI_3004G185500	16	369
SORBI_3004G185600	16	370
SORBI_3004G185800	16	371
SORBI_3004G185900	16	372
SORBI_3004G186000	16	373
SORBI_3004G186100	16	374
SORBI_3004G186200	16	375
SORBI_3004G186300	16	376
SORBI_3004G186400	16	377
SORBI_3004G186500	16	378
SORBI_3004G186600	16	379
SORBI_3004G186800	16	380
SORBI_3004G186900	16	381
SORBI_3004G186950	16	382
SORBI_3004G187000	16	383
SORBI_3004G187100	16	384
SORBI_3004G187200	16	385
SORBI_3004G187300	16	386
SORBI_3004G187400	16	387
SORBI_3004G187501	16	388
SORBI_3004G187600	16	389
SORBI_3004G187701	16	390
SORBI_3004G187800	16	391
SORBI_3004G187900	16	392
SORBI_3004G188000	16	393
SORBI_3004G188100	16	394
SORBI_3004G188201	16	395
SORBI_3004G188300	16	396
SORBI_3004G188400	16	397
SORBI_3004G188500	16	398
SORBI_3004G188600	16	399
SORBI_3004G188701	16	400
SORBI_3004G188800	16	401
SORBI_3004G188900	16	402
SORBI_3004G189000	16	403
SORBI_3004G189100	16	404
SORBI_3004G189200	16	405
SORBI_3004G189301	16	406
SORBI_3004G189400	16	407
SORBI_3004G189500	16	408
SORBI_3004G189600	16	409
SORBI_3004G189700	16	410
SORBI_3004G189800	16	411
SORBI_3004G189900	16	412
SORBI_3004G190100	16	413
SORBI_3004G190200	16	414
SORBI_3004G190300	16	415
SORBI_3004G190400	16	416
SORBI_3004G190500	16	417
SORBI_3004G190600	16	418
SORBI_3004G190700	16	419
SORBI_3004G190800	16	420
SORBI_3004G190900	16	421
SORBI_3004G191000	16	422
SORBI_3004G191100	16	423
SORBI_3004G191200	16	424
SORBI_3004G191300	16	425
SORBI_3004G191400	16	426
SORBI_3004G191500	16	427
SORBI_3004G191600	16	428
SORBI_3004G191700	16	429
SORBI_3004G191800	16	430
SORBI_3004G191901	16	431
SORBI_3004G192001	16	432
SORBI_3004G192100	16	433
SORBI_3004G192200	16	434
SORBI_3004G192300	16	435
SORBI_3004G192400	16	436
SORBI_3004G192450	16	437
SORBI_3004G192500	16	438
SORBI_3004G192600	16	439
SORBI_3004G192700	16	440
SORBI_3004G192800	16	441
SORBI_3004G192900	16	442
SORBI_3004G193000	16	443
SORBI_3004G193100	16	444
SORBI_3004G193200	16	445
SORBI_3004G193300	16	446
SORBI_3004G193350	16	447
SORBI_3004G193400	16	448
SORBI_3004G193500	16	449
SORBI_3004G193600	16	450
SORBI_3004G193700	16	451
SORBI_3004G193800	16	452
SORBI_3004G193900	16	453
SORBI_3004G194000	16	454
SORBI_3004G194100	16	455
SORBI_3004G194200	16	456
SORBI_3004G194400	16	457
SORBI_3004G194500	16	458
SORBI_3004G194600	16	459
SORBI_3004G194700	16	460
SORBI_3004G194800	16	461
SORBI_3004G194900	16	462
SORBI_3004G194950	16	463
SORBI_3004G195000	16	464
SORBI_3004G195300	16	465
SORBI_3004G195400	16	466
SORBI_3004G195500	16	467
SORBI_3004G195600	16	468
SORBI_3004G195650	16	469
SORBI_3004G195700	16	470
SORBI_3004G195800	16	471
SORBI_3004G195900	16	472
SORBI_3004G196000	16	473
SORBI_3004G196101	16	474
SORBI_3004G196200	16	475
SORBI_3004G196300	16	476
SORBI_3004G196400	16	477
SORBI_3004G196500	16	478
SORBI_3004G196600	16	479
SORBI_3004G196700	16	480
SORBI_3004G196800	16	481
SORBI_3004G196900	16	482
SORBI_3004G197000	16	483
SORBI_3004G197100	16	484
SORBI_3004G197200	16	485
SORBI_3004G197300	16	486
SORBI_3004G197400	16	487
SORBI_3004G197600	16	488
SORBI_3004G197700	16	489
SORBI_3004G197800	16	490
SORBI_3004G197900	16	491
SORBI_3004G198000	16	492
SORBI_3004G198100	16	493
SORBI_3004G198200	16	494
SORBI_3004G198300	16	495
SORBI_3004G198350	16	496
SORBI_3004G198400	16	497
SORBI_3004G198500	16	498
SORBI_3004G198550	16	499
SORBI_3004G198600	16	500
SORBI_3004G198701	16	501
SORBI_3004G198800	16	502
SORBI_3004G198900	16	503
SORBI_3004G199000	16	504
SORBI_3004G199100	16	505
SORBI_3004G199200	16	506
SORBI_3004G199300	16	507
SORBI_3004G199400	16	508
SORBI_3004G199500	16	509
SORBI_3004G199600	16	510
SORBI_3004G199700	16	511
SORBI_3004G199800	16	512
SORBI_3004G199900	16	513
SORBI_3004G200000	16	514
SORBI_3004G200100	16	515
SORBI_3004G200200	16	516
SORBI_3004G200400	16	517
SORBI_3004G200501	16	518
SORBI_3004G200600	16	519
SORBI_3004G200700	16	520
SORBI_3004G200800	16	521
SORBI_3004G200833	16	522
SORBI_3004G200866	16	523
SORBI_3004G200900	16	524
SORBI_3004G201000	16	525
SORBI_3004G201100	16	526
SORBI_3004G201200	16	527
SORBI_3004G201300	16	528
SORBI_3004G201400	16	529
SORBI_3004G201600	16	530
SORBI_3004G201700	16	531
SORBI_3004G201800	16	532
SORBI_3004G201900	16	533
SORBI_3004G202000	16	534
SORBI_3004G202100	16	535
SORBI_3004G202200	16	536
SORBI_3004G202300	16	537
SORBI_3004G202400	16	538
SORBI_3004G202500	16	539
SORBI_3004G202600	16	540
SORBI_3004G202700	16	541
SORBI_3004G202750	16	542
SORBI_3004G202800	16	543
SORBI_3004G202900	16	544
SORBI_3004G203000	16	545
SORBI_3004G203100	16	546
SORBI_3004G203150	16	547
SORBI_3004G203200	16	548
SORBI_3004G203301	16	549
SORBI_3004G203400	16	550
SORBI_3004G203500	16	551
SORBI_3004G203600	16	552
SORBI_3004G203633	16	553
SORBI_3004G203666	16	554
SORBI_3004G203700	16	555
SORBI_3004G203800	16	556
SORBI_3004G203900	16	557
SORBI_3004G204000	16	558
SORBI_3004G204100	16	559
SORBI_3004G204200	16	560
SORBI_3004G204300	16	561
SORBI_3004G204400	16	562
SORBI_3004G204500	16	563
SORBI_3004G204600	16	564
SORBI_3004G204650	16	565
SORBI_3004G204700	16	566
SORBI_3004G204800	16	567
SORBI_3004G204900	16	568
SORBI_3004G205000	16	569
SORBI_3004G205100	16	570
SORBI_3004G205200	16	571
SORBI_3004G205300	16	572
SORBI_3004G205400	16	573
SORBI_3004G205500	16	574
SORBI_3004G205600	16	575
SORBI_3004G205700	16	576
SORBI_3004G205800	16	577
SORBI_3004G205900	16	578
SORBI_3004G206000	16	579
SORBI_3004G206050	16	580
SORBI_3004G206100	16	581
SORBI_3004G206200	16	582
SORBI_3004G206300	16	583
SORBI_3004G206401	16	584
SORBI_3004G206500	16	585
SORBI_3004G206600	16	586
SORBI_3004G206700	16	587
SORBI_3004G206800	16	588
SORBI_3004G206900	16	589
SORBI_3004G207000	16	590
SORBI_3004G207100	16	591
SORBI_3004G207200	16	592
SORBI_3004G207300	16	593
SORBI_3004G207350	16	594
SORBI_3004G207400	16	595
SORBI_3004G207500	16	596
SORBI_3004G207600	16	597
SORBI_3004G207700	16	598
SORBI_3004G207733	16	599
SORBI_3004G207766	16	600
SORBI_3004G207800	16	601
SORBI_3004G207900	16	602
SORBI_3004G208000	16	603
SORBI_3004G208100	16	604
SORBI_3004G208201	16	605
SORBI_3004G208301	16	606
SORBI_3004G208400	16	607
SORBI_3004G208500	16	608
SORBI_3004G208600	16	609
SORBI_3004G208700	16	610
SORBI_3004G208800	16	611
SORBI_3004G208900	16	612
SORBI_3004G209000	16	613
SORBI_3004G209100	16	614
SORBI_3004G209200	16	615
SORBI_3004G209300	16	616
SORBI_3004G209400	16	617
SORBI_3004G209450	16	618
SORBI_3004G209500	16	619
SORBI_3004G209600	16	620
SORBI_3004G209700	16	621
SORBI_3004G209800	16	622
SORBI_3004G209900	16	623
SORBI_3004G210000	16	624
SORBI_3004G210101	16	625
SORBI_3004G210200	16	626
SORBI_3004G210300	16	627
SORBI_3004G210400	16	628
SORBI_3004G210500	16	629
SORBI_3004G210601	16	630
SORBI_3004G210700	16	631
SORBI_3004G210800	16	632
SORBI_3004G210900	16	633
SORBI_3004G211000	16	634
SORBI_3004G211100	16	635
SORBI_3004G211200	16	636
SORBI_3004G211301	16	637
SORBI_3004G211400	16	638
SORBI_3004G211501	16	639
SORBI_3004G211600	16	640
SORBI_3004G211700	16	641
SORBI_3004G211800	16	642
SORBI_3004G211833	16	643
SORBI_3004G211866	16	644
SORBI_3004G211900	16	645
SORBI_3004G212000	16	646
SORBI_3004G212100	16	647
SORBI_3004G212200	16	648
SORBI_3004G212250	16	649
SORBI_3004G212300	16	650
SORBI_3004G212350	16	651
SORBI_3004G212400	16	652
SORBI_3004G212500	16	653
SORBI_3004G212600	16	654
SORBI_3004G212700	16	655
SORBI_3004G212800	16	656
SORBI_3004G212900	16	657
SORBI_3004G213000	16	658
SORBI_3004G213100	16	659
SORBI_3004G213200	16	660
SORBI_3004G213300	16	661
SORBI_3004G213400	16	662
SORBI_3004G213500	16	663
SORBI_3004G213600	16	664
SORBI_3004G213800	16	665
SORBI_3004G213900	16	666
SORBI_3004G214000	16	667
SORBI_3004G214100	16	668
SORBI_3004G214200	16	669
SORBI_3004G214300	16	670
SORBI_3004G214400	16	671
SORBI_3004G214500	16	672
SORBI_3004G214700	16	673
SORBI_3004G214800	16	674
SORBI_3004G214900	16	675
SORBI_3004G215000	16	676
SORBI_3004G215100	16	677
SORBI_3004G215200	16	678
SORBI_3004G215300	16	679
SORBI_3004G215400	16	680
SORBI_3004G215500	16	681
SORBI_3004G215600	16	682
SORBI_3004G215650	16	683
SORBI_3004G215700	16	684
SORBI_3004G215800	16	685
SORBI_3004G215900	16	686
SORBI_3004G216001	16	687
SORBI_3004G216100	16	688
SORBI_3004G216200	16	689
SORBI_3004G216300	16	690
SORBI_3004G216400	16	691
SORBI_3004G216500	16	692
SORBI_3004G216600	16	693
SORBI_3004G216650	16	694
SORBI_3004G216700	16	695
SORBI_3004G216800	16	696
SORBI_3004G216900	16	697
SORBI_3004G217000	16	698
SORBI_3004G217100	16	699
SORBI_3004G217200	16	700
SORBI_3004G217300	16	701
SORBI_3004G217400	16	702
SORBI_3004G217450	16	703
SORBI_3004G217500	16	704
SORBI_3004G217600	16	705
SORBI_3004G217700	16	706
SORBI_3004G217800	16	707
SORBI_3004G217900	16	708
SORBI_3004G218000	16	709
SORBI_3004G218100	16	710
SORBI_3004G218200	16	711
SORBI_3004G218300	16	712
SORBI_3004G218400	16	713
SORBI_3004G218500	16	714
SORBI_3004G218600	16	715
SORBI_3004G218700	16	716
SORBI_3004G218800	16	717
SORBI_3004G218900	16	718
SORBI_3004G219000	16	719
SORBI_3004G219100	16	720
SORBI_3004G219200	16	721
SORBI_3004G219300	16	722
SORBI_3004G219400	16	723
SORBI_3004G219500	16	724
SORBI_3004G219600	16	725
SORBI_3004G219700	16	726
SORBI_3004G219800	16	727
SORBI_3004G219900	16	728
SORBI_3004G220000	16	729
SORBI_3004G220101	16	730
SORBI_3004G220200	16	731
SORBI_3004G220300	16	732
SORBI_3004G220400	16	733
SORBI_3004G220500	16	734
SORBI_3004G220600	16	735
SORBI_3004G220700	16	736
SORBI_3004G220900	16	737
SORBI_3004G221000	16	738
SORBI_3004G221100	16	739
SORBI_3004G221150	16	740
SORBI_3004G221200	16	741
SORBI_3004G221300	16	742
SORBI_3004G221400	16	743
SORBI_3004G221500	16	744
SORBI_3004G221600	16	745
SORBI_3004G221700	16	746
SORBI_3004G221800	16	747
SORBI_3004G221900	16	748
SORBI_3004G222000	16	749
SORBI_3004G222100	16	750
SORBI_3004G222150	16	751
SORBI_3004G222200	16	752
SORBI_3004G222300	16	753
SORBI_3004G222400	16	754
SORBI_3004G222500	16	755
SORBI_3004G222600	16	756
SORBI_3004G222700	16	757
SORBI_3004G222800	16	758
SORBI_3004G222900	16	759
SORBI_3004G223000	16	760
SORBI_3004G223100	16	761
SORBI_3004G223300	16	762
SORBI_3004G223350	16	763
SORBI_3004G223400	16	764
SORBI_3004G223500	16	765
SORBI_3004G223600	16	766
SORBI_3004G223700	16	767
SORBI_3004G223800	16	768
SORBI_3004G223900	16	769
SORBI_3004G224000	16	770
SORBI_3004G224100	16	771
SORBI_3004G224200	16	772
SORBI_3004G224300	16	773
SORBI_3004G224350	16	774
SORBI_3004G224400	16	775
SORBI_3004G224500	16	776
SORBI_3004G224600	16	777
SORBI_3004G224700	16	778
SORBI_3004G224733	16	779
SORBI_3004G224766	16	780
SORBI_3004G224800	16	781
SORBI_3004G224900	16	782
SORBI_3004G225000	16	783
SORBI_3004G225100	16	784
SORBI_3004G225200	16	785
SORBI_3004G225300	16	786
SORBI_3004G225400	16	787
SORBI_3004G225450	16	788
SORBI_3004G225500	16	789
SORBI_3004G225550	16	790
SORBI_3004G225600	16	791
SORBI_3004G225700	16	792
SORBI_3004G225800	16	793
SORBI_3004G225900	16	794
SORBI_3004G226000	16	795
SORBI_3004G226100	16	796
SORBI_3004G226200	16	797
SORBI_3004G226300	16	798
SORBI_3004G226400	16	799
SORBI_3004G226500	16	800
SORBI_3004G226600	16	801
SORBI_3004G226700	16	802
SORBI_3004G226800	16	803
SORBI_3004G226900	16	804
SORBI_3004G227000	16	805
SORBI_3004G227100	16	806
SORBI_3004G227200	16	807
SORBI_3004G227300	16	808
SORBI_3004G227400	16	809
SORBI_3004G227500	16	810
SORBI_3004G227550	16	811
SORBI_3004G227600	16	812
SORBI_3004G227700	16	813
SORBI_3004G227800	16	814
SORBI_3004G227900	16	815
SORBI_3004G228000	16	816
SORBI_3004G228100	16	817
SORBI_3004G228200	16	818
SORBI_3004G228300	16	819
SORBI_3004G228400	16	820
SORBI_3004G228500	16	821
SORBI_3004G228600	16	822
SORBI_3004G228700	16	823
SORBI_3004G228800	16	824
SORBI_3004G228850	16	825
SORBI_3004G228900	16	826
SORBI_3004G229000	16	827
SORBI_3004G229100	16	828
SORBI_3004G229200	16	829
SORBI_3004G229300	16	830
SORBI_3004G229400	16	831
SORBI_3004G229500	16	832
SORBI_3004G229700	16	833
SORBI_3004G229800	16	834
SORBI_3004G229900	16	835
SORBI_3004G230000	16	836
SORBI_3004G230100	16	837
SORBI_3004G230200	16	838
SORBI_3004G230300	16	839
SORBI_3004G230400	16	840
SORBI_3004G230500	16	841
SORBI_3004G230600	16	842
SORBI_3004G230650	16	843
SORBI_3004G230700	16	844
SORBI_3004G230800	16	845
SORBI_3004G230900	16	846
SORBI_3004G231001	16	847
SORBI_3004G231100	16	848
SORBI_3004G231200	16	849
SORBI_3004G231300	16	850
SORBI_3004G231350	16	851
SORBI_3004G231400	16	852
SORBI_3004G231501	16	853
SORBI_3004G231600	16	854
SORBI_3004G231700	16	855
SORBI_3004G231800	16	856
SORBI_3004G231850	16	857
SORBI_3004G231900	16	858
SORBI_3004G232000	16	859
SORBI_3004G232100	16	860
SORBI_3004G232201	16	861
SORBI_3004G232300	16	862
SORBI_3004G232400	16	863
SORBI_3004G232500	16	864
SORBI_3004G232600	16	865
SORBI_3004G232700	16	866
SORBI_3004G232800	16	867
SORBI_3004G232900	16	868
SORBI_3004G233000	16	869
SORBI_3004G233100	16	870
SORBI_3004G233200	16	871
SORBI_3004G233300	16	872
SORBI_3004G233400	16	873
SORBI_3004G233500	16	874
SORBI_3004G233600	16	875
SORBI_3004G233700	16	876
SORBI_3004G233800	16	877
SORBI_3004G233900	16	878
SORBI_3004G234000	16	879
SORBI_3004G234100	16	880
SORBI_3004G234200	16	881
SORBI_3004G234300	16	882
SORBI_3004G234400	16	883
SORBI_3004G234500	16	884
SORBI_3004G234600	16	885
SORBI_3004G234700	16	886
SORBI_3004G234766	16	887
SORBI_3004G234832	16	888
SORBI_3004G234900	16	889
SORBI_3004G235000	16	890
SORBI_3004G235100	16	891
SORBI_3004G235200	16	892
SORBI_3004G235300	16	893
SORBI_3004G235500	16	894
SORBI_3004G235600	16	895
SORBI_3004G235700	16	896
SORBI_3004G235750	16	897
SORBI_3004G235801	16	898
SORBI_3004G235851	16	899
SORBI_3004G235900	16	900
SORBI_3004G236000	16	901
SORBI_3004G236100	16	902
SORBI_3004G236200	16	903
SORBI_3004G236300	16	904
SORBI_3004G236400	16	905
SORBI_3004G236500	16	906
SORBI_3004G236550	16	907
SORBI_3004G236600	16	908
SORBI_3004G236800	16	909
SORBI_3004G236901	16	910
SORBI_3004G237000	16	911
SORBI_3004G237100	16	912
SORBI_3004G237200	16	913
SORBI_3004G237300	16	914
SORBI_3004G237400	16	915
SORBI_3004G237500	16	916
SORBI_3004G237600	16	917
SORBI_3004G237700	16	918
SORBI_3004G237800	16	919
SORBI_3004G237900	16	920
SORBI_3004G238000	16	921
SORBI_3004G238100	16	922
SORBI_3004G238200	16	923
SORBI_3004G238400	16	924
SORBI_3004G238500	16	925
SORBI_3004G238600	16	926
SORBI_3004G238700	16	927
SORBI_3004G238801	16	928
SORBI_3004G238900	16	929
SORBI_3004G239000	16	930
SORBI_3004G239100	16	931
SORBI_3004G239200	16	932
SORBI_3004G239301	16	933
SORBI_3004G239400	16	934
SORBI_3004G239500	16	935
SORBI_3004G239700	16	936
SORBI_3004G239750	16	937
SORBI_3004G239800	16	938
SORBI_3004G239901	16	939
SORBI_3004G240000	16	940
SORBI_3004G240100	16	941
SORBI_3004G240250	16	942
SORBI_3004G240400	16	943
SORBI_3004G240500	16	944
SORBI_3004G240600	16	945
SORBI_3004G240700	16	946
SORBI_3004G240800	16	947
SORBI_3004G240900	16	948
SORBI_3004G241000	16	949
SORBI_3004G241100	16	950
SORBI_3004G241200	16	951
SORBI_3004G241300	16	952
SORBI_3004G241400	16	953
SORBI_3004G241500	16	954
SORBI_3004G241600	16	955
SORBI_3004G241700	16	956
SORBI_3004G241800	16	957
SORBI_3004G241850	16	958
SORBI_3004G241900	16	959
SORBI_3004G242000	16	960
SORBI_3004G242100	16	961
SORBI_3004G242200	16	962
SORBI_3004G242250	16	963
SORBI_3004G242300	16	964
SORBI_3004G242400	16	965
SORBI_3004G242500	16	966
SORBI_3004G242600	16	967
SORBI_3004G242700	16	968
SORBI_3004G242800	16	969
SORBI_3004G242850	16	970
SORBI_3004G242900	16	971
SORBI_3004G243000	16	972
SORBI_3004G243100	16	973
SORBI_3004G243200	16	974
SORBI_3004G243300	16	975
SORBI_3004G243400	16	976
SORBI_3004G243500	16	977
SORBI_3004G243600	16	978
SORBI_3004G243700	16	979
SORBI_3004G243800	16	980
SORBI_3004G243900	16	981
SORBI_3004G244000	16	982
SORBI_3004G244100	16	983
SORBI_3004G244200	16	984
SORBI_3004G244300	16	985
SORBI_3004G244400	16	986
SORBI_3004G244500	16	987
SORBI_3004G244600	16	988
SORBI_3004G244700	16	989
SORBI_3004G244800	16	990
SORBI_3004G244900	16	991
SORBI_3004G245000	16	992
SORBI_3004G245100	16	993
SORBI_3004G245200	16	994
SORBI_3004G245300	16	995
SORBI_3004G245400	16	996
SORBI_3004G245450	16	997
SORBI_3004G245500	16	998
SORBI_3004G245600	16	999
SORBI_3004G245700	16	1000
SORBI_3004G245800	16	1001
SORBI_3004G245850	16	1002
SORBI_3004G245900	16	1003
SORBI_3004G246000	16	1004
SORBI_3004G246100	16	1005
SORBI_3004G246200	16	1006
SORBI_3004G246300	16	1007
SORBI_3004G246400	16	1008
SORBI_3004G246500	16	1009
SORBI_3004G246600	16	1010
SORBI_3004G246700	16	1011
SORBI_3004G246800	16	1012
SORBI_3004G246900	16	1013
SORBI_3004G246950	16	1014
SORBI_3004G247000	16	1015
SORBI_3004G247100	16	1016
SORBI_3004G247200	16	1017
SORBI_3004G247300	16	1018
SORBI_3004G247400	16	1019
SORBI_3004G247500	16	1020
SORBI_3004G247600	16	1021
SORBI_3004G247650	16	1022
SORBI_3004G247700	16	1023
SORBI_3004G247800	17	0
SORBI_3004G247900	17	1
SORBI_3004G248000	17	2
SORBI_3004G248100	17	3
SORBI_3004G248200	17	4
SORBI_3004G248300	17	5
SORBI_3004G248400	17	6
SORBI_3004G248500	17	7
SORBI_3004G248600	17	8
SORBI_3004G248700	17	9
SORBI_3004G248800	17	10
SORBI_3004G248900	17	11
SORBI_3004G249000	17	12
SORBI_3004G249100	17	13
SORBI_3004G249200	17	14
SORBI_3004G249300	17	15
SORBI_3004G249400	17	16
SORBI_3004G249500	17	17
SORBI_3004G249600	17	18
SORBI_3004G249700	17	19
SORBI_3004G249800	17	20
SORBI_3004G249900	17	21
SORBI_3004G249950	17	22
SORBI_3004G250000	17	23
SORBI_3004G250100	17	24
SORBI_3004G250200	17	25
SORBI_3004G250300	17	26
SORBI_3004G250400	17	27
SORBI_3004G250500	17	28
SORBI_3004G250600	17	29
SORBI_3004G250700	17	30
SORBI_3004G250800	17	31
SORBI_3004G250900	17	32
SORBI_3004G251000	17	33
SORBI_3004G251100	17	34
SORBI_3004G251150	17	35
SORBI_3004G251200	17	36
SORBI_3004G251300	17	37
SORBI_3004G251350	17	38
SORBI_3004G251400	17	39
SORBI_3004G251500	17	40
SORBI_3004G251600	17	41
SORBI_3004G251701	17	42
SORBI_3004G251800	17	43
SORBI_3004G251900	17	44
SORBI_3004G252000	17	45
SORBI_3004G252100	17	46
SORBI_3004G252200	17	47
SORBI_3004G252250	17	48
SORBI_3004G252300	17	49
SORBI_3004G252400	17	50
SORBI_3004G252500	17	51
SORBI_3004G252600	17	52
SORBI_3004G252700	17	53
SORBI_3004G252800	17	54
SORBI_3004G252850	17	55
SORBI_3004G252900	17	56
SORBI_3004G253000	17	57
SORBI_3004G253050	17	58
SORBI_3004G253100	17	59
SORBI_3004G253200	17	60
SORBI_3004G253300	17	61
SORBI_3004G253400	17	62
SORBI_3004G253500	17	63
SORBI_3004G253601	17	64
SORBI_3004G253700	17	65
SORBI_3004G253800	17	66
SORBI_3004G253900	17	67
SORBI_3004G254000	17	68
SORBI_3004G254100	17	69
SORBI_3004G254200	17	70
SORBI_3004G254300	17	71
SORBI_3004G254400	17	72
SORBI_3004G254500	17	73
SORBI_3004G254600	17	74
SORBI_3004G254700	17	75
SORBI_3004G254800	17	76
SORBI_3004G254900	17	77
SORBI_3004G255000	17	78
SORBI_3004G255100	17	79
SORBI_3004G255200	17	80
SORBI_3004G255300	17	81
SORBI_3004G255400	17	82
SORBI_3004G255500	17	83
SORBI_3004G255550	17	84
SORBI_3004G255600	17	85
SORBI_3004G255700	17	86
SORBI_3004G255800	17	87
SORBI_3004G255900	17	88
SORBI_3004G256000	17	89
SORBI_3004G256100	17	90
SORBI_3004G256200	17	91
SORBI_3004G256300	17	92
SORBI_3004G256400	17	93
SORBI_3004G256500	17	94
SORBI_3004G256550	17	95
SORBI_3004G256600	17	96
SORBI_3004G256700	17	97
SORBI_3004G256800	17	98
SORBI_3004G256900	17	99
SORBI_3004G257000	17	100
SORBI_3004G257100	17	101
SORBI_3004G257200	17	102
SORBI_3004G257300	17	103
SORBI_3004G257350	17	104
SORBI_3004G257400	17	105
SORBI_3004G257500	17	106
SORBI_3004G257600	17	107
SORBI_3004G257700	17	108
SORBI_3004G257800	17	109
SORBI_3004G257900	17	110
SORBI_3004G258000	17	111
SORBI_3004G258200	17	112
SORBI_3004G258300	17	113
SORBI_3004G258400	17	114
SORBI_3004G258450	17	115
SORBI_3004G258500	17	116
SORBI_3004G258600	17	117
SORBI_3004G258700	17	118
SORBI_3004G258800	17	119
SORBI_3004G258900	17	120
SORBI_3004G259000	17	121
SORBI_3004G259101	17	122
SORBI_3004G259200	17	123
SORBI_3004G259300	17	124
SORBI_3004G259366	17	125
SORBI_3004G259432	17	126
SORBI_3004G259500	17	127
SORBI_3004G259600	17	128
SORBI_3004G259700	17	129
SORBI_3004G259800	17	130
SORBI_3004G259900	17	131
SORBI_3004G260000	17	132
SORBI_3004G260100	17	133
SORBI_3004G260200	17	134
SORBI_3004G260250	17	135
SORBI_3004G260300	17	136
SORBI_3004G260400	17	137
SORBI_3004G260500	17	138
SORBI_3004G260600	17	139
SORBI_3004G260700	17	140
SORBI_3004G260800	17	141
SORBI_3004G260900	17	142
SORBI_3004G261000	17	143
SORBI_3004G261100	17	144
SORBI_3004G261200	17	145
SORBI_3004G261300	17	146
SORBI_3004G261400	17	147
SORBI_3004G261500	17	148
SORBI_3004G261600	17	149
SORBI_3004G261700	17	150
SORBI_3004G261800	17	151
SORBI_3004G261900	17	152
SORBI_3004G262000	17	153
SORBI_3004G262100	17	154
SORBI_3004G262200	17	155
SORBI_3004G262300	17	156
SORBI_3004G262400	17	157
SORBI_3004G262500	17	158
SORBI_3004G262550	17	159
SORBI_3004G262600	17	160
SORBI_3004G262700	17	161
SORBI_3004G262800	17	162
SORBI_3004G262900	17	163
SORBI_3004G263000	17	164
SORBI_3004G263100	17	165
SORBI_3004G263200	17	166
SORBI_3004G263300	17	167
SORBI_3004G263400	17	168
SORBI_3004G263500	17	169
SORBI_3004G263600	17	170
SORBI_3004G263700	17	171
SORBI_3004G263800	17	172
SORBI_3004G263900	17	173
SORBI_3004G264000	17	174
SORBI_3004G264100	17	175
SORBI_3004G264200	17	176
SORBI_3004G264300	17	177
SORBI_3004G264400	17	178
SORBI_3004G264450	17	179
SORBI_3004G264500	17	180
SORBI_3004G264600	17	181
SORBI_3004G264700	17	182
SORBI_3004G264800	17	183
SORBI_3004G264900	17	184
SORBI_3004G265000	17	185
SORBI_3004G265066	17	186
SORBI_3004G265132	17	187
SORBI_3004G265200	17	188
SORBI_3004G265300	17	189
SORBI_3004G265400	17	190
SORBI_3004G265500	17	191
SORBI_3004G265600	17	192
SORBI_3004G265700	17	193
SORBI_3004G265800	17	194
SORBI_3004G265900	17	195
SORBI_3004G266000	17	196
SORBI_3004G266100	17	197
SORBI_3004G266200	17	198
SORBI_3004G266300	17	199
SORBI_3004G266400	17	200
SORBI_3004G266500	17	201
SORBI_3004G266600	17	202
SORBI_3004G266700	17	203
SORBI_3004G266800	17	204
SORBI_3004G266900	17	205
SORBI_3004G267000	17	206
SORBI_3004G267200	17	207
SORBI_3004G267300	17	208
SORBI_3004G267400	17	209
SORBI_3004G267500	17	210
SORBI_3004G267600	17	211
SORBI_3004G267650	17	212
SORBI_3004G267700	17	213
SORBI_3004G267800	17	214
SORBI_3004G267900	17	215
SORBI_3004G267950	17	216
SORBI_3004G268000	17	217
SORBI_3004G268100	17	218
SORBI_3004G268200	17	219
SORBI_3004G268300	17	220
SORBI_3004G268400	17	221
SORBI_3004G268500	17	222
SORBI_3004G268600	17	223
SORBI_3004G268700	17	224
SORBI_3004G268800	17	225
SORBI_3004G268900	17	226
SORBI_3004G269000	17	227
SORBI_3004G269100	17	228
SORBI_3004G269200	17	229
SORBI_3004G269300	17	230
SORBI_3004G269400	17	231
SORBI_3004G269500	17	232
SORBI_3004G269600	17	233
SORBI_3004G269700	17	234
SORBI_3004G269800	17	235
SORBI_3004G269900	17	236
SORBI_3004G270000	17	237
SORBI_3004G270100	17	238
SORBI_3004G270200	17	239
SORBI_3004G270300	17	240
SORBI_3004G270350	17	241
SORBI_3004G270400	17	242
SORBI_3004G270500	17	243
SORBI_3004G270600	17	244
SORBI_3004G270700	17	245
SORBI_3004G270750	17	246
SORBI_3004G270800	17	247
SORBI_3004G270900	17	248
SORBI_3004G271000	17	249
SORBI_3004G271100	17	250
SORBI_3004G271200	17	251
SORBI_3004G271300	17	252
SORBI_3004G271350	17	253
SORBI_3004G271400	17	254
SORBI_3004G271500	17	255
SORBI_3004G271600	17	256
SORBI_3004G271700	17	257
SORBI_3004G271800	17	258
SORBI_3004G271900	17	259
SORBI_3004G272000	17	260
SORBI_3004G272100	17	261
SORBI_3004G272200	17	262
SORBI_3004G272300	17	263
SORBI_3004G272400	17	264
SORBI_3004G272500	17	265
SORBI_3004G272600	17	266
SORBI_3004G272700	17	267
SORBI_3004G272800	17	268
SORBI_3004G272900	17	269
SORBI_3004G272950	17	270
SORBI_3004G273000	17	271
SORBI_3004G273100	17	272
SORBI_3004G273200	17	273
SORBI_3004G273300	17	274
SORBI_3004G273400	17	275
SORBI_3004G273500	17	276
SORBI_3004G273550	17	277
SORBI_3004G273600	17	278
SORBI_3004G273800	17	279
SORBI_3004G273900	17	280
SORBI_3004G274000	17	281
SORBI_3004G274100	17	282
SORBI_3004G274200	17	283
SORBI_3004G274300	17	284
SORBI_3004G274400	17	285
SORBI_3004G274500	17	286
SORBI_3004G274600	17	287
SORBI_3004G274700	17	288
SORBI_3004G274800	17	289
SORBI_3004G274900	17	290
SORBI_3004G275000	17	291
SORBI_3004G275100	17	292
SORBI_3004G275200	17	293
SORBI_3004G275400	17	294
SORBI_3004G275500	17	295
SORBI_3004G275600	17	296
SORBI_3004G275700	17	297
SORBI_3004G275800	17	298
SORBI_3004G275900	17	299
SORBI_3004G276000	17	300
SORBI_3004G276100	17	301
SORBI_3004G276133	17	302
SORBI_3004G276166	17	303
SORBI_3004G276200	17	304
SORBI_3004G276300	17	305
SORBI_3004G276400	17	306
SORBI_3004G276500	17	307
SORBI_3004G276600	17	308
SORBI_3004G276700	17	309
SORBI_3004G276800	17	310
SORBI_3004G276900	17	311
SORBI_3004G277000	17	312
SORBI_3004G277100	17	313
SORBI_3004G277200	17	314
SORBI_3004G277300	17	315
SORBI_3004G277400	17	316
SORBI_3004G277501	17	317
SORBI_3004G277600	17	318
SORBI_3004G277700	17	319
SORBI_3004G277800	17	320
SORBI_3004G277900	17	321
SORBI_3004G278000	17	322
SORBI_3004G278100	17	323
SORBI_3004G278200	17	324
SORBI_3004G278300	17	325
SORBI_3004G278400	17	326
SORBI_3004G278500	17	327
SORBI_3004G278600	17	328
SORBI_3004G278650	17	329
SORBI_3004G278700	17	330
SORBI_3004G278800	17	331
SORBI_3004G278900	17	332
SORBI_3004G279000	17	333
SORBI_3004G279100	17	334
SORBI_3004G279150	17	335
SORBI_3004G279200	17	336
SORBI_3004G279300	17	337
SORBI_3004G279400	17	338
SORBI_3004G279500	17	339
SORBI_3004G279601	17	340
SORBI_3004G279700	17	341
SORBI_3004G279800	17	342
SORBI_3004G279900	17	343
SORBI_3004G280000	17	344
SORBI_3004G280100	17	345
SORBI_3004G280200	17	346
SORBI_3004G280301	17	347
SORBI_3004G280401	17	348
SORBI_3004G280500	17	349
SORBI_3004G280600	17	350
SORBI_3004G280700	17	351
SORBI_3004G280800	17	352
SORBI_3004G280900	17	353
SORBI_3004G281000	17	354
SORBI_3004G281200	17	355
SORBI_3004G281300	17	356
SORBI_3004G281400	17	357
SORBI_3004G281500	17	358
SORBI_3004G281600	17	359
SORBI_3004G281700	17	360
SORBI_3004G281750	17	361
SORBI_3004G281800	17	362
SORBI_3004G281900	17	363
SORBI_3004G282000	17	364
SORBI_3004G282100	17	365
SORBI_3004G282200	17	366
SORBI_3004G282301	17	367
SORBI_3004G282400	17	368
SORBI_3004G282500	17	369
SORBI_3004G282601	17	370
SORBI_3004G282700	17	371
SORBI_3004G282800	17	372
SORBI_3004G282900	17	373
SORBI_3004G282933	17	374
SORBI_3004G282966	17	375
SORBI_3004G283000	17	376
SORBI_3004G283050	17	377
SORBI_3004G283100	17	378
SORBI_3004G283201	17	379
SORBI_3004G283300	17	380
SORBI_3004G283400	17	381
SORBI_3004G283500	17	382
SORBI_3004G283550	17	383
SORBI_3004G283600	17	384
SORBI_3004G283700	17	385
SORBI_3004G283800	17	386
SORBI_3004G283900	17	387
SORBI_3004G284001	17	388
SORBI_3004G284100	17	389
SORBI_3004G284200	17	390
SORBI_3004G284300	17	391
SORBI_3004G284400	17	392
SORBI_3004G284500	17	393
SORBI_3004G284600	17	394
SORBI_3004G284700	17	395
SORBI_3004G284800	17	396
SORBI_3004G284900	17	397
SORBI_3004G285000	17	398
SORBI_3004G285100	17	399
SORBI_3004G285200	17	400
SORBI_3004G285300	17	401
SORBI_3004G285400	17	402
SORBI_3004G285450	17	403
SORBI_3004G285500	17	404
SORBI_3004G285600	17	405
SORBI_3004G285650	17	406
SORBI_3004G285700	17	407
SORBI_3004G285800	17	408
SORBI_3004G285900	17	409
SORBI_3004G286000	17	410
SORBI_3004G286100	17	411
SORBI_3004G286200	17	412
SORBI_3004G286250	17	413
SORBI_3004G286301	17	414
SORBI_3004G286351	17	415
SORBI_3004G286400	17	416
SORBI_3004G286450	17	417
SORBI_3004G286500	17	418
SORBI_3004G286600	17	419
SORBI_3004G286700	17	420
SORBI_3004G286800	17	421
SORBI_3004G286900	17	422
SORBI_3004G287000	17	423
SORBI_3004G287100	17	424
SORBI_3004G287200	17	425
SORBI_3004G287300	17	426
SORBI_3004G287400	17	427
SORBI_3004G287500	17	428
SORBI_3004G287600	17	429
SORBI_3004G287700	17	430
SORBI_3004G287800	17	431
SORBI_3004G287900	17	432
SORBI_3004G288000	17	433
SORBI_3004G288100	17	434
SORBI_3004G288200	17	435
SORBI_3004G288300	17	436
SORBI_3004G288400	17	437
SORBI_3004G288500	17	438
SORBI_3004G288600	17	439
SORBI_3004G288700	17	440
SORBI_3004G288800	17	441
SORBI_3004G288900	17	442
SORBI_3004G289000	17	443
SORBI_3004G289100	17	444
SORBI_3004G289200	17	445
SORBI_3004G289300	17	446
SORBI_3004G289400	17	447
SORBI_3004G289500	17	448
SORBI_3004G289600	17	449
SORBI_3004G289700	17	450
SORBI_3004G289800	17	451
SORBI_3004G289900	17	452
SORBI_3004G290000	17	453
SORBI_3004G290100	17	454
SORBI_3004G290200	17	455
SORBI_3004G290300	17	456
SORBI_3004G290400	17	457
SORBI_3004G290500	17	458
SORBI_3004G290600	17	459
SORBI_3004G290800	17	460
SORBI_3004G290850	17	461
SORBI_3004G290900	17	462
SORBI_3004G291000	17	463
SORBI_3004G291100	17	464
SORBI_3004G291200	17	465
SORBI_3004G291300	17	466
SORBI_3004G291400	17	467
SORBI_3004G291500	17	468
SORBI_3004G291600	17	469
SORBI_3004G291700	17	470
SORBI_3004G291800	17	471
SORBI_3004G291900	17	472
SORBI_3004G292001	17	473
SORBI_3004G292100	17	474
SORBI_3004G292200	17	475
SORBI_3004G292250	17	476
SORBI_3004G292300	17	477
SORBI_3004G292400	17	478
SORBI_3004G292500	17	479
SORBI_3004G292600	17	480
SORBI_3004G292700	17	481
SORBI_3004G292800	17	482
SORBI_3004G292833	17	483
SORBI_3004G292866	17	484
SORBI_3004G292900	17	485
SORBI_3004G293000	17	486
SORBI_3004G293100	17	487
SORBI_3004G293200	17	488
SORBI_3004G293300	17	489
SORBI_3004G293400	17	490
SORBI_3004G293500	17	491
SORBI_3004G293600	17	492
SORBI_3004G293700	17	493
SORBI_3004G293800	17	494
SORBI_3004G293900	17	495
SORBI_3004G294000	17	496
SORBI_3004G294100	17	497
SORBI_3004G294200	17	498
SORBI_3004G294300	17	499
SORBI_3004G294400	17	500
SORBI_3004G294500	17	501
SORBI_3004G294600	17	502
SORBI_3004G294700	17	503
SORBI_3004G294800	17	504
SORBI_3004G294900	17	505
SORBI_3004G295000	17	506
SORBI_3004G295050	17	507
SORBI_3004G295100	17	508
SORBI_3004G295200	17	509
SORBI_3004G295300	17	510
SORBI_3004G295400	17	511
SORBI_3004G295500	17	512
SORBI_3004G295600	17	513
SORBI_3004G295700	17	514
SORBI_3004G295800	17	515
SORBI_3004G295900	17	516
SORBI_3004G296000	17	517
SORBI_3004G296100	17	518
SORBI_3004G296200	17	519
SORBI_3004G296300	17	520
SORBI_3004G296400	17	521
SORBI_3004G296500	17	522
SORBI_3004G296600	17	523
SORBI_3004G296700	17	524
SORBI_3004G296750	17	525
SORBI_3004G296800	17	526
SORBI_3004G296900	17	527
SORBI_3004G297000	17	528
SORBI_3004G297100	17	529
SORBI_3004G297200	17	530
SORBI_3004G297300	17	531
SORBI_3004G297400	17	532
SORBI_3004G297500	17	533
SORBI_3004G297600	17	534
SORBI_3004G297700	17	535
SORBI_3004G297800	17	536
SORBI_3004G297900	17	537
SORBI_3004G297950	17	538
SORBI_3004G298000	17	539
SORBI_3004G298100	17	540
SORBI_3004G298200	17	541
SORBI_3004G298250	17	542
SORBI_3004G298300	17	543
SORBI_3004G298400	17	544
SORBI_3004G298500	17	545
SORBI_3004G298600	17	546
SORBI_3004G298700	17	547
SORBI_3004G298800	17	548
SORBI_3004G298900	17	549
SORBI_3004G299000	17	550
SORBI_3004G299200	17	551
SORBI_3004G299300	17	552
SORBI_3004G299401	17	553
SORBI_3004G299500	17	554
SORBI_3004G299600	17	555
SORBI_3004G299700	17	556
SORBI_3004G299850	17	557
SORBI_3004G300000	17	558
SORBI_3004G300100	17	559
SORBI_3004G300200	17	560
SORBI_3004G300300	17	561
SORBI_3004G300400	17	562
SORBI_3004G300500	17	563
SORBI_3004G300600	17	564
SORBI_3004G300701	17	565
SORBI_3004G300800	17	566
SORBI_3004G300900	17	567
SORBI_3004G301000	17	568
SORBI_3004G301100	17	569
SORBI_3004G301200	17	570
SORBI_3004G301250	17	571
SORBI_3004G301300	17	572
SORBI_3004G301400	17	573
SORBI_3004G301500	17	574
SORBI_3004G301600	17	575
SORBI_3004G301650	17	576
SORBI_3004G301700	17	577
SORBI_3004G301800	17	578
SORBI_3004G301900	17	579
SORBI_3004G302000	17	580
SORBI_3004G302100	17	581
SORBI_3004G302150	17	582
SORBI_3004G302200	17	583
SORBI_3004G302300	17	584
SORBI_3004G302400	17	585
SORBI_3004G302500	17	586
SORBI_3004G302550	17	587
SORBI_3004G302600	17	588
SORBI_3004G302700	17	589
SORBI_3004G302800	17	590
SORBI_3004G302900	17	591
SORBI_3004G303000	17	592
SORBI_3004G303100	17	593
SORBI_3004G303150	17	594
SORBI_3004G303200	17	595
SORBI_3004G303300	17	596
SORBI_3004G303400	17	597
SORBI_3004G303433	17	598
SORBI_3004G303466	17	599
SORBI_3004G303500	17	600
SORBI_3004G303550	17	601
SORBI_3004G303600	17	602
SORBI_3004G303700	17	603
SORBI_3004G303800	17	604
SORBI_3004G303900	17	605
SORBI_3004G304000	17	606
SORBI_3004G304100	17	607
SORBI_3004G304200	17	608
SORBI_3004G304300	17	609
SORBI_3004G304400	17	610
SORBI_3004G304475	17	611
SORBI_3004G304550	17	612
SORBI_3004G304625	17	613
SORBI_3004G304700	17	614
SORBI_3004G304800	17	615
SORBI_3004G304900	17	616
SORBI_3004G305000	17	617
SORBI_3004G305100	17	618
SORBI_3004G305200	17	619
SORBI_3004G305300	17	620
SORBI_3004G305400	17	621
SORBI_3004G305500	17	622
SORBI_3004G305600	17	623
SORBI_3004G305700	17	624
SORBI_3004G305733	17	625
SORBI_3004G305766	17	626
SORBI_3004G305800	17	627
SORBI_3004G305900	17	628
SORBI_3004G306100	17	629
SORBI_3004G306200	17	630
SORBI_3004G306300	17	631
SORBI_3004G306400	17	632
SORBI_3004G306500	17	633
SORBI_3004G306700	17	634
SORBI_3004G306800	17	635
SORBI_3004G306900	17	636
SORBI_3004G307000	17	637
SORBI_3004G307100	17	638
SORBI_3004G307200	17	639
SORBI_3004G307300	17	640
SORBI_3004G307400	17	641
SORBI_3004G307500	17	642
SORBI_3004G307600	17	643
SORBI_3004G307700	17	644
SORBI_3004G307800	17	645
SORBI_3004G307900	17	646
SORBI_3004G308000	17	647
SORBI_3004G308100	17	648
SORBI_3004G308200	17	649
SORBI_3004G308300	17	650
SORBI_3004G308400	17	651
SORBI_3004G308500	17	652
SORBI_3004G308600	17	653
SORBI_3004G308700	17	654
SORBI_3004G308800	17	655
SORBI_3004G308900	17	656
SORBI_3004G309000	17	657
SORBI_3004G309100	17	658
SORBI_3004G309200	17	659
SORBI_3004G309300	17	660
SORBI_3004G309400	17	661
SORBI_3004G309500	17	662
SORBI_3004G309600	17	663
SORBI_3004G309700	17	664
SORBI_3004G309800	17	665
SORBI_3004G309900	17	666
SORBI_3004G310000	17	667
SORBI_3004G310100	17	668
SORBI_3004G310200	17	669
SORBI_3004G310300	17	670
SORBI_3004G310350	17	671
SORBI_3004G310400	17	672
SORBI_3004G310500	17	673
SORBI_3004G310600	17	674
SORBI_3004G310700	17	675
SORBI_3004G310800	17	676
SORBI_3004G310900	17	677
SORBI_3004G311000	17	678
SORBI_3004G311100	17	679
SORBI_3004G311200	17	680
SORBI_3004G311300	17	681
SORBI_3004G311400	17	682
SORBI_3004G311500	17	683
SORBI_3004G311550	17	684
SORBI_3004G311600	17	685
SORBI_3004G311750	17	686
SORBI_3004G311900	17	687
SORBI_3004G312000	17	688
SORBI_3004G312100	17	689
SORBI_3004G312200	17	690
SORBI_3004G312300	17	691
SORBI_3004G312400	17	692
SORBI_3004G312500	17	693
SORBI_3004G312600	17	694
SORBI_3004G312700	17	695
SORBI_3004G312800	17	696
SORBI_3004G312900	17	697
SORBI_3004G313000	17	698
SORBI_3004G313100	17	699
SORBI_3004G313200	17	700
SORBI_3004G313300	17	701
SORBI_3004G313400	17	702
SORBI_3004G313500	17	703
SORBI_3004G313700	17	704
SORBI_3004G313750	17	705
SORBI_3004G313800	17	706
SORBI_3004G313900	17	707
SORBI_3004G314000	17	708
SORBI_3004G314100	17	709
SORBI_3004G314200	17	710
SORBI_3004G314300	17	711
SORBI_3004G314400	17	712
SORBI_3004G314500	17	713
SORBI_3004G314700	17	714
SORBI_3004G314750	17	715
SORBI_3004G314800	17	716
SORBI_3004G314900	17	717
SORBI_3004G315000	17	718
SORBI_3004G315100	17	719
SORBI_3004G315200	17	720
SORBI_3004G315300	17	721
SORBI_3004G315400	17	722
SORBI_3004G315500	17	723
SORBI_3004G315600	17	724
SORBI_3004G315700	17	725
SORBI_3004G315800	17	726
SORBI_3004G315850	17	727
SORBI_3004G315900	17	728
SORBI_3004G316000	17	729
SORBI_3004G316100	17	730
SORBI_3004G316200	17	731
SORBI_3004G316300	17	732
SORBI_3004G316350	17	733
SORBI_3004G316400	17	734
SORBI_3004G316500	17	735
SORBI_3004G316600	17	736
SORBI_3004G316700	17	737
SORBI_3004G316800	17	738
SORBI_3004G316900	17	739
SORBI_3004G317000	17	740
SORBI_3004G317050	17	741
SORBI_3004G317100	17	742
SORBI_3004G317200	17	743
SORBI_3004G317300	17	744
SORBI_3004G317401	17	745
SORBI_3004G317500	17	746
SORBI_3004G317600	17	747
SORBI_3004G317700	17	748
SORBI_3004G317800	17	749
SORBI_3004G317900	17	750
SORBI_3004G318000	17	751
SORBI_3004G318100	17	752
SORBI_3004G318200	17	753
SORBI_3004G318300	17	754
SORBI_3004G318400	17	755
SORBI_3004G318600	17	756
SORBI_3004G318700	17	757
SORBI_3004G318800	17	758
SORBI_3004G318900	17	759
SORBI_3004G319000	17	760
SORBI_3004G319050	17	761
SORBI_3004G319100	17	762
SORBI_3004G319300	17	763
SORBI_3004G319400	17	764
SORBI_3004G319500	17	765
SORBI_3004G319600	17	766
SORBI_3004G319700	17	767
SORBI_3004G319800	17	768
SORBI_3004G319900	17	769
SORBI_3004G320000	17	770
SORBI_3004G320100	17	771
SORBI_3004G320200	17	772
SORBI_3004G320300	17	773
SORBI_3004G320401	17	774
SORBI_3004G320500	17	775
SORBI_3004G320600	17	776
SORBI_3004G320700	17	777
SORBI_3004G320800	17	778
SORBI_3004G320900	17	779
SORBI_3004G321000	17	780
SORBI_3004G321100	17	781
SORBI_3004G321200	17	782
SORBI_3004G321300	17	783
SORBI_3004G321400	17	784
SORBI_3004G321500	17	785
SORBI_3004G321600	17	786
SORBI_3004G321700	17	787
SORBI_3004G321800	17	788
SORBI_3004G321900	17	789
SORBI_3004G322000	17	790
SORBI_3004G322100	17	791
SORBI_3004G322200	17	792
SORBI_3004G322300	17	793
SORBI_3004G322400	17	794
SORBI_3004G322500	17	795
SORBI_3004G322550	17	796
SORBI_3004G322600	17	797
SORBI_3004G322650	17	798
SORBI_3004G322700	17	799
SORBI_3004G322800	17	800
SORBI_3004G322901	17	801
SORBI_3004G323000	17	802
SORBI_3004G323100	17	803
SORBI_3004G323200	17	804
SORBI_3004G323300	17	805
SORBI_3004G323400	17	806
SORBI_3004G323500	17	807
SORBI_3004G323600	17	808
SORBI_3004G323700	17	809
SORBI_3004G323800	17	810
SORBI_3004G323900	17	811
SORBI_3004G324000	17	812
SORBI_3004G324100	17	813
SORBI_3004G324200	17	814
SORBI_3004G324300	17	815
SORBI_3004G324350	17	816
SORBI_3004G324400	17	817
SORBI_3004G324500	17	818
SORBI_3004G324600	17	819
SORBI_3004G324700	17	820
SORBI_3004G324800	17	821
SORBI_3004G324900	17	822
SORBI_3004G324950	17	823
SORBI_3004G325000	17	824
SORBI_3004G325100	17	825
SORBI_3004G325150	17	826
SORBI_3004G325200	17	827
SORBI_3004G325300	17	828
SORBI_3004G325400	17	829
SORBI_3004G325500	17	830
SORBI_3004G325600	17	831
SORBI_3004G325700	17	832
SORBI_3004G325766	17	833
SORBI_3004G325832	17	834
SORBI_3004G325900	17	835
SORBI_3004G326000	17	836
SORBI_3004G326100	17	837
SORBI_3004G326200	17	838
SORBI_3004G326300	17	839
SORBI_3004G326400	17	840
SORBI_3004G326500	17	841
SORBI_3004G326600	17	842
SORBI_3004G326650	17	843
SORBI_3004G326700	17	844
SORBI_3004G326800	17	845
SORBI_3004G326900	17	846
SORBI_3004G327000	17	847
SORBI_3004G327100	17	848
SORBI_3004G327150	17	849
SORBI_3004G327200	17	850
SORBI_3004G327300	17	851
SORBI_3004G327400	17	852
SORBI_3004G327500	17	853
SORBI_3004G327600	17	854
SORBI_3004G327700	17	855
SORBI_3004G327800	17	856
SORBI_3004G327900	17	857
SORBI_3004G328000	17	858
SORBI_3004G328100	17	859
SORBI_3004G328200	17	860
SORBI_3004G328300	17	861
SORBI_3004G328400	17	862
SORBI_3004G328500	17	863
SORBI_3004G328601	17	864
SORBI_3004G328700	17	865
SORBI_3004G328800	17	866
SORBI_3004G328900	17	867
SORBI_3004G329000	17	868
SORBI_3004G329100	17	869
SORBI_3004G329201	17	870
SORBI_3004G329300	17	871
SORBI_3004G329400	17	872
SORBI_3004G329500	17	873
SORBI_3004G329600	17	874
SORBI_3004G329700	17	875
SORBI_3004G329800	17	876
SORBI_3004G330000	17	877
SORBI_3004G330100	17	878
SORBI_3004G330200	17	879
SORBI_3004G330300	17	880
SORBI_3004G330400	17	881
SORBI_3004G330500	17	882
SORBI_3004G330600	17	883
SORBI_3004G330700	17	884
SORBI_3004G330800	17	885
SORBI_3004G330900	17	886
SORBI_3004G331000	17	887
SORBI_3004G331100	17	888
SORBI_3004G331200	17	889
SORBI_3004G331300	17	890
SORBI_3004G331400	17	891
SORBI_3004G331500	17	892
SORBI_3004G331600	17	893
SORBI_3004G331700	17	894
SORBI_3004G331800	17	895
SORBI_3004G331900	17	896
SORBI_3004G332000	17	897
SORBI_3004G332100	17	898
SORBI_3004G332200	17	899
SORBI_3004G332300	17	900
SORBI_3004G332400	17	901
SORBI_3004G332500	17	902
SORBI_3004G332600	17	903
SORBI_3004G332700	17	904
SORBI_3004G332800	17	905
SORBI_3004G332900	17	906
SORBI_3004G333000	17	907
SORBI_3004G333100	17	908
SORBI_3004G333150	17	909
SORBI_3004G333200	17	910
SORBI_3004G333300	17	911
SORBI_3004G333400	17	912
SORBI_3004G333500	17	913
SORBI_3004G333600	17	914
SORBI_3004G333700	17	915
SORBI_3004G333800	17	916
SORBI_3004G333900	17	917
SORBI_3004G334000	17	918
SORBI_3004G334100	17	919
SORBI_3004G334200	17	920
SORBI_3004G334300	17	921
SORBI_3004G334400	17	922
SORBI_3004G334501	17	923
SORBI_3004G334601	17	924
SORBI_3004G334700	17	925
SORBI_3004G334800	17	926
SORBI_3004G334900	17	927
SORBI_3004G335000	17	928
SORBI_3004G335100	17	929
SORBI_3004G335200	17	930
SORBI_3004G335300	17	931
SORBI_3004G335400	17	932
SORBI_3004G335500	17	933
SORBI_3004G335600	17	934
SORBI_3004G335700	17	935
SORBI_3004G335800	17	936
SORBI_3004G335900	17	937
SORBI_3004G336000	17	938
SORBI_3004G336100	17	939
SORBI_3004G336200	17	940
SORBI_3004G336300	17	941
SORBI_3004G336401	17	942
SORBI_3004G336500	17	943
SORBI_3004G336600	17	944
SORBI_3004G336700	17	945
SORBI_3004G336800	17	946
SORBI_3004G337000	17	947
SORBI_3004G337066	17	948
SORBI_3004G337132	17	949
SORBI_3004G337200	17	950
SORBI_3004G337300	17	951
SORBI_3004G337400	17	952
SORBI_3004G337500	17	953
SORBI_3004G337600	17	954
SORBI_3004G337700	17	955
SORBI_3004G337800	17	956
SORBI_3004G337850	17	957
SORBI_3004G337900	17	958
SORBI_3004G337925	17	959
SORBI_3004G337950	17	960
SORBI_3004G337975	17	961
SORBI_3004G338000	17	962
SORBI_3004G338100	17	963
SORBI_3004G338200	17	964
SORBI_3004G338300	17	965
SORBI_3004G338400	17	966
SORBI_3004G338500	17	967
SORBI_3004G338600	17	968
SORBI_3004G338701	17	969
SORBI_3004G338800	17	970
SORBI_3004G338900	17	971
SORBI_3004G339000	17	972
SORBI_3004G339100	17	973
SORBI_3004G339200	17	974
SORBI_3004G339300	17	975
SORBI_3004G339400	17	976
SORBI_3004G339500	17	977
SORBI_3004G339600	17	978
SORBI_3004G339700	17	979
SORBI_3004G339800	17	980
SORBI_3004G339900	17	981
SORBI_3004G340000	17	982
SORBI_3004G340100	17	983
SORBI_3004G340200	17	984
SORBI_3004G340300	17	985
SORBI_3004G340400	17	986
SORBI_3004G340500	17	987
SORBI_3004G340566	17	988
SORBI_3004G340632	17	989
SORBI_3004G340700	17	990
SORBI_3004G340800	17	991
SORBI_3004G340900	17	992
SORBI_3004G341000	17	993
SORBI_3004G341100	17	994
SORBI_3004G341200	17	995
SORBI_3004G341300	17	996
SORBI_3004G341500	17	997
SORBI_3004G341600	17	998
SORBI_3004G341700	17	999
SORBI_3004G341800	17	1000
SORBI_3004G341900	17	1001
SORBI_3004G342000	17	1002
SORBI_3004G342100	17	1003
SORBI_3004G342200	17	1004
SORBI_3004G342300	17	1005
SORBI_3004G342400	17	1006
SORBI_3004G342500	17	1007
SORBI_3004G342600	17	1008
SORBI_3004G342700	17	1009
SORBI_3004G342800	17	1010
SORBI_3004G342900	17	1011
SORBI_3004G343000	17	1012
SORBI_3004G343100	17	1013
SORBI_3004G343200	17	1014
SORBI_3004G343300	17	1015
SORBI_3004G343400	17	1016
SORBI_3004G343500	17	1017
SORBI_3004G343600	17	1018
SORBI_3004G343700	17	1019
SORBI_3004G343733	17	1020
SORBI_3004G343766	17	1021
SORBI_3004G343800	17	1022
SORBI_3004G343900	17	1023
SORBI_3004G344000	18	0
SORBI_3004G344100	18	1
SORBI_3004G344200	18	2
SORBI_3004G344301	18	3
SORBI_3004G344400	18	4
SORBI_3004G344500	18	5
SORBI_3004G344600	18	6
SORBI_3004G344700	18	7
SORBI_3004G344800	18	8
SORBI_3004G344901	18	9
SORBI_3004G345001	18	10
SORBI_3004G345100	18	11
SORBI_3004G345200	18	12
SORBI_3004G345300	18	13
SORBI_3004G345400	18	14
SORBI_3004G345500	18	15
SORBI_3004G345600	18	16
SORBI_3004G345700	18	17
SORBI_3004G345800	18	18
SORBI_3004G345900	18	19
SORBI_3004G346000	18	20
SORBI_3004G346100	18	21
SORBI_3004G346200	18	22
SORBI_3004G346300	18	23
SORBI_3004G346400	18	24
SORBI_3004G346500	18	25
SORBI_3004G346600	18	26
SORBI_3004G346700	18	27
SORBI_3004G346750	18	28
SORBI_3004G346800	18	29
SORBI_3004G347000	18	30
SORBI_3004G347100	18	31
SORBI_3004G347200	18	32
SORBI_3004G347300	18	33
SORBI_3004G347400	18	34
SORBI_3004G347500	18	35
SORBI_3004G347600	18	36
SORBI_3004G347700	18	37
SORBI_3004G347800	18	38
SORBI_3004G347833	18	39
SORBI_3004G347866	18	40
SORBI_3004G347900	18	41
SORBI_3004G348000	18	42
SORBI_3004G348100	18	43
SORBI_3004G348200	18	44
SORBI_3004G348300	18	45
SORBI_3004G348400	18	46
SORBI_3004G348500	18	47
SORBI_3004G348600	18	48
SORBI_3004G348700	18	49
SORBI_3004G348800	18	50
SORBI_3004G348900	18	51
SORBI_3004G349000	18	52
SORBI_3004G349100	18	53
SORBI_3004G349125	18	54
SORBI_3004G349150	18	55
SORBI_3004G349175	18	56
SORBI_3004G349237	18	57
SORBI_3004G349300	18	58
SORBI_3004G349400	18	59
SORBI_3004G349450	18	60
SORBI_3004G349500	18	61
SORBI_3004G349550	18	62
SORBI_3004G349600	18	63
SORBI_3004G349650	18	64
SORBI_3004G349700	18	65
SORBI_3004G349800	18	66
SORBI_3004G349900	18	67
SORBI_3004G350000	18	68
SORBI_3004G350100	18	69
SORBI_3004G350200	18	70
SORBI_3004G350300	18	71
SORBI_3004G350400	18	72
SORBI_3004G350500	18	73
SORBI_3004G350600	18	74
SORBI_3004G350700	18	75
SORBI_3004G350800	18	76
SORBI_3004G350900	18	77
SORBI_3004G351000	18	78
SORBI_3004G351100	18	79
SORBI_3004G351200	18	80
SORBI_3004G351300	18	81
SORBI_3004G351400	18	82
SORBI_3004G351500	18	83
SORBI_3004G351600	18	84
SORBI_3004G351700	18	85
SORBI_3004G351800	18	86
SORBI_3004G351866	18	87
SORBI_3004G351932	18	88
SORBI_3004G352000	18	89
SORBI_3004G352100	18	90
SORBI_3004G352200	18	91
SORBI_3004G352301	18	92
SORBI_3004G352400	18	93
SORBI_3004G352500	18	94
SORBI_3004G352600	18	95
SORBI_3004G352700	18	96
SORBI_3004G352750	18	97
SORBI_3004G352800	18	98
SORBI_3004G352900	18	99
SORBI_3004G353000	18	100
SORBI_3004G353100	18	101
SORBI_3004G353200	18	102
SORBI_3004G353300	18	103
SORBI_3004G353400	18	104
SORBI_3004G353500	18	105
SORBI_3004G353600	18	106
SORBI_3004G353650	18	107
SORBI_3004G353700	18	108
SORBI_3004G353800	18	109
SORBI_3004G353900	18	110
SORBI_3004G354000	18	111
SORBI_3004G354100	18	112
SORBI_3004G354200	18	113
SORBI_3004G354301	18	114
SORBI_3004G354400	18	115
SORBI_3004G354500	18	116
SORBI_3004G354600	18	117
SORBI_3004G354700	18	118
SORBI_3004G354800	18	119
SORBI_3004G355000	18	120
SORBI_3004G355101	18	121
SORBI_3004G355200	18	122
SORBI_3004G355300	18	123
SORBI_3004G355401	18	124
SORBI_3004G355500	18	125
SORBI_3004G355600	18	126
SORBI_3004G355700	18	127
SORBI_3004G355750	18	128
SORBI_3004G355800	18	129
SORBI_3004G355900	18	130
SORBI_3004G356000	18	131
SORBI_3004G356100	18	132
SORBI_3004G356200	18	133
SORBI_3004G356300	18	134
SORBI_3004G356400	18	135
SORBI_3004G356500	18	136
SORBI_3004G356600	18	137
SORBI_3004G356700	18	138
SORBI_3004G356800	18	139
SORBI_3004G356900	18	140
SORBI_3004G357000	18	141
SORBI_3004G357033	18	142
SORBI_3004G357066	18	143
SORBI_3004G357100	18	144
SORBI_3004G357200	18	145
SORBI_3004G357300	18	146
SORBI_3004G357400	18	147
SORBI_3004G357500	18	148
SORBI_3004G357600	18	149
SORBI_3004G357700	18	150
SORBI_3004G357800	18	151
SORBI_3004G357900	18	152
SORBI_3004G358000	18	153
SORBI_3004G358100	18	154
SORBI_3004G358150	18	155
SORBI_3004G358200	18	156
SORBI_3004G358301	18	157
SORBI_3004G358400	18	158
SORBI_3004G358500	18	159
SORBI_3004G358600	18	160
SORBI_3004G358700	18	161
SORBI_3004G358800	18	162
SORBI_3004G358900	18	163
SORBI_3004G359100	18	164
SORBI_3004G359150	18	165
SORBI_3004G359200	18	166
SORBI_3004G359300	18	167
SORBI_3004G359400	18	168
SORBI_3004G359500	18	169
SORBI_3004G359600	18	170
SORBI_3004G359700	18	171
SORBI_3004G359800	18	172
SORBI_3004G359900	18	173
SORBI_3005G000100	18	174
SORBI_3005G000200	18	175
SORBI_3005G000300	18	176
SORBI_3005G000400	18	177
SORBI_3005G000500	18	178
SORBI_3005G000650	18	179
SORBI_3005G000800	18	180
SORBI_3005G000900	18	181
SORBI_3005G001000	18	182
SORBI_3005G001100	18	183
SORBI_3005G001200	18	184
SORBI_3005G001300	18	185
SORBI_3005G001400	18	186
SORBI_3005G001500	18	187
SORBI_3005G001600	18	188
SORBI_3005G001700	18	189
SORBI_3005G001800	18	190
SORBI_3005G001900	18	191
SORBI_3005G002000	18	192
SORBI_3005G002050	18	193
SORBI_3005G002100	18	194
SORBI_3005G002300	18	195
SORBI_3005G002350	18	196
SORBI_3005G002400	18	197
SORBI_3005G002500	18	198
SORBI_3005G002600	18	199
SORBI_3005G002700	18	200
SORBI_3005G002800	18	201
SORBI_3005G002900	18	202
SORBI_3005G003001	18	203
SORBI_3005G003100	18	204
SORBI_3005G003200	18	205
SORBI_3005G003300	18	206
SORBI_3005G003400	18	207
SORBI_3005G003500	18	208
SORBI_3005G003600	18	209
SORBI_3005G003700	18	210
SORBI_3005G003750	18	211
SORBI_3005G003800	18	212
SORBI_3005G003900	18	213
SORBI_3005G004000	18	214
SORBI_3005G004100	18	215
SORBI_3005G004200	18	216
SORBI_3005G004300	18	217
SORBI_3005G004400	18	218
SORBI_3005G004500	18	219
SORBI_3005G004600	18	220
SORBI_3005G004700	18	221
SORBI_3005G004800	18	222
SORBI_3005G004900	18	223
SORBI_3005G005000	18	224
SORBI_3005G005100	18	225
SORBI_3005G005200	18	226
SORBI_3005G005300	18	227
SORBI_3005G005400	18	228
SORBI_3005G005500	18	229
SORBI_3005G005600	18	230
SORBI_3005G005650	18	231
SORBI_3005G005700	18	232
SORBI_3005G005800	18	233
SORBI_3005G006000	18	234
SORBI_3005G006100	18	235
SORBI_3005G006300	18	236
SORBI_3005G006400	18	237
SORBI_3005G006500	18	238
SORBI_3005G006701	18	239
SORBI_3005G006900	18	240
SORBI_3005G007000	18	241
SORBI_3005G007101	18	242
SORBI_3005G007200	18	243
SORBI_3005G007500	18	244
SORBI_3005G007600	18	245
SORBI_3005G007700	18	246
SORBI_3005G007800	18	247
SORBI_3005G007900	18	248
SORBI_3005G008001	18	249
SORBI_3005G008101	18	250
SORBI_3005G008201	18	251
SORBI_3005G008301	18	252
SORBI_3005G008400	18	253
SORBI_3005G008500	18	254
SORBI_3005G008600	18	255
SORBI_3005G008700	18	256
SORBI_3005G008800	18	257
SORBI_3005G008850	18	258
SORBI_3005G008900	18	259
SORBI_3005G009100	18	260
SORBI_3005G009200	18	261
SORBI_3005G009300	18	262
SORBI_3005G009400	18	263
SORBI_3005G009500	18	264
SORBI_3005G009600	18	265
SORBI_3005G009700	18	266
SORBI_3005G009900	18	267
SORBI_3005G010000	18	268
SORBI_3005G010100	18	269
SORBI_3005G010200	18	270
SORBI_3005G010300	18	271
SORBI_3005G010400	18	272
SORBI_3005G010500	18	273
SORBI_3005G010600	18	274
SORBI_3005G010800	18	275
SORBI_3005G010900	18	276
SORBI_3005G011000	18	277
SORBI_3005G011100	18	278
SORBI_3005G011200	18	279
SORBI_3005G011300	18	280
SORBI_3005G011400	18	281
SORBI_3005G011500	18	282
SORBI_3005G011700	18	283
SORBI_3005G011900	18	284
SORBI_3005G012000	18	285
SORBI_3005G012100	18	286
SORBI_3005G012200	18	287
SORBI_3005G012400	18	288
SORBI_3005G012600	18	289
SORBI_3005G012700	18	290
SORBI_3005G012800	18	291
SORBI_3005G012900	18	292
SORBI_3005G013000	18	293
SORBI_3005G013050	18	294
SORBI_3005G013200	18	295
SORBI_3005G013300	18	296
SORBI_3005G013400	18	297
SORBI_3005G013500	18	298
SORBI_3005G013550	18	299
SORBI_3005G013600	18	300
SORBI_3005G013700	18	301
SORBI_3005G013800	18	302
SORBI_3005G013901	18	303
SORBI_3005G014000	18	304
SORBI_3005G014100	18	305
SORBI_3005G014200	18	306
SORBI_3005G014300	18	307
SORBI_3005G014400	18	308
SORBI_3005G014500	18	309
SORBI_3005G014600	18	310
SORBI_3005G014700	18	311
SORBI_3005G014800	18	312
SORBI_3005G014950	18	313
SORBI_3005G015100	18	314
SORBI_3005G015200	18	315
SORBI_3005G015300	18	316
SORBI_3005G015450	18	317
SORBI_3005G015600	18	318
SORBI_3005G015700	18	319
SORBI_3005G015900	18	320
SORBI_3005G016100	18	321
SORBI_3005G016200	18	322
SORBI_3005G016300	18	323
SORBI_3005G016400	18	324
SORBI_3005G016500	18	325
SORBI_3005G016550	18	326
SORBI_3005G016600	18	327
SORBI_3005G016700	18	328
SORBI_3005G016800	18	329
SORBI_3005G016900	18	330
SORBI_3005G017000	18	331
SORBI_3005G017100	18	332
SORBI_3005G017150	18	333
SORBI_3005G017200	18	334
SORBI_3005G017300	18	335
SORBI_3005G017400	18	336
SORBI_3005G017500	18	337
SORBI_3005G017566	18	338
SORBI_3005G017632	18	339
SORBI_3005G017700	18	340
SORBI_3005G017801	18	341
SORBI_3005G017900	18	342
SORBI_3005G018050	18	343
SORBI_3005G018200	18	344
SORBI_3005G018300	18	345
SORBI_3005G018400	18	346
SORBI_3005G018500	18	347
SORBI_3005G018600	18	348
SORBI_3005G018700	18	349
SORBI_3005G018800	18	350
SORBI_3005G018900	18	351
SORBI_3005G019000	18	352
SORBI_3005G019100	18	353
SORBI_3005G019200	18	354
SORBI_3005G019250	18	355
SORBI_3005G019300	18	356
SORBI_3005G019350	18	357
SORBI_3005G019400	18	358
SORBI_3005G019500	18	359
SORBI_3005G019600	18	360
SORBI_3005G019650	18	361
SORBI_3005G019700	18	362
SORBI_3005G019750	18	363
SORBI_3005G019800	18	364
SORBI_3005G019900	18	365
SORBI_3005G020000	18	366
SORBI_3005G020100	18	367
SORBI_3005G020200	18	368
SORBI_3005G020300	18	369
SORBI_3005G020400	18	370
SORBI_3005G020501	18	371
SORBI_3005G020600	18	372
SORBI_3005G020700	18	373
SORBI_3005G020800	18	374
SORBI_3005G020900	18	375
SORBI_3005G021000	18	376
SORBI_3005G021100	18	377
SORBI_3005G021200	18	378
SORBI_3005G021300	18	379
SORBI_3005G021400	18	380
SORBI_3005G021500	18	381
SORBI_3005G021600	18	382
SORBI_3005G021700	18	383
SORBI_3005G021800	18	384
SORBI_3005G021900	18	385
SORBI_3005G021950	18	386
SORBI_3005G022000	18	387
SORBI_3005G022100	18	388
SORBI_3005G022200	18	389
SORBI_3005G022300	18	390
SORBI_3005G022400	18	391
SORBI_3005G022500	18	392
SORBI_3005G022600	18	393
SORBI_3005G022700	18	394
SORBI_3005G022800	18	395
SORBI_3005G023000	18	396
SORBI_3005G023100	18	397
SORBI_3005G023201	18	398
SORBI_3005G023301	18	399
SORBI_3005G023400	18	400
SORBI_3005G023600	18	401
SORBI_3005G023700	18	402
SORBI_3005G023800	18	403
SORBI_3005G023900	18	404
SORBI_3005G024000	18	405
SORBI_3005G024100	18	406
SORBI_3005G024200	18	407
SORBI_3005G024300	18	408
SORBI_3005G024400	18	409
SORBI_3005G024500	18	410
SORBI_3005G024600	18	411
SORBI_3005G024700	18	412
SORBI_3005G024800	18	413
SORBI_3005G024900	18	414
SORBI_3005G025001	18	415
SORBI_3005G025100	18	416
SORBI_3005G025300	18	417
SORBI_3005G025400	18	418
SORBI_3005G025500	18	419
SORBI_3005G025600	18	420
SORBI_3005G025700	18	421
SORBI_3005G025800	18	422
SORBI_3005G025900	18	423
SORBI_3005G026000	18	424
SORBI_3005G026100	18	425
SORBI_3005G026200	18	426
SORBI_3005G026300	18	427
SORBI_3005G026400	18	428
SORBI_3005G026500	18	429
SORBI_3005G026600	18	430
SORBI_3005G026700	18	431
SORBI_3005G026800	18	432
SORBI_3005G026900	18	433
SORBI_3005G026966	18	434
SORBI_3005G027032	18	435
SORBI_3005G027100	18	436
SORBI_3005G027200	18	437
SORBI_3005G027250	18	438
SORBI_3005G027300	18	439
SORBI_3005G027350	18	440
SORBI_3005G027400	18	441
SORBI_3005G027600	18	442
SORBI_3005G027680	18	443
SORBI_3005G027760	18	444
SORBI_3005G027840	18	445
SORBI_3005G027920	18	446
SORBI_3005G028000	18	447
SORBI_3005G028100	18	448
SORBI_3005G028200	18	449
SORBI_3005G028300	18	450
SORBI_3005G028400	18	451
SORBI_3005G028500	18	452
SORBI_3005G028600	18	453
SORBI_3005G028700	18	454
SORBI_3005G028800	18	455
SORBI_3005G028900	18	456
SORBI_3005G029000	18	457
SORBI_3005G029100	18	458
SORBI_3005G029200	18	459
SORBI_3005G029300	18	460
SORBI_3005G029400	18	461
SORBI_3005G029500	18	462
SORBI_3005G029600	18	463
SORBI_3005G029700	18	464
SORBI_3005G029800	18	465
SORBI_3005G029833	18	466
SORBI_3005G029866	18	467
SORBI_3005G029900	18	468
SORBI_3005G030000	18	469
SORBI_3005G030100	18	470
SORBI_3005G030200	18	471
SORBI_3005G030233	18	472
SORBI_3005G030266	18	473
SORBI_3005G030300	18	474
SORBI_3005G030400	18	475
SORBI_3005G030500	18	476
SORBI_3005G030600	18	477
SORBI_3005G030700	18	478
SORBI_3005G030850	18	479
SORBI_3005G031000	18	480
SORBI_3005G031100	18	481
SORBI_3005G031200	18	482
SORBI_3005G031400	18	483
SORBI_3005G031500	18	484
SORBI_3005G031600	18	485
SORBI_3005G031700	18	486
SORBI_3005G031800	18	487
SORBI_3005G031901	18	488
SORBI_3005G032000	18	489
SORBI_3005G032100	18	490
SORBI_3005G032200	18	491
SORBI_3005G032300	18	492
SORBI_3005G032400	18	493
SORBI_3005G032500	18	494
SORBI_3005G032600	18	495
SORBI_3005G032700	18	496
SORBI_3005G032800	18	497
SORBI_3005G032900	18	498
SORBI_3005G033000	18	499
SORBI_3005G033100	18	500
SORBI_3005G033200	18	501
SORBI_3005G033300	18	502
SORBI_3005G033400	18	503
SORBI_3005G033600	18	504
SORBI_3005G033700	18	505
SORBI_3005G033801	18	506
SORBI_3005G033900	18	507
SORBI_3005G034000	18	508
SORBI_3005G034100	18	509
SORBI_3005G034200	18	510
SORBI_3005G034300	18	511
SORBI_3005G034400	18	512
SORBI_3005G034500	18	513
SORBI_3005G034600	18	514
SORBI_3005G034700	18	515
SORBI_3005G034900	18	516
SORBI_3005G035000	18	517
SORBI_3005G035100	18	518
SORBI_3005G035200	18	519
SORBI_3005G035250	18	520
SORBI_3005G035300	18	521
SORBI_3005G035400	18	522
SORBI_3005G035500	18	523
SORBI_3005G035600	18	524
SORBI_3005G035700	18	525
SORBI_3005G035800	18	526
SORBI_3005G035850	18	527
SORBI_3005G035900	18	528
SORBI_3005G035950	18	529
SORBI_3005G036000	18	530
SORBI_3005G036100	18	531
SORBI_3005G036200	18	532
SORBI_3005G036300	18	533
SORBI_3005G036350	18	534
SORBI_3005G036400	18	535
SORBI_3005G036450	18	536
SORBI_3005G036500	18	537
SORBI_3005G036600	18	538
SORBI_3005G036700	18	539
SORBI_3005G036800	18	540
SORBI_3005G036900	18	541
SORBI_3005G037000	18	542
SORBI_3005G037100	18	543
SORBI_3005G037200	18	544
SORBI_3005G037300	18	545
SORBI_3005G037400	18	546
SORBI_3005G037500	18	547
SORBI_3005G037600	18	548
SORBI_3005G037700	18	549
SORBI_3005G037800	18	550
SORBI_3005G037850	18	551
SORBI_3005G037900	18	552
SORBI_3005G038000	18	553
SORBI_3005G038100	18	554
SORBI_3005G038200	18	555
SORBI_3005G038300	18	556
SORBI_3005G038400	18	557
SORBI_3005G038450	18	558
SORBI_3005G038500	18	559
SORBI_3005G038600	18	560
SORBI_3005G038700	18	561
SORBI_3005G038800	18	562
SORBI_3005G038900	18	563
SORBI_3005G039000	18	564
SORBI_3005G039100	18	565
SORBI_3005G039200	18	566
SORBI_3005G039350	18	567
SORBI_3005G039500	18	568
SORBI_3005G039600	18	569
SORBI_3005G039700	18	570
SORBI_3005G039800	18	571
SORBI_3005G039900	18	572
SORBI_3005G040000	18	573
SORBI_3005G040100	18	574
SORBI_3005G040200	18	575
SORBI_3005G040301	18	576
SORBI_3005G040400	18	577
SORBI_3005G040500	18	578
SORBI_3005G040700	18	579
SORBI_3005G040800	18	580
SORBI_3005G040900	18	581
SORBI_3005G040950	18	582
SORBI_3005G041000	18	583
SORBI_3005G041100	18	584
SORBI_3005G041150	18	585
SORBI_3005G041200	18	586
SORBI_3005G041300	18	587
SORBI_3005G041400	18	588
SORBI_3005G041450	18	589
SORBI_3005G041500	18	590
SORBI_3005G041700	18	591
SORBI_3005G041800	18	592
SORBI_3005G041900	18	593
SORBI_3005G042000	18	594
SORBI_3005G042100	18	595
SORBI_3005G042200	18	596
SORBI_3005G042250	18	597
SORBI_3005G042300	18	598
SORBI_3005G042400	18	599
SORBI_3005G042600	18	600
SORBI_3005G042700	18	601
SORBI_3005G042800	18	602
SORBI_3005G042850	18	603
SORBI_3005G042900	18	604
SORBI_3005G043000	18	605
SORBI_3005G043100	18	606
SORBI_3005G043300	18	607
SORBI_3005G043400	18	608
SORBI_3005G043600	18	609
SORBI_3005G043700	18	610
SORBI_3005G043800	18	611
SORBI_3005G043900	18	612
SORBI_3005G044000	18	613
SORBI_3005G044100	18	614
SORBI_3005G044101	18	615
SORBI_3005G044200	18	616
SORBI_3005G044300	18	617
SORBI_3005G044400	18	618
SORBI_3005G044500	18	619
SORBI_3005G044600	18	620
SORBI_3005G044700	18	621
SORBI_3005G044800	18	622
SORBI_3005G044900	18	623
SORBI_3005G045000	18	624
SORBI_3005G045100	18	625
SORBI_3005G045200	18	626
SORBI_3005G045250	18	627
SORBI_3005G045300	18	628
SORBI_3005G045400	18	629
SORBI_3005G045500	18	630
SORBI_3005G045600	18	631
SORBI_3005G045700	18	632
SORBI_3005G045750	18	633
SORBI_3005G045800	18	634
SORBI_3005G045900	18	635
SORBI_3005G046001	18	636
SORBI_3005G046100	18	637
SORBI_3005G046250	18	638
SORBI_3005G046400	18	639
SORBI_3005G046500	18	640
SORBI_3005G046600	18	641
SORBI_3005G046700	18	642
SORBI_3005G046801	18	643
SORBI_3005G046900	18	644
SORBI_3005G047000	18	645
SORBI_3005G047100	18	646
SORBI_3005G047200	18	647
SORBI_3005G047300	18	648
SORBI_3005G047500	18	649
SORBI_3005G047700	18	650
SORBI_3005G047800	18	651
SORBI_3005G047900	18	652
SORBI_3005G048000	18	653
SORBI_3005G048100	18	654
SORBI_3005G048200	18	655
SORBI_3005G048250	18	656
SORBI_3005G048300	18	657
SORBI_3005G048400	18	658
SORBI_3005G048500	18	659
SORBI_3005G048600	18	660
SORBI_3005G048700	18	661
SORBI_3005G048800	18	662
SORBI_3005G048900	18	663
SORBI_3005G048950	18	664
SORBI_3005G049000	18	665
SORBI_3005G049100	18	666
SORBI_3005G049200	18	667
SORBI_3005G049350	18	668
SORBI_3005G049475	18	669
SORBI_3005G049600	18	670
SORBI_3005G049800	18	671
SORBI_3005G049850	18	672
SORBI_3005G049900	18	673
SORBI_3005G049966	18	674
SORBI_3005G050032	18	675
SORBI_3005G050100	18	676
SORBI_3005G050200	18	677
SORBI_3005G050300	18	678
SORBI_3005G050350	18	679
SORBI_3005G050400	18	680
SORBI_3005G050500	18	681
SORBI_3005G050600	18	682
SORBI_3005G050700	18	683
SORBI_3005G050800	18	684
SORBI_3005G050900	18	685
SORBI_3005G051050	18	686
SORBI_3005G051200	18	687
SORBI_3005G051300	18	688
SORBI_3005G051500	18	689
SORBI_3005G051600	18	690
SORBI_3005G051700	18	691
SORBI_3005G051800	18	692
SORBI_3005G052000	18	693
SORBI_3005G052100	18	694
SORBI_3005G052200	18	695
SORBI_3005G052250	18	696
SORBI_3005G052300	18	697
SORBI_3005G052400	18	698
SORBI_3005G052500	18	699
SORBI_3005G052700	18	700
SORBI_3005G052900	18	701
SORBI_3005G053001	18	702
SORBI_3005G053100	18	703
SORBI_3005G053200	18	704
SORBI_3005G053501	18	705
SORBI_3005G053700	18	706
SORBI_3005G053800	18	707
SORBI_3005G053900	18	708
SORBI_3005G053950	18	709
SORBI_3005G054000	18	710
SORBI_3005G054150	18	711
SORBI_3005G054300	18	712
SORBI_3005G054401	18	713
SORBI_3005G054501	18	714
SORBI_3005G054600	18	715
SORBI_3005G054700	18	716
SORBI_3005G054800	18	717
SORBI_3005G054900	18	718
SORBI_3005G055000	18	719
SORBI_3005G055150	18	720
SORBI_3005G055300	18	721
SORBI_3005G055400	18	722
SORBI_3005G055501	18	723
SORBI_3005G055600	18	724
SORBI_3005G055700	18	725
SORBI_3005G055900	18	726
SORBI_3005G056000	18	727
SORBI_3005G056100	18	728
SORBI_3005G056201	18	729
SORBI_3005G056300	18	730
SORBI_3005G056400	18	731
SORBI_3005G056500	18	732
SORBI_3005G056600	18	733
SORBI_3005G056800	18	734
SORBI_3005G057000	18	735
SORBI_3005G057100	18	736
SORBI_3005G057201	18	737
SORBI_3005G057301	18	738
SORBI_3005G057401	18	739
SORBI_3005G057500	18	740
SORBI_3005G057550	18	741
SORBI_3005G057600	18	742
SORBI_3005G057700	18	743
SORBI_3005G057750	18	744
SORBI_3005G057800	18	745
SORBI_3005G057900	18	746
SORBI_3005G058000	18	747
SORBI_3005G058100	18	748
SORBI_3005G058200	18	749
SORBI_3005G058300	18	750
SORBI_3005G058350	18	751
SORBI_3005G058400	18	752
SORBI_3005G058500	18	753
SORBI_3005G058600	18	754
SORBI_3005G058700	18	755
SORBI_3005G058800	18	756
SORBI_3005G058900	18	757
SORBI_3005G059100	18	758
SORBI_3005G059200	18	759
SORBI_3005G059300	18	760
SORBI_3005G059400	18	761
SORBI_3005G059500	18	762
SORBI_3005G059550	18	763
SORBI_3005G059600	18	764
SORBI_3005G059800	18	765
SORBI_3005G059900	18	766
SORBI_3005G060000	18	767
SORBI_3005G060100	18	768
SORBI_3005G060200	18	769
SORBI_3005G060300	18	770
SORBI_3005G060400	18	771
SORBI_3005G060600	18	772
SORBI_3005G060633	18	773
SORBI_3005G060666	18	774
SORBI_3005G060700	18	775
SORBI_3005G060766	18	776
SORBI_3005G060832	18	777
SORBI_3005G060900	18	778
SORBI_3005G061000	18	779
SORBI_3005G061033	18	780
SORBI_3005G061066	18	781
SORBI_3005G061100	18	782
SORBI_3005G061200	18	783
SORBI_3005G061300	18	784
SORBI_3005G061400	18	785
SORBI_3005G061500	18	786
SORBI_3005G061601	18	787
SORBI_3005G061700	18	788
SORBI_3005G061801	18	789
SORBI_3005G061900	18	790
SORBI_3005G061950	18	791
SORBI_3005G062000	18	792
SORBI_3005G062100	18	793
SORBI_3005G062200	18	794
SORBI_3005G062300	18	795
SORBI_3005G062500	18	796
SORBI_3005G062600	18	797
SORBI_3005G062700	18	798
SORBI_3005G062800	18	799
SORBI_3005G062900	18	800
SORBI_3005G063000	18	801
SORBI_3005G063100	18	802
SORBI_3005G063200	18	803
SORBI_3005G063300	18	804
SORBI_3005G063400	18	805
SORBI_3005G063500	18	806
SORBI_3005G063600	18	807
SORBI_3005G063700	18	808
SORBI_3005G063800	18	809
SORBI_3005G063900	18	810
SORBI_3005G064000	18	811
SORBI_3005G064100	18	812
SORBI_3005G064200	18	813
SORBI_3005G064300	18	814
SORBI_3005G064400	18	815
SORBI_3005G064500	18	816
SORBI_3005G064600	18	817
SORBI_3005G064700	18	818
SORBI_3005G064800	18	819
SORBI_3005G064900	18	820
SORBI_3005G065000	18	821
SORBI_3005G065050	18	822
SORBI_3005G065100	18	823
SORBI_3005G065200	18	824
SORBI_3005G065300	18	825
SORBI_3005G065400	18	826
SORBI_3005G065500	18	827
SORBI_3005G065600	18	828
SORBI_3005G065700	18	829
SORBI_3005G065800	18	830
SORBI_3005G065900	18	831
SORBI_3005G066000	18	832
SORBI_3005G066100	18	833
SORBI_3005G066200	18	834
SORBI_3005G066300	18	835
SORBI_3005G066366	18	836
SORBI_3005G066432	18	837
SORBI_3005G066500	18	838
SORBI_3005G066600	18	839
SORBI_3005G066700	18	840
SORBI_3005G066800	18	841
SORBI_3005G066900	18	842
SORBI_3005G067000	18	843
SORBI_3005G067200	18	844
SORBI_3005G067300	18	845
SORBI_3005G067400	18	846
SORBI_3005G067500	18	847
SORBI_3005G067600	18	848
SORBI_3005G067700	18	849
SORBI_3005G067800	18	850
SORBI_3005G067850	18	851
SORBI_3005G067900	18	852
SORBI_3005G067933	18	853
SORBI_3005G067966	18	854
SORBI_3005G068000	18	855
SORBI_3005G068101	18	856
SORBI_3005G068200	18	857
SORBI_3005G068300	18	858
SORBI_3005G068400	18	859
SORBI_3005G068500	18	860
SORBI_3005G068600	18	861
SORBI_3005G068700	18	862
SORBI_3005G068800	18	863
SORBI_3005G068900	18	864
SORBI_3005G069000	18	865
SORBI_3005G069166	18	866
SORBI_3005G069332	18	867
SORBI_3005G069500	18	868
SORBI_3005G069700	18	869
SORBI_3005G069800	18	870
SORBI_3005G069900	18	871
SORBI_3005G070000	18	872
SORBI_3005G070101	18	873
SORBI_3005G070200	18	874
SORBI_3005G070301	18	875
SORBI_3005G070400	18	876
SORBI_3005G070500	18	877
SORBI_3005G070600	18	878
SORBI_3005G070700	18	879
SORBI_3005G070800	18	880
SORBI_3005G070850	18	881
SORBI_3005G070901	18	882
SORBI_3005G070951	18	883
SORBI_3005G071000	18	884
SORBI_3005G071100	18	885
SORBI_3005G071200	18	886
SORBI_3005G071250	18	887
SORBI_3005G071300	18	888
SORBI_3005G071401	18	889
SORBI_3005G071500	18	890
SORBI_3005G071700	18	891
SORBI_3005G071800	18	892
SORBI_3005G071900	18	893
SORBI_3005G072000	18	894
SORBI_3005G072100	18	895
SORBI_3005G072200	18	896
SORBI_3005G072300	18	897
SORBI_3005G072400	18	898
SORBI_3005G072500	18	899
SORBI_3005G072600	18	900
SORBI_3005G072700	18	901
SORBI_3005G072800	18	902
SORBI_3005G072850	18	903
SORBI_3005G072900	18	904
SORBI_3005G073000	18	905
SORBI_3005G073101	18	906
SORBI_3005G073200	18	907
SORBI_3005G073300	18	908
SORBI_3005G073400	18	909
SORBI_3005G073500	18	910
SORBI_3005G073600	18	911
SORBI_3005G073700	18	912
SORBI_3005G073800	18	913
SORBI_3005G073900	18	914
SORBI_3005G074000	18	915
SORBI_3005G074100	18	916
SORBI_3005G074200	18	917
SORBI_3005G074300	18	918
SORBI_3005G074400	18	919
SORBI_3005G074500	18	920
SORBI_3005G074600	18	921
SORBI_3005G074650	18	922
SORBI_3005G074700	18	923
SORBI_3005G074800	18	924
SORBI_3005G074900	18	925
SORBI_3005G075000	18	926
SORBI_3005G075100	18	927
SORBI_3005G075200	18	928
SORBI_3005G075301	18	929
SORBI_3005G075400	18	930
SORBI_3005G075500	18	931
SORBI_3005G075600	18	932
SORBI_3005G075700	18	933
SORBI_3005G075800	18	934
SORBI_3005G075900	18	935
SORBI_3005G076000	18	936
SORBI_3005G076100	18	937
SORBI_3005G076200	18	938
SORBI_3005G076301	18	939
SORBI_3005G076400	18	940
SORBI_3005G076500	18	941
SORBI_3005G076600	18	942
SORBI_3005G076650	18	943
SORBI_3005G076700	18	944
SORBI_3005G076800	18	945
SORBI_3005G077001	18	946
SORBI_3005G077200	18	947
SORBI_3005G077300	18	948
SORBI_3005G077400	18	949
SORBI_3005G077466	18	950
SORBI_3005G077532	18	951
SORBI_3005G077600	18	952
SORBI_3005G077633	18	953
SORBI_3005G077666	18	954
SORBI_3005G077700	18	955
SORBI_3005G077750	18	956
SORBI_3005G077800	18	957
SORBI_3005G077900	18	958
SORBI_3005G077933	18	959
SORBI_3005G077966	18	960
SORBI_3005G078000	18	961
SORBI_3005G078066	18	962
SORBI_3005G078132	18	963
SORBI_3005G078200	18	964
SORBI_3005G078300	18	965
SORBI_3005G078400	18	966
SORBI_3005G078500	18	967
SORBI_3005G078600	18	968
SORBI_3005G078700	18	969
SORBI_3005G078800	18	970
SORBI_3005G078875	18	971
SORBI_3005G078950	18	972
SORBI_3005G079025	18	973
SORBI_3005G079100	18	974
SORBI_3005G079201	18	975
SORBI_3005G079300	18	976
SORBI_3005G079400	18	977
SORBI_3005G079500	18	978
SORBI_3005G079600	18	979
SORBI_3005G079700	18	980
SORBI_3005G079800	18	981
SORBI_3005G079900	18	982
SORBI_3005G080000	18	983
SORBI_3005G080025	18	984
SORBI_3005G080050	18	985
SORBI_3005G080075	18	986
SORBI_3005G080100	18	987
SORBI_3005G080200	18	988
SORBI_3005G080400	18	989
SORBI_3005G080501	18	990
SORBI_3005G080600	18	991
SORBI_3005G080700	18	992
SORBI_3005G080800	18	993
SORBI_3005G080900	18	994
SORBI_3005G081000	18	995
SORBI_3005G081100	18	996
SORBI_3005G081200	18	997
SORBI_3005G081300	18	998
SORBI_3005G081400	18	999
SORBI_3005G081500	18	1000
SORBI_3005G081600	18	1001
SORBI_3005G081700	18	1002
SORBI_3005G081800	18	1003
SORBI_3005G081900	18	1004
SORBI_3005G082000	18	1005
SORBI_3005G082100	18	1006
SORBI_3005G082200	18	1007
SORBI_3005G082300	18	1008
SORBI_3005G082400	18	1009
SORBI_3005G082500	18	1010
SORBI_3005G082600	18	1011
SORBI_3005G082700	18	1012
SORBI_3005G082740	18	1013
SORBI_3005G082780	18	1014
SORBI_3005G082820	18	1015
SORBI_3005G082860	18	1016
SORBI_3005G082900	18	1017
SORBI_3005G082950	18	1018
SORBI_3005G083000	18	1019
SORBI_3005G083100	18	1020
SORBI_3005G083160	18	1021
SORBI_3005G083220	18	1022
SORBI_3005G083280	18	1023
SORBI_3005G083340	19	0
SORBI_3005G083400	19	1
SORBI_3005G083500	19	2
SORBI_3005G083550	19	3
SORBI_3005G083601	19	4
SORBI_3005G083651	19	5
SORBI_3005G083700	19	6
SORBI_3005G083733	19	7
SORBI_3005G083766	19	8
SORBI_3005G083800	19	9
SORBI_3005G083866	19	10
SORBI_3005G083932	19	11
SORBI_3005G084000	19	12
SORBI_3005G084100	19	13
SORBI_3005G084200	19	14
SORBI_3005G084300	19	15
SORBI_3005G084400	19	16
SORBI_3005G084500	19	17
SORBI_3005G084600	19	18
SORBI_3005G084800	19	19
SORBI_3005G084850	19	20
SORBI_3005G084900	19	21
SORBI_3005G085000	19	22
SORBI_3005G085100	19	23
SORBI_3005G085200	19	24
SORBI_3005G085400	19	25
SORBI_3005G085500	19	26
SORBI_3005G085600	19	27
SORBI_3005G085700	19	28
SORBI_3005G085800	19	29
SORBI_3005G085901	19	30
SORBI_3005G086000	19	31
SORBI_3005G086100	19	32
SORBI_3005G086200	19	33
SORBI_3005G086250	19	34
SORBI_3005G086300	19	35
SORBI_3005G086400	19	36
SORBI_3005G086500	19	37
SORBI_3005G086600	19	38
SORBI_3005G086650	19	39
SORBI_3005G086700	19	40
SORBI_3005G086801	19	41
SORBI_3005G086900	19	42
SORBI_3005G086950	19	43
SORBI_3005G087000	19	44
SORBI_3005G087100	19	45
SORBI_3005G087200	19	46
SORBI_3005G087300	19	47
SORBI_3005G087400	19	48
SORBI_3005G087500	19	49
SORBI_3005G087600	19	50
SORBI_3005G087666	19	51
SORBI_3005G087732	19	52
SORBI_3005G087800	19	53
SORBI_3005G087900	19	54
SORBI_3005G088100	19	55
SORBI_3005G088200	19	56
SORBI_3005G088300	19	57
SORBI_3005G088400	19	58
SORBI_3005G088500	19	59
SORBI_3005G088600	19	60
SORBI_3005G088700	19	61
SORBI_3005G088800	19	62
SORBI_3005G088900	19	63
SORBI_3005G089000	19	64
SORBI_3005G089101	19	65
SORBI_3005G089200	19	66
SORBI_3005G089300	19	67
SORBI_3005G089400	19	68
SORBI_3005G089500	19	69
SORBI_3005G089600	19	70
SORBI_3005G089700	19	71
SORBI_3005G089800	19	72
SORBI_3005G089900	19	73
SORBI_3005G090000	19	74
SORBI_3005G090100	19	75
SORBI_3005G090200	19	76
SORBI_3005G090300	19	77
SORBI_3005G090401	19	78
SORBI_3005G090500	19	79
SORBI_3005G090600	19	80
SORBI_3005G090700	19	81
SORBI_3005G090800	19	82
SORBI_3005G090900	19	83
SORBI_3005G091000	19	84
SORBI_3005G091100	19	85
SORBI_3005G091200	19	86
SORBI_3005G091300	19	87
SORBI_3005G091400	19	88
SORBI_3005G091500	19	89
SORBI_3005G091600	19	90
SORBI_3005G091700	19	91
SORBI_3005G091900	19	92
SORBI_3005G092000	19	93
SORBI_3005G092100	19	94
SORBI_3005G092200	19	95
SORBI_3005G092301	19	96
SORBI_3005G092401	19	97
SORBI_3005G092500	19	98
SORBI_3005G092600	19	99
SORBI_3005G092700	19	100
SORBI_3005G092800	19	101
SORBI_3005G092900	19	102
SORBI_3005G093000	19	103
SORBI_3005G093101	19	104
SORBI_3005G093200	19	105
SORBI_3005G093300	19	106
SORBI_3005G093400	19	107
SORBI_3005G093500	19	108
SORBI_3005G093600	19	109
SORBI_3005G093700	19	110
SORBI_3005G093800	19	111
SORBI_3005G093901	19	112
SORBI_3005G094001	19	113
SORBI_3005G094100	19	114
SORBI_3005G094200	19	115
SORBI_3005G094266	19	116
SORBI_3005G094332	19	117
SORBI_3005G094400	19	118
SORBI_3005G094500	19	119
SORBI_3005G094600	19	120
SORBI_3005G094700	19	121
SORBI_3005G094800	19	122
SORBI_3005G094900	19	123
SORBI_3005G095000	19	124
SORBI_3005G095166	19	125
SORBI_3005G095332	19	126
SORBI_3005G095500	19	127
SORBI_3005G095600	19	128
SORBI_3005G095620	19	129
SORBI_3005G095640	19	130
SORBI_3005G095660	19	131
SORBI_3005G095680	19	132
SORBI_3005G095700	19	133
SORBI_3005G095800	19	134
SORBI_3005G095900	19	135
SORBI_3005G096000	19	136
SORBI_3005G096101	19	137
SORBI_3005G096201	19	138
SORBI_3005G096300	19	139
SORBI_3005G096400	19	140
SORBI_3005G096450	19	141
SORBI_3005G096500	19	142
SORBI_3005G096600	19	143
SORBI_3005G096700	19	144
SORBI_3005G096800	19	145
SORBI_3005G096866	19	146
SORBI_3005G096932	19	147
SORBI_3005G097000	19	148
SORBI_3005G097201	19	149
SORBI_3005G097400	19	150
SORBI_3005G097500	19	151
SORBI_3005G097600	19	152
SORBI_3005G097700	19	153
SORBI_3005G097800	19	154
SORBI_3005G097900	19	155
SORBI_3005G098000	19	156
SORBI_3005G098100	19	157
SORBI_3005G098200	19	158
SORBI_3005G098250	19	159
SORBI_3005G098300	19	160
SORBI_3005G098400	19	161
SORBI_3005G098501	19	162
SORBI_3005G098600	19	163
SORBI_3005G098700	19	164
SORBI_3005G098800	19	165
SORBI_3005G098900	19	166
SORBI_3005G099000	19	167
SORBI_3005G099100	19	168
SORBI_3005G099150	19	169
SORBI_3005G099200	19	170
SORBI_3005G099300	19	171
SORBI_3005G099400	19	172
SORBI_3005G099500	19	173
SORBI_3005G099550	19	174
SORBI_3005G099600	19	175
SORBI_3005G099700	19	176
SORBI_3005G099800	19	177
SORBI_3005G100000	19	178
SORBI_3005G100200	19	179
SORBI_3005G100250	19	180
SORBI_3005G100300	19	181
SORBI_3005G100400	19	182
SORBI_3005G100500	19	183
SORBI_3005G100600	19	184
SORBI_3005G100700	19	185
SORBI_3005G100800	19	186
SORBI_3005G100900	19	187
SORBI_3005G101000	19	188
SORBI_3005G101100	19	189
SORBI_3005G101200	19	190
SORBI_3005G101300	19	191
SORBI_3005G101400	19	192
SORBI_3005G101500	19	193
SORBI_3005G101600	19	194
SORBI_3005G101700	19	195
SORBI_3005G101800	19	196
SORBI_3005G101850	19	197
SORBI_3005G101900	19	198
SORBI_3005G102000	19	199
SORBI_3005G102100	19	200
SORBI_3005G102200	19	201
SORBI_3005G102300	19	202
SORBI_3005G102350	19	203
SORBI_3005G102401	19	204
SORBI_3005G102451	19	205
SORBI_3005G102500	19	206
SORBI_3005G102600	19	207
SORBI_3005G102700	19	208
SORBI_3005G102750	19	209
SORBI_3005G102800	19	210
SORBI_3005G102900	19	211
SORBI_3005G103000	19	212
SORBI_3005G103050	19	213
SORBI_3005G103100	19	214
SORBI_3005G103200	19	215
SORBI_3005G103300	19	216
SORBI_3005G103400	19	217
SORBI_3005G103500	19	218
SORBI_3005G103600	19	219
SORBI_3005G103650	19	220
SORBI_3005G103700	19	221
SORBI_3005G103800	19	222
SORBI_3005G103900	19	223
SORBI_3005G104001	19	224
SORBI_3005G104100	19	225
SORBI_3005G104200	19	226
SORBI_3005G104300	19	227
SORBI_3005G104400	19	228
SORBI_3005G104500	19	229
SORBI_3005G104600	19	230
SORBI_3005G104700	19	231
SORBI_3005G104800	19	232
SORBI_3005G104850	19	233
SORBI_3005G104900	19	234
SORBI_3005G105000	19	235
SORBI_3005G105300	19	236
SORBI_3005G105500	19	237
SORBI_3005G105550	19	238
SORBI_3005G105600	19	239
SORBI_3005G105700	19	240
SORBI_3005G105850	19	241
SORBI_3005G106000	19	242
SORBI_3005G106101	19	243
SORBI_3005G106200	19	244
SORBI_3005G106300	19	245
SORBI_3005G106366	19	246
SORBI_3005G106432	19	247
SORBI_3005G106500	19	248
SORBI_3005G106600	19	249
SORBI_3005G106700	19	250
SORBI_3005G106800	19	251
SORBI_3005G106900	19	252
SORBI_3005G107100	19	253
SORBI_3005G107200	19	254
SORBI_3005G107250	19	255
SORBI_3005G107300	19	256
SORBI_3005G107400	19	257
SORBI_3005G107500	19	258
SORBI_3005G107700	19	259
SORBI_3005G107800	19	260
SORBI_3005G107900	19	261
SORBI_3005G108000	19	262
SORBI_3005G108075	19	263
SORBI_3005G108150	19	264
SORBI_3005G108225	19	265
SORBI_3005G108300	19	266
SORBI_3005G108400	19	267
SORBI_3005G108500	19	268
SORBI_3005G108501	19	269
SORBI_3005G108600	19	270
SORBI_3005G108601	19	271
SORBI_3005G108700	19	272
SORBI_3005G108801	19	273
SORBI_3005G108900	19	274
SORBI_3005G109000	19	275
SORBI_3005G109101	19	276
SORBI_3005G109201	19	277
SORBI_3005G109300	19	278
SORBI_3005G109400	19	279
SORBI_3005G109500	19	280
SORBI_3005G109600	19	281
SORBI_3005G109800	19	282
SORBI_3005G109900	19	283
SORBI_3005G110000	19	284
SORBI_3005G110040	19	285
SORBI_3005G110080	19	286
SORBI_3005G110120	19	287
SORBI_3005G110160	19	288
SORBI_3005G110200	19	289
SORBI_3005G110300	19	290
SORBI_3005G110350	19	291
SORBI_3005G110400	19	292
SORBI_3005G110403	19	293
SORBI_3005G110406	19	294
SORBI_3005G110409	19	295
SORBI_3005G110412	19	296
SORBI_3005G110415	19	297
SORBI_3005G110418	19	298
SORBI_3005G110421	19	299
SORBI_3005G110424	19	300
SORBI_3005G110427	19	301
SORBI_3005G110430	19	302
SORBI_3005G110433	19	303
SORBI_3005G110436	19	304
SORBI_3005G110439	19	305
SORBI_3005G110442	19	306
SORBI_3005G110445	19	307
SORBI_3005G110448	19	308
SORBI_3005G110451	19	309
SORBI_3005G110454	19	310
SORBI_3005G110457	19	311
SORBI_3005G110460	19	312
SORBI_3005G110463	19	313
SORBI_3005G110466	19	314
SORBI_3005G110469	19	315
SORBI_3005G110472	19	316
SORBI_3005G110475	19	317
SORBI_3005G110478	19	318
SORBI_3005G110481	19	319
SORBI_3005G110484	19	320
SORBI_3005G110487	19	321
SORBI_3005G110490	19	322
SORBI_3005G110493	19	323
SORBI_3005G110496	19	324
SORBI_3005G110499	19	325
SORBI_3005G110502	19	326
SORBI_3005G110505	19	327
SORBI_3005G110508	19	328
SORBI_3005G110511	19	329
SORBI_3005G110514	19	330
SORBI_3005G110517	19	331
SORBI_3005G110520	19	332
SORBI_3005G110523	19	333
SORBI_3005G110526	19	334
SORBI_3005G110529	19	335
SORBI_3005G110532	19	336
SORBI_3005G110535	19	337
SORBI_3005G110538	19	338
SORBI_3005G110541	19	339
SORBI_3005G110544	19	340
SORBI_3005G110547	19	341
SORBI_3005G110550	19	342
SORBI_3005G110553	19	343
SORBI_3005G110556	19	344
SORBI_3005G110559	19	345
SORBI_3005G110562	19	346
SORBI_3005G110565	19	347
SORBI_3005G110600	19	348
SORBI_3005G110700	19	349
SORBI_3005G110800	19	350
SORBI_3005G110900	19	351
SORBI_3005G111000	19	352
SORBI_3005G111100	19	353
SORBI_3005G111200	19	354
SORBI_3005G111400	19	355
SORBI_3005G111450	19	356
SORBI_3005G111500	19	357
SORBI_3005G111550	19	358
SORBI_3005G111600	19	359
SORBI_3005G111700	19	360
SORBI_3005G111800	19	361
SORBI_3005G111900	19	362
SORBI_3005G112000	19	363
SORBI_3005G112033	19	364
SORBI_3005G112066	19	365
SORBI_3005G112100	19	366
SORBI_3005G112200	19	367
SORBI_3005G112300	19	368
SORBI_3005G112400	19	369
SORBI_3005G112500	19	370
SORBI_3005G112566	19	371
SORBI_3005G112632	19	372
SORBI_3005G112700	19	373
SORBI_3005G112800	19	374
SORBI_3005G112900	19	375
SORBI_3005G113101	19	376
SORBI_3005G113300	19	377
SORBI_3005G113533	19	378
SORBI_3005G113766	19	379
SORBI_3005G114000	19	380
SORBI_3005G114101	19	381
SORBI_3005G114201	19	382
SORBI_3005G114300	19	383
SORBI_3005G114400	19	384
SORBI_3005G114500	19	385
SORBI_3005G114600	19	386
SORBI_3005G114700	19	387
SORBI_3005G114800	19	388
SORBI_3005G114900	19	389
SORBI_3005G115000	19	390
SORBI_3005G115200	19	391
SORBI_3005G115300	19	392
SORBI_3005G115350	19	393
SORBI_3005G115400	19	394
SORBI_3005G115500	19	395
SORBI_3005G115600	19	396
SORBI_3005G115800	19	397
SORBI_3005G115900	19	398
SORBI_3005G116000	19	399
SORBI_3005G116100	19	400
SORBI_3005G116200	19	401
SORBI_3005G116250	19	402
SORBI_3005G116300	19	403
SORBI_3005G116400	19	404
SORBI_3005G116500	19	405
SORBI_3005G116601	19	406
SORBI_3005G116700	19	407
SORBI_3005G116800	19	408
SORBI_3005G116900	19	409
SORBI_3005G117001	19	410
SORBI_3005G117100	19	411
SORBI_3005G117200	19	412
SORBI_3005G117300	19	413
SORBI_3005G117400	19	414
SORBI_3005G117500	19	415
SORBI_3005G117600	19	416
SORBI_3005G117700	19	417
SORBI_3005G117801	19	418
SORBI_3005G117901	19	419
SORBI_3005G118000	19	420
SORBI_3005G118100	19	421
SORBI_3005G118201	19	422
SORBI_3005G118300	19	423
SORBI_3005G118400	19	424
SORBI_3005G118500	19	425
SORBI_3005G118600	19	426
SORBI_3005G118700	19	427
SORBI_3005G118800	19	428
SORBI_3005G118900	19	429
SORBI_3005G119001	19	430
SORBI_3005G119100	19	431
SORBI_3005G119250	19	432
SORBI_3005G119300	19	433
SORBI_3005G119400	19	434
SORBI_3005G119700	19	435
SORBI_3005G119800	19	436
SORBI_3005G119900	19	437
SORBI_3005G119950	19	438
SORBI_3005G120000	19	439
SORBI_3005G120101	19	440
SORBI_3005G120201	19	441
SORBI_3005G120301	19	442
SORBI_3005G120400	19	443
SORBI_3005G120433	19	444
SORBI_3005G120466	19	445
SORBI_3005G120500	19	446
SORBI_3005G120600	19	447
SORBI_3005G120700	19	448
SORBI_3005G120800	19	449
SORBI_3005G120900	19	450
SORBI_3005G121100	19	451
SORBI_3005G121200	19	452
SORBI_3005G121300	19	453
SORBI_3005G121500	19	454
SORBI_3005G121600	19	455
SORBI_3005G121700	19	456
SORBI_3005G121800	19	457
SORBI_3005G122000	19	458
SORBI_3005G122100	19	459
SORBI_3005G122300	19	460
SORBI_3005G122400	19	461
SORBI_3005G122500	19	462
SORBI_3005G122600	19	463
SORBI_3005G122700	19	464
SORBI_3005G122800	19	465
SORBI_3005G122850	19	466
SORBI_3005G122900	19	467
SORBI_3005G123000	19	468
SORBI_3005G123200	19	469
SORBI_3005G123300	19	470
SORBI_3005G123400	19	471
SORBI_3005G123450	19	472
SORBI_3005G123500	19	473
SORBI_3005G123700	19	474
SORBI_3005G123900	19	475
SORBI_3005G124100	19	476
SORBI_3005G124200	19	477
SORBI_3005G124300	19	478
SORBI_3005G124350	19	479
SORBI_3005G124400	19	480
SORBI_3005G124500	19	481
SORBI_3005G124600	19	482
SORBI_3005G124700	19	483
SORBI_3005G124850	19	484
SORBI_3005G125000	19	485
SORBI_3005G125100	19	486
SORBI_3005G125200	19	487
SORBI_3005G125300	19	488
SORBI_3005G125400	19	489
SORBI_3005G125600	19	490
SORBI_3005G125700	19	491
SORBI_3005G125800	19	492
SORBI_3005G125950	19	493
SORBI_3005G126100	19	494
SORBI_3005G126200	19	495
SORBI_3005G126300	19	496
SORBI_3005G126401	19	497
SORBI_3005G126501	19	498
SORBI_3005G126600	19	499
SORBI_3005G126701	19	500
SORBI_3005G126800	19	501
SORBI_3005G126900	19	502
SORBI_3005G127000	19	503
SORBI_3005G127100	19	504
SORBI_3005G127200	19	505
SORBI_3005G127300	19	506
SORBI_3005G127400	19	507
SORBI_3005G127500	19	508
SORBI_3005G127600	19	509
SORBI_3005G127800	19	510
SORBI_3005G127900	19	511
SORBI_3005G128000	19	512
SORBI_3005G128100	19	513
SORBI_3005G128200	19	514
SORBI_3005G128300	19	515
SORBI_3005G128400	19	516
SORBI_3005G128550	19	517
SORBI_3005G128700	19	518
SORBI_3005G128800	19	519
SORBI_3005G128900	19	520
SORBI_3005G129000	19	521
SORBI_3005G129100	19	522
SORBI_3005G129201	19	523
SORBI_3005G129301	19	524
SORBI_3005G129400	19	525
SORBI_3005G129501	19	526
SORBI_3005G129600	19	527
SORBI_3005G129650	19	528
SORBI_3005G129700	19	529
SORBI_3005G129716	19	530
SORBI_3005G129732	19	531
SORBI_3005G129748	19	532
SORBI_3005G129764	19	533
SORBI_3005G129780	19	534
SORBI_3005G129800	19	535
SORBI_3005G129900	19	536
SORBI_3005G129950	19	537
SORBI_3005G130001	19	538
SORBI_3005G130051	19	539
SORBI_3005G130100	19	540
SORBI_3005G130200	19	541
SORBI_3005G130400	19	542
SORBI_3005G130450	19	543
SORBI_3005G130500	19	544
SORBI_3005G130550	19	545
SORBI_3005G130600	19	546
SORBI_3005G130700	19	547
SORBI_3005G130800	19	548
SORBI_3005G130900	19	549
SORBI_3005G131000	19	550
SORBI_3005G131100	19	551
SORBI_3005G131200	19	552
SORBI_3005G131301	19	553
SORBI_3005G131400	19	554
SORBI_3005G131500	19	555
SORBI_3005G131550	19	556
SORBI_3005G131600	19	557
SORBI_3005G131700	19	558
SORBI_3005G131800	19	559
SORBI_3005G131900	19	560
SORBI_3005G132000	19	561
SORBI_3005G132033	19	562
SORBI_3005G132066	19	563
SORBI_3005G132100	19	564
SORBI_3005G132200	19	565
SORBI_3005G132250	19	566
SORBI_3005G132300	19	567
SORBI_3005G132400	19	568
SORBI_3005G132501	19	569
SORBI_3005G132600	19	570
SORBI_3005G132700	19	571
SORBI_3005G132800	19	572
SORBI_3005G133000	19	573
SORBI_3005G133100	19	574
SORBI_3005G133133	19	575
SORBI_3005G133166	19	576
SORBI_3005G133200	19	577
SORBI_3005G133233	19	578
SORBI_3005G133266	19	579
SORBI_3005G133300	19	580
SORBI_3005G133350	19	581
SORBI_3005G133400	19	582
SORBI_3005G133500	19	583
SORBI_3005G133600	19	584
SORBI_3005G133700	19	585
SORBI_3005G133750	19	586
SORBI_3005G133800	19	587
SORBI_3005G133900	19	588
SORBI_3005G134000	19	589
SORBI_3005G134100	19	590
SORBI_3005G134200	19	591
SORBI_3005G134301	19	592
SORBI_3005G134400	19	593
SORBI_3005G134501	19	594
SORBI_3005G134600	19	595
SORBI_3005G134700	19	596
SORBI_3005G134800	19	597
SORBI_3005G134900	19	598
SORBI_3005G135000	19	599
SORBI_3005G135100	19	600
SORBI_3005G135300	19	601
SORBI_3005G135400	19	602
SORBI_3005G135500	19	603
SORBI_3005G135533	19	604
SORBI_3005G135566	19	605
SORBI_3005G135600	19	606
SORBI_3005G135700	19	607
SORBI_3005G135800	19	608
SORBI_3005G136100	19	609
SORBI_3005G136200	19	610
SORBI_3005G136300	19	611
SORBI_3005G136450	19	612
SORBI_3005G136600	19	613
SORBI_3005G136800	19	614
SORBI_3005G136900	19	615
SORBI_3005G137000	19	616
SORBI_3005G137100	19	617
SORBI_3005G137200	19	618
SORBI_3005G137300	19	619
SORBI_3005G137400	19	620
SORBI_3005G137500	19	621
SORBI_3005G137700	19	622
SORBI_3005G137800	19	623
SORBI_3005G137900	19	624
SORBI_3005G138000	19	625
SORBI_3005G138100	19	626
SORBI_3005G138150	19	627
SORBI_3005G138200	19	628
SORBI_3005G138300	19	629
SORBI_3005G138500	19	630
SORBI_3005G138600	19	631
SORBI_3005G138800	19	632
SORBI_3005G138900	19	633
SORBI_3005G139000	19	634
SORBI_3005G139075	19	635
SORBI_3005G139150	19	636
SORBI_3005G139225	19	637
SORBI_3005G139300	19	638
SORBI_3005G139400	19	639
SORBI_3005G139500	19	640
SORBI_3005G139600	19	641
SORBI_3005G139700	19	642
SORBI_3005G139750	19	643
SORBI_3005G139800	19	644
SORBI_3005G139900	19	645
SORBI_3005G140001	19	646
SORBI_3005G140100	19	647
SORBI_3005G140200	19	648
SORBI_3005G140300	19	649
SORBI_3005G140400	19	650
SORBI_3005G140450	19	651
SORBI_3005G140500	19	652
SORBI_3005G140600	19	653
SORBI_3005G140900	19	654
SORBI_3005G141000	19	655
SORBI_3005G141100	19	656
SORBI_3005G141200	19	657
SORBI_3005G141300	19	658
SORBI_3005G141400	19	659
SORBI_3005G141500	19	660
SORBI_3005G141600	19	661
SORBI_3005G141700	19	662
SORBI_3005G141801	19	663
SORBI_3005G141900	19	664
SORBI_3005G142000	19	665
SORBI_3005G142101	19	666
SORBI_3005G142200	19	667
SORBI_3005G142300	19	668
SORBI_3005G142400	19	669
SORBI_3005G142500	19	670
SORBI_3005G142600	19	671
SORBI_3005G142700	19	672
SORBI_3005G142800	19	673
SORBI_3005G142900	19	674
SORBI_3005G143000	19	675
SORBI_3005G143100	19	676
SORBI_3005G143200	19	677
SORBI_3005G143300	19	678
SORBI_3005G143400	19	679
SORBI_3005G143500	19	680
SORBI_3005G143800	19	681
SORBI_3005G143900	19	682
SORBI_3005G144000	19	683
SORBI_3005G144101	19	684
SORBI_3005G144201	19	685
SORBI_3005G144300	19	686
SORBI_3005G144400	19	687
SORBI_3005G144450	19	688
SORBI_3005G144500	19	689
SORBI_3005G144600	19	690
SORBI_3005G144800	19	691
SORBI_3005G144900	19	692
SORBI_3005G145000	19	693
SORBI_3005G145100	19	694
SORBI_3005G145201	19	695
SORBI_3005G145300	19	696
SORBI_3005G145400	19	697
SORBI_3005G145550	19	698
SORBI_3005G145700	19	699
SORBI_3005G145800	19	700
SORBI_3005G145900	19	701
SORBI_3005G145950	19	702
SORBI_3005G146000	19	703
SORBI_3005G146200	19	704
SORBI_3005G146300	19	705
SORBI_3005G146400	19	706
SORBI_3005G146533	19	707
SORBI_3005G146666	19	708
SORBI_3005G146800	19	709
SORBI_3005G146900	19	710
SORBI_3005G146966	19	711
SORBI_3005G147032	19	712
SORBI_3005G147100	19	713
SORBI_3005G147200	19	714
SORBI_3005G147300	19	715
SORBI_3005G147400	19	716
SORBI_3005G147500	19	717
SORBI_3005G147600	19	718
SORBI_3005G147700	19	719
SORBI_3005G147800	19	720
SORBI_3005G147900	19	721
SORBI_3005G148000	19	722
SORBI_3005G148100	19	723
SORBI_3005G148201	19	724
SORBI_3005G148300	19	725
SORBI_3005G148400	19	726
SORBI_3005G148500	19	727
SORBI_3005G148600	19	728
SORBI_3005G148700	19	729
SORBI_3005G148900	19	730
SORBI_3005G148950	19	731
SORBI_3005G149000	19	732
SORBI_3005G149100	19	733
SORBI_3005G149200	19	734
SORBI_3005G149300	19	735
SORBI_3005G149400	19	736
SORBI_3005G149500	19	737
SORBI_3005G149550	19	738
SORBI_3005G149600	19	739
SORBI_3005G149650	19	740
SORBI_3005G149700	19	741
SORBI_3005G149800	19	742
SORBI_3005G150000	19	743
SORBI_3005G150100	19	744
SORBI_3005G150150	19	745
SORBI_3005G150200	19	746
SORBI_3005G150250	19	747
SORBI_3005G150300	19	748
SORBI_3005G150350	19	749
SORBI_3005G150400	19	750
SORBI_3005G150501	19	751
SORBI_3005G150600	19	752
SORBI_3005G150700	19	753
SORBI_3005G150800	19	754
SORBI_3005G150900	19	755
SORBI_3005G151000	19	756
SORBI_3005G151100	19	757
SORBI_3005G151200	19	758
SORBI_3005G151300	19	759
SORBI_3005G151350	19	760
SORBI_3005G151400	19	761
SORBI_3005G151500	19	762
SORBI_3005G151700	19	763
SORBI_3005G151800	19	764
SORBI_3005G151900	19	765
SORBI_3005G152000	19	766
SORBI_3005G152100	19	767
SORBI_3005G152200	19	768
SORBI_3005G152250	19	769
SORBI_3005G152300	19	770
SORBI_3005G152400	19	771
SORBI_3005G152500	19	772
SORBI_3005G152550	19	773
SORBI_3005G152600	19	774
SORBI_3005G152700	19	775
SORBI_3005G152800	19	776
SORBI_3005G152866	19	777
SORBI_3005G152932	19	778
SORBI_3005G153000	19	779
SORBI_3005G153033	19	780
SORBI_3005G153066	19	781
SORBI_3005G153100	19	782
SORBI_3005G153200	19	783
SORBI_3005G153300	19	784
SORBI_3005G153400	19	785
SORBI_3005G153500	19	786
SORBI_3005G153600	19	787
SORBI_3005G153700	19	788
SORBI_3005G153800	19	789
SORBI_3005G153900	19	790
SORBI_3005G154000	19	791
SORBI_3005G154100	19	792
SORBI_3005G154300	19	793
SORBI_3005G154400	19	794
SORBI_3005G154500	19	795
SORBI_3005G154600	19	796
SORBI_3005G154700	19	797
SORBI_3005G154800	19	798
SORBI_3005G154850	19	799
SORBI_3005G154900	19	800
SORBI_3005G155001	19	801
SORBI_3005G155100	19	802
SORBI_3005G155200	19	803
SORBI_3005G155300	19	804
SORBI_3005G155500	19	805
SORBI_3005G155600	19	806
SORBI_3005G155700	19	807
SORBI_3005G155800	19	808
SORBI_3005G155900	19	809
SORBI_3005G156000	19	810
SORBI_3005G156100	19	811
SORBI_3005G156201	19	812
SORBI_3005G156300	19	813
SORBI_3005G156400	19	814
SORBI_3005G156450	19	815
SORBI_3005G156500	19	816
SORBI_3005G156600	19	817
SORBI_3005G156700	19	818
SORBI_3005G156800	19	819
SORBI_3005G156850	19	820
SORBI_3005G156900	19	821
SORBI_3005G157000	19	822
SORBI_3005G157100	19	823
SORBI_3005G157200	19	824
SORBI_3005G157300	19	825
SORBI_3005G157400	19	826
SORBI_3005G157500	19	827
SORBI_3005G157600	19	828
SORBI_3005G157733	19	829
SORBI_3005G157866	19	830
SORBI_3005G158000	19	831
SORBI_3005G158100	19	832
SORBI_3005G158200	19	833
SORBI_3005G158300	19	834
SORBI_3005G158400	19	835
SORBI_3005G158500	19	836
SORBI_3005G158700	19	837
SORBI_3005G158801	19	838
SORBI_3005G158901	19	839
SORBI_3005G159000	19	840
SORBI_3005G159100	19	841
SORBI_3005G159200	19	842
SORBI_3005G159400	19	843
SORBI_3005G159500	19	844
SORBI_3005G159600	19	845
SORBI_3005G159801	19	846
SORBI_3005G160000	19	847
SORBI_3005G160100	19	848
SORBI_3005G160200	19	849
SORBI_3005G160300	19	850
SORBI_3005G160400	19	851
SORBI_3005G160500	19	852
SORBI_3005G160600	19	853
SORBI_3005G160700	19	854
SORBI_3005G160801	19	855
SORBI_3005G160900	19	856
SORBI_3005G161000	19	857
SORBI_3005G161100	19	858
SORBI_3005G161200	19	859
SORBI_3005G161400	19	860
SORBI_3005G161500	19	861
SORBI_3005G161600	19	862
SORBI_3005G161700	19	863
SORBI_3005G161750	19	864
SORBI_3005G161800	19	865
SORBI_3005G161900	19	866
SORBI_3005G162000	19	867
SORBI_3005G162100	19	868
SORBI_3005G162200	19	869
SORBI_3005G162300	19	870
SORBI_3005G162400	19	871
SORBI_3005G162500	19	872
SORBI_3005G162600	19	873
SORBI_3005G162800	19	874
SORBI_3005G162900	19	875
SORBI_3005G163100	19	876
SORBI_3005G163200	19	877
SORBI_3005G163301	19	878
SORBI_3005G163400	19	879
SORBI_3005G163450	19	880
SORBI_3005G163500	19	881
SORBI_3005G163600	19	882
SORBI_3005G163700	19	883
SORBI_3005G163800	19	884
SORBI_3005G163866	19	885
SORBI_3005G163932	19	886
SORBI_3005G164000	19	887
SORBI_3005G164100	19	888
SORBI_3005G164200	19	889
SORBI_3005G164300	19	890
SORBI_3005G164400	19	891
SORBI_3005G164500	19	892
SORBI_3005G164700	19	893
SORBI_3005G164800	19	894
SORBI_3005G164900	19	895
SORBI_3005G164966	19	896
SORBI_3005G165032	19	897
SORBI_3005G165100	19	898
SORBI_3005G165201	19	899
SORBI_3005G165300	19	900
SORBI_3005G165400	19	901
SORBI_3005G165500	19	902
SORBI_3005G165566	19	903
SORBI_3005G165632	19	904
SORBI_3005G165700	19	905
SORBI_3005G165800	19	906
SORBI_3005G165850	19	907
SORBI_3005G165900	19	908
SORBI_3005G165950	19	909
SORBI_3005G166000	19	910
SORBI_3005G166100	19	911
SORBI_3005G166200	19	912
SORBI_3005G166300	19	913
SORBI_3005G166366	19	914
SORBI_3005G166432	19	915
SORBI_3005G166500	19	916
SORBI_3005G166700	19	917
SORBI_3005G166800	19	918
SORBI_3005G166900	19	919
SORBI_3005G167000	19	920
SORBI_3005G167100	19	921
SORBI_3005G167200	19	922
SORBI_3005G167300	19	923
SORBI_3005G167400	19	924
SORBI_3005G167450	19	925
SORBI_3005G167500	19	926
SORBI_3005G167600	19	927
SORBI_3005G167650	19	928
SORBI_3005G167700	19	929
SORBI_3005G167800	19	930
SORBI_3005G168000	19	931
SORBI_3005G168100	19	932
SORBI_3005G168200	19	933
SORBI_3005G168300	19	934
SORBI_3005G168400	19	935
SORBI_3005G168500	19	936
SORBI_3005G168600	19	937
SORBI_3005G168700	19	938
SORBI_3005G168800	19	939
SORBI_3005G168900	19	940
SORBI_3005G169000	19	941
SORBI_3005G169100	19	942
SORBI_3005G169200	19	943
SORBI_3005G169300	19	944
SORBI_3005G169400	19	945
SORBI_3005G169500	19	946
SORBI_3005G169600	19	947
SORBI_3005G169700	19	948
SORBI_3005G169800	19	949
SORBI_3005G169900	19	950
SORBI_3005G170000	19	951
SORBI_3005G170100	19	952
SORBI_3005G170150	19	953
SORBI_3005G170200	19	954
SORBI_3005G170300	19	955
SORBI_3005G170400	19	956
SORBI_3005G170500	19	957
SORBI_3005G170600	19	958
SORBI_3005G170700	19	959
SORBI_3005G170800	19	960
SORBI_3005G170900	19	961
SORBI_3005G171001	19	962
SORBI_3005G171100	19	963
SORBI_3005G171200	19	964
SORBI_3005G171300	19	965
SORBI_3005G171400	19	966
SORBI_3005G171500	19	967
SORBI_3005G171600	19	968
SORBI_3005G171700	19	969
SORBI_3005G171800	19	970
SORBI_3005G171900	19	971
SORBI_3005G172000	19	972
SORBI_3005G172100	19	973
SORBI_3005G172200	19	974
SORBI_3005G172300	19	975
SORBI_3005G172400	19	976
SORBI_3005G172500	19	977
SORBI_3005G172700	19	978
SORBI_3005G172800	19	979
SORBI_3005G172900	19	980
SORBI_3005G173100	19	981
SORBI_3005G173200	19	982
SORBI_3005G173366	19	983
SORBI_3005G173532	19	984
SORBI_3005G173700	19	985
SORBI_3005G173800	19	986
SORBI_3005G173900	19	987
SORBI_3005G174000	19	988
SORBI_3005G174100	19	989
SORBI_3005G174200	19	990
SORBI_3005G174400	19	991
SORBI_3005G174500	19	992
SORBI_3005G174600	19	993
SORBI_3005G174700	19	994
SORBI_3005G174750	19	995
SORBI_3005G174800	19	996
SORBI_3005G174900	19	997
SORBI_3005G175000	19	998
SORBI_3005G175100	19	999
SORBI_3005G175150	19	1000
SORBI_3005G175200	19	1001
SORBI_3005G175300	19	1002
SORBI_3005G175400	19	1003
SORBI_3005G175500	19	1004
SORBI_3005G175600	19	1005
SORBI_3005G175700	19	1006
SORBI_3005G175800	19	1007
SORBI_3005G175900	19	1008
SORBI_3005G176000	19	1009
SORBI_3005G176100	19	1010
SORBI_3005G176300	19	1011
SORBI_3005G176500	19	1012
SORBI_3005G176600	19	1013
SORBI_3005G176700	19	1014
SORBI_3005G176800	19	1015
SORBI_3005G176875	19	1016
SORBI_3005G176950	19	1017
SORBI_3005G177025	19	1018
SORBI_3005G177100	19	1019
SORBI_3005G177200	19	1020
SORBI_3005G177400	19	1021
SORBI_3005G177500	19	1022
SORBI_3005G177600	19	1023
SORBI_3005G177700	20	0
SORBI_3005G177800	20	1
SORBI_3005G177900	20	2
SORBI_3005G178100	20	3
SORBI_3005G178200	20	4
SORBI_3005G178300	20	5
SORBI_3005G178400	20	6
SORBI_3005G178550	20	7
SORBI_3005G178700	20	8
SORBI_3005G178800	20	9
SORBI_3005G178950	20	10
SORBI_3005G179100	20	11
SORBI_3005G179200	20	12
SORBI_3005G179300	20	13
SORBI_3005G179400	20	14
SORBI_3005G179500	20	15
SORBI_3005G179600	20	16
SORBI_3005G179700	20	17
SORBI_3005G179800	20	18
SORBI_3005G179900	20	19
SORBI_3005G180000	20	20
SORBI_3005G180100	20	21
SORBI_3005G180150	20	22
SORBI_3005G180200	20	23
SORBI_3005G180300	20	24
SORBI_3005G180400	20	25
SORBI_3005G180500	20	26
SORBI_3005G180600	20	27
SORBI_3005G180700	20	28
SORBI_3005G180800	20	29
SORBI_3005G180850	20	30
SORBI_3005G180900	20	31
SORBI_3005G181000	20	32
SORBI_3005G181100	20	33
SORBI_3005G181200	20	34
SORBI_3005G181300	20	35
SORBI_3005G181400	20	36
SORBI_3005G181500	20	37
SORBI_3005G181600	20	38
SORBI_3005G181700	20	39
SORBI_3005G181800	20	40
SORBI_3005G181900	20	41
SORBI_3005G182000	20	42
SORBI_3005G182100	20	43
SORBI_3005G182200	20	44
SORBI_3005G182300	20	45
SORBI_3005G182400	20	46
SORBI_3005G182500	20	47
SORBI_3005G182600	20	48
SORBI_3005G182701	20	49
SORBI_3005G182800	20	50
SORBI_3005G182900	20	51
SORBI_3005G183000	20	52
SORBI_3005G183100	20	53
SORBI_3005G183200	20	54
SORBI_3005G183300	20	55
SORBI_3005G183400	20	56
SORBI_3005G183450	20	57
SORBI_3005G183500	20	58
SORBI_3005G183600	20	59
SORBI_3005G183700	20	60
SORBI_3005G183900	20	61
SORBI_3005G184000	20	62
SORBI_3005G184050	20	63
SORBI_3005G184100	20	64
SORBI_3005G184200	20	65
SORBI_3005G184300	20	66
SORBI_3005G184400	20	67
SORBI_3005G184500	20	68
SORBI_3005G184600	20	69
SORBI_3005G184700	20	70
SORBI_3005G184800	20	71
SORBI_3005G184900	20	72
SORBI_3005G185000	20	73
SORBI_3005G185100	20	74
SORBI_3005G185150	20	75
SORBI_3005G185200	20	76
SORBI_3005G185300	20	77
SORBI_3005G185400	20	78
SORBI_3005G185500	20	79
SORBI_3005G185600	20	80
SORBI_3005G185750	20	81
SORBI_3005G185900	20	82
SORBI_3005G186000	20	83
SORBI_3005G186100	20	84
SORBI_3005G186200	20	85
SORBI_3005G186250	20	86
SORBI_3005G186300	20	87
SORBI_3005G186400	20	88
SORBI_3005G186500	20	89
SORBI_3005G186600	20	90
SORBI_3005G186700	20	91
SORBI_3005G186800	20	92
SORBI_3005G187000	20	93
SORBI_3005G187100	20	94
SORBI_3005G187200	20	95
SORBI_3005G187250	20	96
SORBI_3005G187300	20	97
SORBI_3005G187400	20	98
SORBI_3005G187500	20	99
SORBI_3005G187600	20	100
SORBI_3005G187700	20	101
SORBI_3005G187800	20	102
SORBI_3005G187900	20	103
SORBI_3005G188000	20	104
SORBI_3005G188100	20	105
SORBI_3005G188200	20	106
SORBI_3005G188300	20	107
SORBI_3005G188400	20	108
SORBI_3005G188500	20	109
SORBI_3005G188600	20	110
SORBI_3005G188800	20	111
SORBI_3005G188900	20	112
SORBI_3005G189000	20	113
SORBI_3005G189100	20	114
SORBI_3005G189300	20	115
SORBI_3005G189400	20	116
SORBI_3005G189500	20	117
SORBI_3005G189600	20	118
SORBI_3005G189700	20	119
SORBI_3005G189800	20	120
SORBI_3005G189900	20	121
SORBI_3005G190000	20	122
SORBI_3005G190100	20	123
SORBI_3005G190200	20	124
SORBI_3005G190300	20	125
SORBI_3005G190400	20	126
SORBI_3005G190500	20	127
SORBI_3005G190600	20	128
SORBI_3005G190700	20	129
SORBI_3005G190800	20	130
SORBI_3005G190900	20	131
SORBI_3005G191000	20	132
SORBI_3005G191101	20	133
SORBI_3005G191200	20	134
SORBI_3005G191300	20	135
SORBI_3005G191350	20	136
SORBI_3005G191400	20	137
SORBI_3005G191500	20	138
SORBI_3005G191600	20	139
SORBI_3005G191700	20	140
SORBI_3005G191900	20	141
SORBI_3005G192000	20	142
SORBI_3005G192100	20	143
SORBI_3005G192200	20	144
SORBI_3005G192300	20	145
SORBI_3005G192350	20	146
SORBI_3005G192400	20	147
SORBI_3005G192500	20	148
SORBI_3005G192600	20	149
SORBI_3005G192700	20	150
SORBI_3005G192801	20	151
SORBI_3005G192900	20	152
SORBI_3005G192901	20	153
SORBI_3005G193000	20	154
SORBI_3005G193100	20	155
SORBI_3005G193140	20	156
SORBI_3005G193180	20	157
SORBI_3005G193220	20	158
SORBI_3005G193260	20	159
SORBI_3005G193300	20	160
SORBI_3005G193400	20	161
SORBI_3005G193500	20	162
SORBI_3005G193600	20	163
SORBI_3005G193700	20	164
SORBI_3005G193800	20	165
SORBI_3005G193900	20	166
SORBI_3005G194000	20	167
SORBI_3005G194100	20	168
SORBI_3005G194200	20	169
SORBI_3005G194300	20	170
SORBI_3005G194400	20	171
SORBI_3005G194500	20	172
SORBI_3005G194700	20	173
SORBI_3005G194800	20	174
SORBI_3005G194900	20	175
SORBI_3005G195000	20	176
SORBI_3005G195100	20	177
SORBI_3005G195200	20	178
SORBI_3005G195301	20	179
SORBI_3005G195400	20	180
SORBI_3005G195600	20	181
SORBI_3005G195700	20	182
SORBI_3005G195750	20	183
SORBI_3005G195800	20	184
SORBI_3005G195900	20	185
SORBI_3005G196000	20	186
SORBI_3005G196100	20	187
SORBI_3005G196200	20	188
SORBI_3005G196300	20	189
SORBI_3005G196400	20	190
SORBI_3005G196450	20	191
SORBI_3005G196500	20	192
SORBI_3005G196533	20	193
SORBI_3005G196566	20	194
SORBI_3005G196600	20	195
SORBI_3005G196700	20	196
SORBI_3005G196800	20	197
SORBI_3005G196900	20	198
SORBI_3005G196950	20	199
SORBI_3005G197000	20	200
SORBI_3005G197100	20	201
SORBI_3005G197200	20	202
SORBI_3005G197300	20	203
SORBI_3005G197350	20	204
SORBI_3005G197400	20	205
SORBI_3005G197500	20	206
SORBI_3005G197600	20	207
SORBI_3005G197700	20	208
SORBI_3005G197800	20	209
SORBI_3005G197900	20	210
SORBI_3005G198000	20	211
SORBI_3005G198100	20	212
SORBI_3005G198150	20	213
SORBI_3005G198200	20	214
SORBI_3005G198300	20	215
SORBI_3005G198400	20	216
SORBI_3005G198500	20	217
SORBI_3005G198600	20	218
SORBI_3005G198700	20	219
SORBI_3005G198800	20	220
SORBI_3005G198901	20	221
SORBI_3005G199000	20	222
SORBI_3005G199050	20	223
SORBI_3005G199101	20	224
SORBI_3005G199151	20	225
SORBI_3005G199200	20	226
SORBI_3005G199300	20	227
SORBI_3005G199400	20	228
SORBI_3005G199500	20	229
SORBI_3005G199700	20	230
SORBI_3005G199800	20	231
SORBI_3005G200100	20	232
SORBI_3005G200200	20	233
SORBI_3005G200300	20	234
SORBI_3005G200400	20	235
SORBI_3005G200600	20	236
SORBI_3005G200700	20	237
SORBI_3005G200800	20	238
SORBI_3005G200900	20	239
SORBI_3005G201000	20	240
SORBI_3005G201100	20	241
SORBI_3005G201200	20	242
SORBI_3005G201400	20	243
SORBI_3005G201501	20	244
SORBI_3005G201600	20	245
SORBI_3005G201700	20	246
SORBI_3005G201800	20	247
SORBI_3005G201900	20	248
SORBI_3005G202000	20	249
SORBI_3005G202101	20	250
SORBI_3005G202200	20	251
SORBI_3005G202300	20	252
SORBI_3005G202400	20	253
SORBI_3005G202500	20	254
SORBI_3005G202600	20	255
SORBI_3005G202700	20	256
SORBI_3005G202800	20	257
SORBI_3005G202901	20	258
SORBI_3005G203000	20	259
SORBI_3005G203100	20	260
SORBI_3005G203150	20	261
SORBI_3005G203200	20	262
SORBI_3005G203300	20	263
SORBI_3005G203400	20	264
SORBI_3005G203500	20	265
SORBI_3005G203600	20	266
SORBI_3005G203700	20	267
SORBI_3005G203750	20	268
SORBI_3005G203800	20	269
SORBI_3005G203900	20	270
SORBI_3005G204000	20	271
SORBI_3005G204100	20	272
SORBI_3005G204200	20	273
SORBI_3005G204300	20	274
SORBI_3005G204400	20	275
SORBI_3005G204500	20	276
SORBI_3005G204600	20	277
SORBI_3005G204700	20	278
SORBI_3005G204800	20	279
SORBI_3005G204900	20	280
SORBI_3005G205000	20	281
SORBI_3005G205100	20	282
SORBI_3005G205150	20	283
SORBI_3005G205200	20	284
SORBI_3005G205300	20	285
SORBI_3005G205400	20	286
SORBI_3005G205550	20	287
SORBI_3005G205700	20	288
SORBI_3005G205800	20	289
SORBI_3005G206000	20	290
SORBI_3005G206100	20	291
SORBI_3005G206300	20	292
SORBI_3005G206400	20	293
SORBI_3005G206500	20	294
SORBI_3005G206601	20	295
SORBI_3005G206700	20	296
SORBI_3005G206800	20	297
SORBI_3005G206900	20	298
SORBI_3005G207000	20	299
SORBI_3005G207100	20	300
SORBI_3005G207200	20	301
SORBI_3005G207300	20	302
SORBI_3005G207400	20	303
SORBI_3005G207500	20	304
SORBI_3005G207550	20	305
SORBI_3005G207600	20	306
SORBI_3005G207700	20	307
SORBI_3005G207800	20	308
SORBI_3005G207900	20	309
SORBI_3005G208000	20	310
SORBI_3005G208100	20	311
SORBI_3005G208200	20	312
SORBI_3005G208275	20	313
SORBI_3005G208350	20	314
SORBI_3005G208425	20	315
SORBI_3005G208500	20	316
SORBI_3005G208600	20	317
SORBI_3005G208700	20	318
SORBI_3005G208801	20	319
SORBI_3005G208900	20	320
SORBI_3005G208950	20	321
SORBI_3005G209000	20	322
SORBI_3005G209100	20	323
SORBI_3005G209200	20	324
SORBI_3005G209300	20	325
SORBI_3005G209400	20	326
SORBI_3005G209500	20	327
SORBI_3005G209600	20	328
SORBI_3005G209800	20	329
SORBI_3005G209900	20	330
SORBI_3005G210000	20	331
SORBI_3005G210100	20	332
SORBI_3005G210200	20	333
SORBI_3005G210300	20	334
SORBI_3005G210350	20	335
SORBI_3005G210400	20	336
SORBI_3005G210500	20	337
SORBI_3005G210600	20	338
SORBI_3005G210700	20	339
SORBI_3005G210850	20	340
SORBI_3005G211000	20	341
SORBI_3005G211200	20	342
SORBI_3005G211301	20	343
SORBI_3005G211400	20	344
SORBI_3005G211500	20	345
SORBI_3005G211600	20	346
SORBI_3005G211700	20	347
SORBI_3005G211750	20	348
SORBI_3005G211801	20	349
SORBI_3005G211851	20	350
SORBI_3005G211900	20	351
SORBI_3005G212000	20	352
SORBI_3005G212100	20	353
SORBI_3005G212201	20	354
SORBI_3005G212300	20	355
SORBI_3005G212400	20	356
SORBI_3005G212500	20	357
SORBI_3005G212600	20	358
SORBI_3005G212700	20	359
SORBI_3005G212800	20	360
SORBI_3005G212900	20	361
SORBI_3005G213000	20	362
SORBI_3005G213100	20	363
SORBI_3005G213200	20	364
SORBI_3005G213300	20	365
SORBI_3005G213400	20	366
SORBI_3005G213500	20	367
SORBI_3005G213600	20	368
SORBI_3005G213700	20	369
SORBI_3005G213766	20	370
SORBI_3005G213832	20	371
SORBI_3005G213900	20	372
SORBI_3005G213950	20	373
SORBI_3005G214000	20	374
SORBI_3005G214150	20	375
SORBI_3005G214300	20	376
SORBI_3005G214400	20	377
SORBI_3005G214600	20	378
SORBI_3005G214700	20	379
SORBI_3005G214800	20	380
SORBI_3005G214900	20	381
SORBI_3005G215000	20	382
SORBI_3005G215100	20	383
SORBI_3005G215200	20	384
SORBI_3005G215300	20	385
SORBI_3005G215400	20	386
SORBI_3005G215500	20	387
SORBI_3005G215601	20	388
SORBI_3005G215700	20	389
SORBI_3005G215766	20	390
SORBI_3005G215832	20	391
SORBI_3005G215900	20	392
SORBI_3005G216000	20	393
SORBI_3005G216100	20	394
SORBI_3005G216200	20	395
SORBI_3005G216300	20	396
SORBI_3005G216400	20	397
SORBI_3005G216500	20	398
SORBI_3005G216600	20	399
SORBI_3005G216700	20	400
SORBI_3005G216800	20	401
SORBI_3005G216833	20	402
SORBI_3005G216866	20	403
SORBI_3005G216900	20	404
SORBI_3005G217000	20	405
SORBI_3005G217101	20	406
SORBI_3005G217200	20	407
SORBI_3005G217300	20	408
SORBI_3005G217400	20	409
SORBI_3005G217500	20	410
SORBI_3005G217600	20	411
SORBI_3005G217700	20	412
SORBI_3005G217766	20	413
SORBI_3005G217832	20	414
SORBI_3005G217900	20	415
SORBI_3005G218000	20	416
SORBI_3005G218100	20	417
SORBI_3005G218201	20	418
SORBI_3005G218300	20	419
SORBI_3005G218400	20	420
SORBI_3005G218500	20	421
SORBI_3005G218600	20	422
SORBI_3005G218700	20	423
SORBI_3005G218800	20	424
SORBI_3005G219000	20	425
SORBI_3005G219100	20	426
SORBI_3005G219300	20	427
SORBI_3005G219500	20	428
SORBI_3005G219600	20	429
SORBI_3005G219700	20	430
SORBI_3005G219800	20	431
SORBI_3005G219900	20	432
SORBI_3005G220000	20	433
SORBI_3005G220101	20	434
SORBI_3005G220200	20	435
SORBI_3005G220250	20	436
SORBI_3005G220300	20	437
SORBI_3005G220400	20	438
SORBI_3005G220500	20	439
SORBI_3005G220560	20	440
SORBI_3005G220620	20	441
SORBI_3005G220680	20	442
SORBI_3005G220740	20	443
SORBI_3005G220800	20	444
SORBI_3005G220900	20	445
SORBI_3005G221000	20	446
SORBI_3005G221100	20	447
SORBI_3005G221200	20	448
SORBI_3005G221250	20	449
SORBI_3005G221300	20	450
SORBI_3005G221425	20	451
SORBI_3005G221550	20	452
SORBI_3005G221675	20	453
SORBI_3005G221800	20	454
SORBI_3005G221900	20	455
SORBI_3005G222000	20	456
SORBI_3005G222100	20	457
SORBI_3005G222200	20	458
SORBI_3005G222300	20	459
SORBI_3005G222400	20	460
SORBI_3005G222500	20	461
SORBI_3005G222600	20	462
SORBI_3005G222650	20	463
SORBI_3005G222700	20	464
SORBI_3005G222800	20	465
SORBI_3005G222900	20	466
SORBI_3005G223000	20	467
SORBI_3005G223200	20	468
SORBI_3005G223300	20	469
SORBI_3005G223450	20	470
SORBI_3005G223600	20	471
SORBI_3005G223700	20	472
SORBI_3005G223775	20	473
SORBI_3005G223850	20	474
SORBI_3005G223925	20	475
SORBI_3005G224000	20	476
SORBI_3005G224200	20	477
SORBI_3005G224300	20	478
SORBI_3005G224400	20	479
SORBI_3005G224500	20	480
SORBI_3005G224601	20	481
SORBI_3005G224700	20	482
SORBI_3005G224800	20	483
SORBI_3005G224900	20	484
SORBI_3005G225000	20	485
SORBI_3005G225100	20	486
SORBI_3005G225200	20	487
SORBI_3005G225300	20	488
SORBI_3005G225400	20	489
SORBI_3005G225500	20	490
SORBI_3005G225700	20	491
SORBI_3005G225800	20	492
SORBI_3005G225901	20	493
SORBI_3005G226000	20	494
SORBI_3005G226100	20	495
SORBI_3005G226150	20	496
SORBI_3005G226200	20	497
SORBI_3005G226300	20	498
SORBI_3005G226350	20	499
SORBI_3005G226400	20	500
SORBI_3005G226450	20	501
SORBI_3005G226500	20	502
SORBI_3005G226600	20	503
SORBI_3005G226700	20	504
SORBI_3005G226800	20	505
SORBI_3005G226900	20	506
SORBI_3005G227000	20	507
SORBI_3005G227050	20	508
SORBI_3005G227101	20	509
SORBI_3005G227151	20	510
SORBI_3005G227200	20	511
SORBI_3005G227300	20	512
SORBI_3005G227400	20	513
SORBI_3005G227500	20	514
SORBI_3005G227600	20	515
SORBI_3005G227700	20	516
SORBI_3005G227800	20	517
SORBI_3005G227900	20	518
SORBI_3005G228000	20	519
SORBI_3005G228100	20	520
SORBI_3005G228250	20	521
SORBI_3005G228400	20	522
SORBI_3005G228501	20	523
SORBI_3005G228600	20	524
SORBI_3005G228650	20	525
SORBI_3005G228700	20	526
SORBI_3005G228900	20	527
SORBI_3005G229000	20	528
SORBI_3005G229100	20	529
SORBI_3005G229166	20	530
SORBI_3005G229232	20	531
SORBI_3005G229300	20	532
SORBI_3005G229400	20	533
SORBI_3005G229500	20	534
SORBI_3005G229600	20	535
SORBI_3005G229700	20	536
SORBI_3005G229800	20	537
SORBI_3005G229900	20	538
SORBI_3005G230000	20	539
SORBI_3005G230100	20	540
SORBI_3005G230200	20	541
SORBI_3005G230300	20	542
SORBI_3005G230400	20	543
SORBI_3005G230500	20	544
SORBI_3005G230600	20	545
SORBI_3005G230700	20	546
SORBI_3005G230800	20	547
SORBI_3005G230900	20	548
SORBI_3005G231000	20	549
SORBI_3005G231100	20	550
SORBI_3005G231201	20	551
SORBI_3005G231300	20	552
SORBI_3005G231400	20	553
SORBI_3005G231500	20	554
SORBI_3005G231600	20	555
SORBI_3005G231700	20	556
SORBI_3005G231800	20	557
SORBI_3005G231900	20	558
SORBI_3005G232000	20	559
SORBI_3005G232100	20	560
SORBI_3005G232200	20	561
SORBI_3006G000100	20	562
SORBI_3006G000200	20	563
SORBI_3006G000300	20	564
SORBI_3006G000400	20	565
SORBI_3006G000600	20	566
SORBI_3006G000700	20	567
SORBI_3006G000800	20	568
SORBI_3006G000900	20	569
SORBI_3006G001000	20	570
SORBI_3006G001100	20	571
SORBI_3006G001200	20	572
SORBI_3006G001400	20	573
SORBI_3006G001600	20	574
SORBI_3006G001650	20	575
SORBI_3006G001700	20	576
SORBI_3006G001800	20	577
SORBI_3006G001900	20	578
SORBI_3006G002000	20	579
SORBI_3006G002100	20	580
SORBI_3006G002201	20	581
SORBI_3006G002300	20	582
SORBI_3006G002400	20	583
SORBI_3006G002500	20	584
SORBI_3006G002600	20	585
SORBI_3006G002700	20	586
SORBI_3006G002800	20	587
SORBI_3006G002900	20	588
SORBI_3006G003000	20	589
SORBI_3006G003100	20	590
SORBI_3006G003200	20	591
SORBI_3006G003300	20	592
SORBI_3006G003350	20	593
SORBI_3006G003400	20	594
SORBI_3006G003500	20	595
SORBI_3006G003501	20	596
SORBI_3006G003600	20	597
SORBI_3006G003601	20	598
SORBI_3006G003700	20	599
SORBI_3006G003800	20	600
SORBI_3006G003850	20	601
SORBI_3006G003901	20	602
SORBI_3006G003951	20	603
SORBI_3006G004000	20	604
SORBI_3006G004100	20	605
SORBI_3006G004200	20	606
SORBI_3006G004300	20	607
SORBI_3006G004400	20	608
SORBI_3006G004500	20	609
SORBI_3006G004600	20	610
SORBI_3006G004700	20	611
SORBI_3006G004800	20	612
SORBI_3006G004900	20	613
SORBI_3006G005000	20	614
SORBI_3006G005200	20	615
SORBI_3006G005300	20	616
SORBI_3006G005400	20	617
SORBI_3006G005500	20	618
SORBI_3006G005550	20	619
SORBI_3006G005600	20	620
SORBI_3006G005700	20	621
SORBI_3006G005800	20	622
SORBI_3006G005900	20	623
SORBI_3006G005950	20	624
SORBI_3006G006000	20	625
SORBI_3006G006100	20	626
SORBI_3006G006200	20	627
SORBI_3006G006300	20	628
SORBI_3006G006400	20	629
SORBI_3006G006450	20	630
SORBI_3006G006500	20	631
SORBI_3006G006600	20	632
SORBI_3006G006650	20	633
SORBI_3006G006700	20	634
SORBI_3006G006800	20	635
SORBI_3006G006900	20	636
SORBI_3006G007001	20	637
SORBI_3006G007100	20	638
SORBI_3006G007300	20	639
SORBI_3006G007450	20	640
SORBI_3006G007600	20	641
SORBI_3006G007650	20	642
SORBI_3006G007700	20	643
SORBI_3006G007800	20	644
SORBI_3006G007850	20	645
SORBI_3006G007900	20	646
SORBI_3006G008000	20	647
SORBI_3006G008100	20	648
SORBI_3006G008200	20	649
SORBI_3006G008300	20	650
SORBI_3006G008400	20	651
SORBI_3006G008500	20	652
SORBI_3006G008600	20	653
SORBI_3006G008650	20	654
SORBI_3006G008700	20	655
SORBI_3006G008800	20	656
SORBI_3006G008900	20	657
SORBI_3006G009000	20	658
SORBI_3006G009100	20	659
SORBI_3006G009200	20	660
SORBI_3006G009300	20	661
SORBI_3006G009400	20	662
SORBI_3006G009500	20	663
SORBI_3006G009600	20	664
SORBI_3006G009700	20	665
SORBI_3006G009800	20	666
SORBI_3006G009900	20	667
SORBI_3006G010000	20	668
SORBI_3006G010100	20	669
SORBI_3006G010200	20	670
SORBI_3006G010301	20	671
SORBI_3006G010400	20	672
SORBI_3006G010500	20	673
SORBI_3006G010600	20	674
SORBI_3006G010700	20	675
SORBI_3006G010800	20	676
SORBI_3006G010900	20	677
SORBI_3006G011000	20	678
SORBI_3006G011100	20	679
SORBI_3006G011200	20	680
SORBI_3006G011300	20	681
SORBI_3006G011350	20	682
SORBI_3006G011400	20	683
SORBI_3006G011450	20	684
SORBI_3006G011500	20	685
SORBI_3006G011601	20	686
SORBI_3006G011700	20	687
SORBI_3006G011800	20	688
SORBI_3006G011900	20	689
SORBI_3006G012000	20	690
SORBI_3006G012100	20	691
SORBI_3006G012200	20	692
SORBI_3006G012300	20	693
SORBI_3006G012400	20	694
SORBI_3006G012500	20	695
SORBI_3006G012700	20	696
SORBI_3006G012800	20	697
SORBI_3006G012900	20	698
SORBI_3006G013000	20	699
SORBI_3006G013100	20	700
SORBI_3006G013200	20	701
SORBI_3006G013300	20	702
SORBI_3006G013500	20	703
SORBI_3006G013600	20	704
SORBI_3006G013700	20	705
SORBI_3006G013800	20	706
SORBI_3006G013900	20	707
SORBI_3006G014000	20	708
SORBI_3006G014100	20	709
SORBI_3006G014200	20	710
SORBI_3006G014300	20	711
SORBI_3006G014400	20	712
SORBI_3006G014500	20	713
SORBI_3006G014566	20	714
SORBI_3006G014632	20	715
SORBI_3006G014700	20	716
SORBI_3006G014800	20	717
SORBI_3006G014900	20	718
SORBI_3006G015000	20	719
SORBI_3006G015100	20	720
SORBI_3006G015200	20	721
SORBI_3006G015250	20	722
SORBI_3006G015300	20	723
SORBI_3006G015400	20	724
SORBI_3006G015500	20	725
SORBI_3006G015600	20	726
SORBI_3006G015700	20	727
SORBI_3006G015750	20	728
SORBI_3006G015800	20	729
SORBI_3006G015900	20	730
SORBI_3006G016000	20	731
SORBI_3006G016200	20	732
SORBI_3006G016350	20	733
SORBI_3006G016500	20	734
SORBI_3006G016600	20	735
SORBI_3006G016700	20	736
SORBI_3006G016800	20	737
SORBI_3006G016900	20	738
SORBI_3006G016950	20	739
SORBI_3006G017000	20	740
SORBI_3006G017100	20	741
SORBI_3006G017200	20	742
SORBI_3006G017266	20	743
SORBI_3006G017332	20	744
SORBI_3006G017400	20	745
SORBI_3006G017500	20	746
SORBI_3006G017600	20	747
SORBI_3006G017700	20	748
SORBI_3006G017800	20	749
SORBI_3006G017900	20	750
SORBI_3006G018000	20	751
SORBI_3006G018100	20	752
SORBI_3006G018200	20	753
SORBI_3006G018300	20	754
SORBI_3006G018400	20	755
SORBI_3006G018500	20	756
SORBI_3006G018600	20	757
SORBI_3006G018650	20	758
SORBI_3006G018701	20	759
SORBI_3006G018751	20	760
SORBI_3006G018800	20	761
SORBI_3006G018900	20	762
SORBI_3006G019000	20	763
SORBI_3006G019100	20	764
SORBI_3006G019200	20	765
SORBI_3006G019300	20	766
SORBI_3006G019400	20	767
SORBI_3006G019600	20	768
SORBI_3006G019700	20	769
SORBI_3006G019801	20	770
SORBI_3006G019901	20	771
SORBI_3006G020000	20	772
SORBI_3006G020200	20	773
SORBI_3006G020300	20	774
SORBI_3006G020350	20	775
SORBI_3006G020400	20	776
SORBI_3006G020500	20	777
SORBI_3006G020600	20	778
SORBI_3006G020700	20	779
SORBI_3006G020900	20	780
SORBI_3006G021000	20	781
SORBI_3006G021100	20	782
SORBI_3006G021200	20	783
SORBI_3006G021250	20	784
SORBI_3006G021300	20	785
SORBI_3006G021400	20	786
SORBI_3006G021500	20	787
SORBI_3006G021600	20	788
SORBI_3006G021700	20	789
SORBI_3006G021800	20	790
SORBI_3006G021900	20	791
SORBI_3006G022000	20	792
SORBI_3006G022200	20	793
SORBI_3006G022301	20	794
SORBI_3006G022400	20	795
SORBI_3006G022500	20	796
SORBI_3006G022700	20	797
SORBI_3006G022800	20	798
SORBI_3006G022900	20	799
SORBI_3006G023000	20	800
SORBI_3006G023100	20	801
SORBI_3006G023200	20	802
SORBI_3006G023300	20	803
SORBI_3006G023400	20	804
SORBI_3006G023900	20	805
SORBI_3006G024000	20	806
SORBI_3006G024101	20	807
SORBI_3006G024200	20	808
SORBI_3006G024400	20	809
SORBI_3006G024450	20	810
SORBI_3006G024500	20	811
SORBI_3006G024600	20	812
SORBI_3006G024700	20	813
SORBI_3006G024800	20	814
SORBI_3006G025000	20	815
SORBI_3006G025066	20	816
SORBI_3006G025132	20	817
SORBI_3006G025200	20	818
SORBI_3006G025300	20	819
SORBI_3006G025350	20	820
SORBI_3006G025400	20	821
SORBI_3006G025500	20	822
SORBI_3006G025550	20	823
SORBI_3006G025600	20	824
SORBI_3006G025700	20	825
SORBI_3006G025800	20	826
SORBI_3006G025900	20	827
SORBI_3006G026000	20	828
SORBI_3006G026100	20	829
SORBI_3006G026200	20	830
SORBI_3006G026250	20	831
SORBI_3006G026300	20	832
SORBI_3006G026400	20	833
SORBI_3006G026500	20	834
SORBI_3006G026600	20	835
SORBI_3006G026700	20	836
SORBI_3006G026800	20	837
SORBI_3006G026900	20	838
SORBI_3006G027000	20	839
SORBI_3006G027101	20	840
SORBI_3006G027200	20	841
SORBI_3006G027300	20	842
SORBI_3006G027500	20	843
SORBI_3006G027601	20	844
SORBI_3006G027700	20	845
SORBI_3006G027800	20	846
SORBI_3006G027900	20	847
SORBI_3006G028000	20	848
SORBI_3006G028100	20	849
SORBI_3006G028200	20	850
SORBI_3006G028250	20	851
SORBI_3006G028300	20	852
SORBI_3006G028400	20	853
SORBI_3006G028500	20	854
SORBI_3006G028550	20	855
SORBI_3006G028600	20	856
SORBI_3006G028700	20	857
SORBI_3006G028800	20	858
SORBI_3006G028900	20	859
SORBI_3006G029000	20	860
SORBI_3006G029100	20	861
SORBI_3006G029200	20	862
SORBI_3006G029250	20	863
SORBI_3006G029300	20	864
SORBI_3006G029400	20	865
SORBI_3006G029550	20	866
SORBI_3006G029700	20	867
SORBI_3006G029800	20	868
SORBI_3006G029850	20	869
SORBI_3006G029900	20	870
SORBI_3006G030001	20	871
SORBI_3006G030100	20	872
SORBI_3006G030200	20	873
SORBI_3006G030250	20	874
SORBI_3006G030300	20	875
SORBI_3006G030400	20	876
SORBI_3006G030500	20	877
SORBI_3006G030600	20	878
SORBI_3006G030700	20	879
SORBI_3006G030800	20	880
SORBI_3006G031000	20	881
SORBI_3006G031100	20	882
SORBI_3006G031200	20	883
SORBI_3006G031300	20	884
SORBI_3006G031400	20	885
SORBI_3006G031500	20	886
SORBI_3006G031600	20	887
SORBI_3006G031701	20	888
SORBI_3006G031800	20	889
SORBI_3006G031833	20	890
SORBI_3006G031866	20	891
SORBI_3006G031900	20	892
SORBI_3006G032000	20	893
SORBI_3006G032033	20	894
SORBI_3006G032066	20	895
SORBI_3006G032100	20	896
SORBI_3006G032200	20	897
SORBI_3006G032300	20	898
SORBI_3006G032400	20	899
SORBI_3006G032500	20	900
SORBI_3006G032600	20	901
SORBI_3006G032700	20	902
SORBI_3006G032800	20	903
SORBI_3006G032900	20	904
SORBI_3006G033001	20	905
SORBI_3006G033101	20	906
SORBI_3006G033200	20	907
SORBI_3006G033260	20	908
SORBI_3006G033320	20	909
SORBI_3006G033380	20	910
SORBI_3006G033440	20	911
SORBI_3006G033500	20	912
SORBI_3006G033601	20	913
SORBI_3006G033700	20	914
SORBI_3006G033800	20	915
SORBI_3006G033900	20	916
SORBI_3006G034000	20	917
SORBI_3006G034100	20	918
SORBI_3006G034200	20	919
SORBI_3006G034225	20	920
SORBI_3006G034250	20	921
SORBI_3006G034275	20	922
SORBI_3006G034300	20	923
SORBI_3006G034400	20	924
SORBI_3006G034500	20	925
SORBI_3006G034650	20	926
SORBI_3006G034800	20	927
SORBI_3006G034900	20	928
SORBI_3006G035200	20	929
SORBI_3006G035300	20	930
SORBI_3006G035350	20	931
SORBI_3006G035400	20	932
SORBI_3006G035500	20	933
SORBI_3006G035600	20	934
SORBI_3006G035700	20	935
SORBI_3006G035800	20	936
SORBI_3006G035900	20	937
SORBI_3006G035950	20	938
SORBI_3006G036000	20	939
SORBI_3006G036100	20	940
SORBI_3006G036201	20	941
SORBI_3006G036300	20	942
SORBI_3006G036400	20	943
SORBI_3006G036500	20	944
SORBI_3006G036566	20	945
SORBI_3006G036632	20	946
SORBI_3006G036700	20	947
SORBI_3006G036801	20	948
SORBI_3006G036900	20	949
SORBI_3006G037000	20	950
SORBI_3006G037050	20	951
SORBI_3006G037100	20	952
SORBI_3006G037150	20	953
SORBI_3006G037200	20	954
SORBI_3006G037300	20	955
SORBI_3006G037401	20	956
SORBI_3006G037500	20	957
SORBI_3006G037600	20	958
SORBI_3006G037650	20	959
SORBI_3006G037700	20	960
SORBI_3006G037800	20	961
SORBI_3006G037900	20	962
SORBI_3006G038000	20	963
SORBI_3006G038050	20	964
SORBI_3006G038100	20	965
SORBI_3006G038200	20	966
SORBI_3006G038300	20	967
SORBI_3006G038350	20	968
SORBI_3006G038400	20	969
SORBI_3006G038500	20	970
SORBI_3006G038600	20	971
SORBI_3006G038700	20	972
SORBI_3006G038800	20	973
SORBI_3006G038850	20	974
SORBI_3006G038901	20	975
SORBI_3006G038951	20	976
SORBI_3006G039000	20	977
SORBI_3006G039100	20	978
SORBI_3006G039300	20	979
SORBI_3006G039400	20	980
SORBI_3006G039500	20	981
SORBI_3006G039600	20	982
SORBI_3006G039700	20	983
SORBI_3006G039800	20	984
SORBI_3006G039900	20	985
SORBI_3006G040000	20	986
SORBI_3006G040101	20	987
SORBI_3006G040201	20	988
SORBI_3006G040301	20	989
SORBI_3006G040401	20	990
SORBI_3006G040500	20	991
SORBI_3006G040550	20	992
SORBI_3006G040600	20	993
SORBI_3006G040700	20	994
SORBI_3006G040800	20	995
SORBI_3006G040900	20	996
SORBI_3006G041000	20	997
SORBI_3006G041100	20	998
SORBI_3006G041200	20	999
SORBI_3006G041266	20	1000
SORBI_3006G041432	20	1001
SORBI_3006G041600	20	1002
SORBI_3006G041700	20	1003
SORBI_3006G041750	20	1004
SORBI_3006G041800	20	1005
SORBI_3006G041866	20	1006
SORBI_3006G041932	20	1007
SORBI_3006G042000	20	1008
SORBI_3006G042100	20	1009
SORBI_3006G042200	20	1010
SORBI_3006G042275	20	1011
SORBI_3006G042350	20	1012
SORBI_3006G042425	20	1013
SORBI_3006G042500	20	1014
SORBI_3006G042600	20	1015
SORBI_3006G042800	20	1016
SORBI_3006G042900	20	1017
SORBI_3006G043101	20	1018
SORBI_3006G043300	20	1019
SORBI_3006G043400	20	1020
SORBI_3006G043600	20	1021
SORBI_3006G043700	20	1022
SORBI_3006G043750	20	1023
SORBI_3006G043800	21	0
SORBI_3006G043901	21	1
SORBI_3006G044000	21	2
SORBI_3006G044100	21	3
SORBI_3006G044200	21	4
SORBI_3006G044301	21	5
SORBI_3006G044400	21	6
SORBI_3006G044466	21	7
SORBI_3006G044532	21	8
SORBI_3006G044600	21	9
SORBI_3006G044800	21	10
SORBI_3006G044866	21	11
SORBI_3006G044932	21	12
SORBI_3006G045000	21	13
SORBI_3006G045100	21	14
SORBI_3006G045200	21	15
SORBI_3006G045301	21	16
SORBI_3006G045400	21	17
SORBI_3006G045500	21	18
SORBI_3006G045601	21	19
SORBI_3006G045700	21	20
SORBI_3006G045800	21	21
SORBI_3006G045901	21	22
SORBI_3006G046000	21	23
SORBI_3006G046100	21	24
SORBI_3006G046200	21	25
SORBI_3006G046300	21	26
SORBI_3006G046400	21	27
SORBI_3006G046500	21	28
SORBI_3006G046600	21	29
SORBI_3006G046700	21	30
SORBI_3006G046900	21	31
SORBI_3006G047000	21	32
SORBI_3006G047100	21	33
SORBI_3006G047200	21	34
SORBI_3006G047300	21	35
SORBI_3006G047350	21	36
SORBI_3006G047400	21	37
SORBI_3006G047500	21	38
SORBI_3006G047700	21	39
SORBI_3006G047801	21	40
SORBI_3006G047900	21	41
SORBI_3006G048000	21	42
SORBI_3006G048100	21	43
SORBI_3006G048201	21	44
SORBI_3006G048300	21	45
SORBI_3006G048400	21	46
SORBI_3006G048500	21	47
SORBI_3006G048600	21	48
SORBI_3006G048700	21	49
SORBI_3006G048775	21	50
SORBI_3006G048850	21	51
SORBI_3006G048925	21	52
SORBI_3006G049000	21	53
SORBI_3006G049100	21	54
SORBI_3006G049200	21	55
SORBI_3006G049300	21	56
SORBI_3006G049450	21	57
SORBI_3006G049600	21	58
SORBI_3006G049633	21	59
SORBI_3006G049666	21	60
SORBI_3006G049700	21	61
SORBI_3006G049800	21	62
SORBI_3006G049900	21	63
SORBI_3006G050000	21	64
SORBI_3006G050050	21	65
SORBI_3006G050100	21	66
SORBI_3006G050201	21	67
SORBI_3006G050300	21	68
SORBI_3006G050400	21	69
SORBI_3006G050500	21	70
SORBI_3006G050550	21	71
SORBI_3006G050600	21	72
SORBI_3006G050700	21	73
SORBI_3006G050800	21	74
SORBI_3006G050900	21	75
SORBI_3006G051000	21	76
SORBI_3006G051100	21	77
SORBI_3006G051201	21	78
SORBI_3006G051300	21	79
SORBI_3006G051400	21	80
SORBI_3006G051700	21	81
SORBI_3006G051750	21	82
SORBI_3006G051800	21	83
SORBI_3006G051850	21	84
SORBI_3006G051900	21	85
SORBI_3006G052100	21	86
SORBI_3006G052150	21	87
SORBI_3006G052200	21	88
SORBI_3006G052250	21	89
SORBI_3006G052300	21	90
SORBI_3006G052400	21	91
SORBI_3006G052500	21	92
SORBI_3006G052650	21	93
SORBI_3006G052800	21	94
SORBI_3006G052900	21	95
SORBI_3006G053000	21	96
SORBI_3006G053050	21	97
SORBI_3006G053100	21	98
SORBI_3006G053200	21	99
SORBI_3006G053400	21	100
SORBI_3006G053500	21	101
SORBI_3006G053550	21	102
SORBI_3006G053601	21	103
SORBI_3006G053651	21	104
SORBI_3006G053700	21	105
SORBI_3006G053800	21	106
SORBI_3006G053900	21	107
SORBI_3006G054000	21	108
SORBI_3006G054100	21	109
SORBI_3006G054200	21	110
SORBI_3006G054233	21	111
SORBI_3006G054266	21	112
SORBI_3006G054300	21	113
SORBI_3006G054400	21	114
SORBI_3006G054500	21	115
SORBI_3006G054600	21	116
SORBI_3006G054700	21	117
SORBI_3006G054800	21	118
SORBI_3006G054900	21	119
SORBI_3006G055000	21	120
SORBI_3006G055100	21	121
SORBI_3006G055200	21	122
SORBI_3006G055300	21	123
SORBI_3006G055400	21	124
SORBI_3006G055501	21	125
SORBI_3006G055600	21	126
SORBI_3006G055700	21	127
SORBI_3006G055800	21	128
SORBI_3006G055900	21	129
SORBI_3006G056000	21	130
SORBI_3006G056100	21	131
SORBI_3006G056200	21	132
SORBI_3006G056300	21	133
SORBI_3006G056400	21	134
SORBI_3006G056600	21	135
SORBI_3006G056700	21	136
SORBI_3006G056800	21	137
SORBI_3006G056900	21	138
SORBI_3006G057000	21	139
SORBI_3006G057050	21	140
SORBI_3006G057100	21	141
SORBI_3006G057200	21	142
SORBI_3006G057300	21	143
SORBI_3006G057500	21	144
SORBI_3006G057600	21	145
SORBI_3006G057733	21	146
SORBI_3006G057866	21	147
SORBI_3006G058000	21	148
SORBI_3006G058100	21	149
SORBI_3006G058300	21	150
SORBI_3006G058400	21	151
SORBI_3006G058500	21	152
SORBI_3006G058600	21	153
SORBI_3006G058666	21	154
SORBI_3006G058732	21	155
SORBI_3006G058800	21	156
SORBI_3006G058900	21	157
SORBI_3006G059000	21	158
SORBI_3006G059100	21	159
SORBI_3006G059150	21	160
SORBI_3006G059200	21	161
SORBI_3006G059300	21	162
SORBI_3006G059400	21	163
SORBI_3006G059500	21	164
SORBI_3006G059700	21	165
SORBI_3006G059800	21	166
SORBI_3006G059900	21	167
SORBI_3006G060000	21	168
SORBI_3006G060100	21	169
SORBI_3006G060200	21	170
SORBI_3006G060400	21	171
SORBI_3006G060500	21	172
SORBI_3006G060601	21	173
SORBI_3006G060700	21	174
SORBI_3006G060800	21	175
SORBI_3006G060900	21	176
SORBI_3006G061000	21	177
SORBI_3006G061100	21	178
SORBI_3006G061201	21	179
SORBI_3006G061300	21	180
SORBI_3006G061401	21	181
SORBI_3006G061500	21	182
SORBI_3006G061600	21	183
SORBI_3006G061700	21	184
SORBI_3006G061800	21	185
SORBI_3006G061900	21	186
SORBI_3006G062000	21	187
SORBI_3006G062100	21	188
SORBI_3006G062200	21	189
SORBI_3006G062300	21	190
SORBI_3006G062400	21	191
SORBI_3006G062433	21	192
SORBI_3006G062466	21	193
SORBI_3006G062500	21	194
SORBI_3006G062600	21	195
SORBI_3006G062700	21	196
SORBI_3006G062750	21	197
SORBI_3006G062800	21	198
SORBI_3006G062900	21	199
SORBI_3006G063001	21	200
SORBI_3006G063100	21	201
SORBI_3006G063200	21	202
SORBI_3006G063300	21	203
SORBI_3006G063400	21	204
SORBI_3006G063500	21	205
SORBI_3006G063600	21	206
SORBI_3006G063700	21	207
SORBI_3006G063800	21	208
SORBI_3006G063900	21	209
SORBI_3006G064000	21	210
SORBI_3006G064100	21	211
SORBI_3006G064200	21	212
SORBI_3006G064300	21	213
SORBI_3006G064400	21	214
SORBI_3006G064450	21	215
SORBI_3006G064500	21	216
SORBI_3006G064600	21	217
SORBI_3006G064700	21	218
SORBI_3006G064800	21	219
SORBI_3006G064900	21	220
SORBI_3006G065000	21	221
SORBI_3006G065100	21	222
SORBI_3006G065200	21	223
SORBI_3006G065300	21	224
SORBI_3006G065400	21	225
SORBI_3006G065500	21	226
SORBI_3006G065600	21	227
SORBI_3006G065700	21	228
SORBI_3006G065800	21	229
SORBI_3006G065850	21	230
SORBI_3006G065900	21	231
SORBI_3006G066000	21	232
SORBI_3006G066050	21	233
SORBI_3006G066100	21	234
SORBI_3006G066150	21	235
SORBI_3006G066200	21	236
SORBI_3006G066300	21	237
SORBI_3006G066400	21	238
SORBI_3006G066500	21	239
SORBI_3006G066600	21	240
SORBI_3006G066650	21	241
SORBI_3006G066700	21	242
SORBI_3006G066800	21	243
SORBI_3006G066900	21	244
SORBI_3006G067000	21	245
SORBI_3006G067050	21	246
SORBI_3006G067100	21	247
SORBI_3006G067150	21	248
SORBI_3006G067200	21	249
SORBI_3006G067300	21	250
SORBI_3006G067400	21	251
SORBI_3006G067500	21	252
SORBI_3006G067600	21	253
SORBI_3006G067700	21	254
SORBI_3006G067800	21	255
SORBI_3006G067900	21	256
SORBI_3006G068000	21	257
SORBI_3006G068100	21	258
SORBI_3006G068200	21	259
SORBI_3006G068300	21	260
SORBI_3006G068350	21	261
SORBI_3006G068400	21	262
SORBI_3006G068500	21	263
SORBI_3006G068700	21	264
SORBI_3006G068800	21	265
SORBI_3006G068900	21	266
SORBI_3006G069000	21	267
SORBI_3006G069050	21	268
SORBI_3006G069100	21	269
SORBI_3006G069200	21	270
SORBI_3006G069300	21	271
SORBI_3006G069400	21	272
SORBI_3006G069500	21	273
SORBI_3006G069766	21	274
SORBI_3006G070032	21	275
SORBI_3006G070298	21	276
SORBI_3006G070564	21	277
SORBI_3006G070830	21	278
SORBI_3006G071096	21	279
SORBI_3006G071362	21	280
SORBI_3006G071628	21	281
SORBI_3006G071814	21	282
SORBI_3006G072000	21	283
SORBI_3006G072201	21	284
SORBI_3006G072400	21	285
SORBI_3006G072501	21	286
SORBI_3006G072601	21	287
SORBI_3006G072701	21	288
SORBI_3006G072800	21	289
SORBI_3006G072900	21	290
SORBI_3006G073001	21	291
SORBI_3006G073100	21	292
SORBI_3006G073150	21	293
SORBI_3006G073200	21	294
SORBI_3006G073300	21	295
SORBI_3006G073400	21	296
SORBI_3006G073500	21	297
SORBI_3006G073600	21	298
SORBI_3006G073700	21	299
SORBI_3006G073800	21	300
SORBI_3006G073900	21	301
SORBI_3006G074000	21	302
SORBI_3006G074100	21	303
SORBI_3006G074150	21	304
SORBI_3006G074200	21	305
SORBI_3006G074300	21	306
SORBI_3006G074400	21	307
SORBI_3006G074500	21	308
SORBI_3006G074600	21	309
SORBI_3006G074800	21	310
SORBI_3006G074900	21	311
SORBI_3006G075000	21	312
SORBI_3006G075100	21	313
SORBI_3006G075200	21	314
SORBI_3006G075300	21	315
SORBI_3006G075350	21	316
SORBI_3006G075400	21	317
SORBI_3006G075450	21	318
SORBI_3006G075500	21	319
SORBI_3006G075600	21	320
SORBI_3006G075650	21	321
SORBI_3006G075700	21	322
SORBI_3006G075801	21	323
SORBI_3006G075900	21	324
SORBI_3006G076000	21	325
SORBI_3006G076100	21	326
SORBI_3006G076201	21	327
SORBI_3006G076300	21	328
SORBI_3006G076400	21	329
SORBI_3006G076500	21	330
SORBI_3006G076601	21	331
SORBI_3006G076700	21	332
SORBI_3006G076800	21	333
SORBI_3006G076900	21	334
SORBI_3006G077000	21	335
SORBI_3006G077050	21	336
SORBI_3006G077100	21	337
SORBI_3006G077200	21	338
SORBI_3006G077300	21	339
SORBI_3006G077400	21	340
SORBI_3006G077500	21	341
SORBI_3006G077600	21	342
SORBI_3006G077700	21	343
SORBI_3006G077800	21	344
SORBI_3006G077900	21	345
SORBI_3006G078000	21	346
SORBI_3006G078100	21	347
SORBI_3006G078200	21	348
SORBI_3006G078300	21	349
SORBI_3006G078350	21	350
SORBI_3006G078400	21	351
SORBI_3006G078450	21	352
SORBI_3006G078500	21	353
SORBI_3006G078600	21	354
SORBI_3006G078800	21	355
SORBI_3006G078900	21	356
SORBI_3006G079000	21	357
SORBI_3006G079100	21	358
SORBI_3006G079300	21	359
SORBI_3006G079350	21	360
SORBI_3006G079400	21	361
SORBI_3006G079450	21	362
SORBI_3006G079500	21	363
SORBI_3006G079650	21	364
SORBI_3006G079800	21	365
SORBI_3006G079900	21	366
SORBI_3006G080000	21	367
SORBI_3006G080050	21	368
SORBI_3006G080100	21	369
SORBI_3006G080200	21	370
SORBI_3006G080300	21	371
SORBI_3006G080400	21	372
SORBI_3006G080500	21	373
SORBI_3006G080600	21	374
SORBI_3006G080700	21	375
SORBI_3006G080750	21	376
SORBI_3006G080800	21	377
SORBI_3006G080900	21	378
SORBI_3006G081000	21	379
SORBI_3006G081100	21	380
SORBI_3006G081200	21	381
SORBI_3006G081400	21	382
SORBI_3006G081500	21	383
SORBI_3006G081600	21	384
SORBI_3006G081700	21	385
SORBI_3006G081800	21	386
SORBI_3006G081900	21	387
SORBI_3006G082000	21	388
SORBI_3006G082100	21	389
SORBI_3006G082200	21	390
SORBI_3006G082250	21	391
SORBI_3006G082300	21	392
SORBI_3006G082400	21	393
SORBI_3006G082500	21	394
SORBI_3006G082600	21	395
SORBI_3006G082700	21	396
SORBI_3006G082800	21	397
SORBI_3006G082850	21	398
SORBI_3006G082900	21	399
SORBI_3006G083000	21	400
SORBI_3006G083050	21	401
SORBI_3006G083100	21	402
SORBI_3006G083201	21	403
SORBI_3006G083300	21	404
SORBI_3006G083400	21	405
SORBI_3006G083500	21	406
SORBI_3006G083600	21	407
SORBI_3006G083700	21	408
SORBI_3006G083800	21	409
SORBI_3006G083900	21	410
SORBI_3006G084000	21	411
SORBI_3006G084100	21	412
SORBI_3006G084201	21	413
SORBI_3006G084300	21	414
SORBI_3006G084400	21	415
SORBI_3006G084500	21	416
SORBI_3006G084600	21	417
SORBI_3006G084701	21	418
SORBI_3006G084800	21	419
SORBI_3006G084900	21	420
SORBI_3006G085100	21	421
SORBI_3006G085200	21	422
SORBI_3006G085300	21	423
SORBI_3006G085500	21	424
SORBI_3006G085601	21	425
SORBI_3006G085700	21	426
SORBI_3006G085800	21	427
SORBI_3006G085900	21	428
SORBI_3006G086000	21	429
SORBI_3006G086100	21	430
SORBI_3006G086400	21	431
SORBI_3006G086500	21	432
SORBI_3006G086600	21	433
SORBI_3006G086700	21	434
SORBI_3006G086800	21	435
SORBI_3006G086900	21	436
SORBI_3006G087000	21	437
SORBI_3006G087100	21	438
SORBI_3006G087200	21	439
SORBI_3006G087250	21	440
SORBI_3006G087300	21	441
SORBI_3006G087400	21	442
SORBI_3006G087500	21	443
SORBI_3006G087600	21	444
SORBI_3006G087700	21	445
SORBI_3006G087800	21	446
SORBI_3006G087900	21	447
SORBI_3006G088000	21	448
SORBI_3006G088100	21	449
SORBI_3006G088200	21	450
SORBI_3006G088400	21	451
SORBI_3006G088450	21	452
SORBI_3006G088500	21	453
SORBI_3006G088580	21	454
SORBI_3006G088660	21	455
SORBI_3006G088740	21	456
SORBI_3006G088820	21	457
SORBI_3006G088900	21	458
SORBI_3006G089000	21	459
SORBI_3006G089101	21	460
SORBI_3006G089200	21	461
SORBI_3006G089233	21	462
SORBI_3006G089266	21	463
SORBI_3006G089300	21	464
SORBI_3006G089350	21	465
SORBI_3006G089400	21	466
SORBI_3006G089500	21	467
SORBI_3006G089601	21	468
SORBI_3006G089700	21	469
SORBI_3006G089800	21	470
SORBI_3006G089900	21	471
SORBI_3006G090000	21	472
SORBI_3006G090100	21	473
SORBI_3006G090201	21	474
SORBI_3006G090300	21	475
SORBI_3006G090400	21	476
SORBI_3006G090450	21	477
SORBI_3006G090500	21	478
SORBI_3006G090700	21	479
SORBI_3006G090800	21	480
SORBI_3006G090900	21	481
SORBI_3006G091000	21	482
SORBI_3006G091100	21	483
SORBI_3006G091200	21	484
SORBI_3006G091300	21	485
SORBI_3006G091400	21	486
SORBI_3006G091500	21	487
SORBI_3006G091600	21	488
SORBI_3006G091700	21	489
SORBI_3006G091800	21	490
SORBI_3006G091850	21	491
SORBI_3006G091900	21	492
SORBI_3006G092000	21	493
SORBI_3006G092100	21	494
SORBI_3006G092200	21	495
SORBI_3006G092300	21	496
SORBI_3006G092400	21	497
SORBI_3006G092500	21	498
SORBI_3006G092600	21	499
SORBI_3006G092700	21	500
SORBI_3006G092800	21	501
SORBI_3006G093000	21	502
SORBI_3006G093100	21	503
SORBI_3006G093200	21	504
SORBI_3006G093300	21	505
SORBI_3006G093400	21	506
SORBI_3006G093500	21	507
SORBI_3006G093550	21	508
SORBI_3006G093600	21	509
SORBI_3006G093700	21	510
SORBI_3006G093800	21	511
SORBI_3006G093900	21	512
SORBI_3006G094000	21	513
SORBI_3006G094100	21	514
SORBI_3006G094201	21	515
SORBI_3006G094300	21	516
SORBI_3006G094400	21	517
SORBI_3006G094500	21	518
SORBI_3006G094600	21	519
SORBI_3006G094800	21	520
SORBI_3006G094900	21	521
SORBI_3006G095000	21	522
SORBI_3006G095100	21	523
SORBI_3006G095200	21	524
SORBI_3006G095300	21	525
SORBI_3006G095400	21	526
SORBI_3006G095500	21	527
SORBI_3006G095550	21	528
SORBI_3006G095600	21	529
SORBI_3006G095700	21	530
SORBI_3006G095800	21	531
SORBI_3006G095900	21	532
SORBI_3006G096000	21	533
SORBI_3006G096100	21	534
SORBI_3006G096200	21	535
SORBI_3006G096300	21	536
SORBI_3006G096400	21	537
SORBI_3006G096500	21	538
SORBI_3006G096600	21	539
SORBI_3006G096700	21	540
SORBI_3006G096800	21	541
SORBI_3006G096900	21	542
SORBI_3006G097000	21	543
SORBI_3006G097100	21	544
SORBI_3006G097200	21	545
SORBI_3006G097300	21	546
SORBI_3006G097400	21	547
SORBI_3006G097500	21	548
SORBI_3006G097600	21	549
SORBI_3006G097700	21	550
SORBI_3006G097800	21	551
SORBI_3006G097900	21	552
SORBI_3006G098100	21	553
SORBI_3006G098200	21	554
SORBI_3006G098300	21	555
SORBI_3006G098400	21	556
SORBI_3006G098500	21	557
SORBI_3006G098600	21	558
SORBI_3006G098800	21	559
SORBI_3006G098900	21	560
SORBI_3006G099001	21	561
SORBI_3006G099100	21	562
SORBI_3006G099200	21	563
SORBI_3006G099300	21	564
SORBI_3006G099400	21	565
SORBI_3006G099501	21	566
SORBI_3006G099600	21	567
SORBI_3006G099650	21	568
SORBI_3006G099700	21	569
SORBI_3006G099800	21	570
SORBI_3006G099900	21	571
SORBI_3006G100000	21	572
SORBI_3006G100100	21	573
SORBI_3006G100150	21	574
SORBI_3006G100200	21	575
SORBI_3006G100266	21	576
SORBI_3006G100332	21	577
SORBI_3006G100400	21	578
SORBI_3006G100501	21	579
SORBI_3006G100600	21	580
SORBI_3006G100700	21	581
SORBI_3006G100800	21	582
SORBI_3006G100900	21	583
SORBI_3006G101000	21	584
SORBI_3006G101100	21	585
SORBI_3006G101200	21	586
SORBI_3006G101300	21	587
SORBI_3006G101400	21	588
SORBI_3006G101500	21	589
SORBI_3006G101600	21	590
SORBI_3006G101700	21	591
SORBI_3006G101800	21	592
SORBI_3006G101900	21	593
SORBI_3006G102000	21	594
SORBI_3006G102100	21	595
SORBI_3006G102200	21	596
SORBI_3006G102300	21	597
SORBI_3006G102400	21	598
SORBI_3006G102500	21	599
SORBI_3006G102550	21	600
SORBI_3006G102600	21	601
SORBI_3006G102650	21	602
SORBI_3006G102700	21	603
SORBI_3006G102800	21	604
SORBI_3006G102900	21	605
SORBI_3006G103000	21	606
SORBI_3006G103100	21	607
SORBI_3006G103200	21	608
SORBI_3006G103300	21	609
SORBI_3006G103400	21	610
SORBI_3006G103500	21	611
SORBI_3006G103601	21	612
SORBI_3006G103700	21	613
SORBI_3006G103800	21	614
SORBI_3006G103900	21	615
SORBI_3006G104000	21	616
SORBI_3006G104100	21	617
SORBI_3006G104200	21	618
SORBI_3006G104300	21	619
SORBI_3006G104400	21	620
SORBI_3006G104500	21	621
SORBI_3006G104600	21	622
SORBI_3006G104700	21	623
SORBI_3006G104800	21	624
SORBI_3006G104900	21	625
SORBI_3006G105000	21	626
SORBI_3006G105100	21	627
SORBI_3006G105200	21	628
SORBI_3006G105300	21	629
SORBI_3006G105400	21	630
SORBI_3006G105500	21	631
SORBI_3006G105600	21	632
SORBI_3006G105700	21	633
SORBI_3006G105750	21	634
SORBI_3006G105800	21	635
SORBI_3006G105900	21	636
SORBI_3006G106000	21	637
SORBI_3006G106100	21	638
SORBI_3006G106200	21	639
SORBI_3006G106300	21	640
SORBI_3006G106400	21	641
SORBI_3006G106500	21	642
SORBI_3006G106600	21	643
SORBI_3006G106700	21	644
SORBI_3006G106800	21	645
SORBI_3006G106900	21	646
SORBI_3006G107000	21	647
SORBI_3006G107100	21	648
SORBI_3006G107200	21	649
SORBI_3006G107266	21	650
SORBI_3006G107332	21	651
SORBI_3006G107400	21	652
SORBI_3006G107500	21	653
SORBI_3006G107600	21	654
SORBI_3006G107700	21	655
SORBI_3006G107766	21	656
SORBI_3006G107832	21	657
SORBI_3006G107900	21	658
SORBI_3006G108000	21	659
SORBI_3006G108100	21	660
SORBI_3006G108200	21	661
SORBI_3006G108300	21	662
SORBI_3006G108400	21	663
SORBI_3006G108500	21	664
SORBI_3006G108600	21	665
SORBI_3006G108700	21	666
SORBI_3006G108766	21	667
SORBI_3006G108832	21	668
SORBI_3006G108900	21	669
SORBI_3006G109000	21	670
SORBI_3006G109100	21	671
SORBI_3006G109200	21	672
SORBI_3006G109300	21	673
SORBI_3006G109400	21	674
SORBI_3006G109500	21	675
SORBI_3006G109600	21	676
SORBI_3006G109650	21	677
SORBI_3006G109700	21	678
SORBI_3006G109850	21	679
SORBI_3006G110000	21	680
SORBI_3006G110101	21	681
SORBI_3006G110200	21	682
SORBI_3006G110300	21	683
SORBI_3006G110400	21	684
SORBI_3006G110500	21	685
SORBI_3006G110600	21	686
SORBI_3006G110700	21	687
SORBI_3006G110850	21	688
SORBI_3006G110900	21	689
SORBI_3006G111000	21	690
SORBI_3006G111100	21	691
SORBI_3006G111200	21	692
SORBI_3006G111300	21	693
SORBI_3006G111400	21	694
SORBI_3006G111450	21	695
SORBI_3006G111500	21	696
SORBI_3006G111600	21	697
SORBI_3006G111700	21	698
SORBI_3006G111800	21	699
SORBI_3006G112000	21	700
SORBI_3006G112100	21	701
SORBI_3006G112200	21	702
SORBI_3006G112300	21	703
SORBI_3006G112500	21	704
SORBI_3006G112600	21	705
SORBI_3006G112700	21	706
SORBI_3006G112800	21	707
SORBI_3006G112850	21	708
SORBI_3006G112900	21	709
SORBI_3006G113000	21	710
SORBI_3006G113100	21	711
SORBI_3006G113200	21	712
SORBI_3006G113301	21	713
SORBI_3006G113400	21	714
SORBI_3006G113500	21	715
SORBI_3006G113600	21	716
SORBI_3006G113700	21	717
SORBI_3006G113800	21	718
SORBI_3006G113900	21	719
SORBI_3006G113950	21	720
SORBI_3006G114000	21	721
SORBI_3006G114100	21	722
SORBI_3006G114150	21	723
SORBI_3006G114200	21	724
SORBI_3006G114300	21	725
SORBI_3006G114400	21	726
SORBI_3006G114500	21	727
SORBI_3006G114600	21	728
SORBI_3006G114700	21	729
SORBI_3006G114800	21	730
SORBI_3006G114900	21	731
SORBI_3006G115000	21	732
SORBI_3006G115100	21	733
SORBI_3006G115200	21	734
SORBI_3006G115300	21	735
SORBI_3006G115400	21	736
SORBI_3006G115466	21	737
SORBI_3006G115532	21	738
SORBI_3006G115600	21	739
SORBI_3006G115700	21	740
SORBI_3006G115800	21	741
SORBI_3006G115900	21	742
SORBI_3006G116000	21	743
SORBI_3006G116050	21	744
SORBI_3006G116100	21	745
SORBI_3006G116200	21	746
SORBI_3006G116300	21	747
SORBI_3006G116400	21	748
SORBI_3006G116500	21	749
SORBI_3006G116600	21	750
SORBI_3006G116700	21	751
SORBI_3006G116801	21	752
SORBI_3006G116900	21	753
SORBI_3006G117000	21	754
SORBI_3006G117100	21	755
SORBI_3006G117300	21	756
SORBI_3006G117400	21	757
SORBI_3006G117500	21	758
SORBI_3006G117600	21	759
SORBI_3006G117700	21	760
SORBI_3006G117800	21	761
SORBI_3006G117900	21	762
SORBI_3006G118000	21	763
SORBI_3006G118100	21	764
SORBI_3006G118150	21	765
SORBI_3006G118200	21	766
SORBI_3006G118300	21	767
SORBI_3006G118400	21	768
SORBI_3006G118500	21	769
SORBI_3006G118700	21	770
SORBI_3006G118800	21	771
SORBI_3006G118850	21	772
SORBI_3006G118900	21	773
SORBI_3006G119000	21	774
SORBI_3006G119100	21	775
SORBI_3006G119200	21	776
SORBI_3006G119300	21	777
SORBI_3006G119400	21	778
SORBI_3006G119600	21	779
SORBI_3006G119700	21	780
SORBI_3006G119800	21	781
SORBI_3006G119900	21	782
SORBI_3006G120000	21	783
SORBI_3006G120100	21	784
SORBI_3006G120200	21	785
SORBI_3006G120301	21	786
SORBI_3006G120400	21	787
SORBI_3006G120500	21	788
SORBI_3006G120600	21	789
SORBI_3006G120700	21	790
SORBI_3006G120800	21	791
SORBI_3006G120900	21	792
SORBI_3006G121000	21	793
SORBI_3006G121100	21	794
SORBI_3006G121200	21	795
SORBI_3006G121300	21	796
SORBI_3006G121400	21	797
SORBI_3006G121500	21	798
SORBI_3006G121600	21	799
SORBI_3006G121700	21	800
SORBI_3006G121800	21	801
SORBI_3006G121900	21	802
SORBI_3006G121950	21	803
SORBI_3006G122000	21	804
SORBI_3006G122100	21	805
SORBI_3006G122200	21	806
SORBI_3006G122300	21	807
SORBI_3006G122400	21	808
SORBI_3006G122500	21	809
SORBI_3006G122600	21	810
SORBI_3006G122700	21	811
SORBI_3006G122800	21	812
SORBI_3006G122900	21	813
SORBI_3006G123000	21	814
SORBI_3006G123100	21	815
SORBI_3006G123200	21	816
SORBI_3006G123300	21	817
SORBI_3006G123400	21	818
SORBI_3006G123500	21	819
SORBI_3006G123600	21	820
SORBI_3006G123650	21	821
SORBI_3006G123700	21	822
SORBI_3006G123800	21	823
SORBI_3006G123900	21	824
SORBI_3006G124000	21	825
SORBI_3006G124100	21	826
SORBI_3006G124200	21	827
SORBI_3006G124300	21	828
SORBI_3006G124400	21	829
SORBI_3006G124500	21	830
SORBI_3006G124600	21	831
SORBI_3006G124700	21	832
SORBI_3006G124800	21	833
SORBI_3006G124850	21	834
SORBI_3006G124900	21	835
SORBI_3006G125000	21	836
SORBI_3006G125100	21	837
SORBI_3006G125200	21	838
SORBI_3006G125301	21	839
SORBI_3006G125400	21	840
SORBI_3006G125500	21	841
SORBI_3006G125600	21	842
SORBI_3006G125700	21	843
SORBI_3006G125800	21	844
SORBI_3006G125900	21	845
SORBI_3006G126000	21	846
SORBI_3006G126100	21	847
SORBI_3006G126200	21	848
SORBI_3006G126300	21	849
SORBI_3006G126400	21	850
SORBI_3006G126500	21	851
SORBI_3006G126600	21	852
SORBI_3006G126700	21	853
SORBI_3006G126800	21	854
SORBI_3006G126900	21	855
SORBI_3006G127000	21	856
SORBI_3006G127100	21	857
SORBI_3006G127200	21	858
SORBI_3006G127300	21	859
SORBI_3006G127350	21	860
SORBI_3006G127400	21	861
SORBI_3006G127500	21	862
SORBI_3006G127600	21	863
SORBI_3006G127700	21	864
SORBI_3006G127750	21	865
SORBI_3006G127800	21	866
SORBI_3006G127900	21	867
SORBI_3006G128100	21	868
SORBI_3006G128150	21	869
SORBI_3006G128200	21	870
SORBI_3006G128233	21	871
SORBI_3006G128266	21	872
SORBI_3006G128300	21	873
SORBI_3006G128400	21	874
SORBI_3006G128450	21	875
SORBI_3006G128500	21	876
SORBI_3006G128600	21	877
SORBI_3006G128700	21	878
SORBI_3006G128800	21	879
SORBI_3006G128900	21	880
SORBI_3006G129000	21	881
SORBI_3006G129100	21	882
SORBI_3006G129200	21	883
SORBI_3006G129300	21	884
SORBI_3006G129400	21	885
SORBI_3006G129466	21	886
SORBI_3006G129532	21	887
SORBI_3006G129600	21	888
SORBI_3006G129700	21	889
SORBI_3006G129800	21	890
SORBI_3006G129900	21	891
SORBI_3006G130000	21	892
SORBI_3006G130100	21	893
SORBI_3006G130200	21	894
SORBI_3006G130300	21	895
SORBI_3006G130400	21	896
SORBI_3006G130501	21	897
SORBI_3006G130600	21	898
SORBI_3006G130700	21	899
SORBI_3006G130750	21	900
SORBI_3006G130800	21	901
SORBI_3006G130900	21	902
SORBI_3006G131000	21	903
SORBI_3006G131050	21	904
SORBI_3006G131100	21	905
SORBI_3006G131200	21	906
SORBI_3006G131300	21	907
SORBI_3006G131400	21	908
SORBI_3006G131500	21	909
SORBI_3006G131600	21	910
SORBI_3006G131700	21	911
SORBI_3006G131800	21	912
SORBI_3006G131900	21	913
SORBI_3006G132000	21	914
SORBI_3006G132100	21	915
SORBI_3006G132200	21	916
SORBI_3006G132300	21	917
SORBI_3006G132400	21	918
SORBI_3006G132500	21	919
SORBI_3006G132600	21	920
SORBI_3006G132700	21	921
SORBI_3006G132800	21	922
SORBI_3006G132900	21	923
SORBI_3006G133000	21	924
SORBI_3006G133100	21	925
SORBI_3006G133200	21	926
SORBI_3006G133300	21	927
SORBI_3006G133400	21	928
SORBI_3006G133500	21	929
SORBI_3006G133600	21	930
SORBI_3006G133650	21	931
SORBI_3006G133700	21	932
SORBI_3006G133800	21	933
SORBI_3006G133900	21	934
SORBI_3006G134001	21	935
SORBI_3006G134100	21	936
SORBI_3006G134200	21	937
SORBI_3006G134300	21	938
SORBI_3006G134400	21	939
SORBI_3006G134500	21	940
SORBI_3006G134550	21	941
SORBI_3006G134600	21	942
SORBI_3006G134700	21	943
SORBI_3006G134800	21	944
SORBI_3006G134900	21	945
SORBI_3006G135000	21	946
SORBI_3006G135100	21	947
SORBI_3006G135200	21	948
SORBI_3006G135300	21	949
SORBI_3006G135500	21	950
SORBI_3006G135525	21	951
SORBI_3006G135550	21	952
SORBI_3006G135575	21	953
SORBI_3006G135600	21	954
SORBI_3006G135701	21	955
SORBI_3006G135800	21	956
SORBI_3006G135900	21	957
SORBI_3006G136000	21	958
SORBI_3006G136100	21	959
SORBI_3006G136200	21	960
SORBI_3006G136300	21	961
SORBI_3006G136400	21	962
SORBI_3006G136500	21	963
SORBI_3006G136600	21	964
SORBI_3006G136700	21	965
SORBI_3006G136800	21	966
SORBI_3006G136900	21	967
SORBI_3006G137000	21	968
SORBI_3006G137100	21	969
SORBI_3006G137200	21	970
SORBI_3006G137300	21	971
SORBI_3006G137400	21	972
SORBI_3006G137500	21	973
SORBI_3006G137600	21	974
SORBI_3006G137700	21	975
SORBI_3006G137800	21	976
SORBI_3006G137900	21	977
SORBI_3006G138000	21	978
SORBI_3006G138100	21	979
SORBI_3006G138200	21	980
SORBI_3006G138300	21	981
SORBI_3006G138400	21	982
SORBI_3006G138500	21	983
SORBI_3006G138600	21	984
SORBI_3006G138700	21	985
SORBI_3006G138800	21	986
SORBI_3006G138850	21	987
SORBI_3006G138900	21	988
SORBI_3006G138933	21	989
SORBI_3006G138966	21	990
SORBI_3006G139000	21	991
SORBI_3006G139100	21	992
SORBI_3006G139200	21	993
SORBI_3006G139300	21	994
SORBI_3006G139400	21	995
SORBI_3006G139501	21	996
SORBI_3006G139600	21	997
SORBI_3006G139700	21	998
SORBI_3006G139900	21	999
SORBI_3006G140000	21	1000
SORBI_3006G140050	21	1001
SORBI_3006G140100	21	1002
SORBI_3006G140200	21	1003
SORBI_3006G140300	21	1004
SORBI_3006G140400	21	1005
SORBI_3006G140450	21	1006
SORBI_3006G140500	21	1007
SORBI_3006G140600	21	1008
SORBI_3006G140700	21	1009
SORBI_3006G140801	21	1010
SORBI_3006G140900	21	1011
SORBI_3006G141000	21	1012
SORBI_3006G141100	21	1013
SORBI_3006G141200	21	1014
SORBI_3006G141300	21	1015
SORBI_3006G141400	21	1016
SORBI_3006G141500	21	1017
SORBI_3006G141600	21	1018
SORBI_3006G141700	21	1019
SORBI_3006G141800	21	1020
SORBI_3006G141900	21	1021
SORBI_3006G142000	21	1022
SORBI_3006G142100	21	1023
SORBI_3006G142200	22	0
SORBI_3006G142233	22	1
SORBI_3006G142266	22	2
SORBI_3006G142299	22	3
SORBI_3006G142332	22	4
SORBI_3006G142365	22	5
SORBI_3006G142400	22	6
SORBI_3006G142500	22	7
SORBI_3006G142600	22	8
SORBI_3006G142700	22	9
SORBI_3006G142775	22	10
SORBI_3006G142850	22	11
SORBI_3006G142925	22	12
SORBI_3006G143000	22	13
SORBI_3006G143100	22	14
SORBI_3006G143200	22	15
SORBI_3006G143300	22	16
SORBI_3006G143400	22	17
SORBI_3006G143500	22	18
SORBI_3006G143600	22	19
SORBI_3006G143700	22	20
SORBI_3006G143750	22	21
SORBI_3006G143800	22	22
SORBI_3006G143900	22	23
SORBI_3006G144000	22	24
SORBI_3006G144101	22	25
SORBI_3006G144201	22	26
SORBI_3006G144300	22	27
SORBI_3006G144400	22	28
SORBI_3006G144500	22	29
SORBI_3006G144600	22	30
SORBI_3006G144700	22	31
SORBI_3006G144800	22	32
SORBI_3006G144900	22	33
SORBI_3006G145000	22	34
SORBI_3006G145200	22	35
SORBI_3006G145300	22	36
SORBI_3006G145400	22	37
SORBI_3006G145500	22	38
SORBI_3006G145600	22	39
SORBI_3006G145650	22	40
SORBI_3006G145700	22	41
SORBI_3006G145800	22	42
SORBI_3006G145901	22	43
SORBI_3006G146000	22	44
SORBI_3006G146100	22	45
SORBI_3006G146150	22	46
SORBI_3006G146200	22	47
SORBI_3006G146300	22	48
SORBI_3006G146400	22	49
SORBI_3006G146500	22	50
SORBI_3006G146600	22	51
SORBI_3006G146700	22	52
SORBI_3006G146800	22	53
SORBI_3006G146900	22	54
SORBI_3006G147000	22	55
SORBI_3006G147101	22	56
SORBI_3006G147200	22	57
SORBI_3006G147300	22	58
SORBI_3006G147350	22	59
SORBI_3006G147400	22	60
SORBI_3006G147450	22	61
SORBI_3006G147500	22	62
SORBI_3006G147600	22	63
SORBI_3006G147700	22	64
SORBI_3006G147800	22	65
SORBI_3006G147900	22	66
SORBI_3006G148000	22	67
SORBI_3006G148100	22	68
SORBI_3006G148200	22	69
SORBI_3006G148300	22	70
SORBI_3006G148400	22	71
SORBI_3006G148500	22	72
SORBI_3006G148600	22	73
SORBI_3006G148700	22	74
SORBI_3006G148800	22	75
SORBI_3006G148900	22	76
SORBI_3006G149000	22	77
SORBI_3006G149101	22	78
SORBI_3006G149200	22	79
SORBI_3006G149300	22	80
SORBI_3006G149400	22	81
SORBI_3006G149500	22	82
SORBI_3006G149600	22	83
SORBI_3006G149650	22	84
SORBI_3006G149700	22	85
SORBI_3006G149800	22	86
SORBI_3006G149900	22	87
SORBI_3006G150001	22	88
SORBI_3006G150100	22	89
SORBI_3006G150200	22	90
SORBI_3006G150300	22	91
SORBI_3006G150400	22	92
SORBI_3006G150500	22	93
SORBI_3006G150600	22	94
SORBI_3006G150700	22	95
SORBI_3006G150800	22	96
SORBI_3006G150900	22	97
SORBI_3006G151001	22	98
SORBI_3006G151100	22	99
SORBI_3006G151200	22	100
SORBI_3006G151300	22	101
SORBI_3006G151500	22	102
SORBI_3006G151600	22	103
SORBI_3006G151800	22	104
SORBI_3006G152000	22	105
SORBI_3006G152100	22	106
SORBI_3006G152200	22	107
SORBI_3006G152400	22	108
SORBI_3006G152500	22	109
SORBI_3006G152600	22	110
SORBI_3006G152700	22	111
SORBI_3006G152801	22	112
SORBI_3006G152900	22	113
SORBI_3006G153000	22	114
SORBI_3006G153100	22	115
SORBI_3006G153200	22	116
SORBI_3006G153300	22	117
SORBI_3006G153400	22	118
SORBI_3006G153500	22	119
SORBI_3006G153550	22	120
SORBI_3006G153600	22	121
SORBI_3006G153700	22	122
SORBI_3006G153900	22	123
SORBI_3006G154000	22	124
SORBI_3006G154100	22	125
SORBI_3006G154200	22	126
SORBI_3006G154300	22	127
SORBI_3006G154400	22	128
SORBI_3006G154500	22	129
SORBI_3006G154600	22	130
SORBI_3006G154800	22	131
SORBI_3006G154900	22	132
SORBI_3006G155000	22	133
SORBI_3006G155100	22	134
SORBI_3006G155150	22	135
SORBI_3006G155200	22	136
SORBI_3006G155300	22	137
SORBI_3006G155400	22	138
SORBI_3006G155500	22	139
SORBI_3006G155600	22	140
SORBI_3006G155700	22	141
SORBI_3006G155800	22	142
SORBI_3006G155900	22	143
SORBI_3006G156000	22	144
SORBI_3006G156100	22	145
SORBI_3006G156200	22	146
SORBI_3006G156300	22	147
SORBI_3006G156400	22	148
SORBI_3006G156500	22	149
SORBI_3006G156600	22	150
SORBI_3006G156801	22	151
SORBI_3006G157000	22	152
SORBI_3006G157100	22	153
SORBI_3006G157200	22	154
SORBI_3006G157300	22	155
SORBI_3006G157400	22	156
SORBI_3006G157450	22	157
SORBI_3006G157500	22	158
SORBI_3006G157600	22	159
SORBI_3006G157700	22	160
SORBI_3006G157800	22	161
SORBI_3006G157900	22	162
SORBI_3006G158000	22	163
SORBI_3006G158100	22	164
SORBI_3006G158200	22	165
SORBI_3006G158266	22	166
SORBI_3006G158332	22	167
SORBI_3006G158400	22	168
SORBI_3006G158500	22	169
SORBI_3006G158600	22	170
SORBI_3006G158700	22	171
SORBI_3006G158800	22	172
SORBI_3006G158900	22	173
SORBI_3006G159000	22	174
SORBI_3006G159100	22	175
SORBI_3006G159200	22	176
SORBI_3006G159300	22	177
SORBI_3006G159350	22	178
SORBI_3006G159400	22	179
SORBI_3006G159500	22	180
SORBI_3006G159600	22	181
SORBI_3006G159700	22	182
SORBI_3006G159800	22	183
SORBI_3006G159900	22	184
SORBI_3006G160000	22	185
SORBI_3006G160100	22	186
SORBI_3006G160200	22	187
SORBI_3006G160300	22	188
SORBI_3006G160400	22	189
SORBI_3006G160500	22	190
SORBI_3006G160600	22	191
SORBI_3006G160700	22	192
SORBI_3006G160800	22	193
SORBI_3006G160900	22	194
SORBI_3006G161000	22	195
SORBI_3006G161100	22	196
SORBI_3006G161200	22	197
SORBI_3006G161300	22	198
SORBI_3006G161400	22	199
SORBI_3006G161500	22	200
SORBI_3006G161600	22	201
SORBI_3006G161800	22	202
SORBI_3006G161900	22	203
SORBI_3006G162000	22	204
SORBI_3006G162100	22	205
SORBI_3006G162200	22	206
SORBI_3006G162300	22	207
SORBI_3006G162400	22	208
SORBI_3006G162500	22	209
SORBI_3006G162550	22	210
SORBI_3006G162600	22	211
SORBI_3006G162700	22	212
SORBI_3006G162750	22	213
SORBI_3006G162800	22	214
SORBI_3006G163000	22	215
SORBI_3006G163033	22	216
SORBI_3006G163066	22	217
SORBI_3006G163100	22	218
SORBI_3006G163200	22	219
SORBI_3006G163300	22	220
SORBI_3006G163401	22	221
SORBI_3006G163501	22	222
SORBI_3006G163600	22	223
SORBI_3006G163650	22	224
SORBI_3006G163700	22	225
SORBI_3006G163800	22	226
SORBI_3006G163900	22	227
SORBI_3006G164000	22	228
SORBI_3006G164100	22	229
SORBI_3006G164200	22	230
SORBI_3006G164300	22	231
SORBI_3006G164400	22	232
SORBI_3006G164500	22	233
SORBI_3006G164650	22	234
SORBI_3006G164800	22	235
SORBI_3006G164900	22	236
SORBI_3006G165000	22	237
SORBI_3006G165100	22	238
SORBI_3006G165200	22	239
SORBI_3006G165250	22	240
SORBI_3006G165300	22	241
SORBI_3006G165400	22	242
SORBI_3006G165501	22	243
SORBI_3006G165600	22	244
SORBI_3006G165650	22	245
SORBI_3006G165700	22	246
SORBI_3006G165800	22	247
SORBI_3006G165900	22	248
SORBI_3006G166000	22	249
SORBI_3006G166100	22	250
SORBI_3006G166200	22	251
SORBI_3006G166300	22	252
SORBI_3006G166400	22	253
SORBI_3006G166500	22	254
SORBI_3006G166601	22	255
SORBI_3006G166700	22	256
SORBI_3006G166800	22	257
SORBI_3006G166900	22	258
SORBI_3006G167000	22	259
SORBI_3006G167100	22	260
SORBI_3006G167200	22	261
SORBI_3006G167250	22	262
SORBI_3006G167300	22	263
SORBI_3006G167400	22	264
SORBI_3006G167500	22	265
SORBI_3006G167600	22	266
SORBI_3006G167700	22	267
SORBI_3006G167800	22	268
SORBI_3006G167850	22	269
SORBI_3006G167900	22	270
SORBI_3006G168000	22	271
SORBI_3006G168100	22	272
SORBI_3006G168200	22	273
SORBI_3006G168300	22	274
SORBI_3006G168400	22	275
SORBI_3006G168500	22	276
SORBI_3006G168650	22	277
SORBI_3006G168800	22	278
SORBI_3006G168900	22	279
SORBI_3006G169000	22	280
SORBI_3006G169100	22	281
SORBI_3006G169200	22	282
SORBI_3006G169300	22	283
SORBI_3006G169400	22	284
SORBI_3006G169500	22	285
SORBI_3006G169600	22	286
SORBI_3006G169700	22	287
SORBI_3006G169800	22	288
SORBI_3006G169900	22	289
SORBI_3006G169950	22	290
SORBI_3006G170000	22	291
SORBI_3006G170100	22	292
SORBI_3006G170200	22	293
SORBI_3006G170300	22	294
SORBI_3006G170400	22	295
SORBI_3006G170500	22	296
SORBI_3006G170600	22	297
SORBI_3006G170700	22	298
SORBI_3006G170800	22	299
SORBI_3006G170900	22	300
SORBI_3006G171000	22	301
SORBI_3006G171050	22	302
SORBI_3006G171100	22	303
SORBI_3006G171200	22	304
SORBI_3006G171300	22	305
SORBI_3006G171400	22	306
SORBI_3006G171500	22	307
SORBI_3006G171600	22	308
SORBI_3006G171700	22	309
SORBI_3006G171801	22	310
SORBI_3006G171900	22	311
SORBI_3006G172000	22	312
SORBI_3006G172100	22	313
SORBI_3006G172200	22	314
SORBI_3006G172300	22	315
SORBI_3006G172400	22	316
SORBI_3006G172500	22	317
SORBI_3006G172550	22	318
SORBI_3006G172601	22	319
SORBI_3006G172651	22	320
SORBI_3006G172700	22	321
SORBI_3006G172800	22	322
SORBI_3006G172900	22	323
SORBI_3006G173000	22	324
SORBI_3006G173100	22	325
SORBI_3006G173200	22	326
SORBI_3006G173400	22	327
SORBI_3006G173500	22	328
SORBI_3006G173600	22	329
SORBI_3006G173700	22	330
SORBI_3006G173800	22	331
SORBI_3006G173900	22	332
SORBI_3006G174000	22	333
SORBI_3006G174050	22	334
SORBI_3006G174100	22	335
SORBI_3006G174200	22	336
SORBI_3006G174300	22	337
SORBI_3006G174400	22	338
SORBI_3006G174500	22	339
SORBI_3006G174600	22	340
SORBI_3006G174725	22	341
SORBI_3006G174850	22	342
SORBI_3006G174975	22	343
SORBI_3006G175100	22	344
SORBI_3006G175200	22	345
SORBI_3006G175400	22	346
SORBI_3006G175500	22	347
SORBI_3006G175600	22	348
SORBI_3006G175700	22	349
SORBI_3006G175800	22	350
SORBI_3006G175900	22	351
SORBI_3006G176000	22	352
SORBI_3006G176100	22	353
SORBI_3006G176200	22	354
SORBI_3006G176300	22	355
SORBI_3006G176400	22	356
SORBI_3006G176500	22	357
SORBI_3006G176600	22	358
SORBI_3006G176700	22	359
SORBI_3006G176800	22	360
SORBI_3006G176900	22	361
SORBI_3006G177000	22	362
SORBI_3006G177100	22	363
SORBI_3006G177200	22	364
SORBI_3006G177300	22	365
SORBI_3006G177400	22	366
SORBI_3006G177500	22	367
SORBI_3006G177600	22	368
SORBI_3006G177700	22	369
SORBI_3006G177800	22	370
SORBI_3006G177900	22	371
SORBI_3006G178000	22	372
SORBI_3006G178100	22	373
SORBI_3006G178200	22	374
SORBI_3006G178300	22	375
SORBI_3006G178400	22	376
SORBI_3006G178500	22	377
SORBI_3006G178700	22	378
SORBI_3006G178800	22	379
SORBI_3006G178900	22	380
SORBI_3006G179000	22	381
SORBI_3006G179100	22	382
SORBI_3006G179200	22	383
SORBI_3006G179300	22	384
SORBI_3006G179400	22	385
SORBI_3006G179500	22	386
SORBI_3006G179600	22	387
SORBI_3006G179700	22	388
SORBI_3006G179800	22	389
SORBI_3006G179900	22	390
SORBI_3006G180000	22	391
SORBI_3006G180100	22	392
SORBI_3006G180200	22	393
SORBI_3006G180300	22	394
SORBI_3006G180366	22	395
SORBI_3006G180432	22	396
SORBI_3006G180500	22	397
SORBI_3006G180600	22	398
SORBI_3006G180700	22	399
SORBI_3006G180800	22	400
SORBI_3006G180850	22	401
SORBI_3006G180900	22	402
SORBI_3006G181000	22	403
SORBI_3006G181150	22	404
SORBI_3006G181300	22	405
SORBI_3006G181400	22	406
SORBI_3006G181500	22	407
SORBI_3006G181600	22	408
SORBI_3006G181700	22	409
SORBI_3006G181800	22	410
SORBI_3006G181900	22	411
SORBI_3006G182000	22	412
SORBI_3006G182100	22	413
SORBI_3006G182200	22	414
SORBI_3006G182300	22	415
SORBI_3006G182401	22	416
SORBI_3006G182500	22	417
SORBI_3006G182700	22	418
SORBI_3006G182800	22	419
SORBI_3006G182900	22	420
SORBI_3006G183000	22	421
SORBI_3006G183100	22	422
SORBI_3006G183200	22	423
SORBI_3006G183301	22	424
SORBI_3006G183400	22	425
SORBI_3006G183500	22	426
SORBI_3006G183600	22	427
SORBI_3006G183701	22	428
SORBI_3006G183800	22	429
SORBI_3006G183900	22	430
SORBI_3006G184000	22	431
SORBI_3006G184100	22	432
SORBI_3006G184200	22	433
SORBI_3006G184300	22	434
SORBI_3006G184400	22	435
SORBI_3006G184500	22	436
SORBI_3006G184700	22	437
SORBI_3006G184800	22	438
SORBI_3006G184900	22	439
SORBI_3006G185000	22	440
SORBI_3006G185100	22	441
SORBI_3006G185150	22	442
SORBI_3006G185200	22	443
SORBI_3006G185300	22	444
SORBI_3006G185400	22	445
SORBI_3006G185500	22	446
SORBI_3006G185600	22	447
SORBI_3006G185700	22	448
SORBI_3006G185800	22	449
SORBI_3006G185900	22	450
SORBI_3006G186000	22	451
SORBI_3006G186100	22	452
SORBI_3006G186200	22	453
SORBI_3006G186300	22	454
SORBI_3006G186400	22	455
SORBI_3006G186500	22	456
SORBI_3006G186600	22	457
SORBI_3006G186700	22	458
SORBI_3006G186800	22	459
SORBI_3006G186900	22	460
SORBI_3006G187000	22	461
SORBI_3006G187100	22	462
SORBI_3006G187200	22	463
SORBI_3006G187300	22	464
SORBI_3006G187401	22	465
SORBI_3006G187500	22	466
SORBI_3006G187600	22	467
SORBI_3006G187700	22	468
SORBI_3006G187750	22	469
SORBI_3006G187800	22	470
SORBI_3006G187900	22	471
SORBI_3006G188000	22	472
SORBI_3006G188100	22	473
SORBI_3006G188200	22	474
SORBI_3006G188400	22	475
SORBI_3006G188500	22	476
SORBI_3006G188600	22	477
SORBI_3006G188700	22	478
SORBI_3006G188800	22	479
SORBI_3006G188900	22	480
SORBI_3006G189000	22	481
SORBI_3006G189100	22	482
SORBI_3006G189200	22	483
SORBI_3006G189300	22	484
SORBI_3006G189400	22	485
SORBI_3006G189500	22	486
SORBI_3006G189600	22	487
SORBI_3006G189700	22	488
SORBI_3006G189801	22	489
SORBI_3006G189900	22	490
SORBI_3006G190000	22	491
SORBI_3006G190100	22	492
SORBI_3006G190150	22	493
SORBI_3006G190200	22	494
SORBI_3006G190300	22	495
SORBI_3006G190400	22	496
SORBI_3006G190500	22	497
SORBI_3006G190600	22	498
SORBI_3006G190700	22	499
SORBI_3006G190800	22	500
SORBI_3006G190850	22	501
SORBI_3006G190900	22	502
SORBI_3006G190950	22	503
SORBI_3006G191000	22	504
SORBI_3006G191100	22	505
SORBI_3006G191200	22	506
SORBI_3006G191400	22	507
SORBI_3006G191500	22	508
SORBI_3006G191600	22	509
SORBI_3006G191700	22	510
SORBI_3006G191800	22	511
SORBI_3006G191900	22	512
SORBI_3006G192000	22	513
SORBI_3006G192100	22	514
SORBI_3006G192150	22	515
SORBI_3006G192200	22	516
SORBI_3006G192266	22	517
SORBI_3006G192332	22	518
SORBI_3006G192400	22	519
SORBI_3006G192500	22	520
SORBI_3006G192600	22	521
SORBI_3006G192700	22	522
SORBI_3006G192800	22	523
SORBI_3006G192900	22	524
SORBI_3006G193000	22	525
SORBI_3006G193100	22	526
SORBI_3006G193200	22	527
SORBI_3006G193300	22	528
SORBI_3006G193400	22	529
SORBI_3006G193500	22	530
SORBI_3006G193600	22	531
SORBI_3006G193700	22	532
SORBI_3006G193801	22	533
SORBI_3006G193900	22	534
SORBI_3006G194000	22	535
SORBI_3006G194100	22	536
SORBI_3006G194150	22	537
SORBI_3006G194200	22	538
SORBI_3006G194300	22	539
SORBI_3006G194400	22	540
SORBI_3006G194500	22	541
SORBI_3006G194600	22	542
SORBI_3006G194700	22	543
SORBI_3006G194800	22	544
SORBI_3006G194900	22	545
SORBI_3006G195000	22	546
SORBI_3006G195100	22	547
SORBI_3006G195200	22	548
SORBI_3006G195400	22	549
SORBI_3006G195500	22	550
SORBI_3006G195600	22	551
SORBI_3006G195700	22	552
SORBI_3006G195750	22	553
SORBI_3006G195800	22	554
SORBI_3006G195900	22	555
SORBI_3006G196000	22	556
SORBI_3006G196100	22	557
SORBI_3006G196200	22	558
SORBI_3006G196300	22	559
SORBI_3006G196400	22	560
SORBI_3006G196500	22	561
SORBI_3006G196600	22	562
SORBI_3006G196700	22	563
SORBI_3006G196800	22	564
SORBI_3006G196900	22	565
SORBI_3006G197000	22	566
SORBI_3006G197100	22	567
SORBI_3006G197200	22	568
SORBI_3006G197300	22	569
SORBI_3006G197400	22	570
SORBI_3006G197500	22	571
SORBI_3006G197600	22	572
SORBI_3006G197700	22	573
SORBI_3006G197800	22	574
SORBI_3006G197900	22	575
SORBI_3006G198000	22	576
SORBI_3006G198200	22	577
SORBI_3006G198300	22	578
SORBI_3006G198400	22	579
SORBI_3006G198500	22	580
SORBI_3006G198600	22	581
SORBI_3006G198700	22	582
SORBI_3006G198800	22	583
SORBI_3006G198900	22	584
SORBI_3006G199000	22	585
SORBI_3006G199100	22	586
SORBI_3006G199200	22	587
SORBI_3006G199300	22	588
SORBI_3006G199400	22	589
SORBI_3006G199500	22	590
SORBI_3006G199601	22	591
SORBI_3006G199700	22	592
SORBI_3006G199800	22	593
SORBI_3006G199900	22	594
SORBI_3006G200000	22	595
SORBI_3006G200100	22	596
SORBI_3006G200200	22	597
SORBI_3006G200300	22	598
SORBI_3006G200400	22	599
SORBI_3006G200500	22	600
SORBI_3006G200600	22	601
SORBI_3006G200650	22	602
SORBI_3006G200700	22	603
SORBI_3006G200800	22	604
SORBI_3006G200901	22	605
SORBI_3006G201000	22	606
SORBI_3006G201100	22	607
SORBI_3006G201200	22	608
SORBI_3006G201300	22	609
SORBI_3006G201350	22	610
SORBI_3006G201400	22	611
SORBI_3006G201450	22	612
SORBI_3006G201500	22	613
SORBI_3006G201600	22	614
SORBI_3006G201700	22	615
SORBI_3006G201800	22	616
SORBI_3006G201900	22	617
SORBI_3006G202000	22	618
SORBI_3006G202100	22	619
SORBI_3006G202150	22	620
SORBI_3006G202200	22	621
SORBI_3006G202300	22	622
SORBI_3006G202401	22	623
SORBI_3006G202500	22	624
SORBI_3006G202600	22	625
SORBI_3006G202700	22	626
SORBI_3006G202800	22	627
SORBI_3006G202900	22	628
SORBI_3006G203000	22	629
SORBI_3006G203100	22	630
SORBI_3006G203200	22	631
SORBI_3006G203300	22	632
SORBI_3006G203400	22	633
SORBI_3006G203600	22	634
SORBI_3006G203700	22	635
SORBI_3006G203800	22	636
SORBI_3006G203900	22	637
SORBI_3006G204000	22	638
SORBI_3006G204100	22	639
SORBI_3006G204200	22	640
SORBI_3006G204300	22	641
SORBI_3006G204400	22	642
SORBI_3006G204500	22	643
SORBI_3006G204600	22	644
SORBI_3006G204700	22	645
SORBI_3006G204800	22	646
SORBI_3006G204850	22	647
SORBI_3006G204900	22	648
SORBI_3006G205000	22	649
SORBI_3006G205100	22	650
SORBI_3006G205200	22	651
SORBI_3006G205300	22	652
SORBI_3006G205400	22	653
SORBI_3006G205500	22	654
SORBI_3006G205600	22	655
SORBI_3006G205700	22	656
SORBI_3006G205800	22	657
SORBI_3006G205900	22	658
SORBI_3006G206000	22	659
SORBI_3006G206100	22	660
SORBI_3006G206200	22	661
SORBI_3006G206400	22	662
SORBI_3006G206500	22	663
SORBI_3006G206600	22	664
SORBI_3006G206700	22	665
SORBI_3006G206800	22	666
SORBI_3006G206900	22	667
SORBI_3006G207000	22	668
SORBI_3006G207100	22	669
SORBI_3006G207200	22	670
SORBI_3006G207300	22	671
SORBI_3006G207400	22	672
SORBI_3006G207500	22	673
SORBI_3006G207600	22	674
SORBI_3006G207700	22	675
SORBI_3006G207800	22	676
SORBI_3006G207900	22	677
SORBI_3006G208000	22	678
SORBI_3006G208050	22	679
SORBI_3006G208100	22	680
SORBI_3006G208200	22	681
SORBI_3006G208300	22	682
SORBI_3006G208400	22	683
SORBI_3006G208500	22	684
SORBI_3006G208600	22	685
SORBI_3006G208700	22	686
SORBI_3006G208800	22	687
SORBI_3006G208900	22	688
SORBI_3006G209000	22	689
SORBI_3006G209100	22	690
SORBI_3006G209200	22	691
SORBI_3006G209300	22	692
SORBI_3006G209400	22	693
SORBI_3006G209500	22	694
SORBI_3006G209600	22	695
SORBI_3006G209700	22	696
SORBI_3006G209850	22	697
SORBI_3006G210000	22	698
SORBI_3006G210100	22	699
SORBI_3006G210200	22	700
SORBI_3006G210233	22	701
SORBI_3006G210266	22	702
SORBI_3006G210300	22	703
SORBI_3006G210400	22	704
SORBI_3006G210500	22	705
SORBI_3006G210600	22	706
SORBI_3006G210700	22	707
SORBI_3006G210800	22	708
SORBI_3006G210900	22	709
SORBI_3006G211000	22	710
SORBI_3006G211100	22	711
SORBI_3006G211200	22	712
SORBI_3006G211300	22	713
SORBI_3006G211400	22	714
SORBI_3006G211500	22	715
SORBI_3006G211600	22	716
SORBI_3006G211701	22	717
SORBI_3006G211800	22	718
SORBI_3006G211900	22	719
SORBI_3006G212000	22	720
SORBI_3006G212100	22	721
SORBI_3006G212200	22	722
SORBI_3006G212300	22	723
SORBI_3006G212350	22	724
SORBI_3006G212400	22	725
SORBI_3006G212500	22	726
SORBI_3006G212600	22	727
SORBI_3006G212700	22	728
SORBI_3006G212800	22	729
SORBI_3006G212900	22	730
SORBI_3006G213000	22	731
SORBI_3006G213100	22	732
SORBI_3006G213200	22	733
SORBI_3006G213300	22	734
SORBI_3006G213350	22	735
SORBI_3006G213400	22	736
SORBI_3006G213500	22	737
SORBI_3006G213601	22	738
SORBI_3006G213700	22	739
SORBI_3006G213800	22	740
SORBI_3006G213900	22	741
SORBI_3006G214000	22	742
SORBI_3006G214101	22	743
SORBI_3006G214200	22	744
SORBI_3006G214300	22	745
SORBI_3006G214400	22	746
SORBI_3006G214500	22	747
SORBI_3006G214600	22	748
SORBI_3006G214700	22	749
SORBI_3006G214800	22	750
SORBI_3006G214900	22	751
SORBI_3006G215000	22	752
SORBI_3006G215050	22	753
SORBI_3006G215100	22	754
SORBI_3006G215200	22	755
SORBI_3006G215300	22	756
SORBI_3006G215400	22	757
SORBI_3006G215500	22	758
SORBI_3006G215600	22	759
SORBI_3006G215650	22	760
SORBI_3006G215700	22	761
SORBI_3006G215750	22	762
SORBI_3006G215800	22	763
SORBI_3006G215900	22	764
SORBI_3006G215950	22	765
SORBI_3006G216000	22	766
SORBI_3006G216100	22	767
SORBI_3006G216150	22	768
SORBI_3006G216200	22	769
SORBI_3006G216300	22	770
SORBI_3006G216400	22	771
SORBI_3006G216500	22	772
SORBI_3006G216600	22	773
SORBI_3006G216700	22	774
SORBI_3006G216800	22	775
SORBI_3006G216900	22	776
SORBI_3006G217000	22	777
SORBI_3006G217100	22	778
SORBI_3006G217200	22	779
SORBI_3006G217300	22	780
SORBI_3006G217400	22	781
SORBI_3006G217500	22	782
SORBI_3006G217700	22	783
SORBI_3006G217800	22	784
SORBI_3006G217900	22	785
SORBI_3006G217950	22	786
SORBI_3006G218000	22	787
SORBI_3006G218050	22	788
SORBI_3006G218100	22	789
SORBI_3006G218200	22	790
SORBI_3006G218300	22	791
SORBI_3006G218400	22	792
SORBI_3006G218600	22	793
SORBI_3006G218700	22	794
SORBI_3006G218800	22	795
SORBI_3006G218850	22	796
SORBI_3006G218900	22	797
SORBI_3006G218950	22	798
SORBI_3006G219000	22	799
SORBI_3006G219100	22	800
SORBI_3006G219150	22	801
SORBI_3006G219200	22	802
SORBI_3006G219250	22	803
SORBI_3006G219300	22	804
SORBI_3006G219400	22	805
SORBI_3006G219500	22	806
SORBI_3006G219600	22	807
SORBI_3006G219700	22	808
SORBI_3006G219801	22	809
SORBI_3006G219900	22	810
SORBI_3006G219950	22	811
SORBI_3006G220000	22	812
SORBI_3006G220100	22	813
SORBI_3006G220200	22	814
SORBI_3006G220300	22	815
SORBI_3006G220400	22	816
SORBI_3006G220500	22	817
SORBI_3006G220600	22	818
SORBI_3006G220700	22	819
SORBI_3006G220800	22	820
SORBI_3006G220900	22	821
SORBI_3006G221000	22	822
SORBI_3006G221101	22	823
SORBI_3006G221200	22	824
SORBI_3006G221300	22	825
SORBI_3006G221400	22	826
SORBI_3006G221500	22	827
SORBI_3006G221600	22	828
SORBI_3006G221700	22	829
SORBI_3006G221800	22	830
SORBI_3006G221850	22	831
SORBI_3006G221900	22	832
SORBI_3006G222000	22	833
SORBI_3006G222100	22	834
SORBI_3006G222200	22	835
SORBI_3006G222300	22	836
SORBI_3006G222400	22	837
SORBI_3006G222500	22	838
SORBI_3006G222600	22	839
SORBI_3006G222650	22	840
SORBI_3006G222700	22	841
SORBI_3006G222800	22	842
SORBI_3006G222901	22	843
SORBI_3006G223001	22	844
SORBI_3006G223101	22	845
SORBI_3006G223200	22	846
SORBI_3006G223300	22	847
SORBI_3006G223400	22	848
SORBI_3006G223500	22	849
SORBI_3006G223601	22	850
SORBI_3006G223700	22	851
SORBI_3006G223800	22	852
SORBI_3006G223850	22	853
SORBI_3006G223900	22	854
SORBI_3006G224000	22	855
SORBI_3006G224100	22	856
SORBI_3006G224200	22	857
SORBI_3006G224300	22	858
SORBI_3006G224400	22	859
SORBI_3006G224500	22	860
SORBI_3006G224600	22	861
SORBI_3006G224800	22	862
SORBI_3006G225000	22	863
SORBI_3006G225100	22	864
SORBI_3006G225200	22	865
SORBI_3006G225300	22	866
SORBI_3006G225400	22	867
SORBI_3006G225500	22	868
SORBI_3006G225600	22	869
SORBI_3006G225700	22	870
SORBI_3006G225800	22	871
SORBI_3006G225900	22	872
SORBI_3006G226000	22	873
SORBI_3006G226100	22	874
SORBI_3006G226200	22	875
SORBI_3006G226300	22	876
SORBI_3006G226400	22	877
SORBI_3006G226500	22	878
SORBI_3006G226601	22	879
SORBI_3006G226700	22	880
SORBI_3006G226800	22	881
SORBI_3006G226900	22	882
SORBI_3006G227000	22	883
SORBI_3006G227050	22	884
SORBI_3006G227100	22	885
SORBI_3006G227200	22	886
SORBI_3006G227300	22	887
SORBI_3006G227400	22	888
SORBI_3006G227500	22	889
SORBI_3006G227600	22	890
SORBI_3006G227700	22	891
SORBI_3006G227750	22	892
SORBI_3006G227800	22	893
SORBI_3006G227900	22	894
SORBI_3006G228000	22	895
SORBI_3006G228100	22	896
SORBI_3006G228200	22	897
SORBI_3006G228300	22	898
SORBI_3006G228400	22	899
SORBI_3006G228500	22	900
SORBI_3006G228700	22	901
SORBI_3006G228833	22	902
SORBI_3006G228966	22	903
SORBI_3006G229100	22	904
SORBI_3006G229200	22	905
SORBI_3006G229250	22	906
SORBI_3006G229300	22	907
SORBI_3006G229400	22	908
SORBI_3006G229500	22	909
SORBI_3006G229600	22	910
SORBI_3006G229700	22	911
SORBI_3006G229800	22	912
SORBI_3006G229901	22	913
SORBI_3006G230000	22	914
SORBI_3006G230100	22	915
SORBI_3006G230200	22	916
SORBI_3006G230300	22	917
SORBI_3006G230400	22	918
SORBI_3006G230500	22	919
SORBI_3006G230600	22	920
SORBI_3006G230700	22	921
SORBI_3006G230800	22	922
SORBI_3006G230900	22	923
SORBI_3006G231100	22	924
SORBI_3006G231200	22	925
SORBI_3006G231266	22	926
SORBI_3006G231332	22	927
SORBI_3006G231400	22	928
SORBI_3006G231500	22	929
SORBI_3006G231600	22	930
SORBI_3006G231700	22	931
SORBI_3006G231800	22	932
SORBI_3006G231900	22	933
SORBI_3006G232000	22	934
SORBI_3006G232100	22	935
SORBI_3006G232200	22	936
SORBI_3006G232300	22	937
SORBI_3006G232400	22	938
SORBI_3006G232500	22	939
SORBI_3006G232600	22	940
SORBI_3006G232700	22	941
SORBI_3006G232800	22	942
SORBI_3006G232900	22	943
SORBI_3006G233000	22	944
SORBI_3006G233100	22	945
SORBI_3006G233200	22	946
SORBI_3006G233300	22	947
SORBI_3006G233400	22	948
SORBI_3006G233500	22	949
SORBI_3006G233600	22	950
SORBI_3006G233700	22	951
SORBI_3006G233800	22	952
SORBI_3006G233900	22	953
SORBI_3006G234000	22	954
SORBI_3006G234100	22	955
SORBI_3006G234200	22	956
SORBI_3006G234300	22	957
SORBI_3006G234400	22	958
SORBI_3006G234433	22	959
SORBI_3006G234466	22	960
SORBI_3006G234500	22	961
SORBI_3006G234601	22	962
SORBI_3006G234700	22	963
SORBI_3006G234800	22	964
SORBI_3006G234850	22	965
SORBI_3006G234900	22	966
SORBI_3006G235000	22	967
SORBI_3006G235100	22	968
SORBI_3006G235200	22	969
SORBI_3006G235300	22	970
SORBI_3006G235350	22	971
SORBI_3006G235400	22	972
SORBI_3006G235500	22	973
SORBI_3006G235600	22	974
SORBI_3006G235650	22	975
SORBI_3006G235700	22	976
SORBI_3006G235800	22	977
SORBI_3006G235801	22	978
SORBI_3006G235900	22	979
SORBI_3006G236000	22	980
SORBI_3006G236100	22	981
SORBI_3006G236300	22	982
SORBI_3006G236400	22	983
SORBI_3006G236500	22	984
SORBI_3006G236600	22	985
SORBI_3006G236700	22	986
SORBI_3006G236800	22	987
SORBI_3006G236900	22	988
SORBI_3006G237000	22	989
SORBI_3006G237100	22	990
SORBI_3006G237200	22	991
SORBI_3006G237300	22	992
SORBI_3006G237400	22	993
SORBI_3006G237500	22	994
SORBI_3006G237600	22	995
SORBI_3006G237700	22	996
SORBI_3006G237800	22	997
SORBI_3006G237900	22	998
SORBI_3006G238000	22	999
SORBI_3006G238100	22	1000
SORBI_3006G238200	22	1001
SORBI_3006G238300	22	1002
SORBI_3006G238400	22	1003
SORBI_3006G238500	22	1004
SORBI_3006G238600	22	1005
SORBI_3006G238700	22	1006
SORBI_3006G238900	22	1007
SORBI_3006G239000	22	1008
SORBI_3006G239100	22	1009
SORBI_3006G239200	22	1010
SORBI_3006G239300	22	1011
SORBI_3006G239400	22	1012
SORBI_3006G239500	22	1013
SORBI_3006G239600	22	1014
SORBI_3006G239700	22	1015
SORBI_3006G239800	22	1016
SORBI_3006G239900	22	1017
SORBI_3006G240000	22	1018
SORBI_3006G240100	22	1019
SORBI_3006G240200	22	1020
SORBI_3006G240300	22	1021
SORBI_3006G240400	22	1022
SORBI_3006G240500	22	1023
SORBI_3006G240600	23	0
SORBI_3006G240650	23	1
SORBI_3006G240700	23	2
SORBI_3006G240800	23	3
SORBI_3006G240900	23	4
SORBI_3006G241000	23	5
SORBI_3006G241100	23	6
SORBI_3006G241200	23	7
SORBI_3006G241300	23	8
SORBI_3006G241350	23	9
SORBI_3006G241400	23	10
SORBI_3006G241500	23	11
SORBI_3006G241600	23	12
SORBI_3006G241700	23	13
SORBI_3006G241800	23	14
SORBI_3006G241900	23	15
SORBI_3006G241950	23	16
SORBI_3006G242000	23	17
SORBI_3006G242100	23	18
SORBI_3006G242200	23	19
SORBI_3006G242300	23	20
SORBI_3006G242401	23	21
SORBI_3006G242500	23	22
SORBI_3006G242600	23	23
SORBI_3006G242701	23	24
SORBI_3006G242800	23	25
SORBI_3006G242900	23	26
SORBI_3006G243000	23	27
SORBI_3006G243100	23	28
SORBI_3006G243200	23	29
SORBI_3006G243300	23	30
SORBI_3006G243400	23	31
SORBI_3006G243500	23	32
SORBI_3006G243600	23	33
SORBI_3006G243700	23	34
SORBI_3006G243800	23	35
SORBI_3006G243900	23	36
SORBI_3006G244000	23	37
SORBI_3006G244100	23	38
SORBI_3006G244200	23	39
SORBI_3006G244300	23	40
SORBI_3006G244400	23	41
SORBI_3006G244500	23	42
SORBI_3006G244600	23	43
SORBI_3006G244700	23	44
SORBI_3006G244800	23	45
SORBI_3006G244900	23	46
SORBI_3006G245000	23	47
SORBI_3006G245100	23	48
SORBI_3006G245200	23	49
SORBI_3006G245300	23	50
SORBI_3006G245400	23	51
SORBI_3006G245500	23	52
SORBI_3006G245600	23	53
SORBI_3006G245700	23	54
SORBI_3006G245800	23	55
SORBI_3006G245900	23	56
SORBI_3006G246001	23	57
SORBI_3006G246100	23	58
SORBI_3006G246200	23	59
SORBI_3006G246300	23	60
SORBI_3006G246350	23	61
SORBI_3006G246400	23	62
SORBI_3006G246500	23	63
SORBI_3006G246600	23	64
SORBI_3006G246700	23	65
SORBI_3006G246800	23	66
SORBI_3006G246900	23	67
SORBI_3006G247000	23	68
SORBI_3006G247100	23	69
SORBI_3006G247200	23	70
SORBI_3006G247300	23	71
SORBI_3006G247400	23	72
SORBI_3006G247500	23	73
SORBI_3006G247600	23	74
SORBI_3006G247700	23	75
SORBI_3006G247800	23	76
SORBI_3006G247900	23	77
SORBI_3006G248000	23	78
SORBI_3006G248100	23	79
SORBI_3006G248200	23	80
SORBI_3006G248300	23	81
SORBI_3006G248350	23	82
SORBI_3006G248400	23	83
SORBI_3006G248450	23	84
SORBI_3006G248500	23	85
SORBI_3006G248600	23	86
SORBI_3006G248700	23	87
SORBI_3006G248801	23	88
SORBI_3006G248900	23	89
SORBI_3006G249000	23	90
SORBI_3006G249050	23	91
SORBI_3006G249100	23	92
SORBI_3006G249200	23	93
SORBI_3006G249300	23	94
SORBI_3006G249400	23	95
SORBI_3006G249500	23	96
SORBI_3006G249600	23	97
SORBI_3006G249700	23	98
SORBI_3006G249800	23	99
SORBI_3006G249900	23	100
SORBI_3006G250000	23	101
SORBI_3006G250100	23	102
SORBI_3006G250200	23	103
SORBI_3006G250300	23	104
SORBI_3006G250350	23	105
SORBI_3006G250400	23	106
SORBI_3006G250500	23	107
SORBI_3006G250600	23	108
SORBI_3006G250700	23	109
SORBI_3006G250800	23	110
SORBI_3006G250900	23	111
SORBI_3006G251000	23	112
SORBI_3006G251100	23	113
SORBI_3006G251200	23	114
SORBI_3006G251301	23	115
SORBI_3006G251400	23	116
SORBI_3006G251500	23	117
SORBI_3006G251600	23	118
SORBI_3006G251701	23	119
SORBI_3006G251800	23	120
SORBI_3006G251900	23	121
SORBI_3006G252000	23	122
SORBI_3006G252100	23	123
SORBI_3006G252200	23	124
SORBI_3006G252300	23	125
SORBI_3006G252400	23	126
SORBI_3006G252466	23	127
SORBI_3006G252532	23	128
SORBI_3006G252600	23	129
SORBI_3006G252700	23	130
SORBI_3006G252800	23	131
SORBI_3006G252900	23	132
SORBI_3006G253000	23	133
SORBI_3006G253050	23	134
SORBI_3006G253100	23	135
SORBI_3006G253200	23	136
SORBI_3006G253300	23	137
SORBI_3006G253400	23	138
SORBI_3006G253500	23	139
SORBI_3006G253600	23	140
SORBI_3006G253700	23	141
SORBI_3006G253801	23	142
SORBI_3006G253900	23	143
SORBI_3006G254000	23	144
SORBI_3006G254100	23	145
SORBI_3006G254200	23	146
SORBI_3006G254300	23	147
SORBI_3006G254400	23	148
SORBI_3006G254500	23	149
SORBI_3006G254600	23	150
SORBI_3006G254700	23	151
SORBI_3006G254800	23	152
SORBI_3006G254900	23	153
SORBI_3006G255000	23	154
SORBI_3006G255100	23	155
SORBI_3006G255200	23	156
SORBI_3006G255300	23	157
SORBI_3006G255400	23	158
SORBI_3006G255500	23	159
SORBI_3006G255600	23	160
SORBI_3006G255700	23	161
SORBI_3006G255800	23	162
SORBI_3006G255900	23	163
SORBI_3006G256000	23	164
SORBI_3006G256100	23	165
SORBI_3006G256200	23	166
SORBI_3006G256300	23	167
SORBI_3006G256400	23	168
SORBI_3006G256500	23	169
SORBI_3006G256600	23	170
SORBI_3006G256700	23	171
SORBI_3006G256801	23	172
SORBI_3006G256900	23	173
SORBI_3006G257001	23	174
SORBI_3006G257100	23	175
SORBI_3006G257200	23	176
SORBI_3006G257250	23	177
SORBI_3006G257300	23	178
SORBI_3006G257400	23	179
SORBI_3006G257500	23	180
SORBI_3006G257550	23	181
SORBI_3006G257600	23	182
SORBI_3006G257700	23	183
SORBI_3006G257800	23	184
SORBI_3006G257900	23	185
SORBI_3006G258000	23	186
SORBI_3006G258100	23	187
SORBI_3006G258200	23	188
SORBI_3006G258300	23	189
SORBI_3006G258400	23	190
SORBI_3006G258500	23	191
SORBI_3006G258600	23	192
SORBI_3006G258700	23	193
SORBI_3006G258800	23	194
SORBI_3006G258900	23	195
SORBI_3006G259000	23	196
SORBI_3006G259100	23	197
SORBI_3006G259201	23	198
SORBI_3006G259300	23	199
SORBI_3006G259401	23	200
SORBI_3006G259501	23	201
SORBI_3006G259600	23	202
SORBI_3006G259700	23	203
SORBI_3006G259800	23	204
SORBI_3006G259900	23	205
SORBI_3006G260000	23	206
SORBI_3006G260101	23	207
SORBI_3006G260200	23	208
SORBI_3006G260300	23	209
SORBI_3006G260400	23	210
SORBI_3006G260500	23	211
SORBI_3006G260600	23	212
SORBI_3006G260700	23	213
SORBI_3006G260800	23	214
SORBI_3006G260900	23	215
SORBI_3006G261000	23	216
SORBI_3006G261100	23	217
SORBI_3006G261200	23	218
SORBI_3006G261300	23	219
SORBI_3006G261400	23	220
SORBI_3006G261500	23	221
SORBI_3006G261550	23	222
SORBI_3006G261600	23	223
SORBI_3006G261650	23	224
SORBI_3006G261700	23	225
SORBI_3006G261800	23	226
SORBI_3006G261900	23	227
SORBI_3006G262001	23	228
SORBI_3006G262100	23	229
SORBI_3006G262200	23	230
SORBI_3006G262300	23	231
SORBI_3006G262400	23	232
SORBI_3006G262501	23	233
SORBI_3006G262600	23	234
SORBI_3006G262700	23	235
SORBI_3006G262800	23	236
SORBI_3006G262900	23	237
SORBI_3006G263000	23	238
SORBI_3006G263100	23	239
SORBI_3006G263200	23	240
SORBI_3006G263250	23	241
SORBI_3006G263300	23	242
SORBI_3006G263400	23	243
SORBI_3006G263500	23	244
SORBI_3006G263600	23	245
SORBI_3006G263700	23	246
SORBI_3006G263800	23	247
SORBI_3006G263900	23	248
SORBI_3006G264000	23	249
SORBI_3006G264100	23	250
SORBI_3006G264201	23	251
SORBI_3006G264300	23	252
SORBI_3006G264400	23	253
SORBI_3006G264500	23	254
SORBI_3006G264700	23	255
SORBI_3006G264800	23	256
SORBI_3006G264900	23	257
SORBI_3006G265000	23	258
SORBI_3006G265100	23	259
SORBI_3006G265200	23	260
SORBI_3006G265300	23	261
SORBI_3006G265400	23	262
SORBI_3006G265500	23	263
SORBI_3006G265600	23	264
SORBI_3006G265700	23	265
SORBI_3006G265800	23	266
SORBI_3006G265900	23	267
SORBI_3006G266000	23	268
SORBI_3006G266100	23	269
SORBI_3006G266200	23	270
SORBI_3006G266300	23	271
SORBI_3006G266400	23	272
SORBI_3006G266600	23	273
SORBI_3006G266700	23	274
SORBI_3006G266800	23	275
SORBI_3006G266850	23	276
SORBI_3006G266900	23	277
SORBI_3006G267000	23	278
SORBI_3006G267100	23	279
SORBI_3006G267200	23	280
SORBI_3006G267300	23	281
SORBI_3006G267400	23	282
SORBI_3006G267500	23	283
SORBI_3006G267600	23	284
SORBI_3006G267700	23	285
SORBI_3006G267800	23	286
SORBI_3006G267900	23	287
SORBI_3006G267950	23	288
SORBI_3006G268000	23	289
SORBI_3006G268100	23	290
SORBI_3006G268200	23	291
SORBI_3006G268300	23	292
SORBI_3006G268500	23	293
SORBI_3006G268600	23	294
SORBI_3006G268700	23	295
SORBI_3006G268800	23	296
SORBI_3006G268900	23	297
SORBI_3006G269000	23	298
SORBI_3006G269101	23	299
SORBI_3006G269200	23	300
SORBI_3006G269250	23	301
SORBI_3006G269300	23	302
SORBI_3006G269400	23	303
SORBI_3006G269501	23	304
SORBI_3006G269600	23	305
SORBI_3006G269700	23	306
SORBI_3006G269800	23	307
SORBI_3006G269900	23	308
SORBI_3006G270000	23	309
SORBI_3006G270100	23	310
SORBI_3006G270200	23	311
SORBI_3006G270300	23	312
SORBI_3006G270400	23	313
SORBI_3006G270500	23	314
SORBI_3006G270600	23	315
SORBI_3006G270700	23	316
SORBI_3006G270800	23	317
SORBI_3006G270900	23	318
SORBI_3006G271000	23	319
SORBI_3006G271100	23	320
SORBI_3006G271200	23	321
SORBI_3006G271300	23	322
SORBI_3006G271400	23	323
SORBI_3006G271500	23	324
SORBI_3006G271600	23	325
SORBI_3006G271700	23	326
SORBI_3006G271800	23	327
SORBI_3006G271900	23	328
SORBI_3006G272000	23	329
SORBI_3006G272100	23	330
SORBI_3006G272200	23	331
SORBI_3006G272300	23	332
SORBI_3006G272400	23	333
SORBI_3006G272450	23	334
SORBI_3006G272500	23	335
SORBI_3006G272600	23	336
SORBI_3006G272700	23	337
SORBI_3006G272800	23	338
SORBI_3006G272900	23	339
SORBI_3006G273000	23	340
SORBI_3006G273100	23	341
SORBI_3006G273150	23	342
SORBI_3006G273200	23	343
SORBI_3006G273300	23	344
SORBI_3006G273400	23	345
SORBI_3006G273500	23	346
SORBI_3006G273600	23	347
SORBI_3006G273700	23	348
SORBI_3006G273800	23	349
SORBI_3006G273900	23	350
SORBI_3006G274000	23	351
SORBI_3006G274100	23	352
SORBI_3006G274200	23	353
SORBI_3006G274300	23	354
SORBI_3006G274400	23	355
SORBI_3006G274500	23	356
SORBI_3006G274600	23	357
SORBI_3006G274700	23	358
SORBI_3006G274800	23	359
SORBI_3006G274833	23	360
SORBI_3006G274866	23	361
SORBI_3006G274933	23	362
SORBI_3006G275000	23	363
SORBI_3006G275100	23	364
SORBI_3006G275200	23	365
SORBI_3006G275300	23	366
SORBI_3006G275401	23	367
SORBI_3006G275500	23	368
SORBI_3006G275600	23	369
SORBI_3006G275700	23	370
SORBI_3006G275800	23	371
SORBI_3006G275900	23	372
SORBI_3006G276000	23	373
SORBI_3006G276100	23	374
SORBI_3006G276200	23	375
SORBI_3006G276300	23	376
SORBI_3006G276401	23	377
SORBI_3006G276500	23	378
SORBI_3006G276533	23	379
SORBI_3006G276566	23	380
SORBI_3006G276600	23	381
SORBI_3006G276700	23	382
SORBI_3006G276801	23	383
SORBI_3006G276900	23	384
SORBI_3006G277000	23	385
SORBI_3006G277100	23	386
SORBI_3006G277200	23	387
SORBI_3006G277300	23	388
SORBI_3006G277400	23	389
SORBI_3006G277500	23	390
SORBI_3006G277550	23	391
SORBI_3006G277600	23	392
SORBI_3006G277700	23	393
SORBI_3006G277750	23	394
SORBI_3006G277800	23	395
SORBI_3006G277900	23	396
SORBI_3006G278000	23	397
SORBI_3006G278100	23	398
SORBI_3006G278200	23	399
SORBI_3006G278300	23	400
SORBI_3006G278400	23	401
SORBI_3006G278500	23	402
SORBI_3006G278600	23	403
SORBI_3006G278700	23	404
SORBI_3006G278800	23	405
SORBI_3006G278900	23	406
SORBI_3006G278950	23	407
SORBI_3006G279000	23	408
SORBI_3006G279100	23	409
SORBI_3006G279200	23	410
SORBI_3006G279400	23	411
SORBI_3006G279600	23	412
SORBI_3006G279700	23	413
SORBI_3006G279800	23	414
SORBI_3006G279900	23	415
SORBI_3006G280000	23	416
SORBI_3006G280050	23	417
SORBI_3006G280100	23	418
SORBI_3006G280200	23	419
SORBI_3006G280250	23	420
SORBI_3006G280300	23	421
SORBI_3006G280400	23	422
SORBI_3006G280500	23	423
SORBI_3006G280600	23	424
SORBI_3006G280700	23	425
SORBI_3006G280800	23	426
SORBI_3006G280900	23	427
SORBI_3006G281000	23	428
SORBI_3006G281066	23	429
SORBI_3006G281132	23	430
SORBI_3006G281200	23	431
SORBI_3006G281300	23	432
SORBI_3006G281400	23	433
SORBI_3006G281500	23	434
SORBI_3006G281600	23	435
SORBI_3006G281700	23	436
SORBI_3006G281800	23	437
SORBI_3006G281900	23	438
SORBI_3006G282000	23	439
SORBI_3006G282100	23	440
SORBI_3006G282200	23	441
SORBI_3006G282300	23	442
SORBI_3007G000050	23	443
SORBI_3007G000100	23	444
SORBI_3007G000200	23	445
SORBI_3007G000300	23	446
SORBI_3007G000400	23	447
SORBI_3007G000500	23	448
SORBI_3007G000600	23	449
SORBI_3007G000700	23	450
SORBI_3007G000800	23	451
SORBI_3007G000900	23	452
SORBI_3007G001100	23	453
SORBI_3007G001200	23	454
SORBI_3007G001300	23	455
SORBI_3007G001500	23	456
SORBI_3007G001600	23	457
SORBI_3007G001700	23	458
SORBI_3007G001800	23	459
SORBI_3007G001900	23	460
SORBI_3007G002000	23	461
SORBI_3007G002100	23	462
SORBI_3007G002200	23	463
SORBI_3007G002300	23	464
SORBI_3007G002400	23	465
SORBI_3007G002500	23	466
SORBI_3007G002600	23	467
SORBI_3007G002700	23	468
SORBI_3007G002800	23	469
SORBI_3007G002900	23	470
SORBI_3007G003000	23	471
SORBI_3007G003100	23	472
SORBI_3007G003200	23	473
SORBI_3007G003250	23	474
SORBI_3007G003300	23	475
SORBI_3007G003400	23	476
SORBI_3007G003500	23	477
SORBI_3007G003600	23	478
SORBI_3007G003700	23	479
SORBI_3007G003800	23	480
SORBI_3007G003900	23	481
SORBI_3007G004000	23	482
SORBI_3007G004100	23	483
SORBI_3007G004200	23	484
SORBI_3007G004300	23	485
SORBI_3007G004400	23	486
SORBI_3007G004500	23	487
SORBI_3007G004600	23	488
SORBI_3007G004700	23	489
SORBI_3007G004750	23	490
SORBI_3007G004800	23	491
SORBI_3007G004850	23	492
SORBI_3007G004900	23	493
SORBI_3007G005000	23	494
SORBI_3007G005100	23	495
SORBI_3007G005200	23	496
SORBI_3007G005300	23	497
SORBI_3007G005400	23	498
SORBI_3007G005500	23	499
SORBI_3007G005600	23	500
SORBI_3007G005700	23	501
SORBI_3007G005800	23	502
SORBI_3007G005850	23	503
SORBI_3007G005900	23	504
SORBI_3007G006000	23	505
SORBI_3007G006100	23	506
SORBI_3007G006200	23	507
SORBI_3007G006300	23	508
SORBI_3007G006350	23	509
SORBI_3007G006400	23	510
SORBI_3007G006501	23	511
SORBI_3007G006600	23	512
SORBI_3007G006700	23	513
SORBI_3007G006800	23	514
SORBI_3007G006900	23	515
SORBI_3007G007000	23	516
SORBI_3007G007100	23	517
SORBI_3007G007200	23	518
SORBI_3007G007250	23	519
SORBI_3007G007300	23	520
SORBI_3007G007400	23	521
SORBI_3007G007600	23	522
SORBI_3007G007650	23	523
SORBI_3007G007700	23	524
SORBI_3007G007800	23	525
SORBI_3007G007900	23	526
SORBI_3007G008000	23	527
SORBI_3007G008100	23	528
SORBI_3007G008200	23	529
SORBI_3007G008300	23	530
SORBI_3007G008400	23	531
SORBI_3007G008500	23	532
SORBI_3007G008600	23	533
SORBI_3007G008700	23	534
SORBI_3007G008800	23	535
SORBI_3007G008900	23	536
SORBI_3007G009000	23	537
SORBI_3007G009100	23	538
SORBI_3007G009200	23	539
SORBI_3007G009300	23	540
SORBI_3007G009400	23	541
SORBI_3007G009500	23	542
SORBI_3007G009600	23	543
SORBI_3007G009700	23	544
SORBI_3007G009800	23	545
SORBI_3007G009900	23	546
SORBI_3007G010000	23	547
SORBI_3007G010100	23	548
SORBI_3007G010200	23	549
SORBI_3007G010300	23	550
SORBI_3007G010350	23	551
SORBI_3007G010400	23	552
SORBI_3007G010550	23	553
SORBI_3007G010700	23	554
SORBI_3007G010800	23	555
SORBI_3007G010900	23	556
SORBI_3007G011000	23	557
SORBI_3007G011100	23	558
SORBI_3007G011200	23	559
SORBI_3007G011300	23	560
SORBI_3007G011400	23	561
SORBI_3007G011500	23	562
SORBI_3007G011600	23	563
SORBI_3007G011700	23	564
SORBI_3007G011800	23	565
SORBI_3007G011900	23	566
SORBI_3007G012001	23	567
SORBI_3007G012100	23	568
SORBI_3007G012300	23	569
SORBI_3007G012400	23	570
SORBI_3007G012500	23	571
SORBI_3007G012600	23	572
SORBI_3007G012700	23	573
SORBI_3007G012800	23	574
SORBI_3007G012900	23	575
SORBI_3007G013000	23	576
SORBI_3007G013100	23	577
SORBI_3007G013200	23	578
SORBI_3007G013300	23	579
SORBI_3007G013400	23	580
SORBI_3007G013500	23	581
SORBI_3007G013601	23	582
SORBI_3007G013700	23	583
SORBI_3007G013800	23	584
SORBI_3007G013900	23	585
SORBI_3007G014000	23	586
SORBI_3007G014100	23	587
SORBI_3007G014200	23	588
SORBI_3007G014300	23	589
SORBI_3007G014400	23	590
SORBI_3007G014500	23	591
SORBI_3007G014600	23	592
SORBI_3007G014700	23	593
SORBI_3007G014800	23	594
SORBI_3007G014900	23	595
SORBI_3007G015000	23	596
SORBI_3007G015100	23	597
SORBI_3007G015200	23	598
SORBI_3007G015300	23	599
SORBI_3007G015400	23	600
SORBI_3007G015500	23	601
SORBI_3007G015600	23	602
SORBI_3007G015700	23	603
SORBI_3007G015800	23	604
SORBI_3007G015900	23	605
SORBI_3007G016000	23	606
SORBI_3007G016100	23	607
SORBI_3007G016200	23	608
SORBI_3007G016300	23	609
SORBI_3007G016400	23	610
SORBI_3007G016500	23	611
SORBI_3007G016600	23	612
SORBI_3007G016700	23	613
SORBI_3007G016750	23	614
SORBI_3007G016800	23	615
SORBI_3007G016900	23	616
SORBI_3007G017000	23	617
SORBI_3007G017100	23	618
SORBI_3007G017200	23	619
SORBI_3007G017300	23	620
SORBI_3007G017400	23	621
SORBI_3007G017500	23	622
SORBI_3007G017700	23	623
SORBI_3007G017800	23	624
SORBI_3007G017900	23	625
SORBI_3007G018000	23	626
SORBI_3007G018100	23	627
SORBI_3007G018200	23	628
SORBI_3007G018300	23	629
SORBI_3007G018400	23	630
SORBI_3007G018500	23	631
SORBI_3007G018550	23	632
SORBI_3007G018601	23	633
SORBI_3007G018651	23	634
SORBI_3007G018700	23	635
SORBI_3007G018900	23	636
SORBI_3007G019000	23	637
SORBI_3007G019100	23	638
SORBI_3007G019200	23	639
SORBI_3007G019300	23	640
SORBI_3007G019400	23	641
SORBI_3007G019501	23	642
SORBI_3007G019600	23	643
SORBI_3007G019700	23	644
SORBI_3007G019800	23	645
SORBI_3007G019900	23	646
SORBI_3007G020000	23	647
SORBI_3007G020100	23	648
SORBI_3007G020200	23	649
SORBI_3007G020300	23	650
SORBI_3007G020400	23	651
SORBI_3007G020500	23	652
SORBI_3007G020600	23	653
SORBI_3007G020700	23	654
SORBI_3007G020800	23	655
SORBI_3007G020900	23	656
SORBI_3007G021000	23	657
SORBI_3007G021100	23	658
SORBI_3007G021200	23	659
SORBI_3007G021300	23	660
SORBI_3007G021400	23	661
SORBI_3007G021500	23	662
SORBI_3007G021600	23	663
SORBI_3007G021700	23	664
SORBI_3007G021800	23	665
SORBI_3007G021900	23	666
SORBI_3007G022000	23	667
SORBI_3007G022100	23	668
SORBI_3007G022200	23	669
SORBI_3007G022300	23	670
SORBI_3007G022400	23	671
SORBI_3007G022500	23	672
SORBI_3007G022600	23	673
SORBI_3007G022700	23	674
SORBI_3007G022800	23	675
SORBI_3007G022900	23	676
SORBI_3007G023000	23	677
SORBI_3007G023100	23	678
SORBI_3007G023200	23	679
SORBI_3007G023300	23	680
SORBI_3007G023400	23	681
SORBI_3007G023500	23	682
SORBI_3007G023600	23	683
SORBI_3007G023650	23	684
SORBI_3007G023700	23	685
SORBI_3007G023800	23	686
SORBI_3007G023900	23	687
SORBI_3007G024000	23	688
SORBI_3007G024100	23	689
SORBI_3007G024150	23	690
SORBI_3007G024200	23	691
SORBI_3007G024300	23	692
SORBI_3007G024400	23	693
SORBI_3007G024500	23	694
SORBI_3007G024600	23	695
SORBI_3007G024700	23	696
SORBI_3007G024800	23	697
SORBI_3007G024900	23	698
SORBI_3007G025000	23	699
SORBI_3007G025100	23	700
SORBI_3007G025200	23	701
SORBI_3007G025300	23	702
SORBI_3007G025350	23	703
SORBI_3007G025400	23	704
SORBI_3007G025500	23	705
SORBI_3007G025600	23	706
SORBI_3007G025700	23	707
SORBI_3007G025800	23	708
SORBI_3007G025900	23	709
SORBI_3007G026000	23	710
SORBI_3007G026100	23	711
SORBI_3007G026200	23	712
SORBI_3007G026300	23	713
SORBI_3007G026400	23	714
SORBI_3007G026500	23	715
SORBI_3007G026600	23	716
SORBI_3007G026700	23	717
SORBI_3007G026800	23	718
SORBI_3007G026900	23	719
SORBI_3007G027000	23	720
SORBI_3007G027100	23	721
SORBI_3007G027200	23	722
SORBI_3007G027301	23	723
SORBI_3007G027400	23	724
SORBI_3007G027500	23	725
SORBI_3007G027601	23	726
SORBI_3007G027700	23	727
SORBI_3007G027800	23	728
SORBI_3007G027900	23	729
SORBI_3007G028001	23	730
SORBI_3007G028100	23	731
SORBI_3007G028200	23	732
SORBI_3007G028300	23	733
SORBI_3007G028400	23	734
SORBI_3007G028500	23	735
SORBI_3007G028600	23	736
SORBI_3007G028700	23	737
SORBI_3007G028766	23	738
SORBI_3007G028832	23	739
SORBI_3007G028900	23	740
SORBI_3007G029000	23	741
SORBI_3007G029100	23	742
SORBI_3007G029200	23	743
SORBI_3007G029300	23	744
SORBI_3007G029400	23	745
SORBI_3007G029500	23	746
SORBI_3007G029600	23	747
SORBI_3007G029700	23	748
SORBI_3007G029800	23	749
SORBI_3007G029900	23	750
SORBI_3007G030000	23	751
SORBI_3007G030100	23	752
SORBI_3007G030200	23	753
SORBI_3007G030300	23	754
SORBI_3007G030400	23	755
SORBI_3007G030501	23	756
SORBI_3007G030600	23	757
SORBI_3007G030700	23	758
SORBI_3007G030800	23	759
SORBI_3007G030900	23	760
SORBI_3007G031000	23	761
SORBI_3007G031100	23	762
SORBI_3007G031200	23	763
SORBI_3007G031300	23	764
SORBI_3007G031400	23	765
SORBI_3007G031500	23	766
SORBI_3007G031600	23	767
SORBI_3007G031700	23	768
SORBI_3007G031800	23	769
SORBI_3007G031900	23	770
SORBI_3007G032000	23	771
SORBI_3007G032100	23	772
SORBI_3007G032200	23	773
SORBI_3007G032300	23	774
SORBI_3007G032400	23	775
SORBI_3007G032500	23	776
SORBI_3007G032600	23	777
SORBI_3007G032700	23	778
SORBI_3007G032800	23	779
SORBI_3007G032900	23	780
SORBI_3007G033100	23	781
SORBI_3007G033200	23	782
SORBI_3007G033300	23	783
SORBI_3007G033400	23	784
SORBI_3007G033500	23	785
SORBI_3007G033600	23	786
SORBI_3007G033700	23	787
SORBI_3007G033800	23	788
SORBI_3007G033900	23	789
SORBI_3007G034000	23	790
SORBI_3007G034100	23	791
SORBI_3007G034200	23	792
SORBI_3007G034300	23	793
SORBI_3007G034400	23	794
SORBI_3007G034500	23	795
SORBI_3007G034550	23	796
SORBI_3007G034600	23	797
SORBI_3007G034650	23	798
SORBI_3007G034700	23	799
SORBI_3007G034900	23	800
SORBI_3007G035000	23	801
SORBI_3007G035100	23	802
SORBI_3007G035200	23	803
SORBI_3007G035300	23	804
SORBI_3007G035500	23	805
SORBI_3007G035600	23	806
SORBI_3007G035700	23	807
SORBI_3007G035800	23	808
SORBI_3007G035900	23	809
SORBI_3007G036000	23	810
SORBI_3007G036100	23	811
SORBI_3007G036200	23	812
SORBI_3007G036300	23	813
SORBI_3007G036400	23	814
SORBI_3007G036500	23	815
SORBI_3007G036550	23	816
SORBI_3007G036600	23	817
SORBI_3007G036700	23	818
SORBI_3007G036750	23	819
SORBI_3007G036800	23	820
SORBI_3007G036900	23	821
SORBI_3007G037000	23	822
SORBI_3007G037100	23	823
SORBI_3007G037200	23	824
SORBI_3007G037301	23	825
SORBI_3007G037400	23	826
SORBI_3007G037600	23	827
SORBI_3007G037700	23	828
SORBI_3007G037800	23	829
SORBI_3007G037900	23	830
SORBI_3007G038000	23	831
SORBI_3007G038100	23	832
SORBI_3007G038200	23	833
SORBI_3007G038250	23	834
SORBI_3007G038300	23	835
SORBI_3007G038366	23	836
SORBI_3007G038432	23	837
SORBI_3007G038500	23	838
SORBI_3007G038600	23	839
SORBI_3007G038700	23	840
SORBI_3007G038800	23	841
SORBI_3007G038900	23	842
SORBI_3007G039001	23	843
SORBI_3007G039100	23	844
SORBI_3007G039200	23	845
SORBI_3007G039300	23	846
SORBI_3007G039400	23	847
SORBI_3007G039500	23	848
SORBI_3007G039600	23	849
SORBI_3007G039700	23	850
SORBI_3007G039800	23	851
SORBI_3007G039814	23	852
SORBI_3007G039828	23	853
SORBI_3007G039842	23	854
SORBI_3007G039856	23	855
SORBI_3007G039870	23	856
SORBI_3007G039884	23	857
SORBI_3007G039900	23	858
SORBI_3007G040000	23	859
SORBI_3007G040050	23	860
SORBI_3007G040100	23	861
SORBI_3007G040150	23	862
SORBI_3007G040200	23	863
SORBI_3007G040301	23	864
SORBI_3007G040400	23	865
SORBI_3007G040500	23	866
SORBI_3007G040600	23	867
SORBI_3007G040700	23	868
SORBI_3007G040800	23	869
SORBI_3007G040900	23	870
SORBI_3007G041000	23	871
SORBI_3007G041100	23	872
SORBI_3007G041200	23	873
SORBI_3007G041300	23	874
SORBI_3007G041400	23	875
SORBI_3007G041500	23	876
SORBI_3007G041600	23	877
SORBI_3007G041701	23	878
SORBI_3007G041800	23	879
SORBI_3007G041900	23	880
SORBI_3007G042100	23	881
SORBI_3007G042150	23	882
SORBI_3007G042200	23	883
SORBI_3007G042300	23	884
SORBI_3007G042400	23	885
SORBI_3007G042500	23	886
SORBI_3007G042600	23	887
SORBI_3007G042700	23	888
SORBI_3007G042800	23	889
SORBI_3007G042900	23	890
SORBI_3007G043000	23	891
SORBI_3007G043050	23	892
SORBI_3007G043100	23	893
SORBI_3007G043200	23	894
SORBI_3007G043300	23	895
SORBI_3007G043400	23	896
SORBI_3007G043500	23	897
SORBI_3007G043600	23	898
SORBI_3007G043700	23	899
SORBI_3007G043750	23	900
SORBI_3007G043800	23	901
SORBI_3007G043900	23	902
SORBI_3007G044000	23	903
SORBI_3007G044100	23	904
SORBI_3007G044201	23	905
SORBI_3007G044300	23	906
SORBI_3007G044350	23	907
SORBI_3007G044400	23	908
SORBI_3007G044500	23	909
SORBI_3007G044600	23	910
SORBI_3007G044700	23	911
SORBI_3007G044800	23	912
SORBI_3007G044900	23	913
SORBI_3007G045000	23	914
SORBI_3007G045100	23	915
SORBI_3007G045201	23	916
SORBI_3007G045300	23	917
SORBI_3007G045500	23	918
SORBI_3007G045600	23	919
SORBI_3007G045700	23	920
SORBI_3007G045750	23	921
SORBI_3007G045800	23	922
SORBI_3007G045900	23	923
SORBI_3007G046000	23	924
SORBI_3007G046100	23	925
SORBI_3007G046200	23	926
SORBI_3007G046400	23	927
SORBI_3007G046500	23	928
SORBI_3007G046600	23	929
SORBI_3007G046700	23	930
SORBI_3007G046800	23	931
SORBI_3007G046900	23	932
SORBI_3007G046950	23	933
SORBI_3007G047000	23	934
SORBI_3007G047050	23	935
SORBI_3007G047100	23	936
SORBI_3007G047200	23	937
SORBI_3007G047300	23	938
SORBI_3007G047400	23	939
SORBI_3007G047450	23	940
SORBI_3007G047500	23	941
SORBI_3007G047600	23	942
SORBI_3007G047700	23	943
SORBI_3007G047900	23	944
SORBI_3007G048000	23	945
SORBI_3007G048101	23	946
SORBI_3007G048200	23	947
SORBI_3007G048300	23	948
SORBI_3007G048400	23	949
SORBI_3007G048500	23	950
SORBI_3007G048600	23	951
SORBI_3007G048700	23	952
SORBI_3007G048800	23	953
SORBI_3007G048900	23	954
SORBI_3007G049000	23	955
SORBI_3007G049050	23	956
SORBI_3007G049100	23	957
SORBI_3007G049200	23	958
SORBI_3007G049300	23	959
SORBI_3007G049400	23	960
SORBI_3007G049500	23	961
SORBI_3007G049600	23	962
SORBI_3007G049700	23	963
SORBI_3007G049733	23	964
SORBI_3007G049766	23	965
SORBI_3007G049800	23	966
SORBI_3007G049900	23	967
SORBI_3007G050000	23	968
SORBI_3007G050100	23	969
SORBI_3007G050200	23	970
SORBI_3007G050300	23	971
SORBI_3007G050400	23	972
SORBI_3007G050500	23	973
SORBI_3007G050600	23	974
SORBI_3007G050650	23	975
SORBI_3007G050700	23	976
SORBI_3007G050750	23	977
SORBI_3007G050800	23	978
SORBI_3007G050900	23	979
SORBI_3007G051000	23	980
SORBI_3007G051100	23	981
SORBI_3007G051200	23	982
SORBI_3007G051300	23	983
SORBI_3007G051400	23	984
SORBI_3007G051501	23	985
SORBI_3007G051600	23	986
SORBI_3007G051700	23	987
SORBI_3007G051800	23	988
SORBI_3007G051900	23	989
SORBI_3007G052000	23	990
SORBI_3007G052100	23	991
SORBI_3007G052201	23	992
SORBI_3007G052300	23	993
SORBI_3007G052400	23	994
SORBI_3007G052500	23	995
SORBI_3007G052600	23	996
SORBI_3007G052700	23	997
SORBI_3007G052800	23	998
SORBI_3007G052900	23	999
SORBI_3007G053000	23	1000
SORBI_3007G053100	23	1001
SORBI_3007G053300	23	1002
SORBI_3007G053400	23	1003
SORBI_3007G053500	23	1004
SORBI_3007G053600	23	1005
SORBI_3007G053700	23	1006
SORBI_3007G053800	23	1007
SORBI_3007G053900	23	1008
SORBI_3007G054000	23	1009
SORBI_3007G054100	23	1010
SORBI_3007G054200	23	1011
SORBI_3007G054300	23	1012
SORBI_3007G054400	23	1013
SORBI_3007G054500	23	1014
SORBI_3007G054600	23	1015
SORBI_3007G054700	23	1016
SORBI_3007G054800	23	1017
SORBI_3007G054900	23	1018
SORBI_3007G055000	23	1019
SORBI_3007G055100	23	1020
SORBI_3007G055300	23	1021
SORBI_3007G055400	23	1022
SORBI_3007G055500	23	1023
SORBI_3007G055600	24	0
SORBI_3007G055700	24	1
SORBI_3007G055800	24	2
SORBI_3007G055900	24	3
SORBI_3007G056100	24	4
SORBI_3007G056200	24	5
SORBI_3007G056300	24	6
SORBI_3007G056400	24	7
SORBI_3007G056500	24	8
SORBI_3007G056600	24	9
SORBI_3007G056700	24	10
SORBI_3007G056800	24	11
SORBI_3007G056900	24	12
SORBI_3007G057000	24	13
SORBI_3007G057100	24	14
SORBI_3007G057201	24	15
SORBI_3007G057300	24	16
SORBI_3007G057400	24	17
SORBI_3007G057450	24	18
SORBI_3007G057500	24	19
SORBI_3007G057600	24	20
SORBI_3007G057700	24	21
SORBI_3007G057800	24	22
SORBI_3007G057900	24	23
SORBI_3007G058001	24	24
SORBI_3007G058100	24	25
SORBI_3007G058200	24	26
SORBI_3007G058300	24	27
SORBI_3007G058400	24	28
SORBI_3007G058600	24	29
SORBI_3007G058700	24	30
SORBI_3007G058800	24	31
SORBI_3007G058900	24	32
SORBI_3007G059000	24	33
SORBI_3007G059100	24	34
SORBI_3007G059150	24	35
SORBI_3007G059200	24	36
SORBI_3007G059300	24	37
SORBI_3007G059400	24	38
SORBI_3007G059500	24	39
SORBI_3007G059600	24	40
SORBI_3007G059700	24	41
SORBI_3007G059800	24	42
SORBI_3007G059900	24	43
SORBI_3007G060000	24	44
SORBI_3007G060100	24	45
SORBI_3007G060201	24	46
SORBI_3007G060300	24	47
SORBI_3007G060400	24	48
SORBI_3007G060500	24	49
SORBI_3007G060550	24	50
SORBI_3007G060600	24	51
SORBI_3007G060700	24	52
SORBI_3007G060800	24	53
SORBI_3007G060900	24	54
SORBI_3007G061000	24	55
SORBI_3007G061100	24	56
SORBI_3007G061300	24	57
SORBI_3007G061400	24	58
SORBI_3007G061500	24	59
SORBI_3007G061600	24	60
SORBI_3007G061700	24	61
SORBI_3007G061800	24	62
SORBI_3007G061900	24	63
SORBI_3007G062000	24	64
SORBI_3007G062100	24	65
SORBI_3007G062200	24	66
SORBI_3007G062500	24	67
SORBI_3007G062600	24	68
SORBI_3007G062700	24	69
SORBI_3007G062800	24	70
SORBI_3007G062900	24	71
SORBI_3007G063000	24	72
SORBI_3007G063100	24	73
SORBI_3007G063200	24	74
SORBI_3007G063300	24	75
SORBI_3007G063500	24	76
SORBI_3007G063600	24	77
SORBI_3007G063700	24	78
SORBI_3007G063800	24	79
SORBI_3007G063900	24	80
SORBI_3007G064000	24	81
SORBI_3007G064100	24	82
SORBI_3007G064250	24	83
SORBI_3007G064400	24	84
SORBI_3007G064500	24	85
SORBI_3007G064600	24	86
SORBI_3007G064700	24	87
SORBI_3007G064800	24	88
SORBI_3007G064900	24	89
SORBI_3007G065000	24	90
SORBI_3007G065100	24	91
SORBI_3007G065300	24	92
SORBI_3007G065400	24	93
SORBI_3007G065500	24	94
SORBI_3007G065600	24	95
SORBI_3007G065700	24	96
SORBI_3007G065800	24	97
SORBI_3007G065900	24	98
SORBI_3007G066050	24	99
SORBI_3007G066200	24	100
SORBI_3007G066500	24	101
SORBI_3007G066508	24	102
SORBI_3007G066566	24	103
SORBI_3007G066600	24	104
SORBI_3007G066608	24	105
SORBI_3007G066800	24	106
SORBI_3007G066808	24	107
SORBI_3007G066816	24	108
SORBI_3007G066824	24	109
SORBI_3007G066832	24	110
SORBI_3007G066900	24	111
SORBI_3007G066908	24	112
SORBI_3007G066932	24	113
SORBI_3007G067000	24	114
SORBI_3007G067008	24	115
SORBI_3007G067100	24	116
SORBI_3007G067108	24	117
SORBI_3007G067300	24	118
SORBI_3007G067350	24	119
SORBI_3007G067400	24	120
SORBI_3007G067600	24	121
SORBI_3007G067608	24	122
SORBI_3007G067616	24	123
SORBI_3007G067700	24	124
SORBI_3007G067800	24	125
SORBI_3007G067900	24	126
SORBI_3007G068000	24	127
SORBI_3007G068100	24	128
SORBI_3007G068200	24	129
SORBI_3007G068300	24	130
SORBI_3007G068500	24	131
SORBI_3007G068700	24	132
SORBI_3007G068800	24	133
SORBI_3007G068900	24	134
SORBI_3007G069000	24	135
SORBI_3007G069101	24	136
SORBI_3007G069200	24	137
SORBI_3007G069300	24	138
SORBI_3007G069400	24	139
SORBI_3007G069450	24	140
SORBI_3007G069500	24	141
SORBI_3007G069600	24	142
SORBI_3007G069700	24	143
SORBI_3007G069750	24	144
SORBI_3007G069800	24	145
SORBI_3007G069900	24	146
SORBI_3007G070000	24	147
SORBI_3007G070100	24	148
SORBI_3007G070200	24	149
SORBI_3007G070300	24	150
SORBI_3007G070400	24	151
SORBI_3007G070500	24	152
SORBI_3007G070600	24	153
SORBI_3007G070700	24	154
SORBI_3007G070900	24	155
SORBI_3007G071000	24	156
SORBI_3007G071100	24	157
SORBI_3007G071200	24	158
SORBI_3007G071300	24	159
SORBI_3007G071400	24	160
SORBI_3007G071500	24	161
SORBI_3007G071600	24	162
SORBI_3007G071700	24	163
SORBI_3007G071800	24	164
SORBI_3007G071900	24	165
SORBI_3007G071950	24	166
SORBI_3007G072000	24	167
SORBI_3007G072100	24	168
SORBI_3007G072133	24	169
SORBI_3007G072166	24	170
SORBI_3007G072200	24	171
SORBI_3007G072300	24	172
SORBI_3007G072400	24	173
SORBI_3007G072600	24	174
SORBI_3007G072700	24	175
SORBI_3007G072800	24	176
SORBI_3007G072901	24	177
SORBI_3007G073000	24	178
SORBI_3007G073100	24	179
SORBI_3007G073300	24	180
SORBI_3007G073400	24	181
SORBI_3007G073500	24	182
SORBI_3007G073600	24	183
SORBI_3007G073700	24	184
SORBI_3007G073750	24	185
SORBI_3007G073800	24	186
SORBI_3007G073900	24	187
SORBI_3007G074000	24	188
SORBI_3007G074100	24	189
SORBI_3007G074200	24	190
SORBI_3007G074300	24	191
SORBI_3007G074400	24	192
SORBI_3007G074500	24	193
SORBI_3007G074600	24	194
SORBI_3007G074700	24	195
SORBI_3007G074800	24	196
SORBI_3007G075100	24	197
SORBI_3007G075200	24	198
SORBI_3007G075250	24	199
SORBI_3007G075301	24	200
SORBI_3007G075351	24	201
SORBI_3007G075400	24	202
SORBI_3007G075500	24	203
SORBI_3007G075600	24	204
SORBI_3007G075700	24	205
SORBI_3007G075750	24	206
SORBI_3007G075800	24	207
SORBI_3007G075900	24	208
SORBI_3007G076000	24	209
SORBI_3007G076100	24	210
SORBI_3007G076200	24	211
SORBI_3007G076250	24	212
SORBI_3007G076300	24	213
SORBI_3007G076400	24	214
SORBI_3007G076500	24	215
SORBI_3007G076600	24	216
SORBI_3007G076700	24	217
SORBI_3007G076800	24	218
SORBI_3007G076900	24	219
SORBI_3007G077001	24	220
SORBI_3007G077100	24	221
SORBI_3007G077200	24	222
SORBI_3007G077300	24	223
SORBI_3007G077400	24	224
SORBI_3007G077466	24	225
SORBI_3007G077532	24	226
SORBI_3007G077600	24	227
SORBI_3007G077700	24	228
SORBI_3007G077766	24	229
SORBI_3007G077832	24	230
SORBI_3007G077900	24	231
SORBI_3007G078000	24	232
SORBI_3007G078100	24	233
SORBI_3007G078200	24	234
SORBI_3007G078300	24	235
SORBI_3007G078400	24	236
SORBI_3007G078500	24	237
SORBI_3007G078600	24	238
SORBI_3007G078700	24	239
SORBI_3007G078800	24	240
SORBI_3007G078900	24	241
SORBI_3007G079000	24	242
SORBI_3007G079200	24	243
SORBI_3007G079300	24	244
SORBI_3007G079400	24	245
SORBI_3007G079500	24	246
SORBI_3007G079600	24	247
SORBI_3007G079700	24	248
SORBI_3007G079901	24	249
SORBI_3007G080100	24	250
SORBI_3007G080150	24	251
SORBI_3007G080200	24	252
SORBI_3007G080300	24	253
SORBI_3007G080500	24	254
SORBI_3007G080600	24	255
SORBI_3007G080660	24	256
SORBI_3007G080720	24	257
SORBI_3007G080780	24	258
SORBI_3007G080840	24	259
SORBI_3007G080900	24	260
SORBI_3007G081000	24	261
SORBI_3007G081100	24	262
SORBI_3007G081200	24	263
SORBI_3007G081300	24	264
SORBI_3007G081400	24	265
SORBI_3007G081500	24	266
SORBI_3007G081600	24	267
SORBI_3007G081701	24	268
SORBI_3007G081800	24	269
SORBI_3007G081900	24	270
SORBI_3007G082000	24	271
SORBI_3007G082100	24	272
SORBI_3007G082200	24	273
SORBI_3007G082300	24	274
SORBI_3007G082500	24	275
SORBI_3007G082700	24	276
SORBI_3007G082900	24	277
SORBI_3007G083000	24	278
SORBI_3007G083100	24	279
SORBI_3007G083200	24	280
SORBI_3007G083300	24	281
SORBI_3007G083400	24	282
SORBI_3007G083500	24	283
SORBI_3007G083700	24	284
SORBI_3007G083800	24	285
SORBI_3007G083900	24	286
SORBI_3007G084100	24	287
SORBI_3007G084200	24	288
SORBI_3007G084300	24	289
SORBI_3007G084400	24	290
SORBI_3007G084600	24	291
SORBI_3007G084650	24	292
SORBI_3007G084700	24	293
SORBI_3007G084800	24	294
SORBI_3007G084900	24	295
SORBI_3007G085000	24	296
SORBI_3007G085001	24	297
SORBI_3007G085100	24	298
SORBI_3007G085300	24	299
SORBI_3007G085350	24	300
SORBI_3007G085400	24	301
SORBI_3007G085500	24	302
SORBI_3007G085600	24	303
SORBI_3007G085700	24	304
SORBI_3007G085800	24	305
SORBI_3007G085900	24	306
SORBI_3007G085966	24	307
SORBI_3007G086032	24	308
SORBI_3007G086100	24	309
SORBI_3007G086200	24	310
SORBI_3007G086300	24	311
SORBI_3007G086400	24	312
SORBI_3007G086500	24	313
SORBI_3007G086600	24	314
SORBI_3007G086701	24	315
SORBI_3007G086800	24	316
SORBI_3007G086900	24	317
SORBI_3007G087000	24	318
SORBI_3007G087100	24	319
SORBI_3007G087200	24	320
SORBI_3007G087300	24	321
SORBI_3007G087400	24	322
SORBI_3007G087500	24	323
SORBI_3007G087600	24	324
SORBI_3007G087700	24	325
SORBI_3007G087800	24	326
SORBI_3007G087900	24	327
SORBI_3007G088000	24	328
SORBI_3007G088100	24	329
SORBI_3007G088200	24	330
SORBI_3007G088300	24	331
SORBI_3007G088400	24	332
SORBI_3007G088500	24	333
SORBI_3007G088600	24	334
SORBI_3007G088700	24	335
SORBI_3007G088800	24	336
SORBI_3007G088900	24	337
SORBI_3007G089101	24	338
SORBI_3007G089300	24	339
SORBI_3007G089400	24	340
SORBI_3007G089500	24	341
SORBI_3007G089533	24	342
SORBI_3007G089566	24	343
SORBI_3007G089600	24	344
SORBI_3007G089700	24	345
SORBI_3007G089800	24	346
SORBI_3007G089900	24	347
SORBI_3007G090001	24	348
SORBI_3007G090100	24	349
SORBI_3007G090200	24	350
SORBI_3007G090300	24	351
SORBI_3007G090400	24	352
SORBI_3007G090403	24	353
SORBI_3007G090406	24	354
SORBI_3007G090409	24	355
SORBI_3007G090412	24	356
SORBI_3007G090415	24	357
SORBI_3007G090418	24	358
SORBI_3007G090421	24	359
SORBI_3007G090424	24	360
SORBI_3007G090427	24	361
SORBI_3007G090430	24	362
SORBI_3007G090433	24	363
SORBI_3007G090436	24	364
SORBI_3007G090439	24	365
SORBI_3007G090442	24	366
SORBI_3007G090445	24	367
SORBI_3007G090448	24	368
SORBI_3007G090451	24	369
SORBI_3007G090454	24	370
SORBI_3007G090457	24	371
SORBI_3007G090460	24	372
SORBI_3007G090463	24	373
SORBI_3007G090466	24	374
SORBI_3007G090469	24	375
SORBI_3007G090472	24	376
SORBI_3007G090475	24	377
SORBI_3007G090537	24	378
SORBI_3007G090600	24	379
SORBI_3007G090701	24	380
SORBI_3007G090800	24	381
SORBI_3007G090900	24	382
SORBI_3007G091000	24	383
SORBI_3007G091100	24	384
SORBI_3007G091200	24	385
SORBI_3007G091301	24	386
SORBI_3007G091400	24	387
SORBI_3007G091500	24	388
SORBI_3007G091600	24	389
SORBI_3007G091800	24	390
SORBI_3007G091900	24	391
SORBI_3007G092000	24	392
SORBI_3007G092100	24	393
SORBI_3007G092200	24	394
SORBI_3007G092300	24	395
SORBI_3007G092400	24	396
SORBI_3007G092450	24	397
SORBI_3007G092500	24	398
SORBI_3007G092600	24	399
SORBI_3007G092700	24	400
SORBI_3007G092900	24	401
SORBI_3007G093000	24	402
SORBI_3007G093100	24	403
SORBI_3007G093201	24	404
SORBI_3007G093300	24	405
SORBI_3007G093400	24	406
SORBI_3007G093500	24	407
SORBI_3007G093800	24	408
SORBI_3007G093900	24	409
SORBI_3007G094000	24	410
SORBI_3007G094050	24	411
SORBI_3007G094100	24	412
SORBI_3007G094200	24	413
SORBI_3007G094300	24	414
SORBI_3007G094400	24	415
SORBI_3007G094500	24	416
SORBI_3007G094600	24	417
SORBI_3007G094700	24	418
SORBI_3007G094801	24	419
SORBI_3007G094900	24	420
SORBI_3007G095000	24	421
SORBI_3007G095100	24	422
SORBI_3007G095200	24	423
SORBI_3007G095300	24	424
SORBI_3007G095333	24	425
SORBI_3007G095366	24	426
SORBI_3007G095400	24	427
SORBI_3007G095500	24	428
SORBI_3007G095600	24	429
SORBI_3007G095700	24	430
SORBI_3007G095850	24	431
SORBI_3007G096000	24	432
SORBI_3007G096200	24	433
SORBI_3007G096401	24	434
SORBI_3007G096600	24	435
SORBI_3007G096700	24	436
SORBI_3007G096800	24	437
SORBI_3007G096833	24	438
SORBI_3007G096866	24	439
SORBI_3007G096900	24	440
SORBI_3007G097000	24	441
SORBI_3007G097100	24	442
SORBI_3007G097201	24	443
SORBI_3007G097300	24	444
SORBI_3007G097400	24	445
SORBI_3007G097550	24	446
SORBI_3007G097700	24	447
SORBI_3007G097800	24	448
SORBI_3007G097900	24	449
SORBI_3007G098000	24	450
SORBI_3007G098050	24	451
SORBI_3007G098100	24	452
SORBI_3007G098200	24	453
SORBI_3007G098400	24	454
SORBI_3007G098500	24	455
SORBI_3007G098600	24	456
SORBI_3007G098800	24	457
SORBI_3007G098900	24	458
SORBI_3007G098950	24	459
SORBI_3007G099000	24	460
SORBI_3007G099100	24	461
SORBI_3007G099133	24	462
SORBI_3007G099166	24	463
SORBI_3007G099200	24	464
SORBI_3007G099300	24	465
SORBI_3007G099400	24	466
SORBI_3007G099500	24	467
SORBI_3007G099700	24	468
SORBI_3007G099800	24	469
SORBI_3007G099900	24	470
SORBI_3007G099966	24	471
SORBI_3007G100032	24	472
SORBI_3007G100100	24	473
SORBI_3007G100200	24	474
SORBI_3007G100275	24	475
SORBI_3007G100350	24	476
SORBI_3007G100425	24	477
SORBI_3007G100500	24	478
SORBI_3007G100600	24	479
SORBI_3007G100700	24	480
SORBI_3007G100800	24	481
SORBI_3007G100900	24	482
SORBI_3007G101000	24	483
SORBI_3007G101100	24	484
SORBI_3007G101150	24	485
SORBI_3007G101200	24	486
SORBI_3007G101300	24	487
SORBI_3007G101401	24	488
SORBI_3007G101500	24	489
SORBI_3007G101600	24	490
SORBI_3007G101800	24	491
SORBI_3007G101900	24	492
SORBI_3007G102000	24	493
SORBI_3007G102150	24	494
SORBI_3007G102300	24	495
SORBI_3007G102400	24	496
SORBI_3007G102500	24	497
SORBI_3007G102600	24	498
SORBI_3007G102700	24	499
SORBI_3007G102800	24	500
SORBI_3007G102900	24	501
SORBI_3007G103000	24	502
SORBI_3007G103100	24	503
SORBI_3007G103200	24	504
SORBI_3007G103300	24	505
SORBI_3007G103350	24	506
SORBI_3007G103400	24	507
SORBI_3007G103500	24	508
SORBI_3007G103600	24	509
SORBI_3007G103666	24	510
SORBI_3007G103732	24	511
SORBI_3007G103800	24	512
SORBI_3007G104000	24	513
SORBI_3007G104100	24	514
SORBI_3007G104201	24	515
SORBI_3007G104300	24	516
SORBI_3007G104450	24	517
SORBI_3007G104600	24	518
SORBI_3007G104800	24	519
SORBI_3007G104866	24	520
SORBI_3007G104932	24	521
SORBI_3007G105000	24	522
SORBI_3007G105100	24	523
SORBI_3007G105200	24	524
SORBI_3007G105400	24	525
SORBI_3007G105500	24	526
SORBI_3007G105600	24	527
SORBI_3007G105700	24	528
SORBI_3007G105800	24	529
SORBI_3007G105900	24	530
SORBI_3007G106050	24	531
SORBI_3007G106200	24	532
SORBI_3007G106300	24	533
SORBI_3007G106400	24	534
SORBI_3007G106500	24	535
SORBI_3007G106600	24	536
SORBI_3007G106700	24	537
SORBI_3007G106800	24	538
SORBI_3007G106850	24	539
SORBI_3007G106900	24	540
SORBI_3007G107000	24	541
SORBI_3007G107100	24	542
SORBI_3007G107200	24	543
SORBI_3007G107400	24	544
SORBI_3007G107500	24	545
SORBI_3007G107600	24	546
SORBI_3007G107700	24	547
SORBI_3007G107800	24	548
SORBI_3007G107850	24	549
SORBI_3007G107900	24	550
SORBI_3007G107950	24	551
SORBI_3007G108000	24	552
SORBI_3007G108100	24	553
SORBI_3007G108200	24	554
SORBI_3007G108400	24	555
SORBI_3007G108500	24	556
SORBI_3007G108600	24	557
SORBI_3007G108700	24	558
SORBI_3007G108800	24	559
SORBI_3007G108900	24	560
SORBI_3007G109000	24	561
SORBI_3007G109200	24	562
SORBI_3007G109301	24	563
SORBI_3007G109400	24	564
SORBI_3007G109500	24	565
SORBI_3007G109600	24	566
SORBI_3007G109700	24	567
SORBI_3007G109800	24	568
SORBI_3007G109900	24	569
SORBI_3007G110200	24	570
SORBI_3007G110300	24	571
SORBI_3007G110333	24	572
SORBI_3007G110366	24	573
SORBI_3007G110400	24	574
SORBI_3007G110500	24	575
SORBI_3007G110600	24	576
SORBI_3007G110700	24	577
SORBI_3007G110800	24	578
SORBI_3007G110900	24	579
SORBI_3007G111001	24	580
SORBI_3007G111100	24	581
SORBI_3007G111150	24	582
SORBI_3007G111200	24	583
SORBI_3007G111300	24	584
SORBI_3007G111400	24	585
SORBI_3007G111500	24	586
SORBI_3007G111600	24	587
SORBI_3007G111700	24	588
SORBI_3007G111800	24	589
SORBI_3007G111901	24	590
SORBI_3007G112000	24	591
SORBI_3007G112100	24	592
SORBI_3007G112200	24	593
SORBI_3007G112301	24	594
SORBI_3007G112400	24	595
SORBI_3007G112450	24	596
SORBI_3007G112500	24	597
SORBI_3007G112600	24	598
SORBI_3007G112700	24	599
SORBI_3007G112766	24	600
SORBI_3007G112832	24	601
SORBI_3007G112900	24	602
SORBI_3007G113000	24	603
SORBI_3007G113101	24	604
SORBI_3007G113200	24	605
SORBI_3007G113300	24	606
SORBI_3007G113400	24	607
SORBI_3007G113500	24	608
SORBI_3007G113533	24	609
SORBI_3007G113566	24	610
SORBI_3007G113600	24	611
SORBI_3007G113800	24	612
SORBI_3007G113900	24	613
SORBI_3007G113950	24	614
SORBI_3007G114000	24	615
SORBI_3007G114100	24	616
SORBI_3007G114200	24	617
SORBI_3007G114301	24	618
SORBI_3007G114401	24	619
SORBI_3007G114500	24	620
SORBI_3007G114600	24	621
SORBI_3007G114650	24	622
SORBI_3007G114700	24	623
SORBI_3007G115000	24	624
SORBI_3007G115050	24	625
SORBI_3007G115100	24	626
SORBI_3007G115200	24	627
SORBI_3007G115300	24	628
SORBI_3007G115400	24	629
SORBI_3007G115500	24	630
SORBI_3007G115600	24	631
SORBI_3007G115700	24	632
SORBI_3007G115801	24	633
SORBI_3007G115900	24	634
SORBI_3007G116000	24	635
SORBI_3007G116100	24	636
SORBI_3007G116150	24	637
SORBI_3007G116200	24	638
SORBI_3007G116300	24	639
SORBI_3007G116400	24	640
SORBI_3007G116500	24	641
SORBI_3007G116600	24	642
SORBI_3007G116700	24	643
SORBI_3007G116733	24	644
SORBI_3007G116766	24	645
SORBI_3007G116800	24	646
SORBI_3007G116950	24	647
SORBI_3007G117100	24	648
SORBI_3007G117200	24	649
SORBI_3007G117400	24	650
SORBI_3007G117500	24	651
SORBI_3007G117700	24	652
SORBI_3007G117800	24	653
SORBI_3007G117900	24	654
SORBI_3007G118000	24	655
SORBI_3007G118025	24	656
SORBI_3007G118050	24	657
SORBI_3007G118075	24	658
SORBI_3007G118100	24	659
SORBI_3007G118200	24	660
SORBI_3007G118301	24	661
SORBI_3007G118400	24	662
SORBI_3007G118500	24	663
SORBI_3007G118600	24	664
SORBI_3007G118700	24	665
SORBI_3007G118800	24	666
SORBI_3007G119000	24	667
SORBI_3007G119101	24	668
SORBI_3007G119200	24	669
SORBI_3007G119300	24	670
SORBI_3007G119400	24	671
SORBI_3007G119500	24	672
SORBI_3007G119600	24	673
SORBI_3007G119700	24	674
SORBI_3007G119750	24	675
SORBI_3007G119800	24	676
SORBI_3007G119900	24	677
SORBI_3007G120000	24	678
SORBI_3007G120100	24	679
SORBI_3007G120200	24	680
SORBI_3007G120301	24	681
SORBI_3007G120401	24	682
SORBI_3007G120500	24	683
SORBI_3007G120600	24	684
SORBI_3007G120650	24	685
SORBI_3007G120700	24	686
SORBI_3007G120800	24	687
SORBI_3007G121000	24	688
SORBI_3007G121200	24	689
SORBI_3007G121300	24	690
SORBI_3007G121400	24	691
SORBI_3007G121600	24	692
SORBI_3007G121650	24	693
SORBI_3007G121700	24	694
SORBI_3007G121800	24	695
SORBI_3007G121900	24	696
SORBI_3007G121950	24	697
SORBI_3007G122000	24	698
SORBI_3007G122200	24	699
SORBI_3007G122300	24	700
SORBI_3007G122400	24	701
SORBI_3007G122500	24	702
SORBI_3007G122600	24	703
SORBI_3007G122700	24	704
SORBI_3007G122800	24	705
SORBI_3007G122866	24	706
SORBI_3007G122932	24	707
SORBI_3007G123000	24	708
SORBI_3007G123100	24	709
SORBI_3007G123200	24	710
SORBI_3007G123300	24	711
SORBI_3007G123350	24	712
SORBI_3007G123400	24	713
SORBI_3007G123500	24	714
SORBI_3007G123600	24	715
SORBI_3007G123700	24	716
SORBI_3007G123800	24	717
SORBI_3007G123850	24	718
SORBI_3007G123900	24	719
SORBI_3007G124000	24	720
SORBI_3007G124100	24	721
SORBI_3007G124200	24	722
SORBI_3007G124301	24	723
SORBI_3007G124400	24	724
SORBI_3007G124500	24	725
SORBI_3007G124600	24	726
SORBI_3007G124700	24	727
SORBI_3007G124800	24	728
SORBI_3007G124900	24	729
SORBI_3007G125000	24	730
SORBI_3007G125100	24	731
SORBI_3007G125200	24	732
SORBI_3007G125300	24	733
SORBI_3007G125400	24	734
SORBI_3007G125500	24	735
SORBI_3007G125600	24	736
SORBI_3007G125700	24	737
SORBI_3007G125800	24	738
SORBI_3007G125900	24	739
SORBI_3007G126000	24	740
SORBI_3007G126100	24	741
SORBI_3007G126150	24	742
SORBI_3007G126200	24	743
SORBI_3007G126300	24	744
SORBI_3007G126400	24	745
SORBI_3007G126500	24	746
SORBI_3007G126600	24	747
SORBI_3007G126800	24	748
SORBI_3007G126900	24	749
SORBI_3007G127000	24	750
SORBI_3007G127100	24	751
SORBI_3007G127200	24	752
SORBI_3007G127400	24	753
SORBI_3007G127500	24	754
SORBI_3007G127550	24	755
SORBI_3007G127600	24	756
SORBI_3007G127700	24	757
SORBI_3007G127800	24	758
SORBI_3007G127900	24	759
SORBI_3007G127950	24	760
SORBI_3007G128000	24	761
SORBI_3007G128100	24	762
SORBI_3007G128200	24	763
SORBI_3007G128300	24	764
SORBI_3007G128400	24	765
SORBI_3007G128500	24	766
SORBI_3007G128600	24	767
SORBI_3007G128800	24	768
SORBI_3007G128900	24	769
SORBI_3007G129000	24	770
SORBI_3007G129100	24	771
SORBI_3007G129201	24	772
SORBI_3007G129300	24	773
SORBI_3007G129401	24	774
SORBI_3007G129500	24	775
SORBI_3007G129800	24	776
SORBI_3007G129900	24	777
SORBI_3007G130000	24	778
SORBI_3007G130100	24	779
SORBI_3007G130200	24	780
SORBI_3007G130300	24	781
SORBI_3007G130400	24	782
SORBI_3007G130500	24	783
SORBI_3007G130600	24	784
SORBI_3007G130701	24	785
SORBI_3007G130800	24	786
SORBI_3007G130900	24	787
SORBI_3007G131000	24	788
SORBI_3007G131100	24	789
SORBI_3007G131200	24	790
SORBI_3007G131300	24	791
SORBI_3007G131500	24	792
SORBI_3007G131600	24	793
SORBI_3007G131700	24	794
SORBI_3007G131800	24	795
SORBI_3007G131900	24	796
SORBI_3007G131950	24	797
SORBI_3007G132000	24	798
SORBI_3007G132100	24	799
SORBI_3007G132200	24	800
SORBI_3007G132300	24	801
SORBI_3007G132400	24	802
SORBI_3007G132500	24	803
SORBI_3007G132600	24	804
SORBI_3007G132650	24	805
SORBI_3007G132700	24	806
SORBI_3007G132900	24	807
SORBI_3007G132950	24	808
SORBI_3007G133000	24	809
SORBI_3007G133100	24	810
SORBI_3007G133250	24	811
SORBI_3007G133400	24	812
SORBI_3007G133500	24	813
SORBI_3007G133600	24	814
SORBI_3007G133700	24	815
SORBI_3007G133733	24	816
SORBI_3007G133766	24	817
SORBI_3007G133800	24	818
SORBI_3007G133850	24	819
SORBI_3007G133900	24	820
SORBI_3007G134000	24	821
SORBI_3007G134100	24	822
SORBI_3007G134140	24	823
SORBI_3007G134180	24	824
SORBI_3007G134220	24	825
SORBI_3007G134260	24	826
SORBI_3007G134300	24	827
SORBI_3007G134400	24	828
SORBI_3007G134501	24	829
SORBI_3007G134600	24	830
SORBI_3007G134650	24	831
SORBI_3007G134700	24	832
SORBI_3007G134800	24	833
SORBI_3007G134900	24	834
SORBI_3007G135000	24	835
SORBI_3007G135100	24	836
SORBI_3007G135201	24	837
SORBI_3007G135301	24	838
SORBI_3007G135400	24	839
SORBI_3007G135500	24	840
SORBI_3007G135700	24	841
SORBI_3007G135800	24	842
SORBI_3007G135900	24	843
SORBI_3007G136000	24	844
SORBI_3007G136100	24	845
SORBI_3007G136200	24	846
SORBI_3007G136300	24	847
SORBI_3007G136400	24	848
SORBI_3007G136500	24	849
SORBI_3007G136600	24	850
SORBI_3007G136700	24	851
SORBI_3007G136800	24	852
SORBI_3007G136900	24	853
SORBI_3007G137000	24	854
SORBI_3007G137100	24	855
SORBI_3007G137101	24	856
SORBI_3007G137201	24	857
SORBI_3007G137300	24	858
SORBI_3007G137350	24	859
SORBI_3007G137400	24	860
SORBI_3007G137501	24	861
SORBI_3007G137600	24	862
SORBI_3007G137700	24	863
SORBI_3007G137750	24	864
SORBI_3007G137800	24	865
SORBI_3007G137900	24	866
SORBI_3007G138000	24	867
SORBI_3007G138100	24	868
SORBI_3007G138200	24	869
SORBI_3007G138300	24	870
SORBI_3007G138401	24	871
SORBI_3007G138501	24	872
SORBI_3007G138600	24	873
SORBI_3007G138700	24	874
SORBI_3007G138800	24	875
SORBI_3007G138900	24	876
SORBI_3007G139000	24	877
SORBI_3007G139100	24	878
SORBI_3007G139200	24	879
SORBI_3007G139300	24	880
SORBI_3007G139400	24	881
SORBI_3007G139500	24	882
SORBI_3007G139600	24	883
SORBI_3007G139650	24	884
SORBI_3007G139700	24	885
SORBI_3007G139800	24	886
SORBI_3007G139850	24	887
SORBI_3007G139900	24	888
SORBI_3007G139950	24	889
SORBI_3007G140000	24	890
SORBI_3007G140050	24	891
SORBI_3007G140100	24	892
SORBI_3007G140200	24	893
SORBI_3007G140300	24	894
SORBI_3007G140400	24	895
SORBI_3007G140500	24	896
SORBI_3007G140600	24	897
SORBI_3007G140700	24	898
SORBI_3007G140800	24	899
SORBI_3007G140900	24	900
SORBI_3007G141001	24	901
SORBI_3007G141100	24	902
SORBI_3007G141200	24	903
SORBI_3007G141300	24	904
SORBI_3007G141340	24	905
SORBI_3007G141380	24	906
SORBI_3007G141420	24	907
SORBI_3007G141460	24	908
SORBI_3007G141500	24	909
SORBI_3007G141600	24	910
SORBI_3007G141650	24	911
SORBI_3007G141700	24	912
SORBI_3007G141801	24	913
SORBI_3007G141900	24	914
SORBI_3007G142000	24	915
SORBI_3007G142050	24	916
SORBI_3007G142100	24	917
SORBI_3007G142200	24	918
SORBI_3007G142300	24	919
SORBI_3007G142400	24	920
SORBI_3007G142500	24	921
SORBI_3007G142600	24	922
SORBI_3007G142700	24	923
SORBI_3007G142801	24	924
SORBI_3007G142900	24	925
SORBI_3007G143000	24	926
SORBI_3007G143100	24	927
SORBI_3007G143200	24	928
SORBI_3007G143250	24	929
SORBI_3007G143300	24	930
SORBI_3007G143400	24	931
SORBI_3007G143500	24	932
SORBI_3007G143600	24	933
SORBI_3007G143700	24	934
SORBI_3007G143800	24	935
SORBI_3007G143900	24	936
SORBI_3007G144000	24	937
SORBI_3007G144100	24	938
SORBI_3007G144200	24	939
SORBI_3007G144300	24	940
SORBI_3007G144400	24	941
SORBI_3007G144501	24	942
SORBI_3007G144600	24	943
SORBI_3007G144700	24	944
SORBI_3007G144900	24	945
SORBI_3007G145000	24	946
SORBI_3007G145100	24	947
SORBI_3007G145200	24	948
SORBI_3007G145300	24	949
SORBI_3007G145400	24	950
SORBI_3007G145500	24	951
SORBI_3007G145600	24	952
SORBI_3007G145700	24	953
SORBI_3007G145801	24	954
SORBI_3007G145901	24	955
SORBI_3007G146001	24	956
SORBI_3007G146100	24	957
SORBI_3007G146200	24	958
SORBI_3007G146300	24	959
SORBI_3007G146350	24	960
SORBI_3007G146400	24	961
SORBI_3007G146500	24	962
SORBI_3007G146600	24	963
SORBI_3007G146700	24	964
SORBI_3007G146800	24	965
SORBI_3007G146900	24	966
SORBI_3007G147000	24	967
SORBI_3007G147101	24	968
SORBI_3007G147200	24	969
SORBI_3007G147300	24	970
SORBI_3007G147400	24	971
SORBI_3007G147600	24	972
SORBI_3007G147700	24	973
SORBI_3007G147800	24	974
SORBI_3007G147901	24	975
SORBI_3007G148000	24	976
SORBI_3007G148100	24	977
SORBI_3007G148200	24	978
SORBI_3007G148233	24	979
SORBI_3007G148266	24	980
SORBI_3007G148300	24	981
SORBI_3007G148400	24	982
SORBI_3007G148500	24	983
SORBI_3007G148600	24	984
SORBI_3007G148700	24	985
SORBI_3007G148800	24	986
SORBI_3007G148900	24	987
SORBI_3007G149000	24	988
SORBI_3007G149200	24	989
SORBI_3007G149300	24	990
SORBI_3007G149400	24	991
SORBI_3007G149500	24	992
SORBI_3007G149550	24	993
SORBI_3007G149600	24	994
SORBI_3007G149700	24	995
SORBI_3007G149750	24	996
SORBI_3007G149800	24	997
SORBI_3007G149900	24	998
SORBI_3007G149950	24	999
SORBI_3007G150000	24	1000
SORBI_3007G150100	24	1001
SORBI_3007G150200	24	1002
SORBI_3007G150500	24	1003
SORBI_3007G150700	24	1004
SORBI_3007G150800	24	1005
SORBI_3007G150900	24	1006
SORBI_3007G151100	24	1007
SORBI_3007G151200	24	1008
SORBI_3007G151250	24	1009
SORBI_3007G151300	24	1010
SORBI_3007G151400	24	1011
SORBI_3007G151500	24	1012
SORBI_3007G151600	24	1013
SORBI_3007G151650	24	1014
SORBI_3007G151700	24	1015
SORBI_3007G151800	24	1016
SORBI_3007G151900	24	1017
SORBI_3007G152000	24	1018
SORBI_3007G152101	24	1019
SORBI_3007G152200	24	1020
SORBI_3007G152300	24	1021
SORBI_3007G152400	24	1022
SORBI_3007G152500	24	1023
SORBI_3007G152600	25	0
SORBI_3007G152701	25	1
SORBI_3007G152800	25	2
SORBI_3007G152900	25	3
SORBI_3007G153001	25	4
SORBI_3007G153100	25	5
SORBI_3007G153200	25	6
SORBI_3007G153300	25	7
SORBI_3007G153400	25	8
SORBI_3007G153500	25	9
SORBI_3007G153600	25	10
SORBI_3007G153700	25	11
SORBI_3007G153800	25	12
SORBI_3007G153900	25	13
SORBI_3007G154001	25	14
SORBI_3007G154100	25	15
SORBI_3007G154200	25	16
SORBI_3007G154300	25	17
SORBI_3007G154350	25	18
SORBI_3007G154400	25	19
SORBI_3007G154500	25	20
SORBI_3007G154600	25	21
SORBI_3007G154701	25	22
SORBI_3007G154800	25	23
SORBI_3007G154901	25	24
SORBI_3007G155000	25	25
SORBI_3007G155050	25	26
SORBI_3007G155100	25	27
SORBI_3007G155200	25	28
SORBI_3007G155300	25	29
SORBI_3007G155400	25	30
SORBI_3007G155500	25	31
SORBI_3007G155600	25	32
SORBI_3007G155700	25	33
SORBI_3007G155900	25	34
SORBI_3007G155950	25	35
SORBI_3007G156000	25	36
SORBI_3007G156101	25	37
SORBI_3007G156200	25	38
SORBI_3007G156300	25	39
SORBI_3007G156400	25	40
SORBI_3007G156500	25	41
SORBI_3007G156600	25	42
SORBI_3007G156700	25	43
SORBI_3007G156800	25	44
SORBI_3007G156900	25	45
SORBI_3007G157000	25	46
SORBI_3007G157100	25	47
SORBI_3007G157200	25	48
SORBI_3007G157300	25	49
SORBI_3007G157400	25	50
SORBI_3007G157500	25	51
SORBI_3007G157550	25	52
SORBI_3007G157600	25	53
SORBI_3007G157700	25	54
SORBI_3007G157800	25	55
SORBI_3007G157900	25	56
SORBI_3007G158000	25	57
SORBI_3007G158100	25	58
SORBI_3007G158200	25	59
SORBI_3007G158300	25	60
SORBI_3007G158400	25	61
SORBI_3007G158500	25	62
SORBI_3007G158600	25	63
SORBI_3007G158700	25	64
SORBI_3007G158800	25	65
SORBI_3007G158900	25	66
SORBI_3007G159000	25	67
SORBI_3007G159100	25	68
SORBI_3007G159200	25	69
SORBI_3007G159300	25	70
SORBI_3007G159450	25	71
SORBI_3007G159500	25	72
SORBI_3007G159600	25	73
SORBI_3007G159650	25	74
SORBI_3007G159700	25	75
SORBI_3007G159800	25	76
SORBI_3007G159900	25	77
SORBI_3007G160050	25	78
SORBI_3007G160200	25	79
SORBI_3007G160300	25	80
SORBI_3007G160400	25	81
SORBI_3007G160501	25	82
SORBI_3007G160600	25	83
SORBI_3007G160700	25	84
SORBI_3007G160900	25	85
SORBI_3007G161000	25	86
SORBI_3007G161100	25	87
SORBI_3007G161200	25	88
SORBI_3007G161300	25	89
SORBI_3007G161400	25	90
SORBI_3007G161450	25	91
SORBI_3007G161500	25	92
SORBI_3007G161600	25	93
SORBI_3007G161700	25	94
SORBI_3007G161800	25	95
SORBI_3007G162000	25	96
SORBI_3007G162100	25	97
SORBI_3007G162200	25	98
SORBI_3007G162250	25	99
SORBI_3007G162300	25	100
SORBI_3007G162400	25	101
SORBI_3007G162500	25	102
SORBI_3007G162600	25	103
SORBI_3007G162700	25	104
SORBI_3007G162800	25	105
SORBI_3007G162901	25	106
SORBI_3007G163001	25	107
SORBI_3007G163100	25	108
SORBI_3007G163200	25	109
SORBI_3007G163300	25	110
SORBI_3007G163400	25	111
SORBI_3007G163433	25	112
SORBI_3007G163466	25	113
SORBI_3007G163500	25	114
SORBI_3007G163600	25	115
SORBI_3007G163700	25	116
SORBI_3007G163800	25	117
SORBI_3007G163901	25	118
SORBI_3007G164000	25	119
SORBI_3007G164050	25	120
SORBI_3007G164101	25	121
SORBI_3007G164151	25	122
SORBI_3007G164200	25	123
SORBI_3007G164300	25	124
SORBI_3007G164400	25	125
SORBI_3007G164500	25	126
SORBI_3007G164600	25	127
SORBI_3007G164750	25	128
SORBI_3007G164900	25	129
SORBI_3007G165000	25	130
SORBI_3007G165100	25	131
SORBI_3007G165200	25	132
SORBI_3007G165300	25	133
SORBI_3007G165400	25	134
SORBI_3007G165500	25	135
SORBI_3007G165600	25	136
SORBI_3007G165701	25	137
SORBI_3007G165800	25	138
SORBI_3007G165900	25	139
SORBI_3007G166000	25	140
SORBI_3007G166100	25	141
SORBI_3007G166200	25	142
SORBI_3007G166300	25	143
SORBI_3007G166400	25	144
SORBI_3007G166500	25	145
SORBI_3007G166600	25	146
SORBI_3007G166701	25	147
SORBI_3007G166800	25	148
SORBI_3007G166900	25	149
SORBI_3007G167000	25	150
SORBI_3007G167100	25	151
SORBI_3007G167200	25	152
SORBI_3007G167300	25	153
SORBI_3007G167400	25	154
SORBI_3007G167500	25	155
SORBI_3007G167600	25	156
SORBI_3007G167700	25	157
SORBI_3007G167800	25	158
SORBI_3007G167900	25	159
SORBI_3007G167950	25	160
SORBI_3007G168000	25	161
SORBI_3007G168100	25	162
SORBI_3007G168200	25	163
SORBI_3007G168300	25	164
SORBI_3007G168400	25	165
SORBI_3007G168500	25	166
SORBI_3007G168600	25	167
SORBI_3007G168700	25	168
SORBI_3007G168800	25	169
SORBI_3007G168900	25	170
SORBI_3007G169000	25	171
SORBI_3007G169100	25	172
SORBI_3007G169200	25	173
SORBI_3007G169300	25	174
SORBI_3007G169500	25	175
SORBI_3007G169533	25	176
SORBI_3007G169566	25	177
SORBI_3007G169600	25	178
SORBI_3007G169700	25	179
SORBI_3007G169900	25	180
SORBI_3007G170000	25	181
SORBI_3007G170100	25	182
SORBI_3007G170200	25	183
SORBI_3007G170300	25	184
SORBI_3007G170400	25	185
SORBI_3007G170500	25	186
SORBI_3007G170700	25	187
SORBI_3007G170800	25	188
SORBI_3007G170900	25	189
SORBI_3007G171000	25	190
SORBI_3007G171100	25	191
SORBI_3007G171200	25	192
SORBI_3007G171300	25	193
SORBI_3007G171400	25	194
SORBI_3007G171500	25	195
SORBI_3007G171600	25	196
SORBI_3007G171700	25	197
SORBI_3007G171800	25	198
SORBI_3007G171950	25	199
SORBI_3007G172100	25	200
SORBI_3007G172200	25	201
SORBI_3007G172300	25	202
SORBI_3007G172400	25	203
SORBI_3007G172500	25	204
SORBI_3007G172600	25	205
SORBI_3007G172700	25	206
SORBI_3007G172800	25	207
SORBI_3007G172900	25	208
SORBI_3007G173000	25	209
SORBI_3007G173100	25	210
SORBI_3007G173150	25	211
SORBI_3007G173200	25	212
SORBI_3007G173300	25	213
SORBI_3007G173400	25	214
SORBI_3007G173500	25	215
SORBI_3007G173700	25	216
SORBI_3007G173800	25	217
SORBI_3007G173901	25	218
SORBI_3007G174000	25	219
SORBI_3007G174100	25	220
SORBI_3007G174200	25	221
SORBI_3007G174300	25	222
SORBI_3007G174500	25	223
SORBI_3007G174600	25	224
SORBI_3007G174701	25	225
SORBI_3007G174800	25	226
SORBI_3007G174900	25	227
SORBI_3007G175000	25	228
SORBI_3007G175100	25	229
SORBI_3007G175200	25	230
SORBI_3007G175300	25	231
SORBI_3007G175400	25	232
SORBI_3007G175500	25	233
SORBI_3007G175600	25	234
SORBI_3007G175701	25	235
SORBI_3007G175800	25	236
SORBI_3007G175900	25	237
SORBI_3007G176000	25	238
SORBI_3007G176100	25	239
SORBI_3007G176200	25	240
SORBI_3007G176300	25	241
SORBI_3007G176400	25	242
SORBI_3007G176500	25	243
SORBI_3007G176600	25	244
SORBI_3007G176700	25	245
SORBI_3007G176800	25	246
SORBI_3007G176900	25	247
SORBI_3007G177000	25	248
SORBI_3007G177100	25	249
SORBI_3007G177150	25	250
SORBI_3007G177200	25	251
SORBI_3007G177300	25	252
SORBI_3007G177400	25	253
SORBI_3007G177500	25	254
SORBI_3007G177600	25	255
SORBI_3007G177700	25	256
SORBI_3007G177801	25	257
SORBI_3007G177901	25	258
SORBI_3007G178000	25	259
SORBI_3007G178100	25	260
SORBI_3007G178200	25	261
SORBI_3007G178300	25	262
SORBI_3007G178401	25	263
SORBI_3007G178500	25	264
SORBI_3007G178600	25	265
SORBI_3007G178700	25	266
SORBI_3007G178900	25	267
SORBI_3007G179000	25	268
SORBI_3007G179100	25	269
SORBI_3007G179200	25	270
SORBI_3007G179266	25	271
SORBI_3007G179332	25	272
SORBI_3007G179400	25	273
SORBI_3007G179500	25	274
SORBI_3007G179600	25	275
SORBI_3007G179700	25	276
SORBI_3007G179750	25	277
SORBI_3007G179800	25	278
SORBI_3007G179900	25	279
SORBI_3007G180000	25	280
SORBI_3007G180050	25	281
SORBI_3007G180100	25	282
SORBI_3007G180200	25	283
SORBI_3007G180300	25	284
SORBI_3007G180450	25	285
SORBI_3007G180600	25	286
SORBI_3007G180700	25	287
SORBI_3007G180800	25	288
SORBI_3007G180900	25	289
SORBI_3007G181000	25	290
SORBI_3007G181100	25	291
SORBI_3007G181300	25	292
SORBI_3007G181400	25	293
SORBI_3007G181500	25	294
SORBI_3007G181600	25	295
SORBI_3007G181701	25	296
SORBI_3007G181801	25	297
SORBI_3007G181900	25	298
SORBI_3007G182000	25	299
SORBI_3007G182101	25	300
SORBI_3007G182200	25	301
SORBI_3007G182300	25	302
SORBI_3007G182400	25	303
SORBI_3007G182500	25	304
SORBI_3007G182600	25	305
SORBI_3007G182700	25	306
SORBI_3007G182801	25	307
SORBI_3007G182900	25	308
SORBI_3007G183000	25	309
SORBI_3007G183050	25	310
SORBI_3007G183100	25	311
SORBI_3007G183200	25	312
SORBI_3007G183300	25	313
SORBI_3007G183400	25	314
SORBI_3007G183500	25	315
SORBI_3007G183600	25	316
SORBI_3007G183700	25	317
SORBI_3007G183800	25	318
SORBI_3007G183900	25	319
SORBI_3007G184001	25	320
SORBI_3007G184100	25	321
SORBI_3007G184200	25	322
SORBI_3007G184300	25	323
SORBI_3007G184400	25	324
SORBI_3007G184500	25	325
SORBI_3007G184600	25	326
SORBI_3007G184700	25	327
SORBI_3007G184800	25	328
SORBI_3007G185000	25	329
SORBI_3007G185100	25	330
SORBI_3007G185200	25	331
SORBI_3007G185300	25	332
SORBI_3007G185400	25	333
SORBI_3007G185600	25	334
SORBI_3007G185700	25	335
SORBI_3007G185801	25	336
SORBI_3007G185900	25	337
SORBI_3007G186000	25	338
SORBI_3007G186100	25	339
SORBI_3007G186200	25	340
SORBI_3007G186300	25	341
SORBI_3007G186400	25	342
SORBI_3007G186500	25	343
SORBI_3007G186600	25	344
SORBI_3007G186700	25	345
SORBI_3007G186800	25	346
SORBI_3007G186900	25	347
SORBI_3007G187000	25	348
SORBI_3007G187100	25	349
SORBI_3007G187200	25	350
SORBI_3007G187300	25	351
SORBI_3007G187400	25	352
SORBI_3007G187500	25	353
SORBI_3007G187600	25	354
SORBI_3007G187700	25	355
SORBI_3007G187800	25	356
SORBI_3007G187900	25	357
SORBI_3007G188001	25	358
SORBI_3007G188100	25	359
SORBI_3007G188200	25	360
SORBI_3007G188300	25	361
SORBI_3007G188400	25	362
SORBI_3007G188500	25	363
SORBI_3007G188600	25	364
SORBI_3007G188701	25	365
SORBI_3007G188800	25	366
SORBI_3007G188900	25	367
SORBI_3007G189000	25	368
SORBI_3007G189100	25	369
SORBI_3007G189200	25	370
SORBI_3007G189300	25	371
SORBI_3007G189400	25	372
SORBI_3007G189500	25	373
SORBI_3007G189600	25	374
SORBI_3007G189700	25	375
SORBI_3007G189800	25	376
SORBI_3007G189900	25	377
SORBI_3007G190000	25	378
SORBI_3007G190100	25	379
SORBI_3007G190200	25	380
SORBI_3007G190333	25	381
SORBI_3007G190466	25	382
SORBI_3007G190600	25	383
SORBI_3007G190700	25	384
SORBI_3007G190800	25	385
SORBI_3007G190901	25	386
SORBI_3007G191000	25	387
SORBI_3007G191100	25	388
SORBI_3007G191150	25	389
SORBI_3007G191200	25	390
SORBI_3007G191300	25	391
SORBI_3007G191400	25	392
SORBI_3007G191500	25	393
SORBI_3007G191600	25	394
SORBI_3007G191700	25	395
SORBI_3007G191800	25	396
SORBI_3007G191900	25	397
SORBI_3007G192000	25	398
SORBI_3007G192100	25	399
SORBI_3007G192200	25	400
SORBI_3007G192300	25	401
SORBI_3007G192400	25	402
SORBI_3007G192500	25	403
SORBI_3007G192600	25	404
SORBI_3007G192700	25	405
SORBI_3007G192800	25	406
SORBI_3007G192900	25	407
SORBI_3007G193000	25	408
SORBI_3007G193200	25	409
SORBI_3007G193300	25	410
SORBI_3007G193400	25	411
SORBI_3007G193500	25	412
SORBI_3007G193600	25	413
SORBI_3007G193700	25	414
SORBI_3007G193800	25	415
SORBI_3007G193900	25	416
SORBI_3007G194000	25	417
SORBI_3007G194100	25	418
SORBI_3007G194200	25	419
SORBI_3007G194300	25	420
SORBI_3007G194400	25	421
SORBI_3007G194500	25	422
SORBI_3007G194600	25	423
SORBI_3007G194700	25	424
SORBI_3007G194800	25	425
SORBI_3007G194900	25	426
SORBI_3007G195000	25	427
SORBI_3007G195100	25	428
SORBI_3007G195201	25	429
SORBI_3007G195300	25	430
SORBI_3007G195400	25	431
SORBI_3007G195500	25	432
SORBI_3007G195600	25	433
SORBI_3007G195701	25	434
SORBI_3007G195800	25	435
SORBI_3007G195900	25	436
SORBI_3007G196000	25	437
SORBI_3007G196100	25	438
SORBI_3007G196201	25	439
SORBI_3007G196300	25	440
SORBI_3007G196400	25	441
SORBI_3007G196500	25	442
SORBI_3007G196600	25	443
SORBI_3007G196700	25	444
SORBI_3007G196800	25	445
SORBI_3007G196900	25	446
SORBI_3007G197000	25	447
SORBI_3007G197100	25	448
SORBI_3007G197200	25	449
SORBI_3007G197300	25	450
SORBI_3007G197400	25	451
SORBI_3007G197450	25	452
SORBI_3007G197500	25	453
SORBI_3007G197600	25	454
SORBI_3007G197700	25	455
SORBI_3007G197800	25	456
SORBI_3007G197900	25	457
SORBI_3007G198000	25	458
SORBI_3007G198100	25	459
SORBI_3007G198200	25	460
SORBI_3007G198300	25	461
SORBI_3007G198400	25	462
SORBI_3007G198500	25	463
SORBI_3007G198600	25	464
SORBI_3007G198700	25	465
SORBI_3007G198800	25	466
SORBI_3007G198900	25	467
SORBI_3007G199000	25	468
SORBI_3007G199101	25	469
SORBI_3007G199200	25	470
SORBI_3007G199300	25	471
SORBI_3007G199500	25	472
SORBI_3007G199550	25	473
SORBI_3007G199600	25	474
SORBI_3007G199700	25	475
SORBI_3007G199800	25	476
SORBI_3007G199901	25	477
SORBI_3007G200000	25	478
SORBI_3007G200100	25	479
SORBI_3007G200200	25	480
SORBI_3007G200300	25	481
SORBI_3007G200400	25	482
SORBI_3007G200500	25	483
SORBI_3007G200600	25	484
SORBI_3007G200700	25	485
SORBI_3007G200900	25	486
SORBI_3007G201000	25	487
SORBI_3007G201100	25	488
SORBI_3007G201200	25	489
SORBI_3007G201300	25	490
SORBI_3007G201400	25	491
SORBI_3007G201450	25	492
SORBI_3007G201500	25	493
SORBI_3007G201600	25	494
SORBI_3007G201650	25	495
SORBI_3007G201700	25	496
SORBI_3007G201800	25	497
SORBI_3007G201900	25	498
SORBI_3007G202000	25	499
SORBI_3007G202100	25	500
SORBI_3007G202300	25	501
SORBI_3007G202360	25	502
SORBI_3007G202420	25	503
SORBI_3007G202480	25	504
SORBI_3007G202540	25	505
SORBI_3007G202600	25	506
SORBI_3007G202700	25	507
SORBI_3007G202800	25	508
SORBI_3007G202900	25	509
SORBI_3007G203000	25	510
SORBI_3007G203100	25	511
SORBI_3007G203200	25	512
SORBI_3007G203300	25	513
SORBI_3007G203400	25	514
SORBI_3007G203500	25	515
SORBI_3007G203600	25	516
SORBI_3007G203700	25	517
SORBI_3007G203800	25	518
SORBI_3007G203850	25	519
SORBI_3007G203900	25	520
SORBI_3007G204000	25	521
SORBI_3007G204100	25	522
SORBI_3007G204200	25	523
SORBI_3007G204300	25	524
SORBI_3007G204350	25	525
SORBI_3007G204400	25	526
SORBI_3007G204500	25	527
SORBI_3007G204600	25	528
SORBI_3007G204700	25	529
SORBI_3007G204800	25	530
SORBI_3007G204900	25	531
SORBI_3007G205000	25	532
SORBI_3007G205100	25	533
SORBI_3007G205200	25	534
SORBI_3007G205300	25	535
SORBI_3007G205400	25	536
SORBI_3007G205500	25	537
SORBI_3007G205600	25	538
SORBI_3007G205700	25	539
SORBI_3007G205800	25	540
SORBI_3007G205900	25	541
SORBI_3007G206000	25	542
SORBI_3007G206100	25	543
SORBI_3007G206200	25	544
SORBI_3007G206250	25	545
SORBI_3007G206300	25	546
SORBI_3007G206400	25	547
SORBI_3007G206500	25	548
SORBI_3007G206550	25	549
SORBI_3007G206600	25	550
SORBI_3007G206700	25	551
SORBI_3007G206800	25	552
SORBI_3007G206900	25	553
SORBI_3007G207000	25	554
SORBI_3007G207100	25	555
SORBI_3007G207200	25	556
SORBI_3007G207300	25	557
SORBI_3007G207400	25	558
SORBI_3007G207500	25	559
SORBI_3007G207600	25	560
SORBI_3007G207700	25	561
SORBI_3007G207800	25	562
SORBI_3007G207900	25	563
SORBI_3007G208000	25	564
SORBI_3007G208100	25	565
SORBI_3007G208200	25	566
SORBI_3007G208300	25	567
SORBI_3007G208400	25	568
SORBI_3007G208500	25	569
SORBI_3007G208600	25	570
SORBI_3007G208700	25	571
SORBI_3007G208800	25	572
SORBI_3007G208900	25	573
SORBI_3007G209000	25	574
SORBI_3007G209100	25	575
SORBI_3007G209200	25	576
SORBI_3007G209300	25	577
SORBI_3007G209400	25	578
SORBI_3007G209500	25	579
SORBI_3007G209600	25	580
SORBI_3007G209700	25	581
SORBI_3007G209800	25	582
SORBI_3007G209900	25	583
SORBI_3007G210000	25	584
SORBI_3007G210100	25	585
SORBI_3007G210200	25	586
SORBI_3007G210300	25	587
SORBI_3007G210400	25	588
SORBI_3007G210500	25	589
SORBI_3007G210600	25	590
SORBI_3007G210700	25	591
SORBI_3007G210801	25	592
SORBI_3007G210900	25	593
SORBI_3007G211000	25	594
SORBI_3007G211100	25	595
SORBI_3007G211200	25	596
SORBI_3007G211300	25	597
SORBI_3007G211400	25	598
SORBI_3007G211500	25	599
SORBI_3007G211600	25	600
SORBI_3007G211700	25	601
SORBI_3007G211800	25	602
SORBI_3007G211900	25	603
SORBI_3007G212000	25	604
SORBI_3007G212100	25	605
SORBI_3007G212200	25	606
SORBI_3007G212250	25	607
SORBI_3007G212300	25	608
SORBI_3007G212400	25	609
SORBI_3007G212500	25	610
SORBI_3007G212600	25	611
SORBI_3007G212700	25	612
SORBI_3007G212800	25	613
SORBI_3007G212900	25	614
SORBI_3007G213000	25	615
SORBI_3007G213100	25	616
SORBI_3007G213200	25	617
SORBI_3007G213300	25	618
SORBI_3007G213400	25	619
SORBI_3007G213500	25	620
SORBI_3007G213600	25	621
SORBI_3007G213700	25	622
SORBI_3007G213800	25	623
SORBI_3007G213925	25	624
SORBI_3007G214050	25	625
SORBI_3007G214175	25	626
SORBI_3007G214300	25	627
SORBI_3007G214400	25	628
SORBI_3007G214500	25	629
SORBI_3007G214600	25	630
SORBI_3007G214700	25	631
SORBI_3007G214800	25	632
SORBI_3007G214900	25	633
SORBI_3007G215100	25	634
SORBI_3007G215200	25	635
SORBI_3007G215300	25	636
SORBI_3007G215400	25	637
SORBI_3007G215500	25	638
SORBI_3007G215600	25	639
SORBI_3007G215700	25	640
SORBI_3007G215800	25	641
SORBI_3007G215900	25	642
SORBI_3007G216001	25	643
SORBI_3007G216100	25	644
SORBI_3007G216201	25	645
SORBI_3007G216300	25	646
SORBI_3007G216401	25	647
SORBI_3007G216500	25	648
SORBI_3007G216550	25	649
SORBI_3007G216600	25	650
SORBI_3007G216700	25	651
SORBI_3007G216800	25	652
SORBI_3007G216900	25	653
SORBI_3007G217000	25	654
SORBI_3007G217100	25	655
SORBI_3007G217200	25	656
SORBI_3007G217300	25	657
SORBI_3007G217350	25	658
SORBI_3007G217400	25	659
SORBI_3007G217500	25	660
SORBI_3007G217600	25	661
SORBI_3007G217700	25	662
SORBI_3007G217800	25	663
SORBI_3007G217900	25	664
SORBI_3007G218000	25	665
SORBI_3007G218100	25	666
SORBI_3007G218200	25	667
SORBI_3007G218300	25	668
SORBI_3007G218400	25	669
SORBI_3007G218450	25	670
SORBI_3007G218500	25	671
SORBI_3007G218550	25	672
SORBI_3007G218600	25	673
SORBI_3007G218700	25	674
SORBI_3007G218800	25	675
SORBI_3007G218900	25	676
SORBI_3007G219000	25	677
SORBI_3007G219100	25	678
SORBI_3007G219200	25	679
SORBI_3007G219300	25	680
SORBI_3007G219400	25	681
SORBI_3007G219500	25	682
SORBI_3007G219601	25	683
SORBI_3007G219700	25	684
SORBI_3007G219800	25	685
SORBI_3007G219900	25	686
SORBI_3007G220000	25	687
SORBI_3007G220033	25	688
SORBI_3007G220066	25	689
SORBI_3007G220100	25	690
SORBI_3007G220150	25	691
SORBI_3007G220200	25	692
SORBI_3007G220300	25	693
SORBI_3007G220400	25	694
SORBI_3007G220500	25	695
SORBI_3007G220700	25	696
SORBI_3007G220900	25	697
SORBI_3007G221000	25	698
SORBI_3007G221100	25	699
SORBI_3007G221201	25	700
SORBI_3007G221300	25	701
SORBI_3007G221400	25	702
SORBI_3007G221500	25	703
SORBI_3007G221600	25	704
SORBI_3007G221700	25	705
SORBI_3007G221800	25	706
SORBI_3007G221866	25	707
SORBI_3007G221932	25	708
SORBI_3007G222000	25	709
SORBI_3007G222100	25	710
SORBI_3007G222200	25	711
SORBI_3007G222400	25	712
SORBI_3007G222500	25	713
SORBI_3007G222600	25	714
SORBI_3007G222700	25	715
SORBI_3007G222800	25	716
SORBI_3007G222900	25	717
SORBI_3007G223000	25	718
SORBI_3007G223100	25	719
SORBI_3007G223150	25	720
SORBI_3007G223200	25	721
SORBI_3007G223250	25	722
SORBI_3007G223300	25	723
SORBI_3007G223400	25	724
SORBI_3007G223500	25	725
SORBI_3007G223600	25	726
SORBI_3007G223701	25	727
SORBI_3007G223801	25	728
SORBI_3007G223900	25	729
SORBI_3007G224000	25	730
SORBI_3007G224100	25	731
SORBI_3007G224200	25	732
SORBI_3007G224300	25	733
SORBI_3007G224400	25	734
SORBI_3007G224500	25	735
SORBI_3007G224600	25	736
SORBI_3007G224700	25	737
SORBI_3007G224800	25	738
SORBI_3007G224900	25	739
SORBI_3007G225000	25	740
SORBI_3007G225050	25	741
SORBI_3007G225100	25	742
SORBI_3007G225200	25	743
SORBI_3007G225300	25	744
SORBI_3007G225400	25	745
SORBI_3007G225500	25	746
SORBI_3007G225600	25	747
SORBI_3007G225700	25	748
SORBI_3007G225800	25	749
SORBI_3007G225900	25	750
SORBI_3007G226000	25	751
SORBI_3007G226100	25	752
SORBI_3007G226200	25	753
SORBI_3007G226300	25	754
SORBI_3007G226400	25	755
SORBI_3007G226500	25	756
SORBI_3007G226600	25	757
SORBI_3007G226700	25	758
SORBI_3007G226800	25	759
SORBI_3007G226900	25	760
SORBI_3007G227000	25	761
SORBI_3007G227100	25	762
SORBI_3007G227300	25	763
SORBI_3007G227401	25	764
SORBI_3007G227500	25	765
SORBI_3007G227600	25	766
SORBI_3007G227700	25	767
SORBI_3008G000100	25	768
SORBI_3008G000201	25	769
SORBI_3008G000300	25	770
SORBI_3008G000400	25	771
SORBI_3008G000500	25	772
SORBI_3008G000600	25	773
SORBI_3008G000700	25	774
SORBI_3008G000800	25	775
SORBI_3008G000900	25	776
SORBI_3008G001000	25	777
SORBI_3008G001100	25	778
SORBI_3008G001200	25	779
SORBI_3008G001300	25	780
SORBI_3008G001400	25	781
SORBI_3008G001500	25	782
SORBI_3008G001600	25	783
SORBI_3008G001700	25	784
SORBI_3008G001800	25	785
SORBI_3008G001900	25	786
SORBI_3008G002000	25	787
SORBI_3008G002100	25	788
SORBI_3008G002201	25	789
SORBI_3008G002300	25	790
SORBI_3008G002400	25	791
SORBI_3008G002500	25	792
SORBI_3008G002600	25	793
SORBI_3008G002700	25	794
SORBI_3008G002800	25	795
SORBI_3008G002950	25	796
SORBI_3008G003100	25	797
SORBI_3008G003200	25	798
SORBI_3008G003300	25	799
SORBI_3008G003400	25	800
SORBI_3008G003600	25	801
SORBI_3008G003700	25	802
SORBI_3008G003800	25	803
SORBI_3008G003900	25	804
SORBI_3008G004000	25	805
SORBI_3008G004100	25	806
SORBI_3008G004200	25	807
SORBI_3008G004300	25	808
SORBI_3008G004400	25	809
SORBI_3008G004500	25	810
SORBI_3008G004600	25	811
SORBI_3008G004700	25	812
SORBI_3008G004800	25	813
SORBI_3008G004900	25	814
SORBI_3008G005000	25	815
SORBI_3008G005100	25	816
SORBI_3008G005200	25	817
SORBI_3008G005300	25	818
SORBI_3008G005400	25	819
SORBI_3008G005600	25	820
SORBI_3008G005700	25	821
SORBI_3008G005800	25	822
SORBI_3008G005900	25	823
SORBI_3008G006000	25	824
SORBI_3008G006100	25	825
SORBI_3008G006200	25	826
SORBI_3008G006300	25	827
SORBI_3008G006350	25	828
SORBI_3008G006400	25	829
SORBI_3008G006500	25	830
SORBI_3008G006601	25	831
SORBI_3008G006700	25	832
SORBI_3008G006800	25	833
SORBI_3008G006900	25	834
SORBI_3008G007000	25	835
SORBI_3008G007100	25	836
SORBI_3008G007200	25	837
SORBI_3008G007300	25	838
SORBI_3008G007400	25	839
SORBI_3008G007500	25	840
SORBI_3008G007600	25	841
SORBI_3008G007700	25	842
SORBI_3008G007800	25	843
SORBI_3008G007900	25	844
SORBI_3008G008000	25	845
SORBI_3008G008100	25	846
SORBI_3008G008200	25	847
SORBI_3008G008300	25	848
SORBI_3008G008400	25	849
SORBI_3008G008500	25	850
SORBI_3008G008601	25	851
SORBI_3008G008701	25	852
SORBI_3008G008801	25	853
SORBI_3008G008900	25	854
SORBI_3008G009000	25	855
SORBI_3008G009100	25	856
SORBI_3008G009200	25	857
SORBI_3008G009300	25	858
SORBI_3008G009400	25	859
SORBI_3008G009450	25	860
SORBI_3008G009500	25	861
SORBI_3008G009600	25	862
SORBI_3008G009700	25	863
SORBI_3008G009800	25	864
SORBI_3008G009900	25	865
SORBI_3008G010000	25	866
SORBI_3008G010100	25	867
SORBI_3008G010200	25	868
SORBI_3008G010300	25	869
SORBI_3008G010400	25	870
SORBI_3008G010500	25	871
SORBI_3008G010600	25	872
SORBI_3008G010700	25	873
SORBI_3008G010750	25	874
SORBI_3008G010800	25	875
SORBI_3008G010900	25	876
SORBI_3008G011000	25	877
SORBI_3008G011100	25	878
SORBI_3008G011200	25	879
SORBI_3008G011300	25	880
SORBI_3008G011400	25	881
SORBI_3008G011500	25	882
SORBI_3008G011550	25	883
SORBI_3008G011600	25	884
SORBI_3008G011700	25	885
SORBI_3008G011800	25	886
SORBI_3008G011901	25	887
SORBI_3008G012000	25	888
SORBI_3008G012100	25	889
SORBI_3008G012150	25	890
SORBI_3008G012200	25	891
SORBI_3008G012300	25	892
SORBI_3008G012400	25	893
SORBI_3008G012500	25	894
SORBI_3008G012600	25	895
SORBI_3008G012700	25	896
SORBI_3008G012800	25	897
SORBI_3008G012900	25	898
SORBI_3008G013000	25	899
SORBI_3008G013100	25	900
SORBI_3008G013200	25	901
SORBI_3008G013300	25	902
SORBI_3008G013400	25	903
SORBI_3008G013500	25	904
SORBI_3008G013600	25	905
SORBI_3008G013700	25	906
SORBI_3008G013800	25	907
SORBI_3008G013900	25	908
SORBI_3008G014000	25	909
SORBI_3008G014100	25	910
SORBI_3008G014200	25	911
SORBI_3008G014300	25	912
SORBI_3008G014400	25	913
SORBI_3008G014500	25	914
SORBI_3008G014601	25	915
SORBI_3008G014700	25	916
SORBI_3008G014801	25	917
SORBI_3008G014900	25	918
SORBI_3008G015000	25	919
SORBI_3008G015100	25	920
SORBI_3008G015200	25	921
SORBI_3008G015300	25	922
SORBI_3008G015400	25	923
SORBI_3008G015500	25	924
SORBI_3008G015600	25	925
SORBI_3008G015700	25	926
SORBI_3008G015800	25	927
SORBI_3008G015900	25	928
SORBI_3008G016000	25	929
SORBI_3008G016100	25	930
SORBI_3008G016200	25	931
SORBI_3008G016250	25	932
SORBI_3008G016300	25	933
SORBI_3008G016400	25	934
SORBI_3008G016500	25	935
SORBI_3008G016600	25	936
SORBI_3008G016700	25	937
SORBI_3008G016800	25	938
SORBI_3008G016850	25	939
SORBI_3008G016900	25	940
SORBI_3008G017000	25	941
SORBI_3008G017100	25	942
SORBI_3008G017200	25	943
SORBI_3008G017300	25	944
SORBI_3008G017400	25	945
SORBI_3008G017500	25	946
SORBI_3008G017600	25	947
SORBI_3008G017700	25	948
SORBI_3008G017800	25	949
SORBI_3008G017850	25	950
SORBI_3008G017900	25	951
SORBI_3008G018000	25	952
SORBI_3008G018100	25	953
SORBI_3008G018200	25	954
SORBI_3008G018300	25	955
SORBI_3008G018400	25	956
SORBI_3008G018500	25	957
SORBI_3008G018600	25	958
SORBI_3008G018700	25	959
SORBI_3008G018800	25	960
SORBI_3008G018900	25	961
SORBI_3008G019000	25	962
SORBI_3008G019100	25	963
SORBI_3008G019200	25	964
SORBI_3008G019300	25	965
SORBI_3008G019350	25	966
SORBI_3008G019400	25	967
SORBI_3008G019466	25	968
SORBI_3008G019532	25	969
SORBI_3008G019600	25	970
SORBI_3008G019700	25	971
SORBI_3008G019800	25	972
SORBI_3008G019900	25	973
SORBI_3008G020000	25	974
SORBI_3008G020100	25	975
SORBI_3008G020200	25	976
SORBI_3008G020300	25	977
SORBI_3008G020350	25	978
SORBI_3008G020400	25	979
SORBI_3008G020500	25	980
SORBI_3008G020600	25	981
SORBI_3008G020700	25	982
SORBI_3008G020800	25	983
SORBI_3008G020900	25	984
SORBI_3008G021000	25	985
SORBI_3008G021100	25	986
SORBI_3008G021200	25	987
SORBI_3008G021300	25	988
SORBI_3008G021400	25	989
SORBI_3008G021500	25	990
SORBI_3008G021601	25	991
SORBI_3008G021700	25	992
SORBI_3008G021800	25	993
SORBI_3008G021900	25	994
SORBI_3008G022000	25	995
SORBI_3008G022100	25	996
SORBI_3008G022200	25	997
SORBI_3008G022300	25	998
SORBI_3008G022400	25	999
SORBI_3008G022500	25	1000
SORBI_3008G022600	25	1001
SORBI_3008G022701	25	1002
SORBI_3008G022800	25	1003
SORBI_3008G023000	25	1004
SORBI_3008G023100	25	1005
SORBI_3008G023200	25	1006
SORBI_3008G023300	25	1007
SORBI_3008G023401	25	1008
SORBI_3008G023500	25	1009
SORBI_3008G023600	25	1010
SORBI_3008G023801	25	1011
SORBI_3008G024000	25	1012
SORBI_3008G024100	25	1013
SORBI_3008G024200	25	1014
SORBI_3008G024300	25	1015
SORBI_3008G024400	25	1016
SORBI_3008G024500	25	1017
SORBI_3008G024550	25	1018
SORBI_3008G024600	25	1019
SORBI_3008G024700	25	1020
SORBI_3008G024800	25	1021
SORBI_3008G024900	25	1022
SORBI_3008G025000	25	1023
SORBI_3008G025100	26	0
SORBI_3008G025200	26	1
SORBI_3008G025300	26	2
SORBI_3008G025400	26	3
SORBI_3008G025500	26	4
SORBI_3008G025550	26	5
SORBI_3008G025600	26	6
SORBI_3008G025700	26	7
SORBI_3008G025800	26	8
SORBI_3008G025900	26	9
SORBI_3008G026000	26	10
SORBI_3008G026100	26	11
SORBI_3008G026200	26	12
SORBI_3008G026300	26	13
SORBI_3008G026400	26	14
SORBI_3008G026500	26	15
SORBI_3008G026600	26	16
SORBI_3008G026700	26	17
SORBI_3008G026800	26	18
SORBI_3008G026900	26	19
SORBI_3008G027000	26	20
SORBI_3008G027200	26	21
SORBI_3008G027300	26	22
SORBI_3008G027400	26	23
SORBI_3008G027500	26	24
SORBI_3008G027600	26	25
SORBI_3008G027700	26	26
SORBI_3008G027800	26	27
SORBI_3008G027900	26	28
SORBI_3008G028000	26	29
SORBI_3008G028100	26	30
SORBI_3008G028200	26	31
SORBI_3008G028300	26	32
SORBI_3008G028400	26	33
SORBI_3008G028500	26	34
SORBI_3008G028533	26	35
SORBI_3008G028566	26	36
SORBI_3008G028600	26	37
SORBI_3008G028700	26	38
SORBI_3008G028800	26	39
SORBI_3008G028850	26	40
SORBI_3008G028900	26	41
SORBI_3008G029000	26	42
SORBI_3008G029200	26	43
SORBI_3008G029300	26	44
SORBI_3008G029400	26	45
SORBI_3008G029500	26	46
SORBI_3008G029600	26	47
SORBI_3008G029700	26	48
SORBI_3008G029800	26	49
SORBI_3008G029850	26	50
SORBI_3008G029900	26	51
SORBI_3008G030000	26	52
SORBI_3008G030100	26	53
SORBI_3008G030200	26	54
SORBI_3008G030300	26	55
SORBI_3008G030400	26	56
SORBI_3008G030501	26	57
SORBI_3008G030600	26	58
SORBI_3008G030700	26	59
SORBI_3008G030801	26	60
SORBI_3008G030900	26	61
SORBI_3008G031000	26	62
SORBI_3008G031200	26	63
SORBI_3008G031300	26	64
SORBI_3008G031350	26	65
SORBI_3008G031400	26	66
SORBI_3008G031600	26	67
SORBI_3008G031700	26	68
SORBI_3008G031800	26	69
SORBI_3008G031900	26	70
SORBI_3008G032000	26	71
SORBI_3008G032100	26	72
SORBI_3008G032200	26	73
SORBI_3008G032300	26	74
SORBI_3008G032400	26	75
SORBI_3008G032500	26	76
SORBI_3008G032600	26	77
SORBI_3008G032701	26	78
SORBI_3008G032800	26	79
SORBI_3008G032850	26	80
SORBI_3008G032900	26	81
SORBI_3008G033000	26	82
SORBI_3008G033100	26	83
SORBI_3008G033200	26	84
SORBI_3008G033250	26	85
SORBI_3008G033300	26	86
SORBI_3008G033350	26	87
SORBI_3008G033400	26	88
SORBI_3008G033500	26	89
SORBI_3008G033600	26	90
SORBI_3008G033700	26	91
SORBI_3008G033750	26	92
SORBI_3008G033800	26	93
SORBI_3008G033900	26	94
SORBI_3008G034000	26	95
SORBI_3008G034200	26	96
SORBI_3008G034300	26	97
SORBI_3008G034400	26	98
SORBI_3008G034500	26	99
SORBI_3008G034600	26	100
SORBI_3008G034700	26	101
SORBI_3008G034800	26	102
SORBI_3008G034900	26	103
SORBI_3008G035000	26	104
SORBI_3008G035300	26	105
SORBI_3008G035400	26	106
SORBI_3008G035501	26	107
SORBI_3008G035600	26	108
SORBI_3008G035633	26	109
SORBI_3008G035666	26	110
SORBI_3008G035700	26	111
SORBI_3008G035800	26	112
SORBI_3008G035900	26	113
SORBI_3008G036000	26	114
SORBI_3008G036100	26	115
SORBI_3008G036200	26	116
SORBI_3008G036300	26	117
SORBI_3008G036350	26	118
SORBI_3008G036400	26	119
SORBI_3008G036500	26	120
SORBI_3008G036600	26	121
SORBI_3008G036800	26	122
SORBI_3008G036900	26	123
SORBI_3008G037000	26	124
SORBI_3008G037100	26	125
SORBI_3008G037200	26	126
SORBI_3008G037300	26	127
SORBI_3008G037400	26	128
SORBI_3008G037500	26	129
SORBI_3008G037600	26	130
SORBI_3008G037700	26	131
SORBI_3008G037800	26	132
SORBI_3008G037900	26	133
SORBI_3008G038000	26	134
SORBI_3008G038100	26	135
SORBI_3008G038200	26	136
SORBI_3008G038300	26	137
SORBI_3008G038400	26	138
SORBI_3008G038500	26	139
SORBI_3008G038600	26	140
SORBI_3008G038700	26	141
SORBI_3008G038801	26	142
SORBI_3008G038900	26	143
SORBI_3008G039000	26	144
SORBI_3008G039100	26	145
SORBI_3008G039200	26	146
SORBI_3008G039300	26	147
SORBI_3008G039401	26	148
SORBI_3008G039501	26	149
SORBI_3008G039600	26	150
SORBI_3008G039700	26	151
SORBI_3008G039750	26	152
SORBI_3008G039800	26	153
SORBI_3008G039900	26	154
SORBI_3008G040000	26	155
SORBI_3008G040100	26	156
SORBI_3008G040201	26	157
SORBI_3008G040300	26	158
SORBI_3008G040400	26	159
SORBI_3008G040501	26	160
SORBI_3008G040600	26	161
SORBI_3008G040700	26	162
SORBI_3008G040800	26	163
SORBI_3008G040900	26	164
SORBI_3008G041000	26	165
SORBI_3008G041100	26	166
SORBI_3008G041300	26	167
SORBI_3008G041400	26	168
SORBI_3008G041450	26	169
SORBI_3008G041500	26	170
SORBI_3008G041600	26	171
SORBI_3008G041700	26	172
SORBI_3008G041800	26	173
SORBI_3008G041900	26	174
SORBI_3008G042000	26	175
SORBI_3008G042100	26	176
SORBI_3008G042200	26	177
SORBI_3008G042250	26	178
SORBI_3008G042300	26	179
SORBI_3008G042400	26	180
SORBI_3008G042500	26	181
SORBI_3008G042600	26	182
SORBI_3008G042700	26	183
SORBI_3008G042800	26	184
SORBI_3008G042900	26	185
SORBI_3008G043000	26	186
SORBI_3008G043100	26	187
SORBI_3008G043200	26	188
SORBI_3008G043300	26	189
SORBI_3008G043400	26	190
SORBI_3008G043450	26	191
SORBI_3008G043500	26	192
SORBI_3008G043600	26	193
SORBI_3008G043700	26	194
SORBI_3008G043800	26	195
SORBI_3008G043900	26	196
SORBI_3008G044000	26	197
SORBI_3008G044100	26	198
SORBI_3008G044200	26	199
SORBI_3008G044300	26	200
SORBI_3008G044400	26	201
SORBI_3008G044450	26	202
SORBI_3008G044500	26	203
SORBI_3008G044600	26	204
SORBI_3008G044750	26	205
SORBI_3008G044900	26	206
SORBI_3008G045000	26	207
SORBI_3008G045100	26	208
SORBI_3008G045166	26	209
SORBI_3008G045232	26	210
SORBI_3008G045300	26	211
SORBI_3008G045450	26	212
SORBI_3008G045600	26	213
SORBI_3008G045650	26	214
SORBI_3008G045700	26	215
SORBI_3008G045800	26	216
SORBI_3008G045900	26	217
SORBI_3008G046000	26	218
SORBI_3008G046100	26	219
SORBI_3008G046200	26	220
SORBI_3008G046300	26	221
SORBI_3008G046400	26	222
SORBI_3008G046500	26	223
SORBI_3008G046600	26	224
SORBI_3008G046700	26	225
SORBI_3008G046800	26	226
SORBI_3008G046900	26	227
SORBI_3008G047000	26	228
SORBI_3008G047100	26	229
SORBI_3008G047150	26	230
SORBI_3008G047200	26	231
SORBI_3008G047300	26	232
SORBI_3008G047400	26	233
SORBI_3008G047500	26	234
SORBI_3008G047600	26	235
SORBI_3008G047700	26	236
SORBI_3008G047800	26	237
SORBI_3008G047900	26	238
SORBI_3008G048000	26	239
SORBI_3008G048100	26	240
SORBI_3008G048200	26	241
SORBI_3008G048300	26	242
SORBI_3008G048400	26	243
SORBI_3008G048501	26	244
SORBI_3008G048600	26	245
SORBI_3008G048800	26	246
SORBI_3008G048900	26	247
SORBI_3008G048933	26	248
SORBI_3008G048966	26	249
SORBI_3008G049000	26	250
SORBI_3008G049100	26	251
SORBI_3008G049200	26	252
SORBI_3008G049250	26	253
SORBI_3008G049300	26	254
SORBI_3008G049701	26	255
SORBI_3008G050100	26	256
SORBI_3008G050200	26	257
SORBI_3008G050300	26	258
SORBI_3008G050400	26	259
SORBI_3008G050500	26	260
SORBI_3008G050600	26	261
SORBI_3008G050700	26	262
SORBI_3008G050800	26	263
SORBI_3008G050900	26	264
SORBI_3008G051000	26	265
SORBI_3008G051100	26	266
SORBI_3008G051200	26	267
SORBI_3008G051300	26	268
SORBI_3008G051400	26	269
SORBI_3008G051500	26	270
SORBI_3008G051600	26	271
SORBI_3008G051700	26	272
SORBI_3008G051800	26	273
SORBI_3008G051900	26	274
SORBI_3008G052000	26	275
SORBI_3008G052200	26	276
SORBI_3008G052300	26	277
SORBI_3008G052400	26	278
SORBI_3008G052450	26	279
SORBI_3008G052500	26	280
SORBI_3008G052600	26	281
SORBI_3008G052700	26	282
SORBI_3008G052800	26	283
SORBI_3008G052900	26	284
SORBI_3008G053000	26	285
SORBI_3008G053101	26	286
SORBI_3008G053200	26	287
SORBI_3008G053300	26	288
SORBI_3008G053500	26	289
SORBI_3008G053600	26	290
SORBI_3008G053700	26	291
SORBI_3008G053750	26	292
SORBI_3008G053800	26	293
SORBI_3008G053900	26	294
SORBI_3008G054000	26	295
SORBI_3008G054100	26	296
SORBI_3008G054150	26	297
SORBI_3008G054200	26	298
SORBI_3008G054400	26	299
SORBI_3008G054450	26	300
SORBI_3008G054500	26	301
SORBI_3008G054600	26	302
SORBI_3008G054700	26	303
SORBI_3008G054800	26	304
SORBI_3008G054900	26	305
SORBI_3008G055000	26	306
SORBI_3008G055100	26	307
SORBI_3008G055200	26	308
SORBI_3008G055300	26	309
SORBI_3008G055366	26	310
SORBI_3008G055432	26	311
SORBI_3008G055500	26	312
SORBI_3008G055600	26	313
SORBI_3008G055650	26	314
SORBI_3008G055700	26	315
SORBI_3008G055800	26	316
SORBI_3008G055900	26	317
SORBI_3008G056000	26	318
SORBI_3008G056100	26	319
SORBI_3008G056200	26	320
SORBI_3008G056350	26	321
SORBI_3008G056500	26	322
SORBI_3008G056600	26	323
SORBI_3008G056700	26	324
SORBI_3008G056800	26	325
SORBI_3008G056900	26	326
SORBI_3008G057000	26	327
SORBI_3008G057100	26	328
SORBI_3008G057200	26	329
SORBI_3008G057300	26	330
SORBI_3008G057400	26	331
SORBI_3008G057500	26	332
SORBI_3008G057600	26	333
SORBI_3008G057700	26	334
SORBI_3008G057800	26	335
SORBI_3008G057900	26	336
SORBI_3008G058000	26	337
SORBI_3008G058100	26	338
SORBI_3008G058200	26	339
SORBI_3008G058300	26	340
SORBI_3008G058400	26	341
SORBI_3008G058500	26	342
SORBI_3008G058600	26	343
SORBI_3008G058700	26	344
SORBI_3008G058800	26	345
SORBI_3008G058900	26	346
SORBI_3008G059000	26	347
SORBI_3008G059100	26	348
SORBI_3008G059200	26	349
SORBI_3008G059300	26	350
SORBI_3008G059400	26	351
SORBI_3008G059500	26	352
SORBI_3008G059566	26	353
SORBI_3008G059632	26	354
SORBI_3008G059700	26	355
SORBI_3008G059800	26	356
SORBI_3008G059900	26	357
SORBI_3008G060000	26	358
SORBI_3008G060050	26	359
SORBI_3008G060100	26	360
SORBI_3008G060150	26	361
SORBI_3008G060200	26	362
SORBI_3008G060300	26	363
SORBI_3008G060400	26	364
SORBI_3008G060500	26	365
SORBI_3008G060700	26	366
SORBI_3008G060800	26	367
SORBI_3008G060900	26	368
SORBI_3008G061000	26	369
SORBI_3008G061100	26	370
SORBI_3008G061201	26	371
SORBI_3008G061300	26	372
SORBI_3008G061401	26	373
SORBI_3008G061500	26	374
SORBI_3008G061601	26	375
SORBI_3008G061701	26	376
SORBI_3008G061801	26	377
SORBI_3008G061900	26	378
SORBI_3008G062000	26	379
SORBI_3008G062200	26	380
SORBI_3008G062300	26	381
SORBI_3008G062400	26	382
SORBI_3008G062500	26	383
SORBI_3008G062601	26	384
SORBI_3008G062700	26	385
SORBI_3008G062800	26	386
SORBI_3008G062900	26	387
SORBI_3008G063000	26	388
SORBI_3008G063100	26	389
SORBI_3008G063200	26	390
SORBI_3008G063300	26	391
SORBI_3008G063400	26	392
SORBI_3008G063500	26	393
SORBI_3008G063600	26	394
SORBI_3008G063800	26	395
SORBI_3008G064000	26	396
SORBI_3008G064100	26	397
SORBI_3008G064200	26	398
SORBI_3008G064250	26	399
SORBI_3008G064300	26	400
SORBI_3008G064400	26	401
SORBI_3008G064500	26	402
SORBI_3008G064601	26	403
SORBI_3008G064700	26	404
SORBI_3008G064750	26	405
SORBI_3008G064800	26	406
SORBI_3008G064900	26	407
SORBI_3008G065000	26	408
SORBI_3008G065050	26	409
SORBI_3008G065100	26	410
SORBI_3008G065200	26	411
SORBI_3008G065300	26	412
SORBI_3008G065400	26	413
SORBI_3008G065600	26	414
SORBI_3008G065700	26	415
SORBI_3008G065800	26	416
SORBI_3008G065866	26	417
SORBI_3008G065932	26	418
SORBI_3008G066000	26	419
SORBI_3008G066100	26	420
SORBI_3008G066200	26	421
SORBI_3008G066300	26	422
SORBI_3008G066401	26	423
SORBI_3008G066501	26	424
SORBI_3008G066600	26	425
SORBI_3008G066700	26	426
SORBI_3008G066800	26	427
SORBI_3008G066900	26	428
SORBI_3008G067000	26	429
SORBI_3008G067100	26	430
SORBI_3008G067200	26	431
SORBI_3008G067301	26	432
SORBI_3008G067400	26	433
SORBI_3008G067500	26	434
SORBI_3008G067600	26	435
SORBI_3008G067700	26	436
SORBI_3008G067800	26	437
SORBI_3008G067900	26	438
SORBI_3008G068000	26	439
SORBI_3008G068100	26	440
SORBI_3008G068133	26	441
SORBI_3008G068166	26	442
SORBI_3008G068200	26	443
SORBI_3008G068300	26	444
SORBI_3008G068400	26	445
SORBI_3008G068450	26	446
SORBI_3008G068500	26	447
SORBI_3008G068601	26	448
SORBI_3008G068700	26	449
SORBI_3008G068800	26	450
SORBI_3008G068850	26	451
SORBI_3008G068900	26	452
SORBI_3008G069000	26	453
SORBI_3008G069100	26	454
SORBI_3008G069200	26	455
SORBI_3008G069300	26	456
SORBI_3008G069401	26	457
SORBI_3008G069500	26	458
SORBI_3008G069600	26	459
SORBI_3008G069700	26	460
SORBI_3008G069901	26	461
SORBI_3008G070100	26	462
SORBI_3008G070200	26	463
SORBI_3008G070350	26	464
SORBI_3008G070500	26	465
SORBI_3008G070600	26	466
SORBI_3008G070650	26	467
SORBI_3008G070700	26	468
SORBI_3008G070800	26	469
SORBI_3008G070900	26	470
SORBI_3008G071050	26	471
SORBI_3008G071200	26	472
SORBI_3008G071300	26	473
SORBI_3008G071400	26	474
SORBI_3008G071550	26	475
SORBI_3008G071700	26	476
SORBI_3008G071800	26	477
SORBI_3008G071900	26	478
SORBI_3008G072050	26	479
SORBI_3008G072200	26	480
SORBI_3008G072300	26	481
SORBI_3008G072400	26	482
SORBI_3008G072500	26	483
SORBI_3008G072550	26	484
SORBI_3008G072600	26	485
SORBI_3008G072700	26	486
SORBI_3008G072800	26	487
SORBI_3008G072850	26	488
SORBI_3008G072900	26	489
SORBI_3008G073000	26	490
SORBI_3008G073100	26	491
SORBI_3008G073200	26	492
SORBI_3008G073300	26	493
SORBI_3008G073400	26	494
SORBI_3008G073500	26	495
SORBI_3008G073600	26	496
SORBI_3008G073700	26	497
SORBI_3008G073800	26	498
SORBI_3008G073900	26	499
SORBI_3008G074000	26	500
SORBI_3008G074100	26	501
SORBI_3008G074150	26	502
SORBI_3008G074200	26	503
SORBI_3008G074300	26	504
SORBI_3008G074400	26	505
SORBI_3008G074500	26	506
SORBI_3008G074600	26	507
SORBI_3008G074700	26	508
SORBI_3008G074800	26	509
SORBI_3008G074900	26	510
SORBI_3008G075100	26	511
SORBI_3008G075200	26	512
SORBI_3008G075300	26	513
SORBI_3008G075350	26	514
SORBI_3008G075400	26	515
SORBI_3008G075500	26	516
SORBI_3008G075533	26	517
SORBI_3008G075566	26	518
SORBI_3008G075600	26	519
SORBI_3008G075700	26	520
SORBI_3008G075800	26	521
SORBI_3008G075900	26	522
SORBI_3008G076100	26	523
SORBI_3008G076200	26	524
SORBI_3008G076250	26	525
SORBI_3008G076300	26	526
SORBI_3008G076401	26	527
SORBI_3008G076500	26	528
SORBI_3008G076600	26	529
SORBI_3008G076700	26	530
SORBI_3008G076800	26	531
SORBI_3008G076900	26	532
SORBI_3008G077100	26	533
SORBI_3008G077300	26	534
SORBI_3008G077400	26	535
SORBI_3008G077500	26	536
SORBI_3008G077550	26	537
SORBI_3008G077600	26	538
SORBI_3008G077700	26	539
SORBI_3008G077800	26	540
SORBI_3008G077900	26	541
SORBI_3008G078000	26	542
SORBI_3008G078100	26	543
SORBI_3008G078200	26	544
SORBI_3008G078300	26	545
SORBI_3008G078400	26	546
SORBI_3008G078500	26	547
SORBI_3008G078550	26	548
SORBI_3008G078600	26	549
SORBI_3008G078700	26	550
SORBI_3008G078800	26	551
SORBI_3008G078900	26	552
SORBI_3008G078966	26	553
SORBI_3008G079032	26	554
SORBI_3008G079100	26	555
SORBI_3008G079200	26	556
SORBI_3008G079300	26	557
SORBI_3008G079400	26	558
SORBI_3008G079500	26	559
SORBI_3008G079600	26	560
SORBI_3008G079650	26	561
SORBI_3008G079700	26	562
SORBI_3008G079733	26	563
SORBI_3008G079766	26	564
SORBI_3008G079800	26	565
SORBI_3008G079900	26	566
SORBI_3008G080000	26	567
SORBI_3008G080100	26	568
SORBI_3008G080200	26	569
SORBI_3008G080300	26	570
SORBI_3008G080400	26	571
SORBI_3008G080500	26	572
SORBI_3008G080600	26	573
SORBI_3008G080700	26	574
SORBI_3008G080801	26	575
SORBI_3008G080900	26	576
SORBI_3008G081000	26	577
SORBI_3008G081100	26	578
SORBI_3008G081150	26	579
SORBI_3008G081200	26	580
SORBI_3008G081300	26	581
SORBI_3008G081400	26	582
SORBI_3008G081500	26	583
SORBI_3008G081600	26	584
SORBI_3008G081700	26	585
SORBI_3008G081800	26	586
SORBI_3008G081900	26	587
SORBI_3008G082000	26	588
SORBI_3008G082100	26	589
SORBI_3008G082150	26	590
SORBI_3008G082200	26	591
SORBI_3008G082250	26	592
SORBI_3008G082300	26	593
SORBI_3008G082400	26	594
SORBI_3008G082450	26	595
SORBI_3008G082500	26	596
SORBI_3008G082550	26	597
SORBI_3008G082600	26	598
SORBI_3008G082700	26	599
SORBI_3008G082800	26	600
SORBI_3008G082900	26	601
SORBI_3008G083000	26	602
SORBI_3008G083100	26	603
SORBI_3008G083200	26	604
SORBI_3008G083300	26	605
SORBI_3008G083400	26	606
SORBI_3008G083500	26	607
SORBI_3008G083600	26	608
SORBI_3008G083650	26	609
SORBI_3008G083700	26	610
SORBI_3008G084000	26	611
SORBI_3008G084100	26	612
SORBI_3008G084200	26	613
SORBI_3008G084300	26	614
SORBI_3008G084401	26	615
SORBI_3008G084501	26	616
SORBI_3008G084600	26	617
SORBI_3008G084700	26	618
SORBI_3008G084800	26	619
SORBI_3008G084900	26	620
SORBI_3008G085050	26	621
SORBI_3008G085200	26	622
SORBI_3008G085300	26	623
SORBI_3008G085350	26	624
SORBI_3008G085400	26	625
SORBI_3008G085600	26	626
SORBI_3008G085700	26	627
SORBI_3008G085800	26	628
SORBI_3008G085950	26	629
SORBI_3008G086100	26	630
SORBI_3008G086200	26	631
SORBI_3008G086300	26	632
SORBI_3008G086401	26	633
SORBI_3008G086500	26	634
SORBI_3008G086700	26	635
SORBI_3008G087000	26	636
SORBI_3008G087100	26	637
SORBI_3008G087200	26	638
SORBI_3008G087300	26	639
SORBI_3008G087400	26	640
SORBI_3008G087500	26	641
SORBI_3008G087800	26	642
SORBI_3008G087833	26	643
SORBI_3008G087866	26	644
SORBI_3008G087900	26	645
SORBI_3008G088000	26	646
SORBI_3008G088100	26	647
SORBI_3008G088200	26	648
SORBI_3008G088300	26	649
SORBI_3008G088400	26	650
SORBI_3008G088450	26	651
SORBI_3008G088500	26	652
SORBI_3008G088600	26	653
SORBI_3008G088800	26	654
SORBI_3008G088803	26	655
SORBI_3008G088806	26	656
SORBI_3008G088809	26	657
SORBI_3008G088812	26	658
SORBI_3008G088815	26	659
SORBI_3008G088818	26	660
SORBI_3008G088821	26	661
SORBI_3008G088824	26	662
SORBI_3008G088827	26	663
SORBI_3008G088830	26	664
SORBI_3008G088833	26	665
SORBI_3008G088836	26	666
SORBI_3008G088839	26	667
SORBI_3008G088842	26	668
SORBI_3008G088845	26	669
SORBI_3008G088848	26	670
SORBI_3008G088851	26	671
SORBI_3008G088854	26	672
SORBI_3008G088857	26	673
SORBI_3008G088860	26	674
SORBI_3008G088863	26	675
SORBI_3008G088866	26	676
SORBI_3008G088869	26	677
SORBI_3008G088872	26	678
SORBI_3008G088875	26	679
SORBI_3008G088878	26	680
SORBI_3008G088881	26	681
SORBI_3008G088884	26	682
SORBI_3008G088887	26	683
SORBI_3008G088890	26	684
SORBI_3008G088900	26	685
SORBI_3008G089100	26	686
SORBI_3008G089233	26	687
SORBI_3008G089366	26	688
SORBI_3008G089500	26	689
SORBI_3008G089600	26	690
SORBI_3008G089700	26	691
SORBI_3008G089750	26	692
SORBI_3008G089800	26	693
SORBI_3008G089900	26	694
SORBI_3008G090000	26	695
SORBI_3008G090100	26	696
SORBI_3008G090150	26	697
SORBI_3008G090200	26	698
SORBI_3008G090300	26	699
SORBI_3008G090400	26	700
SORBI_3008G090600	26	701
SORBI_3008G090701	26	702
SORBI_3008G090800	26	703
SORBI_3008G090900	26	704
SORBI_3008G091100	26	705
SORBI_3008G091300	26	706
SORBI_3008G091400	26	707
SORBI_3008G091500	26	708
SORBI_3008G091557	26	709
SORBI_3008G091614	26	710
SORBI_3008G091671	26	711
SORBI_3008G091728	26	712
SORBI_3008G091785	26	713
SORBI_3008G091842	26	714
SORBI_3008G091900	26	715
SORBI_3008G092000	26	716
SORBI_3008G092200	26	717
SORBI_3008G092300	26	718
SORBI_3008G092400	26	719
SORBI_3008G092466	26	720
SORBI_3008G092532	26	721
SORBI_3008G092600	26	722
SORBI_3008G092701	26	723
SORBI_3008G092800	26	724
SORBI_3008G092866	26	725
SORBI_3008G092932	26	726
SORBI_3008G093000	26	727
SORBI_3008G093101	26	728
SORBI_3008G093200	26	729
SORBI_3008G093300	26	730
SORBI_3008G093500	26	731
SORBI_3008G093600	26	732
SORBI_3008G093700	26	733
SORBI_3008G093900	26	734
SORBI_3008G094000	26	735
SORBI_3008G094150	26	736
SORBI_3008G094300	26	737
SORBI_3008G094400	26	738
SORBI_3008G094500	26	739
SORBI_3008G094600	26	740
SORBI_3008G094650	26	741
SORBI_3008G094700	26	742
SORBI_3008G094800	26	743
SORBI_3008G094900	26	744
SORBI_3008G095000	26	745
SORBI_3008G095100	26	746
SORBI_3008G095150	26	747
SORBI_3008G095200	26	748
SORBI_3008G095400	26	749
SORBI_3008G095500	26	750
SORBI_3008G095633	26	751
SORBI_3008G095766	26	752
SORBI_3008G095900	26	753
SORBI_3008G096000	26	754
SORBI_3008G096050	26	755
SORBI_3008G096100	26	756
SORBI_3008G096150	26	757
SORBI_3008G096200	26	758
SORBI_3008G096300	26	759
SORBI_3008G096401	26	760
SORBI_3008G096500	26	761
SORBI_3008G096700	26	762
SORBI_3008G096800	26	763
SORBI_3008G096900	26	764
SORBI_3008G097000	26	765
SORBI_3008G097100	26	766
SORBI_3008G097200	26	767
SORBI_3008G097300	26	768
SORBI_3008G097401	26	769
SORBI_3008G097500	26	770
SORBI_3008G097600	26	771
SORBI_3008G097700	26	772
SORBI_3008G097800	26	773
SORBI_3008G097900	26	774
SORBI_3008G097966	26	775
SORBI_3008G098032	26	776
SORBI_3008G098098	26	777
SORBI_3008G098164	26	778
SORBI_3008G098230	26	779
SORBI_3008G098300	26	780
SORBI_3008G098400	26	781
SORBI_3008G098500	26	782
SORBI_3008G098600	26	783
SORBI_3008G098700	26	784
SORBI_3008G098800	26	785
SORBI_3008G098900	26	786
SORBI_3008G099000	26	787
SORBI_3008G099100	26	788
SORBI_3008G099166	26	789
SORBI_3008G099232	26	790
SORBI_3008G099300	26	791
SORBI_3008G099500	26	792
SORBI_3008G099600	26	793
SORBI_3008G099800	26	794
SORBI_3008G099900	26	795
SORBI_3008G100000	26	796
SORBI_3008G100100	26	797
SORBI_3008G100201	26	798
SORBI_3008G100300	26	799
SORBI_3008G100400	26	800
SORBI_3008G100600	26	801
SORBI_3008G100700	26	802
SORBI_3008G100801	26	803
SORBI_3008G100900	26	804
SORBI_3008G100950	26	805
SORBI_3008G101000	26	806
SORBI_3008G101100	26	807
SORBI_3008G101200	26	808
SORBI_3008G101300	26	809
SORBI_3008G101350	26	810
SORBI_3008G101400	26	811
SORBI_3008G101500	26	812
SORBI_3008G101600	26	813
SORBI_3008G101800	26	814
SORBI_3008G101850	26	815
SORBI_3008G101900	26	816
SORBI_3008G102000	26	817
SORBI_3008G102050	26	818
SORBI_3008G102100	26	819
SORBI_3008G102150	26	820
SORBI_3008G102200	26	821
SORBI_3008G102300	26	822
SORBI_3008G102400	26	823
SORBI_3008G102466	26	824
SORBI_3008G102532	26	825
SORBI_3008G102600	26	826
SORBI_3008G102800	26	827
SORBI_3008G102850	26	828
SORBI_3008G102900	26	829
SORBI_3008G103000	26	830
SORBI_3008G103066	26	831
SORBI_3008G103132	26	832
SORBI_3008G103200	26	833
SORBI_3008G103250	26	834
SORBI_3008G103300	26	835
SORBI_3008G103400	26	836
SORBI_3008G103500	26	837
SORBI_3008G103700	26	838
SORBI_3008G103800	26	839
SORBI_3008G103900	26	840
SORBI_3008G104000	26	841
SORBI_3008G104100	26	842
SORBI_3008G104200	26	843
SORBI_3008G104300	26	844
SORBI_3008G104350	26	845
SORBI_3008G104400	26	846
SORBI_3008G104500	26	847
SORBI_3008G104601	26	848
SORBI_3008G104701	26	849
SORBI_3008G104801	26	850
SORBI_3008G104900	26	851
SORBI_3008G105000	26	852
SORBI_3008G105100	26	853
SORBI_3008G105200	26	854
SORBI_3008G105300	26	855
SORBI_3008G105366	26	856
SORBI_3008G105432	26	857
SORBI_3008G105500	26	858
SORBI_3008G105600	26	859
SORBI_3008G105800	26	860
SORBI_3008G105850	26	861
SORBI_3008G105900	26	862
SORBI_3008G106000	26	863
SORBI_3008G106100	26	864
SORBI_3008G106200	26	865
SORBI_3008G106301	26	866
SORBI_3008G106400	26	867
SORBI_3008G106500	26	868
SORBI_3008G106550	26	869
SORBI_3008G106600	26	870
SORBI_3008G106700	26	871
SORBI_3008G106800	26	872
SORBI_3008G106900	26	873
SORBI_3008G107000	26	874
SORBI_3008G107100	26	875
SORBI_3008G107200	26	876
SORBI_3008G107300	26	877
SORBI_3008G107500	26	878
SORBI_3008G107600	26	879
SORBI_3008G107800	26	880
SORBI_3008G107900	26	881
SORBI_3008G108000	26	882
SORBI_3008G108100	26	883
SORBI_3008G108200	26	884
SORBI_3008G108300	26	885
SORBI_3008G108400	26	886
SORBI_3008G108500	26	887
SORBI_3008G108601	26	888
SORBI_3008G108700	26	889
SORBI_3008G108800	26	890
SORBI_3008G108900	26	891
SORBI_3008G108950	26	892
SORBI_3008G109000	26	893
SORBI_3008G109100	26	894
SORBI_3008G109200	26	895
SORBI_3008G109300	26	896
SORBI_3008G109400	26	897
SORBI_3008G109500	26	898
SORBI_3008G109600	26	899
SORBI_3008G109650	26	900
SORBI_3008G109700	26	901
SORBI_3008G109800	26	902
SORBI_3008G109900	26	903
SORBI_3008G109950	26	904
SORBI_3008G110000	26	905
SORBI_3008G110050	26	906
SORBI_3008G110101	26	907
SORBI_3008G110151	26	908
SORBI_3008G110200	26	909
SORBI_3008G110300	26	910
SORBI_3008G110400	26	911
SORBI_3008G110450	26	912
SORBI_3008G110500	26	913
SORBI_3008G110600	26	914
SORBI_3008G110700	26	915
SORBI_3008G110800	26	916
SORBI_3008G110900	26	917
SORBI_3008G111000	26	918
SORBI_3008G111100	26	919
SORBI_3008G111150	26	920
SORBI_3008G111200	26	921
SORBI_3008G111300	26	922
SORBI_3008G111400	26	923
SORBI_3008G111500	26	924
SORBI_3008G111600	26	925
SORBI_3008G111700	26	926
SORBI_3008G111800	26	927
SORBI_3008G112000	26	928
SORBI_3008G112100	26	929
SORBI_3008G112200	26	930
SORBI_3008G112300	26	931
SORBI_3008G112400	26	932
SORBI_3008G112500	26	933
SORBI_3008G112550	26	934
SORBI_3008G112600	26	935
SORBI_3008G112700	26	936
SORBI_3008G112800	26	937
SORBI_3008G112900	26	938
SORBI_3008G113000	26	939
SORBI_3008G113100	26	940
SORBI_3008G113200	26	941
SORBI_3008G113300	26	942
SORBI_3008G113350	26	943
SORBI_3008G113400	26	944
SORBI_3008G113500	26	945
SORBI_3008G113600	26	946
SORBI_3008G113700	26	947
SORBI_3008G113800	26	948
SORBI_3008G113900	26	949
SORBI_3008G114000	26	950
SORBI_3008G114101	26	951
SORBI_3008G114200	26	952
SORBI_3008G114300	26	953
SORBI_3008G114401	26	954
SORBI_3008G114500	26	955
SORBI_3008G114600	26	956
SORBI_3008G114700	26	957
SORBI_3008G114800	26	958
SORBI_3008G114900	26	959
SORBI_3008G115000	26	960
SORBI_3008G115200	26	961
SORBI_3008G115400	26	962
SORBI_3008G115500	26	963
SORBI_3008G115600	26	964
SORBI_3008G115700	26	965
SORBI_3008G115800	26	966
SORBI_3008G115900	26	967
SORBI_3008G116000	26	968
SORBI_3008G116100	26	969
SORBI_3008G116200	26	970
SORBI_3008G116300	26	971
SORBI_3008G116400	26	972
SORBI_3008G116500	26	973
SORBI_3008G116600	26	974
SORBI_3008G116700	26	975
SORBI_3008G116800	26	976
SORBI_3008G116900	26	977
SORBI_3008G117000	26	978
SORBI_3008G117100	26	979
SORBI_3008G117200	26	980
SORBI_3008G117300	26	981
SORBI_3008G117400	26	982
SORBI_3008G117600	26	983
SORBI_3008G117800	26	984
SORBI_3008G117900	26	985
SORBI_3008G118000	26	986
SORBI_3008G118050	26	987
SORBI_3008G118100	26	988
SORBI_3008G118200	26	989
SORBI_3008G118300	26	990
SORBI_3008G118400	26	991
SORBI_3008G118500	26	992
SORBI_3008G118600	26	993
SORBI_3008G118700	26	994
SORBI_3008G118800	26	995
SORBI_3008G118900	26	996
SORBI_3008G119000	26	997
SORBI_3008G119100	26	998
SORBI_3008G119200	26	999
SORBI_3008G119250	26	1000
SORBI_3008G119300	26	1001
SORBI_3008G119400	26	1002
SORBI_3008G119501	26	1003
SORBI_3008G119600	26	1004
SORBI_3008G119700	26	1005
SORBI_3008G119800	26	1006
SORBI_3008G119900	26	1007
SORBI_3008G120000	26	1008
SORBI_3008G120066	26	1009
SORBI_3008G120132	26	1010
SORBI_3008G120200	26	1011
SORBI_3008G120233	26	1012
SORBI_3008G120266	26	1013
SORBI_3008G120300	26	1014
SORBI_3008G120450	26	1015
SORBI_3008G120600	26	1016
SORBI_3008G120760	26	1017
SORBI_3008G120920	26	1018
SORBI_3008G121080	26	1019
SORBI_3008G121240	26	1020
SORBI_3008G121400	26	1021
SORBI_3008G121501	26	1022
SORBI_3008G121600	26	1023
SORBI_3008G121700	27	0
SORBI_3008G121800	27	1
SORBI_3008G121850	27	2
SORBI_3008G121900	27	3
SORBI_3008G122001	27	4
SORBI_3008G122100	27	5
SORBI_3008G122200	27	6
SORBI_3008G122250	27	7
SORBI_3008G122300	27	8
SORBI_3008G122400	27	9
SORBI_3008G122500	27	10
SORBI_3008G122600	27	11
SORBI_3008G122700	27	12
SORBI_3008G122800	27	13
SORBI_3008G123000	27	14
SORBI_3008G123100	27	15
SORBI_3008G123200	27	16
SORBI_3008G123300	27	17
SORBI_3008G123350	27	18
SORBI_3008G123400	27	19
SORBI_3008G123500	27	20
SORBI_3008G123600	27	21
SORBI_3008G123700	27	22
SORBI_3008G123801	27	23
SORBI_3008G123900	27	24
SORBI_3008G124000	27	25
SORBI_3008G124100	27	26
SORBI_3008G124200	27	27
SORBI_3008G124301	27	28
SORBI_3008G124400	27	29
SORBI_3008G124500	27	30
SORBI_3008G124600	27	31
SORBI_3008G124700	27	32
SORBI_3008G124733	27	33
SORBI_3008G124766	27	34
SORBI_3008G124800	27	35
SORBI_3008G124900	27	36
SORBI_3008G125000	27	37
SORBI_3008G125100	27	38
SORBI_3008G125200	27	39
SORBI_3008G125300	27	40
SORBI_3008G125400	27	41
SORBI_3008G125501	27	42
SORBI_3008G125600	27	43
SORBI_3008G125700	27	44
SORBI_3008G125801	27	45
SORBI_3008G125900	27	46
SORBI_3008G126000	27	47
SORBI_3008G126100	27	48
SORBI_3008G126200	27	49
SORBI_3008G126300	27	50
SORBI_3008G126400	27	51
SORBI_3008G126500	27	52
SORBI_3008G126600	27	53
SORBI_3008G126700	27	54
SORBI_3008G126800	27	55
SORBI_3008G127000	27	56
SORBI_3008G127100	27	57
SORBI_3008G127200	27	58
SORBI_3008G127250	27	59
SORBI_3008G127300	27	60
SORBI_3008G127400	27	61
SORBI_3008G127500	27	62
SORBI_3008G127550	27	63
SORBI_3008G127600	27	64
SORBI_3008G127700	27	65
SORBI_3008G127800	27	66
SORBI_3008G127933	27	67
SORBI_3008G128066	27	68
SORBI_3008G128200	27	69
SORBI_3008G128500	27	70
SORBI_3008G128600	27	71
SORBI_3008G128800	27	72
SORBI_3008G128900	27	73
SORBI_3008G129000	27	74
SORBI_3008G129100	27	75
SORBI_3008G129200	27	76
SORBI_3008G129300	27	77
SORBI_3008G129400	27	78
SORBI_3008G129500	27	79
SORBI_3008G129600	27	80
SORBI_3008G129700	27	81
SORBI_3008G129800	27	82
SORBI_3008G129900	27	83
SORBI_3008G130000	27	84
SORBI_3008G130100	27	85
SORBI_3008G130200	27	86
SORBI_3008G130300	27	87
SORBI_3008G130350	27	88
SORBI_3008G130400	27	89
SORBI_3008G130500	27	90
SORBI_3008G130601	27	91
SORBI_3008G130700	27	92
SORBI_3008G130800	27	93
SORBI_3008G130900	27	94
SORBI_3008G131000	27	95
SORBI_3008G131100	27	96
SORBI_3008G131200	27	97
SORBI_3008G131300	27	98
SORBI_3008G131400	27	99
SORBI_3008G131500	27	100
SORBI_3008G131550	27	101
SORBI_3008G131601	27	102
SORBI_3008G131651	27	103
SORBI_3008G131700	27	104
SORBI_3008G131800	27	105
SORBI_3008G131900	27	106
SORBI_3008G132000	27	107
SORBI_3008G132200	27	108
SORBI_3008G132250	27	109
SORBI_3008G132300	27	110
SORBI_3008G132400	27	111
SORBI_3008G132500	27	112
SORBI_3008G132550	27	113
SORBI_3008G132600	27	114
SORBI_3008G132700	27	115
SORBI_3008G132800	27	116
SORBI_3008G132900	27	117
SORBI_3008G133000	27	118
SORBI_3008G133100	27	119
SORBI_3008G133200	27	120
SORBI_3008G133300	27	121
SORBI_3008G133400	27	122
SORBI_3008G133500	27	123
SORBI_3008G133600	27	124
SORBI_3008G133700	27	125
SORBI_3008G133750	27	126
SORBI_3008G133800	27	127
SORBI_3008G133900	27	128
SORBI_3008G133950	27	129
SORBI_3008G134000	27	130
SORBI_3008G134100	27	131
SORBI_3008G134300	27	132
SORBI_3008G134401	27	133
SORBI_3008G134500	27	134
SORBI_3008G134600	27	135
SORBI_3008G134700	27	136
SORBI_3008G134800	27	137
SORBI_3008G134900	27	138
SORBI_3008G135000	27	139
SORBI_3008G135100	27	140
SORBI_3008G135200	27	141
SORBI_3008G135300	27	142
SORBI_3008G135401	27	143
SORBI_3008G135500	27	144
SORBI_3008G135600	27	145
SORBI_3008G135701	27	146
SORBI_3008G135800	27	147
SORBI_3008G135901	27	148
SORBI_3008G136000	27	149
SORBI_3008G136100	27	150
SORBI_3008G136150	27	151
SORBI_3008G136200	27	152
SORBI_3008G136400	27	153
SORBI_3008G136500	27	154
SORBI_3008G136601	27	155
SORBI_3008G136700	27	156
SORBI_3008G136800	27	157
SORBI_3008G136900	27	158
SORBI_3008G137000	27	159
SORBI_3008G137100	27	160
SORBI_3008G137200	27	161
SORBI_3008G137300	27	162
SORBI_3008G137400	27	163
SORBI_3008G137500	27	164
SORBI_3008G137600	27	165
SORBI_3008G137700	27	166
SORBI_3008G137800	27	167
SORBI_3008G137901	27	168
SORBI_3008G138000	27	169
SORBI_3008G138100	27	170
SORBI_3008G138200	27	171
SORBI_3008G138300	27	172
SORBI_3008G138400	27	173
SORBI_3008G138500	27	174
SORBI_3008G138600	27	175
SORBI_3008G138700	27	176
SORBI_3008G138800	27	177
SORBI_3008G138850	27	178
SORBI_3008G138900	27	179
SORBI_3008G139000	27	180
SORBI_3008G139100	27	181
SORBI_3008G139200	27	182
SORBI_3008G139250	27	183
SORBI_3008G139300	27	184
SORBI_3008G139400	27	185
SORBI_3008G139500	27	186
SORBI_3008G139600	27	187
SORBI_3008G139700	27	188
SORBI_3008G139800	27	189
SORBI_3008G139900	27	190
SORBI_3008G140000	27	191
SORBI_3008G140050	27	192
SORBI_3008G140100	27	193
SORBI_3008G140200	27	194
SORBI_3008G140300	27	195
SORBI_3008G140400	27	196
SORBI_3008G140500	27	197
SORBI_3008G140600	27	198
SORBI_3008G140700	27	199
SORBI_3008G140800	27	200
SORBI_3008G140900	27	201
SORBI_3008G141000	27	202
SORBI_3008G141100	27	203
SORBI_3008G141150	27	204
SORBI_3008G141200	27	205
SORBI_3008G141300	27	206
SORBI_3008G141400	27	207
SORBI_3008G141501	27	208
SORBI_3008G141600	27	209
SORBI_3008G141700	27	210
SORBI_3008G141800	27	211
SORBI_3008G141833	27	212
SORBI_3008G141866	27	213
SORBI_3008G141900	27	214
SORBI_3008G142000	27	215
SORBI_3008G142100	27	216
SORBI_3008G142200	27	217
SORBI_3008G142301	27	218
SORBI_3008G142400	27	219
SORBI_3008G142450	27	220
SORBI_3008G142500	27	221
SORBI_3008G142600	27	222
SORBI_3008G142700	27	223
SORBI_3008G142766	27	224
SORBI_3008G142832	27	225
SORBI_3008G142900	27	226
SORBI_3008G143000	27	227
SORBI_3008G143100	27	228
SORBI_3008G143200	27	229
SORBI_3008G143300	27	230
SORBI_3008G143400	27	231
SORBI_3008G143600	27	232
SORBI_3008G143700	27	233
SORBI_3008G143800	27	234
SORBI_3008G143901	27	235
SORBI_3008G144000	27	236
SORBI_3008G144100	27	237
SORBI_3008G144201	27	238
SORBI_3008G144300	27	239
SORBI_3008G144401	27	240
SORBI_3008G144500	27	241
SORBI_3008G144600	27	242
SORBI_3008G144701	27	243
SORBI_3008G144800	27	244
SORBI_3008G144900	27	245
SORBI_3008G145000	27	246
SORBI_3008G145100	27	247
SORBI_3008G145200	27	248
SORBI_3008G145300	27	249
SORBI_3008G145400	27	250
SORBI_3008G145500	27	251
SORBI_3008G145700	27	252
SORBI_3008G145800	27	253
SORBI_3008G145900	27	254
SORBI_3008G146000	27	255
SORBI_3008G146100	27	256
SORBI_3008G146301	27	257
SORBI_3008G146501	27	258
SORBI_3008G146700	27	259
SORBI_3008G146801	27	260
SORBI_3008G146900	27	261
SORBI_3008G147000	27	262
SORBI_3008G147101	27	263
SORBI_3008G147200	27	264
SORBI_3008G147250	27	265
SORBI_3008G147300	27	266
SORBI_3008G147400	27	267
SORBI_3008G147500	27	268
SORBI_3008G147600	27	269
SORBI_3008G147700	27	270
SORBI_3008G147800	27	271
SORBI_3008G147900	27	272
SORBI_3008G148000	27	273
SORBI_3008G148101	27	274
SORBI_3008G148200	27	275
SORBI_3008G148300	27	276
SORBI_3008G148400	27	277
SORBI_3008G148500	27	278
SORBI_3008G148600	27	279
SORBI_3008G148700	27	280
SORBI_3008G148900	27	281
SORBI_3008G149000	27	282
SORBI_3008G149100	27	283
SORBI_3008G149200	27	284
SORBI_3008G149300	27	285
SORBI_3008G149400	27	286
SORBI_3008G149450	27	287
SORBI_3008G149500	27	288
SORBI_3008G149650	27	289
SORBI_3008G149800	27	290
SORBI_3008G149900	27	291
SORBI_3008G150000	27	292
SORBI_3008G150100	27	293
SORBI_3008G150150	27	294
SORBI_3008G150200	27	295
SORBI_3008G150300	27	296
SORBI_3008G150400	27	297
SORBI_3008G150500	27	298
SORBI_3008G150700	27	299
SORBI_3008G150800	27	300
SORBI_3008G151000	27	301
SORBI_3008G151100	27	302
SORBI_3008G151200	27	303
SORBI_3008G151300	27	304
SORBI_3008G151366	27	305
SORBI_3008G151432	27	306
SORBI_3008G151500	27	307
SORBI_3008G151600	27	308
SORBI_3008G151900	27	309
SORBI_3008G152000	27	310
SORBI_3008G152100	27	311
SORBI_3008G152200	27	312
SORBI_3008G152300	27	313
SORBI_3008G152400	27	314
SORBI_3008G152500	27	315
SORBI_3008G152600	27	316
SORBI_3008G152700	27	317
SORBI_3008G152800	27	318
SORBI_3008G152900	27	319
SORBI_3008G153000	27	320
SORBI_3008G153200	27	321
SORBI_3008G153300	27	322
SORBI_3008G153400	27	323
SORBI_3008G153500	27	324
SORBI_3008G153600	27	325
SORBI_3008G153700	27	326
SORBI_3008G153801	27	327
SORBI_3008G153900	27	328
SORBI_3008G154000	27	329
SORBI_3008G154100	27	330
SORBI_3008G154200	27	331
SORBI_3008G154300	27	332
SORBI_3008G154400	27	333
SORBI_3008G154500	27	334
SORBI_3008G154600	27	335
SORBI_3008G154700	27	336
SORBI_3008G154801	27	337
SORBI_3008G154900	27	338
SORBI_3008G155000	27	339
SORBI_3008G155150	27	340
SORBI_3008G155300	27	341
SORBI_3008G155400	27	342
SORBI_3008G155500	27	343
SORBI_3008G155600	27	344
SORBI_3008G155700	27	345
SORBI_3008G155800	27	346
SORBI_3008G155900	27	347
SORBI_3008G156000	27	348
SORBI_3008G156100	27	349
SORBI_3008G156200	27	350
SORBI_3008G156300	27	351
SORBI_3008G156400	27	352
SORBI_3008G156500	27	353
SORBI_3008G156600	27	354
SORBI_3008G156700	27	355
SORBI_3008G156800	27	356
SORBI_3008G156900	27	357
SORBI_3008G157000	27	358
SORBI_3008G157100	27	359
SORBI_3008G157200	27	360
SORBI_3008G157400	27	361
SORBI_3008G157500	27	362
SORBI_3008G157600	27	363
SORBI_3008G157700	27	364
SORBI_3008G157800	27	365
SORBI_3008G157900	27	366
SORBI_3008G157950	27	367
SORBI_3008G158000	27	368
SORBI_3008G158100	27	369
SORBI_3008G158200	27	370
SORBI_3008G158266	27	371
SORBI_3008G158332	27	372
SORBI_3008G158400	27	373
SORBI_3008G158501	27	374
SORBI_3008G158600	27	375
SORBI_3008G158666	27	376
SORBI_3008G158732	27	377
SORBI_3008G158800	27	378
SORBI_3008G158900	27	379
SORBI_3008G159000	27	380
SORBI_3008G159100	27	381
SORBI_3008G159150	27	382
SORBI_3008G159200	27	383
SORBI_3008G159250	27	384
SORBI_3008G159300	27	385
SORBI_3008G159400	27	386
SORBI_3008G159500	27	387
SORBI_3008G159601	27	388
SORBI_3008G159701	27	389
SORBI_3008G159800	27	390
SORBI_3008G159901	27	391
SORBI_3008G160000	27	392
SORBI_3008G160100	27	393
SORBI_3008G160150	27	394
SORBI_3008G160200	27	395
SORBI_3008G160300	27	396
SORBI_3008G160400	27	397
SORBI_3008G160500	27	398
SORBI_3008G160600	27	399
SORBI_3008G160700	27	400
SORBI_3008G161000	27	401
SORBI_3008G161100	27	402
SORBI_3008G161201	27	403
SORBI_3008G161300	27	404
SORBI_3008G161401	27	405
SORBI_3008G161500	27	406
SORBI_3008G161601	27	407
SORBI_3008G161700	27	408
SORBI_3008G161800	27	409
SORBI_3008G161900	27	410
SORBI_3008G162000	27	411
SORBI_3008G162100	27	412
SORBI_3008G162201	27	413
SORBI_3008G162300	27	414
SORBI_3008G162400	27	415
SORBI_3008G162600	27	416
SORBI_3008G162700	27	417
SORBI_3008G162900	27	418
SORBI_3008G163000	27	419
SORBI_3008G163100	27	420
SORBI_3008G163200	27	421
SORBI_3008G163300	27	422
SORBI_3008G163400	27	423
SORBI_3008G163500	27	424
SORBI_3008G163600	27	425
SORBI_3008G163700	27	426
SORBI_3008G163750	27	427
SORBI_3008G163800	27	428
SORBI_3008G163900	27	429
SORBI_3008G164000	27	430
SORBI_3008G164101	27	431
SORBI_3008G164201	27	432
SORBI_3008G164300	27	433
SORBI_3008G164375	27	434
SORBI_3008G164450	27	435
SORBI_3008G164525	27	436
SORBI_3008G164600	27	437
SORBI_3008G164700	27	438
SORBI_3008G164800	27	439
SORBI_3008G164850	27	440
SORBI_3008G164900	27	441
SORBI_3008G165000	27	442
SORBI_3008G165100	27	443
SORBI_3008G165200	27	444
SORBI_3008G165233	27	445
SORBI_3008G165266	27	446
SORBI_3008G165300	27	447
SORBI_3008G165401	27	448
SORBI_3008G165500	27	449
SORBI_3008G165600	27	450
SORBI_3008G165700	27	451
SORBI_3008G165800	27	452
SORBI_3008G165900	27	453
SORBI_3008G166000	27	454
SORBI_3008G166050	27	455
SORBI_3008G166100	27	456
SORBI_3008G166200	27	457
SORBI_3008G166250	27	458
SORBI_3008G166300	27	459
SORBI_3008G166400	27	460
SORBI_3008G166550	27	461
SORBI_3008G166700	27	462
SORBI_3008G166800	27	463
SORBI_3008G166900	27	464
SORBI_3008G167000	27	465
SORBI_3008G167100	27	466
SORBI_3008G167200	27	467
SORBI_3008G167300	27	468
SORBI_3008G167400	27	469
SORBI_3008G167401	27	470
SORBI_3008G167500	27	471
SORBI_3008G167600	27	472
SORBI_3008G167700	27	473
SORBI_3008G167800	27	474
SORBI_3008G167900	27	475
SORBI_3008G168000	27	476
SORBI_3008G168100	27	477
SORBI_3008G168200	27	478
SORBI_3008G168300	27	479
SORBI_3008G168400	27	480
SORBI_3008G168500	27	481
SORBI_3008G168600	27	482
SORBI_3008G168650	27	483
SORBI_3008G168700	27	484
SORBI_3008G168800	27	485
SORBI_3008G168866	27	486
SORBI_3008G168932	27	487
SORBI_3008G169000	27	488
SORBI_3008G169101	27	489
SORBI_3008G169200	27	490
SORBI_3008G169300	27	491
SORBI_3008G169400	27	492
SORBI_3008G169500	27	493
SORBI_3008G169650	27	494
SORBI_3008G169800	27	495
SORBI_3008G170000	27	496
SORBI_3008G170100	27	497
SORBI_3008G170250	27	498
SORBI_3008G170400	27	499
SORBI_3008G170500	27	500
SORBI_3008G170600	27	501
SORBI_3008G170700	27	502
SORBI_3008G170800	27	503
SORBI_3008G170900	27	504
SORBI_3008G171000	27	505
SORBI_3008G171050	27	506
SORBI_3008G171100	27	507
SORBI_3008G171200	27	508
SORBI_3008G171300	27	509
SORBI_3008G171400	27	510
SORBI_3008G171500	27	511
SORBI_3008G171600	27	512
SORBI_3008G171700	27	513
SORBI_3008G171800	27	514
SORBI_3008G171900	27	515
SORBI_3008G172000	27	516
SORBI_3008G172100	27	517
SORBI_3008G172200	27	518
SORBI_3008G172300	27	519
SORBI_3008G172400	27	520
SORBI_3008G172500	27	521
SORBI_3008G172600	27	522
SORBI_3008G172700	27	523
SORBI_3008G172800	27	524
SORBI_3008G172900	27	525
SORBI_3008G173000	27	526
SORBI_3008G173100	27	527
SORBI_3008G173200	27	528
SORBI_3008G173300	27	529
SORBI_3008G173400	27	530
SORBI_3008G173500	27	531
SORBI_3008G173601	27	532
SORBI_3008G173700	27	533
SORBI_3008G173800	27	534
SORBI_3008G173900	27	535
SORBI_3008G174000	27	536
SORBI_3008G174100	27	537
SORBI_3008G174200	27	538
SORBI_3008G174300	27	539
SORBI_3008G174400	27	540
SORBI_3008G174500	27	541
SORBI_3008G174650	27	542
SORBI_3008G174800	27	543
SORBI_3008G174850	27	544
SORBI_3008G174900	27	545
SORBI_3008G174966	27	546
SORBI_3008G175032	27	547
SORBI_3008G175100	27	548
SORBI_3008G175200	27	549
SORBI_3008G175300	27	550
SORBI_3008G175400	27	551
SORBI_3008G175501	27	552
SORBI_3008G175600	27	553
SORBI_3008G175700	27	554
SORBI_3008G175800	27	555
SORBI_3008G175900	27	556
SORBI_3008G175933	27	557
SORBI_3008G175966	27	558
SORBI_3008G176000	27	559
SORBI_3008G176100	27	560
SORBI_3008G176200	27	561
SORBI_3008G176233	27	562
SORBI_3008G176266	27	563
SORBI_3008G176300	27	564
SORBI_3008G176401	27	565
SORBI_3008G176500	27	566
SORBI_3008G176600	27	567
SORBI_3008G176666	27	568
SORBI_3008G176732	27	569
SORBI_3008G176800	27	570
SORBI_3008G176900	27	571
SORBI_3008G177001	27	572
SORBI_3008G177100	27	573
SORBI_3008G177200	27	574
SORBI_3008G177400	27	575
SORBI_3008G177600	27	576
SORBI_3008G177700	27	577
SORBI_3008G177750	27	578
SORBI_3008G177800	27	579
SORBI_3008G177850	27	580
SORBI_3008G177900	27	581
SORBI_3008G177950	27	582
SORBI_3008G178000	27	583
SORBI_3008G178100	27	584
SORBI_3008G178200	27	585
SORBI_3008G178300	27	586
SORBI_3008G178400	27	587
SORBI_3008G178450	27	588
SORBI_3008G178500	27	589
SORBI_3008G178533	27	590
SORBI_3008G178566	27	591
SORBI_3008G178600	27	592
SORBI_3008G178701	27	593
SORBI_3008G178800	27	594
SORBI_3008G178901	27	595
SORBI_3008G179000	27	596
SORBI_3008G179100	27	597
SORBI_3008G179200	27	598
SORBI_3008G179400	27	599
SORBI_3008G179500	27	600
SORBI_3008G179600	27	601
SORBI_3008G179700	27	602
SORBI_3008G179800	27	603
SORBI_3008G179900	27	604
SORBI_3008G180000	27	605
SORBI_3008G180200	27	606
SORBI_3008G180300	27	607
SORBI_3008G180400	27	608
SORBI_3008G180500	27	609
SORBI_3008G180550	27	610
SORBI_3008G180600	27	611
SORBI_3008G180701	27	612
SORBI_3008G180800	27	613
SORBI_3008G180900	27	614
SORBI_3008G181000	27	615
SORBI_3008G181050	27	616
SORBI_3008G181100	27	617
SORBI_3008G181200	27	618
SORBI_3008G181250	27	619
SORBI_3008G181300	27	620
SORBI_3008G181400	27	621
SORBI_3008G181600	27	622
SORBI_3008G181701	27	623
SORBI_3008G181801	27	624
SORBI_3008G181900	27	625
SORBI_3008G182000	27	626
SORBI_3008G182100	27	627
SORBI_3008G182200	27	628
SORBI_3008G182300	27	629
SORBI_3008G182350	27	630
SORBI_3008G182400	27	631
SORBI_3008G182500	27	632
SORBI_3008G182600	27	633
SORBI_3008G182700	27	634
SORBI_3008G182800	27	635
SORBI_3008G182900	27	636
SORBI_3008G183000	27	637
SORBI_3008G183100	27	638
SORBI_3008G183150	27	639
SORBI_3008G183200	27	640
SORBI_3008G183300	27	641
SORBI_3008G183400	27	642
SORBI_3008G183500	27	643
SORBI_3008G183600	27	644
SORBI_3008G183700	27	645
SORBI_3008G183800	27	646
SORBI_3008G183900	27	647
SORBI_3008G184000	27	648
SORBI_3008G184100	27	649
SORBI_3008G184201	27	650
SORBI_3008G184300	27	651
SORBI_3008G184400	27	652
SORBI_3008G184500	27	653
SORBI_3008G184600	27	654
SORBI_3008G184700	27	655
SORBI_3008G184800	27	656
SORBI_3008G184900	27	657
SORBI_3008G185000	27	658
SORBI_3008G185066	27	659
SORBI_3008G185132	27	660
SORBI_3008G185200	27	661
SORBI_3008G185300	27	662
SORBI_3008G185400	27	663
SORBI_3008G185500	27	664
SORBI_3008G185600	27	665
SORBI_3008G185800	27	666
SORBI_3008G185900	27	667
SORBI_3008G186000	27	668
SORBI_3008G186100	27	669
SORBI_3008G186200	27	670
SORBI_3008G186300	27	671
SORBI_3008G186400	27	672
SORBI_3008G186500	27	673
SORBI_3008G186600	27	674
SORBI_3008G186700	27	675
SORBI_3008G186800	27	676
SORBI_3008G186900	27	677
SORBI_3008G187001	27	678
SORBI_3008G187100	27	679
SORBI_3008G187200	27	680
SORBI_3008G187300	27	681
SORBI_3008G187400	27	682
SORBI_3008G187450	27	683
SORBI_3008G187500	27	684
SORBI_3008G187566	27	685
SORBI_3008G187632	27	686
SORBI_3008G187700	27	687
SORBI_3008G187800	27	688
SORBI_3008G187900	27	689
SORBI_3008G188000	27	690
SORBI_3008G188100	27	691
SORBI_3008G188200	27	692
SORBI_3008G188300	27	693
SORBI_3008G188400	27	694
SORBI_3008G188500	27	695
SORBI_3008G188600	27	696
SORBI_3008G188700	27	697
SORBI_3008G188800	27	698
SORBI_3008G188900	27	699
SORBI_3008G188950	27	700
SORBI_3008G189000	27	701
SORBI_3008G189100	27	702
SORBI_3008G189200	27	703
SORBI_3008G189300	27	704
SORBI_3008G189400	27	705
SORBI_3008G189500	27	706
SORBI_3008G189600	27	707
SORBI_3008G189700	27	708
SORBI_3008G189800	27	709
SORBI_3008G189900	27	710
SORBI_3008G190000	27	711
SORBI_3008G190100	27	712
SORBI_3008G190200	27	713
SORBI_3008G190300	27	714
SORBI_3008G190400	27	715
SORBI_3008G190500	27	716
SORBI_3008G190600	27	717
SORBI_3008G190700	27	718
SORBI_3008G190800	27	719
SORBI_3008G190900	27	720
SORBI_3008G191000	27	721
SORBI_3008G191100	27	722
SORBI_3008G191200	27	723
SORBI_3008G191300	27	724
SORBI_3008G191400	27	725
SORBI_3008G191500	27	726
SORBI_3008G191600	27	727
SORBI_3008G191700	27	728
SORBI_3008G191800	27	729
SORBI_3008G191850	27	730
SORBI_3008G191900	27	731
SORBI_3008G192000	27	732
SORBI_3008G192100	27	733
SORBI_3008G192200	27	734
SORBI_3008G192300	27	735
SORBI_3008G192400	27	736
SORBI_3008G192500	27	737
SORBI_3008G192600	27	738
SORBI_3008G192700	27	739
SORBI_3008G192800	27	740
SORBI_3008G192900	27	741
SORBI_3008G193000	27	742
SORBI_3008G193200	27	743
SORBI_3008G193300	27	744
SORBI_3008G193400	27	745
SORBI_3009G000100	27	746
SORBI_3009G000200	27	747
SORBI_3009G000300	27	748
SORBI_3009G000400	27	749
SORBI_3009G000500	27	750
SORBI_3009G000600	27	751
SORBI_3009G000700	27	752
SORBI_3009G000801	27	753
SORBI_3009G000900	27	754
SORBI_3009G001000	27	755
SORBI_3009G001100	27	756
SORBI_3009G001200	27	757
SORBI_3009G001300	27	758
SORBI_3009G001400	27	759
SORBI_3009G001500	27	760
SORBI_3009G001600	27	761
SORBI_3009G001700	27	762
SORBI_3009G001800	27	763
SORBI_3009G001900	27	764
SORBI_3009G002000	27	765
SORBI_3009G002100	27	766
SORBI_3009G002200	27	767
SORBI_3009G002300	27	768
SORBI_3009G002400	27	769
SORBI_3009G002500	27	770
SORBI_3009G002600	27	771
SORBI_3009G002700	27	772
SORBI_3009G002800	27	773
SORBI_3009G002900	27	774
SORBI_3009G003000	27	775
SORBI_3009G003300	27	776
SORBI_3009G003400	27	777
SORBI_3009G003500	27	778
SORBI_3009G003600	27	779
SORBI_3009G003700	27	780
SORBI_3009G003800	27	781
SORBI_3009G003900	27	782
SORBI_3009G004000	27	783
SORBI_3009G004100	27	784
SORBI_3009G004200	27	785
SORBI_3009G004300	27	786
SORBI_3009G004400	27	787
SORBI_3009G004500	27	788
SORBI_3009G004600	27	789
SORBI_3009G004700	27	790
SORBI_3009G004800	27	791
SORBI_3009G004900	27	792
SORBI_3009G004950	27	793
SORBI_3009G005000	27	794
SORBI_3009G005100	27	795
SORBI_3009G005200	27	796
SORBI_3009G005300	27	797
SORBI_3009G005400	27	798
SORBI_3009G005500	27	799
SORBI_3009G005600	27	800
SORBI_3009G005700	27	801
SORBI_3009G005750	27	802
SORBI_3009G005800	27	803
SORBI_3009G005900	27	804
SORBI_3009G006000	27	805
SORBI_3009G006100	27	806
SORBI_3009G006200	27	807
SORBI_3009G006300	27	808
SORBI_3009G006400	27	809
SORBI_3009G006500	27	810
SORBI_3009G006600	27	811
SORBI_3009G006700	27	812
SORBI_3009G006800	27	813
SORBI_3009G006900	27	814
SORBI_3009G007100	27	815
SORBI_3009G007200	27	816
SORBI_3009G007300	27	817
SORBI_3009G007500	27	818
SORBI_3009G007600	27	819
SORBI_3009G007700	27	820
SORBI_3009G007800	27	821
SORBI_3009G007901	27	822
SORBI_3009G008000	27	823
SORBI_3009G008100	27	824
SORBI_3009G008200	27	825
SORBI_3009G008300	27	826
SORBI_3009G008400	27	827
SORBI_3009G008600	27	828
SORBI_3009G008701	27	829
SORBI_3009G008800	27	830
SORBI_3009G008900	27	831
SORBI_3009G009000	27	832
SORBI_3009G009100	27	833
SORBI_3009G009200	27	834
SORBI_3009G009300	27	835
SORBI_3009G009400	27	836
SORBI_3009G009500	27	837
SORBI_3009G009600	27	838
SORBI_3009G009700	27	839
SORBI_3009G009800	27	840
SORBI_3009G009900	27	841
SORBI_3009G010000	27	842
SORBI_3009G010150	27	843
SORBI_3009G010300	27	844
SORBI_3009G010400	27	845
SORBI_3009G010600	27	846
SORBI_3009G010700	27	847
SORBI_3009G010800	27	848
SORBI_3009G010900	27	849
SORBI_3009G011000	27	850
SORBI_3009G011050	27	851
SORBI_3009G011100	27	852
SORBI_3009G011200	27	853
SORBI_3009G011300	27	854
SORBI_3009G011400	27	855
SORBI_3009G011500	27	856
SORBI_3009G011600	27	857
SORBI_3009G011700	27	858
SORBI_3009G011800	27	859
SORBI_3009G011901	27	860
SORBI_3009G012000	27	861
SORBI_3009G012100	27	862
SORBI_3009G012200	27	863
SORBI_3009G012300	27	864
SORBI_3009G012400	27	865
SORBI_3009G012500	27	866
SORBI_3009G012550	27	867
SORBI_3009G012600	27	868
SORBI_3009G012700	27	869
SORBI_3009G012800	27	870
SORBI_3009G012900	27	871
SORBI_3009G013000	27	872
SORBI_3009G013100	27	873
SORBI_3009G013200	27	874
SORBI_3009G013300	27	875
SORBI_3009G013400	27	876
SORBI_3009G013600	27	877
SORBI_3009G013700	27	878
SORBI_3009G013800	27	879
SORBI_3009G013850	27	880
SORBI_3009G013900	27	881
SORBI_3009G014000	27	882
SORBI_3009G014100	27	883
SORBI_3009G014200	27	884
SORBI_3009G014266	27	885
SORBI_3009G014332	27	886
SORBI_3009G014400	27	887
SORBI_3009G014500	27	888
SORBI_3009G014600	27	889
SORBI_3009G014700	27	890
SORBI_3009G014800	27	891
SORBI_3009G014900	27	892
SORBI_3009G015000	27	893
SORBI_3009G015100	27	894
SORBI_3009G015133	27	895
SORBI_3009G015166	27	896
SORBI_3009G015200	27	897
SORBI_3009G015300	27	898
SORBI_3009G015400	27	899
SORBI_3009G015500	27	900
SORBI_3009G015600	27	901
SORBI_3009G015700	27	902
SORBI_3009G015800	27	903
SORBI_3009G015900	27	904
SORBI_3009G016000	27	905
SORBI_3009G016100	27	906
SORBI_3009G016201	27	907
SORBI_3009G016300	27	908
SORBI_3009G016400	27	909
SORBI_3009G016500	27	910
SORBI_3009G016600	27	911
SORBI_3009G016633	27	912
SORBI_3009G016666	27	913
SORBI_3009G016700	27	914
SORBI_3009G016800	27	915
SORBI_3009G016900	27	916
SORBI_3009G017000	27	917
SORBI_3009G017100	27	918
SORBI_3009G017200	27	919
SORBI_3009G017300	27	920
SORBI_3009G017400	27	921
SORBI_3009G017500	27	922
SORBI_3009G017600	27	923
SORBI_3009G017666	27	924
SORBI_3009G017732	27	925
SORBI_3009G017800	27	926
SORBI_3009G018000	27	927
SORBI_3009G018100	27	928
SORBI_3009G018200	27	929
SORBI_3009G018300	27	930
SORBI_3009G018450	27	931
SORBI_3009G018600	27	932
SORBI_3009G018700	27	933
SORBI_3009G018800	27	934
SORBI_3009G018900	27	935
SORBI_3009G019000	27	936
SORBI_3009G019100	27	937
SORBI_3009G019200	27	938
SORBI_3009G019301	27	939
SORBI_3009G019400	27	940
SORBI_3009G019550	27	941
SORBI_3009G019700	27	942
SORBI_3009G019800	27	943
SORBI_3009G019900	27	944
SORBI_3009G020000	27	945
SORBI_3009G020100	27	946
SORBI_3009G020200	27	947
SORBI_3009G020300	27	948
SORBI_3009G020500	27	949
SORBI_3009G020600	27	950
SORBI_3009G020700	27	951
SORBI_3009G020800	27	952
SORBI_3009G020900	27	953
SORBI_3009G020950	27	954
SORBI_3009G021000	27	955
SORBI_3009G021050	27	956
SORBI_3009G021100	27	957
SORBI_3009G021300	27	958
SORBI_3009G021400	27	959
SORBI_3009G021500	27	960
SORBI_3009G021600	27	961
SORBI_3009G021700	27	962
SORBI_3009G021800	27	963
SORBI_3009G021900	27	964
SORBI_3009G022000	27	965
SORBI_3009G022100	27	966
SORBI_3009G022200	27	967
SORBI_3009G022400	27	968
SORBI_3009G022500	27	969
SORBI_3009G022600	27	970
SORBI_3009G022700	27	971
SORBI_3009G022800	27	972
SORBI_3009G022900	27	973
SORBI_3009G023050	27	974
SORBI_3009G023200	27	975
SORBI_3009G023300	27	976
SORBI_3009G023401	27	977
SORBI_3009G023501	27	978
SORBI_3009G023600	27	979
SORBI_3009G023700	27	980
SORBI_3009G023801	27	981
SORBI_3009G023900	27	982
SORBI_3009G024000	27	983
SORBI_3009G024100	27	984
SORBI_3009G024133	27	985
SORBI_3009G024166	27	986
SORBI_3009G024200	27	987
SORBI_3009G024300	27	988
SORBI_3009G024400	27	989
SORBI_3009G024500	27	990
SORBI_3009G024600	27	991
SORBI_3009G024650	27	992
SORBI_3009G024700	27	993
SORBI_3009G024800	27	994
SORBI_3009G024900	27	995
SORBI_3009G025000	27	996
SORBI_3009G025100	27	997
SORBI_3009G025200	27	998
SORBI_3009G025300	27	999
SORBI_3009G025400	27	1000
SORBI_3009G025500	27	1001
SORBI_3009G025600	27	1002
SORBI_3009G025700	27	1003
SORBI_3009G025750	27	1004
SORBI_3009G025800	27	1005
SORBI_3009G025900	27	1006
SORBI_3009G025950	27	1007
SORBI_3009G026000	27	1008
SORBI_3009G026101	27	1009
SORBI_3009G026200	27	1010
SORBI_3009G026300	27	1011
SORBI_3009G026400	27	1012
SORBI_3009G026500	27	1013
SORBI_3009G026600	27	1014
SORBI_3009G026650	27	1015
SORBI_3009G026700	27	1016
SORBI_3009G026800	27	1017
SORBI_3009G026850	27	1018
SORBI_3009G026900	27	1019
SORBI_3009G027000	27	1020
SORBI_3009G027100	27	1021
SORBI_3009G027200	27	1022
SORBI_3009G027300	27	1023
SORBI_3009G027350	28	0
SORBI_3009G027400	28	1
SORBI_3009G027550	28	2
SORBI_3009G027700	28	3
SORBI_3009G027800	28	4
SORBI_3009G027900	28	5
SORBI_3009G028100	28	6
SORBI_3009G028200	28	7
SORBI_3009G028300	28	8
SORBI_3009G028400	28	9
SORBI_3009G028500	28	10
SORBI_3009G028600	28	11
SORBI_3009G028650	28	12
SORBI_3009G028700	28	13
SORBI_3009G028800	28	14
SORBI_3009G028901	28	15
SORBI_3009G029001	28	16
SORBI_3009G029100	28	17
SORBI_3009G029300	28	18
SORBI_3009G029500	28	19
SORBI_3009G029600	28	20
SORBI_3009G029700	28	21
SORBI_3009G029800	28	22
SORBI_3009G029900	28	23
SORBI_3009G030001	28	24
SORBI_3009G030100	28	25
SORBI_3009G030200	28	26
SORBI_3009G030300	28	27
SORBI_3009G030400	28	28
SORBI_3009G030501	28	29
SORBI_3009G030600	28	30
SORBI_3009G030701	28	31
SORBI_3009G030800	28	32
SORBI_3009G030900	28	33
SORBI_3009G031000	28	34
SORBI_3009G031100	28	35
SORBI_3009G031200	28	36
SORBI_3009G031300	28	37
SORBI_3009G031400	28	38
SORBI_3009G031450	28	39
SORBI_3009G031500	28	40
SORBI_3009G031600	28	41
SORBI_3009G031700	28	42
SORBI_3009G031800	28	43
SORBI_3009G031900	28	44
SORBI_3009G032000	28	45
SORBI_3009G032100	28	46
SORBI_3009G032200	28	47
SORBI_3009G032300	28	48
SORBI_3009G032350	28	49
SORBI_3009G032400	28	50
SORBI_3009G032500	28	51
SORBI_3009G032533	28	52
SORBI_3009G032566	28	53
SORBI_3009G032600	28	54
SORBI_3009G032700	28	55
SORBI_3009G032800	28	56
SORBI_3009G032900	28	57
SORBI_3009G033000	28	58
SORBI_3009G033100	28	59
SORBI_3009G033200	28	60
SORBI_3009G033300	28	61
SORBI_3009G033400	28	62
SORBI_3009G033500	28	63
SORBI_3009G033600	28	64
SORBI_3009G033700	28	65
SORBI_3009G033800	28	66
SORBI_3009G033900	28	67
SORBI_3009G034000	28	68
SORBI_3009G034100	28	69
SORBI_3009G034200	28	70
SORBI_3009G034250	28	71
SORBI_3009G034300	28	72
SORBI_3009G034400	28	73
SORBI_3009G034500	28	74
SORBI_3009G034600	28	75
SORBI_3009G034700	28	76
SORBI_3009G034800	28	77
SORBI_3009G035000	28	78
SORBI_3009G035100	28	79
SORBI_3009G035200	28	80
SORBI_3009G035300	28	81
SORBI_3009G035400	28	82
SORBI_3009G035500	28	83
SORBI_3009G035601	28	84
SORBI_3009G035700	28	85
SORBI_3009G035900	28	86
SORBI_3009G036000	28	87
SORBI_3009G036100	28	88
SORBI_3009G036200	28	89
SORBI_3009G036300	28	90
SORBI_3009G036333	28	91
SORBI_3009G036366	28	92
SORBI_3009G036400	28	93
SORBI_3009G036450	28	94
SORBI_3009G036500	28	95
SORBI_3009G036700	28	96
SORBI_3009G036800	28	97
SORBI_3009G036900	28	98
SORBI_3009G037000	28	99
SORBI_3009G037050	28	100
SORBI_3009G037100	28	101
SORBI_3009G037200	28	102
SORBI_3009G037300	28	103
SORBI_3009G037400	28	104
SORBI_3009G037500	28	105
SORBI_3009G037600	28	106
SORBI_3009G037700	28	107
SORBI_3009G037800	28	108
SORBI_3009G038000	28	109
SORBI_3009G038100	28	110
SORBI_3009G038200	28	111
SORBI_3009G038300	28	112
SORBI_3009G038401	28	113
SORBI_3009G038501	28	114
SORBI_3009G038600	28	115
SORBI_3009G038701	28	116
SORBI_3009G038800	28	117
SORBI_3009G038900	28	118
SORBI_3009G039000	28	119
SORBI_3009G039100	28	120
SORBI_3009G039200	28	121
SORBI_3009G039300	28	122
SORBI_3009G039400	28	123
SORBI_3009G039500	28	124
SORBI_3009G039600	28	125
SORBI_3009G039700	28	126
SORBI_3009G039800	28	127
SORBI_3009G039900	28	128
SORBI_3009G040000	28	129
SORBI_3009G040100	28	130
SORBI_3009G040175	28	131
SORBI_3009G040250	28	132
SORBI_3009G040325	28	133
SORBI_3009G040400	28	134
SORBI_3009G040500	28	135
SORBI_3009G040600	28	136
SORBI_3009G040700	28	137
SORBI_3009G040800	28	138
SORBI_3009G040900	28	139
SORBI_3009G041000	28	140
SORBI_3009G041100	28	141
SORBI_3009G041200	28	142
SORBI_3009G041301	28	143
SORBI_3009G041400	28	144
SORBI_3009G041600	28	145
SORBI_3009G041700	28	146
SORBI_3009G041800	28	147
SORBI_3009G041900	28	148
SORBI_3009G042000	28	149
SORBI_3009G042100	28	150
SORBI_3009G042200	28	151
SORBI_3009G042300	28	152
SORBI_3009G042400	28	153
SORBI_3009G042500	28	154
SORBI_3009G042600	28	155
SORBI_3009G042700	28	156
SORBI_3009G042800	28	157
SORBI_3009G042900	28	158
SORBI_3009G043000	28	159
SORBI_3009G043100	28	160
SORBI_3009G043200	28	161
SORBI_3009G043400	28	162
SORBI_3009G043500	28	163
SORBI_3009G043600	28	164
SORBI_3009G043700	28	165
SORBI_3009G043800	28	166
SORBI_3009G043900	28	167
SORBI_3009G044000	28	168
SORBI_3009G044100	28	169
SORBI_3009G044200	28	170
SORBI_3009G044300	28	171
SORBI_3009G044400	28	172
SORBI_3009G044501	28	173
SORBI_3009G044600	28	174
SORBI_3009G044700	28	175
SORBI_3009G044800	28	176
SORBI_3009G044900	28	177
SORBI_3009G045000	28	178
SORBI_3009G045100	28	179
SORBI_3009G045200	28	180
SORBI_3009G045300	28	181
SORBI_3009G045400	28	182
SORBI_3009G045500	28	183
SORBI_3009G045600	28	184
SORBI_3009G045700	28	185
SORBI_3009G045800	28	186
SORBI_3009G045900	28	187
SORBI_3009G046000	28	188
SORBI_3009G046100	28	189
SORBI_3009G046200	28	190
SORBI_3009G046300	28	191
SORBI_3009G046400	28	192
SORBI_3009G046500	28	193
SORBI_3009G046600	28	194
SORBI_3009G046700	28	195
SORBI_3009G046800	28	196
SORBI_3009G046900	28	197
SORBI_3009G047000	28	198
SORBI_3009G047033	28	199
SORBI_3009G047066	28	200
SORBI_3009G047100	28	201
SORBI_3009G047150	28	202
SORBI_3009G047200	28	203
SORBI_3009G047400	28	204
SORBI_3009G047500	28	205
SORBI_3009G047600	28	206
SORBI_3009G047700	28	207
SORBI_3009G047800	28	208
SORBI_3009G047900	28	209
SORBI_3009G048000	28	210
SORBI_3009G048100	28	211
SORBI_3009G048201	28	212
SORBI_3009G048300	28	213
SORBI_3009G048350	28	214
SORBI_3009G048400	28	215
SORBI_3009G048466	28	216
SORBI_3009G048532	28	217
SORBI_3009G048600	28	218
SORBI_3009G048700	28	219
SORBI_3009G048800	28	220
SORBI_3009G048900	28	221
SORBI_3009G049000	28	222
SORBI_3009G049100	28	223
SORBI_3009G049200	28	224
SORBI_3009G049300	28	225
SORBI_3009G049400	28	226
SORBI_3009G049500	28	227
SORBI_3009G049600	28	228
SORBI_3009G049701	28	229
SORBI_3009G049800	28	230
SORBI_3009G049850	28	231
SORBI_3009G049900	28	232
SORBI_3009G050000	28	233
SORBI_3009G050100	28	234
SORBI_3009G050200	28	235
SORBI_3009G050300	28	236
SORBI_3009G050400	28	237
SORBI_3009G050500	28	238
SORBI_3009G050600	28	239
SORBI_3009G050700	28	240
SORBI_3009G050800	28	241
SORBI_3009G050900	28	242
SORBI_3009G051001	28	243
SORBI_3009G051101	28	244
SORBI_3009G051201	28	245
SORBI_3009G051301	28	246
SORBI_3009G051400	28	247
SORBI_3009G051500	28	248
SORBI_3009G051600	28	249
SORBI_3009G051700	28	250
SORBI_3009G051800	28	251
SORBI_3009G051900	28	252
SORBI_3009G052000	28	253
SORBI_3009G052100	28	254
SORBI_3009G052200	28	255
SORBI_3009G052300	28	256
SORBI_3009G052400	28	257
SORBI_3009G052500	28	258
SORBI_3009G052600	28	259
SORBI_3009G052700	28	260
SORBI_3009G052800	28	261
SORBI_3009G052901	28	262
SORBI_3009G053001	28	263
SORBI_3009G053101	28	264
SORBI_3009G053201	28	265
SORBI_3009G053300	28	266
SORBI_3009G053400	28	267
SORBI_3009G053500	28	268
SORBI_3009G053600	28	269
SORBI_3009G053700	28	270
SORBI_3009G053800	28	271
SORBI_3009G053900	28	272
SORBI_3009G054000	28	273
SORBI_3009G054100	28	274
SORBI_3009G054200	28	275
SORBI_3009G054301	28	276
SORBI_3009G054400	28	277
SORBI_3009G054450	28	278
SORBI_3009G054500	28	279
SORBI_3009G054600	28	280
SORBI_3009G054700	28	281
SORBI_3009G054800	28	282
SORBI_3009G054900	28	283
SORBI_3009G055000	28	284
SORBI_3009G055100	28	285
SORBI_3009G055200	28	286
SORBI_3009G055300	28	287
SORBI_3009G055400	28	288
SORBI_3009G055500	28	289
SORBI_3009G055550	28	290
SORBI_3009G055600	28	291
SORBI_3009G055700	28	292
SORBI_3009G055800	28	293
SORBI_3009G055900	28	294
SORBI_3009G055966	28	295
SORBI_3009G056032	28	296
SORBI_3009G056100	28	297
SORBI_3009G056200	28	298
SORBI_3009G056300	28	299
SORBI_3009G056400	28	300
SORBI_3009G056500	28	301
SORBI_3009G056600	28	302
SORBI_3009G056700	28	303
SORBI_3009G056800	28	304
SORBI_3009G056900	28	305
SORBI_3009G056950	28	306
SORBI_3009G057000	28	307
SORBI_3009G057100	28	308
SORBI_3009G057200	28	309
SORBI_3009G057300	28	310
SORBI_3009G057400	28	311
SORBI_3009G057500	28	312
SORBI_3009G057600	28	313
SORBI_3009G057700	28	314
SORBI_3009G057750	28	315
SORBI_3009G057800	28	316
SORBI_3009G057900	28	317
SORBI_3009G058100	28	318
SORBI_3009G058200	28	319
SORBI_3009G058300	28	320
SORBI_3009G058400	28	321
SORBI_3009G058500	28	322
SORBI_3009G058600	28	323
SORBI_3009G058800	28	324
SORBI_3009G058900	28	325
SORBI_3009G059000	28	326
SORBI_3009G059100	28	327
SORBI_3009G059200	28	328
SORBI_3009G059300	28	329
SORBI_3009G059400	28	330
SORBI_3009G059500	28	331
SORBI_3009G059600	28	332
SORBI_3009G059700	28	333
SORBI_3009G059800	28	334
SORBI_3009G059866	28	335
SORBI_3009G059932	28	336
SORBI_3009G060000	28	337
SORBI_3009G060100	28	338
SORBI_3009G060300	28	339
SORBI_3009G060400	28	340
SORBI_3009G060501	28	341
SORBI_3009G060600	28	342
SORBI_3009G060700	28	343
SORBI_3009G060800	28	344
SORBI_3009G060900	28	345
SORBI_3009G061000	28	346
SORBI_3009G061100	28	347
SORBI_3009G061200	28	348
SORBI_3009G061300	28	349
SORBI_3009G061400	28	350
SORBI_3009G061500	28	351
SORBI_3009G061601	28	352
SORBI_3009G061700	28	353
SORBI_3009G061800	28	354
SORBI_3009G061900	28	355
SORBI_3009G062000	28	356
SORBI_3009G062150	28	357
SORBI_3009G062300	28	358
SORBI_3009G062400	28	359
SORBI_3009G062500	28	360
SORBI_3009G062600	28	361
SORBI_3009G062701	28	362
SORBI_3009G062800	28	363
SORBI_3009G062900	28	364
SORBI_3009G063000	28	365
SORBI_3009G063100	28	366
SORBI_3009G063200	28	367
SORBI_3009G063301	28	368
SORBI_3009G063400	28	369
SORBI_3009G063450	28	370
SORBI_3009G063500	28	371
SORBI_3009G063700	28	372
SORBI_3009G063800	28	373
SORBI_3009G063900	28	374
SORBI_3009G064000	28	375
SORBI_3009G064100	28	376
SORBI_3009G064200	28	377
SORBI_3009G064250	28	378
SORBI_3009G064300	28	379
SORBI_3009G064400	28	380
SORBI_3009G064500	28	381
SORBI_3009G064600	28	382
SORBI_3009G064700	28	383
SORBI_3009G064766	28	384
SORBI_3009G064832	28	385
SORBI_3009G064900	28	386
SORBI_3009G065000	28	387
SORBI_3009G065100	28	388
SORBI_3009G065200	28	389
SORBI_3009G065300	28	390
SORBI_3009G065400	28	391
SORBI_3009G065500	28	392
SORBI_3009G065600	28	393
SORBI_3009G065700	28	394
SORBI_3009G065800	28	395
SORBI_3009G065900	28	396
SORBI_3009G066000	28	397
SORBI_3009G066100	28	398
SORBI_3009G066200	28	399
SORBI_3009G066300	28	400
SORBI_3009G066400	28	401
SORBI_3009G066500	28	402
SORBI_3009G066600	28	403
SORBI_3009G066700	28	404
SORBI_3009G066800	28	405
SORBI_3009G066850	28	406
SORBI_3009G066900	28	407
SORBI_3009G067000	28	408
SORBI_3009G067100	28	409
SORBI_3009G067200	28	410
SORBI_3009G067301	28	411
SORBI_3009G067400	28	412
SORBI_3009G067450	28	413
SORBI_3009G067501	28	414
SORBI_3009G067551	28	415
SORBI_3009G067600	28	416
SORBI_3009G067700	28	417
SORBI_3009G067800	28	418
SORBI_3009G068000	28	419
SORBI_3009G068100	28	420
SORBI_3009G068200	28	421
SORBI_3009G068300	28	422
SORBI_3009G068350	28	423
SORBI_3009G068400	28	424
SORBI_3009G068500	28	425
SORBI_3009G068600	28	426
SORBI_3009G068700	28	427
SORBI_3009G068800	28	428
SORBI_3009G068900	28	429
SORBI_3009G069000	28	430
SORBI_3009G069100	28	431
SORBI_3009G069200	28	432
SORBI_3009G069300	28	433
SORBI_3009G069400	28	434
SORBI_3009G069450	28	435
SORBI_3009G069500	28	436
SORBI_3009G069600	28	437
SORBI_3009G069700	28	438
SORBI_3009G069800	28	439
SORBI_3009G069901	28	440
SORBI_3009G070000	28	441
SORBI_3009G070033	28	442
SORBI_3009G070066	28	443
SORBI_3009G070100	28	444
SORBI_3009G070200	28	445
SORBI_3009G070250	28	446
SORBI_3009G070300	28	447
SORBI_3009G070400	28	448
SORBI_3009G070500	28	449
SORBI_3009G070600	28	450
SORBI_3009G070700	28	451
SORBI_3009G070750	28	452
SORBI_3009G070800	28	453
SORBI_3009G070900	28	454
SORBI_3009G070950	28	455
SORBI_3009G071000	28	456
SORBI_3009G071100	28	457
SORBI_3009G071300	28	458
SORBI_3009G071401	28	459
SORBI_3009G071500	28	460
SORBI_3009G071600	28	461
SORBI_3009G071700	28	462
SORBI_3009G071800	28	463
SORBI_3009G071900	28	464
SORBI_3009G072000	28	465
SORBI_3009G072033	28	466
SORBI_3009G072066	28	467
SORBI_3009G072100	28	468
SORBI_3009G072200	28	469
SORBI_3009G072300	28	470
SORBI_3009G072333	28	471
SORBI_3009G072366	28	472
SORBI_3009G072400	28	473
SORBI_3009G072500	28	474
SORBI_3009G072550	28	475
SORBI_3009G072600	28	476
SORBI_3009G072700	28	477
SORBI_3009G072800	28	478
SORBI_3009G072900	28	479
SORBI_3009G073000	28	480
SORBI_3009G073100	28	481
SORBI_3009G073200	28	482
SORBI_3009G073300	28	483
SORBI_3009G073400	28	484
SORBI_3009G073500	28	485
SORBI_3009G073600	28	486
SORBI_3009G073700	28	487
SORBI_3009G073800	28	488
SORBI_3009G073900	28	489
SORBI_3009G074000	28	490
SORBI_3009G074100	28	491
SORBI_3009G074200	28	492
SORBI_3009G074250	28	493
SORBI_3009G074300	28	494
SORBI_3009G074400	28	495
SORBI_3009G074500	28	496
SORBI_3009G074700	28	497
SORBI_3009G074800	28	498
SORBI_3009G074850	28	499
SORBI_3009G074900	28	500
SORBI_3009G075000	28	501
SORBI_3009G075100	28	502
SORBI_3009G075201	28	503
SORBI_3009G075300	28	504
SORBI_3009G075400	28	505
SORBI_3009G075500	28	506
SORBI_3009G075600	28	507
SORBI_3009G075800	28	508
SORBI_3009G075900	28	509
SORBI_3009G076000	28	510
SORBI_3009G076100	28	511
SORBI_3009G076200	28	512
SORBI_3009G076300	28	513
SORBI_3009G076400	28	514
SORBI_3009G076500	28	515
SORBI_3009G076550	28	516
SORBI_3009G076600	28	517
SORBI_3009G076700	28	518
SORBI_3009G076800	28	519
SORBI_3009G076900	28	520
SORBI_3009G077000	28	521
SORBI_3009G077100	28	522
SORBI_3009G077200	28	523
SORBI_3009G077250	28	524
SORBI_3009G077300	28	525
SORBI_3009G077400	28	526
SORBI_3009G077500	28	527
SORBI_3009G077600	28	528
SORBI_3009G077700	28	529
SORBI_3009G077800	28	530
SORBI_3009G077901	28	531
SORBI_3009G078000	28	532
SORBI_3009G078200	28	533
SORBI_3009G078300	28	534
SORBI_3009G078401	28	535
SORBI_3009G078500	28	536
SORBI_3009G078600	28	537
SORBI_3009G078700	28	538
SORBI_3009G078900	28	539
SORBI_3009G079000	28	540
SORBI_3009G079100	28	541
SORBI_3009G079200	28	542
SORBI_3009G079300	28	543
SORBI_3009G079400	28	544
SORBI_3009G079500	28	545
SORBI_3009G079600	28	546
SORBI_3009G079700	28	547
SORBI_3009G079801	28	548
SORBI_3009G079900	28	549
SORBI_3009G079925	28	550
SORBI_3009G079950	28	551
SORBI_3009G079975	28	552
SORBI_3009G080000	28	553
SORBI_3009G080100	28	554
SORBI_3009G080150	28	555
SORBI_3009G080200	28	556
SORBI_3009G080233	28	557
SORBI_3009G080266	28	558
SORBI_3009G080300	28	559
SORBI_3009G080400	28	560
SORBI_3009G080450	28	561
SORBI_3009G080500	28	562
SORBI_3009G080600	28	563
SORBI_3009G080700	28	564
SORBI_3009G080800	28	565
SORBI_3009G080900	28	566
SORBI_3009G081100	28	567
SORBI_3009G081300	28	568
SORBI_3009G081400	28	569
SORBI_3009G081500	28	570
SORBI_3009G081700	28	571
SORBI_3009G081800	28	572
SORBI_3009G081900	28	573
SORBI_3009G082000	28	574
SORBI_3009G082050	28	575
SORBI_3009G082100	28	576
SORBI_3009G082200	28	577
SORBI_3009G082300	28	578
SORBI_3009G082400	28	579
SORBI_3009G082500	28	580
SORBI_3009G082550	28	581
SORBI_3009G082600	28	582
SORBI_3009G082700	28	583
SORBI_3009G082800	28	584
SORBI_3009G082900	28	585
SORBI_3009G083000	28	586
SORBI_3009G083100	28	587
SORBI_3009G083200	28	588
SORBI_3009G083300	28	589
SORBI_3009G083400	28	590
SORBI_3009G083450	28	591
SORBI_3009G083500	28	592
SORBI_3009G083600	28	593
SORBI_3009G083800	28	594
SORBI_3009G083900	28	595
SORBI_3009G084000	28	596
SORBI_3009G084100	28	597
SORBI_3009G084300	28	598
SORBI_3009G084400	28	599
SORBI_3009G084500	28	600
SORBI_3009G084600	28	601
SORBI_3009G084700	28	602
SORBI_3009G084800	28	603
SORBI_3009G084900	28	604
SORBI_3009G084950	28	605
SORBI_3009G085001	28	606
SORBI_3009G085051	28	607
SORBI_3009G085100	28	608
SORBI_3009G085200	28	609
SORBI_3009G085250	28	610
SORBI_3009G085300	28	611
SORBI_3009G085400	28	612
SORBI_3009G085500	28	613
SORBI_3009G085600	28	614
SORBI_3009G085700	28	615
SORBI_3009G085900	28	616
SORBI_3009G086100	28	617
SORBI_3009G086200	28	618
SORBI_3009G086300	28	619
SORBI_3009G086400	28	620
SORBI_3009G086501	28	621
SORBI_3009G086600	28	622
SORBI_3009G086700	28	623
SORBI_3009G086800	28	624
SORBI_3009G086900	28	625
SORBI_3009G087000	28	626
SORBI_3009G087100	28	627
SORBI_3009G087200	28	628
SORBI_3009G087300	28	629
SORBI_3009G087360	28	630
SORBI_3009G087420	28	631
SORBI_3009G087480	28	632
SORBI_3009G087540	28	633
SORBI_3009G087600	28	634
SORBI_3009G087700	28	635
SORBI_3009G087800	28	636
SORBI_3009G087850	28	637
SORBI_3009G087900	28	638
SORBI_3009G088000	28	639
SORBI_3009G088100	28	640
SORBI_3009G088200	28	641
SORBI_3009G088300	28	642
SORBI_3009G088401	28	643
SORBI_3009G088500	28	644
SORBI_3009G088525	28	645
SORBI_3009G088550	28	646
SORBI_3009G088575	28	647
SORBI_3009G088600	28	648
SORBI_3009G088700	28	649
SORBI_3009G088800	28	650
SORBI_3009G088900	28	651
SORBI_3009G089000	28	652
SORBI_3009G089101	28	653
SORBI_3009G089200	28	654
SORBI_3009G089366	28	655
SORBI_3009G089532	28	656
SORBI_3009G089700	28	657
SORBI_3009G089800	28	658
SORBI_3009G090000	28	659
SORBI_3009G090100	28	660
SORBI_3009G090250	28	661
SORBI_3009G090400	28	662
SORBI_3009G090500	28	663
SORBI_3009G090566	28	664
SORBI_3009G090632	28	665
SORBI_3009G090700	28	666
SORBI_3009G090800	28	667
SORBI_3009G090900	28	668
SORBI_3009G091000	28	669
SORBI_3009G091101	28	670
SORBI_3009G091200	28	671
SORBI_3009G091300	28	672
SORBI_3009G091600	28	673
SORBI_3009G091800	28	674
SORBI_3009G091850	28	675
SORBI_3009G091900	28	676
SORBI_3009G091940	28	677
SORBI_3009G091980	28	678
SORBI_3009G092020	28	679
SORBI_3009G092060	28	680
SORBI_3009G092100	28	681
SORBI_3009G092200	28	682
SORBI_3009G092300	28	683
SORBI_3009G092400	28	684
SORBI_3009G092601	28	685
SORBI_3009G092800	28	686
SORBI_3009G092850	28	687
SORBI_3009G092900	28	688
SORBI_3009G093000	28	689
SORBI_3009G093100	28	690
SORBI_3009G093200	28	691
SORBI_3009G093301	28	692
SORBI_3009G093400	28	693
SORBI_3009G093800	28	694
SORBI_3009G093900	28	695
SORBI_3009G094000	28	696
SORBI_3009G094100	28	697
SORBI_3009G094200	28	698
SORBI_3009G094300	28	699
SORBI_3009G094450	28	700
SORBI_3009G094600	28	701
SORBI_3009G094700	28	702
SORBI_3009G094800	28	703
SORBI_3009G094900	28	704
SORBI_3009G095100	28	705
SORBI_3009G095200	28	706
SORBI_3009G095300	28	707
SORBI_3009G095400	28	708
SORBI_3009G095480	28	709
SORBI_3009G095560	28	710
SORBI_3009G095640	28	711
SORBI_3009G095720	28	712
SORBI_3009G095800	28	713
SORBI_3009G096100	28	714
SORBI_3009G096300	28	715
SORBI_3009G096433	28	716
SORBI_3009G096566	28	717
SORBI_3009G096700	28	718
SORBI_3009G096850	28	719
SORBI_3009G097000	28	720
SORBI_3009G097100	28	721
SORBI_3009G097200	28	722
SORBI_3009G097250	28	723
SORBI_3009G097300	28	724
SORBI_3009G097400	28	725
SORBI_3009G097500	28	726
SORBI_3009G097900	28	727
SORBI_3009G098000	28	728
SORBI_3009G098100	28	729
SORBI_3009G098150	28	730
SORBI_3009G098200	28	731
SORBI_3009G098300	28	732
SORBI_3009G098400	28	733
SORBI_3009G098501	28	734
SORBI_3009G098601	28	735
SORBI_3009G098700	28	736
SORBI_3009G098801	28	737
SORBI_3009G098900	28	738
SORBI_3009G099000	28	739
SORBI_3009G099050	28	740
SORBI_3009G099100	28	741
SORBI_3009G099150	28	742
SORBI_3009G099200	28	743
SORBI_3009G099300	28	744
SORBI_3009G099400	28	745
SORBI_3009G099450	28	746
SORBI_3009G099500	28	747
SORBI_3009G099600	28	748
SORBI_3009G099700	28	749
SORBI_3009G099850	28	750
SORBI_3009G100000	28	751
SORBI_3009G100050	28	752
SORBI_3009G100100	28	753
SORBI_3009G100200	28	754
SORBI_3009G100300	28	755
SORBI_3009G100500	28	756
SORBI_3009G100700	28	757
SORBI_3009G100800	28	758
SORBI_3009G100900	28	759
SORBI_3009G101000	28	760
SORBI_3009G101100	28	761
SORBI_3009G101200	28	762
SORBI_3009G101250	28	763
SORBI_3009G101300	28	764
SORBI_3009G101400	28	765
SORBI_3009G101500	28	766
SORBI_3009G101600	28	767
SORBI_3009G101700	28	768
SORBI_3009G101800	28	769
SORBI_3009G102000	28	770
SORBI_3009G102100	28	771
SORBI_3009G102200	28	772
SORBI_3009G102250	28	773
SORBI_3009G102300	28	774
SORBI_3009G102400	28	775
SORBI_3009G102500	28	776
SORBI_3009G102550	28	777
SORBI_3009G102600	28	778
SORBI_3009G102700	28	779
SORBI_3009G102800	28	780
SORBI_3009G102900	28	781
SORBI_3009G103000	28	782
SORBI_3009G103101	28	783
SORBI_3009G103201	28	784
SORBI_3009G103300	28	785
SORBI_3009G103400	28	786
SORBI_3009G103500	28	787
SORBI_3009G103600	28	788
SORBI_3009G103650	28	789
SORBI_3009G103700	28	790
SORBI_3009G103800	28	791
SORBI_3009G103900	28	792
SORBI_3009G104000	28	793
SORBI_3009G104100	28	794
SORBI_3009G104201	28	795
SORBI_3009G104300	28	796
SORBI_3009G104400	28	797
SORBI_3009G104500	28	798
SORBI_3009G104600	28	799
SORBI_3009G104700	28	800
SORBI_3009G104800	28	801
SORBI_3009G104850	28	802
SORBI_3009G104900	28	803
SORBI_3009G105000	28	804
SORBI_3009G105050	28	805
SORBI_3009G105100	28	806
SORBI_3009G105200	28	807
SORBI_3009G105300	28	808
SORBI_3009G105400	28	809
SORBI_3009G105500	28	810
SORBI_3009G105600	28	811
SORBI_3009G105700	28	812
SORBI_3009G105800	28	813
SORBI_3009G105900	28	814
SORBI_3009G106000	28	815
SORBI_3009G106100	28	816
SORBI_3009G106300	28	817
SORBI_3009G106400	28	818
SORBI_3009G106500	28	819
SORBI_3009G106601	28	820
SORBI_3009G106700	28	821
SORBI_3009G106800	28	822
SORBI_3009G106900	28	823
SORBI_3009G106960	28	824
SORBI_3009G107020	28	825
SORBI_3009G107080	28	826
SORBI_3009G107140	28	827
SORBI_3009G107200	28	828
SORBI_3009G107300	28	829
SORBI_3009G107400	28	830
SORBI_3009G107500	28	831
SORBI_3009G107600	28	832
SORBI_3009G107800	28	833
SORBI_3009G108050	28	834
SORBI_3009G108300	28	835
SORBI_3009G108400	28	836
SORBI_3009G108500	28	837
SORBI_3009G108600	28	838
SORBI_3009G108700	28	839
SORBI_3009G108900	28	840
SORBI_3009G109000	28	841
SORBI_3009G109101	28	842
SORBI_3009G109200	28	843
SORBI_3009G109300	28	844
SORBI_3009G109450	28	845
SORBI_3009G109600	28	846
SORBI_3009G109700	28	847
SORBI_3009G109775	28	848
SORBI_3009G109850	28	849
SORBI_3009G109925	28	850
SORBI_3009G110000	28	851
SORBI_3009G110100	28	852
SORBI_3009G110200	28	853
SORBI_3009G110300	28	854
SORBI_3009G110333	28	855
SORBI_3009G110366	28	856
SORBI_3009G110400	28	857
SORBI_3009G110500	28	858
SORBI_3009G110600	28	859
SORBI_3009G110700	28	860
SORBI_3009G110800	28	861
SORBI_3009G111000	28	862
SORBI_3009G111050	28	863
SORBI_3009G111100	28	864
SORBI_3009G111200	28	865
SORBI_3009G111301	28	866
SORBI_3009G111400	28	867
SORBI_3009G111500	28	868
SORBI_3009G111600	28	869
SORBI_3009G111700	28	870
SORBI_3009G111800	28	871
SORBI_3009G111901	28	872
SORBI_3009G112000	28	873
SORBI_3009G112101	28	874
SORBI_3009G112200	28	875
SORBI_3009G112300	28	876
SORBI_3009G112350	28	877
SORBI_3009G112400	28	878
SORBI_3009G112450	28	879
SORBI_3009G112500	28	880
SORBI_3009G112600	28	881
SORBI_3009G112700	28	882
SORBI_3009G112800	28	883
SORBI_3009G112900	28	884
SORBI_3009G113000	28	885
SORBI_3009G113100	28	886
SORBI_3009G113200	28	887
SORBI_3009G113300	28	888
SORBI_3009G113400	28	889
SORBI_3009G113500	28	890
SORBI_3009G113600	28	891
SORBI_3009G113700	28	892
SORBI_3009G113800	28	893
SORBI_3009G113900	28	894
SORBI_3009G114000	28	895
SORBI_3009G114200	28	896
SORBI_3009G114300	28	897
SORBI_3009G114400	28	898
SORBI_3009G114500	28	899
SORBI_3009G114600	28	900
SORBI_3009G114700	28	901
SORBI_3009G114800	28	902
SORBI_3009G114900	28	903
SORBI_3009G115000	28	904
SORBI_3009G115050	28	905
SORBI_3009G115100	28	906
SORBI_3009G115200	28	907
SORBI_3009G115300	28	908
SORBI_3009G115400	28	909
SORBI_3009G115500	28	910
SORBI_3009G115600	28	911
SORBI_3009G115700	28	912
SORBI_3009G115800	28	913
SORBI_3009G115900	28	914
SORBI_3009G115950	28	915
SORBI_3009G116000	28	916
SORBI_3009G116100	28	917
SORBI_3009G116200	28	918
SORBI_3009G116300	28	919
SORBI_3009G116400	28	920
SORBI_3009G116500	28	921
SORBI_3009G116600	28	922
SORBI_3009G116700	28	923
SORBI_3009G116766	28	924
SORBI_3009G116832	28	925
SORBI_3009G116900	28	926
SORBI_3009G117000	28	927
SORBI_3009G117100	28	928
SORBI_3009G117200	28	929
SORBI_3009G117300	28	930
SORBI_3009G117400	28	931
SORBI_3009G117500	28	932
SORBI_3009G117700	28	933
SORBI_3009G117800	28	934
SORBI_3009G117900	28	935
SORBI_3009G118100	28	936
SORBI_3009G118200	28	937
SORBI_3009G118300	28	938
SORBI_3009G118400	28	939
SORBI_3009G118500	28	940
SORBI_3009G118600	28	941
SORBI_3009G118700	28	942
SORBI_3009G118900	28	943
SORBI_3009G119000	28	944
SORBI_3009G119100	28	945
SORBI_3009G119200	28	946
SORBI_3009G119300	28	947
SORBI_3009G119400	28	948
SORBI_3009G119501	28	949
SORBI_3009G119600	28	950
SORBI_3009G119700	28	951
SORBI_3009G119800	28	952
SORBI_3009G119900	28	953
SORBI_3009G120000	28	954
SORBI_3009G120100	28	955
SORBI_3009G120200	28	956
SORBI_3009G120301	28	957
SORBI_3009G120400	28	958
SORBI_3009G120500	28	959
SORBI_3009G120600	28	960
SORBI_3009G120700	28	961
SORBI_3009G120800	28	962
SORBI_3009G120850	28	963
SORBI_3009G120900	28	964
SORBI_3009G121000	28	965
SORBI_3009G121100	28	966
SORBI_3009G121150	28	967
SORBI_3009G121200	28	968
SORBI_3009G121300	28	969
SORBI_3009G121400	28	970
SORBI_3009G121600	28	971
SORBI_3009G121750	28	972
SORBI_3009G121900	28	973
SORBI_3009G122000	28	974
SORBI_3009G122100	28	975
SORBI_3009G122201	28	976
SORBI_3009G122300	28	977
SORBI_3009G122325	28	978
SORBI_3009G122350	28	979
SORBI_3009G122375	28	980
SORBI_3009G122400	28	981
SORBI_3009G122500	28	982
SORBI_3009G122600	28	983
SORBI_3009G122700	28	984
SORBI_3009G122800	28	985
SORBI_3009G122900	28	986
SORBI_3009G123000	28	987
SORBI_3009G123100	28	988
SORBI_3009G123300	28	989
SORBI_3009G123400	28	990
SORBI_3009G123500	28	991
SORBI_3009G123600	28	992
SORBI_3009G123700	28	993
SORBI_3009G123733	28	994
SORBI_3009G123766	28	995
SORBI_3009G123800	28	996
SORBI_3009G123900	28	997
SORBI_3009G124000	28	998
SORBI_3009G124100	28	999
SORBI_3009G124200	28	1000
SORBI_3009G124300	28	1001
SORBI_3009G124400	28	1002
SORBI_3009G124600	28	1003
SORBI_3009G124700	28	1004
SORBI_3009G124800	28	1005
SORBI_3009G124850	28	1006
SORBI_3009G124900	28	1007
SORBI_3009G125000	28	1008
SORBI_3009G125100	28	1009
SORBI_3009G125200	28	1010
SORBI_3009G125300	28	1011
SORBI_3009G125400	28	1012
SORBI_3009G125500	28	1013
SORBI_3009G125600	28	1014
SORBI_3009G125700	28	1015
SORBI_3009G125800	28	1016
SORBI_3009G125850	28	1017
SORBI_3009G125900	28	1018
SORBI_3009G126000	28	1019
SORBI_3009G126100	28	1020
SORBI_3009G126200	28	1021
SORBI_3009G126300	28	1022
SORBI_3009G126400	28	1023
SORBI_3009G126500	29	0
SORBI_3009G126600	29	1
SORBI_3009G126700	29	2
SORBI_3009G126800	29	3
SORBI_3009G126900	29	4
SORBI_3009G127000	29	5
SORBI_3009G127100	29	6
SORBI_3009G127201	29	7
SORBI_3009G127300	29	8
SORBI_3009G127400	29	9
SORBI_3009G127500	29	10
SORBI_3009G127600	29	11
SORBI_3009G127700	29	12
SORBI_3009G127800	29	13
SORBI_3009G127900	29	14
SORBI_3009G128000	29	15
SORBI_3009G128101	29	16
SORBI_3009G128200	29	17
SORBI_3009G128300	29	18
SORBI_3009G128400	29	19
SORBI_3009G128500	29	20
SORBI_3009G128600	29	21
SORBI_3009G128700	29	22
SORBI_3009G128800	29	23
SORBI_3009G128901	29	24
SORBI_3009G129000	29	25
SORBI_3009G129100	29	26
SORBI_3009G129300	29	27
SORBI_3009G129400	29	28
SORBI_3009G129500	29	29
SORBI_3009G129600	29	30
SORBI_3009G129650	29	31
SORBI_3009G129700	29	32
SORBI_3009G129800	29	33
SORBI_3009G129900	29	34
SORBI_3009G130000	29	35
SORBI_3009G130100	29	36
SORBI_3009G130200	29	37
SORBI_3009G130300	29	38
SORBI_3009G130400	29	39
SORBI_3009G130500	29	40
SORBI_3009G130600	29	41
SORBI_3009G130700	29	42
SORBI_3009G130800	29	43
SORBI_3009G130900	29	44
SORBI_3009G130966	29	45
SORBI_3009G131032	29	46
SORBI_3009G131100	29	47
SORBI_3009G131200	29	48
SORBI_3009G131300	29	49
SORBI_3009G131400	29	50
SORBI_3009G131500	29	51
SORBI_3009G131550	29	52
SORBI_3009G131600	29	53
SORBI_3009G131800	29	54
SORBI_3009G131900	29	55
SORBI_3009G132000	29	56
SORBI_3009G132100	29	57
SORBI_3009G132200	29	58
SORBI_3009G132400	29	59
SORBI_3009G132600	29	60
SORBI_3009G132650	29	61
SORBI_3009G132700	29	62
SORBI_3009G132800	29	63
SORBI_3009G132900	29	64
SORBI_3009G133000	29	65
SORBI_3009G133100	29	66
SORBI_3009G133201	29	67
SORBI_3009G133300	29	68
SORBI_3009G133400	29	69
SORBI_3009G133500	29	70
SORBI_3009G133600	29	71
SORBI_3009G133700	29	72
SORBI_3009G133800	29	73
SORBI_3009G133900	29	74
SORBI_3009G134000	29	75
SORBI_3009G134200	29	76
SORBI_3009G134300	29	77
SORBI_3009G134400	29	78
SORBI_3009G134450	29	79
SORBI_3009G134500	29	80
SORBI_3009G134600	29	81
SORBI_3009G134700	29	82
SORBI_3009G134766	29	83
SORBI_3009G134832	29	84
SORBI_3009G134900	29	85
SORBI_3009G135000	29	86
SORBI_3009G135100	29	87
SORBI_3009G135300	29	88
SORBI_3009G135400	29	89
SORBI_3009G135500	29	90
SORBI_3009G135550	29	91
SORBI_3009G135600	29	92
SORBI_3009G135800	29	93
SORBI_3009G135900	29	94
SORBI_3009G136000	29	95
SORBI_3009G136100	29	96
SORBI_3009G136200	29	97
SORBI_3009G136300	29	98
SORBI_3009G136400	29	99
SORBI_3009G136500	29	100
SORBI_3009G136600	29	101
SORBI_3009G136700	29	102
SORBI_3009G136800	29	103
SORBI_3009G136900	29	104
SORBI_3009G136950	29	105
SORBI_3009G137000	29	106
SORBI_3009G137100	29	107
SORBI_3009G137200	29	108
SORBI_3009G137300	29	109
SORBI_3009G137401	29	110
SORBI_3009G137500	29	111
SORBI_3009G137600	29	112
SORBI_3009G137700	29	113
SORBI_3009G137800	29	114
SORBI_3009G137900	29	115
SORBI_3009G138000	29	116
SORBI_3009G138100	29	117
SORBI_3009G138200	29	118
SORBI_3009G138300	29	119
SORBI_3009G138401	29	120
SORBI_3009G138500	29	121
SORBI_3009G138700	29	122
SORBI_3009G138800	29	123
SORBI_3009G138900	29	124
SORBI_3009G139000	29	125
SORBI_3009G139100	29	126
SORBI_3009G139200	29	127
SORBI_3009G139300	29	128
SORBI_3009G139400	29	129
SORBI_3009G139500	29	130
SORBI_3009G139600	29	131
SORBI_3009G139700	29	132
SORBI_3009G139800	29	133
SORBI_3009G139900	29	134
SORBI_3009G140000	29	135
SORBI_3009G140150	29	136
SORBI_3009G140300	29	137
SORBI_3009G140400	29	138
SORBI_3009G140500	29	139
SORBI_3009G140600	29	140
SORBI_3009G140700	29	141
SORBI_3009G140800	29	142
SORBI_3009G140900	29	143
SORBI_3009G141000	29	144
SORBI_3009G141100	29	145
SORBI_3009G141201	29	146
SORBI_3009G141300	29	147
SORBI_3009G141400	29	148
SORBI_3009G141500	29	149
SORBI_3009G141700	29	150
SORBI_3009G141800	29	151
SORBI_3009G141900	29	152
SORBI_3009G142000	29	153
SORBI_3009G142100	29	154
SORBI_3009G142200	29	155
SORBI_3009G142300	29	156
SORBI_3009G142400	29	157
SORBI_3009G142500	29	158
SORBI_3009G142600	29	159
SORBI_3009G142700	29	160
SORBI_3009G142800	29	161
SORBI_3009G142900	29	162
SORBI_3009G143000	29	163
SORBI_3009G143100	29	164
SORBI_3009G143200	29	165
SORBI_3009G143300	29	166
SORBI_3009G143400	29	167
SORBI_3009G143500	29	168
SORBI_3009G143600	29	169
SORBI_3009G143700	29	170
SORBI_3009G143750	29	171
SORBI_3009G143800	29	172
SORBI_3009G143900	29	173
SORBI_3009G144050	29	174
SORBI_3009G144200	29	175
SORBI_3009G144300	29	176
SORBI_3009G144400	29	177
SORBI_3009G144500	29	178
SORBI_3009G144600	29	179
SORBI_3009G144700	29	180
SORBI_3009G144800	29	181
SORBI_3009G144900	29	182
SORBI_3009G145000	29	183
SORBI_3009G145101	29	184
SORBI_3009G145200	29	185
SORBI_3009G145350	29	186
SORBI_3009G145500	29	187
SORBI_3009G145600	29	188
SORBI_3009G145700	29	189
SORBI_3009G145750	29	190
SORBI_3009G145800	29	191
SORBI_3009G145900	29	192
SORBI_3009G146000	29	193
SORBI_3009G146100	29	194
SORBI_3009G146250	29	195
SORBI_3009G146400	29	196
SORBI_3009G146500	29	197
SORBI_3009G146700	29	198
SORBI_3009G146800	29	199
SORBI_3009G146900	29	200
SORBI_3009G147000	29	201
SORBI_3009G147100	29	202
SORBI_3009G147200	29	203
SORBI_3009G147300	29	204
SORBI_3009G147400	29	205
SORBI_3009G147450	29	206
SORBI_3009G147500	29	207
SORBI_3009G147600	29	208
SORBI_3009G147700	29	209
SORBI_3009G147800	29	210
SORBI_3009G148000	29	211
SORBI_3009G148100	29	212
SORBI_3009G148200	29	213
SORBI_3009G148300	29	214
SORBI_3009G148400	29	215
SORBI_3009G148500	29	216
SORBI_3009G148600	29	217
SORBI_3009G148700	29	218
SORBI_3009G148800	29	219
SORBI_3009G148900	29	220
SORBI_3009G148950	29	221
SORBI_3009G149000	29	222
SORBI_3009G149100	29	223
SORBI_3009G149200	29	224
SORBI_3009G149300	29	225
SORBI_3009G149400	29	226
SORBI_3009G149500	29	227
SORBI_3009G149600	29	228
SORBI_3009G149700	29	229
SORBI_3009G149800	29	230
SORBI_3009G149900	29	231
SORBI_3009G150000	29	232
SORBI_3009G150100	29	233
SORBI_3009G150300	29	234
SORBI_3009G150400	29	235
SORBI_3009G150500	29	236
SORBI_3009G150600	29	237
SORBI_3009G150700	29	238
SORBI_3009G150800	29	239
SORBI_3009G150900	29	240
SORBI_3009G151000	29	241
SORBI_3009G151100	29	242
SORBI_3009G151200	29	243
SORBI_3009G151400	29	244
SORBI_3009G151500	29	245
SORBI_3009G151600	29	246
SORBI_3009G151700	29	247
SORBI_3009G151800	29	248
SORBI_3009G151900	29	249
SORBI_3009G152000	29	250
SORBI_3009G152100	29	251
SORBI_3009G152120	29	252
SORBI_3009G152140	29	253
SORBI_3009G152160	29	254
SORBI_3009G152180	29	255
SORBI_3009G152200	29	256
SORBI_3009G152300	29	257
SORBI_3009G152350	29	258
SORBI_3009G152400	29	259
SORBI_3009G152600	29	260
SORBI_3009G152700	29	261
SORBI_3009G152800	29	262
SORBI_3009G152901	29	263
SORBI_3009G153000	29	264
SORBI_3009G153100	29	265
SORBI_3009G153200	29	266
SORBI_3009G153300	29	267
SORBI_3009G153333	29	268
SORBI_3009G153366	29	269
SORBI_3009G153400	29	270
SORBI_3009G153500	29	271
SORBI_3009G153600	29	272
SORBI_3009G153700	29	273
SORBI_3009G153800	29	274
SORBI_3009G153900	29	275
SORBI_3009G154000	29	276
SORBI_3009G154100	29	277
SORBI_3009G154200	29	278
SORBI_3009G154300	29	279
SORBI_3009G154400	29	280
SORBI_3009G154500	29	281
SORBI_3009G154600	29	282
SORBI_3009G154700	29	283
SORBI_3009G154800	29	284
SORBI_3009G154900	29	285
SORBI_3009G155050	29	286
SORBI_3009G155200	29	287
SORBI_3009G155250	29	288
SORBI_3009G155300	29	289
SORBI_3009G155400	29	290
SORBI_3009G155500	29	291
SORBI_3009G155600	29	292
SORBI_3009G155700	29	293
SORBI_3009G155800	29	294
SORBI_3009G155900	29	295
SORBI_3009G155950	29	296
SORBI_3009G156000	29	297
SORBI_3009G156100	29	298
SORBI_3009G156200	29	299
SORBI_3009G156300	29	300
SORBI_3009G156400	29	301
SORBI_3009G156500	29	302
SORBI_3009G156600	29	303
SORBI_3009G156700	29	304
SORBI_3009G156750	29	305
SORBI_3009G156800	29	306
SORBI_3009G156900	29	307
SORBI_3009G157000	29	308
SORBI_3009G157050	29	309
SORBI_3009G157100	29	310
SORBI_3009G157200	29	311
SORBI_3009G157300	29	312
SORBI_3009G157400	29	313
SORBI_3009G157450	29	314
SORBI_3009G157500	29	315
SORBI_3009G157600	29	316
SORBI_3009G157700	29	317
SORBI_3009G157800	29	318
SORBI_3009G157900	29	319
SORBI_3009G158000	29	320
SORBI_3009G158100	29	321
SORBI_3009G158150	29	322
SORBI_3009G158200	29	323
SORBI_3009G158300	29	324
SORBI_3009G158400	29	325
SORBI_3009G158500	29	326
SORBI_3009G158600	29	327
SORBI_3009G158700	29	328
SORBI_3009G158800	29	329
SORBI_3009G158900	29	330
SORBI_3009G159000	29	331
SORBI_3009G159100	29	332
SORBI_3009G159200	29	333
SORBI_3009G159300	29	334
SORBI_3009G159400	29	335
SORBI_3009G159500	29	336
SORBI_3009G159600	29	337
SORBI_3009G159700	29	338
SORBI_3009G159800	29	339
SORBI_3009G159900	29	340
SORBI_3009G160000	29	341
SORBI_3009G160100	29	342
SORBI_3009G160200	29	343
SORBI_3009G160300	29	344
SORBI_3009G160500	29	345
SORBI_3009G160600	29	346
SORBI_3009G160700	29	347
SORBI_3009G160800	29	348
SORBI_3009G160900	29	349
SORBI_3009G161000	29	350
SORBI_3009G161100	29	351
SORBI_3009G161200	29	352
SORBI_3009G161300	29	353
SORBI_3009G161350	29	354
SORBI_3009G161401	29	355
SORBI_3009G161451	29	356
SORBI_3009G161500	29	357
SORBI_3009G161550	29	358
SORBI_3009G161600	29	359
SORBI_3009G161700	29	360
SORBI_3009G161800	29	361
SORBI_3009G161900	29	362
SORBI_3009G162000	29	363
SORBI_3009G162100	29	364
SORBI_3009G162200	29	365
SORBI_3009G162300	29	366
SORBI_3009G162401	29	367
SORBI_3009G162500	29	368
SORBI_3009G162550	29	369
SORBI_3009G162600	29	370
SORBI_3009G162700	29	371
SORBI_3009G162800	29	372
SORBI_3009G162900	29	373
SORBI_3009G163000	29	374
SORBI_3009G163100	29	375
SORBI_3009G163400	29	376
SORBI_3009G163500	29	377
SORBI_3009G163600	29	378
SORBI_3009G163700	29	379
SORBI_3009G163800	29	380
SORBI_3009G163900	29	381
SORBI_3009G163950	29	382
SORBI_3009G164000	29	383
SORBI_3009G164100	29	384
SORBI_3009G164200	29	385
SORBI_3009G164300	29	386
SORBI_3009G164400	29	387
SORBI_3009G164500	29	388
SORBI_3009G164600	29	389
SORBI_3009G164700	29	390
SORBI_3009G164800	29	391
SORBI_3009G164900	29	392
SORBI_3009G165000	29	393
SORBI_3009G165050	29	394
SORBI_3009G165100	29	395
SORBI_3009G165200	29	396
SORBI_3009G165300	29	397
SORBI_3009G165400	29	398
SORBI_3009G165500	29	399
SORBI_3009G165600	29	400
SORBI_3009G165700	29	401
SORBI_3009G165800	29	402
SORBI_3009G165900	29	403
SORBI_3009G165950	29	404
SORBI_3009G166000	29	405
SORBI_3009G166100	29	406
SORBI_3009G166200	29	407
SORBI_3009G166300	29	408
SORBI_3009G166400	29	409
SORBI_3009G166500	29	410
SORBI_3009G166600	29	411
SORBI_3009G166650	29	412
SORBI_3009G166700	29	413
SORBI_3009G166801	29	414
SORBI_3009G166900	29	415
SORBI_3009G167000	29	416
SORBI_3009G167100	29	417
SORBI_3009G167201	29	418
SORBI_3009G167300	29	419
SORBI_3009G167400	29	420
SORBI_3009G167500	29	421
SORBI_3009G167600	29	422
SORBI_3009G167700	29	423
SORBI_3009G167800	29	424
SORBI_3009G167900	29	425
SORBI_3009G168000	29	426
SORBI_3009G168100	29	427
SORBI_3009G168150	29	428
SORBI_3009G168200	29	429
SORBI_3009G168300	29	430
SORBI_3009G168400	29	431
SORBI_3009G168500	29	432
SORBI_3009G168600	29	433
SORBI_3009G168700	29	434
SORBI_3009G168800	29	435
SORBI_3009G168900	29	436
SORBI_3009G169000	29	437
SORBI_3009G169050	29	438
SORBI_3009G169100	29	439
SORBI_3009G169200	29	440
SORBI_3009G169300	29	441
SORBI_3009G169400	29	442
SORBI_3009G169500	29	443
SORBI_3009G169650	29	444
SORBI_3009G169800	29	445
SORBI_3009G169900	29	446
SORBI_3009G170000	29	447
SORBI_3009G170050	29	448
SORBI_3009G170100	29	449
SORBI_3009G170200	29	450
SORBI_3009G170301	29	451
SORBI_3009G170400	29	452
SORBI_3009G170500	29	453
SORBI_3009G170550	29	454
SORBI_3009G170600	29	455
SORBI_3009G170700	29	456
SORBI_3009G170800	29	457
SORBI_3009G170900	29	458
SORBI_3009G171000	29	459
SORBI_3009G171100	29	460
SORBI_3009G171200	29	461
SORBI_3009G171300	29	462
SORBI_3009G171400	29	463
SORBI_3009G171500	29	464
SORBI_3009G171600	29	465
SORBI_3009G171700	29	466
SORBI_3009G171750	29	467
SORBI_3009G171800	29	468
SORBI_3009G171900	29	469
SORBI_3009G172000	29	470
SORBI_3009G172100	29	471
SORBI_3009G172200	29	472
SORBI_3009G172300	29	473
SORBI_3009G172400	29	474
SORBI_3009G172500	29	475
SORBI_3009G172600	29	476
SORBI_3009G172700	29	477
SORBI_3009G172800	29	478
SORBI_3009G172950	29	479
SORBI_3009G173100	29	480
SORBI_3009G173200	29	481
SORBI_3009G173300	29	482
SORBI_3009G173400	29	483
SORBI_3009G173500	29	484
SORBI_3009G173600	29	485
SORBI_3009G173700	29	486
SORBI_3009G173800	29	487
SORBI_3009G173900	29	488
SORBI_3009G174000	29	489
SORBI_3009G174100	29	490
SORBI_3009G174150	29	491
SORBI_3009G174200	29	492
SORBI_3009G174300	29	493
SORBI_3009G174400	29	494
SORBI_3009G174500	29	495
SORBI_3009G174600	29	496
SORBI_3009G174700	29	497
SORBI_3009G174800	29	498
SORBI_3009G174833	29	499
SORBI_3009G174866	29	500
SORBI_3009G174900	29	501
SORBI_3009G175100	29	502
SORBI_3009G175200	29	503
SORBI_3009G175300	29	504
SORBI_3009G175400	29	505
SORBI_3009G175500	29	506
SORBI_3009G175600	29	507
SORBI_3009G175700	29	508
SORBI_3009G175800	29	509
SORBI_3009G175900	29	510
SORBI_3009G176000	29	511
SORBI_3009G176100	29	512
SORBI_3009G176200	29	513
SORBI_3009G176300	29	514
SORBI_3009G176333	29	515
SORBI_3009G176366	29	516
SORBI_3009G176400	29	517
SORBI_3009G176500	29	518
SORBI_3009G176600	29	519
SORBI_3009G176700	29	520
SORBI_3009G176800	29	521
SORBI_3009G176900	29	522
SORBI_3009G177000	29	523
SORBI_3009G177100	29	524
SORBI_3009G177200	29	525
SORBI_3009G177300	29	526
SORBI_3009G177400	29	527
SORBI_3009G177500	29	528
SORBI_3009G177600	29	529
SORBI_3009G177700	29	530
SORBI_3009G177750	29	531
SORBI_3009G177800	29	532
SORBI_3009G177901	29	533
SORBI_3009G178000	29	534
SORBI_3009G178100	29	535
SORBI_3009G178200	29	536
SORBI_3009G178300	29	537
SORBI_3009G178400	29	538
SORBI_3009G178500	29	539
SORBI_3009G178550	29	540
SORBI_3009G178600	29	541
SORBI_3009G178650	29	542
SORBI_3009G178700	29	543
SORBI_3009G178800	29	544
SORBI_3009G178850	29	545
SORBI_3009G178900	29	546
SORBI_3009G179000	29	547
SORBI_3009G179100	29	548
SORBI_3009G179200	29	549
SORBI_3009G179300	29	550
SORBI_3009G179400	29	551
SORBI_3009G179500	29	552
SORBI_3009G179600	29	553
SORBI_3009G179700	29	554
SORBI_3009G179800	29	555
SORBI_3009G179900	29	556
SORBI_3009G179950	29	557
SORBI_3009G180000	29	558
SORBI_3009G180100	29	559
SORBI_3009G180200	29	560
SORBI_3009G180300	29	561
SORBI_3009G180400	29	562
SORBI_3009G180500	29	563
SORBI_3009G180550	29	564
SORBI_3009G180600	29	565
SORBI_3009G180700	29	566
SORBI_3009G180800	29	567
SORBI_3009G180900	29	568
SORBI_3009G181000	29	569
SORBI_3009G181100	29	570
SORBI_3009G181200	29	571
SORBI_3009G181300	29	572
SORBI_3009G181400	29	573
SORBI_3009G181500	29	574
SORBI_3009G181600	29	575
SORBI_3009G181700	29	576
SORBI_3009G181800	29	577
SORBI_3009G181900	29	578
SORBI_3009G182000	29	579
SORBI_3009G182100	29	580
SORBI_3009G182200	29	581
SORBI_3009G182300	29	582
SORBI_3009G182400	29	583
SORBI_3009G182500	29	584
SORBI_3009G182600	29	585
SORBI_3009G182700	29	586
SORBI_3009G182800	29	587
SORBI_3009G182900	29	588
SORBI_3009G183000	29	589
SORBI_3009G183101	29	590
SORBI_3009G183200	29	591
SORBI_3009G183300	29	592
SORBI_3009G183400	29	593
SORBI_3009G183500	29	594
SORBI_3009G183600	29	595
SORBI_3009G183650	29	596
SORBI_3009G183700	29	597
SORBI_3009G183800	29	598
SORBI_3009G183900	29	599
SORBI_3009G184000	29	600
SORBI_3009G184100	29	601
SORBI_3009G184200	29	602
SORBI_3009G184300	29	603
SORBI_3009G184400	29	604
SORBI_3009G184450	29	605
SORBI_3009G184500	29	606
SORBI_3009G184600	29	607
SORBI_3009G184700	29	608
SORBI_3009G184800	29	609
SORBI_3009G184900	29	610
SORBI_3009G185000	29	611
SORBI_3009G185100	29	612
SORBI_3009G185201	29	613
SORBI_3009G185301	29	614
SORBI_3009G185400	29	615
SORBI_3009G185501	29	616
SORBI_3009G185601	29	617
SORBI_3009G185700	29	618
SORBI_3009G185800	29	619
SORBI_3009G185900	29	620
SORBI_3009G186001	29	621
SORBI_3009G186100	29	622
SORBI_3009G186300	29	623
SORBI_3009G186400	29	624
SORBI_3009G186500	29	625
SORBI_3009G186600	29	626
SORBI_3009G186700	29	627
SORBI_3009G186800	29	628
SORBI_3009G186900	29	629
SORBI_3009G187000	29	630
SORBI_3009G187100	29	631
SORBI_3009G187150	29	632
SORBI_3009G187200	29	633
SORBI_3009G187300	29	634
SORBI_3009G187400	29	635
SORBI_3009G187500	29	636
SORBI_3009G187600	29	637
SORBI_3009G187700	29	638
SORBI_3009G187900	29	639
SORBI_3009G188000	29	640
SORBI_3009G188100	29	641
SORBI_3009G188200	29	642
SORBI_3009G188300	29	643
SORBI_3009G188500	29	644
SORBI_3009G188600	29	645
SORBI_3009G188700	29	646
SORBI_3009G188750	29	647
SORBI_3009G188800	29	648
SORBI_3009G188900	29	649
SORBI_3009G189000	29	650
SORBI_3009G189100	29	651
SORBI_3009G189200	29	652
SORBI_3009G189300	29	653
SORBI_3009G189400	29	654
SORBI_3009G189501	29	655
SORBI_3009G189600	29	656
SORBI_3009G189700	29	657
SORBI_3009G189800	29	658
SORBI_3009G189900	29	659
SORBI_3009G190000	29	660
SORBI_3009G190100	29	661
SORBI_3009G190200	29	662
SORBI_3009G190300	29	663
SORBI_3009G190400	29	664
SORBI_3009G190500	29	665
SORBI_3009G190600	29	666
SORBI_3009G190700	29	667
SORBI_3009G190800	29	668
SORBI_3009G190900	29	669
SORBI_3009G191000	29	670
SORBI_3009G191100	29	671
SORBI_3009G191200	29	672
SORBI_3009G191300	29	673
SORBI_3009G191400	29	674
SORBI_3009G191500	29	675
SORBI_3009G191600	29	676
SORBI_3009G191700	29	677
SORBI_3009G191800	29	678
SORBI_3009G191801	29	679
SORBI_3009G191900	29	680
SORBI_3009G192000	29	681
SORBI_3009G192100	29	682
SORBI_3009G192200	29	683
SORBI_3009G192300	29	684
SORBI_3009G192400	29	685
SORBI_3009G192450	29	686
SORBI_3009G192500	29	687
SORBI_3009G192600	29	688
SORBI_3009G192700	29	689
SORBI_3009G192800	29	690
SORBI_3009G192933	29	691
SORBI_3009G193066	29	692
SORBI_3009G193200	29	693
SORBI_3009G193300	29	694
SORBI_3009G193400	29	695
SORBI_3009G193500	29	696
SORBI_3009G193600	29	697
SORBI_3009G193700	29	698
SORBI_3009G193850	29	699
SORBI_3009G194000	29	700
SORBI_3009G194100	29	701
SORBI_3009G194200	29	702
SORBI_3009G194300	29	703
SORBI_3009G194400	29	704
SORBI_3009G194500	29	705
SORBI_3009G194600	29	706
SORBI_3009G194700	29	707
SORBI_3009G194801	29	708
SORBI_3009G194900	29	709
SORBI_3009G195000	29	710
SORBI_3009G195100	29	711
SORBI_3009G195200	29	712
SORBI_3009G195300	29	713
SORBI_3009G195400	29	714
SORBI_3009G195500	29	715
SORBI_3009G195600	29	716
SORBI_3009G195700	29	717
SORBI_3009G195800	29	718
SORBI_3009G195900	29	719
SORBI_3009G196001	29	720
SORBI_3009G196100	29	721
SORBI_3009G196200	29	722
SORBI_3009G196300	29	723
SORBI_3009G196400	29	724
SORBI_3009G196500	29	725
SORBI_3009G196600	29	726
SORBI_3009G196700	29	727
SORBI_3009G196800	29	728
SORBI_3009G196900	29	729
SORBI_3009G197000	29	730
SORBI_3009G197100	29	731
SORBI_3009G197200	29	732
SORBI_3009G197300	29	733
SORBI_3009G197350	29	734
SORBI_3009G197400	29	735
SORBI_3009G197500	29	736
SORBI_3009G197600	29	737
SORBI_3009G197700	29	738
SORBI_3009G197800	29	739
SORBI_3009G197901	29	740
SORBI_3009G198000	29	741
SORBI_3009G198100	29	742
SORBI_3009G198200	29	743
SORBI_3009G198300	29	744
SORBI_3009G198350	29	745
SORBI_3009G198400	29	746
SORBI_3009G198500	29	747
SORBI_3009G198600	29	748
SORBI_3009G198700	29	749
SORBI_3009G198800	29	750
SORBI_3009G198900	29	751
SORBI_3009G199001	29	752
SORBI_3009G199100	29	753
SORBI_3009G199200	29	754
SORBI_3009G199300	29	755
SORBI_3009G199401	29	756
SORBI_3009G199500	29	757
SORBI_3009G199601	29	758
SORBI_3009G199700	29	759
SORBI_3009G199750	29	760
SORBI_3009G199800	29	761
SORBI_3009G199900	29	762
SORBI_3009G200000	29	763
SORBI_3009G200100	29	764
SORBI_3009G200200	29	765
SORBI_3009G200300	29	766
SORBI_3009G200400	29	767
SORBI_3009G200500	29	768
SORBI_3009G200566	29	769
SORBI_3009G200632	29	770
SORBI_3009G200700	29	771
SORBI_3009G200750	29	772
SORBI_3009G200800	29	773
SORBI_3009G200900	29	774
SORBI_3009G201000	29	775
SORBI_3009G201100	29	776
SORBI_3009G201200	29	777
SORBI_3009G201300	29	778
SORBI_3009G201400	29	779
SORBI_3009G201500	29	780
SORBI_3009G201600	29	781
SORBI_3009G201700	29	782
SORBI_3009G201800	29	783
SORBI_3009G201900	29	784
SORBI_3009G202000	29	785
SORBI_3009G202101	29	786
SORBI_3009G202200	29	787
SORBI_3009G202400	29	788
SORBI_3009G202501	29	789
SORBI_3009G202600	29	790
SORBI_3009G202700	29	791
SORBI_3009G202801	29	792
SORBI_3009G202900	29	793
SORBI_3009G203000	29	794
SORBI_3009G203100	29	795
SORBI_3009G203200	29	796
SORBI_3009G203400	29	797
SORBI_3009G203500	29	798
SORBI_3009G203600	29	799
SORBI_3009G203700	29	800
SORBI_3009G203733	29	801
SORBI_3009G203766	29	802
SORBI_3009G203800	29	803
SORBI_3009G203900	29	804
SORBI_3009G204000	29	805
SORBI_3009G204100	29	806
SORBI_3009G204200	29	807
SORBI_3009G204300	29	808
SORBI_3009G204400	29	809
SORBI_3009G204501	29	810
SORBI_3009G204601	29	811
SORBI_3009G204700	29	812
SORBI_3009G204800	29	813
SORBI_3009G204900	29	814
SORBI_3009G205000	29	815
SORBI_3009G205100	29	816
SORBI_3009G205200	29	817
SORBI_3009G205300	29	818
SORBI_3009G205400	29	819
SORBI_3009G205500	29	820
SORBI_3009G205600	29	821
SORBI_3009G205700	29	822
SORBI_3009G205800	29	823
SORBI_3009G205900	29	824
SORBI_3009G206000	29	825
SORBI_3009G206100	29	826
SORBI_3009G206150	29	827
SORBI_3009G206200	29	828
SORBI_3009G206250	29	829
SORBI_3009G206300	29	830
SORBI_3009G206400	29	831
SORBI_3009G206500	29	832
SORBI_3009G206600	29	833
SORBI_3009G206700	29	834
SORBI_3009G206800	29	835
SORBI_3009G206900	29	836
SORBI_3009G207000	29	837
SORBI_3009G207100	29	838
SORBI_3009G207200	29	839
SORBI_3009G207300	29	840
SORBI_3009G207400	29	841
SORBI_3009G207500	29	842
SORBI_3009G207600	29	843
SORBI_3009G207700	29	844
SORBI_3009G207800	29	845
SORBI_3009G207900	29	846
SORBI_3009G208000	29	847
SORBI_3009G208100	29	848
SORBI_3009G208200	29	849
SORBI_3009G208300	29	850
SORBI_3009G208400	29	851
SORBI_3009G208500	29	852
SORBI_3009G208600	29	853
SORBI_3009G208700	29	854
SORBI_3009G208800	29	855
SORBI_3009G208900	29	856
SORBI_3009G209001	29	857
SORBI_3009G209100	29	858
SORBI_3009G209150	29	859
SORBI_3009G209200	29	860
SORBI_3009G209300	29	861
SORBI_3009G209400	29	862
SORBI_3009G209500	29	863
SORBI_3009G209650	29	864
SORBI_3009G209800	29	865
SORBI_3009G209900	29	866
SORBI_3009G210000	29	867
SORBI_3009G210100	29	868
SORBI_3009G210200	29	869
SORBI_3009G210250	29	870
SORBI_3009G210300	29	871
SORBI_3009G210400	29	872
SORBI_3009G210500	29	873
SORBI_3009G210600	29	874
SORBI_3009G210700	29	875
SORBI_3009G210800	29	876
SORBI_3009G210900	29	877
SORBI_3009G211000	29	878
SORBI_3009G211100	29	879
SORBI_3009G211200	29	880
SORBI_3009G211300	29	881
SORBI_3009G211400	29	882
SORBI_3009G211500	29	883
SORBI_3009G211600	29	884
SORBI_3009G211700	29	885
SORBI_3009G211800	29	886
SORBI_3009G211900	29	887
SORBI_3009G212000	29	888
SORBI_3009G212100	29	889
SORBI_3009G212200	29	890
SORBI_3009G212300	29	891
SORBI_3009G212400	29	892
SORBI_3009G212500	29	893
SORBI_3009G212600	29	894
SORBI_3009G212700	29	895
SORBI_3009G212800	29	896
SORBI_3009G212900	29	897
SORBI_3009G213000	29	898
SORBI_3009G213100	29	899
SORBI_3009G213150	29	900
SORBI_3009G213200	29	901
SORBI_3009G213300	29	902
SORBI_3009G213400	29	903
SORBI_3009G213500	29	904
SORBI_3009G213600	29	905
SORBI_3009G213700	29	906
SORBI_3009G213800	29	907
SORBI_3009G213900	29	908
SORBI_3009G213950	29	909
SORBI_3009G214000	29	910
SORBI_3009G214100	29	911
SORBI_3009G214200	29	912
SORBI_3009G214300	29	913
SORBI_3009G214400	29	914
SORBI_3009G214500	29	915
SORBI_3009G214600	29	916
SORBI_3009G214700	29	917
SORBI_3009G214800	29	918
SORBI_3009G214900	29	919
SORBI_3009G215000	29	920
SORBI_3009G215100	29	921
SORBI_3009G215200	29	922
SORBI_3009G215300	29	923
SORBI_3009G215350	29	924
SORBI_3009G215400	29	925
SORBI_3009G215500	29	926
SORBI_3009G215600	29	927
SORBI_3009G215700	29	928
SORBI_3009G215800	29	929
SORBI_3009G215901	29	930
SORBI_3009G216000	29	931
SORBI_3009G216050	29	932
SORBI_3009G216100	29	933
SORBI_3009G216200	29	934
SORBI_3009G216300	29	935
SORBI_3009G216400	29	936
SORBI_3009G216500	29	937
SORBI_3009G216600	29	938
SORBI_3009G216700	29	939
SORBI_3009G216800	29	940
SORBI_3009G216900	29	941
SORBI_3009G217000	29	942
SORBI_3009G217100	29	943
SORBI_3009G217200	29	944
SORBI_3009G217300	29	945
SORBI_3009G217400	29	946
SORBI_3009G217450	29	947
SORBI_3009G217500	29	948
SORBI_3009G217600	29	949
SORBI_3009G217700	29	950
SORBI_3009G217800	29	951
SORBI_3009G217900	29	952
SORBI_3009G218000	29	953
SORBI_3009G218100	29	954
SORBI_3009G218200	29	955
SORBI_3009G218450	29	956
SORBI_3009G218700	29	957
SORBI_3009G218800	29	958
SORBI_3009G218900	29	959
SORBI_3009G219000	29	960
SORBI_3009G219100	29	961
SORBI_3009G219200	29	962
SORBI_3009G219300	29	963
SORBI_3009G219400	29	964
SORBI_3009G219500	29	965
SORBI_3009G219601	29	966
SORBI_3009G219700	29	967
SORBI_3009G219800	29	968
SORBI_3009G219900	29	969
SORBI_3009G220000	29	970
SORBI_3009G220100	29	971
SORBI_3009G220200	29	972
SORBI_3009G220250	29	973
SORBI_3009G220300	29	974
SORBI_3009G220400	29	975
SORBI_3009G220500	29	976
SORBI_3009G220600	29	977
SORBI_3009G220700	29	978
SORBI_3009G220800	29	979
SORBI_3009G220900	29	980
SORBI_3009G220933	29	981
SORBI_3009G220966	29	982
SORBI_3009G221000	29	983
SORBI_3009G221200	29	984
SORBI_3009G221400	29	985
SORBI_3009G221500	29	986
SORBI_3009G221600	29	987
SORBI_3009G221701	29	988
SORBI_3009G221800	29	989
SORBI_3009G221900	29	990
SORBI_3009G222000	29	991
SORBI_3009G222100	29	992
SORBI_3009G222200	29	993
SORBI_3009G222400	29	994
SORBI_3009G222500	29	995
SORBI_3009G222600	29	996
SORBI_3009G222700	29	997
SORBI_3009G222800	29	998
SORBI_3009G222900	29	999
SORBI_3009G223000	29	1000
SORBI_3009G223100	29	1001
SORBI_3009G223200	29	1002
SORBI_3009G223300	29	1003
SORBI_3009G223400	29	1004
SORBI_3009G223500	29	1005
SORBI_3009G223600	29	1006
SORBI_3009G223700	29	1007
SORBI_3009G223800	29	1008
SORBI_3009G223900	29	1009
SORBI_3009G224000	29	1010
SORBI_3009G224100	29	1011
SORBI_3009G224200	29	1012
SORBI_3009G224300	29	1013
SORBI_3009G224400	29	1014
SORBI_3009G224500	29	1015
SORBI_3009G224600	29	1016
SORBI_3009G224700	29	1017
SORBI_3009G224800	29	1018
SORBI_3009G224900	29	1019
SORBI_3009G225000	29	1020
SORBI_3009G225100	29	1021
SORBI_3009G225200	29	1022
SORBI_3009G225250	29	1023
SORBI_3009G225300	30	0
SORBI_3009G225500	30	1
SORBI_3009G225600	30	2
SORBI_3009G225700	30	3
SORBI_3009G225800	30	4
SORBI_3009G225900	30	5
SORBI_3009G226000	30	6
SORBI_3009G226100	30	7
SORBI_3009G226200	30	8
SORBI_3009G226250	30	9
SORBI_3009G226300	30	10
SORBI_3009G226400	30	11
SORBI_3009G226600	30	12
SORBI_3009G226700	30	13
SORBI_3009G226800	30	14
SORBI_3009G226900	30	15
SORBI_3009G227000	30	16
SORBI_3009G227100	30	17
SORBI_3009G227201	30	18
SORBI_3009G227300	30	19
SORBI_3009G227400	30	20
SORBI_3009G227500	30	21
SORBI_3009G227600	30	22
SORBI_3009G227650	30	23
SORBI_3009G227700	30	24
SORBI_3009G227800	30	25
SORBI_3009G227900	30	26
SORBI_3009G228000	30	27
SORBI_3009G228100	30	28
SORBI_3009G228201	30	29
SORBI_3009G228300	30	30
SORBI_3009G228400	30	31
SORBI_3009G228500	30	32
SORBI_3009G228600	30	33
SORBI_3009G228700	30	34
SORBI_3009G228800	30	35
SORBI_3009G228900	30	36
SORBI_3009G229000	30	37
SORBI_3009G229100	30	38
SORBI_3009G229200	30	39
SORBI_3009G229300	30	40
SORBI_3009G229400	30	41
SORBI_3009G229500	30	42
SORBI_3009G229600	30	43
SORBI_3009G229700	30	44
SORBI_3009G229800	30	45
SORBI_3009G229900	30	46
SORBI_3009G230000	30	47
SORBI_3009G230100	30	48
SORBI_3009G230200	30	49
SORBI_3009G230300	30	50
SORBI_3009G230400	30	51
SORBI_3009G230500	30	52
SORBI_3009G230600	30	53
SORBI_3009G230700	30	54
SORBI_3009G230800	30	55
SORBI_3009G230900	30	56
SORBI_3009G231000	30	57
SORBI_3009G231100	30	58
SORBI_3009G231200	30	59
SORBI_3009G231300	30	60
SORBI_3009G231400	30	61
SORBI_3009G231500	30	62
SORBI_3009G231600	30	63
SORBI_3009G231700	30	64
SORBI_3009G231800	30	65
SORBI_3009G231900	30	66
SORBI_3009G232000	30	67
SORBI_3009G232100	30	68
SORBI_3009G232200	30	69
SORBI_3009G232266	30	70
SORBI_3009G232332	30	71
SORBI_3009G232400	30	72
SORBI_3009G232500	30	73
SORBI_3009G232700	30	74
SORBI_3009G232800	30	75
SORBI_3009G232900	30	76
SORBI_3009G233000	30	77
SORBI_3009G233100	30	78
SORBI_3009G233200	30	79
SORBI_3009G233300	30	80
SORBI_3009G233400	30	81
SORBI_3009G233500	30	82
SORBI_3009G233600	30	83
SORBI_3009G233700	30	84
SORBI_3009G233800	30	85
SORBI_3009G233900	30	86
SORBI_3009G234000	30	87
SORBI_3009G234100	30	88
SORBI_3009G234200	30	89
SORBI_3009G234300	30	90
SORBI_3009G234400	30	91
SORBI_3009G234500	30	92
SORBI_3009G234600	30	93
SORBI_3009G234700	30	94
SORBI_3009G234800	30	95
SORBI_3009G234900	30	96
SORBI_3009G235000	30	97
SORBI_3009G235100	30	98
SORBI_3009G235200	30	99
SORBI_3009G235300	30	100
SORBI_3009G235400	30	101
SORBI_3009G235500	30	102
SORBI_3009G235600	30	103
SORBI_3009G235700	30	104
SORBI_3009G235801	30	105
SORBI_3009G235900	30	106
SORBI_3009G236000	30	107
SORBI_3009G236100	30	108
SORBI_3009G236150	30	109
SORBI_3009G236200	30	110
SORBI_3009G236300	30	111
SORBI_3009G236400	30	112
SORBI_3009G236500	30	113
SORBI_3009G236600	30	114
SORBI_3009G236700	30	115
SORBI_3009G236800	30	116
SORBI_3009G236900	30	117
SORBI_3009G236950	30	118
SORBI_3009G237000	30	119
SORBI_3009G237100	30	120
SORBI_3009G237200	30	121
SORBI_3009G237300	30	122
SORBI_3009G237350	30	123
SORBI_3009G237400	30	124
SORBI_3009G237500	30	125
SORBI_3009G237600	30	126
SORBI_3009G237700	30	127
SORBI_3009G237800	30	128
SORBI_3009G237900	30	129
SORBI_3009G238000	30	130
SORBI_3009G238100	30	131
SORBI_3009G238200	30	132
SORBI_3009G238300	30	133
SORBI_3009G238500	30	134
SORBI_3009G238600	30	135
SORBI_3009G238650	30	136
SORBI_3009G238700	30	137
SORBI_3009G238800	30	138
SORBI_3009G238850	30	139
SORBI_3009G238900	30	140
SORBI_3009G239000	30	141
SORBI_3009G239101	30	142
SORBI_3009G239200	30	143
SORBI_3009G239250	30	144
SORBI_3009G239301	30	145
SORBI_3009G239351	30	146
SORBI_3009G239400	30	147
SORBI_3009G239500	30	148
SORBI_3009G239600	30	149
SORBI_3009G239700	30	150
SORBI_3009G239800	30	151
SORBI_3009G239900	30	152
SORBI_3009G240000	30	153
SORBI_3009G240100	30	154
SORBI_3009G240200	30	155
SORBI_3009G240300	30	156
SORBI_3009G240400	30	157
SORBI_3009G240500	30	158
SORBI_3009G240600	30	159
SORBI_3009G240700	30	160
SORBI_3009G240900	30	161
SORBI_3009G241000	30	162
SORBI_3009G241100	30	163
SORBI_3009G241200	30	164
SORBI_3009G241300	30	165
SORBI_3009G241400	30	166
SORBI_3009G241500	30	167
SORBI_3009G241600	30	168
SORBI_3009G241700	30	169
SORBI_3009G241801	30	170
SORBI_3009G241900	30	171
SORBI_3009G241966	30	172
SORBI_3009G242032	30	173
SORBI_3009G242100	30	174
SORBI_3009G242200	30	175
SORBI_3009G242250	30	176
SORBI_3009G242300	30	177
SORBI_3009G242400	30	178
SORBI_3009G242501	30	179
SORBI_3009G242600	30	180
SORBI_3009G242700	30	181
SORBI_3009G242800	30	182
SORBI_3009G242900	30	183
SORBI_3009G243000	30	184
SORBI_3009G243100	30	185
SORBI_3009G243200	30	186
SORBI_3009G243400	30	187
SORBI_3009G243500	30	188
SORBI_3009G243600	30	189
SORBI_3009G243800	30	190
SORBI_3009G243900	30	191
SORBI_3009G244000	30	192
SORBI_3009G244100	30	193
SORBI_3009G244200	30	194
SORBI_3009G244300	30	195
SORBI_3009G244450	30	196
SORBI_3009G244600	30	197
SORBI_3009G244650	30	198
SORBI_3009G244700	30	199
SORBI_3009G244800	30	200
SORBI_3009G244900	30	201
SORBI_3009G245000	30	202
SORBI_3009G245101	30	203
SORBI_3009G245200	30	204
SORBI_3009G245300	30	205
SORBI_3009G245400	30	206
SORBI_3009G245500	30	207
SORBI_3009G245600	30	208
SORBI_3009G245650	30	209
SORBI_3009G245700	30	210
SORBI_3009G245750	30	211
SORBI_3009G245800	30	212
SORBI_3009G245900	30	213
SORBI_3009G246000	30	214
SORBI_3009G246100	30	215
SORBI_3009G246200	30	216
SORBI_3009G246250	30	217
SORBI_3009G246300	30	218
SORBI_3009G246400	30	219
SORBI_3009G246500	30	220
SORBI_3009G246600	30	221
SORBI_3009G246700	30	222
SORBI_3009G246800	30	223
SORBI_3009G246950	30	224
SORBI_3009G247100	30	225
SORBI_3009G247200	30	226
SORBI_3009G247300	30	227
SORBI_3009G247400	30	228
SORBI_3009G247500	30	229
SORBI_3009G247601	30	230
SORBI_3009G247700	30	231
SORBI_3009G247900	30	232
SORBI_3009G248000	30	233
SORBI_3009G248100	30	234
SORBI_3009G248200	30	235
SORBI_3009G248300	30	236
SORBI_3009G248500	30	237
SORBI_3009G248600	30	238
SORBI_3009G248700	30	239
SORBI_3009G248801	30	240
SORBI_3009G248900	30	241
SORBI_3009G249000	30	242
SORBI_3009G249100	30	243
SORBI_3009G249200	30	244
SORBI_3009G249301	30	245
SORBI_3009G249400	30	246
SORBI_3009G249500	30	247
SORBI_3009G249600	30	248
SORBI_3009G249700	30	249
SORBI_3009G249800	30	250
SORBI_3009G249900	30	251
SORBI_3009G250000	30	252
SORBI_3009G250100	30	253
SORBI_3009G250200	30	254
SORBI_3009G250300	30	255
SORBI_3009G250400	30	256
SORBI_3009G250500	30	257
SORBI_3009G250600	30	258
SORBI_3009G250700	30	259
SORBI_3009G250800	30	260
SORBI_3009G250900	30	261
SORBI_3009G251000	30	262
SORBI_3009G251100	30	263
SORBI_3009G251200	30	264
SORBI_3009G251300	30	265
SORBI_3009G251400	30	266
SORBI_3009G251500	30	267
SORBI_3009G251600	30	268
SORBI_3009G251700	30	269
SORBI_3009G251800	30	270
SORBI_3009G252000	30	271
SORBI_3009G252100	30	272
SORBI_3009G252200	30	273
SORBI_3009G252300	30	274
SORBI_3009G252400	30	275
SORBI_3009G252500	30	276
SORBI_3009G252600	30	277
SORBI_3009G252700	30	278
SORBI_3009G252800	30	279
SORBI_3009G253000	30	280
SORBI_3009G253101	30	281
SORBI_3009G253200	30	282
SORBI_3009G253300	30	283
SORBI_3009G253400	30	284
SORBI_3009G253450	30	285
SORBI_3009G253500	30	286
SORBI_3009G253600	30	287
SORBI_3009G253700	30	288
SORBI_3009G253800	30	289
SORBI_3009G253900	30	290
SORBI_3009G253950	30	291
SORBI_3009G254000	30	292
SORBI_3009G254100	30	293
SORBI_3009G254200	30	294
SORBI_3009G254400	30	295
SORBI_3009G254500	30	296
SORBI_3009G254600	30	297
SORBI_3009G254700	30	298
SORBI_3009G254800	30	299
SORBI_3009G254900	30	300
SORBI_3009G255000	30	301
SORBI_3009G255100	30	302
SORBI_3009G255200	30	303
SORBI_3009G255300	30	304
SORBI_3009G255400	30	305
SORBI_3009G255500	30	306
SORBI_3009G255600	30	307
SORBI_3009G255700	30	308
SORBI_3009G255800	30	309
SORBI_3009G255900	30	310
SORBI_3009G256000	30	311
SORBI_3009G256100	30	312
SORBI_3009G256200	30	313
SORBI_3009G256300	30	314
SORBI_3009G256400	30	315
SORBI_3009G256500	30	316
SORBI_3009G256601	30	317
SORBI_3009G256700	30	318
SORBI_3009G256800	30	319
SORBI_3009G256900	30	320
SORBI_3009G257000	30	321
SORBI_3009G257100	30	322
SORBI_3009G257200	30	323
SORBI_3009G257300	30	324
SORBI_3009G257400	30	325
SORBI_3009G257500	30	326
SORBI_3009G257600	30	327
SORBI_3009G257700	30	328
SORBI_3009G257800	30	329
SORBI_3009G257900	30	330
SORBI_3009G258000	30	331
SORBI_3009G258100	30	332
SORBI_3009G258150	30	333
SORBI_3009G258200	30	334
SORBI_3009G258300	30	335
SORBI_3009G258400	30	336
SORBI_3009G258500	30	337
SORBI_3009G258600	30	338
SORBI_3009G258700	30	339
SORBI_3009G258800	30	340
SORBI_3009G258900	30	341
SORBI_3009G259100	30	342
SORBI_3009G259200	30	343
SORBI_3009G259300	30	344
SORBI_3009G259400	30	345
SORBI_3009G259500	30	346
SORBI_3009G259600	30	347
SORBI_3009G259700	30	348
SORBI_3009G259800	30	349
SORBI_3009G259900	30	350
SORBI_3009G260000	30	351
SORBI_3009G260200	30	352
SORBI_3009G260350	30	353
SORBI_3009G260500	30	354
SORBI_3009G260550	30	355
SORBI_3009G260600	30	356
SORBI_3009G260650	30	357
SORBI_3009G260700	30	358
SORBI_3009G260800	30	359
SORBI_3009G260900	30	360
SORBI_3010G000100	30	361
SORBI_3010G000200	30	362
SORBI_3010G000300	30	363
SORBI_3010G000401	30	364
SORBI_3010G000500	30	365
SORBI_3010G000600	30	366
SORBI_3010G000700	30	367
SORBI_3010G000800	30	368
SORBI_3010G000900	30	369
SORBI_3010G001000	30	370
SORBI_3010G001100	30	371
SORBI_3010G001200	30	372
SORBI_3010G001300	30	373
SORBI_3010G001400	30	374
SORBI_3010G001500	30	375
SORBI_3010G001600	30	376
SORBI_3010G001700	30	377
SORBI_3010G001800	30	378
SORBI_3010G001900	30	379
SORBI_3010G002000	30	380
SORBI_3010G002100	30	381
SORBI_3010G002201	30	382
SORBI_3010G002301	30	383
SORBI_3010G002400	30	384
SORBI_3010G002500	30	385
SORBI_3010G002600	30	386
SORBI_3010G002700	30	387
SORBI_3010G002800	30	388
SORBI_3010G002850	30	389
SORBI_3010G002900	30	390
SORBI_3010G003000	30	391
SORBI_3010G003100	30	392
SORBI_3010G003200	30	393
SORBI_3010G003300	30	394
SORBI_3010G003400	30	395
SORBI_3010G003600	30	396
SORBI_3010G003700	30	397
SORBI_3010G003800	30	398
SORBI_3010G003900	30	399
SORBI_3010G004001	30	400
SORBI_3010G004100	30	401
SORBI_3010G004200	30	402
SORBI_3010G004300	30	403
SORBI_3010G004400	30	404
SORBI_3010G004500	30	405
SORBI_3010G004600	30	406
SORBI_3010G004701	30	407
SORBI_3010G004800	30	408
SORBI_3010G004900	30	409
SORBI_3010G005000	30	410
SORBI_3010G005100	30	411
SORBI_3010G005200	30	412
SORBI_3010G005300	30	413
SORBI_3010G005401	30	414
SORBI_3010G005500	30	415
SORBI_3010G005600	30	416
SORBI_3010G005700	30	417
SORBI_3010G005900	30	418
SORBI_3010G006000	30	419
SORBI_3010G006100	30	420
SORBI_3010G006200	30	421
SORBI_3010G006300	30	422
SORBI_3010G006350	30	423
SORBI_3010G006400	30	424
SORBI_3010G006700	30	425
SORBI_3010G006800	30	426
SORBI_3010G006900	30	427
SORBI_3010G007000	30	428
SORBI_3010G007100	30	429
SORBI_3010G007200	30	430
SORBI_3010G007300	30	431
SORBI_3010G007400	30	432
SORBI_3010G007500	30	433
SORBI_3010G007600	30	434
SORBI_3010G007700	30	435
SORBI_3010G007800	30	436
SORBI_3010G007900	30	437
SORBI_3010G008000	30	438
SORBI_3010G008100	30	439
SORBI_3010G008200	30	440
SORBI_3010G008300	30	441
SORBI_3010G008400	30	442
SORBI_3010G008433	30	443
SORBI_3010G008466	30	444
SORBI_3010G008500	30	445
SORBI_3010G008600	30	446
SORBI_3010G008700	30	447
SORBI_3010G008800	30	448
SORBI_3010G008900	30	449
SORBI_3010G009100	30	450
SORBI_3010G009200	30	451
SORBI_3010G009250	30	452
SORBI_3010G009300	30	453
SORBI_3010G009400	30	454
SORBI_3010G009466	30	455
SORBI_3010G009532	30	456
SORBI_3010G009600	30	457
SORBI_3010G009700	30	458
SORBI_3010G009800	30	459
SORBI_3010G009900	30	460
SORBI_3010G010000	30	461
SORBI_3010G010100	30	462
SORBI_3010G010201	30	463
SORBI_3010G010300	30	464
SORBI_3010G010400	30	465
SORBI_3010G010500	30	466
SORBI_3010G010600	30	467
SORBI_3010G010700	30	468
SORBI_3010G010900	30	469
SORBI_3010G011000	30	470
SORBI_3010G011001	30	471
SORBI_3010G011100	30	472
SORBI_3010G011200	30	473
SORBI_3010G011300	30	474
SORBI_3010G011500	30	475
SORBI_3010G011700	30	476
SORBI_3010G011800	30	477
SORBI_3010G011900	30	478
SORBI_3010G012001	30	479
SORBI_3010G012100	30	480
SORBI_3010G012200	30	481
SORBI_3010G012300	30	482
SORBI_3010G012400	30	483
SORBI_3010G012500	30	484
SORBI_3010G012600	30	485
SORBI_3010G012700	30	486
SORBI_3010G012800	30	487
SORBI_3010G012900	30	488
SORBI_3010G013000	30	489
SORBI_3010G013100	30	490
SORBI_3010G013200	30	491
SORBI_3010G013300	30	492
SORBI_3010G013400	30	493
SORBI_3010G013500	30	494
SORBI_3010G013600	30	495
SORBI_3010G013700	30	496
SORBI_3010G013800	30	497
SORBI_3010G013900	30	498
SORBI_3010G014100	30	499
SORBI_3010G014200	30	500
SORBI_3010G014300	30	501
SORBI_3010G014400	30	502
SORBI_3010G014500	30	503
SORBI_3010G014600	30	504
SORBI_3010G014700	30	505
SORBI_3010G014800	30	506
SORBI_3010G014850	30	507
SORBI_3010G014900	30	508
SORBI_3010G015000	30	509
SORBI_3010G015100	30	510
SORBI_3010G015200	30	511
SORBI_3010G015300	30	512
SORBI_3010G015400	30	513
SORBI_3010G015500	30	514
SORBI_3010G015700	30	515
SORBI_3010G015800	30	516
SORBI_3010G015900	30	517
SORBI_3010G016000	30	518
SORBI_3010G016100	30	519
SORBI_3010G016200	30	520
SORBI_3010G016250	30	521
SORBI_3010G016300	30	522
SORBI_3010G016400	30	523
SORBI_3010G016500	30	524
SORBI_3010G016600	30	525
SORBI_3010G016800	30	526
SORBI_3010G016850	30	527
SORBI_3010G016900	30	528
SORBI_3010G017000	30	529
SORBI_3010G017100	30	530
SORBI_3010G017200	30	531
SORBI_3010G017300	30	532
SORBI_3010G017400	30	533
SORBI_3010G017501	30	534
SORBI_3010G017600	30	535
SORBI_3010G017700	30	536
SORBI_3010G017800	30	537
SORBI_3010G017900	30	538
SORBI_3010G018000	30	539
SORBI_3010G018100	30	540
SORBI_3010G018200	30	541
SORBI_3010G018300	30	542
SORBI_3010G018400	30	543
SORBI_3010G018500	30	544
SORBI_3010G018600	30	545
SORBI_3010G018700	30	546
SORBI_3010G018800	30	547
SORBI_3010G018900	30	548
SORBI_3010G019000	30	549
SORBI_3010G019100	30	550
SORBI_3010G019200	30	551
SORBI_3010G019300	30	552
SORBI_3010G019400	30	553
SORBI_3010G019500	30	554
SORBI_3010G019600	30	555
SORBI_3010G019700	30	556
SORBI_3010G019800	30	557
SORBI_3010G019900	30	558
SORBI_3010G020000	30	559
SORBI_3010G020100	30	560
SORBI_3010G020200	30	561
SORBI_3010G020300	30	562
SORBI_3010G020400	30	563
SORBI_3010G020600	30	564
SORBI_3010G020700	30	565
SORBI_3010G020800	30	566
SORBI_3010G020900	30	567
SORBI_3010G021000	30	568
SORBI_3010G021100	30	569
SORBI_3010G021200	30	570
SORBI_3010G021300	30	571
SORBI_3010G021401	30	572
SORBI_3010G021500	30	573
SORBI_3010G021600	30	574
SORBI_3010G021700	30	575
SORBI_3010G021800	30	576
SORBI_3010G021900	30	577
SORBI_3010G022000	30	578
SORBI_3010G022100	30	579
SORBI_3010G022200	30	580
SORBI_3010G022300	30	581
SORBI_3010G022350	30	582
SORBI_3010G022400	30	583
SORBI_3010G022500	30	584
SORBI_3010G022600	30	585
SORBI_3010G022700	30	586
SORBI_3010G022800	30	587
SORBI_3010G022850	30	588
SORBI_3010G022900	30	589
SORBI_3010G023000	30	590
SORBI_3010G023066	30	591
SORBI_3010G023132	30	592
SORBI_3010G023200	30	593
SORBI_3010G023300	30	594
SORBI_3010G023400	30	595
SORBI_3010G023500	30	596
SORBI_3010G023600	30	597
SORBI_3010G023650	30	598
SORBI_3010G023700	30	599
SORBI_3010G023800	30	600
SORBI_3010G023900	30	601
SORBI_3010G024000	30	602
SORBI_3010G024100	30	603
SORBI_3010G024200	30	604
SORBI_3010G024300	30	605
SORBI_3010G024400	30	606
SORBI_3010G024500	30	607
SORBI_3010G024600	30	608
SORBI_3010G024700	30	609
SORBI_3010G024800	30	610
SORBI_3010G024900	30	611
SORBI_3010G025000	30	612
SORBI_3010G025100	30	613
SORBI_3010G025200	30	614
SORBI_3010G025300	30	615
SORBI_3010G025600	30	616
SORBI_3010G025850	30	617
SORBI_3010G026100	30	618
SORBI_3010G026200	30	619
SORBI_3010G026300	30	620
SORBI_3010G026400	30	621
SORBI_3010G026500	30	622
SORBI_3010G026600	30	623
SORBI_3010G026700	30	624
SORBI_3010G026775	30	625
SORBI_3010G026850	30	626
SORBI_3010G026925	30	627
SORBI_3010G027000	30	628
SORBI_3010G027100	30	629
SORBI_3010G027200	30	630
SORBI_3010G027300	30	631
SORBI_3010G027400	30	632
SORBI_3010G027500	30	633
SORBI_3010G027600	30	634
SORBI_3010G027700	30	635
SORBI_3010G027800	30	636
SORBI_3010G027900	30	637
SORBI_3010G028000	30	638
SORBI_3010G028100	30	639
SORBI_3010G028200	30	640
SORBI_3010G028300	30	641
SORBI_3010G028333	30	642
SORBI_3010G028366	30	643
SORBI_3010G028400	30	644
SORBI_3010G028501	30	645
SORBI_3010G028600	30	646
SORBI_3010G028700	30	647
SORBI_3010G028800	30	648
SORBI_3010G028900	30	649
SORBI_3010G028950	30	650
SORBI_3010G029000	30	651
SORBI_3010G029100	30	652
SORBI_3010G029200	30	653
SORBI_3010G029300	30	654
SORBI_3010G029400	30	655
SORBI_3010G029450	30	656
SORBI_3010G029500	30	657
SORBI_3010G029600	30	658
SORBI_3010G029700	30	659
SORBI_3010G029800	30	660
SORBI_3010G029900	30	661
SORBI_3010G030000	30	662
SORBI_3010G030100	30	663
SORBI_3010G030200	30	664
SORBI_3010G030300	30	665
SORBI_3010G030401	30	666
SORBI_3010G030500	30	667
SORBI_3010G030600	30	668
SORBI_3010G030700	30	669
SORBI_3010G030800	30	670
SORBI_3010G030900	30	671
SORBI_3010G031000	30	672
SORBI_3010G031100	30	673
SORBI_3010G031300	30	674
SORBI_3010G031400	30	675
SORBI_3010G031500	30	676
SORBI_3010G031600	30	677
SORBI_3010G031700	30	678
SORBI_3010G031800	30	679
SORBI_3010G031900	30	680
SORBI_3010G032000	30	681
SORBI_3010G032100	30	682
SORBI_3010G032200	30	683
SORBI_3010G032300	30	684
SORBI_3010G032400	30	685
SORBI_3010G032500	30	686
SORBI_3010G032600	30	687
SORBI_3010G032700	30	688
SORBI_3010G032800	30	689
SORBI_3010G032900	30	690
SORBI_3010G033000	30	691
SORBI_3010G033100	30	692
SORBI_3010G033300	30	693
SORBI_3010G033400	30	694
SORBI_3010G033500	30	695
SORBI_3010G033600	30	696
SORBI_3010G033700	30	697
SORBI_3010G033750	30	698
SORBI_3010G033800	30	699
SORBI_3010G033900	30	700
SORBI_3010G034000	30	701
SORBI_3010G034100	30	702
SORBI_3010G034200	30	703
SORBI_3010G034300	30	704
SORBI_3010G034400	30	705
SORBI_3010G034500	30	706
SORBI_3010G034600	30	707
SORBI_3010G034700	30	708
SORBI_3010G034800	30	709
SORBI_3010G034900	30	710
SORBI_3010G035000	30	711
SORBI_3010G035100	30	712
SORBI_3010G035200	30	713
SORBI_3010G035300	30	714
SORBI_3010G035400	30	715
SORBI_3010G035500	30	716
SORBI_3010G035600	30	717
SORBI_3010G035700	30	718
SORBI_3010G035801	30	719
SORBI_3010G035900	30	720
SORBI_3010G036000	30	721
SORBI_3010G036100	30	722
SORBI_3010G036200	30	723
SORBI_3010G036301	30	724
SORBI_3010G036400	30	725
SORBI_3010G036500	30	726
SORBI_3010G036601	30	727
SORBI_3010G036700	30	728
SORBI_3010G036750	30	729
SORBI_3010G036800	30	730
SORBI_3010G036901	30	731
SORBI_3010G037000	30	732
SORBI_3010G037101	30	733
SORBI_3010G037200	30	734
SORBI_3010G037300	30	735
SORBI_3010G037400	30	736
SORBI_3010G037500	30	737
SORBI_3010G037600	30	738
SORBI_3010G037701	30	739
SORBI_3010G037800	30	740
SORBI_3010G037901	30	741
SORBI_3010G038000	30	742
SORBI_3010G038100	30	743
SORBI_3010G038200	30	744
SORBI_3010G038300	30	745
SORBI_3010G038400	30	746
SORBI_3010G038500	30	747
SORBI_3010G038600	30	748
SORBI_3010G038700	30	749
SORBI_3010G038800	30	750
SORBI_3010G038900	30	751
SORBI_3010G039000	30	752
SORBI_3010G039100	30	753
SORBI_3010G039150	30	754
SORBI_3010G039200	30	755
SORBI_3010G039300	30	756
SORBI_3010G039401	30	757
SORBI_3010G039500	30	758
SORBI_3010G039600	30	759
SORBI_3010G039700	30	760
SORBI_3010G039800	30	761
SORBI_3010G039900	30	762
SORBI_3010G040000	30	763
SORBI_3010G040100	30	764
SORBI_3010G040200	30	765
SORBI_3010G040300	30	766
SORBI_3010G040400	30	767
SORBI_3010G040500	30	768
SORBI_3010G040600	30	769
SORBI_3010G040700	30	770
SORBI_3010G040800	30	771
SORBI_3010G040900	30	772
SORBI_3010G041000	30	773
SORBI_3010G041100	30	774
SORBI_3010G041201	30	775
SORBI_3010G041301	30	776
SORBI_3010G041400	30	777
SORBI_3010G041500	30	778
SORBI_3010G041600	30	779
SORBI_3010G041700	30	780
SORBI_3010G041800	30	781
SORBI_3010G041900	30	782
SORBI_3010G042000	30	783
SORBI_3010G042100	30	784
SORBI_3010G042200	30	785
SORBI_3010G042300	30	786
SORBI_3010G042400	30	787
SORBI_3010G042500	30	788
SORBI_3010G042600	30	789
SORBI_3010G042700	30	790
SORBI_3010G042800	30	791
SORBI_3010G042900	30	792
SORBI_3010G043000	30	793
SORBI_3010G043100	30	794
SORBI_3010G043200	30	795
SORBI_3010G043250	30	796
SORBI_3010G043300	30	797
SORBI_3010G043350	30	798
SORBI_3010G043400	30	799
SORBI_3010G043500	30	800
SORBI_3010G043600	30	801
SORBI_3010G043700	30	802
SORBI_3010G043800	30	803
SORBI_3010G043900	30	804
SORBI_3010G044001	30	805
SORBI_3010G044100	30	806
SORBI_3010G044200	30	807
SORBI_3010G044300	30	808
SORBI_3010G044400	30	809
SORBI_3010G044500	30	810
SORBI_3010G044600	30	811
SORBI_3010G044700	30	812
SORBI_3010G044800	30	813
SORBI_3010G044900	30	814
SORBI_3010G045000	30	815
SORBI_3010G045100	30	816
SORBI_3010G045200	30	817
SORBI_3010G045300	30	818
SORBI_3010G045400	30	819
SORBI_3010G045500	30	820
SORBI_3010G045600	30	821
SORBI_3010G045700	30	822
SORBI_3010G045833	30	823
SORBI_3010G045966	30	824
SORBI_3010G046100	30	825
SORBI_3010G046200	30	826
SORBI_3010G046300	30	827
SORBI_3010G046400	30	828
SORBI_3010G046500	30	829
SORBI_3010G046601	30	830
SORBI_3010G046700	30	831
SORBI_3010G046801	30	832
SORBI_3010G046900	30	833
SORBI_3010G047000	30	834
SORBI_3010G047100	30	835
SORBI_3010G047200	30	836
SORBI_3010G047300	30	837
SORBI_3010G047400	30	838
SORBI_3010G047500	30	839
SORBI_3010G047600	30	840
SORBI_3010G047700	30	841
SORBI_3010G047800	30	842
SORBI_3010G047900	30	843
SORBI_3010G048000	30	844
SORBI_3010G048200	30	845
SORBI_3010G048300	30	846
SORBI_3010G048350	30	847
SORBI_3010G048400	30	848
SORBI_3010G048500	30	849
SORBI_3010G048600	30	850
SORBI_3010G048700	30	851
SORBI_3010G048800	30	852
SORBI_3010G048900	30	853
SORBI_3010G048933	30	854
SORBI_3010G048966	30	855
SORBI_3010G049000	30	856
SORBI_3010G049100	30	857
SORBI_3010G049200	30	858
SORBI_3010G049300	30	859
SORBI_3010G049400	30	860
SORBI_3010G049500	30	861
SORBI_3010G049600	30	862
SORBI_3010G049700	30	863
SORBI_3010G049800	30	864
SORBI_3010G049900	30	865
SORBI_3010G050000	30	866
SORBI_3010G050100	30	867
SORBI_3010G050200	30	868
SORBI_3010G050300	30	869
SORBI_3010G050400	30	870
SORBI_3010G050500	30	871
SORBI_3010G050600	30	872
SORBI_3010G050700	30	873
SORBI_3010G050750	30	874
SORBI_3010G050800	30	875
SORBI_3010G050900	30	876
SORBI_3010G051000	30	877
SORBI_3010G051100	30	878
SORBI_3010G051200	30	879
SORBI_3010G051300	30	880
SORBI_3010G051400	30	881
SORBI_3010G051500	30	882
SORBI_3010G051600	30	883
SORBI_3010G051700	30	884
SORBI_3010G051800	30	885
SORBI_3010G051900	30	886
SORBI_3010G052000	30	887
SORBI_3010G052100	30	888
SORBI_3010G052200	30	889
SORBI_3010G052300	30	890
SORBI_3010G052400	30	891
SORBI_3010G052450	30	892
SORBI_3010G052500	30	893
SORBI_3010G052600	30	894
SORBI_3010G052700	30	895
SORBI_3010G052800	30	896
SORBI_3010G052833	30	897
SORBI_3010G052866	30	898
SORBI_3010G052900	30	899
SORBI_3010G053000	30	900
SORBI_3010G053100	30	901
SORBI_3010G053200	30	902
SORBI_3010G053300	30	903
SORBI_3010G053400	30	904
SORBI_3010G053500	30	905
SORBI_3010G053600	30	906
SORBI_3010G053700	30	907
SORBI_3010G053800	30	908
SORBI_3010G053900	30	909
SORBI_3010G054000	30	910
SORBI_3010G054100	30	911
SORBI_3010G054150	30	912
SORBI_3010G054200	30	913
SORBI_3010G054300	30	914
SORBI_3010G054400	30	915
SORBI_3010G054500	30	916
SORBI_3010G054600	30	917
SORBI_3010G054700	30	918
SORBI_3010G054800	30	919
SORBI_3010G054900	30	920
SORBI_3010G055000	30	921
SORBI_3010G055100	30	922
SORBI_3010G055200	30	923
SORBI_3010G055300	30	924
SORBI_3010G055400	30	925
SORBI_3010G055500	30	926
SORBI_3010G055600	30	927
SORBI_3010G055700	30	928
SORBI_3010G055800	30	929
SORBI_3010G055900	30	930
SORBI_3010G056000	30	931
SORBI_3010G056100	30	932
SORBI_3010G056200	30	933
SORBI_3010G056300	30	934
SORBI_3010G056500	30	935
SORBI_3010G056600	30	936
SORBI_3010G056700	30	937
SORBI_3010G056800	30	938
SORBI_3010G056900	30	939
SORBI_3010G057000	30	940
SORBI_3010G057100	30	941
SORBI_3010G057200	30	942
SORBI_3010G057250	30	943
SORBI_3010G057300	30	944
SORBI_3010G057400	30	945
SORBI_3010G057500	30	946
SORBI_3010G057600	30	947
SORBI_3010G057633	30	948
SORBI_3010G057666	30	949
SORBI_3010G057700	30	950
SORBI_3010G057800	30	951
SORBI_3010G057900	30	952
SORBI_3010G058000	30	953
SORBI_3010G058200	30	954
SORBI_3010G058300	30	955
SORBI_3010G058400	30	956
SORBI_3010G058500	30	957
SORBI_3010G058600	30	958
SORBI_3010G058650	30	959
SORBI_3010G058700	30	960
SORBI_3010G058800	30	961
SORBI_3010G058900	30	962
SORBI_3010G059000	30	963
SORBI_3010G059100	30	964
SORBI_3010G059200	30	965
SORBI_3010G059300	30	966
SORBI_3010G059400	30	967
SORBI_3010G059500	30	968
SORBI_3010G059600	30	969
SORBI_3010G059700	30	970
SORBI_3010G059800	30	971
SORBI_3010G059900	30	972
SORBI_3010G060000	30	973
SORBI_3010G060100	30	974
SORBI_3010G060166	30	975
SORBI_3010G060232	30	976
SORBI_3010G060300	30	977
SORBI_3010G060400	30	978
SORBI_3010G060500	30	979
SORBI_3010G060600	30	980
SORBI_3010G060701	30	981
SORBI_3010G060800	30	982
SORBI_3010G060900	30	983
SORBI_3010G061100	30	984
SORBI_3010G061300	30	985
SORBI_3010G061400	30	986
SORBI_3010G061500	30	987
SORBI_3010G061600	30	988
SORBI_3010G061700	30	989
SORBI_3010G061800	30	990
SORBI_3010G061900	30	991
SORBI_3010G062000	30	992
SORBI_3010G062100	30	993
SORBI_3010G062200	30	994
SORBI_3010G062300	30	995
SORBI_3010G062400	30	996
SORBI_3010G062500	30	997
SORBI_3010G062600	30	998
SORBI_3010G062700	30	999
SORBI_3010G062800	30	1000
SORBI_3010G062900	30	1001
SORBI_3010G062950	30	1002
SORBI_3010G063000	30	1003
SORBI_3010G063033	30	1004
SORBI_3010G063066	30	1005
SORBI_3010G063100	30	1006
SORBI_3010G063200	30	1007
SORBI_3010G063300	30	1008
SORBI_3010G063433	30	1009
SORBI_3010G063566	30	1010
SORBI_3010G063700	30	1011
SORBI_3010G063801	30	1012
SORBI_3010G063900	30	1013
SORBI_3010G064000	30	1014
SORBI_3010G064050	30	1015
SORBI_3010G064100	30	1016
SORBI_3010G064200	30	1017
SORBI_3010G064300	30	1018
SORBI_3010G064500	30	1019
SORBI_3010G064600	30	1020
SORBI_3010G064700	30	1021
SORBI_3010G064800	30	1022
SORBI_3010G065001	30	1023
SORBI_3010G065200	31	0
SORBI_3010G065300	31	1
SORBI_3010G065400	31	2
SORBI_3010G065500	31	3
SORBI_3010G065600	31	4
SORBI_3010G065700	31	5
SORBI_3010G065800	31	6
SORBI_3010G065900	31	7
SORBI_3010G066000	31	8
SORBI_3010G066100	31	9
SORBI_3010G066200	31	10
SORBI_3010G066300	31	11
SORBI_3010G066400	31	12
SORBI_3010G066500	31	13
SORBI_3010G066601	31	14
SORBI_3010G066700	31	15
SORBI_3010G066800	31	16
SORBI_3010G066900	31	17
SORBI_3010G067000	31	18
SORBI_3010G067100	31	19
SORBI_3010G067200	31	20
SORBI_3010G067300	31	21
SORBI_3010G067400	31	22
SORBI_3010G067500	31	23
SORBI_3010G067600	31	24
SORBI_3010G067700	31	25
SORBI_3010G067800	31	26
SORBI_3010G067900	31	27
SORBI_3010G067950	31	28
SORBI_3010G068001	31	29
SORBI_3010G068051	31	30
SORBI_3010G068100	31	31
SORBI_3010G068200	31	32
SORBI_3010G068300	31	33
SORBI_3010G068400	31	34
SORBI_3010G068500	31	35
SORBI_3010G068600	31	36
SORBI_3010G068700	31	37
SORBI_3010G068800	31	38
SORBI_3010G068900	31	39
SORBI_3010G068950	31	40
SORBI_3010G069000	31	41
SORBI_3010G069100	31	42
SORBI_3010G069200	31	43
SORBI_3010G069300	31	44
SORBI_3010G069400	31	45
SORBI_3010G069500	31	46
SORBI_3010G069600	31	47
SORBI_3010G069700	31	48
SORBI_3010G069800	31	49
SORBI_3010G069900	31	50
SORBI_3010G070000	31	51
SORBI_3010G070100	31	52
SORBI_3010G070200	31	53
SORBI_3010G070300	31	54
SORBI_3010G070400	31	55
SORBI_3010G070500	31	56
SORBI_3010G070600	31	57
SORBI_3010G070750	31	58
SORBI_3010G070900	31	59
SORBI_3010G071000	31	60
SORBI_3010G071100	31	61
SORBI_3010G071200	31	62
SORBI_3010G071300	31	63
SORBI_3010G071400	31	64
SORBI_3010G071500	31	65
SORBI_3010G071600	31	66
SORBI_3010G071650	31	67
SORBI_3010G071700	31	68
SORBI_3010G071800	31	69
SORBI_3010G071900	31	70
SORBI_3010G072000	31	71
SORBI_3010G072100	31	72
SORBI_3010G072200	31	73
SORBI_3010G072300	31	74
SORBI_3010G072400	31	75
SORBI_3010G072500	31	76
SORBI_3010G072600	31	77
SORBI_3010G072700	31	78
SORBI_3010G072800	31	79
SORBI_3010G072900	31	80
SORBI_3010G073000	31	81
SORBI_3010G073100	31	82
SORBI_3010G073200	31	83
SORBI_3010G073300	31	84
SORBI_3010G073366	31	85
SORBI_3010G073432	31	86
SORBI_3010G073500	31	87
SORBI_3010G073600	31	88
SORBI_3010G073700	31	89
SORBI_3010G073800	31	90
SORBI_3010G073900	31	91
SORBI_3010G074000	31	92
SORBI_3010G074100	31	93
SORBI_3010G074200	31	94
SORBI_3010G074300	31	95
SORBI_3010G074366	31	96
SORBI_3010G074432	31	97
SORBI_3010G074500	31	98
SORBI_3010G074600	31	99
SORBI_3010G074700	31	100
SORBI_3010G074800	31	101
SORBI_3010G074900	31	102
SORBI_3010G074920	31	103
SORBI_3010G074940	31	104
SORBI_3010G074960	31	105
SORBI_3010G074980	31	106
SORBI_3010G075000	31	107
SORBI_3010G075100	31	108
SORBI_3010G075200	31	109
SORBI_3010G075300	31	110
SORBI_3010G075500	31	111
SORBI_3010G075600	31	112
SORBI_3010G075700	31	113
SORBI_3010G075800	31	114
SORBI_3010G075900	31	115
SORBI_3010G076000	31	116
SORBI_3010G076100	31	117
SORBI_3010G076200	31	118
SORBI_3010G076300	31	119
SORBI_3010G076400	31	120
SORBI_3010G076500	31	121
SORBI_3010G076600	31	122
SORBI_3010G076700	31	123
SORBI_3010G076800	31	124
SORBI_3010G076900	31	125
SORBI_3010G077000	31	126
SORBI_3010G077100	31	127
SORBI_3010G077200	31	128
SORBI_3010G077225	31	129
SORBI_3010G077250	31	130
SORBI_3010G077275	31	131
SORBI_3010G077300	31	132
SORBI_3010G077400	31	133
SORBI_3010G077500	31	134
SORBI_3010G077600	31	135
SORBI_3010G077650	31	136
SORBI_3010G077700	31	137
SORBI_3010G077800	31	138
SORBI_3010G077900	31	139
SORBI_3010G078000	31	140
SORBI_3010G078100	31	141
SORBI_3010G078200	31	142
SORBI_3010G078300	31	143
SORBI_3010G078400	31	144
SORBI_3010G078500	31	145
SORBI_3010G078600	31	146
SORBI_3010G078700	31	147
SORBI_3010G078800	31	148
SORBI_3010G078900	31	149
SORBI_3010G079000	31	150
SORBI_3010G079100	31	151
SORBI_3010G079150	31	152
SORBI_3010G079200	31	153
SORBI_3010G079300	31	154
SORBI_3010G079500	31	155
SORBI_3010G079600	31	156
SORBI_3010G079650	31	157
SORBI_3010G079700	31	158
SORBI_3010G079800	31	159
SORBI_3010G079850	31	160
SORBI_3010G079900	31	161
SORBI_3010G080000	31	162
SORBI_3010G080100	31	163
SORBI_3010G080200	31	164
SORBI_3010G080300	31	165
SORBI_3010G080400	31	166
SORBI_3010G080500	31	167
SORBI_3010G080550	31	168
SORBI_3010G080600	31	169
SORBI_3010G080700	31	170
SORBI_3010G080750	31	171
SORBI_3010G080800	31	172
SORBI_3010G080900	31	173
SORBI_3010G081100	31	174
SORBI_3010G081200	31	175
SORBI_3010G081300	31	176
SORBI_3010G081500	31	177
SORBI_3010G081600	31	178
SORBI_3010G081700	31	179
SORBI_3010G081750	31	180
SORBI_3010G081800	31	181
SORBI_3010G081900	31	182
SORBI_3010G081950	31	183
SORBI_3010G082000	31	184
SORBI_3010G082100	31	185
SORBI_3010G082201	31	186
SORBI_3010G082300	31	187
SORBI_3010G082400	31	188
SORBI_3010G082500	31	189
SORBI_3010G082600	31	190
SORBI_3010G082700	31	191
SORBI_3010G082800	31	192
SORBI_3010G082850	31	193
SORBI_3010G082900	31	194
SORBI_3010G083000	31	195
SORBI_3010G083050	31	196
SORBI_3010G083100	31	197
SORBI_3010G083200	31	198
SORBI_3010G083300	31	199
SORBI_3010G083400	31	200
SORBI_3010G083500	31	201
SORBI_3010G083550	31	202
SORBI_3010G083600	31	203
SORBI_3010G083700	31	204
SORBI_3010G083900	31	205
SORBI_3010G084000	31	206
SORBI_3010G084100	31	207
SORBI_3010G084300	31	208
SORBI_3010G084400	31	209
SORBI_3010G084600	31	210
SORBI_3010G084700	31	211
SORBI_3010G084800	31	212
SORBI_3010G084900	31	213
SORBI_3010G085000	31	214
SORBI_3010G085100	31	215
SORBI_3010G085200	31	216
SORBI_3010G085400	31	217
SORBI_3010G085500	31	218
SORBI_3010G085600	31	219
SORBI_3010G085700	31	220
SORBI_3010G085800	31	221
SORBI_3010G085900	31	222
SORBI_3010G086000	31	223
SORBI_3010G086100	31	224
SORBI_3010G086200	31	225
SORBI_3010G086300	31	226
SORBI_3010G086400	31	227
SORBI_3010G086500	31	228
SORBI_3010G086600	31	229
SORBI_3010G086700	31	230
SORBI_3010G086800	31	231
SORBI_3010G086900	31	232
SORBI_3010G087000	31	233
SORBI_3010G087050	31	234
SORBI_3010G087100	31	235
SORBI_3010G087200	31	236
SORBI_3010G087300	31	237
SORBI_3010G087400	31	238
SORBI_3010G087500	31	239
SORBI_3010G087600	31	240
SORBI_3010G087700	31	241
SORBI_3010G087800	31	242
SORBI_3010G087900	31	243
SORBI_3010G088000	31	244
SORBI_3010G088100	31	245
SORBI_3010G088200	31	246
SORBI_3010G088300	31	247
SORBI_3010G088400	31	248
SORBI_3010G088500	31	249
SORBI_3010G088600	31	250
SORBI_3010G088700	31	251
SORBI_3010G088800	31	252
SORBI_3010G088950	31	253
SORBI_3010G089100	31	254
SORBI_3010G089200	31	255
SORBI_3010G089300	31	256
SORBI_3010G089350	31	257
SORBI_3010G089400	31	258
SORBI_3010G089500	31	259
SORBI_3010G089600	31	260
SORBI_3010G089700	31	261
SORBI_3010G089800	31	262
SORBI_3010G089850	31	263
SORBI_3010G089900	31	264
SORBI_3010G090000	31	265
SORBI_3010G090100	31	266
SORBI_3010G090200	31	267
SORBI_3010G090301	31	268
SORBI_3010G090401	31	269
SORBI_3010G090500	31	270
SORBI_3010G090550	31	271
SORBI_3010G090600	31	272
SORBI_3010G090700	31	273
SORBI_3010G090800	31	274
SORBI_3010G090850	31	275
SORBI_3010G090900	31	276
SORBI_3010G091000	31	277
SORBI_3010G091100	31	278
SORBI_3010G091200	31	279
SORBI_3010G091250	31	280
SORBI_3010G091300	31	281
SORBI_3010G091333	31	282
SORBI_3010G091366	31	283
SORBI_3010G091400	31	284
SORBI_3010G091500	31	285
SORBI_3010G091600	31	286
SORBI_3010G091700	31	287
SORBI_3010G091750	31	288
SORBI_3010G091800	31	289
SORBI_3010G091900	31	290
SORBI_3010G092000	31	291
SORBI_3010G092100	31	292
SORBI_3010G092200	31	293
SORBI_3010G092300	31	294
SORBI_3010G092350	31	295
SORBI_3010G092400	31	296
SORBI_3010G092500	31	297
SORBI_3010G092550	31	298
SORBI_3010G092600	31	299
SORBI_3010G092650	31	300
SORBI_3010G092700	31	301
SORBI_3010G092801	31	302
SORBI_3010G092900	31	303
SORBI_3010G093001	31	304
SORBI_3010G093100	31	305
SORBI_3010G093200	31	306
SORBI_3010G093300	31	307
SORBI_3010G093400	31	308
SORBI_3010G093500	31	309
SORBI_3010G093600	31	310
SORBI_3010G093800	31	311
SORBI_3010G094000	31	312
SORBI_3010G094100	31	313
SORBI_3010G094200	31	314
SORBI_3010G094301	31	315
SORBI_3010G094400	31	316
SORBI_3010G094500	31	317
SORBI_3010G094600	31	318
SORBI_3010G094700	31	319
SORBI_3010G094750	31	320
SORBI_3010G094800	31	321
SORBI_3010G094900	31	322
SORBI_3010G095000	31	323
SORBI_3010G095100	31	324
SORBI_3010G095200	31	325
SORBI_3010G095300	31	326
SORBI_3010G095400	31	327
SORBI_3010G095500	31	328
SORBI_3010G095550	31	329
SORBI_3010G095600	31	330
SORBI_3010G095700	31	331
SORBI_3010G095800	31	332
SORBI_3010G096000	31	333
SORBI_3010G096100	31	334
SORBI_3010G096200	31	335
SORBI_3010G096300	31	336
SORBI_3010G096400	31	337
SORBI_3010G096500	31	338
SORBI_3010G096600	31	339
SORBI_3010G096700	31	340
SORBI_3010G096801	31	341
SORBI_3010G096900	31	342
SORBI_3010G097000	31	343
SORBI_3010G097100	31	344
SORBI_3010G097200	31	345
SORBI_3010G097250	31	346
SORBI_3010G097300	31	347
SORBI_3010G097400	31	348
SORBI_3010G097500	31	349
SORBI_3010G097600	31	350
SORBI_3010G097700	31	351
SORBI_3010G097800	31	352
SORBI_3010G097900	31	353
SORBI_3010G098000	31	354
SORBI_3010G098100	31	355
SORBI_3010G098200	31	356
SORBI_3010G098350	31	357
SORBI_3010G098400	31	358
SORBI_3010G098500	31	359
SORBI_3010G098600	31	360
SORBI_3010G098700	31	361
SORBI_3010G098800	31	362
SORBI_3010G098866	31	363
SORBI_3010G098932	31	364
SORBI_3010G099000	31	365
SORBI_3010G099100	31	366
SORBI_3010G099200	31	367
SORBI_3010G099300	31	368
SORBI_3010G099400	31	369
SORBI_3010G099500	31	370
SORBI_3010G099600	31	371
SORBI_3010G099700	31	372
SORBI_3010G099800	31	373
SORBI_3010G099900	31	374
SORBI_3010G100000	31	375
SORBI_3010G100100	31	376
SORBI_3010G100150	31	377
SORBI_3010G100200	31	378
SORBI_3010G100300	31	379
SORBI_3010G100366	31	380
SORBI_3010G100432	31	381
SORBI_3010G100516	31	382
SORBI_3010G100600	31	383
SORBI_3010G100650	31	384
SORBI_3010G100700	31	385
SORBI_3010G100800	31	386
SORBI_3010G100900	31	387
SORBI_3010G101000	31	388
SORBI_3010G101100	31	389
SORBI_3010G101200	31	390
SORBI_3010G101300	31	391
SORBI_3010G101350	31	392
SORBI_3010G101400	31	393
SORBI_3010G101500	31	394
SORBI_3010G101600	31	395
SORBI_3010G101700	31	396
SORBI_3010G101800	31	397
SORBI_3010G101900	31	398
SORBI_3010G101950	31	399
SORBI_3010G102000	31	400
SORBI_3010G102050	31	401
SORBI_3010G102100	31	402
SORBI_3010G102150	31	403
SORBI_3010G102200	31	404
SORBI_3010G102300	31	405
SORBI_3010G102366	31	406
SORBI_3010G102432	31	407
SORBI_3010G102500	31	408
SORBI_3010G102600	31	409
SORBI_3010G102700	31	410
SORBI_3010G102800	31	411
SORBI_3010G102900	31	412
SORBI_3010G103000	31	413
SORBI_3010G103100	31	414
SORBI_3010G103200	31	415
SORBI_3010G103300	31	416
SORBI_3010G103400	31	417
SORBI_3010G103500	31	418
SORBI_3010G103600	31	419
SORBI_3010G103700	31	420
SORBI_3010G103800	31	421
SORBI_3010G103900	31	422
SORBI_3010G104000	31	423
SORBI_3010G104100	31	424
SORBI_3010G104200	31	425
SORBI_3010G104300	31	426
SORBI_3010G104400	31	427
SORBI_3010G104500	31	428
SORBI_3010G104600	31	429
SORBI_3010G104700	31	430
SORBI_3010G104800	31	431
SORBI_3010G104900	31	432
SORBI_3010G105000	31	433
SORBI_3010G105050	31	434
SORBI_3010G105100	31	435
SORBI_3010G105200	31	436
SORBI_3010G105250	31	437
SORBI_3010G105300	31	438
SORBI_3010G105350	31	439
SORBI_3010G105400	31	440
SORBI_3010G105500	31	441
SORBI_3010G105600	31	442
SORBI_3010G105701	31	443
SORBI_3010G105800	31	444
SORBI_3010G105900	31	445
SORBI_3010G106000	31	446
SORBI_3010G106100	31	447
SORBI_3010G106200	31	448
SORBI_3010G106300	31	449
SORBI_3010G106400	31	450
SORBI_3010G106500	31	451
SORBI_3010G106601	31	452
SORBI_3010G106700	31	453
SORBI_3010G106800	31	454
SORBI_3010G106900	31	455
SORBI_3010G107000	31	456
SORBI_3010G107050	31	457
SORBI_3010G107100	31	458
SORBI_3010G107200	31	459
SORBI_3010G107250	31	460
SORBI_3010G107300	31	461
SORBI_3010G107400	31	462
SORBI_3010G107601	31	463
SORBI_3010G107800	31	464
SORBI_3010G107901	31	465
SORBI_3010G108001	31	466
SORBI_3010G108100	31	467
SORBI_3010G108200	31	468
SORBI_3010G108301	31	469
SORBI_3010G108401	31	470
SORBI_3010G108500	31	471
SORBI_3010G108600	31	472
SORBI_3010G108800	31	473
SORBI_3010G108900	31	474
SORBI_3010G109000	31	475
SORBI_3010G109100	31	476
SORBI_3010G109200	31	477
SORBI_3010G109300	31	478
SORBI_3010G109400	31	479
SORBI_3010G109450	31	480
SORBI_3010G109500	31	481
SORBI_3010G109600	31	482
SORBI_3010G109700	31	483
SORBI_3010G109800	31	484
SORBI_3010G109901	31	485
SORBI_3010G110000	31	486
SORBI_3010G110050	31	487
SORBI_3010G110100	31	488
SORBI_3010G110200	31	489
SORBI_3010G110266	31	490
SORBI_3010G110332	31	491
SORBI_3010G110400	31	492
SORBI_3010G110500	31	493
SORBI_3010G110601	31	494
SORBI_3010G110700	31	495
SORBI_3010G110800	31	496
SORBI_3010G110901	31	497
SORBI_3010G111000	31	498
SORBI_3010G111200	31	499
SORBI_3010G111300	31	500
SORBI_3010G111400	31	501
SORBI_3010G111450	31	502
SORBI_3010G111500	31	503
SORBI_3010G111700	31	504
SORBI_3010G111750	31	505
SORBI_3010G111800	31	506
SORBI_3010G111900	31	507
SORBI_3010G112000	31	508
SORBI_3010G112100	31	509
SORBI_3010G112200	31	510
SORBI_3010G112300	31	511
SORBI_3010G112401	31	512
SORBI_3010G112500	31	513
SORBI_3010G112600	31	514
SORBI_3010G112700	31	515
SORBI_3010G112800	31	516
SORBI_3010G112900	31	517
SORBI_3010G113000	31	518
SORBI_3010G113100	31	519
SORBI_3010G113150	31	520
SORBI_3010G113200	31	521
SORBI_3010G113300	31	522
SORBI_3010G113400	31	523
SORBI_3010G113500	31	524
SORBI_3010G113600	31	525
SORBI_3010G113700	31	526
SORBI_3010G113800	31	527
SORBI_3010G113900	31	528
SORBI_3010G114000	31	529
SORBI_3010G114100	31	530
SORBI_3010G114200	31	531
SORBI_3010G114300	31	532
SORBI_3010G114400	31	533
SORBI_3010G114500	31	534
SORBI_3010G114600	31	535
SORBI_3010G114700	31	536
SORBI_3010G114800	31	537
SORBI_3010G114900	31	538
SORBI_3010G115000	31	539
SORBI_3010G115200	31	540
SORBI_3010G115300	31	541
SORBI_3010G115400	31	542
SORBI_3010G115450	31	543
SORBI_3010G115500	31	544
SORBI_3010G115600	31	545
SORBI_3010G115700	31	546
SORBI_3010G115800	31	547
SORBI_3010G115900	31	548
SORBI_3010G116000	31	549
SORBI_3010G116100	31	550
SORBI_3010G116200	31	551
SORBI_3010G116300	31	552
SORBI_3010G116400	31	553
SORBI_3010G116500	31	554
SORBI_3010G116550	31	555
SORBI_3010G116600	31	556
SORBI_3010G116650	31	557
SORBI_3010G116700	31	558
SORBI_3010G116800	31	559
SORBI_3010G116900	31	560
SORBI_3010G117000	31	561
SORBI_3010G117050	31	562
SORBI_3010G117100	31	563
SORBI_3010G117200	31	564
SORBI_3010G117300	31	565
SORBI_3010G117400	31	566
SORBI_3010G117450	31	567
SORBI_3010G117500	31	568
SORBI_3010G117600	31	569
SORBI_3010G117700	31	570
SORBI_3010G117800	31	571
SORBI_3010G117850	31	572
SORBI_3010G117900	31	573
SORBI_3010G118000	31	574
SORBI_3010G118100	31	575
SORBI_3010G118200	31	576
SORBI_3010G118300	31	577
SORBI_3010G118401	31	578
SORBI_3010G118500	31	579
SORBI_3010G118550	31	580
SORBI_3010G118600	31	581
SORBI_3010G118700	31	582
SORBI_3010G118800	31	583
SORBI_3010G118900	31	584
SORBI_3010G118950	31	585
SORBI_3010G119000	31	586
SORBI_3010G119050	31	587
SORBI_3010G119100	31	588
SORBI_3010G119200	31	589
SORBI_3010G119300	31	590
SORBI_3010G119400	31	591
SORBI_3010G119500	31	592
SORBI_3010G119600	31	593
SORBI_3010G119700	31	594
SORBI_3010G119800	31	595
SORBI_3010G119900	31	596
SORBI_3010G120000	31	597
SORBI_3010G120100	31	598
SORBI_3010G120200	31	599
SORBI_3010G120300	31	600
SORBI_3010G120350	31	601
SORBI_3010G120400	31	602
SORBI_3010G120500	31	603
SORBI_3010G120600	31	604
SORBI_3010G120700	31	605
SORBI_3010G120800	31	606
SORBI_3010G120900	31	607
SORBI_3010G121000	31	608
SORBI_3010G121100	31	609
SORBI_3010G121200	31	610
SORBI_3010G121300	31	611
SORBI_3010G121401	31	612
SORBI_3010G121500	31	613
SORBI_3010G121600	31	614
SORBI_3010G121700	31	615
SORBI_3010G121800	31	616
SORBI_3010G121900	31	617
SORBI_3010G122000	31	618
SORBI_3010G122100	31	619
SORBI_3010G122200	31	620
SORBI_3010G122300	31	621
SORBI_3010G122400	31	622
SORBI_3010G122533	31	623
SORBI_3010G122666	31	624
SORBI_3010G122800	31	625
SORBI_3010G122900	31	626
SORBI_3010G123000	31	627
SORBI_3010G123100	31	628
SORBI_3010G123300	31	629
SORBI_3010G123400	31	630
SORBI_3010G123500	31	631
SORBI_3010G123600	31	632
SORBI_3010G123650	31	633
SORBI_3010G123700	31	634
SORBI_3010G123750	31	635
SORBI_3010G123800	31	636
SORBI_3010G123901	31	637
SORBI_3010G124001	31	638
SORBI_3010G124100	31	639
SORBI_3010G124133	31	640
SORBI_3010G124166	31	641
SORBI_3010G124200	31	642
SORBI_3010G124300	31	643
SORBI_3010G124400	31	644
SORBI_3010G124500	31	645
SORBI_3010G124600	31	646
SORBI_3010G124700	31	647
SORBI_3010G124800	31	648
SORBI_3010G124850	31	649
SORBI_3010G124900	31	650
SORBI_3010G125000	31	651
SORBI_3010G125100	31	652
SORBI_3010G125200	31	653
SORBI_3010G125300	31	654
SORBI_3010G125400	31	655
SORBI_3010G125500	31	656
SORBI_3010G125700	31	657
SORBI_3010G125800	31	658
SORBI_3010G125833	31	659
SORBI_3010G125866	31	660
SORBI_3010G125900	31	661
SORBI_3010G126000	31	662
SORBI_3010G126100	31	663
SORBI_3010G126200	31	664
SORBI_3010G126300	31	665
SORBI_3010G126400	31	666
SORBI_3010G126500	31	667
SORBI_3010G126600	31	668
SORBI_3010G126700	31	669
SORBI_3010G126800	31	670
SORBI_3010G126900	31	671
SORBI_3010G127100	31	672
SORBI_3010G127200	31	673
SORBI_3010G127300	31	674
SORBI_3010G127500	31	675
SORBI_3010G127550	31	676
SORBI_3010G127600	31	677
SORBI_3010G127700	31	678
SORBI_3010G127800	31	679
SORBI_3010G127901	31	680
SORBI_3010G128000	31	681
SORBI_3010G128101	31	682
SORBI_3010G128200	31	683
SORBI_3010G128300	31	684
SORBI_3010G128350	31	685
SORBI_3010G128400	31	686
SORBI_3010G128500	31	687
SORBI_3010G128601	31	688
SORBI_3010G128700	31	689
SORBI_3010G128800	31	690
SORBI_3010G128900	31	691
SORBI_3010G129000	31	692
SORBI_3010G129050	31	693
SORBI_3010G129100	31	694
SORBI_3010G129200	31	695
SORBI_3010G129300	31	696
SORBI_3010G129450	31	697
SORBI_3010G129600	31	698
SORBI_3010G129700	31	699
SORBI_3010G129900	31	700
SORBI_3010G130000	31	701
SORBI_3010G130100	31	702
SORBI_3010G130200	31	703
SORBI_3010G130300	31	704
SORBI_3010G130400	31	705
SORBI_3010G130500	31	706
SORBI_3010G130601	31	707
SORBI_3010G130700	31	708
SORBI_3010G130800	31	709
SORBI_3010G130900	31	710
SORBI_3010G131000	31	711
SORBI_3010G131101	31	712
SORBI_3010G131200	31	713
SORBI_3010G131300	31	714
SORBI_3010G131400	31	715
SORBI_3010G131500	31	716
SORBI_3010G131600	31	717
SORBI_3010G131700	31	718
SORBI_3010G131900	31	719
SORBI_3010G131950	31	720
SORBI_3010G132000	31	721
SORBI_3010G132100	31	722
SORBI_3010G132200	31	723
SORBI_3010G132300	31	724
SORBI_3010G132400	31	725
SORBI_3010G132500	31	726
SORBI_3010G132550	31	727
SORBI_3010G132600	31	728
SORBI_3010G132700	31	729
SORBI_3010G132800	31	730
SORBI_3010G132900	31	731
SORBI_3010G133000	31	732
SORBI_3010G133100	31	733
SORBI_3010G133150	31	734
SORBI_3010G133200	31	735
SORBI_3010G133225	31	736
SORBI_3010G133250	31	737
SORBI_3010G133275	31	738
SORBI_3010G133300	31	739
SORBI_3010G133400	31	740
SORBI_3010G133450	31	741
SORBI_3010G133500	31	742
SORBI_3010G133566	31	743
SORBI_3010G133632	31	744
SORBI_3010G133700	31	745
SORBI_3010G133800	31	746
SORBI_3010G133866	31	747
SORBI_3010G133932	31	748
SORBI_3010G134000	31	749
SORBI_3010G134100	31	750
SORBI_3010G134200	31	751
SORBI_3010G134300	31	752
SORBI_3010G134400	31	753
SORBI_3010G134500	31	754
SORBI_3010G134600	31	755
SORBI_3010G134650	31	756
SORBI_3010G134700	31	757
SORBI_3010G134801	31	758
SORBI_3010G134900	31	759
SORBI_3010G135000	31	760
SORBI_3010G135100	31	761
SORBI_3010G135200	31	762
SORBI_3010G135250	31	763
SORBI_3010G135300	31	764
SORBI_3010G135450	31	765
SORBI_3010G135600	31	766
SORBI_3010G135700	31	767
SORBI_3010G135800	31	768
SORBI_3010G135900	31	769
SORBI_3010G136000	31	770
SORBI_3010G136100	31	771
SORBI_3010G136200	31	772
SORBI_3010G136250	31	773
SORBI_3010G136300	31	774
SORBI_3010G136400	31	775
SORBI_3010G136450	31	776
SORBI_3010G136500	31	777
SORBI_3010G136600	31	778
SORBI_3010G136601	31	779
SORBI_3010G136700	31	780
SORBI_3010G136900	31	781
SORBI_3010G136950	31	782
SORBI_3010G137000	31	783
SORBI_3010G137100	31	784
SORBI_3010G137200	31	785
SORBI_3010G137300	31	786
SORBI_3010G137333	31	787
SORBI_3010G137366	31	788
SORBI_3010G137400	31	789
SORBI_3010G137500	31	790
SORBI_3010G137600	31	791
SORBI_3010G137700	31	792
SORBI_3010G137800	31	793
SORBI_3010G138000	31	794
SORBI_3010G138200	31	795
SORBI_3010G138300	31	796
SORBI_3010G138350	31	797
SORBI_3010G138400	31	798
SORBI_3010G138500	31	799
SORBI_3010G138600	31	800
SORBI_3010G138700	31	801
SORBI_3010G138800	31	802
SORBI_3010G138850	31	803
SORBI_3010G138900	31	804
SORBI_3010G138950	31	805
SORBI_3010G139000	31	806
SORBI_3010G139100	31	807
SORBI_3010G139200	31	808
SORBI_3010G139301	31	809
SORBI_3010G139400	31	810
SORBI_3010G139500	31	811
SORBI_3010G139550	31	812
SORBI_3010G139600	31	813
SORBI_3010G140100	31	814
SORBI_3010G140150	31	815
SORBI_3010G140200	31	816
SORBI_3010G140300	31	817
SORBI_3010G140400	31	818
SORBI_3010G140500	31	819
SORBI_3010G140525	31	820
SORBI_3010G140550	31	821
SORBI_3010G140575	31	822
SORBI_3010G140600	31	823
SORBI_3010G140700	31	824
SORBI_3010G140750	31	825
SORBI_3010G140800	31	826
SORBI_3010G141001	31	827
SORBI_3010G141201	31	828
SORBI_3010G141400	31	829
SORBI_3010G141433	31	830
SORBI_3010G141466	31	831
SORBI_3010G141500	31	832
SORBI_3010G141600	31	833
SORBI_3010G141700	31	834
SORBI_3010G141800	31	835
SORBI_3010G141966	31	836
SORBI_3010G142132	31	837
SORBI_3010G142300	31	838
SORBI_3010G142401	31	839
SORBI_3010G142501	31	840
SORBI_3010G142600	31	841
SORBI_3010G142650	31	842
SORBI_3010G142700	31	843
SORBI_3010G142900	31	844
SORBI_3010G143000	31	845
SORBI_3010G143100	31	846
SORBI_3010G143200	31	847
SORBI_3010G143300	31	848
SORBI_3010G143400	31	849
SORBI_3010G143500	31	850
SORBI_3010G143600	31	851
SORBI_3010G143633	31	852
SORBI_3010G143666	31	853
SORBI_3010G143700	31	854
SORBI_3010G143800	31	855
SORBI_3010G143900	31	856
SORBI_3010G144000	31	857
SORBI_3010G144050	31	858
SORBI_3010G144100	31	859
SORBI_3010G144250	31	860
SORBI_3010G144400	31	861
SORBI_3010G144450	31	862
SORBI_3010G144500	31	863
SORBI_3010G144600	31	864
SORBI_3010G144700	31	865
SORBI_3010G144800	31	866
SORBI_3010G144900	31	867
SORBI_3010G145000	31	868
SORBI_3010G145100	31	869
SORBI_3010G145200	31	870
SORBI_3010G145300	31	871
SORBI_3010G145500	31	872
SORBI_3010G145650	31	873
SORBI_3010G145800	31	874
SORBI_3010G145900	31	875
SORBI_3010G146000	31	876
SORBI_3010G146100	31	877
SORBI_3010G146200	31	878
SORBI_3010G146300	31	879
SORBI_3010G146350	31	880
SORBI_3010G146400	31	881
SORBI_3010G146500	31	882
SORBI_3010G146600	31	883
SORBI_3010G146700	31	884
SORBI_3010G146800	31	885
SORBI_3010G146900	31	886
SORBI_3010G147000	31	887
SORBI_3010G147100	31	888
SORBI_3010G147200	31	889
SORBI_3010G147250	31	890
SORBI_3010G147300	31	891
SORBI_3010G147350	31	892
SORBI_3010G147400	31	893
SORBI_3010G147500	31	894
SORBI_3010G147600	31	895
SORBI_3010G147700	31	896
SORBI_3010G147833	31	897
SORBI_3010G147966	31	898
SORBI_3010G148100	31	899
SORBI_3010G148200	31	900
SORBI_3010G148400	31	901
SORBI_3010G148501	31	902
SORBI_3010G148600	31	903
SORBI_3010G148700	31	904
SORBI_3010G148750	31	905
SORBI_3010G148800	31	906
SORBI_3010G148866	31	907
SORBI_3010G148932	31	908
SORBI_3010G149000	31	909
SORBI_3010G149200	31	910
SORBI_3010G149300	31	911
SORBI_3010G149500	31	912
SORBI_3010G149600	31	913
SORBI_3010G149700	31	914
SORBI_3010G149800	31	915
SORBI_3010G149900	31	916
SORBI_3010G150000	31	917
SORBI_3010G150100	31	918
SORBI_3010G150200	31	919
SORBI_3010G150325	31	920
SORBI_3010G150450	31	921
SORBI_3010G150575	31	922
SORBI_3010G150600	31	923
SORBI_3010G150700	31	924
SORBI_3010G150701	31	925
SORBI_3010G150800	31	926
SORBI_3010G150900	31	927
SORBI_3010G151000	31	928
SORBI_3010G151050	31	929
SORBI_3010G151100	31	930
SORBI_3010G151200	31	931
SORBI_3010G151325	31	932
SORBI_3010G151450	31	933
SORBI_3010G151575	31	934
SORBI_3010G151700	31	935
SORBI_3010G151801	31	936
SORBI_3010G151900	31	937
SORBI_3010G152000	31	938
SORBI_3010G152100	31	939
SORBI_3010G152200	31	940
SORBI_3010G152250	31	941
SORBI_3010G152300	31	942
SORBI_3010G152400	31	943
SORBI_3010G152500	31	944
SORBI_3010G152600	31	945
SORBI_3010G152700	31	946
SORBI_3010G152800	31	947
SORBI_3010G152850	31	948
SORBI_3010G152900	31	949
SORBI_3010G153000	31	950
SORBI_3010G153100	31	951
SORBI_3010G153201	31	952
SORBI_3010G153300	31	953
SORBI_3010G153400	31	954
SORBI_3010G153466	31	955
SORBI_3010G153532	31	956
SORBI_3010G153600	31	957
SORBI_3010G153700	31	958
SORBI_3010G153800	31	959
SORBI_3010G153900	31	960
SORBI_3010G154000	31	961
SORBI_3010G154150	31	962
SORBI_3010G154300	31	963
SORBI_3010G154400	31	964
SORBI_3010G154500	31	965
SORBI_3010G154600	31	966
SORBI_3010G154700	31	967
SORBI_3010G154801	31	968
SORBI_3010G154900	31	969
SORBI_3010G155000	31	970
SORBI_3010G155100	31	971
SORBI_3010G155200	31	972
SORBI_3010G155300	31	973
SORBI_3010G155401	31	974
SORBI_3010G155500	31	975
SORBI_3010G155600	31	976
SORBI_3010G155701	31	977
SORBI_3010G155800	31	978
SORBI_3010G155901	31	979
SORBI_3010G156000	31	980
SORBI_3010G156100	31	981
SORBI_3010G156200	31	982
SORBI_3010G156300	31	983
SORBI_3010G156400	31	984
SORBI_3010G156500	31	985
SORBI_3010G156601	31	986
SORBI_3010G156700	31	987
SORBI_3010G156800	31	988
SORBI_3010G157000	31	989
SORBI_3010G157100	31	990
SORBI_3010G157200	31	991
SORBI_3010G157300	31	992
SORBI_3010G157400	31	993
SORBI_3010G157500	31	994
SORBI_3010G157600	31	995
SORBI_3010G157700	31	996
SORBI_3010G157800	31	997
SORBI_3010G157900	31	998
SORBI_3010G158000	31	999
SORBI_3010G158050	31	1000
SORBI_3010G158100	31	1001
SORBI_3010G158200	31	1002
SORBI_3010G158300	31	1003
SORBI_3010G158400	31	1004
SORBI_3010G158500	31	1005
SORBI_3010G158601	31	1006
SORBI_3010G158700	31	1007
SORBI_3010G158766	31	1008
SORBI_3010G158832	31	1009
SORBI_3010G158900	31	1010
SORBI_3010G159000	31	1011
SORBI_3010G159100	31	1012
SORBI_3010G159200	31	1013
SORBI_3010G159300	31	1014
SORBI_3010G159400	31	1015
SORBI_3010G159500	31	1016
SORBI_3010G159600	31	1017
SORBI_3010G159700	31	1018
SORBI_3010G159800	31	1019
SORBI_3010G159900	31	1020
SORBI_3010G160000	31	1021
SORBI_3010G160033	31	1022
SORBI_3010G160066	31	1023
SORBI_3010G160100	32	0
SORBI_3010G160200	32	1
SORBI_3010G160300	32	2
SORBI_3010G160400	32	3
SORBI_3010G160500	32	4
SORBI_3010G160600	32	5
SORBI_3010G160700	32	6
SORBI_3010G160800	32	7
SORBI_3010G160850	32	8
SORBI_3010G160900	32	9
SORBI_3010G161000	32	10
SORBI_3010G161050	32	11
SORBI_3010G161100	32	12
SORBI_3010G161201	32	13
SORBI_3010G161300	32	14
SORBI_3010G161400	32	15
SORBI_3010G161450	32	16
SORBI_3010G161525	32	17
SORBI_3010G161600	32	18
SORBI_3010G161700	32	19
SORBI_3010G161800	32	20
SORBI_3010G161900	32	21
SORBI_3010G162000	32	22
SORBI_3010G162101	32	23
SORBI_3010G162200	32	24
SORBI_3010G162300	32	25
SORBI_3010G162400	32	26
SORBI_3010G162500	32	27
SORBI_3010G162700	32	28
SORBI_3010G162800	32	29
SORBI_3010G162900	32	30
SORBI_3010G163000	32	31
SORBI_3010G163100	32	32
SORBI_3010G163150	32	33
SORBI_3010G163200	32	34
SORBI_3010G163400	32	35
SORBI_3010G163600	32	36
SORBI_3010G163666	32	37
SORBI_3010G163732	32	38
SORBI_3010G163800	32	39
SORBI_3010G163900	32	40
SORBI_3010G164000	32	41
SORBI_3010G164100	32	42
SORBI_3010G164150	32	43
SORBI_3010G164200	32	44
SORBI_3010G164300	32	45
SORBI_3010G164350	32	46
SORBI_3010G164400	32	47
SORBI_3010G164500	32	48
SORBI_3010G164600	32	49
SORBI_3010G164800	32	50
SORBI_3010G164900	32	51
SORBI_3010G165000	32	52
SORBI_3010G165100	32	53
SORBI_3010G165200	32	54
SORBI_3010G165300	32	55
SORBI_3010G165400	32	56
SORBI_3010G165500	32	57
SORBI_3010G165700	32	58
SORBI_3010G165800	32	59
SORBI_3010G165900	32	60
SORBI_3010G165925	32	61
SORBI_3010G165950	32	62
SORBI_3010G165975	32	63
SORBI_3010G166000	32	64
SORBI_3010G166100	32	65
SORBI_3010G166201	32	66
SORBI_3010G166300	32	67
SORBI_3010G166400	32	68
SORBI_3010G166500	32	69
SORBI_3010G166600	32	70
SORBI_3010G166700	32	71
SORBI_3010G166800	32	72
SORBI_3010G166850	32	73
SORBI_3010G166900	32	74
SORBI_3010G166950	32	75
SORBI_3010G167000	32	76
SORBI_3010G167100	32	77
SORBI_3010G167200	32	78
SORBI_3010G167266	32	79
SORBI_3010G167332	32	80
SORBI_3010G167400	32	81
SORBI_3010G167500	32	82
SORBI_3010G167601	32	83
SORBI_3010G167700	32	84
SORBI_3010G167800	32	85
SORBI_3010G167900	32	86
SORBI_3010G168000	32	87
SORBI_3010G168100	32	88
SORBI_3010G168200	32	89
SORBI_3010G168301	32	90
SORBI_3010G168400	32	91
SORBI_3010G168500	32	92
SORBI_3010G168600	32	93
SORBI_3010G168700	32	94
SORBI_3010G168800	32	95
SORBI_3010G168900	32	96
SORBI_3010G169000	32	97
SORBI_3010G169100	32	98
SORBI_3010G169200	32	99
SORBI_3010G169250	32	100
SORBI_3010G169300	32	101
SORBI_3010G169500	32	102
SORBI_3010G169600	32	103
SORBI_3010G169700	32	104
SORBI_3010G169900	32	105
SORBI_3010G169950	32	106
SORBI_3010G170000	32	107
SORBI_3010G170150	32	108
SORBI_3010G170300	32	109
SORBI_3010G170400	32	110
SORBI_3010G170500	32	111
SORBI_3010G170550	32	112
SORBI_3010G170600	32	113
SORBI_3010G170700	32	114
SORBI_3010G170800	32	115
SORBI_3010G170900	32	116
SORBI_3010G171000	32	117
SORBI_3010G171100	32	118
SORBI_3010G171200	32	119
SORBI_3010G171300	32	120
SORBI_3010G171400	32	121
SORBI_3010G171501	32	122
SORBI_3010G171600	32	123
SORBI_3010G171800	32	124
SORBI_3010G171900	32	125
SORBI_3010G172000	32	126
SORBI_3010G172100	32	127
SORBI_3010G172200	32	128
SORBI_3010G172300	32	129
SORBI_3010G172400	32	130
SORBI_3010G172500	32	131
SORBI_3010G172600	32	132
SORBI_3010G172633	32	133
SORBI_3010G172666	32	134
SORBI_3010G172700	32	135
SORBI_3010G172800	32	136
SORBI_3010G172900	32	137
SORBI_3010G173000	32	138
SORBI_3010G173100	32	139
SORBI_3010G173201	32	140
SORBI_3010G173300	32	141
SORBI_3010G173400	32	142
SORBI_3010G173500	32	143
SORBI_3010G173550	32	144
SORBI_3010G173600	32	145
SORBI_3010G173700	32	146
SORBI_3010G173800	32	147
SORBI_3010G173900	32	148
SORBI_3010G174000	32	149
SORBI_3010G174100	32	150
SORBI_3010G174300	32	151
SORBI_3010G174400	32	152
SORBI_3010G174500	32	153
SORBI_3010G174550	32	154
SORBI_3010G174600	32	155
SORBI_3010G174700	32	156
SORBI_3010G174800	32	157
SORBI_3010G174900	32	158
SORBI_3010G175000	32	159
SORBI_3010G175100	32	160
SORBI_3010G175200	32	161
SORBI_3010G175350	32	162
SORBI_3010G175400	32	163
SORBI_3010G175500	32	164
SORBI_3010G175550	32	165
SORBI_3010G175700	32	166
SORBI_3010G175800	32	167
SORBI_3010G175900	32	168
SORBI_3010G176000	32	169
SORBI_3010G176101	32	170
SORBI_3010G176200	32	171
SORBI_3010G176300	32	172
SORBI_3010G176400	32	173
SORBI_3010G176500	32	174
SORBI_3010G176550	32	175
SORBI_3010G176600	32	176
SORBI_3010G176700	32	177
SORBI_3010G176800	32	178
SORBI_3010G176900	32	179
SORBI_3010G177000	32	180
SORBI_3010G177100	32	181
SORBI_3010G177200	32	182
SORBI_3010G177300	32	183
SORBI_3010G177400	32	184
SORBI_3010G177500	32	185
SORBI_3010G177600	32	186
SORBI_3010G177800	32	187
SORBI_3010G177900	32	188
SORBI_3010G178000	32	189
SORBI_3010G178050	32	190
SORBI_3010G178100	32	191
SORBI_3010G178200	32	192
SORBI_3010G178300	32	193
SORBI_3010G178401	32	194
SORBI_3010G178500	32	195
SORBI_3010G178600	32	196
SORBI_3010G178700	32	197
SORBI_3010G178800	32	198
SORBI_3010G178900	32	199
SORBI_3010G179000	32	200
SORBI_3010G179150	32	201
SORBI_3010G179300	32	202
SORBI_3010G179400	32	203
SORBI_3010G179500	32	204
SORBI_3010G179600	32	205
SORBI_3010G179700	32	206
SORBI_3010G179750	32	207
SORBI_3010G179800	32	208
SORBI_3010G179850	32	209
SORBI_3010G179900	32	210
SORBI_3010G180000	32	211
SORBI_3010G180100	32	212
SORBI_3010G180200	32	213
SORBI_3010G180300	32	214
SORBI_3010G180350	32	215
SORBI_3010G180400	32	216
SORBI_3010G180500	32	217
SORBI_3010G180550	32	218
SORBI_3010G180600	32	219
SORBI_3010G180700	32	220
SORBI_3010G180750	32	221
SORBI_3010G180800	32	222
SORBI_3010G181000	32	223
SORBI_3010G181100	32	224
SORBI_3010G181150	32	225
SORBI_3010G181200	32	226
SORBI_3010G181300	32	227
SORBI_3010G181500	32	228
SORBI_3010G181600	32	229
SORBI_3010G181701	32	230
SORBI_3010G181800	32	231
SORBI_3010G181900	32	232
SORBI_3010G182000	32	233
SORBI_3010G182100	32	234
SORBI_3010G182200	32	235
SORBI_3010G182300	32	236
SORBI_3010G182500	32	237
SORBI_3010G182600	32	238
SORBI_3010G182700	32	239
SORBI_3010G182800	32	240
SORBI_3010G182900	32	241
SORBI_3010G182966	32	242
SORBI_3010G183032	32	243
SORBI_3010G183100	32	244
SORBI_3010G183201	32	245
SORBI_3010G183300	32	246
SORBI_3010G183350	32	247
SORBI_3010G183400	32	248
SORBI_3010G183500	32	249
SORBI_3010G183600	32	250
SORBI_3010G183700	32	251
SORBI_3010G183800	32	252
SORBI_3010G183900	32	253
SORBI_3010G184000	32	254
SORBI_3010G184100	32	255
SORBI_3010G184201	32	256
SORBI_3010G184300	32	257
SORBI_3010G184400	32	258
SORBI_3010G184500	32	259
SORBI_3010G184600	32	260
SORBI_3010G184800	32	261
SORBI_3010G184900	32	262
SORBI_3010G185000	32	263
SORBI_3010G185100	32	264
SORBI_3010G185200	32	265
SORBI_3010G185250	32	266
SORBI_3010G185300	32	267
SORBI_3010G185350	32	268
SORBI_3010G185400	32	269
SORBI_3010G185500	32	270
SORBI_3010G185600	32	271
SORBI_3010G185700	32	272
SORBI_3010G185800	32	273
SORBI_3010G185850	32	274
SORBI_3010G185900	32	275
SORBI_3010G186000	32	276
SORBI_3010G186100	32	277
SORBI_3010G186200	32	278
SORBI_3010G186300	32	279
SORBI_3010G186400	32	280
SORBI_3010G186500	32	281
SORBI_3010G186600	32	282
SORBI_3010G186700	32	283
SORBI_3010G186900	32	284
SORBI_3010G187000	32	285
SORBI_3010G187100	32	286
SORBI_3010G187201	32	287
SORBI_3010G187300	32	288
SORBI_3010G187350	32	289
SORBI_3010G187400	32	290
SORBI_3010G187500	32	291
SORBI_3010G187600	32	292
SORBI_3010G187700	32	293
SORBI_3010G187800	32	294
SORBI_3010G187900	32	295
SORBI_3010G187950	32	296
SORBI_3010G188000	32	297
SORBI_3010G188100	32	298
SORBI_3010G188200	32	299
SORBI_3010G188300	32	300
SORBI_3010G188400	32	301
SORBI_3010G188500	32	302
SORBI_3010G188600	32	303
SORBI_3010G188700	32	304
SORBI_3010G188800	32	305
SORBI_3010G188900	32	306
SORBI_3010G189000	32	307
SORBI_3010G189100	32	308
SORBI_3010G189200	32	309
SORBI_3010G189300	32	310
SORBI_3010G189366	32	311
SORBI_3010G189432	32	312
SORBI_3010G189500	32	313
SORBI_3010G189600	32	314
SORBI_3010G189700	32	315
SORBI_3010G189800	32	316
SORBI_3010G189900	32	317
SORBI_3010G190001	32	318
SORBI_3010G190100	32	319
SORBI_3010G190200	32	320
SORBI_3010G190300	32	321
SORBI_3010G190350	32	322
SORBI_3010G190400	32	323
SORBI_3010G190500	32	324
SORBI_3010G190600	32	325
SORBI_3010G190700	32	326
SORBI_3010G190800	32	327
SORBI_3010G190900	32	328
SORBI_3010G191000	32	329
SORBI_3010G191100	32	330
SORBI_3010G191200	32	331
SORBI_3010G191301	32	332
SORBI_3010G191400	32	333
SORBI_3010G191450	32	334
SORBI_3010G191500	32	335
SORBI_3010G191600	32	336
SORBI_3010G191700	32	337
SORBI_3010G191750	32	338
SORBI_3010G191800	32	339
SORBI_3010G191900	32	340
SORBI_3010G192200	32	341
SORBI_3010G192300	32	342
SORBI_3010G192366	32	343
SORBI_3010G192432	32	344
SORBI_3010G192500	32	345
SORBI_3010G192600	32	346
SORBI_3010G192700	32	347
SORBI_3010G192800	32	348
SORBI_3010G192900	32	349
SORBI_3010G193000	32	350
SORBI_3010G193100	32	351
SORBI_3010G193200	32	352
SORBI_3010G193300	32	353
SORBI_3010G193400	32	354
SORBI_3010G193501	32	355
SORBI_3010G193600	32	356
SORBI_3010G193700	32	357
SORBI_3010G193800	32	358
SORBI_3010G193900	32	359
SORBI_3010G194001	32	360
SORBI_3010G194100	32	361
SORBI_3010G194200	32	362
SORBI_3010G194300	32	363
SORBI_3010G194400	32	364
SORBI_3010G194500	32	365
SORBI_3010G194600	32	366
SORBI_3010G194700	32	367
SORBI_3010G194801	32	368
SORBI_3010G194900	32	369
SORBI_3010G195000	32	370
SORBI_3010G195100	32	371
SORBI_3010G195200	32	372
SORBI_3010G195301	32	373
SORBI_3010G195400	32	374
SORBI_3010G195450	32	375
SORBI_3010G195500	32	376
SORBI_3010G195600	32	377
SORBI_3010G195701	32	378
SORBI_3010G195800	32	379
SORBI_3010G195901	32	380
SORBI_3010G196000	32	381
SORBI_3010G196100	32	382
SORBI_3010G196200	32	383
SORBI_3010G196300	32	384
SORBI_3010G196400	32	385
SORBI_3010G196433	32	386
SORBI_3010G196466	32	387
SORBI_3010G196500	32	388
SORBI_3010G196600	32	389
SORBI_3010G196700	32	390
SORBI_3010G196800	32	391
SORBI_3010G196900	32	392
SORBI_3010G197000	32	393
SORBI_3010G197200	32	394
SORBI_3010G197300	32	395
SORBI_3010G197400	32	396
SORBI_3010G197500	32	397
SORBI_3010G197566	32	398
SORBI_3010G197632	32	399
SORBI_3010G197700	32	400
SORBI_3010G197800	32	401
SORBI_3010G197900	32	402
SORBI_3010G198000	32	403
SORBI_3010G198100	32	404
SORBI_3010G198200	32	405
SORBI_3010G198400	32	406
SORBI_3010G198500	32	407
SORBI_3010G198600	32	408
SORBI_3010G198700	32	409
SORBI_3010G198800	32	410
SORBI_3010G198900	32	411
SORBI_3010G199000	32	412
SORBI_3010G199100	32	413
SORBI_3010G199200	32	414
SORBI_3010G199300	32	415
SORBI_3010G199500	32	416
SORBI_3010G199600	32	417
SORBI_3010G199700	32	418
SORBI_3010G199800	32	419
SORBI_3010G199900	32	420
SORBI_3010G200000	32	421
SORBI_3010G200100	32	422
SORBI_3010G200200	32	423
SORBI_3010G200300	32	424
SORBI_3010G200400	32	425
SORBI_3010G200600	32	426
SORBI_3010G200700	32	427
SORBI_3010G200800	32	428
SORBI_3010G200900	32	429
SORBI_3010G201000	32	430
SORBI_3010G201100	32	431
SORBI_3010G201200	32	432
SORBI_3010G201266	32	433
SORBI_3010G201332	32	434
SORBI_3010G201388	32	435
SORBI_3010G201444	32	436
SORBI_3010G201500	32	437
SORBI_3010G201600	32	438
SORBI_3010G201700	32	439
SORBI_3010G201900	32	440
SORBI_3010G202000	32	441
SORBI_3010G202100	32	442
SORBI_3010G202200	32	443
SORBI_3010G202300	32	444
SORBI_3010G202400	32	445
SORBI_3010G202450	32	446
SORBI_3010G202500	32	447
SORBI_3010G202600	32	448
SORBI_3010G202700	32	449
SORBI_3010G202800	32	450
SORBI_3010G202900	32	451
SORBI_3010G203000	32	452
SORBI_3010G203100	32	453
SORBI_3010G203150	32	454
SORBI_3010G203200	32	455
SORBI_3010G203300	32	456
SORBI_3010G203400	32	457
SORBI_3010G203500	32	458
SORBI_3010G203600	32	459
SORBI_3010G203700	32	460
SORBI_3010G203800	32	461
SORBI_3010G204000	32	462
SORBI_3010G204100	32	463
SORBI_3010G204200	32	464
SORBI_3010G204300	32	465
SORBI_3010G204400	32	466
SORBI_3010G204500	32	467
SORBI_3010G204600	32	468
SORBI_3010G204700	32	469
SORBI_3010G204900	32	470
SORBI_3010G205000	32	471
SORBI_3010G205100	32	472
SORBI_3010G205200	32	473
SORBI_3010G205300	32	474
SORBI_3010G205400	32	475
SORBI_3010G205500	32	476
SORBI_3010G205600	32	477
SORBI_3010G205700	32	478
SORBI_3010G205800	32	479
SORBI_3010G205900	32	480
SORBI_3010G206000	32	481
SORBI_3010G206100	32	482
SORBI_3010G206200	32	483
SORBI_3010G206300	32	484
SORBI_3010G206400	32	485
SORBI_3010G206501	32	486
SORBI_3010G206600	32	487
SORBI_3010G206700	32	488
SORBI_3010G206800	32	489
SORBI_3010G206900	32	490
SORBI_3010G207100	32	491
SORBI_3010G207175	32	492
SORBI_3010G207250	32	493
SORBI_3010G207325	32	494
SORBI_3010G207400	32	495
SORBI_3010G207450	32	496
SORBI_3010G207500	32	497
SORBI_3010G207600	32	498
SORBI_3010G207700	32	499
SORBI_3010G207800	32	500
SORBI_3010G207900	32	501
SORBI_3010G208000	32	502
SORBI_3010G208100	32	503
SORBI_3010G208200	32	504
SORBI_3010G208300	32	505
SORBI_3010G208400	32	506
SORBI_3010G208500	32	507
SORBI_3010G208600	32	508
SORBI_3010G208700	32	509
SORBI_3010G208750	32	510
SORBI_3010G208800	32	511
SORBI_3010G208900	32	512
SORBI_3010G209000	32	513
SORBI_3010G209100	32	514
SORBI_3010G209200	32	515
SORBI_3010G209300	32	516
SORBI_3010G209400	32	517
SORBI_3010G209501	32	518
SORBI_3010G209600	32	519
SORBI_3010G209700	32	520
SORBI_3010G209800	32	521
SORBI_3010G209900	32	522
SORBI_3010G210000	32	523
SORBI_3010G210050	32	524
SORBI_3010G210100	32	525
SORBI_3010G210200	32	526
SORBI_3010G210300	32	527
SORBI_3010G210400	32	528
SORBI_3010G210500	32	529
SORBI_3010G210600	32	530
SORBI_3010G210700	32	531
SORBI_3010G210800	32	532
SORBI_3010G210900	32	533
SORBI_3010G211000	32	534
SORBI_3010G211100	32	535
SORBI_3010G211200	32	536
SORBI_3010G211300	32	537
SORBI_3010G211400	32	538
SORBI_3010G211500	32	539
SORBI_3010G211600	32	540
SORBI_3010G211700	32	541
SORBI_3010G211800	32	542
SORBI_3010G211900	32	543
SORBI_3010G212000	32	544
SORBI_3010G212100	32	545
SORBI_3010G212200	32	546
SORBI_3010G212350	32	547
SORBI_3010G212500	32	548
SORBI_3010G212600	32	549
SORBI_3010G212700	32	550
SORBI_3010G212800	32	551
SORBI_3010G212900	32	552
SORBI_3010G213000	32	553
SORBI_3010G213100	32	554
SORBI_3010G213200	32	555
SORBI_3010G213301	32	556
SORBI_3010G213400	32	557
SORBI_3010G213500	32	558
SORBI_3010G213600	32	559
SORBI_3010G213700	32	560
SORBI_3010G213800	32	561
SORBI_3010G213900	32	562
SORBI_3010G214000	32	563
SORBI_3010G214100	32	564
SORBI_3010G214150	32	565
SORBI_3010G214200	32	566
SORBI_3010G214300	32	567
SORBI_3010G214400	32	568
SORBI_3010G214500	32	569
SORBI_3010G214600	32	570
SORBI_3010G214700	32	571
SORBI_3010G214800	32	572
SORBI_3010G214900	32	573
SORBI_3010G214950	32	574
SORBI_3010G215000	32	575
SORBI_3010G215100	32	576
SORBI_3010G215201	32	577
SORBI_3010G215300	32	578
SORBI_3010G215400	32	579
SORBI_3010G215500	32	580
SORBI_3010G215600	32	581
SORBI_3010G215700	32	582
SORBI_3010G215800	32	583
SORBI_3010G215900	32	584
SORBI_3010G216000	32	585
SORBI_3010G216100	32	586
SORBI_3010G216200	32	587
SORBI_3010G216300	32	588
SORBI_3010G216400	32	589
SORBI_3010G216500	32	590
SORBI_3010G216600	32	591
SORBI_3010G216700	32	592
SORBI_3010G216800	32	593
SORBI_3010G216901	32	594
SORBI_3010G217001	32	595
SORBI_3010G217100	32	596
SORBI_3010G217200	32	597
SORBI_3010G217400	32	598
SORBI_3010G217466	32	599
SORBI_3010G217532	32	600
SORBI_3010G217600	32	601
SORBI_3010G217700	32	602
SORBI_3010G217800	32	603
SORBI_3010G217900	32	604
SORBI_3010G218000	32	605
SORBI_3010G218100	32	606
SORBI_3010G218200	32	607
SORBI_3010G218300	32	608
SORBI_3010G218400	32	609
SORBI_3010G218500	32	610
SORBI_3010G218600	32	611
SORBI_3010G218700	32	612
SORBI_3010G218800	32	613
SORBI_3010G218900	32	614
SORBI_3010G219000	32	615
SORBI_3010G219100	32	616
SORBI_3010G219200	32	617
SORBI_3010G219300	32	618
SORBI_3010G219400	32	619
SORBI_3010G219500	32	620
SORBI_3010G219600	32	621
SORBI_3010G219700	32	622
SORBI_3010G219800	32	623
SORBI_3010G219900	32	624
SORBI_3010G220000	32	625
SORBI_3010G220100	32	626
SORBI_3010G220200	32	627
SORBI_3010G220300	32	628
SORBI_3010G220400	32	629
SORBI_3010G220500	32	630
SORBI_3010G220600	32	631
SORBI_3010G220700	32	632
SORBI_3010G220800	32	633
SORBI_3010G220900	32	634
SORBI_3010G220966	32	635
SORBI_3010G221032	32	636
SORBI_3010G221100	32	637
SORBI_3010G221200	32	638
SORBI_3010G221300	32	639
SORBI_3010G221400	32	640
SORBI_3010G221500	32	641
SORBI_3010G221600	32	642
SORBI_3010G221700	32	643
SORBI_3010G221800	32	644
SORBI_3010G221900	32	645
SORBI_3010G222000	32	646
SORBI_3010G222050	32	647
SORBI_3010G222100	32	648
SORBI_3010G222200	32	649
SORBI_3010G222300	32	650
SORBI_3010G222400	32	651
SORBI_3010G222501	32	652
SORBI_3010G222600	32	653
SORBI_3010G222666	32	654
SORBI_3010G222732	32	655
SORBI_3010G222800	32	656
SORBI_3010G222900	32	657
SORBI_3010G223100	32	658
SORBI_3010G223200	32	659
SORBI_3010G223300	32	660
SORBI_3010G223400	32	661
SORBI_3010G223500	32	662
SORBI_3010G223600	32	663
SORBI_3010G223700	32	664
SORBI_3010G223800	32	665
SORBI_3010G223900	32	666
SORBI_3010G224000	32	667
SORBI_3010G224100	32	668
SORBI_3010G224200	32	669
SORBI_3010G224300	32	670
SORBI_3010G224400	32	671
SORBI_3010G224501	32	672
SORBI_3010G224600	32	673
SORBI_3010G224700	32	674
SORBI_3010G224800	32	675
SORBI_3010G224900	32	676
SORBI_3010G225001	32	677
SORBI_3010G225100	32	678
SORBI_3010G225125	32	679
SORBI_3010G225150	32	680
SORBI_3010G225175	32	681
SORBI_3010G225201	32	682
SORBI_3010G225226	32	683
SORBI_3010G225251	32	684
SORBI_3010G225276	32	685
SORBI_3010G225300	32	686
SORBI_3010G225400	32	687
SORBI_3010G225500	32	688
SORBI_3010G225600	32	689
SORBI_3010G225701	32	690
SORBI_3010G225801	32	691
SORBI_3010G225900	32	692
SORBI_3010G225950	32	693
SORBI_3010G226000	32	694
SORBI_3010G226100	32	695
SORBI_3010G226201	32	696
SORBI_3010G226300	32	697
SORBI_3010G226400	32	698
SORBI_3010G226500	32	699
SORBI_3010G226600	32	700
SORBI_3010G226700	32	701
SORBI_3010G226800	32	702
SORBI_3010G226901	32	703
SORBI_3010G227000	32	704
SORBI_3010G227100	32	705
SORBI_3010G227150	32	706
SORBI_3010G227200	32	707
SORBI_3010G227300	32	708
SORBI_3010G227400	32	709
SORBI_3010G227600	32	710
SORBI_3010G227800	32	711
SORBI_3010G227900	32	712
SORBI_3010G227950	32	713
SORBI_3010G228000	32	714
SORBI_3010G228100	32	715
SORBI_3010G228200	32	716
SORBI_3010G228300	32	717
SORBI_3010G228400	32	718
SORBI_3010G228500	32	719
SORBI_3010G228600	32	720
SORBI_3010G228700	32	721
SORBI_3010G228800	32	722
SORBI_3010G229000	32	723
SORBI_3010G229025	32	724
SORBI_3010G229050	32	725
SORBI_3010G229075	32	726
SORBI_3010G229100	32	727
SORBI_3010G229200	32	728
SORBI_3010G229300	32	729
SORBI_3010G229400	32	730
SORBI_3010G229450	32	731
SORBI_3010G229500	32	732
SORBI_3010G229600	32	733
SORBI_3010G229801	32	734
SORBI_3010G230000	32	735
SORBI_3010G230100	32	736
SORBI_3010G230200	32	737
SORBI_3010G230300	32	738
SORBI_3010G230400	32	739
SORBI_3010G230500	32	740
SORBI_3010G230600	32	741
SORBI_3010G230700	32	742
SORBI_3010G230800	32	743
SORBI_3010G230900	32	744
SORBI_3010G231000	32	745
SORBI_3010G231050	32	746
SORBI_3010G231100	32	747
SORBI_3010G231200	32	748
SORBI_3010G231300	32	749
SORBI_3010G231350	32	750
SORBI_3010G231400	32	751
SORBI_3010G231500	32	752
SORBI_3010G231600	32	753
SORBI_3010G231700	32	754
SORBI_3010G231800	32	755
SORBI_3010G231900	32	756
SORBI_3010G232000	32	757
SORBI_3010G232100	32	758
SORBI_3010G232200	32	759
SORBI_3010G232300	32	760
SORBI_3010G232400	32	761
SORBI_3010G232500	32	762
SORBI_3010G232600	32	763
SORBI_3010G232700	32	764
SORBI_3010G232750	32	765
SORBI_3010G232800	32	766
SORBI_3010G232900	32	767
SORBI_3010G233000	32	768
SORBI_3010G233100	32	769
SORBI_3010G233200	32	770
SORBI_3010G233300	32	771
SORBI_3010G233400	32	772
SORBI_3010G233450	32	773
SORBI_3010G233500	32	774
SORBI_3010G233600	32	775
SORBI_3010G233700	32	776
SORBI_3010G233800	32	777
SORBI_3010G233900	32	778
SORBI_3010G234000	32	779
SORBI_3010G234100	32	780
SORBI_3010G234200	32	781
SORBI_3010G234300	32	782
SORBI_3010G234400	32	783
SORBI_3010G234500	32	784
SORBI_3010G234600	32	785
SORBI_3010G234700	32	786
SORBI_3010G234800	32	787
SORBI_3010G234900	32	788
SORBI_3010G235000	32	789
SORBI_3010G235100	32	790
SORBI_3010G235200	32	791
SORBI_3010G235300	32	792
SORBI_3010G235400	32	793
SORBI_3010G235500	32	794
SORBI_3010G235550	32	795
SORBI_3010G235600	32	796
SORBI_3010G235700	32	797
SORBI_3010G235800	32	798
SORBI_3010G235900	32	799
SORBI_3010G236000	32	800
SORBI_3010G236100	32	801
SORBI_3010G236200	32	802
SORBI_3010G236300	32	803
SORBI_3010G236400	32	804
SORBI_3010G236500	32	805
SORBI_3010G236600	32	806
SORBI_3010G236700	32	807
SORBI_3010G236800	32	808
SORBI_3010G236900	32	809
SORBI_3010G236950	32	810
SORBI_3010G237000	32	811
SORBI_3010G237100	32	812
SORBI_3010G237200	32	813
SORBI_3010G237300	32	814
SORBI_3010G237400	32	815
SORBI_3010G237500	32	816
SORBI_3010G237650	32	817
SORBI_3010G237800	32	818
SORBI_3010G237900	32	819
SORBI_3010G238000	32	820
SORBI_3010G238100	32	821
SORBI_3010G238300	32	822
SORBI_3010G238400	32	823
SORBI_3010G238500	32	824
SORBI_3010G238600	32	825
SORBI_3010G238700	32	826
SORBI_3010G238800	32	827
SORBI_3010G238900	32	828
SORBI_3010G239033	32	829
SORBI_3010G239166	32	830
SORBI_3010G239300	32	831
SORBI_3010G239400	32	832
SORBI_3010G239500	32	833
SORBI_3010G239600	32	834
SORBI_3010G239700	32	835
SORBI_3010G239800	32	836
SORBI_3010G239900	32	837
SORBI_3010G240001	32	838
SORBI_3010G240100	32	839
SORBI_3010G240200	32	840
SORBI_3010G240300	32	841
SORBI_3010G240400	32	842
SORBI_3010G240500	32	843
SORBI_3010G240600	32	844
SORBI_3010G240700	32	845
SORBI_3010G240800	32	846
SORBI_3010G240900	32	847
SORBI_3010G241000	32	848
SORBI_3010G241100	32	849
SORBI_3010G241200	32	850
SORBI_3010G241300	32	851
SORBI_3010G241400	32	852
SORBI_3010G241450	32	853
SORBI_3010G241500	32	854
SORBI_3010G241600	32	855
SORBI_3010G241700	32	856
SORBI_3010G241800	32	857
SORBI_3010G241900	32	858
SORBI_3010G242000	32	859
SORBI_3010G242100	32	860
SORBI_3010G242200	32	861
SORBI_3010G242300	32	862
SORBI_3010G242400	32	863
SORBI_3010G242500	32	864
SORBI_3010G242600	32	865
SORBI_3010G242700	32	866
SORBI_3010G242800	32	867
SORBI_3010G242900	32	868
SORBI_3010G243000	32	869
SORBI_3010G243100	32	870
SORBI_3010G243200	32	871
SORBI_3010G243300	32	872
SORBI_3010G243400	32	873
SORBI_3010G243600	32	874
SORBI_3010G243700	32	875
SORBI_3010G243800	32	876
SORBI_3010G243900	32	877
SORBI_3010G244000	32	878
SORBI_3010G244100	32	879
SORBI_3010G244150	32	880
SORBI_3010G244200	32	881
SORBI_3010G244300	32	882
SORBI_3010G244400	32	883
SORBI_3010G244500	32	884
SORBI_3010G244600	32	885
SORBI_3010G244701	32	886
SORBI_3010G244800	32	887
SORBI_3010G244900	32	888
SORBI_3010G245000	32	889
SORBI_3010G245100	32	890
SORBI_3010G245200	32	891
SORBI_3010G245300	32	892
SORBI_3010G245400	32	893
SORBI_3010G245500	32	894
SORBI_3010G245601	32	895
SORBI_3010G245701	32	896
SORBI_3010G245800	32	897
SORBI_3010G245900	32	898
SORBI_3010G246000	32	899
SORBI_3010G246066	32	900
SORBI_3010G246132	32	901
SORBI_3010G246200	32	902
SORBI_3010G246300	32	903
SORBI_3010G246400	32	904
SORBI_3010G246500	32	905
SORBI_3010G246600	32	906
SORBI_3010G246650	32	907
SORBI_3010G246700	32	908
SORBI_3010G246800	32	909
SORBI_3010G246900	32	910
SORBI_3010G247000	32	911
SORBI_3010G247100	32	912
SORBI_3010G247200	32	913
SORBI_3010G247300	32	914
SORBI_3010G247400	32	915
SORBI_3010G247500	32	916
SORBI_3010G247600	32	917
SORBI_3010G247700	32	918
SORBI_3010G247750	32	919
SORBI_3010G247800	32	920
SORBI_3010G247900	32	921
SORBI_3010G248000	32	922
SORBI_3010G248100	32	923
SORBI_3010G248150	32	924
SORBI_3010G248200	32	925
SORBI_3010G248301	32	926
SORBI_3010G248400	32	927
SORBI_3010G248500	32	928
SORBI_3010G248600	32	929
SORBI_3010G248700	32	930
SORBI_3010G248800	32	931
SORBI_3010G248900	32	932
SORBI_3010G249000	32	933
SORBI_3010G249100	32	934
SORBI_3010G249200	32	935
SORBI_3010G249300	32	936
SORBI_3010G249400	32	937
SORBI_3010G249500	32	938
SORBI_3010G249600	32	939
SORBI_3010G249700	32	940
SORBI_3010G249800	32	941
SORBI_3010G249900	32	942
SORBI_3010G250000	32	943
SORBI_3010G250100	32	944
SORBI_3010G250200	32	945
SORBI_3010G250300	32	946
SORBI_3010G250400	32	947
SORBI_3010G250500	32	948
SORBI_3010G250600	32	949
SORBI_3010G250700	32	950
SORBI_3010G250800	32	951
SORBI_3010G250900	32	952
SORBI_3010G251000	32	953
SORBI_3010G251100	32	954
SORBI_3010G251200	32	955
SORBI_3010G251300	32	956
SORBI_3010G251400	32	957
SORBI_3010G251501	32	958
SORBI_3010G251600	32	959
SORBI_3010G251700	32	960
SORBI_3010G251800	32	961
SORBI_3010G251900	32	962
SORBI_3010G252000	32	963
SORBI_3010G252100	32	964
SORBI_3010G252200	32	965
SORBI_3010G252301	32	966
SORBI_3010G252401	32	967
SORBI_3010G252500	32	968
SORBI_3010G252550	32	969
SORBI_3010G252600	32	970
SORBI_3010G252700	32	971
SORBI_3010G252800	32	972
SORBI_3010G252900	32	973
SORBI_3010G253000	32	974
SORBI_3010G253100	32	975
SORBI_3010G253200	32	976
SORBI_3010G253250	32	977
SORBI_3010G253300	32	978
SORBI_3010G253400	32	979
SORBI_3010G253500	32	980
SORBI_3010G253600	32	981
SORBI_3010G253700	32	982
SORBI_3010G253800	32	983
SORBI_3010G253901	32	984
SORBI_3010G254000	32	985
SORBI_3010G254100	32	986
SORBI_3010G254200	32	987
SORBI_3010G254300	32	988
SORBI_3010G254401	32	989
SORBI_3010G254500	32	990
SORBI_3010G254700	32	991
SORBI_3010G254801	32	992
SORBI_3010G254900	32	993
SORBI_3010G255000	32	994
SORBI_3010G255100	32	995
SORBI_3010G255200	32	996
SORBI_3010G255300	32	997
SORBI_3010G255400	32	998
SORBI_3010G255500	32	999
SORBI_3010G255600	32	1000
SORBI_3010G255700	32	1001
SORBI_3010G255800	32	1002
SORBI_3010G255900	32	1003
SORBI_3010G256000	32	1004
SORBI_3010G256100	32	1005
SORBI_3010G256200	32	1006
SORBI_3010G256300	32	1007
SORBI_3010G256400	32	1008
SORBI_3010G256433	32	1009
SORBI_3010G256466	32	1010
SORBI_3010G256500	32	1011
SORBI_3010G256600	32	1012
SORBI_3010G256700	32	1013
SORBI_3010G256800	32	1014
SORBI_3010G256866	32	1015
SORBI_3010G256932	32	1016
SORBI_3010G257000	32	1017
SORBI_3010G257100	32	1018
SORBI_3010G257200	32	1019
SORBI_3010G257300	32	1020
SORBI_3010G257400	32	1021
SORBI_3010G257500	32	1022
SORBI_3010G257600	32	1023
SORBI_3010G257700	33	0
SORBI_3010G257800	33	1
SORBI_3010G257900	33	2
SORBI_3010G258000	33	3
SORBI_3010G258100	33	4
SORBI_3010G258200	33	5
SORBI_3010G258300	33	6
SORBI_3010G258400	33	7
SORBI_3010G258500	33	8
SORBI_3010G258600	33	9
SORBI_3010G258700	33	10
SORBI_3010G258800	33	11
SORBI_3010G258900	33	12
SORBI_3010G259001	33	13
SORBI_3010G259100	33	14
SORBI_3010G259200	33	15
SORBI_3010G259233	33	16
SORBI_3010G259266	33	17
SORBI_3010G259300	33	18
SORBI_3010G259400	33	19
SORBI_3010G259500	33	20
SORBI_3010G259600	33	21
SORBI_3010G259700	33	22
SORBI_3010G259800	33	23
SORBI_3010G259900	33	24
SORBI_3010G260000	33	25
SORBI_3010G260100	33	26
SORBI_3010G260200	33	27
SORBI_3010G260300	33	28
SORBI_3010G260400	33	29
SORBI_3010G260500	33	30
SORBI_3010G260600	33	31
SORBI_3010G260700	33	32
SORBI_3010G260800	33	33
SORBI_3010G260900	33	34
SORBI_3010G261000	33	35
SORBI_3010G261100	33	36
SORBI_3010G261200	33	37
SORBI_3010G261300	33	38
SORBI_3010G261400	33	39
SORBI_3010G261500	33	40
SORBI_3010G261600	33	41
SORBI_3010G261700	33	42
SORBI_3010G261800	33	43
SORBI_3010G261900	33	44
SORBI_3010G262000	33	45
SORBI_3010G262100	33	46
SORBI_3010G262200	33	47
SORBI_3010G262300	33	48
SORBI_3010G262400	33	49
SORBI_3010G262433	33	50
SORBI_3010G262466	33	51
SORBI_3010G262500	33	52
SORBI_3010G262550	33	53
SORBI_3010G262600	33	54
SORBI_3010G262650	33	55
SORBI_3010G262700	33	56
SORBI_3010G262800	33	57
SORBI_3010G262900	33	58
SORBI_3010G262950	33	59
SORBI_3010G263001	33	60
SORBI_3010G263051	33	61
SORBI_3010G263101	33	62
SORBI_3010G263151	33	63
SORBI_3010G263200	33	64
SORBI_3010G263300	33	65
SORBI_3010G263400	33	66
SORBI_3010G263500	33	67
SORBI_3010G263600	33	68
SORBI_3010G263700	33	69
SORBI_3010G263800	33	70
SORBI_3010G263900	33	71
SORBI_3010G263950	33	72
SORBI_3010G264000	33	73
SORBI_3010G264100	33	74
SORBI_3010G264150	33	75
SORBI_3010G264200	33	76
SORBI_3010G264300	33	77
SORBI_3010G264400	33	78
SORBI_3010G264450	33	79
SORBI_3010G264500	33	80
SORBI_3010G264601	33	81
SORBI_3010G264700	33	82
SORBI_3010G264900	33	83
SORBI_3010G265100	33	84
SORBI_3010G265300	33	85
SORBI_3010G265400	33	86
SORBI_3010G265500	33	87
SORBI_3010G265600	33	88
SORBI_3010G265700	33	89
SORBI_3010G265800	33	90
SORBI_3010G265900	33	91
SORBI_3010G266000	33	92
SORBI_3010G266100	33	93
SORBI_3010G266200	33	94
SORBI_3010G266300	33	95
SORBI_3010G266400	33	96
SORBI_3010G266500	33	97
SORBI_3010G266600	33	98
SORBI_3010G266700	33	99
SORBI_3010G266800	33	100
SORBI_3010G266900	33	101
SORBI_3010G267000	33	102
SORBI_3010G267100	33	103
SORBI_3010G267200	33	104
SORBI_3010G267300	33	105
SORBI_3010G267400	33	106
SORBI_3010G267450	33	107
SORBI_3010G267500	33	108
SORBI_3010G267600	33	109
SORBI_3010G267650	33	110
SORBI_3010G267651	33	111
SORBI_3010G267700	33	112
SORBI_3010G267900	33	113
SORBI_3010G268001	33	114
SORBI_3010G268100	33	115
SORBI_3010G268200	33	116
SORBI_3010G268300	33	117
SORBI_3010G268400	33	118
SORBI_3010G268500	33	119
SORBI_3010G268600	33	120
SORBI_3010G268700	33	121
SORBI_3010G268800	33	122
SORBI_3010G268900	33	123
SORBI_3010G269000	33	124
SORBI_3010G269100	33	125
SORBI_3010G269200	33	126
SORBI_3010G269300	33	127
SORBI_3010G269400	33	128
SORBI_3010G269500	33	129
SORBI_3010G269600	33	130
SORBI_3010G269700	33	131
SORBI_3010G269800	33	132
SORBI_3010G269950	33	133
SORBI_3010G270100	33	134
SORBI_3010G270200	33	135
SORBI_3010G270300	33	136
SORBI_3010G270500	33	137
SORBI_3010G270700	33	138
SORBI_3010G270800	33	139
SORBI_3010G270900	33	140
SORBI_3010G271000	33	141
SORBI_3010G271100	33	142
SORBI_3010G271200	33	143
SORBI_3010G271300	33	144
SORBI_3010G271400	33	145
SORBI_3010G271501	33	146
SORBI_3010G271600	33	147
SORBI_3010G271700	33	148
SORBI_3010G271800	33	149
SORBI_3010G271901	33	150
SORBI_3010G272000	33	151
SORBI_3010G272101	33	152
SORBI_3010G272200	33	153
SORBI_3010G272300	33	154
SORBI_3010G272400	33	155
SORBI_3010G272501	33	156
SORBI_3010G272600	33	157
SORBI_3010G272700	33	158
SORBI_3010G272800	33	159
SORBI_3010G272900	33	160
SORBI_3010G273000	33	161
SORBI_3010G273100	33	162
SORBI_3010G273200	33	163
SORBI_3010G273300	33	164
SORBI_3010G273400	33	165
SORBI_3010G273500	33	166
SORBI_3010G273600	33	167
SORBI_3010G273700	33	168
SORBI_3010G273800	33	169
SORBI_3010G273900	33	170
SORBI_3010G274000	33	171
SORBI_3010G274100	33	172
SORBI_3010G274200	33	173
SORBI_3010G274300	33	174
SORBI_3010G274400	33	175
SORBI_3010G274500	33	176
SORBI_3010G274600	33	177
SORBI_3010G274700	33	178
SORBI_3010G274800	33	179
SORBI_3010G274900	33	180
SORBI_3010G275001	33	181
SORBI_3010G275100	33	182
SORBI_3010G275150	33	183
SORBI_3010G275200	33	184
SORBI_3010G275300	33	185
SORBI_3010G275400	33	186
SORBI_3010G275500	33	187
SORBI_3010G275550	33	188
SORBI_3010G275600	33	189
SORBI_3010G275700	33	190
SORBI_3010G275800	33	191
SORBI_3010G276000	33	192
SORBI_3010G276100	33	193
SORBI_3010G276200	33	194
SORBI_3010G276301	33	195
SORBI_3010G276400	33	196
SORBI_3010G276500	33	197
SORBI_3010G276600	33	198
SORBI_3010G276700	33	199
SORBI_3010G276800	33	200
SORBI_3010G276850	33	201
SORBI_3010G276900	33	202
SORBI_3010G277000	33	203
SORBI_3010G277100	33	204
SORBI_3010G277200	33	205
SORBI_3010G277300	33	206
SORBI_3010G277400	33	207
SORBI_3010G277500	33	208
SORBI_3010G277550	33	209
SORBI_3010G277600	33	210
SORBI_3010G277700	33	211
SORBI_3010G277800	33	212
SORBI_3010G277900	33	213
SORBI_3010G278000	33	214
SORBI_3010G278100	33	215
SORBI_3010G278200	33	216
SORBI_3010G278300	33	217
SORBI_3010G278400	33	218
SORBI_3010G278500	33	219
SORBI_3010G278600	33	220
SORBI_3010G278700	33	221
SORBI_3010G278800	33	222
SORBI_3010G278900	33	223
SORBI_3010G279000	33	224
SORBI_3010G279100	33	225
SORBI_3010G279200	33	226
SORBI_3010G279300	33	227
SORBI_3010G279450	33	228
SORBI_3010G279600	33	229
SORBI_3010G279700	33	230
SORBI_3010G279800	33	231
SORBI_3010G279900	33	232
SORBI_3010G280000	33	233
SORBI_3010G280100	33	234
SORBI_3K000200	33	235
SORBI_3K000400	33	236
SORBI_3K000500	33	237
SORBI_3K004100	33	238
SORBI_3K004201	33	239
SORBI_3K004400	33	240
SORBI_3K004500	33	241
SORBI_3K008450	33	242
SORBI_3K009800	33	243
SORBI_3K009900	33	244
SORBI_3K010000	33	245
SORBI_3K010100	33	246
SORBI_3K010300	33	247
SORBI_3K010500	33	248
SORBI_3K012900	33	249
SORBI_3K013000	33	250
SORBI_3K013100	33	251
SORBI_3K013200	33	252
SORBI_3K014100	33	253
SORBI_3K014200	33	254
SORBI_3K015700	33	255
SORBI_3K015800	33	256
SORBI_3K016500	33	257
SORBI_3K016700	33	258
SORBI_3K016900	33	259
SORBI_3K017300	33	260
SORBI_3K020400	33	261
SORBI_3K020500	33	262
SORBI_3K024000	33	263
SORBI_3K024100	33	264
SORBI_3K024300	33	265
SORBI_3K024500	33	266
SORBI_3K024600	33	267
SORBI_3K024800	33	268
SORBI_3K025800	33	269
SORBI_3K025900	33	270
SORBI_3K026200	33	271
SORBI_3K026400	33	272
SORBI_3K026800	33	273
SORBI_3K026900	33	274
SORBI_3K027700	33	275
SORBI_3K027900	33	276
SORBI_3K028000	33	277
SORBI_3K028200	33	278
SORBI_3K028300	33	279
SORBI_3K028600	33	280
SORBI_3K028900	33	281
SORBI_3K029900	33	282
SORBI_3K030000	33	283
SORBI_3K030100	33	284
SORBI_3K030200	33	285
SORBI_3K030700	33	286
SORBI_3K031100	33	287
SORBI_3K031200	33	288
SORBI_3K031300	33	289
SORBI_3K031500	33	290
SORBI_3K031800	33	291
SORBI_3K032900	33	292
SORBI_3K033000	33	293
SORBI_3K040800	33	294
SORBI_3K041900	33	295
SORBI_3K042000	33	296
SORBI_3K042600	33	297
SORBI_3K042700	33	298
SORBI_3K043400	33	299
SORBI_3K043500	33	300
SORBI_3K043800	33	301
SORBI_3K044200	33	302
SORBI_3K044300	33	303
SORBI_3K044400	33	304
SORBI_3K044401	33	305
SORBI_3K044402	33	306
SORBI_3K044403	33	307
SORBI_3K044404	33	308
SORBI_3K044405	33	309
SORBI_3K044406	33	310
SORBI_3K044407	33	311
SORBI_3K044408	33	312
SORBI_3K044409	33	313
SORBI_3K044410	33	314
SORBI_3K044411	33	315
SORBI_3K044412	33	316
SORBI_3K044413	33	317
SORBI_3K044414	33	318
SORBI_3K044415	33	319
SORBI_3K044416	33	320
SORBI_3K044417	33	321
SORBI_3K044418	33	322
SORBI_3K044419	33	323
SORBI_3K044420	33	324
SORBI_3K044505	33	325
