BioProject	SRA	BioSample	treatment	tissue	stage	cultivar	code	temperature	attributes
PRJEB71762	ERR12421814	SAMEA115094605	NA	NA	NA	NA	Illumina23	NA	culture rooting medium:missing: not collected; sample volume or weight for DNA extraction:0.5g; source material identifiers:tbd; isolation and growth condition:selfed; rooting medium carbon:missing: not collected; collection date:2022; rooting medium pH:not applicable; geographic location (longitude):AwKRNAseqLowP; plant structure:vegetative; subspecific genetic lineage rank:not applicable; growth facility:Pearl millet; mineral nutrient regimen:not applicable; rooting medium solidifier:missing: not collected; plant growth medium:missing: not collected; plant treatment:not applicable; soil pH:Hydroponics; number of replicons:7; rooting medium regulators:missing: not collected; geographic location (country and/or sea):Saudi Arabia; organism common name:not applicable; organism:Cenchrus americanus; air temperature regimen:low phosphate; rooting medium organic supplements:missing: not collected; watering regimen:not applicable; geographic location (latitude):22ï¿½ 18'; scientific name:Cenchrus americanus; rooting medium macronutrients:missing: not collected; rooting medium micronutrients:missing: not collected; subspecific genetic lineage name:not applicable; plant developmental stage:healthy; ploidy:diploid; estimated size:1800000000; propagation:whole root; light regimen:ERC000037; sample health state:not applicable; rooting conditions:missing: not collected; soil taxonomic/FAO classification:missing: not collected; sample disease status:growth chamber
PRJEB71762	ERR12421815	SAMEA115094606	NA	NA	NA	NA	Illumina10	NA	culture rooting medium:missing: not collected; sample volume or weight for DNA extraction:0.5g; source material identifiers:tbd; isolation and growth condition:selfed; rooting medium carbon:missing: not collected; collection date:2022; rooting medium pH:not applicable; geographic location (longitude):AwKRNAseqMock; plant structure:vegetative; subspecific genetic lineage rank:not applicable; growth facility:Pearl millet; mineral nutrient regimen:not applicable; rooting medium solidifier:missing: not collected; plant growth medium:missing: not collected; plant treatment:not applicable; soil pH:Hydroponics; number of replicons:7; rooting medium regulators:missing: not collected; geographic location (country and/or sea):Saudi Arabia; organism common name:not applicable; organism:Cenchrus americanus; air temperature regimen:low phosphate; rooting medium organic supplements:missing: not collected; watering regimen:addition of acetone; geographic location (latitude):22ï¿½ 18'; scientific name:Cenchrus americanus; rooting medium macronutrients:missing: not collected; rooting medium micronutrients:missing: not collected; subspecific genetic lineage name:not applicable; plant developmental stage:healthy; ploidy:diploid; estimated size:1800000000; propagation:whole root; light regimen:ERC000037; sample health state:not applicable; rooting conditions:missing: not collected; soil taxonomic/FAO classification:missing: not collected; sample disease status:growth chamber
PRJEB71762	ERR12421824	SAMEA115094607	NA	NA	NA	NA	nmS1R1	NA	culture rooting medium:missing: not collected; sample volume or weight for DNA extraction:0.5g; source material identifiers:tbd; isolation and growth condition:selfed; rooting medium carbon:missing: not collected; collection date:2022; rooting medium pH:not applicable; geographic location (longitude):AwKRNAseqMP3; plant structure:vegetative; subspecific genetic lineage rank:not applicable; growth facility:Pearl millet; mineral nutrient regimen:not applicable; rooting medium solidifier:missing: not collected; plant growth medium:missing: not collected; plant treatment:not applicable; soil pH:Hydroponics; number of replicons:7; rooting medium regulators:missing: not collected; geographic location (country and/or sea):Saudi Arabia; organism common name:not applicable; organism:Cenchrus americanus; air temperature regimen:low phosphate; rooting medium organic supplements:missing: not collected; watering regimen:addition of plant hormone MP3 in acetone; geographic location (latitude):22ï¿½ 18'; scientific name:Cenchrus americanus; rooting medium macronutrients:missing: not collected; rooting medium micronutrients:missing: not collected; subspecific genetic lineage name:not applicable; plant developmental stage:healthy; ploidy:diploid; estimated size:1800000000; propagation:whole root; light regimen:ERC000037; sample health state:not applicable; rooting conditions:missing: not collected; soil taxonomic/FAO classification:missing: not collected; sample disease status:growth chamber
PRJEB71762	ERR12421825	SAMEA115094604	NA	NA	NA	NA	Illumina19	NA	culture rooting medium:missing: not collected; sample volume or weight for DNA extraction:0.5g; source material identifiers:tbd; isolation and growth condition:selfed; rooting medium carbon:missing: not collected; collection date:2022; rooting medium pH:not applicable; geographic location (longitude):AwKRNAseq+P; plant structure:vegetative; subspecific genetic lineage rank:not applicable; growth facility:Pearl millet; mineral nutrient regimen:not applicable; rooting medium solidifier:missing: not collected; plant growth medium:missing: not collected; plant treatment:not applicable; soil pH:Hydroponics; number of replicons:7; rooting medium regulators:missing: not collected; geographic location (country and/or sea):Saudi Arabia; organism common name:not applicable; organism:Cenchrus americanus; air temperature regimen:normal phosphate; rooting medium organic supplements:missing: not collected; watering regimen:not applicable; geographic location (latitude):22ï¿½ 18'; scientific name:Cenchrus americanus; rooting medium macronutrients:missing: not collected; rooting medium micronutrients:missing: not collected; subspecific genetic lineage name:not applicable; plant developmental stage:healthy; ploidy:diploid; estimated size:1800000000; propagation:whole root; light regimen:ERC000037; sample health state:not applicable; rooting conditions:missing: not collected; soil taxonomic/FAO classification:missing: not collected; sample disease status:growth chamber
PRJEB71762	ERR12421826	SAMEA115094601	NA	NA	NA	NA	Illumina1	NA	culture rooting medium:missing: not collected; sample volume or weight for DNA extraction:0.5g; source material identifiers:tbd; isolation and growth condition:selfed; rooting medium carbon:missing: not collected; collection date:2022; rooting medium pH:not applicable; geographic location (longitude):P10KRNAseqLowP; plant structure:vegetative; subspecific genetic lineage rank:not applicable; growth facility:Pearl millet; mineral nutrient regimen:not applicable; rooting medium solidifier:missing: not collected; plant growth medium:missing: not collected; plant treatment:not applicable; soil pH:Hydroponics; number of replicons:7; rooting medium regulators:missing: not collected; geographic location (country and/or sea):Saudi Arabia; organism common name:not applicable; organism:Cenchrus americanus; air temperature regimen:low phosphate; rooting medium organic supplements:missing: not collected; watering regimen:not applicable; geographic location (latitude):22ï¿½ 18'; scientific name:Cenchrus americanus; rooting medium macronutrients:missing: not collected; rooting medium micronutrients:missing: not collected; subspecific genetic lineage name:not applicable; plant developmental stage:healthy; ploidy:diploid; estimated size:1800000000; propagation:whole root; light regimen:ERC000037; sample health state:not applicable; rooting conditions:missing: not collected; soil taxonomic/FAO classification:missing: not collected; sample disease status:growth chamber
PRJEB71762	ERR12421919	SAMEA115094602	NA	NA	NA	NA	Illumina12	NA	culture rooting medium:missing: not collected; sample volume or weight for DNA extraction:0.5g; source material identifiers:tbd; isolation and growth condition:selfed; rooting medium carbon:missing: not collected; collection date:2022; rooting medium pH:not applicable; geographic location (longitude):P10KRNAseqMock; plant structure:vegetative; subspecific genetic lineage rank:not applicable; growth facility:Pearl millet; mineral nutrient regimen:not applicable; rooting medium solidifier:missing: not collected; plant growth medium:missing: not collected; plant treatment:not applicable; soil pH:Hydroponics; number of replicons:7; rooting medium regulators:missing: not collected; geographic location (country and/or sea):Saudi Arabia; organism common name:not applicable; organism:Cenchrus americanus; air temperature regimen:low phosphate; rooting medium organic supplements:missing: not collected; watering regimen:addition of acetone; geographic location (latitude):22ï¿½ 18'; scientific name:Cenchrus americanus; rooting medium macronutrients:missing: not collected; rooting medium micronutrients:missing: not collected; subspecific genetic lineage name:not applicable; plant developmental stage:healthy; ploidy:diploid; estimated size:1800000000; propagation:whole root; light regimen:ERC000037; sample health state:not applicable; rooting conditions:missing: not collected; soil taxonomic/FAO classification:missing: not collected; sample disease status:growth chamber
PRJEB71762	ERR12421920	SAMEA115094603	NA	NA	NA	NA	Illumina6	NA	culture rooting medium:missing: not collected; sample volume or weight for DNA extraction:0.5g; source material identifiers:tbd; isolation and growth condition:selfed; rooting medium carbon:missing: not collected; collection date:2022; rooting medium pH:not applicable; geographic location (longitude):P10KRNAseqMP3; plant structure:vegetative; subspecific genetic lineage rank:not applicable; growth facility:Pearl millet; mineral nutrient regimen:not applicable; rooting medium solidifier:missing: not collected; plant growth medium:missing: not collected; plant treatment:not applicable; soil pH:Hydroponics; number of replicons:7; rooting medium regulators:missing: not collected; geographic location (country and/or sea):Saudi Arabia; organism common name:not applicable; organism:Cenchrus americanus; air temperature regimen:low phosphate; rooting medium organic supplements:missing: not collected; watering regimen:addition of plant hormone MP3 in acetone; geographic location (latitude):22ï¿½ 18'; scientific name:Cenchrus americanus; rooting medium macronutrients:missing: not collected; rooting medium micronutrients:missing: not collected; subspecific genetic lineage name:not applicable; plant developmental stage:healthy; ploidy:diploid; estimated size:1800000000; propagation:whole root; light regimen:ERC000037; sample health state:not applicable; rooting conditions:missing: not collected; soil taxonomic/FAO classification:missing: not collected; sample disease status:growth chamber
PRJEB71762	ERR12421922	SAMEA115094600	NA	NA	NA	NA	Illumina2	NA	culture rooting medium:missing: not collected; sample volume or weight for DNA extraction:0.5g; source material identifiers:tbd; isolation and growth condition:selfed; rooting medium carbon:missing: not collected; collection date:2022; rooting medium pH:not applicable; geographic location (longitude):P10KRNAseq+P; plant structure:vegetative; subspecific genetic lineage rank:not applicable; growth facility:Pearl millet; mineral nutrient regimen:not applicable; rooting medium solidifier:missing: not collected; plant growth medium:missing: not collected; plant treatment:not applicable; soil pH:Hydroponics; number of replicons:7; rooting medium regulators:missing: not collected; geographic location (country and/or sea):Saudi Arabia; organism common name:not applicable; organism:Cenchrus americanus; air temperature regimen:normal phosphate; rooting medium organic supplements:missing: not collected; watering regimen:not applicable; geographic location (latitude):22ï¿½ 18'; scientific name:Cenchrus americanus; rooting medium macronutrients:missing: not collected; rooting medium micronutrients:missing: not collected; subspecific genetic lineage name:not applicable; plant developmental stage:healthy; ploidy:diploid; estimated size:1800000000; propagation:whole root; light regimen:ERC000037; sample health state:not applicable; rooting conditions:missing: not collected; soil taxonomic/FAO classification:missing: not collected; sample disease status:growth chamber
PRJEB71762	ERR12506824	SAMEA115094607	NA	NA	NA	NA	Illumina20	NA	culture rooting medium:missing: not collected; sample volume or weight for DNA extraction:0.5g; source material identifiers:tbd; isolation and growth condition:selfed; rooting medium carbon:missing: not collected; collection date:2022; rooting medium pH:not applicable; geographic location (longitude):AwKRNAseqMP3; plant structure:vegetative; subspecific genetic lineage rank:not applicable; growth facility:Pearl millet; mineral nutrient regimen:not applicable; rooting medium solidifier:missing: not collected; plant growth medium:missing: not collected; plant treatment:not applicable; soil pH:Hydroponics; number of replicons:7; rooting medium regulators:missing: not collected; geographic location (country and/or sea):Saudi Arabia; organism common name:not applicable; organism:Cenchrus americanus; air temperature regimen:low phosphate; rooting medium organic supplements:missing: not collected; watering regimen:addition of plant hormone MP3 in acetone; geographic location (latitude):22ï¿½ 18'; scientific name:Cenchrus americanus; rooting medium macronutrients:missing: not collected; rooting medium micronutrients:missing: not collected; subspecific genetic lineage name:not applicable; plant developmental stage:healthy; ploidy:diploid; estimated size:1800000000; propagation:whole root; light regimen:ERC000037; sample health state:not applicable; rooting conditions:missing: not collected; soil taxonomic/FAO classification:missing: not collected; sample disease status:growth chamber
PRJEB71762	ERR12506825	SAMEA115094607	NA	NA	NA	NA	Illumina7	NA	culture rooting medium:missing: not collected; sample volume or weight for DNA extraction:0.5g; source material identifiers:tbd; isolation and growth condition:selfed; rooting medium carbon:missing: not collected; collection date:2022; rooting medium pH:not applicable; geographic location (longitude):AwKRNAseqMP3; plant structure:vegetative; subspecific genetic lineage rank:not applicable; growth facility:Pearl millet; mineral nutrient regimen:not applicable; rooting medium solidifier:missing: not collected; plant growth medium:missing: not collected; plant treatment:not applicable; soil pH:Hydroponics; number of replicons:7; rooting medium regulators:missing: not collected; geographic location (country and/or sea):Saudi Arabia; organism common name:not applicable; organism:Cenchrus americanus; air temperature regimen:low phosphate; rooting medium organic supplements:missing: not collected; watering regimen:addition of plant hormone MP3 in acetone; geographic location (latitude):22ï¿½ 18'; scientific name:Cenchrus americanus; rooting medium macronutrients:missing: not collected; rooting medium micronutrients:missing: not collected; subspecific genetic lineage name:not applicable; plant developmental stage:healthy; ploidy:diploid; estimated size:1800000000; propagation:whole root; light regimen:ERC000037; sample health state:not applicable; rooting conditions:missing: not collected; soil taxonomic/FAO classification:missing: not collected; sample disease status:growth chamber
PRJEB71762	ERR12506853	SAMEA115094607	NA	NA	NA	NA	Illumina4	NA	culture rooting medium:missing: not collected; sample volume or weight for DNA extraction:0.5g; source material identifiers:tbd; isolation and growth condition:selfed; rooting medium carbon:missing: not collected; collection date:2022; rooting medium pH:not applicable; geographic location (longitude):AwKRNAseqMP3; plant structure:vegetative; subspecific genetic lineage rank:not applicable; growth facility:Pearl millet; mineral nutrient regimen:not applicable; rooting medium solidifier:missing: not collected; plant growth medium:missing: not collected; plant treatment:not applicable; soil pH:Hydroponics; number of replicons:7; rooting medium regulators:missing: not collected; geographic location (country and/or sea):Saudi Arabia; organism common name:not applicable; organism:Cenchrus americanus; air temperature regimen:low phosphate; rooting medium organic supplements:missing: not collected; watering regimen:addition of plant hormone MP3 in acetone; geographic location (latitude):22ï¿½ 18'; scientific name:Cenchrus americanus; rooting medium macronutrients:missing: not collected; rooting medium micronutrients:missing: not collected; subspecific genetic lineage name:not applicable; plant developmental stage:healthy; ploidy:diploid; estimated size:1800000000; propagation:whole root; light regimen:ERC000037; sample health state:not applicable; rooting conditions:missing: not collected; soil taxonomic/FAO classification:missing: not collected; sample disease status:growth chamber
PRJEB71762	ERR12506854	SAMEA115094606	NA	NA	NA	NA	Illumina15	NA	culture rooting medium:missing: not collected; sample volume or weight for DNA extraction:0.5g; source material identifiers:tbd; isolation and growth condition:selfed; rooting medium carbon:missing: not collected; collection date:2022; rooting medium pH:not applicable; geographic location (longitude):AwKRNAseqMock; plant structure:vegetative; subspecific genetic lineage rank:not applicable; growth facility:Pearl millet; mineral nutrient regimen:not applicable; rooting medium solidifier:missing: not collected; plant growth medium:missing: not collected; plant treatment:not applicable; soil pH:Hydroponics; number of replicons:7; rooting medium regulators:missing: not collected; geographic location (country and/or sea):Saudi Arabia; organism common name:not applicable; organism:Cenchrus americanus; air temperature regimen:low phosphate; rooting medium organic supplements:missing: not collected; watering regimen:addition of acetone; geographic location (latitude):22ï¿½ 18'; scientific name:Cenchrus americanus; rooting medium macronutrients:missing: not collected; rooting medium micronutrients:missing: not collected; subspecific genetic lineage name:not applicable; plant developmental stage:healthy; ploidy:diploid; estimated size:1800000000; propagation:whole root; light regimen:ERC000037; sample health state:not applicable; rooting conditions:missing: not collected; soil taxonomic/FAO classification:missing: not collected; sample disease status:growth chamber
PRJEB71762	ERR12506855	SAMEA115094606	NA	NA	NA	NA	Control_R1	NA	culture rooting medium:missing: not collected; sample volume or weight for DNA extraction:0.5g; source material identifiers:tbd; isolation and growth condition:selfed; rooting medium carbon:missing: not collected; collection date:2022; rooting medium pH:not applicable; geographic location (longitude):AwKRNAseqMock; plant structure:vegetative; subspecific genetic lineage rank:not applicable; growth facility:Pearl millet; mineral nutrient regimen:not applicable; rooting medium solidifier:missing: not collected; plant growth medium:missing: not collected; plant treatment:not applicable; soil pH:Hydroponics; number of replicons:7; rooting medium regulators:missing: not collected; geographic location (country and/or sea):Saudi Arabia; organism common name:not applicable; organism:Cenchrus americanus; air temperature regimen:low phosphate; rooting medium organic supplements:missing: not collected; watering regimen:addition of acetone; geographic location (latitude):22ï¿½ 18'; scientific name:Cenchrus americanus; rooting medium macronutrients:missing: not collected; rooting medium micronutrients:missing: not collected; subspecific genetic lineage name:not applicable; plant developmental stage:healthy; ploidy:diploid; estimated size:1800000000; propagation:whole root; light regimen:ERC000037; sample health state:not applicable; rooting conditions:missing: not collected; soil taxonomic/FAO classification:missing: not collected; sample disease status:growth chamber
PRJEB71762	ERR12506856	SAMEA115094606	NA	NA	NA	NA	Illumina16	NA	culture rooting medium:missing: not collected; sample volume or weight for DNA extraction:0.5g; source material identifiers:tbd; isolation and growth condition:selfed; rooting medium carbon:missing: not collected; collection date:2022; rooting medium pH:not applicable; geographic location (longitude):AwKRNAseqMock; plant structure:vegetative; subspecific genetic lineage rank:not applicable; growth facility:Pearl millet; mineral nutrient regimen:not applicable; rooting medium solidifier:missing: not collected; plant growth medium:missing: not collected; plant treatment:not applicable; soil pH:Hydroponics; number of replicons:7; rooting medium regulators:missing: not collected; geographic location (country and/or sea):Saudi Arabia; organism common name:not applicable; organism:Cenchrus americanus; air temperature regimen:low phosphate; rooting medium organic supplements:missing: not collected; watering regimen:addition of acetone; geographic location (latitude):22ï¿½ 18'; scientific name:Cenchrus americanus; rooting medium macronutrients:missing: not collected; rooting medium micronutrients:missing: not collected; subspecific genetic lineage name:not applicable; plant developmental stage:healthy; ploidy:diploid; estimated size:1800000000; propagation:whole root; light regimen:ERC000037; sample health state:not applicable; rooting conditions:missing: not collected; soil taxonomic/FAO classification:missing: not collected; sample disease status:growth chamber
PRJEB71762	ERR12506857	SAMEA115094604	NA	NA	NA	NA	S1	NA	culture rooting medium:missing: not collected; sample volume or weight for DNA extraction:0.5g; source material identifiers:tbd; isolation and growth condition:selfed; rooting medium carbon:missing: not collected; collection date:2022; rooting medium pH:not applicable; geographic location (longitude):AwKRNAseq+P; plant structure:vegetative; subspecific genetic lineage rank:not applicable; growth facility:Pearl millet; mineral nutrient regimen:not applicable; rooting medium solidifier:missing: not collected; plant growth medium:missing: not collected; plant treatment:not applicable; soil pH:Hydroponics; number of replicons:7; rooting medium regulators:missing: not collected; geographic location (country and/or sea):Saudi Arabia; organism common name:not applicable; organism:Cenchrus americanus; air temperature regimen:normal phosphate; rooting medium organic supplements:missing: not collected; watering regimen:not applicable; geographic location (latitude):22ï¿½ 18'; scientific name:Cenchrus americanus; rooting medium macronutrients:missing: not collected; rooting medium micronutrients:missing: not collected; subspecific genetic lineage name:not applicable; plant developmental stage:healthy; ploidy:diploid; estimated size:1800000000; propagation:whole root; light regimen:ERC000037; sample health state:not applicable; rooting conditions:missing: not collected; soil taxonomic/FAO classification:missing: not collected; sample disease status:growth chamber
PRJEB71762	ERR12506858	SAMEA115094604	NA	NA	NA	NA	Control_R2	NA	culture rooting medium:missing: not collected; sample volume or weight for DNA extraction:0.5g; source material identifiers:tbd; isolation and growth condition:selfed; rooting medium carbon:missing: not collected; collection date:2022; rooting medium pH:not applicable; geographic location (longitude):AwKRNAseq+P; plant structure:vegetative; subspecific genetic lineage rank:not applicable; growth facility:Pearl millet; mineral nutrient regimen:not applicable; rooting medium solidifier:missing: not collected; plant growth medium:missing: not collected; plant treatment:not applicable; soil pH:Hydroponics; number of replicons:7; rooting medium regulators:missing: not collected; geographic location (country and/or sea):Saudi Arabia; organism common name:not applicable; organism:Cenchrus americanus; air temperature regimen:normal phosphate; rooting medium organic supplements:missing: not collected; watering regimen:not applicable; geographic location (latitude):22ï¿½ 18'; scientific name:Cenchrus americanus; rooting medium macronutrients:missing: not collected; rooting medium micronutrients:missing: not collected; subspecific genetic lineage name:not applicable; plant developmental stage:healthy; ploidy:diploid; estimated size:1800000000; propagation:whole root; light regimen:ERC000037; sample health state:not applicable; rooting conditions:missing: not collected; soil taxonomic/FAO classification:missing: not collected; sample disease status:growth chamber
PRJEB71762	ERR12506859	SAMEA115094604	NA	NA	NA	NA	Control_L2	NA	culture rooting medium:missing: not collected; sample volume or weight for DNA extraction:0.5g; source material identifiers:tbd; isolation and growth condition:selfed; rooting medium carbon:missing: not collected; collection date:2022; rooting medium pH:not applicable; geographic location (longitude):AwKRNAseq+P; plant structure:vegetative; subspecific genetic lineage rank:not applicable; growth facility:Pearl millet; mineral nutrient regimen:not applicable; rooting medium solidifier:missing: not collected; plant growth medium:missing: not collected; plant treatment:not applicable; soil pH:Hydroponics; number of replicons:7; rooting medium regulators:missing: not collected; geographic location (country and/or sea):Saudi Arabia; organism common name:not applicable; organism:Cenchrus americanus; air temperature regimen:normal phosphate; rooting medium organic supplements:missing: not collected; watering regimen:not applicable; geographic location (latitude):22ï¿½ 18'; scientific name:Cenchrus americanus; rooting medium macronutrients:missing: not collected; rooting medium micronutrients:missing: not collected; subspecific genetic lineage name:not applicable; plant developmental stage:healthy; ploidy:diploid; estimated size:1800000000; propagation:whole root; light regimen:ERC000037; sample health state:not applicable; rooting conditions:missing: not collected; soil taxonomic/FAO classification:missing: not collected; sample disease status:growth chamber
PRJEB71762	ERR12506860	SAMEA115094605	NA	NA	NA	NA	Illumina24	NA	culture rooting medium:missing: not collected; sample volume or weight for DNA extraction:0.5g; source material identifiers:tbd; isolation and growth condition:selfed; rooting medium carbon:missing: not collected; collection date:2022; rooting medium pH:not applicable; geographic location (longitude):AwKRNAseqLowP; plant structure:vegetative; subspecific genetic lineage rank:not applicable; growth facility:Pearl millet; mineral nutrient regimen:not applicable; rooting medium solidifier:missing: not collected; plant growth medium:missing: not collected; plant treatment:not applicable; soil pH:Hydroponics; number of replicons:7; rooting medium regulators:missing: not collected; geographic location (country and/or sea):Saudi Arabia; organism common name:not applicable; organism:Cenchrus americanus; air temperature regimen:low phosphate; rooting medium organic supplements:missing: not collected; watering regimen:not applicable; geographic location (latitude):22ï¿½ 18'; scientific name:Cenchrus americanus; rooting medium macronutrients:missing: not collected; rooting medium micronutrients:missing: not collected; subspecific genetic lineage name:not applicable; plant developmental stage:healthy; ploidy:diploid; estimated size:1800000000; propagation:whole root; light regimen:ERC000037; sample health state:not applicable; rooting conditions:missing: not collected; soil taxonomic/FAO classification:missing: not collected; sample disease status:growth chamber
PRJEB71762	ERR12506861	SAMEA115094605	NA	NA	NA	NA	Illumina9	NA	culture rooting medium:missing: not collected; sample volume or weight for DNA extraction:0.5g; source material identifiers:tbd; isolation and growth condition:selfed; rooting medium carbon:missing: not collected; collection date:2022; rooting medium pH:not applicable; geographic location (longitude):AwKRNAseqLowP; plant structure:vegetative; subspecific genetic lineage rank:not applicable; growth facility:Pearl millet; mineral nutrient regimen:not applicable; rooting medium solidifier:missing: not collected; plant growth medium:missing: not collected; plant treatment:not applicable; soil pH:Hydroponics; number of replicons:7; rooting medium regulators:missing: not collected; geographic location (country and/or sea):Saudi Arabia; organism common name:not applicable; organism:Cenchrus americanus; air temperature regimen:low phosphate; rooting medium organic supplements:missing: not collected; watering regimen:not applicable; geographic location (latitude):22ï¿½ 18'; scientific name:Cenchrus americanus; rooting medium macronutrients:missing: not collected; rooting medium micronutrients:missing: not collected; subspecific genetic lineage name:not applicable; plant developmental stage:healthy; ploidy:diploid; estimated size:1800000000; propagation:whole root; light regimen:ERC000037; sample health state:not applicable; rooting conditions:missing: not collected; soil taxonomic/FAO classification:missing: not collected; sample disease status:growth chamber
PRJEB71762	ERR12506862	SAMEA115094605	NA	NA	NA	NA	Illumina17	NA	culture rooting medium:missing: not collected; sample volume or weight for DNA extraction:0.5g; source material identifiers:tbd; isolation and growth condition:selfed; rooting medium carbon:missing: not collected; collection date:2022; rooting medium pH:not applicable; geographic location (longitude):AwKRNAseqLowP; plant structure:vegetative; subspecific genetic lineage rank:not applicable; growth facility:Pearl millet; mineral nutrient regimen:not applicable; rooting medium solidifier:missing: not collected; plant growth medium:missing: not collected; plant treatment:not applicable; soil pH:Hydroponics; number of replicons:7; rooting medium regulators:missing: not collected; geographic location (country and/or sea):Saudi Arabia; organism common name:not applicable; organism:Cenchrus americanus; air temperature regimen:low phosphate; rooting medium organic supplements:missing: not collected; watering regimen:not applicable; geographic location (latitude):22ï¿½ 18'; scientific name:Cenchrus americanus; rooting medium macronutrients:missing: not collected; rooting medium micronutrients:missing: not collected; subspecific genetic lineage name:not applicable; plant developmental stage:healthy; ploidy:diploid; estimated size:1800000000; propagation:whole root; light regimen:ERC000037; sample health state:not applicable; rooting conditions:missing: not collected; soil taxonomic/FAO classification:missing: not collected; sample disease status:growth chamber
PRJEB71762	ERR12506863	SAMEA115094603	NA	NA	NA	NA	Illumina13	NA	culture rooting medium:missing: not collected; sample volume or weight for DNA extraction:0.5g; source material identifiers:tbd; isolation and growth condition:selfed; rooting medium carbon:missing: not collected; collection date:2022; rooting medium pH:not applicable; geographic location (longitude):P10KRNAseqMP3; plant structure:vegetative; subspecific genetic lineage rank:not applicable; growth facility:Pearl millet; mineral nutrient regimen:not applicable; rooting medium solidifier:missing: not collected; plant growth medium:missing: not collected; plant treatment:not applicable; soil pH:Hydroponics; number of replicons:7; rooting medium regulators:missing: not collected; geographic location (country and/or sea):Saudi Arabia; organism common name:not applicable; organism:Cenchrus americanus; air temperature regimen:low phosphate; rooting medium organic supplements:missing: not collected; watering regimen:addition of plant hormone MP3 in acetone; geographic location (latitude):22ï¿½ 18'; scientific name:Cenchrus americanus; rooting medium macronutrients:missing: not collected; rooting medium micronutrients:missing: not collected; subspecific genetic lineage name:not applicable; plant developmental stage:healthy; ploidy:diploid; estimated size:1800000000; propagation:whole root; light regimen:ERC000037; sample health state:not applicable; rooting conditions:missing: not collected; soil taxonomic/FAO classification:missing: not collected; sample disease status:growth chamber
PRJEB71762	ERR12506864	SAMEA115094603	NA	NA	NA	NA	Illumina11	NA	culture rooting medium:missing: not collected; sample volume or weight for DNA extraction:0.5g; source material identifiers:tbd; isolation and growth condition:selfed; rooting medium carbon:missing: not collected; collection date:2022; rooting medium pH:not applicable; geographic location (longitude):P10KRNAseqMP3; plant structure:vegetative; subspecific genetic lineage rank:not applicable; growth facility:Pearl millet; mineral nutrient regimen:not applicable; rooting medium solidifier:missing: not collected; plant growth medium:missing: not collected; plant treatment:not applicable; soil pH:Hydroponics; number of replicons:7; rooting medium regulators:missing: not collected; geographic location (country and/or sea):Saudi Arabia; organism common name:not applicable; organism:Cenchrus americanus; air temperature regimen:low phosphate; rooting medium organic supplements:missing: not collected; watering regimen:addition of plant hormone MP3 in acetone; geographic location (latitude):22ï¿½ 18'; scientific name:Cenchrus americanus; rooting medium macronutrients:missing: not collected; rooting medium micronutrients:missing: not collected; subspecific genetic lineage name:not applicable; plant developmental stage:healthy; ploidy:diploid; estimated size:1800000000; propagation:whole root; light regimen:ERC000037; sample health state:not applicable; rooting conditions:missing: not collected; soil taxonomic/FAO classification:missing: not collected; sample disease status:growth chamber
PRJEB71762	ERR12506865	SAMEA115094603	NA	NA	NA	NA	Illumina22	NA	culture rooting medium:missing: not collected; sample volume or weight for DNA extraction:0.5g; source material identifiers:tbd; isolation and growth condition:selfed; rooting medium carbon:missing: not collected; collection date:2022; rooting medium pH:not applicable; geographic location (longitude):P10KRNAseqMP3; plant structure:vegetative; subspecific genetic lineage rank:not applicable; growth facility:Pearl millet; mineral nutrient regimen:not applicable; rooting medium solidifier:missing: not collected; plant growth medium:missing: not collected; plant treatment:not applicable; soil pH:Hydroponics; number of replicons:7; rooting medium regulators:missing: not collected; geographic location (country and/or sea):Saudi Arabia; organism common name:not applicable; organism:Cenchrus americanus; air temperature regimen:low phosphate; rooting medium organic supplements:missing: not collected; watering regimen:addition of plant hormone MP3 in acetone; geographic location (latitude):22ï¿½ 18'; scientific name:Cenchrus americanus; rooting medium macronutrients:missing: not collected; rooting medium micronutrients:missing: not collected; subspecific genetic lineage name:not applicable; plant developmental stage:healthy; ploidy:diploid; estimated size:1800000000; propagation:whole root; light regimen:ERC000037; sample health state:not applicable; rooting conditions:missing: not collected; soil taxonomic/FAO classification:missing: not collected; sample disease status:growth chamber
PRJEB71762	ERR12506866	SAMEA115094602	NA	NA	NA	NA	Illumina5	NA	culture rooting medium:missing: not collected; sample volume or weight for DNA extraction:0.5g; source material identifiers:tbd; isolation and growth condition:selfed; rooting medium carbon:missing: not collected; collection date:2022; rooting medium pH:not applicable; geographic location (longitude):P10KRNAseqMock; plant structure:vegetative; subspecific genetic lineage rank:not applicable; growth facility:Pearl millet; mineral nutrient regimen:not applicable; rooting medium solidifier:missing: not collected; plant growth medium:missing: not collected; plant treatment:not applicable; soil pH:Hydroponics; number of replicons:7; rooting medium regulators:missing: not collected; geographic location (country and/or sea):Saudi Arabia; organism common name:not applicable; organism:Cenchrus americanus; air temperature regimen:low phosphate; rooting medium organic supplements:missing: not collected; watering regimen:addition of acetone; geographic location (latitude):22ï¿½ 18'; scientific name:Cenchrus americanus; rooting medium macronutrients:missing: not collected; rooting medium micronutrients:missing: not collected; subspecific genetic lineage name:not applicable; plant developmental stage:healthy; ploidy:diploid; estimated size:1800000000; propagation:whole root; light regimen:ERC000037; sample health state:not applicable; rooting conditions:missing: not collected; soil taxonomic/FAO classification:missing: not collected; sample disease status:growth chamber
PRJEB71762	ERR12506883	SAMEA115094602	NA	NA	NA	NA	Control_L1	NA	culture rooting medium:missing: not collected; sample volume or weight for DNA extraction:0.5g; source material identifiers:tbd; isolation and growth condition:selfed; rooting medium carbon:missing: not collected; collection date:2022; rooting medium pH:not applicable; geographic location (longitude):P10KRNAseqMock; plant structure:vegetative; subspecific genetic lineage rank:not applicable; growth facility:Pearl millet; mineral nutrient regimen:not applicable; rooting medium solidifier:missing: not collected; plant growth medium:missing: not collected; plant treatment:not applicable; soil pH:Hydroponics; number of replicons:7; rooting medium regulators:missing: not collected; geographic location (country and/or sea):Saudi Arabia; organism common name:not applicable; organism:Cenchrus americanus; air temperature regimen:low phosphate; rooting medium organic supplements:missing: not collected; watering regimen:addition of acetone; geographic location (latitude):22ï¿½ 18'; scientific name:Cenchrus americanus; rooting medium macronutrients:missing: not collected; rooting medium micronutrients:missing: not collected; subspecific genetic lineage name:not applicable; plant developmental stage:healthy; ploidy:diploid; estimated size:1800000000; propagation:whole root; light regimen:ERC000037; sample health state:not applicable; rooting conditions:missing: not collected; soil taxonomic/FAO classification:missing: not collected; sample disease status:growth chamber
PRJEB71762	ERR12506884	SAMEA115094602	NA	NA	NA	NA	Control_R3	NA	culture rooting medium:missing: not collected; sample volume or weight for DNA extraction:0.5g; source material identifiers:tbd; isolation and growth condition:selfed; rooting medium carbon:missing: not collected; collection date:2022; rooting medium pH:not applicable; geographic location (longitude):P10KRNAseqMock; plant structure:vegetative; subspecific genetic lineage rank:not applicable; growth facility:Pearl millet; mineral nutrient regimen:not applicable; rooting medium solidifier:missing: not collected; plant growth medium:missing: not collected; plant treatment:not applicable; soil pH:Hydroponics; number of replicons:7; rooting medium regulators:missing: not collected; geographic location (country and/or sea):Saudi Arabia; organism common name:not applicable; organism:Cenchrus americanus; air temperature regimen:low phosphate; rooting medium organic supplements:missing: not collected; watering regimen:addition of acetone; geographic location (latitude):22ï¿½ 18'; scientific name:Cenchrus americanus; rooting medium macronutrients:missing: not collected; rooting medium micronutrients:missing: not collected; subspecific genetic lineage name:not applicable; plant developmental stage:healthy; ploidy:diploid; estimated size:1800000000; propagation:whole root; light regimen:ERC000037; sample health state:not applicable; rooting conditions:missing: not collected; soil taxonomic/FAO classification:missing: not collected; sample disease status:growth chamber
PRJEB71762	ERR12506885	SAMEA115094600	NA	NA	NA	NA	Illumina3	NA	culture rooting medium:missing: not collected; sample volume or weight for DNA extraction:0.5g; source material identifiers:tbd; isolation and growth condition:selfed; rooting medium carbon:missing: not collected; collection date:2022; rooting medium pH:not applicable; geographic location (longitude):P10KRNAseq+P; plant structure:vegetative; subspecific genetic lineage rank:not applicable; growth facility:Pearl millet; mineral nutrient regimen:not applicable; rooting medium solidifier:missing: not collected; plant growth medium:missing: not collected; plant treatment:not applicable; soil pH:Hydroponics; number of replicons:7; rooting medium regulators:missing: not collected; geographic location (country and/or sea):Saudi Arabia; organism common name:not applicable; organism:Cenchrus americanus; air temperature regimen:normal phosphate; rooting medium organic supplements:missing: not collected; watering regimen:not applicable; geographic location (latitude):22ï¿½ 18'; scientific name:Cenchrus americanus; rooting medium macronutrients:missing: not collected; rooting medium micronutrients:missing: not collected; subspecific genetic lineage name:not applicable; plant developmental stage:healthy; ploidy:diploid; estimated size:1800000000; propagation:whole root; light regimen:ERC000037; sample health state:not applicable; rooting conditions:missing: not collected; soil taxonomic/FAO classification:missing: not collected; sample disease status:growth chamber
PRJEB71762	ERR12506886	SAMEA115094600	NA	NA	NA	NA	S2	NA	culture rooting medium:missing: not collected; sample volume or weight for DNA extraction:0.5g; source material identifiers:tbd; isolation and growth condition:selfed; rooting medium carbon:missing: not collected; collection date:2022; rooting medium pH:not applicable; geographic location (longitude):P10KRNAseq+P; plant structure:vegetative; subspecific genetic lineage rank:not applicable; growth facility:Pearl millet; mineral nutrient regimen:not applicable; rooting medium solidifier:missing: not collected; plant growth medium:missing: not collected; plant treatment:not applicable; soil pH:Hydroponics; number of replicons:7; rooting medium regulators:missing: not collected; geographic location (country and/or sea):Saudi Arabia; organism common name:not applicable; organism:Cenchrus americanus; air temperature regimen:normal phosphate; rooting medium organic supplements:missing: not collected; watering regimen:not applicable; geographic location (latitude):22ï¿½ 18'; scientific name:Cenchrus americanus; rooting medium macronutrients:missing: not collected; rooting medium micronutrients:missing: not collected; subspecific genetic lineage name:not applicable; plant developmental stage:healthy; ploidy:diploid; estimated size:1800000000; propagation:whole root; light regimen:ERC000037; sample health state:not applicable; rooting conditions:missing: not collected; soil taxonomic/FAO classification:missing: not collected; sample disease status:growth chamber
PRJEB71762	ERR12506887	SAMEA115094600	NA	NA	NA	NA	Illumina8	NA	culture rooting medium:missing: not collected; sample volume or weight for DNA extraction:0.5g; source material identifiers:tbd; isolation and growth condition:selfed; rooting medium carbon:missing: not collected; collection date:2022; rooting medium pH:not applicable; geographic location (longitude):P10KRNAseq+P; plant structure:vegetative; subspecific genetic lineage rank:not applicable; growth facility:Pearl millet; mineral nutrient regimen:not applicable; rooting medium solidifier:missing: not collected; plant growth medium:missing: not collected; plant treatment:not applicable; soil pH:Hydroponics; number of replicons:7; rooting medium regulators:missing: not collected; geographic location (country and/or sea):Saudi Arabia; organism common name:not applicable; organism:Cenchrus americanus; air temperature regimen:normal phosphate; rooting medium organic supplements:missing: not collected; watering regimen:not applicable; geographic location (latitude):22ï¿½ 18'; scientific name:Cenchrus americanus; rooting medium macronutrients:missing: not collected; rooting medium micronutrients:missing: not collected; subspecific genetic lineage name:not applicable; plant developmental stage:healthy; ploidy:diploid; estimated size:1800000000; propagation:whole root; light regimen:ERC000037; sample health state:not applicable; rooting conditions:missing: not collected; soil taxonomic/FAO classification:missing: not collected; sample disease status:growth chamber
PRJEB71762	ERR12506888	SAMEA115094601	NA	NA	NA	NA	nmC2R1	NA	culture rooting medium:missing: not collected; sample volume or weight for DNA extraction:0.5g; source material identifiers:tbd; isolation and growth condition:selfed; rooting medium carbon:missing: not collected; collection date:2022; rooting medium pH:not applicable; geographic location (longitude):P10KRNAseqLowP; plant structure:vegetative; subspecific genetic lineage rank:not applicable; growth facility:Pearl millet; mineral nutrient regimen:not applicable; rooting medium solidifier:missing: not collected; plant growth medium:missing: not collected; plant treatment:not applicable; soil pH:Hydroponics; number of replicons:7; rooting medium regulators:missing: not collected; geographic location (country and/or sea):Saudi Arabia; organism common name:not applicable; organism:Cenchrus americanus; air temperature regimen:low phosphate; rooting medium organic supplements:missing: not collected; watering regimen:not applicable; geographic location (latitude):22ï¿½ 18'; scientific name:Cenchrus americanus; rooting medium macronutrients:missing: not collected; rooting medium micronutrients:missing: not collected; subspecific genetic lineage name:not applicable; plant developmental stage:healthy; ploidy:diploid; estimated size:1800000000; propagation:whole root; light regimen:ERC000037; sample health state:not applicable; rooting conditions:missing: not collected; soil taxonomic/FAO classification:missing: not collected; sample disease status:growth chamber
PRJEB71762	ERR12506889	SAMEA115094601	NA	NA	NA	NA	Illumina21	NA	culture rooting medium:missing: not collected; sample volume or weight for DNA extraction:0.5g; source material identifiers:tbd; isolation and growth condition:selfed; rooting medium carbon:missing: not collected; collection date:2022; rooting medium pH:not applicable; geographic location (longitude):P10KRNAseqLowP; plant structure:vegetative; subspecific genetic lineage rank:not applicable; growth facility:Pearl millet; mineral nutrient regimen:not applicable; rooting medium solidifier:missing: not collected; plant growth medium:missing: not collected; plant treatment:not applicable; soil pH:Hydroponics; number of replicons:7; rooting medium regulators:missing: not collected; geographic location (country and/or sea):Saudi Arabia; organism common name:not applicable; organism:Cenchrus americanus; air temperature regimen:low phosphate; rooting medium organic supplements:missing: not collected; watering regimen:not applicable; geographic location (latitude):22ï¿½ 18'; scientific name:Cenchrus americanus; rooting medium macronutrients:missing: not collected; rooting medium micronutrients:missing: not collected; subspecific genetic lineage name:not applicable; plant developmental stage:healthy; ploidy:diploid; estimated size:1800000000; propagation:whole root; light regimen:ERC000037; sample health state:not applicable; rooting conditions:missing: not collected; soil taxonomic/FAO classification:missing: not collected; sample disease status:growth chamber
PRJEB71762	ERR12506890	SAMEA115094601	NA	NA	NA	NA	Illumina18	NA	culture rooting medium:missing: not collected; sample volume or weight for DNA extraction:0.5g; source material identifiers:tbd; isolation and growth condition:selfed; rooting medium carbon:missing: not collected; collection date:2022; rooting medium pH:not applicable; geographic location (longitude):P10KRNAseqLowP; plant structure:vegetative; subspecific genetic lineage rank:not applicable; growth facility:Pearl millet; mineral nutrient regimen:not applicable; rooting medium solidifier:missing: not collected; plant growth medium:missing: not collected; plant treatment:not applicable; soil pH:Hydroponics; number of replicons:7; rooting medium regulators:missing: not collected; geographic location (country and/or sea):Saudi Arabia; organism common name:not applicable; organism:Cenchrus americanus; air temperature regimen:low phosphate; rooting medium organic supplements:missing: not collected; watering regimen:not applicable; geographic location (latitude):22ï¿½ 18'; scientific name:Cenchrus americanus; rooting medium macronutrients:missing: not collected; rooting medium micronutrients:missing: not collected; subspecific genetic lineage name:not applicable; plant developmental stage:healthy; ploidy:diploid; estimated size:1800000000; propagation:whole root; light regimen:ERC000037; sample health state:not applicable; rooting conditions:missing: not collected; soil taxonomic/FAO classification:missing: not collected; sample disease status:growth chamber
PRJNA574746	SRR10198585	SAMN12868588	drought	leaf	NA	PRLT2/89-33	B_1_30	25.0	cultivar:PRLT2/89-33; age:40; geo loc name:India; tissue:leaf; sample type:leaf; temp:25; treatment:drought
PRJNA574746	SRR10198586	SAMN12868587	water	leaf	NA	PRLT2/89-33	B_0_0	25.0	cultivar:PRLT2/89-33; age:40; geo loc name:India; tissue:leaf; sample type:leaf; temp:25; treatment:water
PRJNA574746	SRR10198587	SAMN12868586	drought	leaf	NA	PRLT2/89-33	A_1_30	25.0	cultivar:PRLT2/89-33; age:25; geo loc name:India; tissue:leaf; sample type:leaf; temp:25; treatment:drought
PRJNA574746	SRR10198588	SAMN12868585	water	leaf	NA	PRLT2/89-33	A_0_0	25.0	cultivar:PRLT2/89-33; age:25; geo loc name:India; tissue:leaf; sample type:leaf; temp:25; treatment:water
PRJNA625418	SRR11547879	SAMN14599647	NA	all tissues	dough stage	PC701	PC-2	NA	cultivar:PC701-biological replicate-2; age:60 days after emergence; dev stage:Dough stage; geo loc name:India; tissue:Root  Leaf  Stem  Spike; biomaterial provider:Dr. Shelly Praveen; collected by:Dr. Ranjeet R Kumar; collection date:2019-10; genotype:PC701-biological replicate-2; sample type:Plant Tissue
PRJNA625418	SRR11547880	SAMN14599646	NA	all tissues	dough stage	PC701	PC-1	NA	cultivar:PC701-biological replicate-1; age:60 days after emergence; dev stage:Dough stage; geo loc name:India; tissue:Root  Leaf  Stem  Spike; biomaterial provider:Dr. Shelly Praveen; collected by:Dr. Ranjeet R Kumar; collection date:2019-10; genotype:PC701-biological replicate-1; sample type:Plant Tissue
PRJNA625418	SRR11547881	SAMN14599645	NA	all tissues	dough stage	Pusa1201	Pusa-2	NA	cultivar:Pusa1201-biological replicate-2; age:60 days after emergence; dev stage:Dough stage; geo loc name:India; tissue:Root  Leaf  Stem  Spike; biomaterial provider:Dr. Shelly Praveen; collected by:Dr. Ranjeet R Kumar; collection date:2019-10; genotype:Pusa1201-biological replicate-2; sample type:Plant Tissue
PRJNA625418	SRR11547882	SAMN14599644	NA	all tissues	dough stage	Pusa1201	Pusa-1	NA	cultivar:Pusa1201-biological replicate-1; age:60 days after emergence; dev stage:Dough stage; geo loc name:India; tissue:Root  Leaf  Stem  Spike; biomaterial provider:Dr. Shelly Praveen; collected by:Dr. Ranjeet R Kumar; collection date:2019-10; genotype:Pusa1201-biological replicate-1; sample type:Plant Tissue
PRJNA625418	SRR11547883	SAMN14599643	NA	all tissues	dough stage	Damodhar Bajri	DB-2	NA	cultivar:Damodhar Bajri-biological replicate-2; age:60 days after emergence; dev stage:Dough stage; geo loc name:India; tissue:Root  Leaf  Stem  Spike; biomaterial provider:Dr. Shelly Praveen; collected by:Dr. Ranjeet R Kumar; collection date:2019-10; genotype:Damodhar Bajri-biological replicate-2; sample type:Plant Tissue
PRJNA625418	SRR11547884	SAMN14599642	NA	all tissues	dough stage	Damodhar Bajri	DB-1	NA	cultivar:Damodhar Bajri-biological replicate-1; age:60 days after emergence; dev stage:Dough stage; geo loc name:India; tissue:Root  Leaf  Stem  Spike; biomaterial provider:Dr. Shelly Praveen; collected by:Dr. Ranjeet R Kumar; collection date:2019-10; genotype:Damodhar Bajri-biological replicate-1; sample type:Plant Tissue
PRJNA625418	SRR11547885	SAMN14599641	NA	all tissues	dough stage	Chadi Bajri	CB-2	NA	cultivar:Chadi Bajri-biological replicate-2; age:60 days after emergence; dev stage:Dough stage; geo loc name:India; tissue:Root  Leaf  Stem  Spike; biomaterial provider:Dr. Shelly Praveen; collected by:Dr. Ranjeet R Kumar; collection date:2019-10; genotype:Chadi Bajri-biological replicate-2; sample type:Plant Tissue
PRJNA625418	SRR11547886	SAMN14599640	NA	all tissues	dough stage	Chadi Bajri	CB-1	NA	cultivar:Chadi Bajri-biological replicate-1; age:60 days after emergence; dev stage:Dough stage; geo loc name:India; tissue:Root  Leaf  Stem  Spike; biomaterial provider:Dr. Shelly Praveen; collected by:Dr. Ranjeet R Kumar; collection date:2019-10; genotype:Chadi Bajri-biological replicate-1; sample type:Plant Tissue
PRJNA607164	SRR12328726	SAMN14122711	NA	flag leaf	reproductive stage	H77/833-2	Sensitive	NA	isolate:Pearl millet; cultivar:H77/833-2; age:40 Days old plant; dev stage:Reproductive stage; geo loc name:India: ICRISAT; tissue:Flag leaf
PRJNA607164	SRR12328727	SAMN14122710	NA	flag leaf	reproductive stage	PRLT2/89-33	Tolerant	NA	isolate:Pearl millet; cultivar:PRLT2/89-33; age:40 Days old plant; dev stage:Reproductive stage; geo loc name:India: ICRISAT; tissue:Flag leaf
PRJNA650146	SRR12399934	SAMN15693840	NA	leaf	three leaf stage	NA	Pearl_millet	NA	ecotype:USDA PI 583800; dev stage:Three leaf stage; geo loc name:USA: Nebraska; tissue:leave
PRJNA650146	SRR12399936	SAMN15693840	NA	leaf	three leaf stage	NA	Pearl_millet	NA	ecotype:USDA PI 583800; dev stage:Three leaf stage; geo loc name:USA: Nebraska; tissue:leave
PRJNA650146	SRR12399937	SAMN15693840	NA	leaf	three leaf stage	NA	Pearl_millet	NA	ecotype:USDA PI 583800; dev stage:Three leaf stage; geo loc name:USA: Nebraska; tissue:leave
PRJNA650146	SRR12399938	SAMN15693840	NA	leaf	three leaf stage	NA	Pearl_millet	NA	ecotype:USDA PI 583800; dev stage:Three leaf stage; geo loc name:USA: Nebraska; tissue:leave
PRJNA650146	SRR12399939	SAMN15693840	NA	leaf	three leaf stage	NA	Pearl_millet	NA	ecotype:USDA PI 583800; dev stage:Three leaf stage; geo loc name:USA: Nebraska; tissue:leave
PRJNA650146	SRR12399940	SAMN15693840	NA	leaf	three leaf stage	NA	Pearl_millet	NA	ecotype:USDA PI 583800; dev stage:Three leaf stage; geo loc name:USA: Nebraska; tissue:leave
PRJNA650146	SRR12399941	SAMN15693840	NA	leaf	three leaf stage	NA	Pearl_millet	NA	ecotype:USDA PI 583800; dev stage:Three leaf stage; geo loc name:USA: Nebraska; tissue:leave
PRJNA650146	SRR12399942	SAMN15693840	NA	leaf	three leaf stage	NA	Pearl_millet	NA	ecotype:USDA PI 583800; dev stage:Three leaf stage; geo loc name:USA: Nebraska; tissue:leave
PRJNA650146	SRR12399943	SAMN15693840	NA	leaf	three leaf stage	NA	Pearl_millet	NA	ecotype:USDA PI 583800; dev stage:Three leaf stage; geo loc name:USA: Nebraska; tissue:leave
PRJNA650146	SRR12399944	SAMN15693840	NA	leaf	three leaf stage	NA	Pearl_millet	NA	ecotype:USDA PI 583800; dev stage:Three leaf stage; geo loc name:USA: Nebraska; tissue:leave
PRJNA650146	SRR12399945	SAMN15693840	NA	leaf	three leaf stage	NA	Pearl_millet	NA	ecotype:USDA PI 583800; dev stage:Three leaf stage; geo loc name:USA: Nebraska; tissue:leave
PRJNA650146	SRR12399947	SAMN15693840	NA	leaf	three leaf stage	NA	Pearl_millet	NA	ecotype:USDA PI 583800; dev stage:Three leaf stage; geo loc name:USA: Nebraska; tissue:leave
PRJNA650146	SRR12399948	SAMN15693840	NA	leaf	three leaf stage	NA	Pearl_millet	NA	ecotype:USDA PI 583800; dev stage:Three leaf stage; geo loc name:USA: Nebraska; tissue:leave
PRJNA650146	SRR12399949	SAMN15693840	NA	leaf	three leaf stage	NA	Pearl_millet	NA	ecotype:USDA PI 583800; dev stage:Three leaf stage; geo loc name:USA: Nebraska; tissue:leave
PRJNA650146	SRR12399950	SAMN15693840	NA	leaf	three leaf stage	NA	Pearl_millet	NA	ecotype:USDA PI 583800; dev stage:Three leaf stage; geo loc name:USA: Nebraska; tissue:leave
PRJNA650146	SRR12399951	SAMN15693840	NA	leaf	three leaf stage	NA	Pearl_millet	NA	ecotype:USDA PI 583800; dev stage:Three leaf stage; geo loc name:USA: Nebraska; tissue:leave
PRJNA650146	SRR12399952	SAMN15693840	NA	leaf	three leaf stage	NA	Pearl_millet	NA	ecotype:USDA PI 583800; dev stage:Three leaf stage; geo loc name:USA: Nebraska; tissue:leave
PRJNA650146	SRR12399953	SAMN15693840	NA	leaf	three leaf stage	NA	Pearl_millet	NA	ecotype:USDA PI 583800; dev stage:Three leaf stage; geo loc name:USA: Nebraska; tissue:leave
PRJNA650146	SRR12399954	SAMN15693840	NA	leaf	three leaf stage	NA	Pearl_millet	NA	ecotype:USDA PI 583800; dev stage:Three leaf stage; geo loc name:USA: Nebraska; tissue:leave
PRJNA650146	SRR12399955	SAMN15693840	NA	leaf	three leaf stage	NA	Pearl_millet	NA	ecotype:USDA PI 583800; dev stage:Three leaf stage; geo loc name:USA: Nebraska; tissue:leave
PRJNA650146	SRR12399956	SAMN15693840	NA	leaf	three leaf stage	NA	Pearl_millet	NA	ecotype:USDA PI 583800; dev stage:Three leaf stage; geo loc name:USA: Nebraska; tissue:leave
PRJNA650146	SRR12399958	SAMN15693840	NA	leaf	three leaf stage	NA	Pearl_millet	NA	ecotype:USDA PI 583800; dev stage:Three leaf stage; geo loc name:USA: Nebraska; tissue:leave
PRJNA650146	SRR12399959	SAMN15693840	NA	leaf	three leaf stage	NA	Pearl_millet	NA	ecotype:USDA PI 583800; dev stage:Three leaf stage; geo loc name:USA: Nebraska; tissue:leave
PRJNA650146	SRR12399960	SAMN15693840	NA	leaf	three leaf stage	NA	Pearl_millet	NA	ecotype:USDA PI 583800; dev stage:Three leaf stage; geo loc name:USA: Nebraska; tissue:leave
PRJNA650146	SRR12399961	SAMN15693840	NA	leaf	three leaf stage	NA	Pearl_millet	NA	ecotype:USDA PI 583800; dev stage:Three leaf stage; geo loc name:USA: Nebraska; tissue:leave
PRJNA650146	SRR12399962	SAMN15693840	NA	leaf	three leaf stage	NA	Pearl_millet	NA	ecotype:USDA PI 583800; dev stage:Three leaf stage; geo loc name:USA: Nebraska; tissue:leave
PRJNA650146	SRR12399963	SAMN15693840	NA	leaf	three leaf stage	NA	Pearl_millet	NA	ecotype:USDA PI 583800; dev stage:Three leaf stage; geo loc name:USA: Nebraska; tissue:leave
PRJNA650146	SRR12399964	SAMN15693840	NA	leaf	three leaf stage	NA	Pearl_millet	NA	ecotype:USDA PI 583800; dev stage:Three leaf stage; geo loc name:USA: Nebraska; tissue:leave
PRJNA650146	SRR12399965	SAMN15693840	NA	leaf	three leaf stage	NA	Pearl_millet	NA	ecotype:USDA PI 583800; dev stage:Three leaf stage; geo loc name:USA: Nebraska; tissue:leave
PRJNA650146	SRR12399966	SAMN15693840	NA	leaf	three leaf stage	NA	Pearl_millet	NA	ecotype:USDA PI 583800; dev stage:Three leaf stage; geo loc name:USA: Nebraska; tissue:leave
PRJNA650146	SRR12399967	SAMN15693840	NA	leaf	three leaf stage	NA	Pearl_millet	NA	ecotype:USDA PI 583800; dev stage:Three leaf stage; geo loc name:USA: Nebraska; tissue:leave
PRJNA650146	SRR12399969	SAMN15693840	NA	leaf	three leaf stage	NA	Pearl_millet	NA	ecotype:USDA PI 583800; dev stage:Three leaf stage; geo loc name:USA: Nebraska; tissue:leave
PRJNA650146	SRR12399970	SAMN15693840	NA	leaf	three leaf stage	NA	Pearl_millet	NA	ecotype:USDA PI 583800; dev stage:Three leaf stage; geo loc name:USA: Nebraska; tissue:leave
PRJNA650146	SRR12399971	SAMN15693840	NA	leaf	three leaf stage	NA	Pearl_millet	NA	ecotype:USDA PI 583800; dev stage:Three leaf stage; geo loc name:USA: Nebraska; tissue:leave
PRJNA650146	SRR12399972	SAMN15693840	NA	leaf	three leaf stage	NA	Pearl_millet	NA	ecotype:USDA PI 583800; dev stage:Three leaf stage; geo loc name:USA: Nebraska; tissue:leave
PRJNA670183	SRR12880700	SAMN16484668	NA	leaf	NA	Tifleaf3	36HAIG_1	NA	cultivar:Tifleaf 3; age:36h after seeds imbibition; geo loc name:China:Sichuan; tissue:leaves; replicate:biological replicate 1
PRJNA670183	SRR12880701	SAMN16484667	NA	leaf	NA	Tifleaf3	24HAIG_3	NA	cultivar:Tifleaf 3; age:24h after seeds imbibition; geo loc name:China:Sichuan; tissue:leaves; replicate:biological replicate 3
PRJNA670183	SRR12880702	SAMN16484666	NA	leaf	NA	Tifleaf3	24HAIG_2	NA	cultivar:Tifleaf 3; age:24h after seeds imbibition; geo loc name:China:Sichuan; tissue:leaves; replicate:biological replicate 2
PRJNA670183	SRR12880703	SAMN16484665	NA	leaf	NA	Tifleaf3	24HAIG_1	NA	cultivar:Tifleaf 3; age:24h after seeds imbibition; geo loc name:China:Sichuan; tissue:leaves; replicate:biological replicate 1
PRJNA670183	SRR12880704	SAMN16484664	NA	seeds	NA	Tifleaf3	2HAIS_3	NA	cultivar:Tifleaf 3; age:2h after seeds imbibition; geo loc name:China:Sichuan; tissue:seeds; replicate:biological replicate 3
PRJNA670183	SRR12880705	SAMN16484663	NA	seeds	NA	Tifleaf3	2HAIS_2	NA	cultivar:Tifleaf 3; age:2h after seeds imbibition; geo loc name:China:Sichuan; tissue:seeds; replicate:biological replicate 2
PRJNA670183	SRR12880706	SAMN16484662	NA	seeds	NA	Tifleaf3	2HAIS_1	NA	cultivar:Tifleaf 3; age:2h after seeds imbibition; geo loc name:China:Sichuan; tissue:seeds; replicate:biological replicate 1
PRJNA670183	SRR12880707	SAMN16484682	NA	root	NA	Tifleaf3	48HAIR_3	NA	cultivar:Tifleaf 3; age:48h after seeds imbibition; geo loc name:China:Sichuan; tissue:roots; replicate:biological replicate 3
PRJNA670183	SRR12880708	SAMN16484681	NA	root	NA	Tifleaf3	48HAIR_2	NA	cultivar:Tifleaf 3; age:48h after seeds imbibition; geo loc name:China:Sichuan; tissue:roots; replicate:biological replicate 2
PRJNA670183	SRR12880709	SAMN16484680	NA	root	NA	Tifleaf3	48HAIR_1	NA	cultivar:Tifleaf 3; age:48h after seeds imbibition; geo loc name:China:Sichuan; tissue:roots; replicate:biological replicate 1
PRJNA670183	SRR12880710	SAMN16484679	NA	root	NA	Tifleaf3	36HAIR_3	NA	cultivar:Tifleaf 3; age:36h after seeds imbibition; geo loc name:China:Sichuan; tissue:roots; replicate:biological replicate 3
PRJNA670183	SRR12880711	SAMN16484661	NA	seeds	NA	Tifleaf3	seed_3	NA	cultivar:Tifleaf 3; age:dry seeds; geo loc name:China:Sichuan; tissue:seeds; replicate:biological replicate 3
PRJNA670183	SRR12880712	SAMN16484678	NA	root	NA	Tifleaf3	36HAIR_2	NA	cultivar:Tifleaf 3; age:36h after seeds imbibition; geo loc name:China:Sichuan; tissue:roots; replicate:biological replicate 2
PRJNA670183	SRR12880713	SAMN16484677	NA	root	NA	Tifleaf3	36HAIR_1	NA	cultivar:Tifleaf 3; age:36h after seeds imbibition; geo loc name:China:Sichuan; tissue:roots; replicate:biological replicate 1
PRJNA670183	SRR12880714	SAMN16484676	NA	root	NA	Tifleaf3	24HAIR_3	NA	cultivar:Tifleaf 3; age:24h after seeds imbibition; geo loc name:China:Sichuan; tissue:roots; replicate:biological replicate 3
PRJNA670183	SRR12880715	SAMN16484675	NA	root	NA	Tifleaf3	24HAIR_2	NA	cultivar:Tifleaf 3; age:24h after seeds imbibition; geo loc name:China:Sichuan; tissue:roots; replicate:biological replicate 2
PRJNA670183	SRR12880716	SAMN16484674	NA	root	NA	Tifleaf3	24HAIR_1	NA	cultivar:Tifleaf 3; age:24h after seeds imbibition; geo loc name:China:Sichuan; tissue:roots; replicate:biological replicate 1
PRJNA670183	SRR12880717	SAMN16484673	NA	leaf	NA	Tifleaf3	48HAIG_3	NA	cultivar:Tifleaf 3; age:48h after seeds imbibition; geo loc name:China:Sichuan; tissue:leaves; replicate:biological replicate 3
PRJNA670183	SRR12880718	SAMN16484672	NA	leaf	NA	Tifleaf3	48HAIG_2	NA	cultivar:Tifleaf 3; age:48h after seeds imbibition; geo loc name:China:Sichuan; tissue:leaves; replicate:biological replicate 2
PRJNA670183	SRR12880719	SAMN16484671	NA	leaf	NA	Tifleaf3	48HAIG_1	NA	cultivar:Tifleaf 3; age:48h after seeds imbibition; geo loc name:China:Sichuan; tissue:leaves; replicate:biological replicate 1
PRJNA670183	SRR12880720	SAMN16484670	NA	leaf	NA	Tifleaf3	36HAIG_3	NA	cultivar:Tifleaf 3; age:36h after seeds imbibition; geo loc name:China:Sichuan; tissue:leaves; replicate:biological replicate 3
PRJNA670183	SRR12880721	SAMN16484669	NA	leaf	NA	Tifleaf3	36HAIG_2	NA	cultivar:Tifleaf 3; age:36h after seeds imbibition; geo loc name:China:Sichuan; tissue:leaves; replicate:biological replicate 2
PRJNA670183	SRR12880722	SAMN16484660	NA	seeds	NA	Tifleaf3	seed_2	NA	cultivar:Tifleaf 3; age:dry seeds; geo loc name:China:Sichuan; tissue:seeds; replicate:biological replicate 2
PRJNA670183	SRR12880723	SAMN16484659	NA	seeds	NA	Tifleaf3	seed_1	NA	cultivar:Tifleaf 3; age:dry seeds; geo loc name:China:Sichuan; tissue:seeds; replicate:biological replicate 1
PRJNA689619	SRR13354581	SAMN17213252	heat 1h	root	NA	Tifleaf3	H_1hR3	NA	cultivar:TifLeaf3; age:13-day seedling; geo loc name:USA; tissue:root; treatment:heat 1h; replicate:replicate 3
PRJNA689619	SRR13354582	SAMN17213251	heat 1h	root	NA	Tifleaf3	H_1hR2	NA	cultivar:TifLeaf3; age:13-day seedling; geo loc name:USA; tissue:root; treatment:heat 1h; replicate:replicate 2
PRJNA689619	SRR13354583	SAMN17213242	control	root	NA	Tifleaf3	CK_1hR2	NA	cultivar:TifLeaf3; age:13-day seedling; geo loc name:USA; tissue:root; treatment:control 1h; replicate:replicate 2
PRJNA689619	SRR13354584	SAMN17213241	control	root	NA	Tifleaf3	CK_1hR1	NA	cultivar:TifLeaf3; age:13-day seedling; geo loc name:USA; tissue:root; treatment:control 1h; replicate:replicate 1
PRJNA689619	SRR13354585	SAMN17213250	heat 1h	root	NA	Tifleaf3	H_1hR1	NA	cultivar:TifLeaf3; age:13-day seedling; geo loc name:USA; tissue:root; treatment:heat 1h; replicate:replicate 1
PRJNA689619	SRR13354586	SAMN17213249	control	root	NA	Tifleaf3	CK_7hR3	NA	cultivar:TifLeaf3; age:13-day seedling; geo loc name:USA; tissue:root; treatment:control 7h; replicate:replicate 3
PRJNA689619	SRR13354587	SAMN17213248	control	root	NA	Tifleaf3	CK_7hR2	NA	cultivar:TifLeaf3; age:13-day seedling; geo loc name:USA; tissue:root; treatment:control 7h; replicate:replicate 2
PRJNA689619	SRR13354588	SAMN17213247	control	root	NA	Tifleaf3	CK_7hR1	NA	cultivar:TifLeaf3; age:13-day seedling; geo loc name:USA; tissue:root; treatment:control 7h; replicate:replicate 1
PRJNA689619	SRR13354589	SAMN17213246	control	root	NA	Tifleaf3	CK_3hR3	NA	cultivar:TifLeaf3; age:13-day seedling; geo loc name:USA; tissue:root; treatment:control 3h; replicate:replicate 3
PRJNA689619	SRR13354590	SAMN17213245	control	root	NA	Tifleaf3	CK_3hR2	NA	cultivar:TifLeaf3; age:13-day seedling; geo loc name:USA; tissue:root; treatment:control 3h; replicate:replicate 2
PRJNA689619	SRR13354591	SAMN17213244	control	root	NA	Tifleaf3	CK_3hR1	NA	cultivar:TifLeaf3; age:13-day seedling; geo loc name:USA; tissue:root; treatment:control 3h; replicate:replicate 1
PRJNA689619	SRR13354592	SAMN17213243	control	root	NA	Tifleaf3	CK_1hR3	NA	cultivar:TifLeaf3; age:13-day seedling; geo loc name:USA; tissue:root; treatment:control 1h; replicate:replicate 3
PRJNA689619	SRR13354593	SAMN17213258	heat 7h	root	NA	Tifleaf3	H_7hR3	NA	cultivar:TifLeaf3; age:13-day seedling; geo loc name:USA; tissue:root; treatment:heat 7h; replicate:replicate 3
PRJNA689619	SRR13354594	SAMN17213257	heat 7h	root	NA	Tifleaf3	H_7hR2	NA	cultivar:TifLeaf3; age:13-day seedling; geo loc name:USA; tissue:root; treatment:heat 7h; replicate:replicate 2
PRJNA689619	SRR13354595	SAMN17213256	heat 7h	root	NA	Tifleaf3	H_7hR1	NA	cultivar:TifLeaf3; age:13-day seedling; geo loc name:USA; tissue:root; treatment:heat 7h; replicate:replicate 1
PRJNA689619	SRR13354596	SAMN17213255	heat 3h	root	NA	Tifleaf3	H_3hR3	NA	cultivar:TifLeaf3; age:13-day seedling; geo loc name:USA; tissue:root; treatment:heat 3h; replicate:replicate 3
PRJNA689619	SRR13354597	SAMN17213254	heat 3h	root	NA	Tifleaf3	H_3hR2	NA	cultivar:TifLeaf3; age:13-day seedling; geo loc name:USA; tissue:root; treatment:heat 3h; replicate:replicate 2
PRJNA689619	SRR13354598	SAMN17213253	heat 3h	root	NA	Tifleaf3	H_3hR1	NA	cultivar:TifLeaf3; age:13-day seedling; geo loc name:USA; tissue:root; treatment:heat 3h; replicate:replicate 1
PRJNA688001	SRR13355943	SAMN17166496	drought	root	NA	Tifleaf3	D3h_1	NA	cultivar:TifLeaf3; age:drought 3 hour; geo loc name:China: Sichuan; tissue:root; treatment:drought; replicate:biological replicate 1
PRJNA688001	SRR13355944	SAMN17166495	control	root	NA	Tifleaf3	CK3h_3	NA	cultivar:TifLeaf3; age:without drought 3hour; geo loc name:China: Sichuan; tissue:root; treatment:control; replicate:biological replicate 3
PRJNA688001	SRR13355945	SAMN17166494	control	root	NA	Tifleaf3	CK3h_2	NA	cultivar:TifLeaf3; age:without drought 3hour; geo loc name:China: Sichuan; tissue:root; treatment:control; replicate:biological replicate 2
PRJNA688001	SRR13355946	SAMN17166493	control	root	NA	Tifleaf3	CK3h_1	NA	cultivar:TifLeaf3; age:without drought 3hour; geo loc name:China: Sichuan; tissue:root; treatment:control; replicate:biological replicate 1
PRJNA688001	SRR13355947	SAMN17166492	drought	root	NA	Tifleaf3	D1h_3	NA	cultivar:TifLeaf3; age:drought 1 hour; geo loc name:China: Sichuan; tissue:root; treatment:drought; replicate:biological replicate 3
PRJNA688001	SRR13355948	SAMN17166491	drought	root	NA	Tifleaf3	D1h_2	NA	cultivar:TifLeaf3; age:drought 1 hour; geo loc name:China: Sichuan; tissue:root; treatment:drought; replicate:biological replicate 2
PRJNA688001	SRR13355949	SAMN17166490	drought	root	NA	Tifleaf3	D1h_1	NA	cultivar:TifLeaf3; age:drought 1 hour; geo loc name:China: Sichuan; tissue:root; treatment:drought; replicate:biological replicate 1
PRJNA688001	SRR13355950	SAMN17166489	control	root	NA	Tifleaf3	CK1h_3	NA	cultivar:TifLeaf3; age:without drought 1hour; geo loc name:China: Sichuan; tissue:root; treatment:control; replicate:biological replicate 3
PRJNA688001	SRR13355951	SAMN17166504	drought	root	NA	Tifleaf3	D7h_3	NA	cultivar:TifLeaf3; age:drought 7 hour; geo loc name:China: Sichuan; tissue:root; treatment:drought; replicate:biological replicate 3
PRJNA688001	SRR13355952	SAMN17166503	drought	root	NA	Tifleaf3	D7h_2	NA	cultivar:TifLeaf3; age:drought 7 hour; geo loc name:China: Sichuan; tissue:root; treatment:drought; replicate:biological replicate 2
PRJNA688001	SRR13355953	SAMN17166502	drought	root	NA	Tifleaf3	D7h_1	NA	cultivar:TifLeaf3; age:drought 7 hour; geo loc name:China: Sichuan; tissue:root; treatment:drought; replicate:biological replicate 1
PRJNA688001	SRR13355954	SAMN17166501	control	root	NA	Tifleaf3	CK7h_3	NA	cultivar:TifLeaf3; age:without drought 7hour; geo loc name:China: Sichuan; tissue:root; treatment:control; replicate:biological replicate 3
PRJNA688001	SRR13355955	SAMN17166500	control	root	NA	Tifleaf3	CK7h_2	NA	cultivar:TifLeaf3; age:without drought 7hour; geo loc name:China: Sichuan; tissue:root; treatment:control; replicate:biological replicate 2
PRJNA688001	SRR13355956	SAMN17166499	control	root	NA	Tifleaf3	CK7h_1	NA	cultivar:TifLeaf3; age:without drought 7hour; geo loc name:China: Sichuan; tissue:root; treatment:control; replicate:biological replicate 1
PRJNA688001	SRR13355957	SAMN17166498	drought	root	NA	Tifleaf3	D3h_3	NA	cultivar:TifLeaf3; age:drought 3 hour; geo loc name:China: Sichuan; tissue:root; treatment:drought; replicate:biological replicate 3
PRJNA688001	SRR13355958	SAMN17166497	drought	root	NA	Tifleaf3	D3h_2	NA	cultivar:TifLeaf3; age:drought 3 hour; geo loc name:China: Sichuan; tissue:root; treatment:drought; replicate:biological replicate 2
PRJNA688001	SRR13355959	SAMN17166488	control	root	NA	Tifleaf3	CK1h_2	NA	cultivar:TifLeaf3; age:without drought 1hour; geo loc name:China: Sichuan; tissue:root; treatment:control; replicate:biological replicate 2
PRJNA688001	SRR13355960	SAMN17166487	control	root	NA	Tifleaf3	CK1h_1	NA	cultivar:TifLeaf3; age:without drought 1hour; geo loc name:China: Sichuan; tissue:root; treatment:control; replicate:biological replicate 1
PRJNA724870	SRR14329598	SAMN18863884	NA	all tissues	reproductive stage	TiftBC7	PglBC7	NA	cultivar:TiftBC7; age:Three months; dev stage:Reproductive Stage; geo loc name:USA: Department of Crop and soil Science  University of Georgia  Tifton Campus; tissue:Flower and Leaf; biomaterial provider:Prof. Wayne W. Hanna; collected by:USA: University of Georgia
PRJNA724870	SRR14329599	SAMN18863884	NA	all tissues	reproductive stage	TiftBC7	PglBC7	NA	cultivar:TiftBC7; age:Three months; dev stage:Reproductive Stage; geo loc name:USA: Department of Crop and soil Science  University of Georgia  Tifton Campus; tissue:Flower and Leaf; biomaterial provider:Prof. Wayne W. Hanna; collected by:USA: University of Georgia
PRJNA724870	SRR14329600	SAMN18863884	NA	all tissues	reproductive stage	TiftBC7	PglBC7	NA	cultivar:TiftBC7; age:Three months; dev stage:Reproductive Stage; geo loc name:USA: Department of Crop and soil Science  University of Georgia  Tifton Campus; tissue:Flower and Leaf; biomaterial provider:Prof. Wayne W. Hanna; collected by:USA: University of Georgia
PRJNA724870	SRR14329601	SAMN18863884	NA	all tissues	reproductive stage	TiftBC7	PglBC7	NA	cultivar:TiftBC7; age:Three months; dev stage:Reproductive Stage; geo loc name:USA: Department of Crop and soil Science  University of Georgia  Tifton Campus; tissue:Flower and Leaf; biomaterial provider:Prof. Wayne W. Hanna; collected by:USA: University of Georgia
PRJNA724870	SRR14329602	SAMN18863884	NA	all tissues	reproductive stage	TiftBC7	PglBC7	NA	cultivar:TiftBC7; age:Three months; dev stage:Reproductive Stage; geo loc name:USA: Department of Crop and soil Science  University of Georgia  Tifton Campus; tissue:Flower and Leaf; biomaterial provider:Prof. Wayne W. Hanna; collected by:USA: University of Georgia
PRJNA724870	SRR14329606	SAMN18863884	NA	all tissues	reproductive stage	TiftBC7	PglBC7	NA	cultivar:TiftBC7; age:Three months; dev stage:Reproductive Stage; geo loc name:USA: Department of Crop and soil Science  University of Georgia  Tifton Campus; tissue:Flower and Leaf; biomaterial provider:Prof. Wayne W. Hanna; collected by:USA: University of Georgia
PRJNA724870	SRR14329611	SAMN18863884	NA	all tissues	reproductive stage	TiftBC7	PglBC7	NA	cultivar:TiftBC7; age:Three months; dev stage:Reproductive Stage; geo loc name:USA: Department of Crop and soil Science  University of Georgia  Tifton Campus; tissue:Flower and Leaf; biomaterial provider:Prof. Wayne W. Hanna; collected by:USA: University of Georgia
PRJNA724870	SRR14329612	SAMN18863884	NA	all tissues	reproductive stage	TiftBC7	PglBC7	NA	cultivar:TiftBC7; age:Three months; dev stage:Reproductive Stage; geo loc name:USA: Department of Crop and soil Science  University of Georgia  Tifton Campus; tissue:Flower and Leaf; biomaterial provider:Prof. Wayne W. Hanna; collected by:USA: University of Georgia
PRJNA724870	SRR14329613	SAMN18863884	NA	all tissues	reproductive stage	TiftBC7	PglBC7	NA	cultivar:TiftBC7; age:Three months; dev stage:Reproductive Stage; geo loc name:USA: Department of Crop and soil Science  University of Georgia  Tifton Campus; tissue:Flower and Leaf; biomaterial provider:Prof. Wayne W. Hanna; collected by:USA: University of Georgia
PRJNA724870	SRR14329614	SAMN18863884	NA	all tissues	reproductive stage	TiftBC7	PglBC7	NA	cultivar:TiftBC7; age:Three months; dev stage:Reproductive Stage; geo loc name:USA: Department of Crop and soil Science  University of Georgia  Tifton Campus; tissue:Flower and Leaf; biomaterial provider:Prof. Wayne W. Hanna; collected by:USA: University of Georgia
PRJNA724870	SRR14329615	SAMN18863884	NA	all tissues	reproductive stage	TiftBC7	PglBC7	NA	cultivar:TiftBC7; age:Three months; dev stage:Reproductive Stage; geo loc name:USA: Department of Crop and soil Science  University of Georgia  Tifton Campus; tissue:Flower and Leaf; biomaterial provider:Prof. Wayne W. Hanna; collected by:USA: University of Georgia
PRJNA724870	SRR14329616	SAMN18863884	NA	all tissues	reproductive stage	TiftBC7	PglBC7	NA	cultivar:TiftBC7; age:Three months; dev stage:Reproductive Stage; geo loc name:USA: Department of Crop and soil Science  University of Georgia  Tifton Campus; tissue:Flower and Leaf; biomaterial provider:Prof. Wayne W. Hanna; collected by:USA: University of Georgia
PRJNA724870	SRR14329617	SAMN18863884	NA	all tissues	reproductive stage	TiftBC7	PglBC7	NA	cultivar:TiftBC7; age:Three months; dev stage:Reproductive Stage; geo loc name:USA: Department of Crop and soil Science  University of Georgia  Tifton Campus; tissue:Flower and Leaf; biomaterial provider:Prof. Wayne W. Hanna; collected by:USA: University of Georgia
PRJNA724870	SRR14329618	SAMN18863884	NA	all tissues	reproductive stage	TiftBC7	PglBC7	NA	cultivar:TiftBC7; age:Three months; dev stage:Reproductive Stage; geo loc name:USA: Department of Crop and soil Science  University of Georgia  Tifton Campus; tissue:Flower and Leaf; biomaterial provider:Prof. Wayne W. Hanna; collected by:USA: University of Georgia
PRJNA756390	SRR15532970	SAMN20864858	heat 1h	leaf	NA	Tifleaf3	H_1hL1	NA	cultivar:TifLeaf3; age:13-day seedling; geo loc name:USA; tissue:leave; treatment:heat 1h; replicate:replicate 1
PRJNA756390	SRR15532971	SAMN20864857	control	leaf	NA	Tifleaf3	CK_96hL3	NA	cultivar:TifLeaf3; age:13-day seedling; geo loc name:USA; tissue:leave; treatment:control 96h; replicate:replicate 3
PRJNA756390	SRR15532972	SAMN20864856	control	leaf	NA	Tifleaf3	CK_96hL2	NA	cultivar:TifLeaf3; age:13-day seedling; geo loc name:USA; tissue:leave; treatment:control 96h; replicate:replicate 2
PRJNA756390	SRR15532973	SAMN20864855	control	leaf	NA	Tifleaf3	CK_96hL1	NA	cultivar:TifLeaf3; age:13-day seedling; geo loc name:USA; tissue:leave; treatment:control 96h; replicate:replicate 1
PRJNA756390	SRR15532974	SAMN20864854	control	leaf	NA	Tifleaf3	CK_48hL3	NA	cultivar:TifLeaf3; age:13-day seedling; geo loc name:USA; tissue:leave; treatment:control 48h; replicate:replicate 3
PRJNA756390	SRR15532975	SAMN20864853	control	leaf	NA	Tifleaf3	CK_48hL2	NA	cultivar:TifLeaf3; age:13-day seedling; geo loc name:USA; tissue:leave; treatment:control 48h; replicate:replicate 2
PRJNA756390	SRR15532976	SAMN20864852	control	leaf	NA	Tifleaf3	CK_48hL1	NA	cultivar:TifLeaf3; age:13-day seedling; geo loc name:USA; tissue:leave; treatment:control 48h; replicate:replicate 1
PRJNA756390	SRR15532977	SAMN20864851	control	leaf	NA	Tifleaf3	CK_1hL3	NA	cultivar:TifLeaf3; age:13-day seedling; geo loc name:USA; tissue:leave; treatment:control 1h; replicate:replicate 3
PRJNA756390	SRR15532978	SAMN20864866	heat 96h	leaf	NA	Tifleaf3	H_96hL3	NA	cultivar:TifLeaf3; age:13-day seedling; geo loc name:USA; tissue:leave; treatment:heat 96h; replicate:replicate 3
PRJNA756390	SRR15532979	SAMN20864865	heat 96h	leaf	NA	Tifleaf3	H_96hL2	NA	cultivar:TifLeaf3; age:13-day seedling; geo loc name:USA; tissue:leave; treatment:heat 96h; replicate:replicate 2
PRJNA756390	SRR15532980	SAMN20864864	heat 96h	leaf	NA	Tifleaf3	H_96hL1	NA	cultivar:TifLeaf3; age:13-day seedling; geo loc name:USA; tissue:leave; treatment:heat 96h; replicate:replicate 1
PRJNA756390	SRR15532981	SAMN20864863	heat 48h	leaf	NA	Tifleaf3	H_48hL3	NA	cultivar:TifLeaf3; age:13-day seedling; geo loc name:USA; tissue:leave; treatment:heat 48h; replicate:replicate 3
PRJNA756390	SRR15532982	SAMN20864862	heat 48h	leaf	NA	Tifleaf3	H_48hL2	NA	cultivar:TifLeaf3; age:13-day seedling; geo loc name:USA; tissue:leave; treatment:heat 48h; replicate:replicate 2
PRJNA756390	SRR15532983	SAMN20864861	heat 48h	leaf	NA	Tifleaf3	H_48hL1	NA	cultivar:TifLeaf3; age:13-day seedling; geo loc name:USA; tissue:leave; treatment:heat 48h; replicate:replicate 1
PRJNA756390	SRR15532984	SAMN20864860	heat 1h	leaf	NA	Tifleaf3	H_1hL3	NA	cultivar:TifLeaf3; age:13-day seedling; geo loc name:USA; tissue:leave; treatment:heat 1h; replicate:replicate 3
PRJNA756390	SRR15532985	SAMN20864859	heat 1h	leaf	NA	Tifleaf3	H_1hL2	NA	cultivar:TifLeaf3; age:13-day seedling; geo loc name:USA; tissue:leave; treatment:heat 1h; replicate:replicate 2
PRJNA756390	SRR15532986	SAMN20864850	control	leaf	NA	Tifleaf3	CK_1hL2	NA	cultivar:TifLeaf3; age:13-day seedling; geo loc name:USA; tissue:leave; treatment:control 1h; replicate:replicate 2
PRJNA756390	SRR15532987	SAMN20864849	control	leaf	NA	Tifleaf3	CK_1hL1	NA	cultivar:TifLeaf3; age:13-day seedling; geo loc name:USA; tissue:leave; treatment:control 1h; replicate:replicate 1
PRJNA749489	SRR15681886	SAMN20372183	NA	leaf	vegetative stage	Tifleaf3	Tifleaf_3	NA	dev stage:Vegetative; geo loc name:USA; tissue:leaf; collection date:2020-12-06; cultivar:Tifleaf 3
PRJNA749489	SRR15681887	SAMN20372183	NA	leaf	vegetative stage	Tifleaf3	Tifleaf_3	NA	dev stage:Vegetative; geo loc name:USA; tissue:leaf; collection date:2020-12-06; cultivar:Tifleaf 3
PRJNA749489	SRR15681888	SAMN20372179	NA	leaf	vegetative stage	NA	PI521612	NA	dev stage:Vegetative; geo loc name:Kenya; tissue:leaf; collection date:2020-12-02; bio material:PI521612; cultivar:missing
PRJNA749489	SRR15681889	SAMN20372182	NA	leaf	vegetative stage	NA	PI587025	NA	dev stage:Vegetative; geo loc name:Saudi Arabia; tissue:leave; collection date:2020-12-05; bio material:PI587025; cultivar:missing
PRJNA749489	SRR15681890	SAMN20372182	NA	leaf	vegetative stage	NA	PI587025	NA	dev stage:Vegetative; geo loc name:Saudi Arabia; tissue:leave; collection date:2020-12-05; bio material:PI587025; cultivar:missing
PRJNA749489	SRR15681891	SAMN20372182	NA	leaf	vegetative stage	NA	PI587025	NA	dev stage:Vegetative; geo loc name:Saudi Arabia; tissue:leave; collection date:2020-12-05; bio material:PI587025; cultivar:missing
PRJNA749489	SRR15681892	SAMN20372182	NA	leaf	vegetative stage	NA	PI587025	NA	dev stage:Vegetative; geo loc name:Saudi Arabia; tissue:leave; collection date:2020-12-05; bio material:PI587025; cultivar:missing
PRJNA749489	SRR15681893	SAMN20372182	NA	leaf	vegetative stage	NA	PI587025	NA	dev stage:Vegetative; geo loc name:Saudi Arabia; tissue:leave; collection date:2020-12-05; bio material:PI587025; cultivar:missing
PRJNA749489	SRR15681894	SAMN20372182	NA	leaf	vegetative stage	NA	PI587025	NA	dev stage:Vegetative; geo loc name:Saudi Arabia; tissue:leave; collection date:2020-12-05; bio material:PI587025; cultivar:missing
PRJNA749489	SRR15681895	SAMN20372182	NA	leaf	vegetative stage	NA	PI587025	NA	dev stage:Vegetative; geo loc name:Saudi Arabia; tissue:leave; collection date:2020-12-05; bio material:PI587025; cultivar:missing
PRJNA749489	SRR15681896	SAMN20372182	NA	leaf	vegetative stage	NA	PI587025	NA	dev stage:Vegetative; geo loc name:Saudi Arabia; tissue:leave; collection date:2020-12-05; bio material:PI587025; cultivar:missing
PRJNA749489	SRR15681897	SAMN20372182	NA	leaf	vegetative stage	NA	PI587025	NA	dev stage:Vegetative; geo loc name:Saudi Arabia; tissue:leave; collection date:2020-12-05; bio material:PI587025; cultivar:missing
PRJNA749489	SRR15681898	SAMN20372182	NA	leaf	vegetative stage	NA	PI587025	NA	dev stage:Vegetative; geo loc name:Saudi Arabia; tissue:leave; collection date:2020-12-05; bio material:PI587025; cultivar:missing
PRJNA749489	SRR15681899	SAMN20372179	NA	leaf	vegetative stage	NA	PI521612	NA	dev stage:Vegetative; geo loc name:Kenya; tissue:leaf; collection date:2020-12-02; bio material:PI521612; cultivar:missing
PRJNA749489	SRR15681900	SAMN20372182	NA	leaf	vegetative stage	NA	PI587025	NA	dev stage:Vegetative; geo loc name:Saudi Arabia; tissue:leave; collection date:2020-12-05; bio material:PI587025; cultivar:missing
PRJNA749489	SRR15681901	SAMN20372182	NA	leaf	vegetative stage	NA	PI587025	NA	dev stage:Vegetative; geo loc name:Saudi Arabia; tissue:leave; collection date:2020-12-05; bio material:PI587025; cultivar:missing
PRJNA749489	SRR15681902	SAMN20372181	NA	leaf	vegetative stage	NA	PI583800	NA	dev stage:Vegetative; geo loc name:India: Andhra Pradesh; tissue:leaf; collection date:2020-12-04; bio material:PI583800; cultivar:missing
PRJNA749489	SRR15681903	SAMN20372181	NA	leaf	vegetative stage	NA	PI583800	NA	dev stage:Vegetative; geo loc name:India: Andhra Pradesh; tissue:leaf; collection date:2020-12-04; bio material:PI583800; cultivar:missing
PRJNA749489	SRR15681904	SAMN20372181	NA	leaf	vegetative stage	NA	PI583800	NA	dev stage:Vegetative; geo loc name:India: Andhra Pradesh; tissue:leaf; collection date:2020-12-04; bio material:PI583800; cultivar:missing
PRJNA749489	SRR15681905	SAMN20372181	NA	leaf	vegetative stage	NA	PI583800	NA	dev stage:Vegetative; geo loc name:India: Andhra Pradesh; tissue:leaf; collection date:2020-12-04; bio material:PI583800; cultivar:missing
PRJNA749489	SRR15681906	SAMN20372181	NA	leaf	vegetative stage	NA	PI583800	NA	dev stage:Vegetative; geo loc name:India: Andhra Pradesh; tissue:leaf; collection date:2020-12-04; bio material:PI583800; cultivar:missing
PRJNA749489	SRR15681907	SAMN20372181	NA	leaf	vegetative stage	NA	PI583800	NA	dev stage:Vegetative; geo loc name:India: Andhra Pradesh; tissue:leaf; collection date:2020-12-04; bio material:PI583800; cultivar:missing
PRJNA749489	SRR15681908	SAMN20372181	NA	leaf	vegetative stage	NA	PI583800	NA	dev stage:Vegetative; geo loc name:India: Andhra Pradesh; tissue:leaf; collection date:2020-12-04; bio material:PI583800; cultivar:missing
PRJNA749489	SRR15681909	SAMN20372181	NA	leaf	vegetative stage	NA	PI583800	NA	dev stage:Vegetative; geo loc name:India: Andhra Pradesh; tissue:leaf; collection date:2020-12-04; bio material:PI583800; cultivar:missing
PRJNA749489	SRR15681910	SAMN20372179	NA	leaf	vegetative stage	NA	PI521612	NA	dev stage:Vegetative; geo loc name:Kenya; tissue:leaf; collection date:2020-12-02; bio material:PI521612; cultivar:missing
PRJNA749489	SRR15681911	SAMN20372181	NA	leaf	vegetative stage	NA	PI583800	NA	dev stage:Vegetative; geo loc name:India: Andhra Pradesh; tissue:leaf; collection date:2020-12-04; bio material:PI583800; cultivar:missing
PRJNA749489	SRR15681912	SAMN20372181	NA	leaf	vegetative stage	NA	PI583800	NA	dev stage:Vegetative; geo loc name:India: Andhra Pradesh; tissue:leaf; collection date:2020-12-04; bio material:PI583800; cultivar:missing
PRJNA749489	SRR15681913	SAMN20372181	NA	leaf	vegetative stage	NA	PI583800	NA	dev stage:Vegetative; geo loc name:India: Andhra Pradesh; tissue:leaf; collection date:2020-12-04; bio material:PI583800; cultivar:missing
PRJNA749489	SRR15681914	SAMN20372181	NA	leaf	vegetative stage	NA	PI583800	NA	dev stage:Vegetative; geo loc name:India: Andhra Pradesh; tissue:leaf; collection date:2020-12-04; bio material:PI583800; cultivar:missing
PRJNA749489	SRR15681915	SAMN20372178	NA	leaf	vegetative stage	NA	PI537069	NA	dev stage:Vegetative; geo loc name:Niger; tissue:leaf; collection date:2020-12-01; bio material:PI537069; cultivar:missing
PRJNA749489	SRR15681916	SAMN20372178	NA	leaf	vegetative stage	NA	PI537069	NA	dev stage:Vegetative; geo loc name:Niger; tissue:leaf; collection date:2020-12-01; bio material:PI537069; cultivar:missing
PRJNA749489	SRR15681917	SAMN20372178	NA	leaf	vegetative stage	NA	PI537069	NA	dev stage:Vegetative; geo loc name:Niger; tissue:leaf; collection date:2020-12-01; bio material:PI537069; cultivar:missing
PRJNA749489	SRR15681918	SAMN20372178	NA	leaf	vegetative stage	NA	PI537069	NA	dev stage:Vegetative; geo loc name:Niger; tissue:leaf; collection date:2020-12-01; bio material:PI537069; cultivar:missing
PRJNA749489	SRR15681919	SAMN20372178	NA	leaf	vegetative stage	NA	PI537069	NA	dev stage:Vegetative; geo loc name:Niger; tissue:leaf; collection date:2020-12-01; bio material:PI537069; cultivar:missing
PRJNA749489	SRR15681920	SAMN20372178	NA	leaf	vegetative stage	NA	PI537069	NA	dev stage:Vegetative; geo loc name:Niger; tissue:leaf; collection date:2020-12-01; bio material:PI537069; cultivar:missing
PRJNA749489	SRR15681921	SAMN20372179	NA	leaf	vegetative stage	NA	PI521612	NA	dev stage:Vegetative; geo loc name:Kenya; tissue:leaf; collection date:2020-12-02; bio material:PI521612; cultivar:missing
PRJNA749489	SRR15681922	SAMN20372178	NA	leaf	vegetative stage	NA	PI537069	NA	dev stage:Vegetative; geo loc name:Niger; tissue:leaf; collection date:2020-12-01; bio material:PI537069; cultivar:missing
PRJNA749489	SRR15681923	SAMN20372178	NA	leaf	vegetative stage	NA	PI537069	NA	dev stage:Vegetative; geo loc name:Niger; tissue:leaf; collection date:2020-12-01; bio material:PI537069; cultivar:missing
PRJNA749489	SRR15681924	SAMN20372178	NA	leaf	vegetative stage	NA	PI537069	NA	dev stage:Vegetative; geo loc name:Niger; tissue:leaf; collection date:2020-12-01; bio material:PI537069; cultivar:missing
PRJNA749489	SRR15681925	SAMN20372178	NA	leaf	vegetative stage	NA	PI537069	NA	dev stage:Vegetative; geo loc name:Niger; tissue:leaf; collection date:2020-12-01; bio material:PI537069; cultivar:missing
PRJNA749489	SRR15681926	SAMN20372178	NA	leaf	vegetative stage	NA	PI537069	NA	dev stage:Vegetative; geo loc name:Niger; tissue:leaf; collection date:2020-12-01; bio material:PI537069; cultivar:missing
PRJNA749489	SRR15681927	SAMN20372178	NA	leaf	vegetative stage	NA	PI537069	NA	dev stage:Vegetative; geo loc name:Niger; tissue:leaf; collection date:2020-12-01; bio material:PI537069; cultivar:missing
PRJNA749489	SRR15681928	SAMN20372180	NA	leaf	vegetative stage	NA	PI526529	NA	dev stage:Vegetative; geo loc name:Zimbabwe; tissue:leaf; collection date:2020-12-03; bio material:PI526529; cultivar:missing
PRJNA749489	SRR15681929	SAMN20372180	NA	leaf	vegetative stage	NA	PI526529	NA	dev stage:Vegetative; geo loc name:Zimbabwe; tissue:leaf; collection date:2020-12-03; bio material:PI526529; cultivar:missing
PRJNA749489	SRR15681930	SAMN20372180	NA	leaf	vegetative stage	NA	PI526529	NA	dev stage:Vegetative; geo loc name:Zimbabwe; tissue:leaf; collection date:2020-12-03; bio material:PI526529; cultivar:missing
PRJNA749489	SRR15681931	SAMN20372180	NA	leaf	vegetative stage	NA	PI526529	NA	dev stage:Vegetative; geo loc name:Zimbabwe; tissue:leaf; collection date:2020-12-03; bio material:PI526529; cultivar:missing
PRJNA749489	SRR15681932	SAMN20372179	NA	leaf	vegetative stage	NA	PI521612	NA	dev stage:Vegetative; geo loc name:Kenya; tissue:leaf; collection date:2020-12-02; bio material:PI521612; cultivar:missing
PRJNA749489	SRR15681933	SAMN20372180	NA	leaf	vegetative stage	NA	PI526529	NA	dev stage:Vegetative; geo loc name:Zimbabwe; tissue:leaf; collection date:2020-12-03; bio material:PI526529; cultivar:missing
PRJNA749489	SRR15681934	SAMN20372180	NA	leaf	vegetative stage	NA	PI526529	NA	dev stage:Vegetative; geo loc name:Zimbabwe; tissue:leaf; collection date:2020-12-03; bio material:PI526529; cultivar:missing
PRJNA749489	SRR15681935	SAMN20372180	NA	leaf	vegetative stage	NA	PI526529	NA	dev stage:Vegetative; geo loc name:Zimbabwe; tissue:leaf; collection date:2020-12-03; bio material:PI526529; cultivar:missing
PRJNA749489	SRR15681936	SAMN20372180	NA	leaf	vegetative stage	NA	PI526529	NA	dev stage:Vegetative; geo loc name:Zimbabwe; tissue:leaf; collection date:2020-12-03; bio material:PI526529; cultivar:missing
PRJNA749489	SRR15681937	SAMN20372180	NA	leaf	vegetative stage	NA	PI526529	NA	dev stage:Vegetative; geo loc name:Zimbabwe; tissue:leaf; collection date:2020-12-03; bio material:PI526529; cultivar:missing
PRJNA749489	SRR15681938	SAMN20372180	NA	leaf	vegetative stage	NA	PI526529	NA	dev stage:Vegetative; geo loc name:Zimbabwe; tissue:leaf; collection date:2020-12-03; bio material:PI526529; cultivar:missing
PRJNA749489	SRR15681939	SAMN20372180	NA	leaf	vegetative stage	NA	PI526529	NA	dev stage:Vegetative; geo loc name:Zimbabwe; tissue:leaf; collection date:2020-12-03; bio material:PI526529; cultivar:missing
PRJNA749489	SRR15681940	SAMN20372180	NA	leaf	vegetative stage	NA	PI526529	NA	dev stage:Vegetative; geo loc name:Zimbabwe; tissue:leaf; collection date:2020-12-03; bio material:PI526529; cultivar:missing
PRJNA749489	SRR15681941	SAMN20372179	NA	leaf	vegetative stage	NA	PI521612	NA	dev stage:Vegetative; geo loc name:Kenya; tissue:leaf; collection date:2020-12-02; bio material:PI521612; cultivar:missing
PRJNA749489	SRR15681942	SAMN20372179	NA	leaf	vegetative stage	NA	PI521612	NA	dev stage:Vegetative; geo loc name:Kenya; tissue:leaf; collection date:2020-12-02; bio material:PI521612; cultivar:missing
PRJNA749489	SRR15681943	SAMN20372179	NA	leaf	vegetative stage	NA	PI521612	NA	dev stage:Vegetative; geo loc name:Kenya; tissue:leaf; collection date:2020-12-02; bio material:PI521612; cultivar:missing
PRJNA749489	SRR15681944	SAMN20372183	NA	leaf	vegetative stage	Tifleaf3	Tifleaf_3	NA	dev stage:Vegetative; geo loc name:USA; tissue:leaf; collection date:2020-12-06; cultivar:Tifleaf 3
PRJNA749489	SRR15681945	SAMN20372183	NA	leaf	vegetative stage	Tifleaf3	Tifleaf_3	NA	dev stage:Vegetative; geo loc name:USA; tissue:leaf; collection date:2020-12-06; cultivar:Tifleaf 3
PRJNA749489	SRR15681946	SAMN20372179	NA	leaf	vegetative stage	NA	PI521612	NA	dev stage:Vegetative; geo loc name:Kenya; tissue:leaf; collection date:2020-12-02; bio material:PI521612; cultivar:missing
PRJNA749489	SRR15681947	SAMN20372183	NA	leaf	vegetative stage	Tifleaf3	Tifleaf_3	NA	dev stage:Vegetative; geo loc name:USA; tissue:leaf; collection date:2020-12-06; cultivar:Tifleaf 3
PRJNA749489	SRR15681948	SAMN20372183	NA	leaf	vegetative stage	Tifleaf3	Tifleaf_3	NA	dev stage:Vegetative; geo loc name:USA; tissue:leaf; collection date:2020-12-06; cultivar:Tifleaf 3
PRJNA749489	SRR15681949	SAMN20372183	NA	leaf	vegetative stage	Tifleaf3	Tifleaf_3	NA	dev stage:Vegetative; geo loc name:USA; tissue:leaf; collection date:2020-12-06; cultivar:Tifleaf 3
PRJNA749489	SRR15681950	SAMN20372183	NA	leaf	vegetative stage	Tifleaf3	Tifleaf_3	NA	dev stage:Vegetative; geo loc name:USA; tissue:leaf; collection date:2020-12-06; cultivar:Tifleaf 3
PRJNA749489	SRR15681951	SAMN20372183	NA	leaf	vegetative stage	Tifleaf3	Tifleaf_3	NA	dev stage:Vegetative; geo loc name:USA; tissue:leaf; collection date:2020-12-06; cultivar:Tifleaf 3
PRJNA749489	SRR15681952	SAMN20372183	NA	leaf	vegetative stage	Tifleaf3	Tifleaf_3	NA	dev stage:Vegetative; geo loc name:USA; tissue:leaf; collection date:2020-12-06; cultivar:Tifleaf 3
PRJNA749489	SRR15681953	SAMN20372183	NA	leaf	vegetative stage	Tifleaf3	Tifleaf_3	NA	dev stage:Vegetative; geo loc name:USA; tissue:leaf; collection date:2020-12-06; cultivar:Tifleaf 3
PRJNA749489	SRR15681954	SAMN20372183	NA	leaf	vegetative stage	Tifleaf3	Tifleaf_3	NA	dev stage:Vegetative; geo loc name:USA; tissue:leaf; collection date:2020-12-06; cultivar:Tifleaf 3
PRJNA749489	SRR15681955	SAMN20372179	NA	leaf	vegetative stage	NA	PI521612	NA	dev stage:Vegetative; geo loc name:Kenya; tissue:leaf; collection date:2020-12-02; bio material:PI521612; cultivar:missing
PRJNA749489	SRR15681956	SAMN20372179	NA	leaf	vegetative stage	NA	PI521612	NA	dev stage:Vegetative; geo loc name:Kenya; tissue:leaf; collection date:2020-12-02; bio material:PI521612; cultivar:missing
PRJNA749489	SRR15681957	SAMN20372179	NA	leaf	vegetative stage	NA	PI521612	NA	dev stage:Vegetative; geo loc name:Kenya; tissue:leaf; collection date:2020-12-02; bio material:PI521612; cultivar:missing
PRJNA749489	SRR15685716	SAMN20372183	NA	leaf	vegetative stage	Tifleaf3	Tifleaf_3	NA	dev stage:Vegetative; geo loc name:USA; tissue:leaf; collection date:2020-12-06; cultivar:Tifleaf 3
PRJNA749489	SRR15685717	SAMN20372183	NA	leaf	vegetative stage	Tifleaf3	Tifleaf_3	NA	dev stage:Vegetative; geo loc name:USA; tissue:leaf; collection date:2020-12-06; cultivar:Tifleaf 3
PRJNA749489	SRR15685718	SAMN20372183	NA	leaf	vegetative stage	Tifleaf3	Tifleaf_3	NA	dev stage:Vegetative; geo loc name:USA; tissue:leaf; collection date:2020-12-06; cultivar:Tifleaf 3
PRJNA749489	SRR15685719	SAMN20372183	NA	leaf	vegetative stage	Tifleaf3	Tifleaf_3	NA	dev stage:Vegetative; geo loc name:USA; tissue:leaf; collection date:2020-12-06; cultivar:Tifleaf 3
PRJNA749489	SRR15685720	SAMN20372183	NA	leaf	vegetative stage	Tifleaf3	Tifleaf_3	NA	dev stage:Vegetative; geo loc name:USA; tissue:leaf; collection date:2020-12-06; cultivar:Tifleaf 3
PRJNA749489	SRR15685721	SAMN20372183	NA	leaf	vegetative stage	Tifleaf3	Tifleaf_3	NA	dev stage:Vegetative; geo loc name:USA; tissue:leaf; collection date:2020-12-06; cultivar:Tifleaf 3
PRJNA749489	SRR15685722	SAMN20372183	NA	leaf	vegetative stage	Tifleaf3	Tifleaf_3	NA	dev stage:Vegetative; geo loc name:USA; tissue:leaf; collection date:2020-12-06; cultivar:Tifleaf 3
PRJNA749489	SRR15685723	SAMN20372183	NA	leaf	vegetative stage	Tifleaf3	Tifleaf_3	NA	dev stage:Vegetative; geo loc name:USA; tissue:leaf; collection date:2020-12-06; cultivar:Tifleaf 3
PRJNA749489	SRR15685724	SAMN20372183	NA	leaf	vegetative stage	Tifleaf3	Tifleaf_3	NA	dev stage:Vegetative; geo loc name:USA; tissue:leaf; collection date:2020-12-06; cultivar:Tifleaf 3
PRJNA749489	SRR15685725	SAMN20372183	NA	leaf	vegetative stage	Tifleaf3	Tifleaf_3	NA	dev stage:Vegetative; geo loc name:USA; tissue:leaf; collection date:2020-12-06; cultivar:Tifleaf 3
PRJNA749489	SRR15685726	SAMN20372183	NA	leaf	vegetative stage	Tifleaf3	Tifleaf_3	NA	dev stage:Vegetative; geo loc name:USA; tissue:leaf; collection date:2020-12-06; cultivar:Tifleaf 3
PRJNA749489	SRR15685727	SAMN20372183	NA	leaf	vegetative stage	Tifleaf3	Tifleaf_3	NA	dev stage:Vegetative; geo loc name:USA; tissue:leaf; collection date:2020-12-06; cultivar:Tifleaf 3
PRJNA749489	SRR15685728	SAMN20372183	NA	leaf	vegetative stage	Tifleaf3	Tifleaf_3	NA	dev stage:Vegetative; geo loc name:USA; tissue:leaf; collection date:2020-12-06; cultivar:Tifleaf 3
PRJNA749489	SRR15685729	SAMN20372183	NA	leaf	vegetative stage	Tifleaf3	Tifleaf_3	NA	dev stage:Vegetative; geo loc name:USA; tissue:leaf; collection date:2020-12-06; cultivar:Tifleaf 3
PRJNA749489	SRR15685730	SAMN20372183	NA	leaf	vegetative stage	Tifleaf3	Tifleaf_3	NA	dev stage:Vegetative; geo loc name:USA; tissue:leaf; collection date:2020-12-06; cultivar:Tifleaf 3
PRJNA749489	SRR15685731	SAMN20372183	NA	leaf	vegetative stage	Tifleaf3	Tifleaf_3	NA	dev stage:Vegetative; geo loc name:USA; tissue:leaf; collection date:2020-12-06; cultivar:Tifleaf 3
PRJNA749489	SRR15685732	SAMN20372183	NA	leaf	vegetative stage	Tifleaf3	Tifleaf_3	NA	dev stage:Vegetative; geo loc name:USA; tissue:leaf; collection date:2020-12-06; cultivar:Tifleaf 3
PRJNA749489	SRR15685733	SAMN20372183	NA	leaf	vegetative stage	Tifleaf3	Tifleaf_3	NA	dev stage:Vegetative; geo loc name:USA; tissue:leaf; collection date:2020-12-06; cultivar:Tifleaf 3
PRJNA749489	SRR15685734	SAMN20372183	NA	leaf	vegetative stage	Tifleaf3	Tifleaf_3	NA	dev stage:Vegetative; geo loc name:USA; tissue:leaf; collection date:2020-12-06; cultivar:Tifleaf 3
PRJNA749489	SRR15685735	SAMN20372183	NA	leaf	vegetative stage	Tifleaf3	Tifleaf_3	NA	dev stage:Vegetative; geo loc name:USA; tissue:leaf; collection date:2020-12-06; cultivar:Tifleaf 3
PRJNA749489	SRR15685736	SAMN20372183	NA	leaf	vegetative stage	Tifleaf3	Tifleaf_3	NA	dev stage:Vegetative; geo loc name:USA; tissue:leaf; collection date:2020-12-06; cultivar:Tifleaf 3
PRJNA749489	SRR15685737	SAMN20372183	NA	leaf	vegetative stage	Tifleaf3	Tifleaf_3	NA	dev stage:Vegetative; geo loc name:USA; tissue:leaf; collection date:2020-12-06; cultivar:Tifleaf 3
PRJNA749489	SRR15685738	SAMN20372183	NA	leaf	vegetative stage	Tifleaf3	Tifleaf_3	NA	dev stage:Vegetative; geo loc name:USA; tissue:leaf; collection date:2020-12-06; cultivar:Tifleaf 3
PRJNA749489	SRR15685739	SAMN20372183	NA	leaf	vegetative stage	Tifleaf3	Tifleaf_3	NA	dev stage:Vegetative; geo loc name:USA; tissue:leaf; collection date:2020-12-06; cultivar:Tifleaf 3
PRJNA749489	SRR15685740	SAMN20372183	NA	leaf	vegetative stage	Tifleaf3	Tifleaf_3	NA	dev stage:Vegetative; geo loc name:USA; tissue:leaf; collection date:2020-12-06; cultivar:Tifleaf 3
PRJNA749489	SRR15685741	SAMN20372183	NA	leaf	vegetative stage	Tifleaf3	Tifleaf_3	NA	dev stage:Vegetative; geo loc name:USA; tissue:leaf; collection date:2020-12-06; cultivar:Tifleaf 3
PRJNA749489	SRR15685742	SAMN20372183	NA	leaf	vegetative stage	Tifleaf3	Tifleaf_3	NA	dev stage:Vegetative; geo loc name:USA; tissue:leaf; collection date:2020-12-06; cultivar:Tifleaf 3
PRJNA749489	SRR15685743	SAMN20372183	NA	leaf	vegetative stage	Tifleaf3	Tifleaf_3	NA	dev stage:Vegetative; geo loc name:USA; tissue:leaf; collection date:2020-12-06; cultivar:Tifleaf 3
PRJNA749489	SRR15685744	SAMN20372183	NA	leaf	vegetative stage	Tifleaf3	Tifleaf_3	NA	dev stage:Vegetative; geo loc name:USA; tissue:leaf; collection date:2020-12-06; cultivar:Tifleaf 3
PRJNA749489	SRR15685745	SAMN20372183	NA	leaf	vegetative stage	Tifleaf3	Tifleaf_3	NA	dev stage:Vegetative; geo loc name:USA; tissue:leaf; collection date:2020-12-06; cultivar:Tifleaf 3
PRJNA749489	SRR15685746	SAMN20372183	NA	leaf	vegetative stage	Tifleaf3	Tifleaf_3	NA	dev stage:Vegetative; geo loc name:USA; tissue:leaf; collection date:2020-12-06; cultivar:Tifleaf 3
PRJNA749489	SRR15685747	SAMN20372183	NA	leaf	vegetative stage	Tifleaf3	Tifleaf_3	NA	dev stage:Vegetative; geo loc name:USA; tissue:leaf; collection date:2020-12-06; cultivar:Tifleaf 3
PRJNA749489	SRR15685748	SAMN20372183	NA	leaf	vegetative stage	Tifleaf3	Tifleaf_3	NA	dev stage:Vegetative; geo loc name:USA; tissue:leaf; collection date:2020-12-06; cultivar:Tifleaf 3
PRJNA749489	SRR15685749	SAMN20372183	NA	leaf	vegetative stage	Tifleaf3	Tifleaf_3	NA	dev stage:Vegetative; geo loc name:USA; tissue:leaf; collection date:2020-12-06; cultivar:Tifleaf 3
PRJNA749489	SRR15685750	SAMN20372183	NA	leaf	vegetative stage	Tifleaf3	Tifleaf_3	NA	dev stage:Vegetative; geo loc name:USA; tissue:leaf; collection date:2020-12-06; cultivar:Tifleaf 3
PRJNA749489	SRR15685751	SAMN20372183	NA	leaf	vegetative stage	Tifleaf3	Tifleaf_3	NA	dev stage:Vegetative; geo loc name:USA; tissue:leaf; collection date:2020-12-06; cultivar:Tifleaf 3
PRJNA749489	SRR15685752	SAMN20372183	NA	leaf	vegetative stage	Tifleaf3	Tifleaf_3	NA	dev stage:Vegetative; geo loc name:USA; tissue:leaf; collection date:2020-12-06; cultivar:Tifleaf 3
PRJNA749489	SRR15685753	SAMN20372183	NA	leaf	vegetative stage	Tifleaf3	Tifleaf_3	NA	dev stage:Vegetative; geo loc name:USA; tissue:leaf; collection date:2020-12-06; cultivar:Tifleaf 3
PRJNA749489	SRR15685754	SAMN20372183	NA	leaf	vegetative stage	Tifleaf3	Tifleaf_3	NA	dev stage:Vegetative; geo loc name:USA; tissue:leaf; collection date:2020-12-06; cultivar:Tifleaf 3
PRJNA749489	SRR15685755	SAMN20372183	NA	leaf	vegetative stage	Tifleaf3	Tifleaf_3	NA	dev stage:Vegetative; geo loc name:USA; tissue:leaf; collection date:2020-12-06; cultivar:Tifleaf 3
PRJNA749489	SRR15685756	SAMN20372183	NA	leaf	vegetative stage	Tifleaf3	Tifleaf_3	NA	dev stage:Vegetative; geo loc name:USA; tissue:leaf; collection date:2020-12-06; cultivar:Tifleaf 3
PRJNA749489	SRR15685757	SAMN20372183	NA	leaf	vegetative stage	Tifleaf3	Tifleaf_3	NA	dev stage:Vegetative; geo loc name:USA; tissue:leaf; collection date:2020-12-06; cultivar:Tifleaf 3
PRJNA749489	SRR15685758	SAMN20372183	NA	leaf	vegetative stage	Tifleaf3	Tifleaf_3	NA	dev stage:Vegetative; geo loc name:USA; tissue:leaf; collection date:2020-12-06; cultivar:Tifleaf 3
PRJNA749489	SRR15685759	SAMN20372183	NA	leaf	vegetative stage	Tifleaf3	Tifleaf_3	NA	dev stage:Vegetative; geo loc name:USA; tissue:leaf; collection date:2020-12-06; cultivar:Tifleaf 3
PRJNA749489	SRR15685760	SAMN20372183	NA	leaf	vegetative stage	Tifleaf3	Tifleaf_3	NA	dev stage:Vegetative; geo loc name:USA; tissue:leaf; collection date:2020-12-06; cultivar:Tifleaf 3
PRJNA749489	SRR15685761	SAMN20372183	NA	leaf	vegetative stage	Tifleaf3	Tifleaf_3	NA	dev stage:Vegetative; geo loc name:USA; tissue:leaf; collection date:2020-12-06; cultivar:Tifleaf 3
PRJNA749489	SRR15685762	SAMN20372183	NA	leaf	vegetative stage	Tifleaf3	Tifleaf_3	NA	dev stage:Vegetative; geo loc name:USA; tissue:leaf; collection date:2020-12-06; cultivar:Tifleaf 3
PRJNA749489	SRR15685763	SAMN20372183	NA	leaf	vegetative stage	Tifleaf3	Tifleaf_3	NA	dev stage:Vegetative; geo loc name:USA; tissue:leaf; collection date:2020-12-06; cultivar:Tifleaf 3
PRJNA749489	SRR15685764	SAMN20372183	NA	leaf	vegetative stage	Tifleaf3	Tifleaf_3	NA	dev stage:Vegetative; geo loc name:USA; tissue:leaf; collection date:2020-12-06; cultivar:Tifleaf 3
PRJNA749489	SRR15685765	SAMN20372183	NA	leaf	vegetative stage	Tifleaf3	Tifleaf_3	NA	dev stage:Vegetative; geo loc name:USA; tissue:leaf; collection date:2020-12-06; cultivar:Tifleaf 3
PRJNA749489	SRR15685766	SAMN20372183	NA	leaf	vegetative stage	Tifleaf3	Tifleaf_3	NA	dev stage:Vegetative; geo loc name:USA; tissue:leaf; collection date:2020-12-06; cultivar:Tifleaf 3
PRJNA749489	SRR15685767	SAMN20372183	NA	leaf	vegetative stage	Tifleaf3	Tifleaf_3	NA	dev stage:Vegetative; geo loc name:USA; tissue:leaf; collection date:2020-12-06; cultivar:Tifleaf 3
PRJNA749489	SRR15685768	SAMN20372183	NA	leaf	vegetative stage	Tifleaf3	Tifleaf_3	NA	dev stage:Vegetative; geo loc name:USA; tissue:leaf; collection date:2020-12-06; cultivar:Tifleaf 3
PRJNA749489	SRR15685769	SAMN20372183	NA	leaf	vegetative stage	Tifleaf3	Tifleaf_3	NA	dev stage:Vegetative; geo loc name:USA; tissue:leaf; collection date:2020-12-06; cultivar:Tifleaf 3
PRJNA749489	SRR15685770	SAMN20372183	NA	leaf	vegetative stage	Tifleaf3	Tifleaf_3	NA	dev stage:Vegetative; geo loc name:USA; tissue:leaf; collection date:2020-12-06; cultivar:Tifleaf 3
PRJNA749489	SRR15685771	SAMN20372183	NA	leaf	vegetative stage	Tifleaf3	Tifleaf_3	NA	dev stage:Vegetative; geo loc name:USA; tissue:leaf; collection date:2020-12-06; cultivar:Tifleaf 3
PRJNA749489	SRR15685772	SAMN20372183	NA	leaf	vegetative stage	Tifleaf3	Tifleaf_3	NA	dev stage:Vegetative; geo loc name:USA; tissue:leaf; collection date:2020-12-06; cultivar:Tifleaf 3
PRJNA749489	SRR15685773	SAMN20372183	NA	leaf	vegetative stage	Tifleaf3	Tifleaf_3	NA	dev stage:Vegetative; geo loc name:USA; tissue:leaf; collection date:2020-12-06; cultivar:Tifleaf 3
PRJNA749489	SRR15685774	SAMN20372183	NA	leaf	vegetative stage	Tifleaf3	Tifleaf_3	NA	dev stage:Vegetative; geo loc name:USA; tissue:leaf; collection date:2020-12-06; cultivar:Tifleaf 3
PRJNA749489	SRR15685775	SAMN20372183	NA	leaf	vegetative stage	Tifleaf3	Tifleaf_3	NA	dev stage:Vegetative; geo loc name:USA; tissue:leaf; collection date:2020-12-06; cultivar:Tifleaf 3
PRJNA766308	SRR16071954	SAMN21841706	drought	root	NA	Tifleaf3	D_R48h_1	NA	cultivar:TifLeaf3; age:drought 48 hour; geo loc name:China: Bejing; tissue:root; treatment:drought; ID:10
PRJNA766308	SRR16071955	SAMN21841705	control	root	NA	Tifleaf3	CK_R48h_3	NA	cultivar:TifLeaf3; age:without drought 48 hour; geo loc name:China: Bejing; tissue:root; treatment:control; ID:9
PRJNA766308	SRR16071956	SAMN21841704	control	root	NA	Tifleaf3	CK_R48h_2	NA	cultivar:TifLeaf3; age:without drought 48 hour; geo loc name:China: Bejing; tissue:root; treatment:control; ID:8
PRJNA766308	SRR16071957	SAMN21841703	control	root	NA	Tifleaf3	CK_R48h_1	NA	cultivar:TifLeaf3; age:without drought 48 hour; geo loc name:China: Bejing; tissue:root; treatment:control; ID:7
PRJNA766308	SRR16071958	SAMN21841702	drought	root	NA	Tifleaf3	D_R24h_3	NA	cultivar:TifLeaf3; age:drought 24 hour; geo loc name:China: Bejing; tissue:root; treatment:drought; ID:6
PRJNA766308	SRR16071959	SAMN21841701	drought	root	NA	Tifleaf3	D_R24h_2	NA	cultivar:TifLeaf3; age:drought 24 hour; geo loc name:China: Bejing; tissue:root; treatment:drought; ID:5
PRJNA766308	SRR16071960	SAMN21841700	drought	root	NA	Tifleaf3	D_R24h_1	NA	cultivar:TifLeaf3; age:drought 24 hour; geo loc name:China: Bejing; tissue:root; treatment:drought; ID:4
PRJNA766308	SRR16071961	SAMN21841720	drought	root	NA	Tifleaf3	D_R144h_3	NA	cultivar:TifLeaf3; age:drought 144 hour; geo loc name:China: Bejing; tissue:root; treatment:drought; ID:24
PRJNA766308	SRR16071962	SAMN21841719	drought	root	NA	Tifleaf3	D_R144h_2	NA	cultivar:TifLeaf3; age:drought 144 hour; geo loc name:China: Bejing; tissue:root; treatment:drought; ID:23
PRJNA766308	SRR16071963	SAMN21841718	drought	root	NA	Tifleaf3	D_R144h_1	NA	cultivar:TifLeaf3; age:drought 144 hour; geo loc name:China: Bejing; tissue:root; treatment:drought; ID:22
PRJNA766308	SRR16071964	SAMN21841717	control	root	NA	Tifleaf3	CK_R144h_3	NA	cultivar:TifLeaf3; age:without drought 144 hour; geo loc name:China: Bejing; tissue:root; treatment:control; ID:21
PRJNA766308	SRR16071965	SAMN21841699	control	root	NA	Tifleaf3	CK_R24h_3	NA	cultivar:TifLeaf3; age:without drought 24 hour; geo loc name:China: Bejing; tissue:root; treatment:control; ID:3
PRJNA766308	SRR16071966	SAMN21841716	control	root	NA	Tifleaf3	CK_R144h_2	NA	cultivar:TifLeaf3; age:without drought 144 hour; geo loc name:China: Bejing; tissue:root; treatment:control; ID:20
PRJNA766308	SRR16071967	SAMN21841715	control	root	NA	Tifleaf3	CK_R144h_1	NA	cultivar:TifLeaf3; age:without drought 144 hour; geo loc name:China: Bejing; tissue:root; treatment:control; ID:19
PRJNA766308	SRR16071968	SAMN21841714	drought	root	NA	Tifleaf3	D_R96h_3	NA	cultivar:TifLeaf3; age:drought 96 hour; geo loc name:China: Bejing; tissue:root; treatment:drought; ID:18
PRJNA766308	SRR16071969	SAMN21841713	drought	root	NA	Tifleaf3	D_R96h_2	NA	cultivar:TifLeaf3; age:drought 96 hour; geo loc name:China: Bejing; tissue:root; treatment:drought; ID:17
PRJNA766308	SRR16071970	SAMN21841712	drought	root	NA	Tifleaf3	D_R96h_1	NA	cultivar:TifLeaf3; age:drought 96 hour; geo loc name:China: Bejing; tissue:root; treatment:drought; ID:16
PRJNA766308	SRR16071971	SAMN21841711	control	root	NA	Tifleaf3	CK_R96h_3	NA	cultivar:TifLeaf3; age:without drought 96 hour; geo loc name:China: Bejing; tissue:root; treatment:control; ID:15
PRJNA766308	SRR16071972	SAMN21841710	control	root	NA	Tifleaf3	CK_R96h_2	NA	cultivar:TifLeaf3; age:without drought 96 hour; geo loc name:China: Bejing; tissue:root; treatment:control; ID:14
PRJNA766308	SRR16071973	SAMN21841709	control	root	NA	Tifleaf3	CK_R96h_1	NA	cultivar:TifLeaf3; age:without drought 96 hour; geo loc name:China: Bejing; tissue:root; treatment:control; ID:13
PRJNA766308	SRR16071974	SAMN21841708	drought	root	NA	Tifleaf3	D_R48h_3	NA	cultivar:TifLeaf3; age:drought 48 hour; geo loc name:China: Bejing; tissue:root; treatment:drought; ID:12
PRJNA766308	SRR16071975	SAMN21841707	drought	root	NA	Tifleaf3	D_R48h_2	NA	cultivar:TifLeaf3; age:drought 48 hour; geo loc name:China: Bejing; tissue:root; treatment:drought; ID:11
PRJNA766308	SRR16071976	SAMN21841698	control	root	NA	Tifleaf3	CK_R24h_2	NA	cultivar:TifLeaf3; age:without drought 24 hour; geo loc name:China: Bejing; tissue:root; treatment:control; ID:2
PRJNA766308	SRR16071977	SAMN21841697	control	root	NA	Tifleaf3	CK_R24h_1	NA	cultivar:TifLeaf3; age:without drought 24 hour; geo loc name:China: Bejing; tissue:root; treatment:control; ID:1
PRJNA769086	SRR16217055	SAMN22091301	NA	crown root tip (2 cm apex)	NA	NA	H-3hL3	NA	source name:Root tip; tissue:Crown root tip (2 cm apex); line:249; phenotype:high root soil aggregation; developmental stage:15 days after germination; growth conditions:Hydropony
PRJNA769086	SRR16217056	SAMN22091302	NA	crown root tip (2 cm apex)	NA	NA	H-3hL5	NA	source name:Root tip; tissue:Crown root tip (2 cm apex); line:249; phenotype:high root soil aggregation; developmental stage:15 days after germination; growth conditions:Hydropony
PRJNA769086	SRR16217057	SAMN22091303	NA	crown root tip (2 cm apex)	NA	NA	H-48hR2	NA	source name:Root tip; tissue:Crown root tip (2 cm apex); line:249; phenotype:high root soil aggregation; developmental stage:15 days after germination; growth conditions:Hydropony
PRJNA769086	SRR16217058	SAMN22091304	NA	crown root tip (2 cm apex)	NA	NA	H-48hR3	NA	source name:Root tip; tissue:Crown root tip (2 cm apex); line:220; phenotype:low root soil aggregation; developmental stage:15 days after germination; growth conditions:Hydropony
PRJNA769086	SRR16217059	SAMN22091305	NA	crown root tip (2 cm apex)	NA	NA	H-48hR5	NA	source name:Root tip; tissue:Crown root tip (2 cm apex); line:220; phenotype:low root soil aggregation; developmental stage:15 days after germination; growth conditions:Hydropony
PRJNA769086	SRR16217060	SAMN22091306	NA	crown root tip (2 cm apex)	NA	NA	H-5hL1	NA	source name:Root tip; tissue:Crown root tip (2 cm apex); line:220; phenotype:low root soil aggregation; developmental stage:15 days after germination; growth conditions:Hydropony
PRJNA769415	SRR16235515	SAMN22133035	NA	primary root tip (2 cm apex)	NA	NA	H-5hL2	NA	source name:Root tip; line:249; phenotype:High primary root growth; tissue:Primary root tip (2 cm apex); developmental stage:15 days after germination; growth condition:Hydropony
PRJNA769415	SRR16235516	SAMN22133037	NA	primary root tip (2 cm apex)	NA	NA	CK-144hR5	NA	source name:Root tip; line:249; phenotype:High primary root growth; tissue:Primary root tip (2 cm apex); developmental stage:15 days after germination; growth condition:Hydropony
PRJNA769415	SRR16235517	SAMN22133038	NA	primary root tip (2 cm apex)	NA	NA	H-5hL5	NA	source name:Root tip; line:249; phenotype:High primary root growth; tissue:Primary root tip (2 cm apex); developmental stage:15 days after germination; growth condition:Hydropony
PRJNA769415	SRR16235518	SAMN22133039	NA	primary root tip (2 cm apex)	NA	NA	H-5hR2	NA	source name:Root tip; line:337; phenotype:Low primary root growth; tissue:Primary root tip (2 cm apex); developmental stage:15 days after germination; growth condition:Hydropony
PRJNA769415	SRR16235519	SAMN22133041	NA	primary root tip (2 cm apex)	NA	NA	H-5hR4	NA	source name:Root tip; line:337; phenotype:Low primary root growth; tissue:Primary root tip (2 cm apex); developmental stage:15 days after germination; growth condition:Hydropony
PRJNA769415	SRR16235520	SAMN22133042	NA	primary root tip (2 cm apex)	NA	NA	H-5hR5	NA	source name:Root tip; line:337; phenotype:Low primary root growth; tissue:Primary root tip (2 cm apex); developmental stage:15 days after germination; growth condition:Hydropony
PRJNA749489	SRR16832528	SAMN20372178	NA	leaf	vegetative stage	NA	PI537069	NA	dev stage:Vegetative; geo loc name:Niger; tissue:leaf; collection date:2020-12-01; bio material:PI537069; cultivar:missing
PRJNA749489	SRR16832529	SAMN20372178	NA	leaf	vegetative stage	NA	PI537069	NA	dev stage:Vegetative; geo loc name:Niger; tissue:leaf; collection date:2020-12-01; bio material:PI537069; cultivar:missing
PRJNA749489	SRR16832530	SAMN20372179	NA	leaf	vegetative stage	NA	PI521612	NA	dev stage:Vegetative; geo loc name:Kenya; tissue:leaf; collection date:2020-12-02; bio material:PI521612; cultivar:missing
PRJNA749489	SRR16832531	SAMN20372179	NA	leaf	vegetative stage	NA	PI521612	NA	dev stage:Vegetative; geo loc name:Kenya; tissue:leaf; collection date:2020-12-02; bio material:PI521612; cultivar:missing
PRJNA749489	SRR16832532	SAMN20372180	NA	leaf	vegetative stage	NA	PI526529	NA	dev stage:Vegetative; geo loc name:Zimbabwe; tissue:leaf; collection date:2020-12-03; bio material:PI526529; cultivar:missing
PRJNA749489	SRR16832533	SAMN20372180	NA	leaf	vegetative stage	NA	PI526529	NA	dev stage:Vegetative; geo loc name:Zimbabwe; tissue:leaf; collection date:2020-12-03; bio material:PI526529; cultivar:missing
PRJNA749489	SRR16832534	SAMN20372180	NA	leaf	vegetative stage	NA	PI526529	NA	dev stage:Vegetative; geo loc name:Zimbabwe; tissue:leaf; collection date:2020-12-03; bio material:PI526529; cultivar:missing
PRJNA749489	SRR16832535	SAMN20372180	NA	leaf	vegetative stage	NA	PI526529	NA	dev stage:Vegetative; geo loc name:Zimbabwe; tissue:leaf; collection date:2020-12-03; bio material:PI526529; cultivar:missing
PRJNA749489	SRR16832536	SAMN20372180	NA	leaf	vegetative stage	NA	PI526529	NA	dev stage:Vegetative; geo loc name:Zimbabwe; tissue:leaf; collection date:2020-12-03; bio material:PI526529; cultivar:missing
PRJNA749489	SRR16832537	SAMN20372179	NA	leaf	vegetative stage	NA	PI521612	NA	dev stage:Vegetative; geo loc name:Kenya; tissue:leaf; collection date:2020-12-02; bio material:PI521612; cultivar:missing
PRJNA749489	SRR16832538	SAMN20372179	NA	leaf	vegetative stage	NA	PI521612	NA	dev stage:Vegetative; geo loc name:Kenya; tissue:leaf; collection date:2020-12-02; bio material:PI521612; cultivar:missing
PRJNA749489	SRR16832539	SAMN20372183	NA	leaf	vegetative stage	Tifleaf3	Tifleaf_3	NA	dev stage:Vegetative; geo loc name:USA; tissue:leaf; collection date:2020-12-06; cultivar:Tifleaf 3
PRJNA749489	SRR16832540	SAMN20372183	NA	leaf	vegetative stage	Tifleaf3	Tifleaf_3	NA	dev stage:Vegetative; geo loc name:USA; tissue:leaf; collection date:2020-12-06; cultivar:Tifleaf 3
PRJNA749489	SRR16832541	SAMN20372183	NA	leaf	vegetative stage	Tifleaf3	Tifleaf_3	NA	dev stage:Vegetative; geo loc name:USA; tissue:leaf; collection date:2020-12-06; cultivar:Tifleaf 3
PRJNA749489	SRR16832542	SAMN20372183	NA	leaf	vegetative stage	Tifleaf3	Tifleaf_3	NA	dev stage:Vegetative; geo loc name:USA; tissue:leaf; collection date:2020-12-06; cultivar:Tifleaf 3
PRJNA749489	SRR16832543	SAMN20372183	NA	leaf	vegetative stage	Tifleaf3	Tifleaf_3	NA	dev stage:Vegetative; geo loc name:USA; tissue:leaf; collection date:2020-12-06; cultivar:Tifleaf 3
PRJNA749489	SRR16832544	SAMN20372182	NA	leaf	vegetative stage	NA	PI587025	NA	dev stage:Vegetative; geo loc name:Saudi Arabia; tissue:leave; collection date:2020-12-05; bio material:PI587025; cultivar:missing
PRJNA749489	SRR16832545	SAMN20372182	NA	leaf	vegetative stage	NA	PI587025	NA	dev stage:Vegetative; geo loc name:Saudi Arabia; tissue:leave; collection date:2020-12-05; bio material:PI587025; cultivar:missing
PRJNA749489	SRR16832546	SAMN20372182	NA	leaf	vegetative stage	NA	PI587025	NA	dev stage:Vegetative; geo loc name:Saudi Arabia; tissue:leave; collection date:2020-12-05; bio material:PI587025; cultivar:missing
PRJNA749489	SRR16832547	SAMN20372182	NA	leaf	vegetative stage	NA	PI587025	NA	dev stage:Vegetative; geo loc name:Saudi Arabia; tissue:leave; collection date:2020-12-05; bio material:PI587025; cultivar:missing
PRJNA749489	SRR16832548	SAMN20372182	NA	leaf	vegetative stage	NA	PI587025	NA	dev stage:Vegetative; geo loc name:Saudi Arabia; tissue:leave; collection date:2020-12-05; bio material:PI587025; cultivar:missing
PRJNA749489	SRR16832549	SAMN20372179	NA	leaf	vegetative stage	NA	PI521612	NA	dev stage:Vegetative; geo loc name:Kenya; tissue:leaf; collection date:2020-12-02; bio material:PI521612; cultivar:missing
PRJNA749489	SRR16832550	SAMN20372181	NA	leaf	vegetative stage	NA	PI583800	NA	dev stage:Vegetative; geo loc name:India: Andhra Pradesh; tissue:leaf; collection date:2020-12-04; bio material:PI583800; cultivar:missing
PRJNA749489	SRR16832551	SAMN20372181	NA	leaf	vegetative stage	NA	PI583800	NA	dev stage:Vegetative; geo loc name:India: Andhra Pradesh; tissue:leaf; collection date:2020-12-04; bio material:PI583800; cultivar:missing
PRJNA749489	SRR16832552	SAMN20372181	NA	leaf	vegetative stage	NA	PI583800	NA	dev stage:Vegetative; geo loc name:India: Andhra Pradesh; tissue:leaf; collection date:2020-12-04; bio material:PI583800; cultivar:missing
PRJNA749489	SRR16832553	SAMN20372181	NA	leaf	vegetative stage	NA	PI583800	NA	dev stage:Vegetative; geo loc name:India: Andhra Pradesh; tissue:leaf; collection date:2020-12-04; bio material:PI583800; cultivar:missing
PRJNA749489	SRR16832554	SAMN20372181	NA	leaf	vegetative stage	NA	PI583800	NA	dev stage:Vegetative; geo loc name:India: Andhra Pradesh; tissue:leaf; collection date:2020-12-04; bio material:PI583800; cultivar:missing
PRJNA749489	SRR16832555	SAMN20372178	NA	leaf	vegetative stage	NA	PI537069	NA	dev stage:Vegetative; geo loc name:Niger; tissue:leaf; collection date:2020-12-01; bio material:PI537069; cultivar:missing
PRJNA749489	SRR16832556	SAMN20372178	NA	leaf	vegetative stage	NA	PI537069	NA	dev stage:Vegetative; geo loc name:Niger; tissue:leaf; collection date:2020-12-01; bio material:PI537069; cultivar:missing
PRJNA749489	SRR16832557	SAMN20372178	NA	leaf	vegetative stage	NA	PI537069	NA	dev stage:Vegetative; geo loc name:Niger; tissue:leaf; collection date:2020-12-01; bio material:PI537069; cultivar:missing
PRJNA724870	SRR16991343	SAMN18863884	NA	all tissues	reproductive stage	TiftBC7	PglBC7	NA	cultivar:TiftBC7; age:Three months; dev stage:Reproductive Stage; geo loc name:USA: Department of Crop and soil Science  University of Georgia  Tifton Campus; tissue:Flower and Leaf; biomaterial provider:Prof. Wayne W. Hanna; collected by:USA: University of Georgia
PRJNA724870	SRR16991344	SAMN18863884	NA	all tissues	reproductive stage	TiftBC7	PglBC7	NA	cultivar:TiftBC7; age:Three months; dev stage:Reproductive Stage; geo loc name:USA: Department of Crop and soil Science  University of Georgia  Tifton Campus; tissue:Flower and Leaf; biomaterial provider:Prof. Wayne W. Hanna; collected by:USA: University of Georgia
PRJNA724870	SRR16991345	SAMN18863884	NA	all tissues	reproductive stage	TiftBC7	PglBC7	NA	cultivar:TiftBC7; age:Three months; dev stage:Reproductive Stage; geo loc name:USA: Department of Crop and soil Science  University of Georgia  Tifton Campus; tissue:Flower and Leaf; biomaterial provider:Prof. Wayne W. Hanna; collected by:USA: University of Georgia
PRJNA724870	SRR16991346	SAMN18863884	NA	all tissues	reproductive stage	TiftBC7	PglBC7	NA	cultivar:TiftBC7; age:Three months; dev stage:Reproductive Stage; geo loc name:USA: Department of Crop and soil Science  University of Georgia  Tifton Campus; tissue:Flower and Leaf; biomaterial provider:Prof. Wayne W. Hanna; collected by:USA: University of Georgia
PRJNA724870	SRR16991347	SAMN18863884	NA	all tissues	reproductive stage	TiftBC7	PglBC7	NA	cultivar:TiftBC7; age:Three months; dev stage:Reproductive Stage; geo loc name:USA: Department of Crop and soil Science  University of Georgia  Tifton Campus; tissue:Flower and Leaf; biomaterial provider:Prof. Wayne W. Hanna; collected by:USA: University of Georgia
PRJNA724870	SRR16991348	SAMN18863884	NA	all tissues	reproductive stage	TiftBC7	PglBC7	NA	cultivar:TiftBC7; age:Three months; dev stage:Reproductive Stage; geo loc name:USA: Department of Crop and soil Science  University of Georgia  Tifton Campus; tissue:Flower and Leaf; biomaterial provider:Prof. Wayne W. Hanna; collected by:USA: University of Georgia
PRJNA792845	SRR17359219	SAMN24469369	drought	leaf	NA	Tifleaf3	D_L3h_1	NA	cultivar:TifLeaf3; age:drought 3 hour; geo loc name:China: Bejing; tissue:leaf; treatment:drought; ID:10
PRJNA792845	SRR17359220	SAMN24469368	control	leaf	NA	Tifleaf3	CK_L3h_3	NA	cultivar:TifLeaf3; age:without drought 3 hour; geo loc name:China: Bejing; tissue:leaf; treatment:control; ID:9
PRJNA792845	SRR17359221	SAMN24469367	control	leaf	NA	Tifleaf3	CK_L3h_2	NA	cultivar:TifLeaf3; age:without drought 3 hour; geo loc name:China: Bejing; tissue:leaf; treatment:control; ID:8
PRJNA792845	SRR17359222	SAMN24469366	control	leaf	NA	Tifleaf3	CK_L3h_1	NA	cultivar:TifLeaf3; age:without drought 3 hour; geo loc name:China: Bejing; tissue:leaf; treatment:control; ID:7
PRJNA792845	SRR17359223	SAMN24469365	drought	leaf	NA	Tifleaf3	D_L1h_3	NA	cultivar:TifLeaf3; age:drought 1 hour; geo loc name:China: Bejing; tissue:leaf; treatment:drought; ID:6
PRJNA792845	SRR17359224	SAMN24469407	drought	leaf	NA	Tifleaf3	D_L144h_3	NA	cultivar:TifLeaf3; age:drought 144 hour; geo loc name:China: Bejing; tissue:leaf; treatment:drought; ID:48
PRJNA792845	SRR17359225	SAMN24469406	drought	leaf	NA	Tifleaf3	D_L144h_2	NA	cultivar:TifLeaf3; age:drought 144 hour; geo loc name:China: Bejing; tissue:leaf; treatment:drought; ID:47
PRJNA792845	SRR17359226	SAMN24469405	drought	leaf	NA	Tifleaf3	D_L144h_1	NA	cultivar:TifLeaf3; age:drought 144 hour; geo loc name:China: Bejing; tissue:leaf; treatment:drought; ID:46
PRJNA792845	SRR17359227	SAMN24469404	control	leaf	NA	Tifleaf3	CK_L144h_3	NA	cultivar:TifLeaf3; age:without drought 144 hour; geo loc name:China: Bejing; tissue:leaf; treatment:control; ID:45
PRJNA792845	SRR17359228	SAMN24469403	control	leaf	NA	Tifleaf3	CK_L144h_2	NA	cultivar:TifLeaf3; age:without drought 144 hour; geo loc name:China: Bejing; tissue:leaf; treatment:control; ID:44
PRJNA792845	SRR17359229	SAMN24469402	control	leaf	NA	Tifleaf3	CK_L144h_1	NA	cultivar:TifLeaf3; age:without drought 144 hour; geo loc name:China: Bejing; tissue:leaf; treatment:control; ID:43
PRJNA792845	SRR17359230	SAMN24469401	drought	leaf	NA	Tifleaf3	D_L96h_3	NA	cultivar:TifLeaf3; age:drought 96 hour; geo loc name:China: Bejing; tissue:leaf; treatment:drought; ID:42
PRJNA792845	SRR17359231	SAMN24469400	drought	leaf	NA	Tifleaf3	D_L96h_2	NA	cultivar:TifLeaf3; age:drought 96 hour; geo loc name:China: Bejing; tissue:leaf; treatment:drought; ID:41
PRJNA792845	SRR17359232	SAMN24469364	drought	leaf	NA	Tifleaf3	D_L1h_2	NA	cultivar:TifLeaf3; age:drought 1 hour; geo loc name:China: Bejing; tissue:leaf; treatment:drought; ID:5
PRJNA792845	SRR17359233	SAMN24469399	drought	leaf	NA	Tifleaf3	D_L96h_1	NA	cultivar:TifLeaf3; age:drought 96 hour; geo loc name:China: Bejing; tissue:leaf; treatment:drought; ID:40
PRJNA792845	SRR17359234	SAMN24469398	control	leaf	NA	Tifleaf3	CK_L96h_3	NA	cultivar:TifLeaf3; age:without drought 96 hour; geo loc name:China: Bejing; tissue:leaf; treatment:control; ID:39
PRJNA792845	SRR17359235	SAMN24469397	control	leaf	NA	Tifleaf3	CK_L96h_2	NA	cultivar:TifLeaf3; age:without drought 96 hour; geo loc name:China: Bejing; tissue:leaf; treatment:control; ID:38
PRJNA792845	SRR17359236	SAMN24469396	control	leaf	NA	Tifleaf3	CK_L96h_1	NA	cultivar:TifLeaf3; age:without drought 96 hour; geo loc name:China: Bejing; tissue:leaf; treatment:control; ID:37
PRJNA792845	SRR17359237	SAMN24469395	drought	leaf	NA	Tifleaf3	D_L48h_3	NA	cultivar:TifLeaf3; age:drought 48 hour; geo loc name:China: Bejing; tissue:leaf; treatment:drought; ID:36
PRJNA792845	SRR17359238	SAMN24469394	drought	leaf	NA	Tifleaf3	D_L48h_2	NA	cultivar:TifLeaf3; age:drought 48 hour; geo loc name:China: Bejing; tissue:leaf; treatment:drought; ID:35
PRJNA792845	SRR17359239	SAMN24469393	drought	leaf	NA	Tifleaf3	D_L48h_1	NA	cultivar:TifLeaf3; age:drought 48 hour; geo loc name:China: Bejing; tissue:leaf; treatment:drought; ID:34
PRJNA792845	SRR17359240	SAMN24469392	control	leaf	NA	Tifleaf3	CK_L48h_3	NA	cultivar:TifLeaf3; age:without drought 48 hour; geo loc name:China: Bejing; tissue:leaf; treatment:control; ID:33
PRJNA792845	SRR17359241	SAMN24469391	control	leaf	NA	Tifleaf3	CK_L48h_2	NA	cultivar:TifLeaf3; age:without drought 48 hour; geo loc name:China: Bejing; tissue:leaf; treatment:control; ID:32
PRJNA792845	SRR17359242	SAMN24469390	control	leaf	NA	Tifleaf3	CK_L48h_1	NA	cultivar:TifLeaf3; age:without drought 48 hour; geo loc name:China: Bejing; tissue:leaf; treatment:control; ID:31
PRJNA792845	SRR17359243	SAMN24469363	drought	leaf	NA	Tifleaf3	D_L1h_1	NA	cultivar:TifLeaf3; age:drought 1 hour; geo loc name:China: Bejing; tissue:leaf; treatment:drought; ID:4
PRJNA792845	SRR17359244	SAMN24469389	drought	leaf	NA	Tifleaf3	D_L24h_3	NA	cultivar:TifLeaf3; age:drought 24 hour; geo loc name:China: Bejing; tissue:leaf; treatment:drought; ID:30
PRJNA792845	SRR17359245	SAMN24469388	drought	leaf	NA	Tifleaf3	D_L24h_2	NA	cultivar:TifLeaf3; age:drought 24 hour; geo loc name:China: Bejing; tissue:leaf; treatment:drought; ID:29
PRJNA792845	SRR17359246	SAMN24469387	drought	leaf	NA	Tifleaf3	D_L24h_1	NA	cultivar:TifLeaf3; age:drought 24 hour; geo loc name:China: Bejing; tissue:leaf; treatment:drought; ID:28
PRJNA792845	SRR17359247	SAMN24469386	control	leaf	NA	Tifleaf3	CK_L24h_3	NA	cultivar:TifLeaf3; age:without drought 24 hour; geo loc name:China: Bejing; tissue:leaf; treatment:control; ID:27
PRJNA792845	SRR17359248	SAMN24469385	control	leaf	NA	Tifleaf3	CK_L24h_2	NA	cultivar:TifLeaf3; age:without drought 24 hour; geo loc name:China: Bejing; tissue:leaf; treatment:control; ID:26
PRJNA792845	SRR17359249	SAMN24469384	control	leaf	NA	Tifleaf3	CK_L24h_1	NA	cultivar:TifLeaf3; age:without drought 24 hour; geo loc name:China: Bejing; tissue:leaf; treatment:control; ID:25
PRJNA792845	SRR17359250	SAMN24469383	drought	leaf	NA	Tifleaf3	D_L7h_3	NA	cultivar:TifLeaf3; age:drought 7 hour; geo loc name:China: Bejing; tissue:leaf; treatment:drought; ID:24
PRJNA792845	SRR17359251	SAMN24469382	drought	leaf	NA	Tifleaf3	D_L7h_2	NA	cultivar:TifLeaf3; age:drought 7 hour; geo loc name:China: Bejing; tissue:leaf; treatment:drought; ID:23
PRJNA792845	SRR17359252	SAMN24469381	drought	leaf	NA	Tifleaf3	D_L7h_1	NA	cultivar:TifLeaf3; age:drought 7 hour; geo loc name:China: Bejing; tissue:leaf; treatment:drought; ID:22
PRJNA792845	SRR17359253	SAMN24469380	control	leaf	NA	Tifleaf3	CK_L7h_3	NA	cultivar:TifLeaf3; age:without drought 7 hour; geo loc name:China: Bejing; tissue:leaf; treatment:control; ID:21
PRJNA792845	SRR17359254	SAMN24469362	control	leaf	NA	Tifleaf3	CK_L1h_3	NA	cultivar:TifLeaf3; age:without drought 1 hour; geo loc name:China: Bejing; tissue:leaf; treatment:control; ID:3
PRJNA792845	SRR17359255	SAMN24469379	control	leaf	NA	Tifleaf3	CK_L7h_2	NA	cultivar:TifLeaf3; age:without drought 7 hour; geo loc name:China: Bejing; tissue:leaf; treatment:control; ID:20
PRJNA792845	SRR17359256	SAMN24469378	control	leaf	NA	Tifleaf3	CK_L7h_1	NA	cultivar:TifLeaf3; age:without drought 7 hour; geo loc name:China: Bejing; tissue:leaf; treatment:control; ID:19
PRJNA792845	SRR17359257	SAMN24469377	drought	leaf	NA	Tifleaf3	D_L5h_3	NA	cultivar:TifLeaf3; age:drought 5 hour; geo loc name:China: Bejing; tissue:leaf; treatment:drought; ID:18
PRJNA792845	SRR17359258	SAMN24469376	drought	leaf	NA	Tifleaf3	D_L5h_2	NA	cultivar:TifLeaf3; age:drought 5 hour; geo loc name:China: Bejing; tissue:leaf; treatment:drought; ID:17
PRJNA792845	SRR17359259	SAMN24469375	drought	leaf	NA	Tifleaf3	D_L5h_1	NA	cultivar:TifLeaf3; age:drought 5 hour; geo loc name:China: Bejing; tissue:leaf; treatment:drought; ID:16
PRJNA792845	SRR17359260	SAMN24469374	control	leaf	NA	Tifleaf3	CK_L5h_3	NA	cultivar:TifLeaf3; age:without drought 5 hour; geo loc name:China: Bejing; tissue:leaf; treatment:control; ID:15
PRJNA792845	SRR17359261	SAMN24469373	control	leaf	NA	Tifleaf3	CK_L5h_2	NA	cultivar:TifLeaf3; age:without drought 5 hour; geo loc name:China: Bejing; tissue:leaf; treatment:control; ID:14
PRJNA792845	SRR17359262	SAMN24469372	control	leaf	NA	Tifleaf3	CK_L5h_1	NA	cultivar:TifLeaf3; age:without drought 5 hour; geo loc name:China: Bejing; tissue:leaf; treatment:control; ID:13
PRJNA792845	SRR17359263	SAMN24469371	drought	leaf	NA	Tifleaf3	D_L3h_3	NA	cultivar:TifLeaf3; age:drought 3 hour; geo loc name:China: Bejing; tissue:leaf; treatment:drought; ID:12
PRJNA792845	SRR17359264	SAMN24469370	drought	leaf	NA	Tifleaf3	D_L3h_2	NA	cultivar:TifLeaf3; age:drought 3 hour; geo loc name:China: Bejing; tissue:leaf; treatment:drought; ID:11
PRJNA792845	SRR17359265	SAMN24469361	control	leaf	NA	Tifleaf3	CK_L1h_2	NA	cultivar:TifLeaf3; age:without drought 1 hour; geo loc name:China: Bejing; tissue:leaf; treatment:control; ID:2
PRJNA792845	SRR17359266	SAMN24469360	control	leaf	NA	Tifleaf3	CK_L1h_1	NA	cultivar:TifLeaf3; age:without drought 1 hour; geo loc name:China: Bejing; tissue:leaf; treatment:control; ID:1
PRJNA801196	SRR17857128	SAMN25329674	NA	leaf	seedling stage	Tifleaf3	Pearl_millet	NA	isolate:Leaf; cultivar:tiff leaf 3; ecotype:not applicable; age:13 days; dev stage:seedling; geo loc name:not applicable; tissue:Leaf
PRJNA801196	SRR17857129	SAMN25329674	NA	leaf	seedling stage	Tifleaf3	Pearl_millet	NA	isolate:Leaf; cultivar:tiff leaf 3; ecotype:not applicable; age:13 days; dev stage:seedling; geo loc name:not applicable; tissue:Leaf
PRJNA801196	SRR17857130	SAMN25329674	NA	leaf	seedling stage	Tifleaf3	Pearl_millet	NA	isolate:Leaf; cultivar:tiff leaf 3; ecotype:not applicable; age:13 days; dev stage:seedling; geo loc name:not applicable; tissue:Leaf
PRJNA801196	SRR17857131	SAMN25329674	NA	leaf	seedling stage	Tifleaf3	Pearl_millet	NA	isolate:Leaf; cultivar:tiff leaf 3; ecotype:not applicable; age:13 days; dev stage:seedling; geo loc name:not applicable; tissue:Leaf
PRJNA801196	SRR17857132	SAMN25329674	NA	leaf	seedling stage	Tifleaf3	Pearl_millet	NA	isolate:Leaf; cultivar:tiff leaf 3; ecotype:not applicable; age:13 days; dev stage:seedling; geo loc name:not applicable; tissue:Leaf
PRJNA801196	SRR17857133	SAMN25329674	NA	leaf	seedling stage	Tifleaf3	Pearl_millet	NA	isolate:Leaf; cultivar:tiff leaf 3; ecotype:not applicable; age:13 days; dev stage:seedling; geo loc name:not applicable; tissue:Leaf
PRJNA801196	SRR17857134	SAMN25329674	NA	leaf	seedling stage	Tifleaf3	Pearl_millet	NA	isolate:Leaf; cultivar:tiff leaf 3; ecotype:not applicable; age:13 days; dev stage:seedling; geo loc name:not applicable; tissue:Leaf
PRJNA801196	SRR17857135	SAMN25329674	NA	leaf	seedling stage	Tifleaf3	Pearl_millet	NA	isolate:Leaf; cultivar:tiff leaf 3; ecotype:not applicable; age:13 days; dev stage:seedling; geo loc name:not applicable; tissue:Leaf
PRJNA801196	SRR17857136	SAMN25329674	NA	leaf	seedling stage	Tifleaf3	Pearl_millet	NA	isolate:Leaf; cultivar:tiff leaf 3; ecotype:not applicable; age:13 days; dev stage:seedling; geo loc name:not applicable; tissue:Leaf
PRJNA819827	SRR18491450	SAMN26937333	NA	root	NA	NA	T10_Root_Stress_(+Fe-Zn)_rep2	NA	isolate:missing; cultivar:missing; ecotype:missing; age:15 days old seedlings; geo loc name:India; tissue:Root; replicate:biological replicate 2; id:10
PRJNA819827	SRR18491451	SAMN26937332	NA	leaf	NA	NA	T9_Leaf_Stress_(+Fe-Zn)_rep2	NA	isolate:missing; cultivar:missing; ecotype:missing; age:15 days old seedlings; geo loc name:India; tissue:Leaf; replicate:biological replicate 2; id:9
PRJNA819827	SRR18491452	SAMN26937331	NA	root	NA	NA	T8_Root_Stress_(+Fe-Zn)_rep1	NA	isolate:missing; cultivar:missing; ecotype:missing; age:15 days old seedlings; geo loc name:India; tissue:Root; replicate:biological replicate 1; id:8
PRJNA819827	SRR18491453	SAMN26937330	NA	leaf	NA	NA	T7_Leaf_Stress_(+Fe-Zn)_rep1	NA	isolate:missing; cultivar:missing; ecotype:missing; age:15 days old seedlings; geo loc name:India; tissue:Leaf; replicate:biological replicate 1; id:7
PRJNA819827	SRR18491454	SAMN26937329	NA	root	NA	NA	T6_Root_Control_(+Fe+Zn)_rep3	NA	isolate:missing; cultivar:missing; ecotype:missing; age:15 days old seedlings; geo loc name:India; tissue:Root; replicate:biological replicate 3; id:6
PRJNA819827	SRR18491455	SAMN26937328	NA	leaf	NA	NA	T5_Leaf_Control_(+Fe+Zn)_rep3	NA	isolate:missing; cultivar:missing; ecotype:missing; age:15 days old seedlings; geo loc name:India; tissue:Leaf; replicate:biological replicate 3; id:5
PRJNA819827	SRR18491456	SAMN26937327	NA	root	NA	NA	T4_Root_Control_(+Fe+Zn)_rep2	NA	isolate:missing; cultivar:missing; ecotype:missing; age:15 days old seedlings; geo loc name:India; tissue:Root; replicate:biological replicate 2; id:4
PRJNA819827	SRR18491457	SAMN26937347	NA	root	NA	NA	T24_Root_Stress_(-Fe-Zn)_rep3	NA	isolate:missing; cultivar:missing; ecotype:missing; age:15 days old seedlings; geo loc name:India; tissue:Root; replicate:biological replicate 3; id:24
PRJNA819827	SRR18491458	SAMN26937346	NA	leaf	NA	NA	T23_Leaf_Stress_(-Fe-Zn)_rep3	NA	isolate:missing; cultivar:missing; ecotype:missing; age:15 days old seedlings; geo loc name:India; tissue:Leaf; replicate:biological replicate 3; id:23
PRJNA819827	SRR18491459	SAMN26937345	NA	root	NA	NA	T22_Root_Stress_(-Fe-Zn)_rep2	NA	isolate:missing; cultivar:missing; ecotype:missing; age:15 days old seedlings; geo loc name:India; tissue:Root; replicate:biological replicate 2; id:22
PRJNA819827	SRR18491460	SAMN26937344	NA	leaf	NA	NA	T21_Leaf_Stress_(-Fe-Zn)_rep2	NA	isolate:missing; cultivar:missing; ecotype:missing; age:15 days old seedlings; geo loc name:India; tissue:Leaf; replicate:biological replicate 2; id:21
PRJNA819827	SRR18491461	SAMN26937326	NA	leaf	NA	NA	T3_Leaf_Control_(+Fe+Zn)_rep2	NA	isolate:missing; cultivar:missing; ecotype:missing; age:15 days old seedlings; geo loc name:India; tissue:Leaf; replicate:biological replicate 2; id:3
PRJNA819827	SRR18491462	SAMN26937343	NA	root	NA	NA	T20_Root_Stress_(-Fe-Zn)_rep1	NA	isolate:missing; cultivar:missing; ecotype:missing; age:15 days old seedlings; geo loc name:India; tissue:Root; replicate:biological replicate 1; id:20
PRJNA819827	SRR18491463	SAMN26937342	NA	leaf	NA	NA	T19_Leaf_Stress_(-Fe-Zn)_rep1	NA	isolate:missing; cultivar:missing; ecotype:missing; age:15 days old seedlings; geo loc name:India; tissue:Leaf; replicate:biological replicate 1; id:19
PRJNA819827	SRR18491464	SAMN26937341	NA	root	NA	NA	T18_Root_Stress_(-Fe+Zn)_rep3	NA	isolate:missing; cultivar:missing; ecotype:missing; age:15 days old seedlings; geo loc name:India; tissue:Root; replicate:biological replicate 3; id:18
PRJNA819827	SRR18491465	SAMN26937340	NA	leaf	NA	NA	T17_Leaf_Stress_(-Fe+Zn)_rep3	NA	isolate:missing; cultivar:missing; ecotype:missing; age:15 days old seedlings; geo loc name:India; tissue:Leaf; replicate:biological replicate 3; id:17
PRJNA819827	SRR18491466	SAMN26937339	NA	root	NA	NA	T16_Root_Stress_(-Fe+Zn)_rep2	NA	isolate:missing; cultivar:missing; ecotype:missing; age:15 days old seedlings; geo loc name:India; tissue:Root; replicate:biological replicate 2; id:16
PRJNA819827	SRR18491467	SAMN26937338	NA	leaf	NA	NA	T15_Leaf_Stress_(-Fe+Zn)_rep2	NA	isolate:missing; cultivar:missing; ecotype:missing; age:15 days old seedlings; geo loc name:India; tissue:Leaf; replicate:biological replicate 2; id:15
PRJNA819827	SRR18491468	SAMN26937337	NA	root	NA	NA	T14_Root_Stress_(-Fe+Zn)_rep1	NA	isolate:missing; cultivar:missing; ecotype:missing; age:15 days old seedlings; geo loc name:India; tissue:Root; replicate:biological replicate 1; id:14
PRJNA819827	SRR18491469	SAMN26937336	NA	leaf	NA	NA	T13_Leaf_Stress_(-Fe+Zn)_rep1	NA	isolate:missing; cultivar:missing; ecotype:missing; age:15 days old seedlings; geo loc name:India; tissue:Leaf; replicate:biological replicate 1; id:13
PRJNA819827	SRR18491470	SAMN26937335	NA	root	NA	NA	T12_Root_Stress_(+Fe-Zn)_rep3	NA	isolate:missing; cultivar:missing; ecotype:missing; age:15 days old seedlings; geo loc name:India; tissue:Root; replicate:biological replicate 3; id:12
PRJNA819827	SRR18491471	SAMN26937334	NA	leaf	NA	NA	T11_Leaf_Stress_(+Fe-Zn)_rep3	NA	isolate:missing; cultivar:missing; ecotype:missing; age:15 days old seedlings; geo loc name:India; tissue:Leaf; replicate:biological replicate 3; id:11
PRJNA819827	SRR18491472	SAMN26937325	NA	root	NA	NA	T2_Root_Control_(+Fe+Zn)_rep1	NA	isolate:missing; cultivar:missing; ecotype:missing; age:15 days old seedlings; geo loc name:India; tissue:Root; replicate:biological replicate 1; id:2
PRJNA819827	SRR18491473	SAMN26937324	NA	leaf	NA	NA	T1_Leaf_Control_(+Fe+Zn)_rep1	NA	isolate:missing; cultivar:missing; ecotype:missing; age:15 days old seedlings; geo loc name:India; tissue:Leaf; replicate:biological replicate 1; id:1
PRJNA749489	SRR19633069	SAMN28614406	NA	NA	seedling stage	NA	PI527388	NA	dev stage:seedling; geo loc name:Algeria; tissue:All tissues; bio material:PI527388; cultivar:missing
PRJNA749489	SRR19633070	SAMN28616529	NA	NA	seedling stage	NA	PI186338	NA	dev stage:seedling; geo loc name:Australia; tissue:All tissues; bio material:PI186338; cultivar:missing
PRJNA749489	SRR19633071	SAMN28616536	NA	NA	seedling stage	NA	PI343841	NA	dev stage:seedling; geo loc name:Senegal; tissue:All tissues; isolate:PI343841; cultivar:missing
PRJNA749489	SRR19633072	SAMN28613898	NA	NA	seedling stage	NA	PI250656	NA	dev stage:seedling; geo loc name:Pakistan; tissue:All tissues; bio material:PI250656; cultivar:None
PRJNA850467	SRR19742151	SAMN29182652	NA	leaf	heading stage	Tifleaf3	HI_L_1	NA	cultivar:TifLeaf3; dev stage:Heading stage; geo loc name:USA; tissue:leaf; Replicate:replicate 1
PRJNA850467	SRR19742152	SAMN29182651	NA	stem	flowering stage	Tifleaf3	FW_S_3	NA	cultivar:TifLeaf3; dev stage:Flowering stage; geo loc name:USA; tissue:stem; Replicate:replicate 3
PRJNA850467	SRR19742153	SAMN29182650	NA	stem	flowering stage	Tifleaf3	FW_S_2	NA	cultivar:TifLeaf3; dev stage:Flowering stage; geo loc name:USA; tissue:stem; Replicate:replicate 2
PRJNA850467	SRR19742154	SAMN29182649	NA	stem	flowering stage	Tifleaf3	FW_S_1	NA	cultivar:TifLeaf3; dev stage:Flowering stage; geo loc name:USA; tissue:stem; Replicate:replicate 1
PRJNA850467	SRR19742155	SAMN29182693	NA	stem	tillering stage	Tifleaf3	TL_S_3	NA	cultivar:TifLeaf3; dev stage:Tillering stage; geo loc name:USA; tissue:stem; Replicate:replicate 3
PRJNA850467	SRR19742156	SAMN29182648	NA	leaf	flowering stage	Tifleaf3	FW_L_3	NA	cultivar:TifLeaf3; dev stage:Flowering stage; geo loc name:USA; tissue:leaf; Replicate:replicate 3
PRJNA850467	SRR19742157	SAMN29182692	NA	stem	tillering stage	Tifleaf3	TL_S_2	NA	cultivar:TifLeaf3; dev stage:Tillering stage; geo loc name:USA; tissue:stem; Replicate:replicate 2
PRJNA850467	SRR19742158	SAMN29182691	NA	stem	tillering stage	Tifleaf3	TL_S_1	NA	cultivar:TifLeaf3; dev stage:Tillering stage; geo loc name:USA; tissue:stem; Replicate:replicate 1
PRJNA850467	SRR19742159	SAMN29182690	NA	root	tillering stage	Tifleaf3	TL_R_3	NA	cultivar:TifLeaf3; dev stage:Tillering stage; geo loc name:USA; tissue:root; Replicate:replicate 3
PRJNA850467	SRR19742160	SAMN29182689	NA	root	tillering stage	Tifleaf3	TL_R_2	NA	cultivar:TifLeaf3; dev stage:Tillering stage; geo loc name:USA; tissue:root; Replicate:replicate 2
PRJNA850467	SRR19742161	SAMN29182688	NA	root	tillering stage	Tifleaf3	TL_R_1	NA	cultivar:TifLeaf3; dev stage:Tillering stage; geo loc name:USA; tissue:root; Replicate:replicate 1
PRJNA850467	SRR19742162	SAMN29182687	NA	tillering tissue	tillering stage	Tifleaf3	TL_M_3	NA	cultivar:TifLeaf3; dev stage:Tillering stage; geo loc name:USA; tissue:Tillering tissue; Replicate:replicate 3
PRJNA850467	SRR19742163	SAMN29182686	NA	tillering tissue	tillering stage	Tifleaf3	TL_M_2	NA	cultivar:TifLeaf3; dev stage:Tillering stage; geo loc name:USA; tissue:Tillering tissue; Replicate:replicate 2
PRJNA850467	SRR19742164	SAMN29182685	NA	tillering tissue	tillering stage	Tifleaf3	TL_M_1	NA	cultivar:TifLeaf3; dev stage:Tillering stage; geo loc name:USA; tissue:Tillering tissue; Replicate:replicate 1
PRJNA850467	SRR19742165	SAMN29182684	NA	leaf	tillering stage	Tifleaf3	TL_L_3	NA	cultivar:TifLeaf3; dev stage:Tillering stage; geo loc name:USA; tissue:leaf; Replicate:replicate 3
PRJNA850467	SRR19742166	SAMN29182683	NA	leaf	tillering stage	Tifleaf3	TL_L_2	NA	cultivar:TifLeaf3; dev stage:Tillering stage; geo loc name:USA; tissue:leaf; Replicate:replicate 2
PRJNA850467	SRR19742167	SAMN29182647	NA	leaf	flowering stage	Tifleaf3	FW_L_2	NA	cultivar:TifLeaf3; dev stage:Flowering stage; geo loc name:USA; tissue:leaf; Replicate:replicate 2
PRJNA850467	SRR19742168	SAMN29182682	NA	leaf	tillering stage	Tifleaf3	TL_L_1	NA	cultivar:TifLeaf3; dev stage:Tillering stage; geo loc name:USA; tissue:leaf; Replicate:replicate 1
PRJNA850467	SRR19742169	SAMN29182681	NA	root	five leaf stage	Tifleaf3	T5LF_R_3	NA	cultivar:TifLeaf3; dev stage:Five leaf stage; geo loc name:USA; tissue:root; Replicate:replicate 3
PRJNA850467	SRR19742170	SAMN29182680	NA	root	five leaf stage	Tifleaf3	T5LF_R_2	NA	cultivar:TifLeaf3; dev stage:Five leaf stage; geo loc name:USA; tissue:root; Replicate:replicate 2
PRJNA850467	SRR19742171	SAMN29182679	NA	root	five leaf stage	Tifleaf3	T5LF_R_1	NA	cultivar:TifLeaf3; dev stage:Five leaf stage; geo loc name:USA; tissue:root; Replicate:replicate 1
PRJNA850467	SRR19742172	SAMN29182678	NA	leaf	five leaf stage	Tifleaf3	T5LF_L_3	NA	cultivar:TifLeaf3; dev stage:Five leaf stage; geo loc name:USA; tissue:leaf; Replicate:replicate 3
PRJNA850467	SRR19742173	SAMN29182677	NA	leaf	five leaf stage	Tifleaf3	T5LF_L_2	NA	cultivar:TifLeaf3; dev stage:Five leaf stage; geo loc name:USA; tissue:leaf; Replicate:replicate 2
PRJNA850467	SRR19742174	SAMN29182676	NA	leaf	five leaf stage	Tifleaf3	T5LF_L_1	NA	cultivar:TifLeaf3; dev stage:Five leaf stage; geo loc name:USA; tissue:leaf; Replicate:replicate 1
PRJNA850467	SRR19742175	SAMN29182675	NA	root	three leaf stage	Tifleaf3	T3LF_R_3	NA	cultivar:TifLeaf3; dev stage:Three leaf stage; geo loc name:USA; tissue:root; Replicate:replicate 3
PRJNA850467	SRR19742176	SAMN29182674	NA	root	three leaf stage	Tifleaf3	T3LF_R_2	NA	cultivar:TifLeaf3; dev stage:Three leaf stage; geo loc name:USA; tissue:root; Replicate:replicate 2
PRJNA850467	SRR19742177	SAMN29182673	NA	root	three leaf stage	Tifleaf3	T3LF_R_1	NA	cultivar:TifLeaf3; dev stage:Three leaf stage; geo loc name:USA; tissue:root; Replicate:replicate 1
PRJNA850467	SRR19742178	SAMN29182646	NA	leaf	flowering stage	Tifleaf3	FW_L_1	NA	cultivar:TifLeaf3; dev stage:Flowering stage; geo loc name:USA; tissue:leaf; Replicate:replicate 1
PRJNA850467	SRR19742179	SAMN29182672	NA	leaf	three leaf stage	Tifleaf3	T3LF_L_3	NA	cultivar:TifLeaf3; dev stage:Three leaf stage; geo loc name:USA; tissue:leaf; Replicate:replicate 3
PRJNA850467	SRR19742180	SAMN29182671	NA	leaf	three leaf stage	Tifleaf3	T3LF_L_2	NA	cultivar:TifLeaf3; dev stage:Three leaf stage; geo loc name:USA; tissue:leaf; Replicate:replicate 2
PRJNA850467	SRR19742181	SAMN29182670	NA	leaf	three leaf stage	Tifleaf3	T3LF_L_1	NA	cultivar:TifLeaf3; dev stage:Three leaf stage; geo loc name:USA; tissue:leaf; Replicate:replicate 1
PRJNA850467	SRR19742182	SAMN29182669	NA	flower	dough stage	Tifleaf3	SI_SD_3	NA	cultivar:TifLeaf3; dev stage:Dough stage; geo loc name:USA; tissue:spike; Replicate:replicate 3
PRJNA850467	SRR19742183	SAMN29182668	NA	flower	dough stage	Tifleaf3	SI_SD_2	NA	cultivar:TifLeaf3; dev stage:Dough stage; geo loc name:USA; tissue:spike; Replicate:replicate 2
PRJNA850467	SRR19742184	SAMN29182667	NA	flower	dough stage	Tifleaf3	SI_SD_1	NA	cultivar:TifLeaf3; dev stage:Dough stage; geo loc name:USA; tissue:spike; Replicate:replicate 1
PRJNA850467	SRR19742185	SAMN29182666	NA	stem	dough stage	Tifleaf3	SI_S_3	NA	cultivar:TifLeaf3; dev stage:Dough stage; geo loc name:USA; tissue:stem; Replicate:replicate 3
PRJNA850467	SRR19742186	SAMN29182665	NA	stem	dough stage	Tifleaf3	SI_S_2	NA	cultivar:TifLeaf3; dev stage:Dough stage; geo loc name:USA; tissue:stem; Replicate:replicate 2
PRJNA850467	SRR19742187	SAMN29182664	NA	stem	dough stage	Tifleaf3	SI_S_1	NA	cultivar:TifLeaf3; dev stage:Dough stage; geo loc name:USA; tissue:stem; Replicate:replicate 1
PRJNA850467	SRR19742188	SAMN29182663	NA	leaf	dough stage	Tifleaf3	SI_L_3	NA	cultivar:TifLeaf3; dev stage:Dough stage; geo loc name:USA; tissue:leaf; Replicate:replicate 3
PRJNA850467	SRR19742189	SAMN29182645	NA	flower	flowering stage	Tifleaf3	FW_F_3	NA	cultivar:TifLeaf3; dev stage:Flowering stage; geo loc name:USA; tissue:spike; Replicate:replicate 3
PRJNA850467	SRR19742190	SAMN29182662	NA	leaf	dough stage	Tifleaf3	SI_L_2	NA	cultivar:TifLeaf3; dev stage:Dough stage; geo loc name:USA; tissue:leaf; Replicate:replicate 2
PRJNA850467	SRR19742191	SAMN29182661	NA	leaf	dough stage	Tifleaf3	SI_L_1	NA	cultivar:TifLeaf3; dev stage:Dough stage; geo loc name:USA; tissue:leaf; Replicate:replicate 1
PRJNA850467	SRR19742192	SAMN29182660	NA	stem	heading stage	Tifleaf3	HI_ST_3	NA	cultivar:TifLeaf3; dev stage:Heading stage; geo loc name:USA; tissue:stem; Replicate:replicate 3
PRJNA850467	SRR19742193	SAMN29182659	NA	stem	heading stage	Tifleaf3	HI_ST_2	NA	cultivar:TifLeaf3; dev stage:Heading stage; geo loc name:USA; tissue:stem; Replicate:replicate 2
PRJNA850467	SRR19742194	SAMN29182658	NA	stem	heading stage	Tifleaf3	HI_ST_1	NA	cultivar:TifLeaf3; dev stage:Heading stage; geo loc name:USA; tissue:stem; Replicate:replicate 1
PRJNA850467	SRR19742195	SAMN29182657	NA	flower	heading stage	Tifleaf3	HI_SP_3	NA	cultivar:TifLeaf3; dev stage:Heading stage; geo loc name:USA; tissue:spike; Replicate:replicate 3
PRJNA850467	SRR19742196	SAMN29182656	NA	flower	heading stage	Tifleaf3	HI_SP_2	NA	cultivar:TifLeaf3; dev stage:Heading stage; geo loc name:USA; tissue:spike; Replicate:replicate 2
PRJNA850467	SRR19742197	SAMN29182655	NA	flower	heading stage	Tifleaf3	HI_SP_1	NA	cultivar:TifLeaf3; dev stage:Heading stage; geo loc name:USA; tissue:spike; Replicate:replicate 1
PRJNA850467	SRR19742198	SAMN29182654	NA	leaf	heading stage	Tifleaf3	HI_L_3	NA	cultivar:TifLeaf3; dev stage:Heading stage; geo loc name:USA; tissue:leaf; Replicate:replicate 3
PRJNA850467	SRR19742199	SAMN29182653	NA	leaf	heading stage	Tifleaf3	HI_L_2	NA	cultivar:TifLeaf3; dev stage:Heading stage; geo loc name:USA; tissue:leaf; Replicate:replicate 2
PRJNA850467	SRR19742200	SAMN29182644	NA	flower	flowering stage	Tifleaf3	FW_F_2	NA	cultivar:TifLeaf3; dev stage:Flowering stage; geo loc name:USA; tissue:spike; Replicate:replicate 2
PRJNA850467	SRR19742201	SAMN29182643	NA	flower	flowering stage	Tifleaf3	FW_F_1	NA	cultivar:TifLeaf3; dev stage:Flowering stage; geo loc name:USA; tissue:spike; Replicate:replicate 1
PRJNA850644	SRR19747161	SAMN29199367	Salt treatment for 5 hour	root	three leaf stage	Tifleaf3	S_5hR_1	NA	cultivar:TifLeaf3; dev stage:Three leaf stage; geo loc name:USA; tissue:Root; treatment:Salt treatment for 5 hour; Replicate:replicate 1
PRJNA850644	SRR19747162	SAMN29199366	Salt treatment for 5 hour	leaf	three leaf stage	Tifleaf3	S_5hL_3	NA	cultivar:TifLeaf3; dev stage:Three leaf stage; geo loc name:USA; tissue:leaf; treatment:Salt treatment for 5 hour; Replicate:replicate 3
PRJNA850644	SRR19747163	SAMN29199365	Salt treatment for 5 hour	leaf	three leaf stage	Tifleaf3	S_5hL_2	NA	cultivar:TifLeaf3; dev stage:Three leaf stage; geo loc name:USA; tissue:leaf; treatment:Salt treatment for 5 hour; Replicate:replicate 2
PRJNA850644	SRR19747164	SAMN29199364	Salt treatment for 5 hour	leaf	three leaf stage	Tifleaf3	S_5hL_1	NA	cultivar:TifLeaf3; dev stage:Three leaf stage; geo loc name:USA; tissue:leaf; treatment:Salt treatment for 5 hour; Replicate:replicate 1
PRJNA850644	SRR19747165	SAMN29199363	Salt treatment for 3 hour	root	three leaf stage	Tifleaf3	S_3hR_3	NA	cultivar:TifLeaf3; dev stage:Three leaf stage; geo loc name:USA; tissue:Root; treatment:Salt treatment for 3 hour; Replicate:replicate 3
PRJNA850644	SRR19747166	SAMN29199362	Salt treatment for 3 hour	root	three leaf stage	Tifleaf3	S_3hR_2	NA	cultivar:TifLeaf3; dev stage:Three leaf stage; geo loc name:USA; tissue:Root; treatment:Salt treatment for 3 hour; Replicate:replicate 2
PRJNA850644	SRR19747167	SAMN29199396	Salt treatment for 144 hour	root	three leaf stage	Tifleaf3	S_144hR_3	NA	cultivar:TifLeaf3; dev stage:Three leaf stage; geo loc name:USA; tissue:Root; treatment:Salt treatment for 144 hour; Replicate:replicate 3
PRJNA850644	SRR19747168	SAMN29199395	Salt treatment for 144 hour	root	three leaf stage	Tifleaf3	S_144hR_2	NA	cultivar:TifLeaf3; dev stage:Three leaf stage; geo loc name:USA; tissue:Root; treatment:Salt treatment for 144 hour; Replicate:replicate 2
PRJNA850644	SRR19747169	SAMN29199394	Salt treatment for 144 hour	root	three leaf stage	Tifleaf3	S_144hR_1	NA	cultivar:TifLeaf3; dev stage:Three leaf stage; geo loc name:USA; tissue:Root; treatment:Salt treatment for 144 hour; Replicate:replicate 1
PRJNA850644	SRR19747170	SAMN29199393	Salt treatment for 144 hour	leaf	three leaf stage	Tifleaf3	S_144hL_3	NA	cultivar:TifLeaf3; dev stage:Three leaf stage; geo loc name:USA; tissue:leaf; treatment:Salt treatment for 144 hour; Replicate:replicate 3
PRJNA850644	SRR19747171	SAMN29199392	Salt treatment for 144 hour	leaf	three leaf stage	Tifleaf3	S_144hL_2	NA	cultivar:TifLeaf3; dev stage:Three leaf stage; geo loc name:USA; tissue:leaf; treatment:Salt treatment for 144 hour; Replicate:replicate 2
PRJNA850644	SRR19747172	SAMN29199391	Salt treatment for 144 hour	leaf	three leaf stage	Tifleaf3	S_144hL_1	NA	cultivar:TifLeaf3; dev stage:Three leaf stage; geo loc name:USA; tissue:leaf; treatment:Salt treatment for 144 hour; Replicate:replicate 1
PRJNA850644	SRR19747173	SAMN29199390	Salt treatment for 96 hour	root	three leaf stage	Tifleaf3	S_96hR_3	NA	cultivar:TifLeaf3; dev stage:Three leaf stage; geo loc name:USA; tissue:Root; treatment:Salt treatment for 96 hour; Replicate:replicate 3
PRJNA850644	SRR19747174	SAMN29199389	Salt treatment for 96 hour	root	three leaf stage	Tifleaf3	S_96hR_2	NA	cultivar:TifLeaf3; dev stage:Three leaf stage; geo loc name:USA; tissue:Root; treatment:Salt treatment for 96 hour; Replicate:replicate 2
PRJNA850644	SRR19747175	SAMN29199388	Salt treatment for 96 hour	root	three leaf stage	Tifleaf3	S_96hR_1	NA	cultivar:TifLeaf3; dev stage:Three leaf stage; geo loc name:USA; tissue:Root; treatment:Salt treatment for 96 hour; Replicate:replicate 1
PRJNA850644	SRR19747176	SAMN29199361	Salt treatment for 3 hour	root	three leaf stage	Tifleaf3	S_3hR_1	NA	cultivar:TifLeaf3; dev stage:Three leaf stage; geo loc name:USA; tissue:Root; treatment:Salt treatment for 3 hour; Replicate:replicate 1
PRJNA850644	SRR19747177	SAMN29199387	Salt treatment for 96 hour	leaf	three leaf stage	Tifleaf3	S_96hL_3	NA	cultivar:TifLeaf3; dev stage:Three leaf stage; geo loc name:USA; tissue:leaf; treatment:Salt treatment for 96 hour; Replicate:replicate 3
PRJNA850644	SRR19747178	SAMN29199386	Salt treatment for 96 hour	leaf	three leaf stage	Tifleaf3	S_96hL_2	NA	cultivar:TifLeaf3; dev stage:Three leaf stage; geo loc name:USA; tissue:leaf; treatment:Salt treatment for 96 hour; Replicate:replicate 2
PRJNA850644	SRR19747179	SAMN29199385	Salt treatment for 96 hour	leaf	three leaf stage	Tifleaf3	S_96hL_1	NA	cultivar:TifLeaf3; dev stage:Three leaf stage; geo loc name:USA; tissue:leaf; treatment:Salt treatment for 96 hour; Replicate:replicate 1
PRJNA850644	SRR19747180	SAMN29199384	Salt treatment for 48 hour	root	three leaf stage	Tifleaf3	S_48hR_3	NA	cultivar:TifLeaf3; dev stage:Three leaf stage; geo loc name:USA; tissue:Root; treatment:Salt treatment for 48 hour; Replicate:replicate 3
PRJNA850644	SRR19747181	SAMN29199383	Salt treatment for 48 hour	root	three leaf stage	Tifleaf3	S_48hR_2	NA	cultivar:TifLeaf3; dev stage:Three leaf stage; geo loc name:USA; tissue:Root; treatment:Salt treatment for 48 hour; Replicate:replicate 2
PRJNA850644	SRR19747182	SAMN29199382	Salt treatment for 48 hour	root	three leaf stage	Tifleaf3	S_48hR_1	NA	cultivar:TifLeaf3; dev stage:Three leaf stage; geo loc name:USA; tissue:Root; treatment:Salt treatment for 48 hour; Replicate:replicate 1
PRJNA850644	SRR19747183	SAMN29199381	Salt treatment for 48 hour	leaf	three leaf stage	Tifleaf3	S_48hL_3	NA	cultivar:TifLeaf3; dev stage:Three leaf stage; geo loc name:USA; tissue:leaf; treatment:Salt treatment for 48 hour; Replicate:replicate 3
PRJNA850644	SRR19747184	SAMN29199380	Salt treatment for 48 hour	leaf	three leaf stage	Tifleaf3	S_48hL_2	NA	cultivar:TifLeaf3; dev stage:Three leaf stage; geo loc name:USA; tissue:leaf; treatment:Salt treatment for 48 hour; Replicate:replicate 2
PRJNA850644	SRR19747185	SAMN29199379	Salt treatment for 48 hour	leaf	three leaf stage	Tifleaf3	S_48hL_1	NA	cultivar:TifLeaf3; dev stage:Three leaf stage; geo loc name:USA; tissue:leaf; treatment:Salt treatment for 48 hour; Replicate:replicate 1
PRJNA850644	SRR19747186	SAMN29199378	Salt treatment for 24 hour	root	three leaf stage	Tifleaf3	S_24hR_3	NA	cultivar:TifLeaf3; dev stage:Three leaf stage; geo loc name:USA; tissue:Root; treatment:Salt treatment for 24 hour; Replicate:replicate 3
PRJNA850644	SRR19747187	SAMN29199360	Salt treatment for 1 hour	root	three leaf stage	Tifleaf3	S_1hR_3	NA	cultivar:TifLeaf3; dev stage:Three leaf stage; geo loc name:USA; tissue:Root; treatment:Salt treatment for 1 hour; Replicate:replicate 3
PRJNA850644	SRR19747188	SAMN29199377	Salt treatment for 24 hour	root	three leaf stage	Tifleaf3	S_24hR_2	NA	cultivar:TifLeaf3; dev stage:Three leaf stage; geo loc name:USA; tissue:Root; treatment:Salt treatment for 24 hour; Replicate:replicate 2
PRJNA850644	SRR19747189	SAMN29199376	Salt treatment for 24 hour	root	three leaf stage	Tifleaf3	S_24hR_1	NA	cultivar:TifLeaf3; dev stage:Three leaf stage; geo loc name:USA; tissue:Root; treatment:Salt treatment for 24 hour; Replicate:replicate 1
PRJNA850644	SRR19747190	SAMN29199375	Salt treatment for 24 hour	leaf	three leaf stage	Tifleaf3	S_24hL_3	NA	cultivar:TifLeaf3; dev stage:Three leaf stage; geo loc name:USA; tissue:leaf; treatment:Salt treatment for 24 hour; Replicate:replicate 3
PRJNA850644	SRR19747191	SAMN29199374	Salt treatment for 24 hour	leaf	three leaf stage	Tifleaf3	S_24hL_2	NA	cultivar:TifLeaf3; dev stage:Three leaf stage; geo loc name:USA; tissue:leaf; treatment:Salt treatment for 24 hour; Replicate:replicate 2
PRJNA850644	SRR19747192	SAMN29199373	Salt treatment for 24 hour	leaf	three leaf stage	Tifleaf3	S_24hL_1	NA	cultivar:TifLeaf3; dev stage:Three leaf stage; geo loc name:USA; tissue:leaf; treatment:Salt treatment for 24 hour; Replicate:replicate 1
PRJNA850644	SRR19747193	SAMN29199372	Salt treatment for 7 hour	root	three leaf stage	Tifleaf3	S_7hR_3	NA	cultivar:TifLeaf3; dev stage:Three leaf stage; geo loc name:USA; tissue:Root; treatment:Salt treatment for 7 hour; Replicate:replicate 3
PRJNA850644	SRR19747194	SAMN29199371	Salt treatment for 7 hour	root	three leaf stage	Tifleaf3	S_7hR_2	NA	cultivar:TifLeaf3; dev stage:Three leaf stage; geo loc name:USA; tissue:Root; treatment:Salt treatment for 7 hour; Replicate:replicate 2
PRJNA850644	SRR19747195	SAMN29199370	Salt treatment for 7 hour	root	three leaf stage	Tifleaf3	S_7hR_1	NA	cultivar:TifLeaf3; dev stage:Three leaf stage; geo loc name:USA; tissue:Root; treatment:Salt treatment for 7 hour; Replicate:replicate 1
PRJNA850644	SRR19747196	SAMN29199369	Salt treatment for 5 hour	root	three leaf stage	Tifleaf3	S_5hR_3	NA	cultivar:TifLeaf3; dev stage:Three leaf stage; geo loc name:USA; tissue:Root; treatment:Salt treatment for 5 hour; Replicate:replicate 3
PRJNA850644	SRR19747197	SAMN29199368	Salt treatment for 5 hour	root	three leaf stage	Tifleaf3	S_5hR_2	NA	cultivar:TifLeaf3; dev stage:Three leaf stage; geo loc name:USA; tissue:Root; treatment:Salt treatment for 5 hour; Replicate:replicate 2
PRJNA850644	SRR19747198	SAMN29199359	Salt treatment for 1 hour	root	three leaf stage	Tifleaf3	S_1hR_2	NA	cultivar:TifLeaf3; dev stage:Three leaf stage; geo loc name:USA; tissue:Root; treatment:Salt treatment for 1 hour; Replicate:replicate 2
PRJNA850644	SRR19747199	SAMN29199358	Salt treatment for 1 hour	root	three leaf stage	Tifleaf3	S_1hR_1	NA	cultivar:TifLeaf3; dev stage:Three leaf stage; geo loc name:USA; tissue:Root; treatment:Salt treatment for 1 hour; Replicate:replicate 1
PRJNA850645	SRR19747200	SAMN29199406	Drought treatment for 5 hour	root	three leaf stage	Tifleaf3	D_5hR_1	NA	cultivar:TifLeaf3; dev stage:Three leaf stage; geo loc name:USA; tissue:Root; treatment:Drought treatment for 5 hour; Replicate:replicate 1
PRJNA850645	SRR19747201	SAMN29199405	Drought treatment for 5 hour	leaf	three leaf stage	Tifleaf3	D_5hL_3	NA	cultivar:TifLeaf3; dev stage:Three leaf stage; geo loc name:USA; tissue:leaf; treatment:Drought treatment for 5 hour; Replicate:replicate 3
PRJNA850645	SRR19747202	SAMN29199404	Drought treatment for 5 hour	leaf	three leaf stage	Tifleaf3	D_5hL_2	NA	cultivar:TifLeaf3; dev stage:Three leaf stage; geo loc name:USA; tissue:leaf; treatment:Drought treatment for 5 hour; Replicate:replicate 2
PRJNA850645	SRR19747203	SAMN29199403	Drought treatment for 5 hour	leaf	three leaf stage	Tifleaf3	D_5hL_1	NA	cultivar:TifLeaf3; dev stage:Three leaf stage; geo loc name:USA; tissue:leaf; treatment:Drought treatment for 5 hour; Replicate:replicate 1
PRJNA850645	SRR19747204	SAMN29199402	Drought treatment for 3 hour	leaf	three leaf stage	Tifleaf3	D_3hL_3	NA	cultivar:TifLeaf3; dev stage:Three leaf stage; geo loc name:USA; tissue:leaf; treatment:Drought treatment for 3 hour; Replicate:replicate 3
PRJNA850645	SRR19747205	SAMN29199401	Drought treatment for 3 hour	leaf	three leaf stage	Tifleaf3	D_3hL_2	NA	cultivar:TifLeaf3; dev stage:Three leaf stage; geo loc name:USA; tissue:leaf; treatment:Drought treatment for 3 hour; Replicate:replicate 2
PRJNA850645	SRR19747206	SAMN29199400	Drought treatment for 3 hour	leaf	three leaf stage	Tifleaf3	D_3hL_1	NA	cultivar:TifLeaf3; dev stage:Three leaf stage; geo loc name:USA; tissue:leaf; treatment:Drought treatment for 3 hour; Replicate:replicate 1
PRJNA850645	SRR19747207	SAMN29199423	Drought treatment for 144 hour	leaf	three leaf stage	Tifleaf3	D_144hL_3	NA	cultivar:TifLeaf3; dev stage:Three leaf stage; geo loc name:USA; tissue:leaf; treatment:Drought treatment for 144 hour; Replicate:replicate 3
PRJNA850645	SRR19747208	SAMN29199422	Drought treatment for 144 hour	leaf	three leaf stage	Tifleaf3	D_144hL_2	NA	cultivar:TifLeaf3; dev stage:Three leaf stage; geo loc name:USA; tissue:leaf; treatment:Drought treatment for 144 hour; Replicate:replicate 2
PRJNA850645	SRR19747209	SAMN29199421	Drought treatment for 144 hour	leaf	three leaf stage	Tifleaf3	D_144hL_1	NA	cultivar:TifLeaf3; dev stage:Three leaf stage; geo loc name:USA; tissue:leaf; treatment:Drought treatment for 144 hour; Replicate:replicate 1
PRJNA850645	SRR19747210	SAMN29199420	Drought treatment for 96 hour	leaf	three leaf stage	Tifleaf3	D_96hL_3	NA	cultivar:TifLeaf3; dev stage:Three leaf stage; geo loc name:USA; tissue:leaf; treatment:Drought treatment for 96 hour; Replicate:replicate 3
PRJNA850645	SRR19747211	SAMN29199419	Drought treatment for 96 hour	leaf	three leaf stage	Tifleaf3	D_96hL_2	NA	cultivar:TifLeaf3; dev stage:Three leaf stage; geo loc name:USA; tissue:leaf; treatment:Drought treatment for 96 hour; Replicate:replicate 2
PRJNA850645	SRR19747212	SAMN29199418	Drought treatment for 96 hour	leaf	three leaf stage	Tifleaf3	D_96hL_1	NA	cultivar:TifLeaf3; dev stage:Three leaf stage; geo loc name:USA; tissue:leaf; treatment:Drought treatment for 96 hour; Replicate:replicate 1
PRJNA850645	SRR19747213	SAMN29199417	Drought treatment for 48 hour	leaf	three leaf stage	Tifleaf3	D_48hL_3	NA	cultivar:TifLeaf3; dev stage:Three leaf stage; geo loc name:USA; tissue:leaf; treatment:Drought treatment for 48 hour; Replicate:replicate 3
PRJNA850645	SRR19747214	SAMN29199399	Drought treatment for 1 hour	leaf	three leaf stage	Tifleaf3	D_1hL_3	NA	cultivar:TifLeaf3; dev stage:Three leaf stage; geo loc name:USA; tissue:leaf; treatment:Drought treatment for 1 hour; Replicate:replicate 3
PRJNA850645	SRR19747215	SAMN29199416	Drought treatment for 48 hour	leaf	three leaf stage	Tifleaf3	D_48hL_2	NA	cultivar:TifLeaf3; dev stage:Three leaf stage; geo loc name:USA; tissue:leaf; treatment:Drought treatment for 48 hour; Replicate:replicate 2
PRJNA850645	SRR19747216	SAMN29199415	Drought treatment for 48 hour	leaf	three leaf stage	Tifleaf3	D_48hL_1	NA	cultivar:TifLeaf3; dev stage:Three leaf stage; geo loc name:USA; tissue:leaf; treatment:Drought treatment for 48 hour; Replicate:replicate 1
PRJNA850645	SRR19747217	SAMN29199414	Drought treatment for 24 hour	leaf	three leaf stage	Tifleaf3	D_24hL_3	NA	cultivar:TifLeaf3; dev stage:Three leaf stage; geo loc name:USA; tissue:leaf; treatment:Drought treatment for 24 hour; Replicate:replicate 3
PRJNA850645	SRR19747218	SAMN29199413	Drought treatment for 24 hour	leaf	three leaf stage	Tifleaf3	D_24hL_2	NA	cultivar:TifLeaf3; dev stage:Three leaf stage; geo loc name:USA; tissue:leaf; treatment:Drought treatment for 24 hour; Replicate:replicate 2
PRJNA850645	SRR19747219	SAMN29199412	Drought treatment for 24 hour	leaf	three leaf stage	Tifleaf3	D_24hL_1	NA	cultivar:TifLeaf3; dev stage:Three leaf stage; geo loc name:USA; tissue:leaf; treatment:Drought treatment for 24 hour; Replicate:replicate 1
PRJNA850645	SRR19747220	SAMN29199411	Drought treatment for 7 hour	leaf	three leaf stage	Tifleaf3	D_7hL_3	NA	cultivar:TifLeaf3; dev stage:Three leaf stage; geo loc name:USA; tissue:leaf; treatment:Drought treatment for 7 hour; Replicate:replicate 3
PRJNA850645	SRR19747221	SAMN29199410	Drought treatment for 7 hour	leaf	three leaf stage	Tifleaf3	D_7hL_2	NA	cultivar:TifLeaf3; dev stage:Three leaf stage; geo loc name:USA; tissue:leaf; treatment:Drought treatment for 7 hour; Replicate:replicate 2
PRJNA850645	SRR19747222	SAMN29199409	Drought treatment for 7 hour	leaf	three leaf stage	Tifleaf3	D_7hL_1	NA	cultivar:TifLeaf3; dev stage:Three leaf stage; geo loc name:USA; tissue:leaf; treatment:Drought treatment for 7 hour; Replicate:replicate 1
PRJNA850645	SRR19747223	SAMN29199408	Drought treatment for 5 hour	root	three leaf stage	Tifleaf3	D_5hR_3	NA	cultivar:TifLeaf3; dev stage:Three leaf stage; geo loc name:USA; tissue:Root; treatment:Drought treatment for 5 hour; Replicate:replicate 3
PRJNA850645	SRR19747224	SAMN29199407	Drought treatment for 5 hour	root	three leaf stage	Tifleaf3	D_5hR_2	NA	cultivar:TifLeaf3; dev stage:Three leaf stage; geo loc name:USA; tissue:Root; treatment:Drought treatment for 5 hour; Replicate:replicate 2
PRJNA850645	SRR19747225	SAMN29199398	Drought treatment for 1 hour	leaf	three leaf stage	Tifleaf3	D_1hL_2	NA	cultivar:TifLeaf3; dev stage:Three leaf stage; geo loc name:USA; tissue:leaf; treatment:Drought treatment for 1 hour; Replicate:replicate 2
PRJNA850645	SRR19747226	SAMN29199397	Drought treatment for 1 hour	leaf	three leaf stage	Tifleaf3	D_1hL_1	NA	cultivar:TifLeaf3; dev stage:Three leaf stage; geo loc name:USA; tissue:leaf; treatment:Drought treatment for 1 hour; Replicate:replicate 1
PRJNA282365	SRR2029400	SAMN03570038	control	leaf	NA	PI586660	Control_leaf_AATGC	NA	cultivar:PI586660; age:15 days; dev stage:Leaf; geo loc name:missing; tissue:Leaf; biomaterial provider:USDA ARS; sample type:Tissue; treatment:Control-no stress
PRJNA282365	SRR2029402	SAMN03570038	control	leaf	NA	PI586660	Control_leaf_AATGC	NA	cultivar:PI586660; age:15 days; dev stage:Leaf; geo loc name:missing; tissue:Leaf; biomaterial provider:USDA ARS; sample type:Tissue; treatment:Control-no stress
PRJNA282365	SRR2029403	SAMN03570040	control	root	NA	PI586660	Control_root_AGCTT	NA	cultivar:PI586660; age:15 days; dev stage:Root; geo loc name:missing; tissue:Root; biomaterial provider:USDA ARS; sample type:Tissue; treatment:Control-no stress
PRJNA282365	SRR2029405	SAMN03570040	control	root	NA	PI586660	Control_root_AGCTT	NA	cultivar:PI586660; age:15 days; dev stage:Root; geo loc name:missing; tissue:Root; biomaterial provider:USDA ARS; sample type:Tissue; treatment:Control-no stress
PRJNA282365	SRR2029406	SAMN03570041	15% PEG	leaf	NA	PI586660	Drought_leaf_GGTCA	NA	cultivar:PI586660; age:15 days; dev stage:Leaf; geo loc name:missing; tissue:Leaf; biomaterial provider:USDA ARS; sample type:Tissue; treatment:15% PEG
PRJNA282365	SRR2029408	SAMN03570041	15% PEG	leaf	NA	PI586660	Drought_leaf_GGTCA	NA	cultivar:PI586660; age:15 days; dev stage:Leaf; geo loc name:missing; tissue:Leaf; biomaterial provider:USDA ARS; sample type:Tissue; treatment:15% PEG
PRJNA282365	SRR2029409	SAMN03570043	15% PEG	root	NA	PI586660	Drought_root_GTATT	NA	cultivar:PI586660; age:15 days; dev stage:Root; geo loc name:missing; tissue:Root; biomaterial provider:USDA ARS; sample type:Tissue; treatment:15% PEG
PRJNA282365	SRR2029411	SAMN03570043	15% PEG	root	NA	PI586660	Drought_root_GTATT	NA	cultivar:PI586660; age:15 days; dev stage:Root; geo loc name:missing; tissue:Root; biomaterial provider:USDA ARS; sample type:Tissue; treatment:15% PEG
PRJNA282365	SRR2029413	SAMN03570045	150mM NaCl	leaf	NA	PI586660	Salt_leaf_GTCTA	NA	cultivar:PI586660; age:15 days; dev stage:Leaf; geo loc name:missing; tissue:Leaf; biomaterial provider:USDA ARS; sample type:Tissue; treatment:150mM NaCl
PRJNA282365	SRR2029415	SAMN03570045	150mM NaCl	leaf	NA	PI586660	Salt_leaf_GTCTA	NA	cultivar:PI586660; age:15 days; dev stage:Leaf; geo loc name:missing; tissue:Leaf; biomaterial provider:USDA ARS; sample type:Tissue; treatment:150mM NaCl
PRJNA282365	SRR2029417	SAMN03570046	150mM NaCl	root	NA	PI586660	Salt_root_GCCGA	NA	cultivar:PI586660; age:15 days; dev stage:Root; geo loc name:missing; tissue:Root; biomaterial provider:USDA ARS; sample type:Tissue; treatment:150mM NaCl
PRJNA282365	SRR2029419	SAMN03570046	150mM NaCl	root	NA	PI586660	Salt_root_GCCGA	NA	cultivar:PI586660; age:15 days; dev stage:Root; geo loc name:missing; tissue:Root; biomaterial provider:USDA ARS; sample type:Tissue; treatment:150mM NaCl
PRJNA282365	SRR2029421	SAMN03570047	control	leaf	NA	PI591068	Control_leaf_ATTCC	NA	cultivar:PI591068; age:15 days; dev stage:Leaf; geo loc name:missing; tissue:Leaf; biomaterial provider:USDA ARS; sample type:Tissue; treatment:Control-no stress
PRJNA282365	SRR2029423	SAMN03570047	control	leaf	NA	PI591068	Control_leaf_ATTCC	NA	cultivar:PI591068; age:15 days; dev stage:Leaf; geo loc name:missing; tissue:Leaf; biomaterial provider:USDA ARS; sample type:Tissue; treatment:Control-no stress
PRJNA282365	SRR2029424	SAMN03570048	control	root	NA	PI591068	Control_root_AGTTG	NA	cultivar:PI591068; age:15 days; dev stage:Root; geo loc name:missing; tissue:Root; biomaterial provider:USDA ARS; sample type:Tissue; treatment:Control-no stress
PRJNA282365	SRR2029426	SAMN03570048	control	root	NA	PI591068	Control_root_AGTTG	NA	cultivar:PI591068; age:15 days; dev stage:Root; geo loc name:missing; tissue:Root; biomaterial provider:USDA ARS; sample type:Tissue; treatment:Control-no stress
PRJNA282365	SRR2029427	SAMN03570049	15% PEG	leaf	NA	PI591068	Drought_leaf_TAGTC	NA	cultivar:PI591068; age:15 days; dev stage:Leaf; geo loc name:missing; tissue:Leaf; biomaterial provider:USDA ARS; sample type:Tissue; treatment:15% PEG
PRJNA282365	SRR2029429	SAMN03570049	15% PEG	leaf	NA	PI591068	Drought_leaf_TAGTC	NA	cultivar:PI591068; age:15 days; dev stage:Leaf; geo loc name:missing; tissue:Leaf; biomaterial provider:USDA ARS; sample type:Tissue; treatment:15% PEG
PRJNA282365	SRR2029430	SAMN03570050	15% PEG	root	NA	PI591068	Drought_root_GGATG	NA	cultivar:PI591068; age:15 days; dev stage:Root; geo loc name:missing; tissue:Root; biomaterial provider:USDA ARS; sample type:Tissue; treatment:15% PEG
PRJNA282365	SRR2029432	SAMN03570050	15% PEG	root	NA	PI591068	Drought_root_GGATG	NA	cultivar:PI591068; age:15 days; dev stage:Root; geo loc name:missing; tissue:Root; biomaterial provider:USDA ARS; sample type:Tissue; treatment:15% PEG
PRJNA282365	SRR2029433	SAMN03570051	150mM NaCl	leaf	NA	PI591068	Salt_leaf_TGCCT	NA	cultivar:PI591068; age:15 days; dev stage:Leaf; geo loc name:missing; tissue:Leaf; biomaterial provider:USDA ARS; sample type:Tissue; treatment:150mM NaCl
PRJNA282365	SRR2029435	SAMN03570051	150mM NaCl	leaf	NA	PI591068	Salt_leaf_TGCCT	NA	cultivar:PI591068; age:15 days; dev stage:Leaf; geo loc name:missing; tissue:Leaf; biomaterial provider:USDA ARS; sample type:Tissue; treatment:150mM NaCl
PRJNA282365	SRR2029436	SAMN03570052	150mM NaCl	root	NA	PI591068	Salt_root_TCAGT	NA	cultivar:PI591068; age:15 days; dev stage:Root; geo loc name:missing; tissue:Root; biomaterial provider:USDA ARS; sample type:Tissue; treatment:150mM NaCl
PRJNA282365	SRR2029438	SAMN03570052	150mM NaCl	root	NA	PI591068	Salt_root_TCAGT	NA	cultivar:PI591068; age:15 days; dev stage:Root; geo loc name:missing; tissue:Root; biomaterial provider:USDA ARS; sample type:Tissue; treatment:150mM NaCl
PRJNA285719	SRR2048556	SAMN03757730	control	all tissues	NA	PI591068	MiR_D_Control_leaf_root_TGACCA	NA	cultivar:PI591068; age:15 days; dev stage:Leaf and Root; geo loc name:missing; tissue:Leaf and Root; biomaterial provider:USDA ARS; sample type:Tissue; treatment:Control-no stress
PRJNA285719	SRR2048557	SAMN03757731	15% PEG	all tissues	NA	PI591068	MiR_E_Drought_leaf_root_ACAGTG	NA	cultivar:PI591068; age:15 days; dev stage:Leaf and Root; geo loc name:missing; tissue:Leaf and Root; biomaterial provider:USDA ARS; sample type:Tissue; treatment:15% PEG
PRJNA285719	SRR2048558	SAMN03757732	150mM NaCl	all tissues	NA	PI591068	MiR_F_Salt_leaf_root_GCCAAT	NA	cultivar:PI591068; age:15 days; dev stage:Leaf and Root; geo loc name:missing; tissue:Leaf and Root; biomaterial provider:USDA ARS; sample type:Tissue; treatment:150mM NaCl
PRJNA853892	SRR20753674	SAMN30106021	NA	seedling	seedling stage	ICMB93333	45-48	NA	cultivar:ICMB 93333; dev stage:48; geo loc name:India; tissue:Seedling; Sample:45-48
PRJNA853892	SRR20753675	SAMN30106020	NA	seedling	seedling stage	ICMB93333	45-24	NA	cultivar:ICMB 93333; dev stage:24; geo loc name:India; tissue:Seedling; Sample:45-24
PRJNA853892	SRR20753676	SAMN30106019	NA	seedling	seedling stage	ICMB93333	45-12	NA	cultivar:ICMB 93333; dev stage:12; geo loc name:India; tissue:Seedling; Sample:45-12
PRJNA853892	SRR20753677	SAMN30106018	NA	seedling	seedling stage	ICMB93333	45-6	NA	cultivar:ICMB 93333; dev stage:6; geo loc name:India; tissue:Seedling; Sample:45-6
PRJNA853892	SRR20753678	SAMN30106017	NA	seedling	NA	ICMB93333	C-IControl	NA	cultivar:ICMB 93333; dev stage:Control; geo loc name:India; tissue:Seedling; Sample:C-IControl
PRJNA853892	SRR20753679	SAMN30106016	NA	seedling	seedling stage	ICMB93333	174-72	NA	cultivar:ICMB 93333; dev stage:72; geo loc name:India; tissue:Seedling; Sample:174-72
PRJNA853892	SRR20753680	SAMN30106015	NA	seedling	seedling stage	ICMB93333	174-48	NA	cultivar:ICMB 93333; dev stage:48; geo loc name:India; tissue:Seedling; Sample:174-48
PRJNA853892	SRR20753681	SAMN30106014	NA	seedling	seedling stage	ICMB93333	174-24	NA	cultivar:ICMB 93333; dev stage:24; geo loc name:India; tissue:Seedling; Sample:174-24
PRJNA853892	SRR20753682	SAMN30106023	NA	seedling	NA	ICMB93333	C-IIControl	NA	cultivar:ICMB 93333; dev stage:Control; geo loc name:India; tissue:Seedling; Sample:C-IIControl
PRJNA853892	SRR20753683	SAMN30106022	NA	seedling	seedling stage	ICMB93333	45-72	NA	cultivar:ICMB 93333; dev stage:72; geo loc name:India; tissue:Seedling; Sample:45-72
PRJNA853892	SRR20753684	SAMN30106013	NA	seedling	seedling stage	ICMB93333	174-12	NA	cultivar:ICMB 93333; dev stage:12; geo loc name:India; tissue:Seedling; Sample:174-12
PRJNA853892	SRR20753685	SAMN30106012	NA	seedling	seedling stage	ICMB93333	174-6	NA	cultivar:ICMB 93333; dev stage:6; geo loc name:India; tissue:Seedling; Sample:174-6
PRJNA926343	SRR23185784	SAMN32868496	control	florets	NA	ICMB00555	ICMB00555_leaf_boot_stage_25_degreesC_water_bath_rep2	NA	cultivar:ICMB00555; age:Leaf-boot stage; geo loc name:Japan; tissue:Florets; biomaterial provider:International Crops Research Institute for the Semi-Arid Tropics (ICRISAT); phenotype:High temperature-sensitive; treatment:Plants were grown in a growth chamber under a 28 degreesC day/20 degreesC night condition. When their heads of panicles were about to emerge from the flag leaf  the panicles were incubated in 25-degreesC water for 30 seconds  and florets in a middle part of their panicles were sampled.; replicate:2
PRJNA926343	SRR23185785	SAMN32868454	control	florets	NA	ICMB00555	ICMB00555_anther_emerging_stage_25_degreesC_growth_chamber_rep3	NA	cultivar:ICMB00555; age:Anther-emerging stage; geo loc name:Japan; tissue:Florets; biomaterial provider:International Crops Research Institute for the Semi-Arid Tropics (ICRISAT); phenotype:High temperature-sensitive; treatment:Plants were grown in a growth chamber under a 28 degreesC day/20 degreesC night condition. Florets in a middle part of their panicles were sampled two days after anthers emerged from the florets of their panicles.; replicate:3
PRJNA926343	SRR23185786	SAMN32868495	control	florets	NA	ICMB00555	ICMB00555_head_emerging_stage_25_degreesC_water_bath_rep2	NA	cultivar:ICMB00555; age:Head-emerging stage; geo loc name:Japan; tissue:Florets; biomaterial provider:International Crops Research Institute for the Semi-Arid Tropics (ICRISAT); phenotype:High temperature-sensitive; treatment:Plants were grown in a growth chamber under a 28 degreesC day/20 degreesC night condition. When their heads of panicles emerged from the flag leaf  the panicles were incubated in 25-degreesC water for 30 seconds  and florets in a middle part of their panicles were sampled.; replicate:2
PRJNA926343	SRR23185787	SAMN32868494	heat water	florets	NA	ICMB00555	ICMB00555_leaf_boot_stage_42_degreesC_water_bath_rep2	NA	cultivar:ICMB00555; age:Leaf-boot stage; geo loc name:Japan; tissue:Florets; biomaterial provider:International Crops Research Institute for the Semi-Arid Tropics (ICRISAT); phenotype:High temperature-sensitive; treatment:Plants were grown in a growth chamber under a 28 degreesC day/20 degreesC night condition. When their heads of panicles were about to emerge from the flag leaf  the panicles were incubated in 42-degreesC water for 30 seconds  and florets in a middle part of their panicles were sampled.; replicate:2
PRJNA926343	SRR23185788	SAMN32868493	heat water	florets	NA	ICMB00555	ICMB00555_head_emerging_stage_42_degreesC_water_bath_rep2	NA	cultivar:ICMB00555; age:Head-emerging stage; geo loc name:Japan; tissue:Florets; biomaterial provider:International Crops Research Institute for the Semi-Arid Tropics (ICRISAT); phenotype:High temperature-sensitive; treatment:Plants were grown in a growth chamber under a 28 degreesC day/20 degreesC night condition. When their heads of panicles emerged from the flag leaf  the panicles were incubated in 42-degreesC water for 30 seconds  and florets in a middle part of their panicles were sampled.; replicate:2
PRJNA926343	SRR23185789	SAMN32868492	control	florets	NA	ICMB00333	ICMB00333_leaf_boot_stage_25_degreesC_water_bath_rep3	NA	cultivar:ICMB00333; age:Leaf-boot stage; geo loc name:Japan; tissue:Florets; biomaterial provider:International Crops Research Institute for the Semi-Arid Tropics (ICRISAT); phenotype:High temperature-tolerant; treatment:Plants were grown in a growth chamber under a 28 degreesC day/20 degreesC night condition. When their heads of panicles were about to emerge from the flag leaf  the panicles were incubated in 25-degreesC water for 30 seconds  and florets in a middle part of their panicles were sampled.; replicate:3
PRJNA926343	SRR23185790	SAMN32868490	heat water	florets	NA	ICMB00333	ICMB00333_leaf_boot_stage_42_degreesC_water_bath_rep3	NA	cultivar:ICMB00333; age:Leaf-boot stage; geo loc name:Japan; tissue:Florets; biomaterial provider:International Crops Research Institute for the Semi-Arid Tropics (ICRISAT); phenotype:High temperature-tolerant; treatment:Plants were grown in a growth chamber under a 28 degreesC day/20 degreesC night condition. When their heads of panicles were about to emerge from the flag leaf  the panicles were incubated in 42-degreesC water for 30 seconds  and florets in a middle part of their panicles were sampled.; replicate:3
PRJNA926343	SRR23185791	SAMN32868489	heat water	florets	NA	ICMB00333	ICMB00333_head_emerging_stage_42_degreesC_water_bath_rep3	NA	cultivar:ICMB00333; age:Head-emerging stage; geo loc name:Japan; tissue:Florets; biomaterial provider:International Crops Research Institute for the Semi-Arid Tropics (ICRISAT); phenotype:High temperature-tolerant; treatment:Plants were grown in a growth chamber under a 28 degreesC day/20 degreesC night condition. When their heads of panicles emerged from the flag leaf  the panicles were incubated in 42-degreesC water for 30 seconds  and florets in a middle part of their panicles were sampled.; replicate:3
PRJNA926343	SRR23185792	SAMN32868453	control	florets	NA	ICMB00555	ICMB00555_leaf_boot_stage_25_degreesC_growth_chamber_rep3	NA	cultivar:ICMB00555; age:Leaf-boot stage; geo loc name:Japan; tissue:Florets; biomaterial provider:International Crops Research Institute for the Semi-Arid Tropics (ICRISAT); phenotype:High temperature-sensitive; treatment:Plants were grown in a growth chamber under a 28 degreesC day/20 degreesC night condition. Florets in a middle part of their panicles were sampled two days after their heads of panicles became about to emerge from the flag leaf.; replicate:3
PRJNA926343	SRR23185793	SAMN32868491	control	florets	NA	ICMB00333	ICMB00333_head_emerging_stage_25_degreesC_water_bath_rep3	NA	cultivar:ICMB00333; age:Head-emerging stage; geo loc name:Japan; tissue:Florets; biomaterial provider:International Crops Research Institute for the Semi-Arid Tropics (ICRISAT); phenotype:High temperature-tolerant; treatment:Plants were grown in a growth chamber under a 28 degreesC day/20 degreesC night condition. When their heads of panicles emerged from the flag leaf  the panicles were incubated in 25-degreesC water for 30 seconds  and florets in a middle part of their panicles were sampled.; replicate:3
PRJNA926343	SRR23185794	SAMN32868488	control	florets	NA	ICMB00555	ICMB00555_leaf_boot_stage_25_degreesC_water_bath_rep3	NA	cultivar:ICMB00555; age:Leaf-boot stage; geo loc name:Japan; tissue:Florets; biomaterial provider:International Crops Research Institute for the Semi-Arid Tropics (ICRISAT); phenotype:High temperature-sensitive; treatment:Plants were grown in a growth chamber under a 28 degreesC day/20 degreesC night condition. When their heads of panicles were about to emerge from the flag leaf  the panicles were incubated in 25-degreesC water for 30 seconds  and florets in a middle part of their panicles were sampled.; replicate:3
PRJNA926343	SRR23185795	SAMN32868487	control	florets	NA	ICMB00555	ICMB00555_head_emerging_stage_25_degreesC_water_bath_rep3	NA	cultivar:ICMB00555; age:Head-emerging stage; geo loc name:Japan; tissue:Florets; biomaterial provider:International Crops Research Institute for the Semi-Arid Tropics (ICRISAT); phenotype:High temperature-sensitive; treatment:Plants were grown in a growth chamber under a 28 degreesC day/20 degreesC night condition. When their heads of panicles emerged from the flag leaf  the panicles were incubated in 25-degreesC water for 30 seconds  and florets in a middle part of their panicles were sampled.; replicate:3
PRJNA926343	SRR23185796	SAMN32868486	heat water	florets	NA	ICMB00555	ICMB00555_leaf_boot_stage_42_degreesC_water_bath_rep3	NA	cultivar:ICMB00555; age:Leaf-boot stage; geo loc name:Japan; tissue:Florets; biomaterial provider:International Crops Research Institute for the Semi-Arid Tropics (ICRISAT); phenotype:High temperature-sensitive; treatment:Plants were grown in a growth chamber under a 28 degreesC day/20 degreesC night condition. When their heads of panicles were about to emerge from the flag leaf  the panicles were incubated in 42-degreesC water for 30 seconds  and florets in a middle part of their panicles were sampled.; replicate:3
PRJNA926343	SRR23185797	SAMN32868485	heat water	florets	NA	ICMB00555	ICMB00555_head_emerging_stage_42_degreesC_water_bath_rep3	NA	cultivar:ICMB00555; age:Head-emerging stage; geo loc name:Japan; tissue:Florets; biomaterial provider:International Crops Research Institute for the Semi-Arid Tropics (ICRISAT); phenotype:High temperature-sensitive; treatment:Plants were grown in a growth chamber under a 28 degreesC day/20 degreesC night condition. When their heads of panicles emerged from the flag leaf  the panicles were incubated in 42-degreesC water for 30 seconds  and florets in a middle part of their panicles were sampled.; replicate:3
PRJNA926343	SRR23185798	SAMN32868484	control	florets	NA	ICMB00333	ICMB00333_anther_emerging_stage_25_degreesC_growth_chamber_rep1	NA	cultivar:ICMB00333; age:Anther-emerging stage; geo loc name:Japan; tissue:Florets; biomaterial provider:International Crops Research Institute for the Semi-Arid Tropics (ICRISAT); phenotype:High temperature-tolerant; treatment:Plants were grown in a growth chamber under a 28 degreesC day/20 degreesC night condition. Florets in a middle part of their panicles were sampled two days after anthers emerged from the florets of their panicles.; replicate:1
PRJNA926343	SRR23185799	SAMN32868483	control	florets	NA	ICMB00333	ICMB00333_leaf_boot_stage_25_degreesC_growth_chamber_rep1	NA	cultivar:ICMB00333; age:Leaf-boot stage; geo loc name:Japan; tissue:Florets; biomaterial provider:International Crops Research Institute for the Semi-Arid Tropics (ICRISAT); phenotype:High temperature-tolerant; treatment:Plants were grown in a growth chamber under a 28 degreesC day/20 degreesC night condition. Florets in a middle part of their panicles were sampled two days after their heads of panicles became about to emerge from the flag leaf.; replicate:1
PRJNA926343	SRR23185800	SAMN32868482	control	florets	NA	ICMB00333	ICMB00333_head_emerging_stage_25_degreesC_growth_chamber_rep1	NA	cultivar:ICMB00333; age:Head-emerging stage; geo loc name:Japan; tissue:Florets; biomaterial provider:International Crops Research Institute for the Semi-Arid Tropics (ICRISAT); phenotype:High temperature-tolerant; treatment:Plants were grown in a growth chamber under a 28 degreesC day/20 degreesC night condition. Florets in a middle part of their panicles were sampled two days after their heads of panicles emerged from the flag leaf.; replicate:1
PRJNA926343	SRR23185801	SAMN32868481	heat	florets	NA	ICMB00333	ICMB00333_anther_emerging_stage_42_degreesC_growth_chamber_rep1	NA	cultivar:ICMB00333; age:Anther-emerging stage; geo loc name:Japan; tissue:Florets; biomaterial provider:International Crops Research Institute for the Semi-Arid Tropics (ICRISAT); phenotype:High temperature-tolerant; treatment:Plants were grown in a growth chamber under a 28 degreesC day/20 degreesC night condition. When anthers emerged from florets of their panicles  the condition was changed to 42 degreesC day/30 degreesC night. The plants were further grown for two days under this condition  and florets in a middle part of their panicles were sampled.; replicate:1
PRJNA926343	SRR23185802	SAMN32868480	heat	florets	NA	ICMB00333	ICMB00333_leaf_boot_stage_42_degreesC_growth_chamber_rep1	NA	cultivar:ICMB00333; age:Leaf-boot stage; geo loc name:Japan; tissue:Florets; biomaterial provider:International Crops Research Institute for the Semi-Arid Tropics (ICRISAT); phenotype:High temperature-tolerant; treatment:Plants were grown in a growth chamber under a 28 degreesC day/20 degreesC night condition. When their heads of panicles were about to emerge from the flag leaf  the condition was changed to 42 degreesC day/30 degreesC night. The plants were further grown for two days under this condition  and florets in a middle part of their panicles were sampled.; replicate:1
PRJNA926343	SRR23185803	SAMN32868479	heat	florets	NA	ICMB00333	ICMB00333_head_emerging_stage_42_degreesC_growth_chamber_rep1	NA	cultivar:ICMB00333; age:Head-emerging stage; geo loc name:Japan; tissue:Florets; biomaterial provider:International Crops Research Institute for the Semi-Arid Tropics (ICRISAT); phenotype:High temperature-tolerant; treatment:Plants were grown in a growth chamber under a 28 degreesC day/20 degreesC night condition. When their heads of panicles emerged from the flag leaf  the condition was changed to 42 degreesC day/30 degreesC night. The plants were further grown for two days under this condition  and florets in a middle part of their panicles were sampled.; replicate:1
PRJNA926343	SRR23185804	SAMN32868452	control	florets	NA	ICMB00555	ICMB00555_head_emerging_stage_25_degreesC_growth_chamber_rep3	NA	cultivar:ICMB00555; age:Head-emerging stage; geo loc name:Japan; tissue:Florets; biomaterial provider:International Crops Research Institute for the Semi-Arid Tropics (ICRISAT); phenotype:High temperature-sensitive; treatment:Plants were grown in a growth chamber under a 28 degreesC day/20 degreesC night condition. Florets in a middle part of their panicles were sampled two days after their heads of panicles emerged from the flag leaf.; replicate:3
PRJNA926343	SRR23185805	SAMN32868478	control	florets	NA	ICMB00555	ICMB00555_anther_emerging_stage_25_degreesC_growth_chamber_rep1	NA	cultivar:ICMB00555; age:Anther-emerging stage; geo loc name:Japan; tissue:Florets; biomaterial provider:International Crops Research Institute for the Semi-Arid Tropics (ICRISAT); phenotype:High temperature-sensitive; treatment:Plants were grown in a growth chamber under a 28 degreesC day/20 degreesC night condition. Florets in a middle part of their panicles were sampled two days after anthers emerged from the florets of their panicles.; replicate:1
PRJNA926343	SRR23185806	SAMN32868477	control	florets	NA	ICMB00555	ICMB00555_leaf_boot_stage_25_degreesC_growth_chamber_rep1	NA	cultivar:ICMB00555; age:Leaf-boot stage; geo loc name:Japan; tissue:Florets; biomaterial provider:International Crops Research Institute for the Semi-Arid Tropics (ICRISAT); phenotype:High temperature-sensitive; treatment:Plants were grown in a growth chamber under a 28 degreesC day/20 degreesC night condition. Florets in a middle part of their panicles were sampled two days after their heads of panicles became about to emerge from the flag leaf.; replicate:1
PRJNA926343	SRR23185807	SAMN32868476	control	florets	NA	ICMB00555	ICMB00555_head_emerging_stage_25_degreesC_growth_chamber_rep1	NA	cultivar:ICMB00555; age:Head-emerging stage; geo loc name:Japan; tissue:Florets; biomaterial provider:International Crops Research Institute for the Semi-Arid Tropics (ICRISAT); phenotype:High temperature-sensitive; treatment:Plants were grown in a growth chamber under a 28 degreesC day/20 degreesC night condition. Florets in a middle part of their panicles were sampled two days after their heads of panicles emerged from the flag leaf.; replicate:1
PRJNA926343	SRR23185808	SAMN32868475	heat	florets	NA	ICMB00555	ICMB00555_anther_emerging_stage_42_degreesC_growth_chamber_rep1	NA	cultivar:ICMB00555; age:Anther-emerging stage; geo loc name:Japan; tissue:Florets; biomaterial provider:International Crops Research Institute for the Semi-Arid Tropics (ICRISAT); phenotype:High temperature-sensitive; treatment:Plants were grown in a growth chamber under a 28 degreesC day/20 degreesC night condition. When anthers emerged from florets of their panicles  the condition was changed to 42 degreesC day/30 degreesC night. The plants were further grown for two days under this condition  and florets in a middle part of their panicles were sampled.; replicate:1
PRJNA926343	SRR23185809	SAMN32868474	heat	florets	NA	ICMB00555	ICMB00555_leaf_boot_stage_42_degreesC_growth_chamber_rep1	NA	cultivar:ICMB00555; age:Leaf-boot stage; geo loc name:Japan; tissue:Florets; biomaterial provider:International Crops Research Institute for the Semi-Arid Tropics (ICRISAT); phenotype:High temperature-sensitive; treatment:Plants were grown in a growth chamber under a 28 degreesC day/20 degreesC night condition. When their heads of panicles were about to emerge from the flag leaf  the condition was changed to 42 degreesC day/30 degreesC night. The plants were further grown for two days under this condition  and florets in a middle part of their panicles were sampled.; replicate:1
PRJNA926343	SRR23185810	SAMN32868473	heat	florets	NA	ICMB00555	ICMB00555_head_emerging_stage_42_degreesC_growth_chamber_rep1	NA	cultivar:ICMB00555; age:Head-emerging stage; geo loc name:Japan; tissue:Florets; biomaterial provider:International Crops Research Institute for the Semi-Arid Tropics (ICRISAT); phenotype:High temperature-sensitive; treatment:Plants were grown in a growth chamber under a 28 degreesC day/20 degreesC night condition. When their heads of panicles emerged from the flag leaf  the condition was changed to 42 degreesC day/30 degreesC night. The plants were further grown for two days under this condition  and florets in a middle part of their panicles were sampled.; replicate:1
PRJNA926343	SRR23185811	SAMN32868472	control	florets	NA	ICMB00333	ICMB00333_anther_emerging_stage_25_degreesC_growth_chamber_rep2	NA	cultivar:ICMB00333; age:Anther-emerging stage; geo loc name:Japan; tissue:Florets; biomaterial provider:International Crops Research Institute for the Semi-Arid Tropics (ICRISAT); phenotype:High temperature-tolerant; treatment:Plants were grown in a growth chamber under a 28 degreesC day/20 degreesC night condition. Florets in a middle part of their panicles were sampled two days after anthers emerged from the florets of their panicles.; replicate:2
PRJNA926343	SRR23185812	SAMN32868471	control	florets	NA	ICMB00333	ICMB00333_leaf_boot_stage_25_degreesC_growth_chamber_rep2	NA	cultivar:ICMB00333; age:Leaf-boot stage; geo loc name:Japan; tissue:Florets; biomaterial provider:International Crops Research Institute for the Semi-Arid Tropics (ICRISAT); phenotype:High temperature-tolerant; treatment:Plants were grown in a growth chamber under a 28 degreesC day/20 degreesC night condition. Florets in a middle part of their panicles were sampled two days after their heads of panicles became about to emerge from the flag leaf.; replicate:2
PRJNA926343	SRR23185813	SAMN32868470	control	florets	NA	ICMB00333	ICMB00333_head_emerging_stage_25_degreesC_growth_chamber_rep2	NA	cultivar:ICMB00333; age:Head-emerging stage; geo loc name:Japan; tissue:Florets; biomaterial provider:International Crops Research Institute for the Semi-Arid Tropics (ICRISAT); phenotype:High temperature-tolerant; treatment:Plants were grown in a growth chamber under a 28 degreesC day/20 degreesC night condition. Florets in a middle part of their panicles were sampled two days after their heads of panicles emerged from the flag leaf.; replicate:2
PRJNA926343	SRR23185814	SAMN32868469	heat	florets	NA	ICMB00333	ICMB00333_anther_emerging_stage_42_degreesC_growth_chamber_rep2	NA	cultivar:ICMB00333; age:Anther-emerging stage; geo loc name:Japan; tissue:Florets; biomaterial provider:International Crops Research Institute for the Semi-Arid Tropics (ICRISAT); phenotype:High temperature-tolerant; treatment:Plants were grown in a growth chamber under a 28 degreesC day/20 degreesC night condition. When anthers emerged from florets of their panicles  the condition was changed to 42 degreesC day/30 degreesC night. The plants were further grown for two days under this condition  and florets in a middle part of their panicles were sampled.; replicate:2
PRJNA926343	SRR23185815	SAMN32868451	heat	florets	NA	ICMB00555	ICMB00555_anther_emerging_stage_42_degreesC_growth_chamber_rep3	NA	cultivar:ICMB00555; age:Anther-emerging stage; geo loc name:Japan; tissue:Florets; biomaterial provider:International Crops Research Institute for the Semi-Arid Tropics (ICRISAT); phenotype:High temperature-sensitive; treatment:Plants were grown in a growth chamber under a 28 degreesC day/20 degreesC night condition. When anthers emerged from florets of their panicles  the condition was changed to 42 degreesC day/30 degreesC night. The plants were further grown for two days under this condition  and florets in a middle part of their panicles were sampled.; replicate:3
PRJNA926343	SRR23185816	SAMN32868468	heat	florets	NA	ICMB00333	ICMB00333_leaf_boot_stage_42_degreesC_growth_chamber_rep2	NA	cultivar:ICMB00333; age:Leaf-boot stage; geo loc name:Japan; tissue:Florets; biomaterial provider:International Crops Research Institute for the Semi-Arid Tropics (ICRISAT); phenotype:High temperature-tolerant; treatment:Plants were grown in a growth chamber under a 28 degreesC day/20 degreesC night condition. When their heads of panicles were about to emerge from the flag leaf  the condition was changed to 42 degreesC day/30 degreesC night. The plants were further grown for two days under this condition  and florets in a middle part of their panicles were sampled.; replicate:2
PRJNA926343	SRR23185817	SAMN32868467	heat	florets	NA	ICMB00333	ICMB00333_head_emerging_stage_42_degreesC_growth_chamber_rep2	NA	cultivar:ICMB00333; age:Head-emerging stage; geo loc name:Japan; tissue:Florets; biomaterial provider:International Crops Research Institute for the Semi-Arid Tropics (ICRISAT); phenotype:High temperature-tolerant; treatment:Plants were grown in a growth chamber under a 28 degreesC day/20 degreesC night condition. When their heads of panicles emerged from the flag leaf  the condition was changed to 42 degreesC day/30 degreesC night. The plants were further grown for two days under this condition  and florets in a middle part of their panicles were sampled.; replicate:2
PRJNA926343	SRR23185818	SAMN32868466	control	florets	NA	ICMB00555	ICMB00555_anther_emerging_stage_25_degreesC_growth_chamber_rep2	NA	cultivar:ICMB00555; age:Anther-emerging stage; geo loc name:Japan; tissue:Florets; biomaterial provider:International Crops Research Institute for the Semi-Arid Tropics (ICRISAT); phenotype:High temperature-sensitive; treatment:Plants were grown in a growth chamber under a 28 degreesC day/20 degreesC night condition. Florets in a middle part of their panicles were sampled two days after anthers emerged from the florets of their panicles.; replicate:2
PRJNA926343	SRR23185819	SAMN32868465	control	florets	NA	ICMB00555	ICMB00555_leaf_boot_stage_25_degreesC_growth_chamber_rep2	NA	cultivar:ICMB00555; age:Leaf-boot stage; geo loc name:Japan; tissue:Florets; biomaterial provider:International Crops Research Institute for the Semi-Arid Tropics (ICRISAT); phenotype:High temperature-sensitive; treatment:Plants were grown in a growth chamber under a 28 degreesC day/20 degreesC night condition. Florets in a middle part of their panicles were sampled two days after their heads of panicles became about to emerge from the flag leaf.; replicate:2
PRJNA926343	SRR23185820	SAMN32868464	control	florets	NA	ICMB00555	ICMB00555_head_emerging_stage_25_degreesC_growth_chamber_rep2	NA	cultivar:ICMB00555; age:Head-emerging stage; geo loc name:Japan; tissue:Florets; biomaterial provider:International Crops Research Institute for the Semi-Arid Tropics (ICRISAT); phenotype:High temperature-sensitive; treatment:Plants were grown in a growth chamber under a 28 degreesC day/20 degreesC night condition. Florets in a middle part of their panicles were sampled two days after their heads of panicles emerged from the flag leaf.; replicate:2
PRJNA926343	SRR23185821	SAMN32868463	heat	florets	NA	ICMB00555	ICMB00555_anther_emerging_stage_42_degreesC_growth_chamber_rep2	NA	cultivar:ICMB00555; age:Anther-emerging stage; geo loc name:Japan; tissue:Florets; biomaterial provider:International Crops Research Institute for the Semi-Arid Tropics (ICRISAT); phenotype:High temperature-sensitive; treatment:Plants were grown in a growth chamber under a 28 degreesC day/20 degreesC night condition. When anthers emerged from florets of their panicles  the condition was changed to 42 degreesC day/30 degreesC night. The plants were further grown for two days under this condition  and florets in a middle part of their panicles were sampled.; replicate:2
PRJNA926343	SRR23185822	SAMN32868462	heat	florets	NA	ICMB00555	ICMB00555_leaf_boot_stage_42_degreesC_growth_chamber_rep2	NA	cultivar:ICMB00555; age:Leaf-boot stage; geo loc name:Japan; tissue:Florets; biomaterial provider:International Crops Research Institute for the Semi-Arid Tropics (ICRISAT); phenotype:High temperature-sensitive; treatment:Plants were grown in a growth chamber under a 28 degreesC day/20 degreesC night condition. When their heads of panicles were about to emerge from the flag leaf  the condition was changed to 42 degreesC day/30 degreesC night. The plants were further grown for two days under this condition  and florets in a middle part of their panicles were sampled.; replicate:2
PRJNA926343	SRR23185823	SAMN32868461	heat	florets	NA	ICMB00555	ICMB00555_head_emerging_stage_42_degreesC_growth_chamber_rep2	NA	cultivar:ICMB00555; age:Head-emerging stage; geo loc name:Japan; tissue:Florets; biomaterial provider:International Crops Research Institute for the Semi-Arid Tropics (ICRISAT); phenotype:High temperature-sensitive; treatment:Plants were grown in a growth chamber under a 28 degreesC day/20 degreesC night condition. When their heads of panicles emerged from the flag leaf  the condition was changed to 42 degreesC day/30 degreesC night. The plants were further grown for two days under this condition  and florets in a middle part of their panicles were sampled.; replicate:2
PRJNA926343	SRR23185824	SAMN32868460	control	florets	NA	ICMB00333	ICMB00333_anther_emerging_stage_25_degreesC_growth_chamber_rep3	NA	cultivar:ICMB00333; age:Anther-emerging stage; geo loc name:Japan; tissue:Florets; biomaterial provider:International Crops Research Institute for the Semi-Arid Tropics (ICRISAT); phenotype:High temperature-tolerant; treatment:Plants were grown in a growth chamber under a 28 degreesC day/20 degreesC night condition. Florets in a middle part of their panicles were sampled two days after anthers emerged from the florets of their panicles.; replicate:3
PRJNA926343	SRR23185825	SAMN32868458	control	florets	NA	ICMB00333	ICMB00333_head_emerging_stage_25_degreesC_growth_chamber_rep3	NA	cultivar:ICMB00333; age:Head-emerging stage; geo loc name:Japan; tissue:Florets; biomaterial provider:International Crops Research Institute for the Semi-Arid Tropics (ICRISAT); phenotype:High temperature-tolerant; treatment:Plants were grown in a growth chamber under a 28 degreesC day/20 degreesC night condition. Florets in a middle part of their panicles were sampled two days after their heads of panicles emerged from the flag leaf.; replicate:3
PRJNA926343	SRR23185826	SAMN32868459	control	florets	NA	ICMB00333	ICMB00333_leaf_boot_stage_25_degreesC_growth_chamber_rep3	NA	cultivar:ICMB00333; age:Leaf-boot stage; geo loc name:Japan; tissue:Florets; biomaterial provider:International Crops Research Institute for the Semi-Arid Tropics (ICRISAT); phenotype:High temperature-tolerant; treatment:Plants were grown in a growth chamber under a 28 degreesC day/20 degreesC night condition. Florets in a middle part of their panicles were sampled two days after their heads of panicles became about to emerge from the flag leaf.; replicate:3
PRJNA926343	SRR23185827	SAMN32868457	heat	florets	NA	ICMB00333	ICMB00333_anther_emerging_stage_42_degreesC_growth_chamber_rep3	NA	cultivar:ICMB00333; age:Anther-emerging stage; geo loc name:Japan; tissue:Florets; biomaterial provider:International Crops Research Institute for the Semi-Arid Tropics (ICRISAT); phenotype:High temperature-tolerant; treatment:Plants were grown in a growth chamber under a 28 degreesC day/20 degreesC night condition. When anthers emerged from florets of their panicles  the condition was changed to 42 degreesC day/30 degreesC night. The plants were further grown for two days under this condition  and florets in a middle part of their panicles were sampled.; replicate:3
PRJNA926343	SRR23185828	SAMN32868456	heat	florets	NA	ICMB00333	ICMB00333_leaf_boot_stage_42_degreesC_growth_chamber_rep3	NA	cultivar:ICMB00333; age:Leaf-boot stage; geo loc name:Japan; tissue:Florets; biomaterial provider:International Crops Research Institute for the Semi-Arid Tropics (ICRISAT); phenotype:High temperature-tolerant; treatment:Plants were grown in a growth chamber under a 28 degreesC day/20 degreesC night condition. When their heads of panicles were about to emerge from the flag leaf  the condition was changed to 42 degreesC day/30 degreesC night. The plants were further grown for two days under this condition  and florets in a middle part of their panicles were sampled.; replicate:3
PRJNA926343	SRR23185829	SAMN32868455	heat	florets	NA	ICMB00333	ICMB00333_head_emerging_stage_42_degreesC_growth_chamber_rep3	NA	cultivar:ICMB00333; age:Head-emerging stage; geo loc name:Japan; tissue:Florets; biomaterial provider:International Crops Research Institute for the Semi-Arid Tropics (ICRISAT); phenotype:High temperature-tolerant; treatment:Plants were grown in a growth chamber under a 28 degreesC day/20 degreesC night condition. When their heads of panicles emerged from the flag leaf  the condition was changed to 42 degreesC day/30 degreesC night. The plants were further grown for two days under this condition  and florets in a middle part of their panicles were sampled.; replicate:3
PRJNA926343	SRR23185830	SAMN32868508	control	florets	NA	ICMB00333	ICMB00333_leaf_boot_stage_25_degreesC_water_bath_rep1	NA	cultivar:ICMB00333; age:Leaf-boot stage; geo loc name:Japan; tissue:Florets; biomaterial provider:International Crops Research Institute for the Semi-Arid Tropics (ICRISAT); phenotype:High temperature-tolerant; treatment:Plants were grown in a growth chamber under a 28 degreesC day/20 degreesC night condition. When their heads of panicles were about to emerge from the flag leaf  the panicles were incubated in 25-degreesC water for 30 seconds  and florets in a middle part of their panicles were sampled.; replicate:1
PRJNA926343	SRR23185831	SAMN32868507	control	florets	NA	ICMB00333	ICMB00333_head_emerging_stage_25_degreesC_water_bath_rep1	NA	cultivar:ICMB00333; age:Head-emerging stage; geo loc name:Japan; tissue:Florets; biomaterial provider:International Crops Research Institute for the Semi-Arid Tropics (ICRISAT); phenotype:High temperature-tolerant; treatment:Plants were grown in a growth chamber under a 28 degreesC day/20 degreesC night condition. When their heads of panicles emerged from the flag leaf  the panicles were incubated in 25-degreesC water for 30 seconds  and florets in a middle part of their panicles were sampled.; replicate:1
PRJNA926343	SRR23185832	SAMN32868506	heat water	florets	NA	ICMB00333	ICMB00333_leaf_boot_stage_42_degreesC_water_bath_rep1	NA	cultivar:ICMB00333; age:Leaf-boot stage; geo loc name:Japan; tissue:Florets; biomaterial provider:International Crops Research Institute for the Semi-Arid Tropics (ICRISAT); phenotype:High temperature-tolerant; treatment:Plants were grown in a growth chamber under a 28 degreesC day/20 degreesC night condition. When their heads of panicles were about to emerge from the flag leaf  the panicles were incubated in 42-degreesC water for 30 seconds  and florets in a middle part of their panicles were sampled.; replicate:1
PRJNA926343	SRR23185833	SAMN32868505	heat water	florets	NA	ICMB00333	ICMB00333_head_emerging_stage_42_degreesC_water_bath_rep1	NA	cultivar:ICMB00333; age:Head-emerging stage; geo loc name:Japan; tissue:Florets; biomaterial provider:International Crops Research Institute for the Semi-Arid Tropics (ICRISAT); phenotype:High temperature-tolerant; treatment:Plants were grown in a growth chamber under a 28 degreesC day/20 degreesC night condition. When their heads of panicles emerged from the flag leaf  the panicles were incubated in 42-degreesC water for 30 seconds  and florets in a middle part of their panicles were sampled.; replicate:1
PRJNA926343	SRR23185834	SAMN32868504	control	florets	NA	ICMB00555	ICMB00555_leaf_boot_stage_25_degreesC_water_bath_rep1	NA	cultivar:ICMB00555; age:Leaf-boot stage; geo loc name:Japan; tissue:Florets; biomaterial provider:International Crops Research Institute for the Semi-Arid Tropics (ICRISAT); phenotype:High temperature-sensitive; treatment:Plants were grown in a growth chamber under a 28 degreesC day/20 degreesC night condition. When their heads of panicles were about to emerge from the flag leaf  the panicles were incubated in 25-degreesC water for 30 seconds  and florets in a middle part of their panicles were sampled.; replicate:1
PRJNA926343	SRR23185835	SAMN32868503	control	florets	NA	ICMB00555	ICMB00555_head_emerging_stage_25_degreesC_water_bath_rep1	NA	cultivar:ICMB00555; age:Head-emerging stage; geo loc name:Japan; tissue:Florets; biomaterial provider:International Crops Research Institute for the Semi-Arid Tropics (ICRISAT); phenotype:High temperature-sensitive; treatment:Plants were grown in a growth chamber under a 28 degreesC day/20 degreesC night condition. When their heads of panicles emerged from the flag leaf  the panicles were incubated in 25-degreesC water for 30 seconds  and florets in a middle part of their panicles were sampled.; replicate:1
PRJNA926343	SRR23185836	SAMN32868502	heat water	florets	NA	ICMB00555	ICMB00555_leaf_boot_stage_42_degreesC_water_bath_rep1	NA	cultivar:ICMB00555; age:Leaf-boot stage; geo loc name:Japan; tissue:Florets; biomaterial provider:International Crops Research Institute for the Semi-Arid Tropics (ICRISAT); phenotype:High temperature-sensitive; treatment:Plants were grown in a growth chamber under a 28 degreesC day/20 degreesC night condition. When their heads of panicles were about to emerge from the flag leaf  the panicles were incubated in 42-degreesC water for 30 seconds  and florets in a middle part of their panicles were sampled.; replicate:1
PRJNA926343	SRR23185837	SAMN32868501	heat water	florets	NA	ICMB00555	ICMB00555_head_emerging_stage_42_degreesC_water_bath_rep1	NA	cultivar:ICMB00555; age:Head-emerging stage; geo loc name:Japan; tissue:Florets; biomaterial provider:International Crops Research Institute for the Semi-Arid Tropics (ICRISAT); phenotype:High temperature-sensitive; treatment:Plants were grown in a growth chamber under a 28 degreesC day/20 degreesC night condition. When their heads of panicles emerged from the flag leaf  the panicles were incubated in 42-degreesC water for 30 seconds  and florets in a middle part of their panicles were sampled.; replicate:1
PRJNA926343	SRR23185838	SAMN32868500	control	florets	NA	ICMB00333	ICMB00333_leaf_boot_stage_25_degreesC_water_bath_rep2	NA	cultivar:ICMB00333; age:Leaf-boot stage; geo loc name:Japan; tissue:Florets; biomaterial provider:International Crops Research Institute for the Semi-Arid Tropics (ICRISAT); phenotype:High temperature-tolerant; treatment:Plants were grown in a growth chamber under a 28 degreesC day/20 degreesC night condition. When their heads of panicles were about to emerge from the flag leaf  the panicles were incubated in 25-degreesC water for 30 seconds  and florets in a middle part of their panicles were sampled.; replicate:2
PRJNA926343	SRR23185839	SAMN32868499	control	florets	NA	ICMB00333	ICMB00333_head_emerging_stage_25_degreesC_water_bath_rep2	NA	cultivar:ICMB00333; age:Head-emerging stage; geo loc name:Japan; tissue:Florets; biomaterial provider:International Crops Research Institute for the Semi-Arid Tropics (ICRISAT); phenotype:High temperature-tolerant; treatment:Plants were grown in a growth chamber under a 28 degreesC day/20 degreesC night condition. When their heads of panicles emerged from the flag leaf  the panicles were incubated in 25-degreesC water for 30 seconds  and florets in a middle part of their panicles were sampled.; replicate:2
PRJNA926343	SRR23185840	SAMN32868498	heat water	florets	NA	ICMB00333	ICMB00333_leaf_boot_stage_42_degreesC_water_bath_rep2	NA	cultivar:ICMB00333; age:Leaf-boot stage; geo loc name:Japan; tissue:Florets; biomaterial provider:International Crops Research Institute for the Semi-Arid Tropics (ICRISAT); phenotype:High temperature-tolerant; treatment:Plants were grown in a growth chamber under a 28 degreesC day/20 degreesC night condition. When their heads of panicles were about to emerge from the flag leaf  the panicles were incubated in 42-degreesC water for 30 seconds  and florets in a middle part of their panicles were sampled.; replicate:2
PRJNA926343	SRR23185841	SAMN32868497	heat water	florets	NA	ICMB00333	ICMB00333_head_emerging_stage_42_degreesC_water_bath_rep2	NA	cultivar:ICMB00333; age:Head-emerging stage; geo loc name:Japan; tissue:Florets; biomaterial provider:International Crops Research Institute for the Semi-Arid Tropics (ICRISAT); phenotype:High temperature-tolerant; treatment:Plants were grown in a growth chamber under a 28 degreesC day/20 degreesC night condition. When their heads of panicles emerged from the flag leaf  the panicles were incubated in 42-degreesC water for 30 seconds  and florets in a middle part of their panicles were sampled.; replicate:2
PRJNA926343	SRR23185842	SAMN32868450	heat	florets	NA	ICMB00555	ICMB00555_leaf_boot_stage_42_degreesC_growth_chamber_rep3	NA	cultivar:ICMB00555; age:Leaf-boot stage; geo loc name:Japan; tissue:Florets; biomaterial provider:International Crops Research Institute for the Semi-Arid Tropics (ICRISAT); phenotype:High temperature-sensitive; treatment:Plants were grown in a growth chamber under a 28 degreesC day/20 degreesC night condition. When their heads of panicles were about to emerge from the flag leaf  the condition was changed to 42 degreesC day/30 degreesC night. The plants were further grown for two days under this condition  and florets in a middle part of their panicles were sampled.; replicate:3
PRJNA926343	SRR23185843	SAMN32868449	heat	florets	NA	ICMB00555	ICMB00555_head_emerging_stage_42_degreesC_growth_chamber_rep3	NA	cultivar:ICMB00555; age:Head-emerging stage; geo loc name:Japan; tissue:Florets; biomaterial provider:International Crops Research Institute for the Semi-Arid Tropics (ICRISAT); phenotype:High temperature-sensitive; treatment:Plants were grown in a growth chamber under a 28 degreesC day/20 degreesC night condition. When their heads of panicles emerged from the flag leaf  the condition was changed to 42 degreesC day/30 degreesC night. The plants were further grown for two days under this condition  and florets in a middle part of their panicles were sampled.; replicate:3
PRJNA991076	SRR25212097	SAMN36288172	150mM NaCl	leaf	three leaf stage	Maire Brunken	sample8	28.0	isolate:RNA from leaves; cultivar:(Pennisetum glaucum (L.) R. Br. ssp. monodii (Maire) Brun- ken); ecotype:Almazre  Alhamanah  Mahd adh Dhahab Governorate  Madinah province  Saudi Arabia; age:10 days; dev stage:three leaves; collection date:2023-04-01; geo loc name:Saudi Arabia: Almazre  Alhamanah  Mahd adh Dhahab Governorate  Madinah province; tissue:leaves; biomaterial provider:Faten Dhawi  Agricultural Biotechnology Department  College of Agricultural and Food Sciences  King Faisal University  Al-Ahsa 31982  Saudi Arabia; cell line:missing; cell type:leaves; collected by:Faten Dhawi  Agricultural Biotechnology Department  College of Agricultural and Food Sciences  King Faisal University  Al-Ahsa 31982  Saudi Arabia; culture collection:missing; disease:na; disease stage:na; genotype:1319; growth protocol:green house; height or length:missing; isolation source:leaves; lat lon:23.026438 N 39.896101 E; phenotype:missing; population:missing; sample type:plant; sex:missing; specimen voucher:missing; temp:28; treatment:150mMol salt1.2
PRJNA991076	SRR25212099	SAMN36288169	control	leaf	three leaf stage	Maire Brunken	sample5	28.0	isolate:RNA from leaves; cultivar:(Pennisetum glaucum (L.) R. Br. ssp. monodii (Maire) Brun- ken); ecotype:Almazre  Alhamanah  Mahd adh Dhahab Governorate  Madinah province  Saudi Arabia; age:10 days; dev stage:three leaves; collection date:2023-04-01; geo loc name:Saudi Arabia: Almazre  Alhamanah  Mahd adh Dhahab Governorate  Madinah province; tissue:leaves; biomaterial provider:Faten Dhawi  Agricultural Biotechnology Department  College of Agricultural and Food Sciences  King Faisal University  Al-Ahsa 31982  Saudi Arabia; cell line:missing; cell type:leaves; collected by:Faten Dhawi  Agricultural Biotechnology Department  College of Agricultural and Food Sciences  King Faisal University  Al-Ahsa 31982  Saudi Arabia; culture collection:missing; disease:na; disease stage:na; genotype:1319; growth protocol:green house; height or length:missing; isolation source:leaves; lat lon:23.026438 N 39.896101 E; phenotype:missing; population:missing; sample type:plant; sex:missing; specimen voucher:missing; temp:28; treatment:control2.2
PRJNA991076	SRR25212101	SAMN36288167	control	leaf	three leaf stage	Maire Brunken	sample3	28.0	isolate:RNA from leaves; cultivar:(Pennisetum glaucum (L.) R. Br. ssp. monodii (Maire) Brun- ken); ecotype:Almazre  Alhamanah  Mahd adh Dhahab Governorate  Madinah province  Saudi Arabia; age:10 days; dev stage:three leaves; collection date:2023-04-01; geo loc name:Saudi Arabia: Almazre  Alhamanah  Mahd adh Dhahab Governorate  Madinah province; tissue:leaves; biomaterial provider:Faten Dhawi  Agricultural Biotechnology Department  College of Agricultural and Food Sciences  King Faisal University  Al-Ahsa 31982  Saudi Arabia; cell line:missing; cell type:leaves; collected by:Faten Dhawi  Agricultural Biotechnology Department  College of Agricultural and Food Sciences  King Faisal University  Al-Ahsa 31982  Saudi Arabia; culture collection:missing; disease:na; disease stage:na; genotype:1319; growth protocol:green house; height or length:missing; isolation source:leaves; lat lon:23.026438 N 39.896101 E; phenotype:missing; population:missing; sample type:plant; sex:missing; specimen voucher:missing; temp:28; treatment:control1.3
PRJNA991076	SRR25212102	SAMN36288181	heat	leaf	three leaf stage	Maire Brunken	sample17	50.0	isolate:RNA from leaves; cultivar:(Pennisetum glaucum (L.) R. Br. ssp. monodii (Maire) Brun- ken); ecotype:Almazre  Alhamanah  Mahd adh Dhahab Governorate  Madinah province  Saudi Arabia; age:10 days; dev stage:three leaves; collection date:2023-04-01; geo loc name:Saudi Arabia: Almazre  Alhamanah  Mahd adh Dhahab Governorate  Madinah province; tissue:leaves; biomaterial provider:Faten Dhawi  Agricultural Biotechnology Department  College of Agricultural and Food Sciences  King Faisal University  Al-Ahsa 31982  Saudi Arabia; cell line:missing; cell type:leaves; collected by:Faten Dhawi  Agricultural Biotechnology Department  College of Agricultural and Food Sciences  King Faisal University  Al-Ahsa 31982  Saudi Arabia; culture collection:missing; disease:na; disease stage:na; genotype:1319; growth protocol:green house; height or length:missing; isolation source:leaves; lat lon:23.026438 N 39.896101 E; phenotype:missing; population:missing; sample type:plant; sex:missing; specimen voucher:missing; temp:50; treatment:sample treated with 50C for 60 min2.2
PRJNA991076	SRR25212104	SAMN36288178	heat	leaf	three leaf stage	Maire Brunken	sample14	50.0	isolate:RNA from leaves; cultivar:(Pennisetum glaucum (L.) R. Br. ssp. monodii (Maire) Brun- ken); ecotype:Almazre  Alhamanah  Mahd adh Dhahab Governorate  Madinah province  Saudi Arabia; age:10 days; dev stage:three leaves; collection date:2023-04-01; geo loc name:Saudi Arabia: Almazre  Alhamanah  Mahd adh Dhahab Governorate  Madinah province; tissue:leaves; biomaterial provider:Faten Dhawi  Agricultural Biotechnology Department  College of Agricultural and Food Sciences  King Faisal University  Al-Ahsa 31982  Saudi Arabia; cell line:missing; cell type:leaves; collected by:Faten Dhawi  Agricultural Biotechnology Department  College of Agricultural and Food Sciences  King Faisal University  Al-Ahsa 31982  Saudi Arabia; culture collection:missing; disease:na; disease stage:na; genotype:1319; growth protocol:green house; height or length:missing; isolation source:leaves; lat lon:23.026438 N 39.896101 E; phenotype:missing; population:missing; sample type:plant; sex:missing; specimen voucher:missing; temp:50; treatment:sample treated with 50C for 60 min1.2
PRJNA991076	SRR25212106	SAMN36288175	150mM NaCl	leaf	three leaf stage	Maire Brunken	sample11	28.0	isolate:RNA from leaves; cultivar:(Pennisetum glaucum (L.) R. Br. ssp. monodii (Maire) Brun- ken); ecotype:Almazre  Alhamanah  Mahd adh Dhahab Governorate  Madinah province  Saudi Arabia; age:10 days; dev stage:three leaves; collection date:2023-04-01; geo loc name:Saudi Arabia: Almazre  Alhamanah  Mahd adh Dhahab Governorate  Madinah province; tissue:leaves; biomaterial provider:Faten Dhawi  Agricultural Biotechnology Department  College of Agricultural and Food Sciences  King Faisal University  Al-Ahsa 31982  Saudi Arabia; cell line:missing; cell type:leaves; collected by:Faten Dhawi  Agricultural Biotechnology Department  College of Agricultural and Food Sciences  King Faisal University  Al-Ahsa 31982  Saudi Arabia; culture collection:missing; disease:na; disease stage:na; genotype:1319; growth protocol:green house; height or length:missing; isolation source:leaves; lat lon:23.026438 N 39.896101 E; phenotype:missing; population:missing; sample type:plant; sex:missing; specimen voucher:missing; temp:28; treatment:150mMol salt2.2
PRJNA1058143	SRR27370692	SAMN39166769	0.2 mM ABA for 24 h	root	vegetative stage	ICMB843	ICMB843_root_exposed_to_24-h_ABA_treatment_rep1	NA	cultivar:ICMB843; age:18 days old; dev stage:vegetative; geo loc name:Japan; tissue:root; collection date:2022-09; treatment:0.2 mM ABA for 24 h; replicate:1
PRJNA1058143	SRR27370693	SAMN39166768	0.2 mM ABA for 24 h	leaf	vegetative stage	ICMB843	ICMB843_leaf_exposed_to_24-h_ABA_treatment_rep3	NA	cultivar:ICMB843; age:18 days old; dev stage:vegetative; geo loc name:Japan; tissue:leaf; collection date:2022-09; treatment:0.2 mM ABA for 24 h; replicate:3
PRJNA1058143	SRR27370694	SAMN39166767	0.2 mM ABA for 24 h	leaf	vegetative stage	ICMB843	ICMB843_leaf_exposed_to_24-h_ABA_treatment_rep2	NA	cultivar:ICMB843; age:18 days old; dev stage:vegetative; geo loc name:Japan; tissue:leaf; collection date:2022-09; treatment:0.2 mM ABA for 24 h; replicate:2
PRJNA1058143	SRR27370695	SAMN39166766	0.2 mM ABA for 24 h	leaf	vegetative stage	ICMB843	ICMB843_leaf_exposed_to_24-h_ABA_treatment_rep1	NA	cultivar:ICMB843; age:18 days old; dev stage:vegetative; geo loc name:Japan; tissue:leaf; collection date:2022-09; treatment:0.2 mM ABA for 24 h; replicate:1
PRJNA1058143	SRR27370696	SAMN39166765	0.2 mM ABA for 12 h	root	vegetative stage	ICMB843	ICMB843_root_exposed_to_12-h_ABA_treatment_rep3	NA	cultivar:ICMB843; age:18 days old; dev stage:vegetative; geo loc name:Japan; tissue:root; collection date:2022-09; treatment:0.2 mM ABA for 12 h; replicate:3
PRJNA1058143	SRR27370697	SAMN39166801	heat	root	vegetative stage	ICMB843	ICMB843_root_exposed_to_24-h_high-temperature_treatment_rep3	NA	cultivar:ICMB843; age:18 days old; dev stage:vegetative; geo loc name:Japan; tissue:root; collection date:2022-09; treatment:40 degrees C day-38 degrees C night for 24 h in a growth chamber; replicate:3
PRJNA1058143	SRR27370698	SAMN39166800	heat	root	vegetative stage	ICMB843	ICMB843_root_exposed_to_24-h_high-temperature_treatment_rep2	NA	cultivar:ICMB843; age:18 days old; dev stage:vegetative; geo loc name:Japan; tissue:root; collection date:2022-09; treatment:40 degrees C day-38 degrees C night for 24 h in a growth chamber; replicate:2
PRJNA1058143	SRR27370699	SAMN39166764	0.2 mM ABA for 12 h	root	vegetative stage	ICMB843	ICMB843_root_exposed_to_12-h_ABA_treatment_rep2	NA	cultivar:ICMB843; age:18 days old; dev stage:vegetative; geo loc name:Japan; tissue:root; collection date:2022-09; treatment:0.2 mM ABA for 12 h; replicate:2
PRJNA1058143	SRR27370700	SAMN39166799	heat	root	vegetative stage	ICMB843	ICMB843_root_exposed_to_24-h_high-temperature_treatment_rep1	NA	cultivar:ICMB843; age:18 days old; dev stage:vegetative; geo loc name:Japan; tissue:root; collection date:2022-09; treatment:40 degrees C day-38 degrees C night for 24 h in a growth chamber; replicate:1
PRJNA1058143	SRR27370701	SAMN39166798	heat	leaf	vegetative stage	ICMB843	ICMB843_leaf_exposed_to_24-h_high-temperature_treatment_rep3	NA	cultivar:ICMB843; age:18 days old; dev stage:vegetative; geo loc name:Japan; tissue:leaf; collection date:2022-09; treatment:40 degrees C day-38 degrees C night for 24 h in a growth chamber; replicate:3
PRJNA1058143	SRR27370702	SAMN39166797	heat	leaf	vegetative stage	ICMB843	ICMB843_leaf_exposed_to_24-h_high-temperature_treatment_rep2	NA	cultivar:ICMB843; age:18 days old; dev stage:vegetative; geo loc name:Japan; tissue:leaf; collection date:2022-09; treatment:40 degrees C day-38 degrees C night for 24 h in a growth chamber; replicate:2
PRJNA1058143	SRR27370703	SAMN39166796	heat	leaf	vegetative stage	ICMB843	ICMB843_leaf_exposed_to_24-h_high-temperature_treatment_rep1	NA	cultivar:ICMB843; age:18 days old; dev stage:vegetative; geo loc name:Japan; tissue:leaf; collection date:2022-09; treatment:40 degrees C day-38 degrees C night for 24 h in a growth chamber; replicate:1
PRJNA1058143	SRR27370704	SAMN39166795	heat	root	vegetative stage	ICMB843	ICMB843_root_exposed_to_12-h_high-temperature_treatment_rep3	NA	cultivar:ICMB843; age:18 days old; dev stage:vegetative; geo loc name:Japan; tissue:root; collection date:2022-09; treatment:40 degrees C for 12 h in a growth chamber; replicate:3
PRJNA1058143	SRR27370705	SAMN39166794	heat	root	vegetative stage	ICMB843	ICMB843_root_exposed_to_12-h_high-temperature_treatment_rep2	NA	cultivar:ICMB843; age:18 days old; dev stage:vegetative; geo loc name:Japan; tissue:root; collection date:2022-09; treatment:40 degrees C for 12 h in a growth chamber; replicate:2
PRJNA1058143	SRR27370706	SAMN39166793	heat	root	vegetative stage	ICMB843	ICMB843_root_exposed_to_12-h_high-temperature_treatment_rep1	NA	cultivar:ICMB843; age:18 days old; dev stage:vegetative; geo loc name:Japan; tissue:root; collection date:2022-09; treatment:40 degrees C for 12 h in a growth chamber; replicate:1
PRJNA1058143	SRR27370707	SAMN39166792	heat	leaf	vegetative stage	ICMB843	ICMB843_leaf_exposed_to_12-h_high-temperature_treatment_rep3	NA	cultivar:ICMB843; age:18 days old; dev stage:vegetative; geo loc name:Japan; tissue:leaf; collection date:2022-09; treatment:40 degrees C for 12 h in a growth chamber; replicate:3
PRJNA1058143	SRR27370708	SAMN39166791	heat	leaf	vegetative stage	ICMB843	ICMB843_leaf_exposed_to_12-h_high-temperature_treatment_rep2	NA	cultivar:ICMB843; age:18 days old; dev stage:vegetative; geo loc name:Japan; tissue:leaf; collection date:2022-09; treatment:40 degrees C for 12 h in a growth chamber; replicate:2
PRJNA1058143	SRR27370709	SAMN39166790	heat	leaf	vegetative stage	ICMB843	ICMB843_leaf_exposed_to_12-h_high-temperature_treatment_rep1	NA	cultivar:ICMB843; age:18 days old; dev stage:vegetative; geo loc name:Japan; tissue:leaf; collection date:2022-09; treatment:40 degrees C for 12 h in a growth chamber; replicate:1
PRJNA1058143	SRR27370710	SAMN39166789	control	root	vegetative stage	ICMB843	ICMB843_root_exposed_to_0-h_control_rep3	NA	cultivar:ICMB843; age:17 days old; dev stage:vegetative; geo loc name:Japan; tissue:root; collection date:2022-09; treatment:Untreated; replicate:3
PRJNA1058143	SRR27370711	SAMN39166788	control	root	vegetative stage	ICMB843	ICMB843_root_exposed_to_0-h_control_rep2	NA	cultivar:ICMB843; age:17 days old; dev stage:vegetative; geo loc name:Japan; tissue:root; collection date:2022-09; treatment:Untreated; replicate:2
PRJNA1058143	SRR27370712	SAMN39166787	control	root	vegetative stage	ICMB843	ICMB843_root_exposed_to_0-h_control_rep1	NA	cultivar:ICMB843; age:17 days old; dev stage:vegetative; geo loc name:Japan; tissue:root; collection date:2022-09; treatment:Untreated; replicate:1
PRJNA1058143	SRR27370713	SAMN39166763	0.2 mM ABA for 12 h	root	vegetative stage	ICMB843	ICMB843_root_exposed_to_12-h_ABA_treatment_rep1	NA	cultivar:ICMB843; age:18 days old; dev stage:vegetative; geo loc name:Japan; tissue:root; collection date:2022-09; treatment:0.2 mM ABA for 12 h; replicate:1
PRJNA1058143	SRR27370714	SAMN39166786	control	leaf	vegetative stage	ICMB843	ICMB843_leaf_exposed_to_0-h_control_rep3	NA	cultivar:ICMB843; age:17 days old; dev stage:vegetative; geo loc name:Japan; tissue:leaf; collection date:2022-09; treatment:Untreated; replicate:3
PRJNA1058143	SRR27370715	SAMN39166785	control	leaf	vegetative stage	ICMB843	ICMB843_leaf_exposed_to_0-h_control_rep2	NA	cultivar:ICMB843; age:17 days old; dev stage:vegetative; geo loc name:Japan; tissue:leaf; collection date:2022-09; treatment:Untreated; replicate:2
PRJNA1058143	SRR27370716	SAMN39166784	control	leaf	vegetative stage	ICMB843	ICMB843_leaf_exposed_to_0-h_control_rep1	NA	cultivar:ICMB843; age:17 days old; dev stage:vegetative; geo loc name:Japan; tissue:leaf; collection date:2022-09; treatment:Untreated; replicate:1
PRJNA1058143	SRR27370717	SAMN39166783	cold	root	vegetative stage	ICMB843	ICMB843_root_exposed_to_24-h_cold_treatment_rep3	NA	cultivar:ICMB843; age:18 days old; dev stage:vegetative; geo loc name:Japan; tissue:root; collection date:2022-09; treatment:4 degrees C for 24 h in a growth chamber; replicate:3
PRJNA1058143	SRR27370718	SAMN39166781	cold	root	vegetative stage	ICMB843	ICMB843_root_exposed_to_24-h_cold_treatment_rep1	NA	cultivar:ICMB843; age:18 days old; dev stage:vegetative; geo loc name:Japan; tissue:root; collection date:2022-09; treatment:4 degrees C for 24 h in a growth chamber; replicate:1
PRJNA1058143	SRR27370719	SAMN39166780	cold	leaf	vegetative stage	ICMB843	ICMB843_leaf_exposed_to_24-h_cold_treatment_rep3	NA	cultivar:ICMB843; age:18 days old; dev stage:vegetative; geo loc name:Japan; tissue:leaf; collection date:2022-09; treatment:4 degrees C for 24 h in a growth chamber; replicate:3
PRJNA1058143	SRR27370720	SAMN39166762	0.2 mM ABA for 12 h	leaf	vegetative stage	ICMB843	ICMB843_leaf_exposed_to_12-h_ABA_treatment_rep3	NA	cultivar:ICMB843; age:18 days old; dev stage:vegetative; geo loc name:Japan; tissue:leaf; collection date:2022-09; treatment:0.2 mM ABA for 12 h; replicate:3
PRJNA1058143	SRR27370721	SAMN39166782	cold	root	vegetative stage	ICMB843	ICMB843_root_exposed_to_24-h_cold_treatment_rep2	NA	cultivar:ICMB843; age:18 days old; dev stage:vegetative; geo loc name:Japan; tissue:root; collection date:2022-09; treatment:4 degrees C for 24 h in a growth chamber; replicate:2
PRJNA1058143	SRR27370722	SAMN39166779	cold	leaf	vegetative stage	ICMB843	ICMB843_leaf_exposed_to_24-h_cold_treatment_rep2	NA	cultivar:ICMB843; age:18 days old; dev stage:vegetative; geo loc name:Japan; tissue:leaf; collection date:2022-09; treatment:4 degrees C for 24 h in a growth chamber; replicate:2
PRJNA1058143	SRR27370723	SAMN39166778	cold	leaf	vegetative stage	ICMB843	ICMB843_leaf_exposed_to_24-h_cold_treatment_rep1	NA	cultivar:ICMB843; age:18 days old; dev stage:vegetative; geo loc name:Japan; tissue:leaf; collection date:2022-09; treatment:4 degrees C for 24 h in a growth chamber; replicate:1
PRJNA1058143	SRR27370724	SAMN39166777	cold	root	vegetative stage	ICMB843	ICMB843_root_exposed_to_12-h_cold_treatment_rep3	NA	cultivar:ICMB843; age:18 days old; dev stage:vegetative; geo loc name:Japan; tissue:root; collection date:2022-09; treatment:4 degrees C for 12 h in a growth chamber; replicate:3
PRJNA1058143	SRR27370725	SAMN39166776	cold	root	vegetative stage	ICMB843	ICMB843_root_exposed_to_12-h_cold_treatment_rep2	NA	cultivar:ICMB843; age:18 days old; dev stage:vegetative; geo loc name:Japan; tissue:root; collection date:2022-09; treatment:4 degrees C for 12 h in a growth chamber; replicate:2
PRJNA1058143	SRR27370726	SAMN39166774	cold	leaf	vegetative stage	ICMB843	ICMB843_leaf_exposed_to_12-h_cold_treatment_rep3	NA	cultivar:ICMB843; age:18 days old; dev stage:vegetative; geo loc name:Japan; tissue:leaf; collection date:2022-09; treatment:4 degrees C for 12 h in a growth chamber; replicate:3
PRJNA1058143	SRR27370728	SAMN39166772	cold	leaf	vegetative stage	ICMB843	ICMB843_leaf_exposed_to_12-h_cold_treatment_rep1	NA	cultivar:ICMB843; age:18 days old; dev stage:vegetative; geo loc name:Japan; tissue:leaf; collection date:2022-09; treatment:4 degrees C for 12 h in a growth chamber; replicate:1
PRJNA1058143	SRR27370729	SAMN39166775	cold	root	vegetative stage	ICMB843	ICMB843_root_exposed_to_12-h_cold_treatment_rep1	NA	cultivar:ICMB843; age:18 days old; dev stage:vegetative; geo loc name:Japan; tissue:root; collection date:2022-09; treatment:4 degrees C for 12 h in a growth chamber; replicate:1
PRJNA1058143	SRR27370730	SAMN39166771	0.2 mM ABA for 24 h	root	vegetative stage	ICMB843	ICMB843_root_exposed_to_24-h_ABA_treatment_rep3	NA	cultivar:ICMB843; age:18 days old; dev stage:vegetative; geo loc name:Japan; tissue:root; collection date:2022-09; treatment:0.2 mM ABA for 24 h; replicate:3
PRJNA1058143	SRR27370731	SAMN39166770	0.2 mM ABA for 24 h	root	vegetative stage	ICMB843	ICMB843_root_exposed_to_24-h_ABA_treatment_rep2	NA	cultivar:ICMB843; age:18 days old; dev stage:vegetative; geo loc name:Japan; tissue:root; collection date:2022-09; treatment:0.2 mM ABA for 24 h; replicate:2
PRJNA1058143	SRR27370732	SAMN39166761	0.2 mM ABA for 12 h	leaf	vegetative stage	ICMB843	ICMB843_leaf_exposed_to_12-h_ABA_treatment_rep2	NA	cultivar:ICMB843; age:18 days old; dev stage:vegetative; geo loc name:Japan; tissue:leaf; collection date:2022-09; treatment:0.2 mM ABA for 12 h; replicate:2
PRJNA1058143	SRR27370733	SAMN39166760	0.2 mM ABA for 12 h	leaf	vegetative stage	ICMB843	ICMB843_leaf_exposed_to_12-h_ABA_treatment_rep1	NA	cultivar:ICMB843; age:18 days old; dev stage:vegetative; geo loc name:Japan; tissue:leaf; collection date:2022-09; treatment:0.2 mM ABA for 12 h; replicate:1
PRJNA1062049	SRR27497387	SAMN39289495	control	root	NA	NA	T10_HTG_Root_Control_Rep2	25	isolate:10; age:15 days old seedlings; geo loc name:India; tissue:Root; collection date:missing; temp:25⁰C; treatment:No stress; replicate:biological replicate 2
PRJNA1062049	SRR27497388	SAMN39289494	control	leaf	NA	NA	T9_HTG_Leaf_Control_Rep2	25	isolate:9; age:15 days old seedlings; geo loc name:India; tissue:Leaf; collection date:missing; temp:25⁰C; treatment:No stress; replicate:biological replicate 2
PRJNA1062049	SRR27497389	SAMN39289493	heat	root	NA	NA	T8_HSG_Root_Treatment_Rep1	45	isolate:8; age:15 days old seedlings; geo loc name:India; tissue:Root; collection date:missing; temp:45⁰C; treatment:Heat stress; replicate:biological replicate 1
PRJNA1062049	SRR27497391	SAMN39289491	control	root	NA	NA	T6_HSG_Root_Control_Rep1	25	isolate:6; age:15 days old seedlings; geo loc name:India; tissue:Root; collection date:missing; temp:25⁰C; treatment:No stress; replicate:biological replicate 1
PRJNA1062049	SRR27497392	SAMN39289490	control	leaf	NA	NA	T5_HSG_Leaf_Control_Rep1	25	isolate:5; age:15 days old seedlings; geo loc name:India; tissue:Leaf; collection date:missing; temp:25⁰C; treatment:No stress; replicate:biological replicate 1
PRJNA1062049	SRR27497393	SAMN39289489	heat	root	NA	NA	T4_HTG_Root_Treatment_Rep1	45	isolate:4; age:15 days old seedlings; geo loc name:India; tissue:Root; collection date:missing; temp:45⁰C; treatment:Heat stress; replicate:biological replicate 1
PRJNA1062049	SRR27497394	SAMN39289509	heat	root	NA	NA	T24_HSG_Root_Treatment_Rep3	45	isolate:24; age:15 days old seedlings; geo loc name:India; tissue:Root; collection date:missing; temp:45⁰C; treatment:Heat stress; replicate:biological replicate 3
PRJNA1119429	SRR29263777	SAMN41656232	NA	stalk	NA	NA	GSM8302361	NA	source name:stalk; tissue:stalk; genotype:Tifleaf3; treatment:SS3; geo loc name:missing; collection date:missing
PRJNA1119429	SRR29263778	SAMN41656233	NA	stalk	NA	NA	GSM8302360	NA	source name:stalk; tissue:stalk; genotype:Tifleaf3; treatment:SS2; geo loc name:missing; collection date:missing
PRJNA1119429	SRR29263779	SAMN41656234	NA	stalk	NA	NA	GSM8302359	NA	source name:stalk; tissue:stalk; genotype:Tifleaf3; treatment:SS2; geo loc name:missing; collection date:missing
PRJNA1119429	SRR29263780	SAMN41656235	NA	stalk	NA	NA	GSM8302358	NA	source name:stalk; tissue:stalk; genotype:Tifleaf3; treatment:SS1; geo loc name:missing; collection date:missing
PRJNA1119429	SRR29263781	SAMN41656236	NA	stalk	NA	NA	GSM8302357	NA	source name:stalk; tissue:stalk; genotype:Tifleaf3; treatment:SS1; geo loc name:missing; collection date:missing
PRJNA1119429	SRR29263782	SAMN41656237	NA	stalk	NA	NA	GSM8302356	NA	source name:stalk; tissue:stalk; genotype:Tifleaf3; treatment:FS1; geo loc name:missing; collection date:missing
PRJNA1119429	SRR29263783	SAMN41656238	NA	stalk	NA	NA	GSM8302355	NA	source name:stalk; tissue:stalk; genotype:Tifleaf3; treatment:FS1; geo loc name:missing; collection date:missing
PRJNA1154655	SRR30501134	SAMN43428426	NA	leaf	three leaf stage	NA	HP-L-5-6	NA	isolate:HP3; cultivar:missing; ecotype:Tileaf3; dev stage:3 leaf; collection date:2023-08-09; geo loc name:China:Sichuan; tissue:leaf
PRJNA1154655	SRR30501135	SAMN43428425	NA	leaf	three leaf stage	NA	HP-L-1-6	NA	isolate:HP2; cultivar:missing; ecotype:Tileaf3; dev stage:3 leaf; collection date:2023-08-09; geo loc name:China:Sichuan; tissue:leaf
PRJNA1154655	SRR30501136	SAMN43428424	NA	leaf	three leaf stage	NA	HP-L-1-4	NA	isolate:HP1; cultivar:missing; ecotype:Tileaf3; dev stage:3 leaf; collection date:2023-08-09; geo loc name:China:Sichuan; tissue:leaf
PRJNA1154655	SRR30501137	SAMN43428423	NA	leaf	three leaf stage	NA	HN-L-2-6	NA	isolate:HCK3; cultivar:missing; ecotype:Tileaf3; dev stage:3 leaf; collection date:2023-08-09; geo loc name:China:Sichuan; tissue:leaf
PRJNA1154655	SRR30501138	SAMN43428422	NA	leaf	three leaf stage	NA	HN-L-1-6	NA	isolate:HCK2; cultivar:missing; ecotype:Tileaf3; dev stage:3 leaf; collection date:2023-08-09; geo loc name:China:Sichuan; tissue:leaf
PRJNA1154655	SRR30501139	SAMN43428421	NA	leaf	three leaf stage	NA	HN-L-1-4	NA	isolate:HCK1; cultivar:missing; ecotype:Tileaf3; dev stage:3 leaf; collection date:2023-08-09; geo loc name:China:Sichuan; tissue:leaf
PRJNA1154655	SRR30501140	SAMN43428420	NA	leaf	three leaf stage	NA	Heat_2	NA	isolate:SHeat2; cultivar:missing; ecotype:Tileaf3; dev stage:3 leaf; collection date:2023-08-09; geo loc name:China:Sichuan; tissue:leaf
PRJNA1154655	SRR30501146	SAMN43428419	NA	leaf	three leaf stage	NA	Heat_1	NA	isolate:SHeat1; cultivar:missing; ecotype:Tileaf3; dev stage:3 leaf; collection date:2023-08-09; geo loc name:China:Sichuan; tissue:leaf
PRJNA1154655	SRR30501151	SAMN43428432	NA	leaf	three leaf stage	NA	HT-L-5-6	NA	isolate:HT3; cultivar:missing; ecotype:Tileaf3; dev stage:3 leaf; collection date:2023-08-09; geo loc name:China:Sichuan; tissue:leaf
PRJNA1154655	SRR30501152	SAMN43428431	NA	leaf	three leaf stage	NA	HT-L-2-6	NA	isolate:HT2; cultivar:missing; ecotype:Tileaf3; dev stage:3 leaf; collection date:2023-08-09; geo loc name:China:Sichuan; tissue:leaf
PRJNA1154655	SRR30501153	SAMN43428430	NA	leaf	three leaf stage	NA	HT-L-1-6	NA	isolate:HT1; cultivar:missing; ecotype:Tileaf3; dev stage:3 leaf; collection date:2023-08-09; geo loc name:China:Sichuan; tissue:leaf
PRJNA1154655	SRR30501154	SAMN43428429	NA	leaf	three leaf stage	NA	HP-T-L-4-6	NA	isolate:HPT3; cultivar:missing; ecotype:Tileaf3; dev stage:3 leaf; collection date:2023-08-09; geo loc name:China:Sichuan; tissue:leaf
PRJNA1154655	SRR30501155	SAMN43428428	NA	leaf	three leaf stage	NA	HP-T-L-3-4	NA	isolate:HPT2; cultivar:missing; ecotype:Tileaf3; dev stage:3 leaf; collection date:2023-08-09; geo loc name:China:Sichuan; tissue:leaf
PRJNA1154655	SRR30501156	SAMN43428427	NA	leaf	three leaf stage	NA	HP-T-L-2-4	NA	isolate:HPT1; cultivar:missing; ecotype:Tileaf3; dev stage:3 leaf; collection date:2023-08-09; geo loc name:China:Sichuan; tissue:leaf
PRJNA1154655	SRR30501157	SAMN43428418	NA	leaf	three leaf stage	NA	CK_2	NA	isolate:SCK2; cultivar:missing; ecotype:Tileaf3; dev stage:3 leaf; collection date:2023-08-09; geo loc name:China:Sichuan; tissue:leaf
PRJNA1154655	SRR30501158	SAMN43428417	NA	leaf	three leaf stage	NA	CK_1	NA	isolate:SCK1; cultivar:missing; ecotype:Tileaf3; dev stage:3 leaf; collection date:2023-08-09; geo loc name:China:Sichuan; tissue:leaf
PRJNA1162278	SRR30732473	SAMN43818686	NA	leaf	NA	NA	B2	NA	isolate:not applicable; cultivar:Suceptible bulk; ecotype:not applicable; age:not applicable; dev stage:not applicable; collection date:2022-09-04; geo loc name:India: ICAR-IGFRI  Jhansi; tissue:Plant leaves; sample type:Pearl millet Plant sample ( leaf)
PRJNA1162278	SRR30732474	SAMN43818685	NA	leaf	NA	NA	B1	NA	isolate:not applicable; cultivar:Resistant bulk; ecotype:not applicable; age:not applicable; dev stage:not applicable; collection date:2022-09-03; geo loc name:India: ICAR-IGFRI  Jhansi; tissue:Plant leaves; sample type:Pearl millet Plant sample ( leaf)
PRJNA1162278	SRR30732475	SAMN43818684	NA	leaf	NA	ICMB99666	P2	NA	isolate:not applicable; cultivar:Pearl millet genotypes ICMB 99666; ecotype:not applicable; age:not applicable; dev stage:not applicable; collection date:2022-09-01; geo loc name:India: ICAR-IGFRI  Jhansi; tissue:Plant leaves; sample type:Pearl millet Plant sample ( leaf)
PRJNA1162278	SRR30732476	SAMN43818683	NA	leaf	NA	ICMR356	P1	NA	isolate:not applicable; cultivar:Pearl millet genotype ICMR 356; ecotype:not applicable; age:not applicable; dev stage:not applicable; collection date:2022-09-01; geo loc name:India: ICAR-IGFRI  Jhansi; tissue:Plant leaves; sample type:Pearl millet Plant sample ( leaf)
PRJNA1162280	SRR30734990	SAMN43820524	NA	stem	NA	Non BMR	NB4	NA	isolate:not applicable; cultivar:Pearl millet genotypes Non BMR genotypes; ecotype:not applicable; age:1.17; dev stage:not applicable; collection date:2024-04-25; geo loc name:India: ICAR-IGFRI  Jhansi; tissue:Plant stem; sample type:Plant stem and leaves
PRJNA1162280	SRR30734991	SAMN43820523	NA	stem	NA	Non BMR	NB3	NA	isolate:not applicable; cultivar:Pearl millet genotypes Non BMR genotypes; ecotype:not applicable; age:1.16; dev stage:not applicable; collection date:2024-04-25; geo loc name:India: ICAR-IGFRI  Jhansi; tissue:Plant stem; sample type:Plant stem and leaves
PRJNA1162280	SRR30734992	SAMN43820522	NA	leaf	NA	Non BMR	NB2	NA	isolate:not applicable; cultivar:Pearl millet genotypes Non BMR genotypes; ecotype:not applicable; age:1.15; dev stage:not applicable; collection date:2024-04-25; geo loc name:India: ICAR-IGFRI  Jhansi; tissue:Plant leaves; sample type:Plant stem and leaves
PRJNA1162280	SRR30734993	SAMN43820521	NA	leaf	NA	Non BMR	NB1	NA	isolate:not applicable; cultivar:Pearl millet genotypes Non BMR genotypes; ecotype:not applicable; age:1.14; dev stage:not applicable; collection date:2024-04-25; geo loc name:India: ICAR-IGFRI  Jhansi; tissue:Plant leaves; sample type:Plant stem and leaves
PRJNA1162280	SRR30734994	SAMN43820520	NA	stem	NA	BMR	BM4	NA	isolate:not applicable; cultivar:Pearl millet genotypes BMR genotypes; ecotype:not applicable; age:1.12; dev stage:not applicable; collection date:2024-04-25; geo loc name:India: ICAR-IGFRI  Jhansi; tissue:Plant stem; sample type:Plant stem and leaves
PRJNA1162280	SRR30734995	SAMN43820519	NA	stem	NA	BMR	BM3	NA	isolate:not applicable; cultivar:Pearl millet genotypes BMR genotypes; ecotype:not applicable; age:1.11; dev stage:not applicable; collection date:2024-04-25; geo loc name:India: ICAR-IGFRI  Jhansi; tissue:Plant stem; sample type:Plant stem and leaves
PRJNA1162280	SRR30734996	SAMN43820518	NA	leaf	NA	BMR	BM2	NA	isolate:not applicable; cultivar:Pearl millet genotypes BMR genotypes; ecotype:not applicable; age:1.1; dev stage:not applicable; collection date:2024-04-25; geo loc name:India: ICAR-IGFRI  Jhansi; tissue:Plant leaves; sample type:Plant stem and leaves
PRJNA1162280	SRR30734997	SAMN43820517	NA	leaf	NA	BMR	BM1	NA	isolate:not applicable; cultivar:Pearl millet genotypes BMR genotype; ecotype:not applicable; age:1; dev stage:not applicable; collection date:2024-04-25; geo loc name:India: ICAR-IGFRI  Jhansi; tissue:Plant leaves; sample type:Plant stem and leaves
PRJNA1162288	SRR30765175	SAMN43820534	NA	shoot	NA	IP8955	4A	NA	isolate:not applicable; cultivar:Pearl millet genotypes IP8955; ecotype:not applicable; age:1.27; dev stage:not applicable; collection date:2024-05-15; geo loc name:India: ICAR-IGFRI  Jhansi; tissue:Plant stem and leaves; sample type:Plant stem and leaves
PRJNA1162288	SRR30765176	SAMN43820533	NA	shoot	NA	Baif Bajra 1	3C	NA	isolate:not applicable; cultivar:Pearl millet genotypes Baif Bajra 1; ecotype:not applicable; age:1.26; dev stage:not applicable; collection date:2024-05-15; geo loc name:India: ICAR-IGFRI  Jhansi; tissue:Plant stem and leaves; sample type:Plant stem and leaves
PRJNA1162288	SRR30765177	SAMN43820532	NA	shoot	NA	Baif Bajra 1	3B	NA	isolate:not applicable; cultivar:Pearl millet genotypes Baif Bajra 1; ecotype:not applicable; age:1.25; dev stage:not applicable; collection date:2024-05-15; geo loc name:India: ICAR-IGFRI  Jhansi; tissue:Plant stem and leaves; sample type:Plant stem and leaves
PRJNA1162288	SRR30765178	SAMN43820531	NA	shoot	NA	Baif Bajra 1	3A	NA	isolate:not applicable; cultivar:Pearl millet genotypes Baif Bajra 1; ecotype:not applicable; age:1.24; dev stage:not applicable; collection date:2024-05-15; geo loc name:India: ICAR-IGFRI  Jhansi; tissue:Plant stem and leaves; sample type:Plant stem and leaves
PRJNA1162288	SRR30765179	SAMN43820530	NA	shoot	NA	IP8957	2C	NA	isolate:not applicable; cultivar:Pearl millet genotypes IP8957; ecotype:not applicable; age:1.23; dev stage:not applicable; collection date:2024-05-15; geo loc name:India: ICAR-IGFRI  Jhansi; tissue:Plant stem and leaves; sample type:Plant stem and leaves
PRJNA1162288	SRR30765180	SAMN43820529	NA	shoot	NA	IP8956	2B	NA	isolate:not applicable; cultivar:Pearl millet genotypes IP8956; ecotype:not applicable; age:1.22; dev stage:not applicable; collection date:2024-05-15; geo loc name:India: ICAR-IGFRI  Jhansi; tissue:Plant stem and leaves; sample type:Plant stem and leaves
PRJNA1162288	SRR30765181	SAMN43820528	NA	shoot	NA	IP8955	2A	NA	isolate:not applicable; cultivar:Pearl millet genotypes IP8955; ecotype:not applicable; age:1.21; dev stage:not applicable; collection date:2024-05-15; geo loc name:India: ICAR-IGFRI  Jhansi; tissue:Plant stem and leaves; sample type:Plant stem and leaves
PRJNA1162288	SRR30765182	SAMN43820527	NA	shoot	NA	Baif Bajra 1	1C	NA	isolate:not applicable; cultivar:Pearl millet genotypes Baif Bajra 1; ecotype:not applicable; age:1.2; dev stage:not applicable; collection date:2024-05-15; geo loc name:India: ICAR-IGFRI  Jhansi; tissue:Plant stem and leaves; sample type:Plant stem and leaves
PRJNA1162288	SRR30765183	SAMN43820536	NA	shoot	NA	IP8957	4C	NA	isolate:not applicable; cultivar:Pearl millet genotypes IP8957; ecotype:not applicable; age:1.29; dev stage:not applicable; collection date:2024-05-15; geo loc name:India: ICAR-IGFRI  Jhansi; tissue:Plant stem and leaves; sample type:Plant stem and leaves
PRJNA1162288	SRR30765184	SAMN43820535	NA	shoot	NA	IP8956	4B	NA	isolate:not applicable; cultivar:Pearl millet genotypes IP8956; ecotype:not applicable; age:1.28; dev stage:not applicable; collection date:2024-05-15; geo loc name:India: ICAR-IGFRI  Jhansi; tissue:Plant stem and leaves; sample type:Plant stem and leaves
PRJNA1162288	SRR30765185	SAMN43820526	NA	shoot	NA	Baif Bajra 1	1B	NA	isolate:not applicable; cultivar:Pearl millet genotypes Baif Bajra 1; ecotype:not applicable; age:1.19; dev stage:not applicable; collection date:2024-05-15; geo loc name:India: ICAR-IGFRI  Jhansi; tissue:Plant stem and leaves; sample type:Plant stem and leaves
PRJNA1162288	SRR30765186	SAMN43820525	NA	shoot	NA	Baif Bajra 1	1A	NA	isolate:not applicable; cultivar:Pearl millet genotypes Baif Bajra 1; ecotype:not applicable; age:1.18; dev stage:not applicable; collection date:2024-05-15; geo loc name:India: ICAR-IGFRI  Jhansi; tissue:Plant stem and leaves; sample type:Plant stem and leaves
PRJNA1210518	SRR31994035	SAMN46247533	NA	lateral root	NA	NA	GSM8733443	NA	source name:Lateral roots; tissue:Lateral roots; genotype:Tift23DB; geo loc name:missing; collection date:missing
PRJNA1210518	SRR31994036	SAMN46247534	NA	lateral root	NA	NA	GSM8733442	NA	source name:Lateral roots; tissue:Lateral roots; genotype:Tift23DB; geo loc name:missing; collection date:missing
PRJNA1210518	SRR31994037	SAMN46247535	NA	lateral root	NA	NA	GSM8733441	NA	source name:Lateral roots; tissue:Lateral roots; genotype:Tift23DB; geo loc name:missing; collection date:missing
PRJNA1210518	SRR31994038	SAMN46247536	NA	crown root	NA	NA	GSM8733440	NA	source name:Crown roots; tissue:Crown roots; genotype:Tift23DB; geo loc name:missing; collection date:missing
PRJNA1210518	SRR31994039	SAMN46247537	NA	crown root	NA	NA	GSM8733439	NA	source name:Crown roots; tissue:Crown roots; genotype:Tift23DB; geo loc name:missing; collection date:missing
PRJNA1210518	SRR31994040	SAMN46247538	NA	crown root	NA	NA	GSM8733438	NA	source name:Crown roots; tissue:Crown roots; genotype:Tift23DB; geo loc name:missing; collection date:missing
PRJNA1210518	SRR31994041	SAMN46247539	NA	primary root	NA	NA	GSM8733437	NA	source name:Primary roots; tissue:Primary roots; genotype:Tift23DB; geo loc name:missing; collection date:missing
PRJNA1210518	SRR31994042	SAMN46247540	NA	primary root	NA	NA	GSM8733436	NA	source name:Primary roots; tissue:Primary roots; genotype:Tift23DB; geo loc name:missing; collection date:missing
PRJNA1210518	SRR31994043	SAMN46247541	NA	primary root	NA	NA	GSM8733435	NA	source name:Primary roots; tissue:Primary roots; genotype:Tift23DB; geo loc name:missing; collection date:missing
PRJNA1249217	SRR33208148	SAMN47883064	NA	root	vegetative stage	Ci134	Tr_1	NA	cultivar:Ci134; dev stage:vegetative growth; collection date:2024-01-15; geo loc name:China; tissue:Ci134root-1; replicate:1millet root with Cd treat-replicate biological 1
PRJNA1249217	SRR33208149	SAMN47883063	NA	shoot	vegetative stage	Ci134	Ts_3	NA	cultivar:Ci134; dev stage:vegetative growth; collection date:2024-01-15; geo loc name:China; tissue:Ci134shoot-3; replicate:3millet shoot with Cd treat-replicate biological 3
PRJNA1249217	SRR33208150	SAMN47883062	NA	shoot	vegetative stage	Ci134	Ts_2	NA	cultivar:Ci134; dev stage:vegetative growth; collection date:2024-01-15; geo loc name:China; tissue:Ci134shoot-2; replicate:2millet shoot with Cd treat-replicate biological 2
PRJNA1249217	SRR33208151	SAMN47883061	NA	shoot	vegetative stage	Ci134	Ts_1	NA	cultivar:Ci134; dev stage:vegetative growth; collection date:2024-01-15; geo loc name:China; tissue:Ci134shoot-1; replicate:1millet shoot with Cd treat-replicate biological 1
PRJNA1249217	SRR33208152	SAMN47883060	NA	root	vegetative stage	Ci134	CKr_3	NA	cultivar:Ci134; dev stage:vegetative growth; collection date:2024-01-15; geo loc name:China; tissue:Ci134root-3; replicate:3millet root without Cd treat-replicate biological 3
PRJNA1249217	SRR33208153	SAMN47883059	NA	root	vegetative stage	Ci134	CKr_2	NA	cultivar:Ci134; dev stage:vegetative growth; collection date:2024-01-15; geo loc name:China; tissue:Ci134root-2; replicate:2millet root without Cd treat-replicate biological 2
PRJNA1249217	SRR33208154	SAMN47883058	NA	root	vegetative stage	Ci134	CKr_1	NA	cultivar:Ci134; dev stage:vegetative growth; collection date:2024-01-15; geo loc name:China; tissue:Ci134root-1; replicate:1millet root without Cd treat-replicate biological 1
PRJNA1249217	SRR33208155	SAMN47883057	NA	shoot	vegetative stage	Ci134	CKs_3	NA	cultivar:Ci134; dev stage:vegetative growth; collection date:2024-01-15; geo loc name:China; tissue:Ci134shoot-3; replicate:3millet shoot without Cd treat-replicate biological 3
PRJNA1249217	SRR33208156	SAMN47883066	NA	root	vegetative stage	Ci134	Tr_3	NA	cultivar:Ci134; dev stage:vegetative growth; collection date:2024-01-15; geo loc name:China; tissue:Ci134root-3; replicate:3millet root with Cd treat-replicate biological 3
PRJNA1249217	SRR33208157	SAMN47883065	NA	root	vegetative stage	Ci134	Tr_2	NA	cultivar:Ci134; dev stage:vegetative growth; collection date:2024-01-15; geo loc name:China; tissue:Ci134root-2; replicate:2millet root with Cd treat-replicate biological 2
PRJNA1249217	SRR33208158	SAMN47883056	NA	shoot	vegetative stage	Ci134	CKs_2	NA	cultivar:Ci134; dev stage:vegetative growth; collection date:2024-01-15; geo loc name:China; tissue:Ci134shoot-2; replicate:2millet shoot without Cd treat-replicate biological 2
PRJNA1249217	SRR33208159	SAMN47883055	NA	shoot	vegetative stage	Ci134	CKs_1	NA	cultivar:Ci134; dev stage:vegetative growth; collection date:2024-01-15; geo loc name:China; tissue:Ci134shoot-1; replicate:1millet shoot without Cd treat-replicate biological 1
PRJNA343161	SRR4280325	SAMN05781178	NA	flower	NA	NA	MIL_1-1	NA	isolate:37; ecotype:Wild (Pennisetum glaucum monodii); age:not applicable; geo loc name:Niger: populationN1; tissue:inflorescence
PRJNA343161	SRR4280326	SAMN05781179	NA	flower	NA	NA	MIL_1-10	NA	isolate:38; ecotype:Wild (Pennisetum glaucum monodii); age:not applicable; geo loc name:Niger: populationN1; tissue:inflorescence
PRJNA343161	SRR4280327	SAMN05781188	NA	flower	NA	NA	MIL_1-2	NA	isolate:47; ecotype:Wild (Pennisetum glaucum monodii); age:not applicable; geo loc name:Niger: populationN1; tissue:inflorescence
PRJNA343161	SRR4280328	SAMN05781189	NA	flower	NA	NA	MIL_1-3	NA	isolate:48; ecotype:Wild (Pennisetum glaucum monodii); age:not applicable; geo loc name:Niger: populationN1; tissue:inflorescence
PRJNA343161	SRR4280329	SAMN05781190	NA	flower	NA	NA	MIL_1-4	NA	isolate:49; ecotype:Wild (Pennisetum glaucum monodii); age:not applicable; geo loc name:Niger: populationN1; tissue:inflorescence
PRJNA343161	SRR4280330	SAMN05781191	NA	flower	NA	NA	MIL_1-5	NA	isolate:50; ecotype:Wild (Pennisetum glaucum monodii); age:not applicable; geo loc name:Niger: populationN1; tissue:inflorescence
PRJNA343161	SRR4280331	SAMN05781192	NA	flower	NA	NA	MIL_1-6	NA	isolate:51; ecotype:Wild (Pennisetum glaucum monodii); age:not applicable; geo loc name:Niger: populationN1; tissue:inflorescence
PRJNA343161	SRR4280332	SAMN05781193	NA	flower	NA	NA	MIL_1-7	NA	isolate:52; ecotype:Wild (Pennisetum glaucum monodii); age:not applicable; geo loc name:Niger: populationN1; tissue:inflorescence
PRJNA343161	SRR4280333	SAMN05781194	NA	flower	NA	NA	MIL_1-8	NA	isolate:53; ecotype:Wild (Pennisetum glaucum monodii); age:not applicable; geo loc name:Niger: populationN1; tissue:inflorescence
PRJNA343161	SRR4280334	SAMN05781195	NA	flower	NA	NA	MIL_1-9	NA	isolate:54; ecotype:Wild (Pennisetum glaucum monodii); age:not applicable; geo loc name:Niger: populationN1; tissue:inflorescence
PRJNA343161	SRR4280335	SAMN05781160	NA	flower	NA	NA	MIL_2-1	NA	isolate:19; ecotype:Wild (Pennisetum glaucum monodii); age:not applicable; geo loc name:Mali: populationM2; tissue:inflorescence
PRJNA343161	SRR4280336	SAMN05781161	NA	flower	NA	NA	MIL_2-10	NA	isolate:20; ecotype:Wild (Pennisetum glaucum monodii); age:not applicable; geo loc name:Mali: populationM2; tissue:inflorescence
PRJNA343161	SRR4280337	SAMN05781180	NA	flower	NA	NA	MIL_1-11	NA	isolate:39; ecotype:Wild (Pennisetum glaucum monodii); age:not applicable; geo loc name:Niger: populationN1; tissue:inflorescence
PRJNA343161	SRR4280338	SAMN05781162	NA	flower	NA	NA	MIL_2-11	NA	isolate:21; ecotype:Wild (Pennisetum glaucum monodii); age:not applicable; geo loc name:Mali: populationM2; tissue:inflorescence
PRJNA343161	SRR4280339	SAMN05781163	NA	flower	NA	NA	MIL_2-12	NA	isolate:22; ecotype:Wild (Pennisetum glaucum monodii); age:not applicable; geo loc name:Mali: populationM2; tissue:inflorescence
PRJNA343161	SRR4280340	SAMN05781164	NA	flower	NA	NA	MIL_2-13	NA	isolate:23; ecotype:Wild (Pennisetum glaucum monodii); age:not applicable; geo loc name:Mali: populationM2; tissue:inflorescence
PRJNA343161	SRR4280341	SAMN05781165	NA	flower	NA	NA	MIL_2-14	NA	isolate:24; ecotype:Wild (Pennisetum glaucum monodii); age:not applicable; geo loc name:Mali: populationM2; tissue:inflorescence
PRJNA343161	SRR4280342	SAMN05781166	NA	flower	NA	NA	MIL_2-15	NA	isolate:25; ecotype:Wild (Pennisetum glaucum monodii); age:not applicable; geo loc name:Mali: populationM2; tissue:inflorescence
PRJNA343161	SRR4280343	SAMN05781167	NA	flower	NA	NA	MIL_2-16	NA	isolate:26; ecotype:Wild (Pennisetum glaucum monodii); age:not applicable; geo loc name:Mali: populationM2; tissue:inflorescence
PRJNA343161	SRR4280344	SAMN05781168	NA	flower	NA	NA	MIL_2-17	NA	isolate:27; ecotype:Wild (Pennisetum glaucum monodii); age:not applicable; geo loc name:Mali: populationM2; tissue:inflorescence
PRJNA343161	SRR4280345	SAMN05781169	NA	flower	NA	NA	MIL_2-18	NA	isolate:28; ecotype:Wild (Pennisetum glaucum monodii); age:not applicable; geo loc name:Mali: populationM2; tissue:inflorescence
PRJNA343161	SRR4280346	SAMN05781170	NA	flower	NA	NA	MIL_2-2	NA	isolate:29; ecotype:Wild (Pennisetum glaucum monodii); age:not applicable; geo loc name:Mali: populationM2; tissue:inflorescence
PRJNA343161	SRR4280347	SAMN05781171	NA	flower	NA	NA	MIL_2-3	NA	isolate:30; ecotype:Wild (Pennisetum glaucum monodii); age:not applicable; geo loc name:Mali: populationM2; tissue:inflorescence
PRJNA343161	SRR4280348	SAMN05781181	NA	flower	NA	NA	MIL_1-12	NA	isolate:40; ecotype:Wild (Pennisetum glaucum monodii); age:not applicable; geo loc name:Niger: populationN1; tissue:inflorescence
PRJNA343161	SRR4280349	SAMN05781172	NA	flower	NA	NA	MIL_2-4	NA	isolate:31; ecotype:Wild (Pennisetum glaucum monodii); age:not applicable; geo loc name:Mali: populationM2; tissue:inflorescence
PRJNA343161	SRR4280350	SAMN05781173	NA	flower	NA	NA	MIL_2-5	NA	isolate:32; ecotype:Wild (Pennisetum glaucum monodii); age:not applicable; geo loc name:Mali: populationM2; tissue:inflorescence
PRJNA343161	SRR4280351	SAMN05781174	NA	flower	NA	NA	MIL_2-6	NA	isolate:33; ecotype:Wild (Pennisetum glaucum monodii); age:not applicable; geo loc name:Mali: populationM2; tissue:inflorescence
PRJNA343161	SRR4280352	SAMN05781175	NA	flower	NA	NA	MIL_2-7	NA	isolate:34; ecotype:Wild (Pennisetum glaucum monodii); age:not applicable; geo loc name:Mali: populationM2; tissue:inflorescence
PRJNA343161	SRR4280353	SAMN05781176	NA	flower	NA	NA	MIL_2-8	NA	isolate:35; ecotype:Wild (Pennisetum glaucum monodii); age:not applicable; geo loc name:Mali: populationM2; tissue:inflorescence
PRJNA343161	SRR4280354	SAMN05781177	NA	flower	NA	NA	MIL_2-9	NA	isolate:36; ecotype:Wild (Pennisetum glaucum monodii); age:not applicable; geo loc name:Mali: populationM2; tissue:inflorescence
PRJNA343161	SRR4280355	SAMN05781196	NA	flower	NA	NA	MIL_3-1	NA	isolate:55; ecotype:Wild (Pennisetum glaucum monodii); age:not applicable; geo loc name:Niger: populationN2; tissue:inflorescence
PRJNA343161	SRR4280356	SAMN05781197	NA	flower	NA	NA	MIL_3-10	NA	isolate:56; ecotype:Wild (Pennisetum glaucum monodii); age:not applicable; geo loc name:Niger: populationN2; tissue:inflorescence
PRJNA343161	SRR4280357	SAMN05781198	NA	flower	NA	NA	MIL_3-11	NA	isolate:57; ecotype:Wild (Pennisetum glaucum monodii); age:not applicable; geo loc name:Niger: populationN2; tissue:inflorescence
PRJNA343161	SRR4280358	SAMN05781199	NA	flower	NA	NA	MIL_3-12	NA	isolate:58; ecotype:Wild (Pennisetum glaucum monodii); age:not applicable; geo loc name:Niger: populationN2; tissue:inflorescence
PRJNA343161	SRR4280359	SAMN05781182	NA	flower	NA	NA	MIL_1-13	NA	isolate:41; ecotype:Wild (Pennisetum glaucum monodii); age:not applicable; geo loc name:Niger: populationN1; tissue:inflorescence
PRJNA343161	SRR4280360	SAMN05781200	NA	flower	NA	NA	MIL_3-13	NA	isolate:59; ecotype:Wild (Pennisetum glaucum monodii); age:not applicable; geo loc name:Niger: populationN2; tissue:inflorescence
PRJNA343161	SRR4280361	SAMN05781201	NA	flower	NA	NA	MIL_3-14	NA	isolate:60; ecotype:Wild (Pennisetum glaucum monodii); age:not applicable; geo loc name:Niger: populationN2; tissue:inflorescence
PRJNA343161	SRR4280362	SAMN05781202	NA	flower	NA	NA	MIL_3-15	NA	isolate:61; ecotype:Wild (Pennisetum glaucum monodii); age:not applicable; geo loc name:Niger: populationN2; tissue:inflorescence
PRJNA343161	SRR4280363	SAMN05781203	NA	flower	NA	NA	MIL_3-16	NA	isolate:62; ecotype:Wild (Pennisetum glaucum monodii); age:not applicable; geo loc name:Niger: populationN2; tissue:inflorescence
PRJNA343161	SRR4280364	SAMN05781204	NA	flower	NA	NA	MIL_3-17	NA	isolate:63; ecotype:Wild (Pennisetum glaucum monodii); age:not applicable; geo loc name:Niger: populationN2; tissue:inflorescence
PRJNA343161	SRR4280365	SAMN05781205	NA	flower	NA	NA	MIL_3-18	NA	isolate:64; ecotype:Wild (Pennisetum glaucum monodii); age:not applicable; geo loc name:Niger: populationN2; tissue:inflorescence
PRJNA343161	SRR4280366	SAMN05781206	NA	flower	NA	NA	MIL_3-2	NA	isolate:65; ecotype:Wild (Pennisetum glaucum monodii); age:not applicable; geo loc name:Niger: populationN2; tissue:inflorescence
PRJNA343161	SRR4280367	SAMN05781207	NA	flower	NA	NA	MIL_3-3	NA	isolate:66; ecotype:Wild (Pennisetum glaucum monodii); age:not applicable; geo loc name:Niger: populationN2; tissue:inflorescence
PRJNA343161	SRR4280368	SAMN05781208	NA	flower	NA	NA	MIL_3-4	NA	isolate:67; ecotype:Wild (Pennisetum glaucum monodii); age:not applicable; geo loc name:Niger: populationN2; tissue:inflorescence
PRJNA343161	SRR4280369	SAMN05781209	NA	flower	NA	NA	MIL_3-5	NA	isolate:68; ecotype:Wild (Pennisetum glaucum monodii); age:not applicable; geo loc name:Niger: populationN2; tissue:inflorescence
PRJNA343161	SRR4280370	SAMN05781183	NA	flower	NA	NA	MIL_1-14	NA	isolate:42; ecotype:Wild (Pennisetum glaucum monodii); age:not applicable; geo loc name:Niger: populationN1; tissue:inflorescence
PRJNA343161	SRR4280371	SAMN05781210	NA	flower	NA	NA	MIL_3-6	NA	isolate:69; ecotype:Wild (Pennisetum glaucum monodii); age:not applicable; geo loc name:Niger: populationN2; tissue:inflorescence
PRJNA343161	SRR4280372	SAMN05781211	NA	flower	NA	NA	MIL_3-7	NA	isolate:70; ecotype:Wild (Pennisetum glaucum monodii); age:not applicable; geo loc name:Niger: populationN2; tissue:inflorescence
PRJNA343161	SRR4280373	SAMN05781212	NA	flower	NA	NA	MIL_3-8	NA	isolate:71; ecotype:Wild (Pennisetum glaucum monodii); age:not applicable; geo loc name:Niger: populationN2; tissue:inflorescence
PRJNA343161	SRR4280374	SAMN05781213	NA	flower	NA	NA	MIL_3-9	NA	isolate:72; ecotype:Wild (Pennisetum glaucum monodii); age:not applicable; geo loc name:Niger: populationN2; tissue:inflorescence
PRJNA343161	SRR4280375	SAMN05781142	NA	flower	NA	NA	MIL_4-1	NA	isolate:1; ecotype:Wild (Pennisetum glaucum monodii); age:not applicable; geo loc name:Mali: populationM1; tissue:inflorescence
PRJNA343161	SRR4280376	SAMN05781143	NA	flower	NA	NA	MIL_4-10	NA	isolate:2; ecotype:Wild (Pennisetum glaucum monodii); age:not applicable; geo loc name:Mali: populationM1; tissue:inflorescence
PRJNA343161	SRR4280377	SAMN05781144	NA	flower	NA	NA	MIL_4-11	NA	isolate:3; ecotype:Wild (Pennisetum glaucum monodii); age:not applicable; geo loc name:Mali: populationM1; tissue:inflorescence
PRJNA343161	SRR4280378	SAMN05781145	NA	flower	NA	NA	MIL_4-12	NA	isolate:4; ecotype:Wild (Pennisetum glaucum monodii); age:not applicable; geo loc name:Mali: populationM1; tissue:inflorescence
PRJNA343161	SRR4280379	SAMN05781146	NA	flower	NA	NA	MIL_4-13	NA	isolate:5; ecotype:Wild (Pennisetum glaucum monodii); age:not applicable; geo loc name:Mali: populationM1; tissue:inflorescence
PRJNA343161	SRR4280380	SAMN05781147	NA	flower	NA	NA	MIL_4-14	NA	isolate:6; ecotype:Wild (Pennisetum glaucum monodii); age:not applicable; geo loc name:Mali: populationM1; tissue:inflorescence
PRJNA343161	SRR4280381	SAMN05781184	NA	flower	NA	NA	MIL_1-15	NA	isolate:43; ecotype:Wild (Pennisetum glaucum monodii); age:not applicable; geo loc name:Niger: populationN1; tissue:inflorescence
PRJNA343161	SRR4280382	SAMN05781148	NA	flower	NA	NA	MIL_4-15	NA	isolate:7; ecotype:Wild (Pennisetum glaucum monodii); age:not applicable; geo loc name:Mali: populationM1; tissue:inflorescence
PRJNA343161	SRR4280383	SAMN05781149	NA	flower	NA	NA	MIL_4-16	NA	isolate:8; ecotype:Wild (Pennisetum glaucum monodii); age:not applicable; geo loc name:Mali: populationM1; tissue:inflorescence
PRJNA343161	SRR4280384	SAMN05781150	NA	flower	NA	NA	MIL_4-17	NA	isolate:9; ecotype:Wild (Pennisetum glaucum monodii); age:not applicable; geo loc name:Mali: populationM1; tissue:inflorescence
PRJNA343161	SRR4280385	SAMN05781151	NA	flower	NA	NA	MIL_4-18	NA	isolate:10; ecotype:Wild (Pennisetum glaucum monodii); age:not applicable; geo loc name:Mali: populationM1; tissue:inflorescence
PRJNA343161	SRR4280386	SAMN05781152	NA	flower	NA	NA	MIL_4-2	NA	isolate:11; ecotype:Wild (Pennisetum glaucum monodii); age:not applicable; geo loc name:Mali: populationM1; tissue:inflorescence
PRJNA343161	SRR4280387	SAMN05781153	NA	flower	NA	NA	MIL_4-3	NA	isolate:12; ecotype:Wild (Pennisetum glaucum monodii); age:not applicable; geo loc name:Mali: populationM1; tissue:inflorescence
PRJNA343161	SRR4280388	SAMN05781154	NA	flower	NA	NA	MIL_4-4	NA	isolate:13; ecotype:Wild (Pennisetum glaucum monodii); age:not applicable; geo loc name:Mali: populationM1; tissue:inflorescence
PRJNA343161	SRR4280389	SAMN05781155	NA	flower	NA	NA	MIL_4-5	NA	isolate:14; ecotype:Wild (Pennisetum glaucum monodii); age:not applicable; geo loc name:Mali: populationM1; tissue:inflorescence
PRJNA343161	SRR4280390	SAMN05781156	NA	flower	NA	NA	MIL_4-6	NA	isolate:15; ecotype:Wild (Pennisetum glaucum monodii); age:not applicable; geo loc name:Mali: populationM1; tissue:inflorescence
PRJNA343161	SRR4280391	SAMN05781157	NA	flower	NA	NA	MIL_4-7	NA	isolate:16; ecotype:Wild (Pennisetum glaucum monodii); age:not applicable; geo loc name:Mali: populationM1; tissue:inflorescence
PRJNA343161	SRR4280392	SAMN05781185	NA	flower	NA	NA	MIL_1-16	NA	isolate:44; ecotype:Wild (Pennisetum glaucum monodii); age:not applicable; geo loc name:Niger: populationN1; tissue:inflorescence
PRJNA343161	SRR4280393	SAMN05781158	NA	flower	NA	NA	MIL_4-8	NA	isolate:17; ecotype:Wild (Pennisetum glaucum monodii); age:not applicable; geo loc name:Mali: populationM1; tissue:inflorescence
PRJNA343161	SRR4280394	SAMN05781159	NA	flower	NA	NA	MIL_4-9	NA	isolate:18; ecotype:Wild (Pennisetum glaucum monodii); age:not applicable; geo loc name:Mali: populationM1; tissue:inflorescence
PRJNA343161	SRR4280395	SAMN05781186	NA	flower	NA	NA	MIL_1-17	NA	isolate:45; ecotype:Wild (Pennisetum glaucum monodii); age:not applicable; geo loc name:Niger: populationN1; tissue:inflorescence
PRJNA343161	SRR4280396	SAMN05781187	NA	flower	NA	NA	MIL_1-18	NA	isolate:46; ecotype:Wild (Pennisetum glaucum monodii); age:not applicable; geo loc name:Niger: populationN1; tissue:inflorescence
PRJNA362863	SRR5204426	SAMN06250353	NA	flower	flowering stage	NA	RNAseq6	NA	isolate:not applicable; cultivar:not applicable; ecotype:not applicable; dev stage:inflorescence; geo loc name:Niger; tissue:inflorescence; sample type:mother P9A; treatment:third inflorescence
PRJNA362863	SRR5204427	SAMN06250352	NA	flower	flowering stage	NA	RNAseq5	NA	isolate:not applicable; cultivar:not applicable; ecotype:not applicable; dev stage:inflorescence; geo loc name:Niger; tissue:inflorescence; sample type:mother P9A; treatment:second inflorescence
PRJNA362863	SRR5204428	SAMN06250351	NA	flower	flowering stage	NA	RNAseq4	NA	isolate:not applicable; cultivar:not applicable; ecotype:not applicable; dev stage:inflorescence; geo loc name:Niger; tissue:inflorescence; sample type:mother P9A; treatment:first inflorescence
PRJNA362863	SRR5204429	SAMN06250350	NA	flower	flowering stage	NA	RNAseq3	NA	isolate:not applicable; cultivar:not applicable; ecotype:not applicable; dev stage:inflorescence; geo loc name:Niger; tissue:inflorescence; sample type:mother 8106A; treatment:third inflorescence
PRJNA362863	SRR5204430	SAMN06250349	NA	flower	flowering stage	NA	RNAseq2	NA	isolate:not applicable; cultivar:not applicable; ecotype:not applicable; dev stage:inflorescence; geo loc name:Niger; tissue:inflorescence; sample type:mother 8106A; treatment:second inflorescence
PRJNA362863	SRR5204431	SAMN06250348	NA	flower	flowering stage	NA	RNAseq1	NA	isolate:not applicable; cultivar:not applicable; ecotype:not applicable; dev stage:inflorescence; geo loc name:Niger; tissue:inflorescence; sample type:mother 8106A; treatment:first inflorescence
PRJNA362863	SRR5208977	SAMN06250353	NA	flower	flowering stage	NA	RNAseq6	NA	isolate:not applicable; cultivar:not applicable; ecotype:not applicable; dev stage:inflorescence; geo loc name:Niger; tissue:inflorescence; sample type:mother P9A; treatment:third inflorescence
PRJNA362863	SRR5208978	SAMN06250352	NA	flower	flowering stage	NA	RNAseq5	NA	isolate:not applicable; cultivar:not applicable; ecotype:not applicable; dev stage:inflorescence; geo loc name:Niger; tissue:inflorescence; sample type:mother P9A; treatment:second inflorescence
PRJNA362863	SRR5208979	SAMN06250351	NA	flower	flowering stage	NA	RNAseq4	NA	isolate:not applicable; cultivar:not applicable; ecotype:not applicable; dev stage:inflorescence; geo loc name:Niger; tissue:inflorescence; sample type:mother P9A; treatment:first inflorescence
PRJNA362863	SRR5208980	SAMN06250350	NA	flower	flowering stage	NA	RNAseq3	NA	isolate:not applicable; cultivar:not applicable; ecotype:not applicable; dev stage:inflorescence; geo loc name:Niger; tissue:inflorescence; sample type:mother 8106A; treatment:third inflorescence
PRJNA362863	SRR5208981	SAMN06250349	NA	flower	flowering stage	NA	RNAseq2	NA	isolate:not applicable; cultivar:not applicable; ecotype:not applicable; dev stage:inflorescence; geo loc name:Niger; tissue:inflorescence; sample type:mother 8106A; treatment:second inflorescence
PRJNA362863	SRR5208982	SAMN06250348	NA	flower	flowering stage	NA	RNAseq1	NA	isolate:not applicable; cultivar:not applicable; ecotype:not applicable; dev stage:inflorescence; geo loc name:Niger; tissue:inflorescence; sample type:mother 8106A; treatment:first inflorescence
PRJNA380659	SRR5406198	SAMN06645979	NA	leaf	NA	NA	Cenchrus_americanus_PI279664	NA	ecotype:PI 279664; age:not collected; dev stage:not collected; geo loc name:not applicable; tissue:leaf
PRJNA380659	SRR5406199	SAMN06645978	NA	leaf	NA	NA	Cenchrus_americanus_ICMP451	NA	ecotype:ICMP-451; age:not collected; dev stage:not collected; geo loc name:not applicable; tissue:leaf
PRJNA391885	SRR5755549	SAMN07277108	NA	flower	NA	NA	9_8	NA	isolate:9 8; cultivar:not applicable; ecotype:not applicable; age:not applicable; dev stage:not applicable; geo loc name:Niger; tissue:Inflorescence
PRJNA391885	SRR5755550	SAMN07277107	NA	flower	NA	NA	3_9	NA	isolate:3 9; cultivar:not applicable; ecotype:not applicable; age:not applicable; dev stage:not applicable; geo loc name:Niger; tissue:Inflorescence
PRJNA385901	SRR5839373	SAMN06920432	NA	leaf	seedling stage	J-2454	Leaf-control	NA	cultivar:J-2454; age:29 days; dev stage:Seedling; geo loc name:India; tissue:Leaf; lat lon:21.51 N 70.45 E
PRJNA385901	SRR5839374	SAMN06920433	NA	leaf	seedling stage	J-2454	Leaf-exposed	NA	cultivar:J-2454; age:29 days; dev stage:Seedling; geo loc name:India; tissue:Leaf; lat lon:21.51 N 70.45 E
PRJNA385901	SRR5839375	SAMN06920424	NA	root	seedling stage	J-2454	Root-control	NA	cultivar:J-2454; age:29 days; dev stage:Seedling; geo loc name:India; tissue:Root; lat lon:21.51 N 70.45 E
PRJNA385901	SRR5839376	SAMN06920426	NA	root	seedling stage	J-2454	Root-exposed	NA	cultivar:J-2454; age:29; dev stage:Seedling; geo loc name:India; tissue:Root; lat lon:21.51 N 70.45 E
PRJNA419859	SRR6327851	SAMN08099990	NA	root	NA	ICMB863	C863-2	NA	cultivar:ICMB 863; age:Seedling stage; geo loc name:Japan:Tokyo; tissue:Root; Replicate:Replicate 2
PRJNA419859	SRR6327852	SAMN08099989	NA	root	NA	ICMB863	C863-1	NA	cultivar:ICMB 863; age:Seedling stage; geo loc name:Japan:Tokyo; tissue:Root; Replicate:Replicate 1
PRJNA419859	SRR6327853	SAMN08099992	NA	root	NA	ICMB843	C843-1	NA	cultivar:ICMB 843; age:Seedling stage; geo loc name:Japan:Tokyo; tissue:Root; Replicate:Replicate 1
PRJNA419859	SRR6327854	SAMN08099991	NA	root	NA	ICMB863	C863-3	NA	cultivar:ICMB 863; age:Seedling stage; geo loc name:Japan:Tokyo; tissue:Root; Replicate:Replicate 3
PRJNA419859	SRR6327855	SAMN08099994	NA	root	NA	ICMB843	C843-3	NA	cultivar:ICMB 843; age:Seedling stage; geo loc name:Japan:Tokyo; tissue:Root; Replicate:Replicate 3
PRJNA419859	SRR6327856	SAMN08099993	NA	root	NA	ICMB843	C843-2	NA	cultivar:ICMB 843; age:Seedling stage; geo loc name:Japan:Tokyo; tissue:Root; Replicate:Replicate 2
PRJNA419859	SRR6327857	SAMN08099998	NA	root	NA	ICMB863	D863-2	NA	cultivar:ICMB 863; age:Seedling stage; geo loc name:Japan:Tokyo; tissue:Root; Replicate:Replicate 2
PRJNA419859	SRR6327858	SAMN08099997	NA	root	NA	ICMB863	D863-1	NA	cultivar:ICMB 863; age:Seedling stage; geo loc name:Japan:Tokyo; tissue:Root; Replicate:Replicate 1
PRJNA419859	SRR6327859	SAMN08100000	NA	root	NA	ICMB843	D843-1	NA	cultivar:ICMB 843; age:Seedling stage; geo loc name:Japan:Tokyo; tissue:Root; Replicate:Replicate 1
PRJNA419859	SRR6327860	SAMN08099999	NA	root	NA	ICMB863	D863-3	NA	cultivar:ICMB 863; age:Seedling stage; geo loc name:Japan:Tokyo; tissue:Root; Replicate:Replicate 3
PRJNA419859	SRR6327861	SAMN08100002	NA	root	NA	ICMB843	D843-3	NA	cultivar:ICMB 843; age:Seedling stage; geo loc name:Japan:Tokyo; tissue:Root; Replicate:Replicate 3
PRJNA419859	SRR6327862	SAMN08100001	NA	root	NA	ICMB843	D843-2	NA	cultivar:ICMB 843; age:Seedling stage; geo loc name:Japan:Tokyo; tissue:Root; Replicate:Replicate 2
PRJNA429517	SRR6466505	SAMN08348365	NA	leaf	seedling stage	ICMB081	Control_Susceptible	NA	cultivar:ICMB081C; age:18 days; dev stage:Seedling; geo loc name:Japan: Tokyo; tissue:Leaf; biomaterial provider:ICRISAT  INDIA
PRJNA429517	SRR6466506	SAMN08348366	NA	leaf	seedling stage	ICMB01222	Control_Tolerant	NA	cultivar:ICMB01222C; age:18 days; dev stage:Seedling; geo loc name:Japan: Tokyo; tissue:Leaf; biomaterial provider:ICRISAT  INDIA
PRJNA429517	SRR6466507	SAMN08348367	NA	leaf	seedling stage	ICMB081	Salinity_Susceptible	NA	cultivar:ICMB081S; age:18 days; dev stage:Seedling; geo loc name:Japan: Tokyo; tissue:Leaf; biomaterial provider:ICRISAT  INDIA
PRJNA429517	SRR6466508	SAMN08348368	NA	leaf	seedling stage	ICMB01222	Salinity_Tolerant	NA	cultivar:ICMB01222S; age:18 days; dev stage:Seedling; geo loc name:Japan: Tokyo; tissue:Leaf; biomaterial provider:ICRISAT  INDIA
PRJNA473432	SRR7419530	SAMN09273647	heat	flag leaf	flowering stage	841B and PPMI69	PMHiSeq2500	32	cultivar:841-B and PPMI-69; age:55 days after sowing; dev stage:flowering stage; geo loc name:India: New Delhi; tissue:flag leaf; genotype:841-B and PPMI-69; growth protocol:32-34 degree celcius  70-80 % relative humidity; temp:32-34 degree celcius; treatment:42 degree celcius for 6 hours
PRJNA521421	SRR8549304	SAMN10887823	NA	leaf	seedling stage	Bangde NO.1	K11	NA	cultivar:Bangde NO.1; dev stage:seeding; geo loc name:China; tissue:leaf; source material id:11
PRJNA521421	SRR8549305	SAMN10887824	NA	leaf	seedling stage	Bangde NO.1	K12	NA	cultivar:Bangde NO.1; dev stage:seeding; geo loc name:China; tissue:leaf; source material id:12
PRJNA521421	SRR8549306	SAMN10887825	NA	leaf	seedling stage	Bangde NO.1	K13	NA	cultivar:Bangde NO.1; dev stage:seeding; geo loc name:China; tissue:leaf; source material id:13
PRJNA521421	SRR8549307	SAMN10887826	NA	leaf	seedling stage	Bangde NO.1	K14	NA	cultivar:Bangde NO.1; dev stage:seeding; geo loc name:China; tissue:leaf; source material id:14
PRJNA521421	SRR8549308	SAMN10887813	NA	root	seedling stage	Bangde NO.1	K1	NA	cultivar:Bangde NO.1; dev stage:seeding; geo loc name:China; tissue:root; source material id:1
PRJNA521421	SRR8549309	SAMN10887814	NA	root	seedling stage	Bangde NO.1	K2	NA	cultivar:Bangde NO.1; dev stage:seeding; geo loc name:China; tissue:root; source material id:2
PRJNA521421	SRR8549310	SAMN10887829	NA	leaf	seedling stage	Bangde NO.1	K17	NA	cultivar:Bangde NO.1; dev stage:seeding; geo loc name:China; tissue:leaf; source material id:17
PRJNA521421	SRR8549311	SAMN10887830	NA	leaf	seedling stage	Bangde NO.1	K18	NA	cultivar:Bangde NO.1; dev stage:seeding; geo loc name:China; tissue:leaf; source material id:18
PRJNA521421	SRR8549312	SAMN10887815	NA	root	seedling stage	Bangde NO.1	K3	NA	cultivar:Bangde NO.1; dev stage:seeding; geo loc name:China; tissue:root; source material id:3
PRJNA521421	SRR8549313	SAMN10887818	NA	root	seedling stage	Bangde NO.1	K6	NA	cultivar:Bangde NO.1; dev stage:seeding; geo loc name:China; tissue:root; source material id:6
PRJNA521421	SRR8549314	SAMN10887828	NA	leaf	seedling stage	Bangde NO.1	K16	NA	cultivar:Bangde NO.1; dev stage:seeding; geo loc name:China; tissue:leaf; source material id:16
PRJNA521421	SRR8549315	SAMN10887822	NA	leaf	seedling stage	Bangde NO.1	K10	NA	cultivar:Bangde NO.1; dev stage:seeding; geo loc name:China; tissue:leaf; source material id:10
PRJNA521421	SRR8549316	SAMN10887816	NA	root	seedling stage	Bangde NO.1	K4	NA	cultivar:Bangde NO.1; dev stage:seeding; geo loc name:China; tissue:root; source material id:4
PRJNA521421	SRR8549317	SAMN10887819	NA	root	seedling stage	Bangde NO.1	K7	NA	cultivar:Bangde NO.1; dev stage:seeding; geo loc name:China; tissue:root; source material id:7
PRJNA521421	SRR8549318	SAMN10887821	NA	root	seedling stage	Bangde NO.1	K9	NA	cultivar:Bangde NO.1; dev stage:seeding; geo loc name:China; tissue:root; source material id:9
PRJNA521421	SRR8549319	SAMN10887820	NA	root	seedling stage	Bangde NO.1	K8	NA	cultivar:Bangde NO.1; dev stage:seeding; geo loc name:China; tissue:root; source material id:8
PRJNA521421	SRR8549320	SAMN10887817	NA	root	seedling stage	Bangde NO.1	K5	NA	cultivar:Bangde NO.1; dev stage:seeding; geo loc name:China; tissue:root; source material id:5
PRJNA521421	SRR8549321	SAMN10887827	NA	leaf	seedling stage	Bangde NO.1	K15	NA	cultivar:Bangde NO.1; dev stage:seeding; geo loc name:China; tissue:leaf; source material id:15
PRJNA1058143	SRR27370727	SAMN39166773	cold	leaf	vegetative stage	ICMB843	ICMB843_leaf_exposed_to_12-h_cold_treatment_rep2	NA	cultivar:ICMB843; age:18 days old; dev stage:vegetative; geo loc name:Japan; tissue:leaf; collection date:2022-09; treatment:4 degrees C for 12 h in a growth chamber; replicate:2
PRJNA1062049	SRR27497395	SAMN39289508	heat	leaf	NA	NA	T23_HSG_Leaf_Treatment_Rep3	45	isolate:23; age:15 days old seedlings; geo loc name:India; tissue:Leaf; collection date:missing; temp:45⁰C; treatment:Heat stress; replicate:biological replicate 3
PRJNA1062049	SRR27497396	SAMN39289507	control	root	NA	NA	T22_HSG_Root_Control_Rep3	25	isolate:22; age:15 days old seedlings; geo loc name:India; tissue:Root; collection date:missing; temp:25⁰C; treatment:No stress; replicate:biological replicate 3
PRJNA1062049	SRR27497397	SAMN39289506	control	leaf	NA	NA	T21_HSG_Leaf_Control_Rep3	25	isolate:21; age:15 days old seedlings; geo loc name:India; tissue:Leaf; collection date:missing; temp:25⁰C; treatment:No stress; replicate:biological replicate 3
PRJNA1062049	SRR27497398	SAMN39289488	heat	leaf	NA	NA	T3_HTG_Leaf_Treatment_Rep1	45	isolate:3; age:15 days old seedlings; geo loc name:India; tissue:Leaf; collection date:missing; temp:45⁰C; treatment:Heat stress; replicate:biological replicate 1
PRJNA1062049	SRR27497399	SAMN39289505	heat	root	NA	NA	T20_HTG_Root_Treatment_Rep3	45	isolate:20; age:15 days old seedlings; geo loc name:India; tissue:Root; collection date:missing; temp:45⁰C; treatment:Heat stress; replicate:biological replicate 3
PRJNA1062049	SRR27497400	SAMN39289504	heat	leaf	NA	NA	T19_HTG_Leaf_Treatment_Rep3	45	isolate:19; age:15 days old seedlings; geo loc name:India; tissue:Leaf; collection date:missing; temp:45⁰C; treatment:Heat stress; replicate:biological replicate 3
PRJNA1062049	SRR27497401	SAMN39289503	control	root	NA	NA	T18_HTG_Root_Control_Rep3	25	isolate:18; age:15 days old seedlings; geo loc name:India; tissue:Root; collection date:missing; temp:25⁰C; treatment:No stress; replicate:biological replicate 3
PRJNA1062049	SRR27497402	SAMN39289502	control	leaf	NA	NA	T17_HTG_Leaf_Control_Rep3	25	isolate:17; age:15 days old seedlings; geo loc name:India; tissue:Leaf; collection date:missing; temp:25⁰C; treatment:No stress; replicate:biological replicate 3
PRJNA1062049	SRR27497403	SAMN39289501	heat	root	NA	NA	T16_HSG_Root_Treatment_Rep2	45	isolate:16; age:15 days old seedlings; geo loc name:India; tissue:Root; collection date:missing; temp:45⁰C; treatment:Heat stress; replicate:biological replicate 2
PRJNA1062049	SRR27497404	SAMN39289500	heat	leaf	NA	NA	T15_HSG_Leaf_Treatment_Rep2	45	isolate:15; age:15 days old seedlings; geo loc name:India; tissue:Leaf; collection date:missing; temp:45⁰C; treatment:Heat stress; replicate:biological replicate 2
PRJNA1062049	SRR27497405	SAMN39289499	control	root	NA	NA	T14_HSG_Root_Control_Rep2	25	isolate:14; age:15 days old seedlings; geo loc name:India; tissue:Root; collection date:missing; temp:25⁰C; treatment:No stress; replicate:biological replicate 2
PRJNA1062049	SRR27497406	SAMN39289498	control	leaf	NA	NA	T13_HSG_Leaf_Control_Rep2	25	isolate:13; age:15 days old seedlings; geo loc name:India; tissue:Leaf; collection date:missing; temp:25⁰C; treatment:No stress; replicate:biological replicate 2
PRJNA1062049	SRR27497407	SAMN39289497	heat	root	NA	NA	T12_HTG_Root_Treatment_Rep2	45	isolate:12; age:15 days old seedlings; geo loc name:India; tissue:Root; collection date:missing; temp:45⁰C; treatment:Heat stress; replicate:biological replicate 2
PRJNA1062049	SRR27497408	SAMN39289496	heat	leaf	NA	NA	T11_HTG_Leaf_Treatment_Rep2	45	isolate:11; age:15 days old seedlings; geo loc name:India; tissue:Leaf; collection date:missing; temp:45⁰C; treatment:Heat stress; replicate:biological replicate 2
PRJNA1062049	SRR27497409	SAMN39289487	control	root	NA	NA	T2_HTG_Root_Control_Rep1	25	isolate:2; age:15 days old seedlings; geo loc name:India; tissue:Root; collection date:missing; temp:25⁰C; treatment:No stress; replicate:biological replicate 1
PRJNA1062049	SRR27497410	SAMN39289486	control	leaf	NA	NA	T1_HTG_Leaf_Control_Rep1	25	isolate:1; age:15 days old seedlings; geo loc name:India; tissue:Leaf; collection date:missing; temp:25⁰C; treatment:No stress; replicate:biological replicate 1
PRJNA1058143	SRR28025879	SAMN40007481	control	root	vegetative stage	ICMB843	ICMB843_root_control_24-h_rep1	NA	cultivar:ICMB843; age:18 days old; dev stage:vegetative; geo loc name:Japan; tissue:root; collection date:2022-09; treatment:control for 24 h; replicate:1
PRJNA1058143	SRR28025880	SAMN40007480	control	leaf	vegetative stage	ICMB843	ICMB843_leaf_control_24-h_rep3	NA	cultivar:ICMB843; age:18 days old; dev stage:vegetative; geo loc name:Japan; tissue:leaf; collection date:2022-09; treatment:control for 24 h; replicate:3
PRJNA1058143	SRR28025881	SAMN40007479	control	leaf	vegetative stage	ICMB843	ICMB843_leaf_control_24-h_rep2	NA	cultivar:ICMB843; age:18 days old; dev stage:vegetative; geo loc name:Japan; tissue:leaf; collection date:2022-09; treatment:control for 24 h; replicate:2
PRJNA1058143	SRR28025882	SAMN40007478	control	leaf	vegetative stage	ICMB843	ICMB843_leaf_control_24-h_rep1	NA	cultivar:ICMB843; age:18 days old; dev stage:vegetative; geo loc name:Japan; tissue:leaf; collection date:2022-09; treatment:control for 24 h; replicate:1
PRJNA1058143	SRR28025883	SAMN40007476	control	root	vegetative stage	ICMB843	ICMB843_root_control_12-h_rep2	NA	cultivar:ICMB843; age:18 days old; dev stage:vegetative; geo loc name:Japan; tissue:root; collection date:2022-09; treatment:control for 12 h; replicate:2
PRJNA1058143	SRR28025884	SAMN40007475	control	root	vegetative stage	ICMB843	ICMB843_root_control_12-h_rep1	NA	cultivar:ICMB843; age:18 days old; dev stage:vegetative; geo loc name:Japan; tissue:root; collection date:2022-09; treatment:control for 12 h; replicate:1
PRJNA1058143	SRR28025885	SAMN40007474	control	leaf	vegetative stage	ICMB843	ICMB843_leaf_control_12-h_rep3	NA	cultivar:ICMB843; age:18 days old; dev stage:vegetative; geo loc name:Japan; tissue:leaf; collection date:2022-09; treatment:control for 12 h; replicate:3
PRJNA1058143	SRR28025886	SAMN40007477	control	root	vegetative stage	ICMB843	ICMB843_root_control_12-h_rep3	NA	cultivar:ICMB843; age:18 days old; dev stage:vegetative; geo loc name:Japan; tissue:root; collection date:2022-09; treatment:control for 12 h; replicate:3
PRJNA1058143	SRR28025887	SAMN40007483	control	root	vegetative stage	ICMB843	ICMB843_root_control_24-h_rep3	NA	cultivar:ICMB843; age:18 days old; dev stage:vegetative; geo loc name:Japan; tissue:root; collection date:2022-09; treatment:control for 24 h; replicate:3
PRJNA1058143	SRR28025888	SAMN40007482	control	root	vegetative stage	ICMB843	ICMB843_root_control_24-h_rep2	NA	cultivar:ICMB843; age:18 days old; dev stage:vegetative; geo loc name:Japan; tissue:root; collection date:2022-09; treatment:control for 24 h; replicate:2
PRJNA1058143	SRR28025889	SAMN40007473	control	leaf	vegetative stage	ICMB843	ICMB843_leaf_control_12-h_rep2	NA	cultivar:ICMB843; age:18 days old; dev stage:vegetative; geo loc name:Japan; tissue:leaf; collection date:2022-09; treatment:control for 12 h; replicate:2
PRJNA1058143	SRR28025890	SAMN40007472	control	leaf	vegetative stage	ICMB843	ICMB843_leaf_control_12-h_rep1	NA	cultivar:ICMB843; age:18 days old; dev stage:vegetative; geo loc name:Japan; tissue:leaf; collection date:2022-09; treatment:control for 12 h; replicate:1
PRJNA1119429	SRR29263744	SAMN41656205	NA	stalk	NA	NA	GSM8302388	NA	source name:stalk; tissue:stalk; genotype:Tifleaf3; treatment:LS7; geo loc name:missing; collection date:missing
PRJNA1119429	SRR29263745	SAMN41656206	NA	stalk	NA	NA	GSM8302387	NA	source name:stalk; tissue:stalk; genotype:Tifleaf3; treatment:LS7; geo loc name:missing; collection date:missing
PRJNA1119429	SRR29263746	SAMN41656207	NA	stalk	NA	NA	GSM8302386	NA	source name:stalk; tissue:stalk; genotype:Tifleaf3; treatment:LS6; geo loc name:missing; collection date:missing
PRJNA1119429	SRR29263747	SAMN41656208	NA	stalk	NA	NA	GSM8302385	NA	source name:stalk; tissue:stalk; genotype:Tifleaf3; treatment:LS6; geo loc name:missing; collection date:missing
PRJNA1119429	SRR29263748	SAMN41656209	NA	stalk	NA	NA	GSM8302384	NA	source name:stalk; tissue:stalk; genotype:Tifleaf3; treatment:LS5; geo loc name:missing; collection date:missing
PRJNA1119429	SRR29263749	SAMN41656210	NA	stalk	NA	NA	GSM8302383	NA	source name:stalk; tissue:stalk; genotype:Tifleaf3; treatment:LS5; geo loc name:missing; collection date:missing
PRJNA1119429	SRR29263750	SAMN41656211	NA	stalk	NA	NA	GSM8302382	NA	source name:stalk; tissue:stalk; genotype:Tifleaf3; treatment:LS4; geo loc name:missing; collection date:missing
PRJNA1119429	SRR29263751	SAMN41656212	NA	stalk	NA	NA	GSM8302381	NA	source name:stalk; tissue:stalk; genotype:Tifleaf3; treatment:LS4; geo loc name:missing; collection date:missing
PRJNA1119429	SRR29263752	SAMN41656213	NA	stalk	NA	NA	GSM8302380	NA	source name:stalk; tissue:stalk; genotype:Tifleaf3; treatment:LS3; geo loc name:missing; collection date:missing
PRJNA1119429	SRR29263753	SAMN41656214	NA	stalk	NA	NA	GSM8302379	NA	source name:stalk; tissue:stalk; genotype:Tifleaf3; treatment:LS3; geo loc name:missing; collection date:missing
PRJNA1119429	SRR29263754	SAMN41656215	NA	stalk	NA	NA	GSM8302378	NA	source name:stalk; tissue:stalk; genotype:Tifleaf3; treatment:LS2; geo loc name:missing; collection date:missing
PRJNA1119429	SRR29263755	SAMN41656216	NA	stalk	NA	NA	GSM8302377	NA	source name:stalk; tissue:stalk; genotype:Tifleaf3; treatment:LS2; geo loc name:missing; collection date:missing
PRJNA1119429	SRR29263756	SAMN41656217	NA	stalk	NA	NA	GSM8302376	NA	source name:stalk; tissue:stalk; genotype:Tifleaf3; treatment:LS1; geo loc name:missing; collection date:missing
PRJNA1119429	SRR29263757	SAMN41656218	NA	stalk	NA	NA	GSM8302375	NA	source name:stalk; tissue:stalk; genotype:Tifleaf3; treatment:LS1; geo loc name:missing; collection date:missing
PRJNA1119429	SRR29263758	SAMN41656219	NA	stalk	NA	NA	GSM8302374	NA	source name:stalk; tissue:stalk; genotype:Tifleaf3; treatment:TS6; geo loc name:missing; collection date:missing
PRJNA1119429	SRR29263759	SAMN41656220	NA	stalk	NA	NA	GSM8302373	NA	source name:stalk; tissue:stalk; genotype:Tifleaf3; treatment:TS6; geo loc name:missing; collection date:missing
PRJNA1119429	SRR29263762	SAMN41656201	NA	stalk	NA	NA	GSM8302392	NA	source name:stalk; tissue:stalk; genotype:Tifleaf3; treatment:LS9; geo loc name:missing; collection date:missing
PRJNA1119429	SRR29263763	SAMN41656202	NA	stalk	NA	NA	GSM8302391	NA	source name:stalk; tissue:stalk; genotype:Tifleaf3; treatment:LS9; geo loc name:missing; collection date:missing
PRJNA1119429	SRR29263764	SAMN41656203	NA	stalk	NA	NA	GSM8302390	NA	source name:stalk; tissue:stalk; genotype:Tifleaf3; treatment:LS8; geo loc name:missing; collection date:missing
PRJNA1119429	SRR29263765	SAMN41656204	NA	stalk	NA	NA	GSM8302389	NA	source name:stalk; tissue:stalk; genotype:Tifleaf3; treatment:LS8; geo loc name:missing; collection date:missing
PRJNA1119429	SRR29263766	SAMN41656221	NA	stalk	NA	NA	GSM8302372	NA	source name:stalk; tissue:stalk; genotype:Tifleaf3; treatment:TS5; geo loc name:missing; collection date:missing
PRJNA1119429	SRR29263767	SAMN41656222	NA	stalk	NA	NA	GSM8302371	NA	source name:stalk; tissue:stalk; genotype:Tifleaf3; treatment:TS5; geo loc name:missing; collection date:missing
PRJNA1119429	SRR29263768	SAMN41656223	NA	stalk	NA	NA	GSM8302370	NA	source name:stalk; tissue:stalk; genotype:Tifleaf3; treatment:TS4; geo loc name:missing; collection date:missing
PRJNA1119429	SRR29263769	SAMN41656224	NA	stalk	NA	NA	GSM8302369	NA	source name:stalk; tissue:stalk; genotype:Tifleaf3; treatment:TS4; geo loc name:missing; collection date:missing
PRJNA1119429	SRR29263770	SAMN41656225	NA	stalk	NA	NA	GSM8302368	NA	source name:stalk; tissue:stalk; genotype:Tifleaf3; treatment:TS3; geo loc name:missing; collection date:missing
PRJNA1119429	SRR29263771	SAMN41656226	NA	stalk	NA	NA	GSM8302367	NA	source name:stalk; tissue:stalk; genotype:Tifleaf3; treatment:TS3; geo loc name:missing; collection date:missing
PRJNA1119429	SRR29263772	SAMN41656227	NA	stalk	NA	NA	GSM8302366	NA	source name:stalk; tissue:stalk; genotype:Tifleaf3; treatment:TS2; geo loc name:missing; collection date:missing
PRJNA1119429	SRR29263773	SAMN41656228	NA	stalk	NA	NA	GSM8302365	NA	source name:stalk; tissue:stalk; genotype:Tifleaf3; treatment:TS2; geo loc name:missing; collection date:missing
PRJNA1119429	SRR29263774	SAMN41656229	NA	stalk	NA	NA	GSM8302364	NA	source name:stalk; tissue:stalk; genotype:Tifleaf3; treatment:TS1; geo loc name:missing; collection date:missing
PRJNA1119429	SRR29263775	SAMN41656230	NA	stalk	NA	NA	GSM8302363	NA	source name:stalk; tissue:stalk; genotype:Tifleaf3; treatment:TS1; geo loc name:missing; collection date:missing
PRJNA1119429	SRR29263776	SAMN41656231	NA	stalk	NA	NA	GSM8302362	NA	source name:stalk; tissue:stalk; genotype:Tifleaf3; treatment:SS3; geo loc name:missing; collection date:missing
