dpca0g000100.842	0	0
dpca0g000120.842	0	1
dpca0g000130.842	0	2
dpca0g000140.842	0	3
dpca0g000150.842	0	4
dpca0g000160.842	0	5
dpca0g000200.842	0	6
dpca0g000230.842	0	7
dpca0g000240.842	0	8
dpca0g000250.842	0	9
dpca0g000300.842	0	10
dpca0g000310.842	0	11
dpca0g000320.842	0	12
dpca0g000330.842	0	13
dpca0g000340.842	0	14
dpca0g000350.842	0	15
dpca0g000360.842	0	16
dpca0g000370.842	0	17
dpca0g000380.842	0	18
dpca0g000390.842	0	19
dpca0g000400.842	0	20
dpca0g000410.842	0	21
dpca0g000420.842	0	22
dpca0g000430.842	0	23
dpca0g000440.842	0	24
dpca0g000450.842	0	25
dpca0g000460.842	0	26
dpca0g000470.842	0	27
dpca0g000480.842	0	28
dpca0g000490.842	0	29
dpca0g000500.842	0	30
dpca0g000510.842	0	31
dpca0g000520.842	0	32
dpca0g000530.842	0	33
dpca0g000540.842	0	34
dpca0g000550.842	0	35
dpca0g000560.842	0	36
dpca0g000570.842	0	37
dpca0g000580.842	0	38
dpca0g000590.842	0	39
dpca0g000600.842	0	40
dpca0g000610.842	0	41
dpca0g000620.842	0	42
dpca0g000630.842	0	43
dpca0g000650.842	0	44
dpca0g000660.842	0	45
dpca0g000670.842	0	46
dpca0g000680.842	0	47
dpca0g000700.842	0	48
dpca0g000710.842	0	49
dpca0g000720.842	0	50
dpca0g000730.842	0	51
dpca0g000740.842	0	52
dpca0g000760.842	0	53
dpca0g000790.842	0	54
dpca0g000800.842	0	55
dpca0g000810.842	0	56
dpca0g000820.842	0	57
dpca0g000830.842	0	58
dpca0g000840.842	0	59
dpca0g000860.842	0	60
dpca0g000870.842	0	61
dpca0g000880.842	0	62
dpca0g000890.842	0	63
dpca0g000900.842	0	64
dpca0g000910.842	0	65
dpca0g000920.842	0	66
dpca0g000930.842	0	67
dpca0g000940.842	0	68
dpca0g000950.842	0	69
dpca0g000960.842	0	70
dpca0g000970.842	0	71
dpca0g000980.842	0	72
dpca0g000990.842	0	73
dpca0g001000.842	0	74
dpca0g001010.842	0	75
dpca0g001020.842	0	76
dpca0g001040.842	0	77
dpca0g001050.842	0	78
dpca0g001060.842	0	79
dpca0g001070.842	0	80
dpca0g001080.842	0	81
dpca0g001100.842	0	82
dpca0g001110.842	0	83
dpca0g001120.842	0	84
dpca0g001130.842	0	85
dpca0g001150.842	0	86
dpca0g001200.842	0	87
dpca0g001240.842	0	88
dpca0g001250.842	0	89
dpca0g001270.842	0	90
dpca0g001280.842	0	91
dpca0g001290.842	0	92
dpca0g001300.842	0	93
dpca0g001310.842	0	94
dpca0g001320.842	0	95
dpca0g001330.842	0	96
dpca0g001340.842	0	97
dpca0g001350.842	0	98
dpca0g001360.842	0	99
dpca0g001370.842	0	100
dpca0g001390.842	0	101
dpca0g001400.842	0	102
dpca0g001410.842	0	103
dpca0g001420.842	0	104
dpca0g001430.842	0	105
dpca0g001440.842	0	106
dpca0g001450.842	0	107
dpca0g001460.842	0	108
dpca0g001470.842	0	109
dpca0g001480.842	0	110
dpca0g001490.842	0	111
dpca0g001500.842	0	112
dpca0g001510.842	0	113
dpca0g001520.842	0	114
dpca0g001530.842	0	115
dpca0g001540.842	0	116
dpca0g001550.842	0	117
dpca0g001560.842	0	118
dpca0g001570.842	0	119
dpca0g001580.842	0	120
dpca0g001590.842	0	121
dpca1g001600.842	0	122
dpca1g001610.842	0	123
dpca1g001620.842	0	124
dpca1g001630.842	0	125
dpca1g001640.842	0	126
dpca1g001650.842	0	127
dpca1g001660.842	0	128
dpca1g001670.842	0	129
dpca1g001700.842	0	130
dpca1g001710.842	0	131
dpca1g001720.842	0	132
dpca1g001730.842	0	133
dpca1g001750.842	0	134
dpca1g001760.842	0	135
dpca1g001770.842	0	136
dpca1g001780.842	0	137
dpca1g001790.842	0	138
dpca1g001800.842	0	139
dpca1g001810.842	0	140
dpca1g001830.842	0	141
dpca1g001840.842	0	142
dpca1g001870.842	0	143
dpca1g001880.842	0	144
dpca1g001900.842	0	145
dpca1g001910.842	0	146
dpca1g001920.842	0	147
dpca1g001930.842	0	148
dpca1g001940.842	0	149
dpca1g001950.842	0	150
dpca1g001960.842	0	151
dpca1g001970.842	0	152
dpca1g001990.842	0	153
dpca1g002000.842	0	154
dpca1g002020.842	0	155
dpca1g002030.842	0	156
dpca1g002040.842	0	157
dpca1g002050.842	0	158
dpca1g002060.842	0	159
dpca1g002070.842	0	160
dpca1g002080.842	0	161
dpca1g002090.842	0	162
dpca1g002100.842	0	163
dpca1g002110.842	0	164
dpca1g002120.842	0	165
dpca1g002130.842	0	166
dpca1g002140.842	0	167
dpca1g002150.842	0	168
dpca1g002170.842	0	169
dpca1g002190.842	0	170
dpca1g002210.842	0	171
dpca1g002220.842	0	172
dpca1g002230.842	0	173
dpca1g002240.842	0	174
dpca1g002250.842	0	175
dpca1g002260.842	0	176
dpca1g002270.842	0	177
dpca1g002280.842	0	178
dpca1g002290.842	0	179
dpca1g002300.842	0	180
dpca1g002310.842	0	181
dpca1g002320.842	0	182
dpca1g002340.842	0	183
dpca1g002350.842	0	184
dpca1g002370.842	0	185
dpca1g002380.842	0	186
dpca1g002400.842	0	187
dpca1g002410.842	0	188
dpca1g002420.842	0	189
dpca1g002460.842	0	190
dpca1g002470.842	0	191
dpca1g002480.842	0	192
dpca1g002490.842	0	193
dpca1g002510.842	0	194
dpca1g002520.842	0	195
dpca1g002530.842	0	196
dpca1g002540.842	0	197
dpca1g002550.842	0	198
dpca1g002560.842	0	199
dpca1g002590.842	0	200
dpca1g002600.842	0	201
dpca1g002610.842	0	202
dpca1g002630.842	0	203
dpca1g002650.842	0	204
dpca1g002690.842	0	205
dpca1g002700.842	0	206
dpca1g002720.842	0	207
dpca1g002730.842	0	208
dpca1g002740.842	0	209
dpca1g002750.842	0	210
dpca1g002770.842	0	211
dpca1g002800.842	0	212
dpca1g002810.842	0	213
dpca1g002820.842	0	214
dpca1g002840.842	0	215
dpca1g002850.842	0	216
dpca1g002860.842	0	217
dpca1g002870.842	0	218
dpca1g002880.842	0	219
dpca1g002890.842	0	220
dpca1g002910.842	0	221
dpca1g002920.842	0	222
dpca1g002930.842	0	223
dpca1g002940.842	0	224
dpca1g002950.842	0	225
dpca1g002970.842	0	226
dpca1g002980.842	0	227
dpca1g003000.842	0	228
dpca1g003040.842	0	229
dpca1g003050.842	0	230
dpca1g003070.842	0	231
dpca1g003080.842	0	232
dpca1g003090.842	0	233
dpca1g003100.842	0	234
dpca1g003110.842	0	235
dpca1g003120.842	0	236
dpca1g003130.842	0	237
dpca1g003140.842	0	238
dpca1g003150.842	0	239
dpca1g003160.842	0	240
dpca1g003170.842	0	241
dpca1g003180.842	0	242
dpca1g003240.842	0	243
dpca1g003250.842	0	244
dpca1g003270.842	0	245
dpca1g003280.842	0	246
dpca1g003300.842	0	247
dpca1g003310.842	0	248
dpca1g003320.842	0	249
dpca1g003340.842	0	250
dpca1g003360.842	0	251
dpca1g003370.842	0	252
dpca1g003380.842	0	253
dpca1g003390.842	0	254
dpca1g003400.842	0	255
dpca1g003440.842	0	256
dpca1g003450.842	0	257
dpca1g003460.842	0	258
dpca1g003470.842	0	259
dpca1g003480.842	0	260
dpca1g003500.842	0	261
dpca1g003510.842	0	262
dpca1g003520.842	0	263
dpca1g003530.842	0	264
dpca1g003540.842	0	265
dpca1g003550.842	0	266
dpca1g003560.842	0	267
dpca1g003590.842	0	268
dpca1g003600.842	0	269
dpca1g003620.842	0	270
dpca1g003630.842	0	271
dpca1g003640.842	0	272
dpca1g003650.842	0	273
dpca1g003660.842	0	274
dpca1g003670.842	0	275
dpca1g003680.842	0	276
dpca1g003690.842	0	277
dpca1g003700.842	0	278
dpca1g003710.842	0	279
dpca1g003720.842	0	280
dpca1g003730.842	0	281
dpca1g003740.842	0	282
dpca1g003750.842	0	283
dpca1g003770.842	0	284
dpca1g003780.842	0	285
dpca1g003790.842	0	286
dpca1g003800.842	0	287
dpca1g003810.842	0	288
dpca1g003840.842	0	289
dpca1g003860.842	0	290
dpca1g003870.842	0	291
dpca1g003880.842	0	292
dpca1g003890.842	0	293
dpca1g003900.842	0	294
dpca1g003910.842	0	295
dpca1g003920.842	0	296
dpca1g003930.842	0	297
dpca1g003940.842	0	298
dpca1g003950.842	0	299
dpca1g003960.842	0	300
dpca1g003970.842	0	301
dpca1g003980.842	0	302
dpca1g004000.842	0	303
dpca1g004010.842	0	304
dpca1g004030.842	0	305
dpca1g004050.842	0	306
dpca1g004060.842	0	307
dpca1g004070.842	0	308
dpca1g004080.842	0	309
dpca1g004090.842	0	310
dpca1g004100.842	0	311
dpca1g004110.842	0	312
dpca1g004120.842	0	313
dpca1g004130.842	0	314
dpca1g004160.842	0	315
dpca1g004170.842	0	316
dpca1g004190.842	0	317
dpca1g004200.842	0	318
dpca1g004210.842	0	319
dpca1g004220.842	0	320
dpca1g004230.842	0	321
dpca1g004240.842	0	322
dpca1g004260.842	0	323
dpca1g004280.842	0	324
dpca1g004300.842	0	325
dpca1g004310.842	0	326
dpca1g004330.842	0	327
dpca1g004350.842	0	328
dpca1g004360.842	0	329
dpca1g004380.842	0	330
dpca1g004400.842	0	331
dpca1g004410.842	0	332
dpca1g004420.842	0	333
dpca1g004430.842	0	334
dpca1g004440.842	0	335
dpca1g004450.842	0	336
dpca1g004460.842	0	337
dpca1g004470.842	0	338
dpca1g004480.842	0	339
dpca1g004490.842	0	340
dpca1g004500.842	0	341
dpca1g004550.842	0	342
dpca1g004560.842	0	343
dpca1g004570.842	0	344
dpca1g004590.842	0	345
dpca1g004610.842	0	346
dpca1g004620.842	0	347
dpca1g004630.842	0	348
dpca1g004640.842	0	349
dpca1g004650.842	0	350
dpca1g004670.842	0	351
dpca1g004680.842	0	352
dpca1g004700.842	0	353
dpca1g004710.842	0	354
dpca1g004720.842	0	355
dpca1g004730.842	0	356
dpca1g004740.842	0	357
dpca1g004750.842	0	358
dpca1g004760.842	0	359
dpca1g004770.842	0	360
dpca1g004790.842	0	361
dpca1g004800.842	0	362
dpca1g004810.842	0	363
dpca1g004820.842	0	364
dpca1g004860.842	0	365
dpca1g004880.842	0	366
dpca1g004890.842	0	367
dpca1g004900.842	0	368
dpca1g004920.842	0	369
dpca1g004930.842	0	370
dpca1g004940.842	0	371
dpca1g004950.842	0	372
dpca1g004960.842	0	373
dpca1g004970.842	0	374
dpca1g005000.842	0	375
dpca1g005030.842	0	376
dpca1g005060.842	0	377
dpca1g005070.842	0	378
dpca1g005080.842	0	379
dpca1g005090.842	0	380
dpca1g005100.842	0	381
dpca1g005110.842	0	382
dpca1g005140.842	0	383
dpca1g005150.842	0	384
dpca1g005170.842	0	385
dpca1g005180.842	0	386
dpca1g005190.842	0	387
dpca1g005210.842	0	388
dpca1g005230.842	0	389
dpca1g005240.842	0	390
dpca1g005250.842	0	391
dpca1g005260.842	0	392
dpca1g005270.842	0	393
dpca1g005280.842	0	394
dpca1g005290.842	0	395
dpca1g005300.842	0	396
dpca1g005310.842	0	397
dpca1g005320.842	0	398
dpca1g005330.842	0	399
dpca1g005340.842	0	400
dpca1g005380.842	0	401
dpca1g005410.842	0	402
dpca1g005420.842	0	403
dpca1g005430.842	0	404
dpca1g005440.842	0	405
dpca1g005450.842	0	406
dpca1g005470.842	0	407
dpca1g005480.842	0	408
dpca1g005490.842	0	409
dpca1g005500.842	0	410
dpca1g005510.842	0	411
dpca1g005520.842	0	412
dpca1g005530.842	0	413
dpca1g005550.842	0	414
dpca1g005580.842	0	415
dpca1g005590.842	0	416
dpca1g005600.842	0	417
dpca1g005610.842	0	418
dpca1g005620.842	0	419
dpca1g005630.842	0	420
dpca1g005650.842	0	421
dpca1g005660.842	0	422
dpca1g005670.842	0	423
dpca1g005680.842	0	424
dpca1g005690.842	0	425
dpca1g005700.842	0	426
dpca1g005710.842	0	427
dpca1g005720.842	0	428
dpca1g005730.842	0	429
dpca1g005740.842	0	430
dpca1g005750.842	0	431
dpca1g005780.842	0	432
dpca1g005790.842	0	433
dpca1g005800.842	0	434
dpca1g005810.842	0	435
dpca1g005820.842	0	436
dpca1g005830.842	0	437
dpca1g005840.842	0	438
dpca1g005850.842	0	439
dpca1g005860.842	0	440
dpca1g005870.842	0	441
dpca1g005880.842	0	442
dpca1g005890.842	0	443
dpca1g005900.842	0	444
dpca1g005910.842	0	445
dpca1g005920.842	0	446
dpca1g005930.842	0	447
dpca1g005950.842	0	448
dpca1g005960.842	0	449
dpca1g005970.842	0	450
dpca1g005980.842	0	451
dpca1g005990.842	0	452
dpca1g006000.842	0	453
dpca1g006010.842	0	454
dpca1g006020.842	0	455
dpca1g006030.842	0	456
dpca1g006040.842	0	457
dpca1g006050.842	0	458
dpca1g006060.842	0	459
dpca1g006070.842	0	460
dpca1g006080.842	0	461
dpca1g006090.842	0	462
dpca1g006100.842	0	463
dpca1g006110.842	0	464
dpca1g006130.842	0	465
dpca1g006140.842	0	466
dpca1g006150.842	0	467
dpca1g006160.842	0	468
dpca1g006170.842	0	469
dpca1g006180.842	0	470
dpca1g006190.842	0	471
dpca1g006200.842	0	472
dpca1g006210.842	0	473
dpca1g006220.842	0	474
dpca1g006230.842	0	475
dpca1g006240.842	0	476
dpca1g006250.842	0	477
dpca1g006300.842	0	478
dpca1g006320.842	0	479
dpca1g006330.842	0	480
dpca1g006340.842	0	481
dpca1g006360.842	0	482
dpca1g006370.842	0	483
dpca1g006380.842	0	484
dpca1g006390.842	0	485
dpca1g006400.842	0	486
dpca1g006410.842	0	487
dpca1g006420.842	0	488
dpca1g006430.842	0	489
dpca1g006460.842	0	490
dpca1g006470.842	0	491
dpca1g006480.842	0	492
dpca1g006490.842	0	493
dpca1g006500.842	0	494
dpca1g006510.842	0	495
dpca1g006530.842	0	496
dpca1g006540.842	0	497
dpca1g006550.842	0	498
dpca1g006560.842	0	499
dpca1g006600.842	0	500
dpca1g006610.842	0	501
dpca1g006620.842	0	502
dpca1g006630.842	0	503
dpca1g006640.842	0	504
dpca1g006650.842	0	505
dpca1g006660.842	0	506
dpca1g006670.842	0	507
dpca1g006680.842	0	508
dpca1g006690.842	0	509
dpca1g006700.842	0	510
dpca1g006710.842	0	511
dpca1g006720.842	0	512
dpca1g006730.842	0	513
dpca1g006750.842	0	514
dpca1g006790.842	0	515
dpca1g006810.842	0	516
dpca1g006820.842	0	517
dpca1g006830.842	0	518
dpca1g006840.842	0	519
dpca1g006850.842	0	520
dpca1g006860.842	0	521
dpca1g006870.842	0	522
dpca1g006880.842	0	523
dpca1g006890.842	0	524
dpca1g006900.842	0	525
dpca1g006910.842	0	526
dpca1g006920.842	0	527
dpca1g007030.842	0	528
dpca1g007070.842	0	529
dpca1g007080.842	0	530
dpca1g007090.842	0	531
dpca1g007100.842	0	532
dpca1g007110.842	0	533
dpca1g007120.842	0	534
dpca1g007140.842	0	535
dpca1g007160.842	0	536
dpca1g007170.842	0	537
dpca1g007180.842	0	538
dpca1g007190.842	0	539
dpca1g007210.842	0	540
dpca1g007260.842	0	541
dpca1g007270.842	0	542
dpca1g007280.842	0	543
dpca1g007290.842	0	544
dpca1g007330.842	0	545
dpca1g007340.842	0	546
dpca1g007350.842	0	547
dpca1g007380.842	0	548
dpca1g007390.842	0	549
dpca1g007410.842	0	550
dpca1g007420.842	0	551
dpca1g007430.842	0	552
dpca1g007450.842	0	553
dpca1g007460.842	0	554
dpca1g007470.842	0	555
dpca1g007480.842	0	556
dpca1g007490.842	0	557
dpca1g007500.842	0	558
dpca1g007510.842	0	559
dpca1g007520.842	0	560
dpca1g007530.842	0	561
dpca1g007540.842	0	562
dpca1g007550.842	0	563
dpca1g007560.842	0	564
dpca1g007570.842	0	565
dpca1g007590.842	0	566
dpca1g007600.842	0	567
dpca1g007610.842	0	568
dpca1g007630.842	0	569
dpca1g007670.842	0	570
dpca1g007690.842	0	571
dpca1g007700.842	0	572
dpca1g007720.842	0	573
dpca1g007730.842	0	574
dpca1g007750.842	0	575
dpca1g007780.842	0	576
dpca1g007800.842	0	577
dpca1g007810.842	0	578
dpca1g007830.842	0	579
dpca1g007850.842	0	580
dpca1g007890.842	0	581
dpca1g007900.842	0	582
dpca1g007920.842	0	583
dpca1g007930.842	0	584
dpca1g007950.842	0	585
dpca1g007960.842	0	586
dpca1g007970.842	0	587
dpca1g007990.842	0	588
dpca1g008000.842	0	589
dpca1g008030.842	0	590
dpca1g008040.842	0	591
dpca1g008060.842	0	592
dpca1g008080.842	0	593
dpca1g008090.842	0	594
dpca1g008100.842	0	595
dpca1g008110.842	0	596
dpca1g008120.842	0	597
dpca1g008160.842	0	598
dpca1g008170.842	0	599
dpca1g008180.842	0	600
dpca1g008200.842	0	601
dpca1g008210.842	0	602
dpca1g008220.842	0	603
dpca1g008240.842	0	604
dpca1g008250.842	0	605
dpca1g008270.842	0	606
dpca1g008280.842	0	607
dpca1g008300.842	0	608
dpca1g008310.842	0	609
dpca1g008320.842	0	610
dpca1g008330.842	0	611
dpca1g008350.842	0	612
dpca1g008370.842	0	613
dpca1g008380.842	0	614
dpca1g008410.842	0	615
dpca1g008440.842	0	616
dpca1g008450.842	0	617
dpca1g008460.842	0	618
dpca1g008480.842	0	619
dpca1g008490.842	0	620
dpca1g008510.842	0	621
dpca1g008520.842	0	622
dpca1g008530.842	0	623
dpca1g008540.842	0	624
dpca1g008550.842	0	625
dpca1g008560.842	0	626
dpca1g008580.842	0	627
dpca1g008590.842	0	628
dpca1g008610.842	0	629
dpca1g008620.842	0	630
dpca1g008630.842	0	631
dpca1g008640.842	0	632
dpca1g008650.842	0	633
dpca1g008660.842	0	634
dpca1g008670.842	0	635
dpca1g008680.842	0	636
dpca1g008700.842	0	637
dpca1g008710.842	0	638
dpca1g008720.842	0	639
dpca1g008730.842	0	640
dpca1g008740.842	0	641
dpca1g008750.842	0	642
dpca1g008760.842	0	643
dpca1g008770.842	0	644
dpca1g008840.842	0	645
dpca1g008850.842	0	646
dpca1g008860.842	0	647
dpca1g008870.842	0	648
dpca1g008910.842	0	649
dpca1g008930.842	0	650
dpca1g008940.842	0	651
dpca1g008950.842	0	652
dpca1g008960.842	0	653
dpca1g008970.842	0	654
dpca1g008980.842	0	655
dpca1g008990.842	0	656
dpca1g009020.842	0	657
dpca1g009030.842	0	658
dpca1g009050.842	0	659
dpca1g009070.842	0	660
dpca1g009080.842	0	661
dpca1g009090.842	0	662
dpca1g009100.842	0	663
dpca1g009120.842	0	664
dpca1g009170.842	0	665
dpca1g009200.842	0	666
dpca1g009210.842	0	667
dpca1g009220.842	0	668
dpca1g009230.842	0	669
dpca1g009260.842	0	670
dpca1g009270.842	0	671
dpca1g009280.842	0	672
dpca1g009290.842	0	673
dpca1g009300.842	0	674
dpca1g009310.842	0	675
dpca1g009320.842	0	676
dpca1g009330.842	0	677
dpca1g009340.842	0	678
dpca1g009360.842	0	679
dpca1g009370.842	0	680
dpca1g009390.842	0	681
dpca1g009420.842	0	682
dpca1g009430.842	0	683
dpca1g009440.842	0	684
dpca1g009460.842	0	685
dpca1g009470.842	0	686
dpca1g009510.842	0	687
dpca1g009540.842	0	688
dpca1g009550.842	0	689
dpca1g009570.842	0	690
dpca1g009590.842	0	691
dpca1g009600.842	0	692
dpca1g009610.842	0	693
dpca1g009620.842	0	694
dpca1g009690.842	0	695
dpca1g009700.842	0	696
dpca1g009720.842	0	697
dpca1g009740.842	0	698
dpca1g009750.842	0	699
dpca1g009770.842	0	700
dpca1g009830.842	0	701
dpca1g009850.842	0	702
dpca1g009860.842	0	703
dpca1g009880.842	0	704
dpca1g009940.842	0	705
dpca1g009950.842	0	706
dpca1g009970.842	0	707
dpca1g010000.842	0	708
dpca1g010010.842	0	709
dpca1g010020.842	0	710
dpca1g010040.842	0	711
dpca1g010050.842	0	712
dpca1g010060.842	0	713
dpca1g010080.842	0	714
dpca1g010090.842	0	715
dpca1g010100.842	0	716
dpca1g010110.842	0	717
dpca1g010130.842	0	718
dpca1g010140.842	0	719
dpca1g010150.842	0	720
dpca1g010170.842	0	721
dpca1g010180.842	0	722
dpca1g010190.842	0	723
dpca1g010210.842	0	724
dpca1g010220.842	0	725
dpca1g010230.842	0	726
dpca1g010240.842	0	727
dpca1g010250.842	0	728
dpca1g010260.842	0	729
dpca1g010280.842	0	730
dpca1g010320.842	0	731
dpca1g010330.842	0	732
dpca1g010370.842	0	733
dpca1g010380.842	0	734
dpca1g010390.842	0	735
dpca1g010410.842	0	736
dpca1g010420.842	0	737
dpca1g010460.842	0	738
dpca1g010470.842	0	739
dpca1g010480.842	0	740
dpca1g010490.842	0	741
dpca1g010510.842	0	742
dpca1g010520.842	0	743
dpca1g010540.842	0	744
dpca1g010550.842	0	745
dpca1g010560.842	0	746
dpca1g010570.842	0	747
dpca1g010580.842	0	748
dpca1g010590.842	0	749
dpca1g010600.842	0	750
dpca1g010610.842	0	751
dpca1g010620.842	0	752
dpca1g010630.842	0	753
dpca1g010640.842	0	754
dpca1g010660.842	0	755
dpca1g010670.842	0	756
dpca1g010680.842	0	757
dpca1g010690.842	0	758
dpca1g010700.842	0	759
dpca1g010710.842	0	760
dpca1g010720.842	0	761
dpca1g010740.842	0	762
dpca1g010780.842	0	763
dpca1g010800.842	0	764
dpca1g010810.842	0	765
dpca1g010820.842	0	766
dpca1g010840.842	0	767
dpca1g010860.842	0	768
dpca1g010870.842	0	769
dpca1g010890.842	0	770
dpca1g010900.842	0	771
dpca1g010910.842	0	772
dpca1g010930.842	0	773
dpca1g010940.842	0	774
dpca1g010970.842	0	775
dpca1g010980.842	0	776
dpca1g010990.842	0	777
dpca1g011000.842	0	778
dpca1g011010.842	0	779
dpca1g011020.842	0	780
dpca1g011050.842	0	781
dpca1g011060.842	0	782
dpca1g011070.842	0	783
dpca1g011090.842	0	784
dpca1g011100.842	0	785
dpca1g011110.842	0	786
dpca1g011120.842	0	787
dpca1g011130.842	0	788
dpca1g011140.842	0	789
dpca1g011160.842	0	790
dpca1g011170.842	0	791
dpca1g011180.842	0	792
dpca1g011190.842	0	793
dpca1g011200.842	0	794
dpca1g011210.842	0	795
dpca1g011220.842	0	796
dpca1g011230.842	0	797
dpca1g011240.842	0	798
dpca1g011250.842	0	799
dpca1g011260.842	0	800
dpca1g011290.842	0	801
dpca1g011300.842	0	802
dpca1g011310.842	0	803
dpca1g011320.842	0	804
dpca1g011330.842	0	805
dpca1g011350.842	0	806
dpca1g011360.842	0	807
dpca1g011370.842	0	808
dpca1g011380.842	0	809
dpca1g011400.842	0	810
dpca1g011410.842	0	811
dpca1g011450.842	0	812
dpca1g011470.842	0	813
dpca1g011500.842	0	814
dpca1g011510.842	0	815
dpca1g011550.842	0	816
dpca1g011560.842	0	817
dpca1g011580.842	0	818
dpca1g011590.842	0	819
dpca1g011610.842	0	820
dpca1g011620.842	0	821
dpca1g011640.842	0	822
dpca1g011670.842	0	823
dpca1g011680.842	0	824
dpca1g011690.842	0	825
dpca1g011700.842	0	826
dpca1g011710.842	0	827
dpca1g011730.842	0	828
dpca1g011740.842	0	829
dpca1g011760.842	0	830
dpca1g011770.842	0	831
dpca1g011780.842	0	832
dpca1g011800.842	0	833
dpca1g011810.842	0	834
dpca1g011820.842	0	835
dpca1g011840.842	0	836
dpca1g011850.842	0	837
dpca1g011860.842	0	838
dpca1g011880.842	0	839
dpca1g011890.842	0	840
dpca1g011900.842	0	841
dpca1g011920.842	0	842
dpca1g011940.842	0	843
dpca1g011960.842	0	844
dpca1g011970.842	0	845
dpca1g011980.842	0	846
dpca1g011990.842	0	847
dpca1g012000.842	0	848
dpca1g012010.842	0	849
dpca1g012030.842	0	850
dpca1g012040.842	0	851
dpca1g012060.842	0	852
dpca1g012070.842	0	853
dpca1g012080.842	0	854
dpca1g012100.842	0	855
dpca1g012110.842	0	856
dpca1g012120.842	0	857
dpca1g012130.842	0	858
dpca1g012140.842	0	859
dpca1g012170.842	0	860
dpca1g012180.842	0	861
dpca1g012190.842	0	862
dpca1g012220.842	0	863
dpca1g012240.842	0	864
dpca1g012250.842	0	865
dpca1g012260.842	0	866
dpca1g012280.842	0	867
dpca1g012290.842	0	868
dpca1g012310.842	0	869
dpca1g012320.842	0	870
dpca1g012340.842	0	871
dpca1g012350.842	0	872
dpca1g012360.842	0	873
dpca1g012370.842	0	874
dpca1g012380.842	0	875
dpca1g012400.842	0	876
dpca1g012410.842	0	877
dpca1g012430.842	0	878
dpca1g012450.842	0	879
dpca1g012470.842	0	880
dpca1g012480.842	0	881
dpca1g012490.842	0	882
dpca1g012500.842	0	883
dpca1g012510.842	0	884
dpca1g012520.842	0	885
dpca1g012530.842	0	886
dpca1g012540.842	0	887
dpca1g012560.842	0	888
dpca1g012590.842	0	889
dpca1g012600.842	0	890
dpca1g012610.842	0	891
dpca1g012620.842	0	892
dpca1g012640.842	0	893
dpca1g012660.842	0	894
dpca1g012670.842	0	895
dpca1g012690.842	0	896
dpca1g012710.842	0	897
dpca1g012720.842	0	898
dpca1g012750.842	0	899
dpca1g012760.842	0	900
dpca1g012770.842	0	901
dpca1g012790.842	0	902
dpca1g012800.842	0	903
dpca1g012810.842	0	904
dpca1g012820.842	0	905
dpca1g012850.842	0	906
dpca1g012870.842	0	907
dpca1g012880.842	0	908
dpca1g012890.842	0	909
dpca1g012900.842	0	910
dpca1g012910.842	0	911
dpca1g012960.842	0	912
dpca1g012970.842	0	913
dpca1g012980.842	0	914
dpca1g012990.842	0	915
dpca1g013000.842	0	916
dpca1g013010.842	0	917
dpca1g013020.842	0	918
dpca1g013030.842	0	919
dpca1g013040.842	0	920
dpca1g013050.842	0	921
dpca1g013070.842	0	922
dpca1g013080.842	0	923
dpca1g013090.842	0	924
dpca1g013100.842	0	925
dpca1g013110.842	0	926
dpca1g013120.842	0	927
dpca1g013140.842	0	928
dpca1g013150.842	0	929
dpca1g013160.842	0	930
dpca1g013210.842	0	931
dpca1g013220.842	0	932
dpca1g013230.842	0	933
dpca1g013240.842	0	934
dpca1g013250.842	0	935
dpca1g013260.842	0	936
dpca1g013280.842	0	937
dpca1g013290.842	0	938
dpca1g013350.842	0	939
dpca1g013370.842	0	940
dpca1g013380.842	0	941
dpca1g013390.842	0	942
dpca1g013400.842	0	943
dpca1g013410.842	0	944
dpca1g013420.842	0	945
dpca1g013430.842	0	946
dpca1g013440.842	0	947
dpca1g013450.842	0	948
dpca1g013460.842	0	949
dpca1g013470.842	0	950
dpca1g013480.842	0	951
dpca1g013510.842	0	952
dpca1g013530.842	0	953
dpca1g013550.842	0	954
dpca1g013560.842	0	955
dpca1g013570.842	0	956
dpca1g013590.842	0	957
dpca1g013610.842	0	958
dpca1g013620.842	0	959
dpca1g013630.842	0	960
dpca1g013640.842	0	961
dpca1g013650.842	0	962
dpca1g013660.842	0	963
dpca1g013670.842	0	964
dpca1g013680.842	0	965
dpca1g013700.842	0	966
dpca1g013720.842	0	967
dpca1g013730.842	0	968
dpca1g013740.842	0	969
dpca1g013760.842	0	970
dpca1g013770.842	0	971
dpca1g013780.842	0	972
dpca1g013790.842	0	973
dpca1g013810.842	0	974
dpca1g013830.842	0	975
dpca1g013840.842	0	976
dpca1g013860.842	0	977
dpca1g013870.842	0	978
dpca1g013880.842	0	979
dpca1g013890.842	0	980
dpca1g013900.842	0	981
dpca1g013920.842	0	982
dpca1g013930.842	0	983
dpca1g013940.842	0	984
dpca1g013950.842	0	985
dpca1g013960.842	0	986
dpca1g013970.842	0	987
dpca1g013980.842	0	988
dpca1g014000.842	0	989
dpca1g014020.842	0	990
dpca1g014030.842	0	991
dpca1g014040.842	0	992
dpca1g014050.842	0	993
dpca1g014060.842	0	994
dpca1g014080.842	0	995
dpca1g014090.842	0	996
dpca1g014110.842	0	997
dpca1g014130.842	0	998
dpca1g014140.842	0	999
dpca1g014150.842	0	1000
dpca1g014170.842	0	1001
dpca1g014190.842	0	1002
dpca1g014200.842	0	1003
dpca1g014220.842	0	1004
dpca1g014240.842	0	1005
dpca1g014250.842	0	1006
dpca1g014270.842	0	1007
dpca1g014280.842	0	1008
dpca1g014290.842	0	1009
dpca1g014300.842	0	1010
dpca1g014310.842	0	1011
dpca1g014320.842	0	1012
dpca1g014370.842	0	1013
dpca1g014380.842	0	1014
dpca1g014410.842	0	1015
dpca1g014420.842	0	1016
dpca1g014430.842	0	1017
dpca1g014440.842	0	1018
dpca1g014450.842	0	1019
dpca1g014460.842	0	1020
dpca1g014470.842	0	1021
dpca1g014490.842	0	1022
dpca1g014500.842	0	1023
dpca1g014510.842	1	0
dpca1g014530.842	1	1
dpca1g014550.842	1	2
dpca1g014560.842	1	3
dpca1g014610.842	1	4
dpca1g014660.842	1	5
dpca1g014680.842	1	6
dpca1g014700.842	1	7
dpca1g014710.842	1	8
dpca1g014720.842	1	9
dpca1g014770.842	1	10
dpca1g014780.842	1	11
dpca1g014790.842	1	12
dpca1g014800.842	1	13
dpca1g014810.842	1	14
dpca1g014840.842	1	15
dpca1g014850.842	1	16
dpca1g014870.842	1	17
dpca1g014890.842	1	18
dpca1g014920.842	1	19
dpca1g014930.842	1	20
dpca1g014940.842	1	21
dpca1g014950.842	1	22
dpca1g014960.842	1	23
dpca1g014970.842	1	24
dpca1g014980.842	1	25
dpca1g015000.842	1	26
dpca1g015070.842	1	27
dpca1g015080.842	1	28
dpca1g015100.842	1	29
dpca1g015120.842	1	30
dpca1g015130.842	1	31
dpca1g015140.842	1	32
dpca1g015150.842	1	33
dpca1g015180.842	1	34
dpca1g015210.842	1	35
dpca1g015220.842	1	36
dpca1g015230.842	1	37
dpca1g015240.842	1	38
dpca1g015260.842	1	39
dpca1g015270.842	1	40
dpca1g015280.842	1	41
dpca1g015320.842	1	42
dpca1g015350.842	1	43
dpca1g015360.842	1	44
dpca1g015370.842	1	45
dpca1g015380.842	1	46
dpca1g015400.842	1	47
dpca1g015410.842	1	48
dpca1g015420.842	1	49
dpca1g015430.842	1	50
dpca1g015450.842	1	51
dpca1g015460.842	1	52
dpca1g015510.842	1	53
dpca1g015520.842	1	54
dpca1g015540.842	1	55
dpca1g015550.842	1	56
dpca1g015560.842	1	57
dpca1g015570.842	1	58
dpca1g015590.842	1	59
dpca1g015600.842	1	60
dpca1g015610.842	1	61
dpca1g015620.842	1	62
dpca1g015630.842	1	63
dpca1g015640.842	1	64
dpca1g015650.842	1	65
dpca1g015660.842	1	66
dpca1g015670.842	1	67
dpca1g015680.842	1	68
dpca1g015690.842	1	69
dpca1g015700.842	1	70
dpca1g015720.842	1	71
dpca1g015740.842	1	72
dpca1g015750.842	1	73
dpca1g015760.842	1	74
dpca1g015800.842	1	75
dpca1g015810.842	1	76
dpca1g015820.842	1	77
dpca1g015840.842	1	78
dpca1g015850.842	1	79
dpca1g015860.842	1	80
dpca1g015880.842	1	81
dpca1g015920.842	1	82
dpca1g015930.842	1	83
dpca1g015940.842	1	84
dpca1g015950.842	1	85
dpca1g015960.842	1	86
dpca1g015970.842	1	87
dpca1g015980.842	1	88
dpca1g015990.842	1	89
dpca1g016000.842	1	90
dpca1g016010.842	1	91
dpca1g016020.842	1	92
dpca1g016030.842	1	93
dpca1g016040.842	1	94
dpca1g016050.842	1	95
dpca1g016070.842	1	96
dpca1g016080.842	1	97
dpca1g016100.842	1	98
dpca1g016110.842	1	99
dpca1g016140.842	1	100
dpca1g016150.842	1	101
dpca1g016160.842	1	102
dpca1g016170.842	1	103
dpca1g016180.842	1	104
dpca1g016190.842	1	105
dpca1g016200.842	1	106
dpca1g016210.842	1	107
dpca1g016230.842	1	108
dpca1g016270.842	1	109
dpca1g016300.842	1	110
dpca1g016310.842	1	111
dpca1g016320.842	1	112
dpca1g016330.842	1	113
dpca1g016340.842	1	114
dpca1g016360.842	1	115
dpca1g016370.842	1	116
dpca1g016410.842	1	117
dpca1g016430.842	1	118
dpca1g016440.842	1	119
dpca1g016450.842	1	120
dpca1g016470.842	1	121
dpca1g016490.842	1	122
dpca1g016510.842	1	123
dpca1g016520.842	1	124
dpca1g016530.842	1	125
dpca1g016540.842	1	126
dpca1g016570.842	1	127
dpca1g016620.842	1	128
dpca1g016670.842	1	129
dpca1g016710.842	1	130
dpca1g016720.842	1	131
dpca1g016730.842	1	132
dpca1g016740.842	1	133
dpca1g016750.842	1	134
dpca1g016760.842	1	135
dpca1g016770.842	1	136
dpca1g016780.842	1	137
dpca1g016800.842	1	138
dpca1g016820.842	1	139
dpca1g016830.842	1	140
dpca1g016850.842	1	141
dpca1g016860.842	1	142
dpca1g016870.842	1	143
dpca1g016880.842	1	144
dpca1g016890.842	1	145
dpca1g016910.842	1	146
dpca1g016920.842	1	147
dpca1g016930.842	1	148
dpca1g016940.842	1	149
dpca1g016960.842	1	150
dpca1g017010.842	1	151
dpca1g017020.842	1	152
dpca1g017040.842	1	153
dpca1g017050.842	1	154
dpca1g017060.842	1	155
dpca1g017100.842	1	156
dpca1g017110.842	1	157
dpca1g017120.842	1	158
dpca1g017130.842	1	159
dpca1g017140.842	1	160
dpca1g017160.842	1	161
dpca1g017180.842	1	162
dpca1g017190.842	1	163
dpca1g017210.842	1	164
dpca1g017220.842	1	165
dpca1g017230.842	1	166
dpca1g017250.842	1	167
dpca1g017260.842	1	168
dpca1g017280.842	1	169
dpca1g017290.842	1	170
dpca1g017320.842	1	171
dpca1g017340.842	1	172
dpca1g017350.842	1	173
dpca1g017360.842	1	174
dpca1g017370.842	1	175
dpca1g017380.842	1	176
dpca1g017390.842	1	177
dpca1g017400.842	1	178
dpca1g017410.842	1	179
dpca1g017420.842	1	180
dpca1g017430.842	1	181
dpca1g017440.842	1	182
dpca1g017450.842	1	183
dpca1g017460.842	1	184
dpca1g017470.842	1	185
dpca1g017480.842	1	186
dpca1g017490.842	1	187
dpca1g017500.842	1	188
dpca1g017510.842	1	189
dpca1g017530.842	1	190
dpca1g017550.842	1	191
dpca1g017560.842	1	192
dpca1g017570.842	1	193
dpca1g017580.842	1	194
dpca1g017590.842	1	195
dpca1g017600.842	1	196
dpca1g017630.842	1	197
dpca1g017650.842	1	198
dpca1g017660.842	1	199
dpca1g017670.842	1	200
dpca1g017680.842	1	201
dpca1g017690.842	1	202
dpca1g017700.842	1	203
dpca1g017710.842	1	204
dpca1g017730.842	1	205
dpca1g017740.842	1	206
dpca1g017750.842	1	207
dpca1g017780.842	1	208
dpca1g017790.842	1	209
dpca1g017800.842	1	210
dpca1g017810.842	1	211
dpca1g017820.842	1	212
dpca1g017830.842	1	213
dpca1g017850.842	1	214
dpca1g017860.842	1	215
dpca1g017870.842	1	216
dpca1g017910.842	1	217
dpca1g017920.842	1	218
dpca1g017930.842	1	219
dpca1g017940.842	1	220
dpca1g017950.842	1	221
dpca1g017970.842	1	222
dpca1g017990.842	1	223
dpca1g018000.842	1	224
dpca1g018010.842	1	225
dpca1g018020.842	1	226
dpca1g018050.842	1	227
dpca1g018070.842	1	228
dpca1g018090.842	1	229
dpca1g018120.842	1	230
dpca1g018140.842	1	231
dpca1g018190.842	1	232
dpca1g018210.842	1	233
dpca1g018240.842	1	234
dpca1g018260.842	1	235
dpca1g018280.842	1	236
dpca1g018310.842	1	237
dpca1g018330.842	1	238
dpca1g018380.842	1	239
dpca1g018410.842	1	240
dpca1g018420.842	1	241
dpca1g018460.842	1	242
dpca1g018470.842	1	243
dpca1g018480.842	1	244
dpca1g018490.842	1	245
dpca1g018510.842	1	246
dpca1g018550.842	1	247
dpca1g018580.842	1	248
dpca1g018600.842	1	249
dpca1g018610.842	1	250
dpca1g018620.842	1	251
dpca1g018630.842	1	252
dpca1g018640.842	1	253
dpca1g018650.842	1	254
dpca1g018660.842	1	255
dpca1g018670.842	1	256
dpca1g018680.842	1	257
dpca1g018690.842	1	258
dpca1g018700.842	1	259
dpca1g018710.842	1	260
dpca1g018720.842	1	261
dpca1g018740.842	1	262
dpca1g018750.842	1	263
dpca1g018760.842	1	264
dpca1g018770.842	1	265
dpca1g018780.842	1	266
dpca1g018790.842	1	267
dpca1g018800.842	1	268
dpca1g018820.842	1	269
dpca1g018830.842	1	270
dpca1g018840.842	1	271
dpca1g018850.842	1	272
dpca1g018870.842	1	273
dpca1g018880.842	1	274
dpca1g018890.842	1	275
dpca1g018900.842	1	276
dpca1g018910.842	1	277
dpca1g018920.842	1	278
dpca1g018930.842	1	279
dpca1g018940.842	1	280
dpca1g018950.842	1	281
dpca1g018960.842	1	282
dpca1g018990.842	1	283
dpca1g019000.842	1	284
dpca1g019010.842	1	285
dpca1g019040.842	1	286
dpca1g019070.842	1	287
dpca1g019080.842	1	288
dpca1g019090.842	1	289
dpca1g019100.842	1	290
dpca1g019120.842	1	291
dpca1g019160.842	1	292
dpca1g019170.842	1	293
dpca1g019190.842	1	294
dpca1g019200.842	1	295
dpca1g019210.842	1	296
dpca1g019220.842	1	297
dpca1g019240.842	1	298
dpca1g019250.842	1	299
dpca1g019260.842	1	300
dpca1g019270.842	1	301
dpca1g019280.842	1	302
dpca1g019290.842	1	303
dpca1g019310.842	1	304
dpca1g019320.842	1	305
dpca1g019330.842	1	306
dpca1g019340.842	1	307
dpca1g019350.842	1	308
dpca1g019360.842	1	309
dpca1g019380.842	1	310
dpca1g019390.842	1	311
dpca1g019400.842	1	312
dpca1g019410.842	1	313
dpca1g019440.842	1	314
dpca1g019450.842	1	315
dpca1g019470.842	1	316
dpca1g019480.842	1	317
dpca1g019490.842	1	318
dpca1g019510.842	1	319
dpca1g019520.842	1	320
dpca1g019530.842	1	321
dpca1g019550.842	1	322
dpca1g019570.842	1	323
dpca1g019600.842	1	324
dpca1g019610.842	1	325
dpca1g019650.842	1	326
dpca1g019660.842	1	327
dpca1g019670.842	1	328
dpca1g019690.842	1	329
dpca1g019720.842	1	330
dpca1g019730.842	1	331
dpca1g019740.842	1	332
dpca1g019750.842	1	333
dpca1g019780.842	1	334
dpca1g019800.842	1	335
dpca1g019820.842	1	336
dpca1g019830.842	1	337
dpca1g019870.842	1	338
dpca1g019880.842	1	339
dpca1g019910.842	1	340
dpca1g019930.842	1	341
dpca1g019940.842	1	342
dpca1g019950.842	1	343
dpca1g019970.842	1	344
dpca1g020000.842	1	345
dpca1g020010.842	1	346
dpca1g020020.842	1	347
dpca1g020040.842	1	348
dpca1g020050.842	1	349
dpca1g020070.842	1	350
dpca1g020080.842	1	351
dpca1g020100.842	1	352
dpca1g020110.842	1	353
dpca1g020130.842	1	354
dpca1g020140.842	1	355
dpca1g020160.842	1	356
dpca1g020170.842	1	357
dpca1g020190.842	1	358
dpca1g020230.842	1	359
dpca1g020270.842	1	360
dpca1g020280.842	1	361
dpca1g020290.842	1	362
dpca1g020310.842	1	363
dpca1g020330.842	1	364
dpca1g020350.842	1	365
dpca1g020360.842	1	366
dpca1g020370.842	1	367
dpca1g020380.842	1	368
dpca1g020390.842	1	369
dpca1g020400.842	1	370
dpca1g020410.842	1	371
dpca1g020420.842	1	372
dpca1g020440.842	1	373
dpca1g020450.842	1	374
dpca1g020460.842	1	375
dpca1g020470.842	1	376
dpca1g020480.842	1	377
dpca1g020510.842	1	378
dpca1g020520.842	1	379
dpca1g020550.842	1	380
dpca1g020560.842	1	381
dpca1g020570.842	1	382
dpca1g020580.842	1	383
dpca1g020600.842	1	384
dpca1g020620.842	1	385
dpca1g020640.842	1	386
dpca1g020660.842	1	387
dpca1g020670.842	1	388
dpca1g020680.842	1	389
dpca1g020700.842	1	390
dpca1g020710.842	1	391
dpca1g020730.842	1	392
dpca1g020740.842	1	393
dpca1g020760.842	1	394
dpca1g020770.842	1	395
dpca1g020780.842	1	396
dpca1g020800.842	1	397
dpca1g020830.842	1	398
dpca1g020840.842	1	399
dpca1g020860.842	1	400
dpca1g020870.842	1	401
dpca1g020880.842	1	402
dpca1g020890.842	1	403
dpca1g020900.842	1	404
dpca1g020910.842	1	405
dpca1g020920.842	1	406
dpca1g020940.842	1	407
dpca1g020950.842	1	408
dpca1g020970.842	1	409
dpca1g020990.842	1	410
dpca1g021000.842	1	411
dpca1g021010.842	1	412
dpca1g021020.842	1	413
dpca1g021050.842	1	414
dpca1g021070.842	1	415
dpca1g021090.842	1	416
dpca1g021100.842	1	417
dpca1g021110.842	1	418
dpca1g021120.842	1	419
dpca1g021140.842	1	420
dpca1g021170.842	1	421
dpca1g021180.842	1	422
dpca1g021190.842	1	423
dpca1g021200.842	1	424
dpca1g021210.842	1	425
dpca1g021240.842	1	426
dpca1g021250.842	1	427
dpca1g021260.842	1	428
dpca1g021270.842	1	429
dpca1g021280.842	1	430
dpca1g021290.842	1	431
dpca1g021300.842	1	432
dpca1g021310.842	1	433
dpca1g021320.842	1	434
dpca1g021330.842	1	435
dpca1g021340.842	1	436
dpca1g021380.842	1	437
dpca1g021390.842	1	438
dpca1g021400.842	1	439
dpca1g021420.842	1	440
dpca1g021440.842	1	441
dpca1g021450.842	1	442
dpca1g021490.842	1	443
dpca1g021500.842	1	444
dpca1g021510.842	1	445
dpca1g021530.842	1	446
dpca1g021540.842	1	447
dpca1g021550.842	1	448
dpca1g021560.842	1	449
dpca1g021590.842	1	450
dpca1g021600.842	1	451
dpca1g021610.842	1	452
dpca1g021620.842	1	453
dpca1g021640.842	1	454
dpca1g021650.842	1	455
dpca1g021660.842	1	456
dpca1g021670.842	1	457
dpca1g021680.842	1	458
dpca1g021700.842	1	459
dpca1g021710.842	1	460
dpca1g021720.842	1	461
dpca1g021740.842	1	462
dpca1g021750.842	1	463
dpca1g021760.842	1	464
dpca1g021780.842	1	465
dpca1g021790.842	1	466
dpca1g021800.842	1	467
dpca1g021830.842	1	468
dpca1g021840.842	1	469
dpca1g021850.842	1	470
dpca1g021860.842	1	471
dpca1g021870.842	1	472
dpca1g021900.842	1	473
dpca1g021920.842	1	474
dpca1g021930.842	1	475
dpca1g021940.842	1	476
dpca1g021950.842	1	477
dpca1g021960.842	1	478
dpca1g022000.842	1	479
dpca1g022010.842	1	480
dpca1g022020.842	1	481
dpca1g022030.842	1	482
dpca1g022050.842	1	483
dpca1g022090.842	1	484
dpca1g022100.842	1	485
dpca1g022120.842	1	486
dpca1g022130.842	1	487
dpca1g022150.842	1	488
dpca1g022220.842	1	489
dpca1g022230.842	1	490
dpca1g022290.842	1	491
dpca1g022310.842	1	492
dpca1g022330.842	1	493
dpca1g022340.842	1	494
dpca1g022350.842	1	495
dpca1g022370.842	1	496
dpca1g022380.842	1	497
dpca1g022390.842	1	498
dpca1g022400.842	1	499
dpca1g022410.842	1	500
dpca1g022430.842	1	501
dpca1g022480.842	1	502
dpca1g022490.842	1	503
dpca1g022500.842	1	504
dpca1g022510.842	1	505
dpca1g022520.842	1	506
dpca1g022540.842	1	507
dpca1g022550.842	1	508
dpca1g022560.842	1	509
dpca1g022580.842	1	510
dpca1g022600.842	1	511
dpca1g022610.842	1	512
dpca1g022640.842	1	513
dpca1g022660.842	1	514
dpca1g022670.842	1	515
dpca1g022680.842	1	516
dpca1g022720.842	1	517
dpca1g022740.842	1	518
dpca1g022750.842	1	519
dpca1g022760.842	1	520
dpca1g022770.842	1	521
dpca1g022790.842	1	522
dpca1g022810.842	1	523
dpca1g022850.842	1	524
dpca1g022870.842	1	525
dpca1g022880.842	1	526
dpca1g022900.842	1	527
dpca1g022910.842	1	528
dpca1g022920.842	1	529
dpca1g022930.842	1	530
dpca1g022980.842	1	531
dpca1g022990.842	1	532
dpca1g023010.842	1	533
dpca1g023050.842	1	534
dpca1g023060.842	1	535
dpca1g023140.842	1	536
dpca1g023160.842	1	537
dpca1g023170.842	1	538
dpca1g023180.842	1	539
dpca1g023190.842	1	540
dpca1g023200.842	1	541
dpca1g023210.842	1	542
dpca1g023230.842	1	543
dpca1g023240.842	1	544
dpca1g023260.842	1	545
dpca1g023270.842	1	546
dpca1g023280.842	1	547
dpca1g023290.842	1	548
dpca1g023300.842	1	549
dpca1g023310.842	1	550
dpca1g023320.842	1	551
dpca1g023330.842	1	552
dpca1g023340.842	1	553
dpca1g023350.842	1	554
dpca1g023360.842	1	555
dpca1g023380.842	1	556
dpca1g023400.842	1	557
dpca1g023440.842	1	558
dpca1g023450.842	1	559
dpca1g023460.842	1	560
dpca1g023480.842	1	561
dpca1g023490.842	1	562
dpca1g023500.842	1	563
dpca1g023510.842	1	564
dpca1g023540.842	1	565
dpca1g023550.842	1	566
dpca1g023570.842	1	567
dpca1g023590.842	1	568
dpca1g023600.842	1	569
dpca1g023610.842	1	570
dpca1g023620.842	1	571
dpca1g023680.842	1	572
dpca1g023700.842	1	573
dpca1g023710.842	1	574
dpca1g023740.842	1	575
dpca1g023750.842	1	576
dpca1g023760.842	1	577
dpca1g023770.842	1	578
dpca1g023780.842	1	579
dpca1g023790.842	1	580
dpca1g023800.842	1	581
dpca1g023810.842	1	582
dpca1g023820.842	1	583
dpca1g023830.842	1	584
dpca1g023850.842	1	585
dpca1g023860.842	1	586
dpca1g023870.842	1	587
dpca1g023880.842	1	588
dpca1g023900.842	1	589
dpca1g023910.842	1	590
dpca1g023920.842	1	591
dpca1g023940.842	1	592
dpca1g023960.842	1	593
dpca1g023980.842	1	594
dpca1g024010.842	1	595
dpca1g024020.842	1	596
dpca1g024030.842	1	597
dpca1g024040.842	1	598
dpca1g024070.842	1	599
dpca1g024100.842	1	600
dpca1g024110.842	1	601
dpca1g024120.842	1	602
dpca1g024130.842	1	603
dpca1g024140.842	1	604
dpca1g024160.842	1	605
dpca1g024170.842	1	606
dpca1g024180.842	1	607
dpca1g024190.842	1	608
dpca1g024200.842	1	609
dpca1g024210.842	1	610
dpca1g024220.842	1	611
dpca1g024240.842	1	612
dpca1g024250.842	1	613
dpca1g024260.842	1	614
dpca1g024270.842	1	615
dpca1g024290.842	1	616
dpca1g024300.842	1	617
dpca1g024310.842	1	618
dpca1g024340.842	1	619
dpca1g024350.842	1	620
dpca1g024370.842	1	621
dpca1g024380.842	1	622
dpca1g024390.842	1	623
dpca1g024400.842	1	624
dpca1g024410.842	1	625
dpca1g024420.842	1	626
dpca1g024470.842	1	627
dpca1g024480.842	1	628
dpca1g024500.842	1	629
dpca1g024510.842	1	630
dpca1g024530.842	1	631
dpca1g024560.842	1	632
dpca1g024570.842	1	633
dpca1g024590.842	1	634
dpca1g024600.842	1	635
dpca1g024610.842	1	636
dpca1g024620.842	1	637
dpca1g024650.842	1	638
dpca1g024660.842	1	639
dpca1g024680.842	1	640
dpca1g024700.842	1	641
dpca1g024760.842	1	642
dpca1g024790.842	1	643
dpca1g024800.842	1	644
dpca1g024840.842	1	645
dpca1g024870.842	1	646
dpca1g024880.842	1	647
dpca1g024890.842	1	648
dpca1g024970.842	1	649
dpca1g024980.842	1	650
dpca1g025020.842	1	651
dpca1g025030.842	1	652
dpca1g025040.842	1	653
dpca1g025050.842	1	654
dpca1g025060.842	1	655
dpca1g025090.842	1	656
dpca1g025130.842	1	657
dpca1g025160.842	1	658
dpca1g025200.842	1	659
dpca1g025230.842	1	660
dpca1g025260.842	1	661
dpca1g025270.842	1	662
dpca1g025280.842	1	663
dpca1g025290.842	1	664
dpca1g025300.842	1	665
dpca1g025310.842	1	666
dpca1g025320.842	1	667
dpca1g025330.842	1	668
dpca1g025340.842	1	669
dpca1g025350.842	1	670
dpca1g025370.842	1	671
dpca1g025400.842	1	672
dpca1g025410.842	1	673
dpca1g025420.842	1	674
dpca1g025430.842	1	675
dpca1g025450.842	1	676
dpca1g025470.842	1	677
dpca1g025480.842	1	678
dpca1g025490.842	1	679
dpca1g025530.842	1	680
dpca1g025540.842	1	681
dpca1g025550.842	1	682
dpca1g025560.842	1	683
dpca1g025620.842	1	684
dpca1g025630.842	1	685
dpca1g025650.842	1	686
dpca1g025660.842	1	687
dpca1g025670.842	1	688
dpca1g025680.842	1	689
dpca1g025690.842	1	690
dpca1g025700.842	1	691
dpca1g025710.842	1	692
dpca1g025740.842	1	693
dpca1g025750.842	1	694
dpca1g025760.842	1	695
dpca1g025770.842	1	696
dpca1g025810.842	1	697
dpca1g025870.842	1	698
dpca1g025880.842	1	699
dpca1g025890.842	1	700
dpca1g025900.842	1	701
dpca1g025920.842	1	702
dpca1g025930.842	1	703
dpca1g025940.842	1	704
dpca1g025960.842	1	705
dpca1g025980.842	1	706
dpca1g025990.842	1	707
dpca1g026000.842	1	708
dpca1g026020.842	1	709
dpca1g026030.842	1	710
dpca1g026060.842	1	711
dpca1g026070.842	1	712
dpca1g026080.842	1	713
dpca1g026090.842	1	714
dpca1g026110.842	1	715
dpca1g026140.842	1	716
dpca1g026150.842	1	717
dpca1g026160.842	1	718
dpca1g026210.842	1	719
dpca1g026240.842	1	720
dpca1g026260.842	1	721
dpca1g026270.842	1	722
dpca1g026280.842	1	723
dpca1g026290.842	1	724
dpca1g026300.842	1	725
dpca1g026310.842	1	726
dpca1g026320.842	1	727
dpca1g026330.842	1	728
dpca1g026340.842	1	729
dpca1g026350.842	1	730
dpca1g026360.842	1	731
dpca1g026380.842	1	732
dpca1g026390.842	1	733
dpca1g026400.842	1	734
dpca1g026410.842	1	735
dpca1g026420.842	1	736
dpca1g026450.842	1	737
dpca1g026480.842	1	738
dpca1g026490.842	1	739
dpca1g026500.842	1	740
dpca1g026510.842	1	741
dpca1g026520.842	1	742
dpca1g026550.842	1	743
dpca1g026580.842	1	744
dpca1g026590.842	1	745
dpca1g026600.842	1	746
dpca1g026610.842	1	747
dpca1g026620.842	1	748
dpca1g026640.842	1	749
dpca1g026650.842	1	750
dpca1g026660.842	1	751
dpca1g026670.842	1	752
dpca1g026690.842	1	753
dpca1g026700.842	1	754
dpca1g026720.842	1	755
dpca1g026730.842	1	756
dpca1g026740.842	1	757
dpca1g026760.842	1	758
dpca1g026790.842	1	759
dpca1g026800.842	1	760
dpca1g026810.842	1	761
dpca1g026830.842	1	762
dpca1g026840.842	1	763
dpca1g026880.842	1	764
dpca1g026890.842	1	765
dpca1g026900.842	1	766
dpca1g026910.842	1	767
dpca1g026930.842	1	768
dpca1g026940.842	1	769
dpca1g026950.842	1	770
dpca1g026970.842	1	771
dpca1g026980.842	1	772
dpca1g027000.842	1	773
dpca1g027010.842	1	774
dpca1g027030.842	1	775
dpca1g027050.842	1	776
dpca1g027060.842	1	777
dpca1g027070.842	1	778
dpca1g027080.842	1	779
dpca1g027090.842	1	780
dpca1g027100.842	1	781
dpca1g027120.842	1	782
dpca1g027150.842	1	783
dpca1g027180.842	1	784
dpca1g027190.842	1	785
dpca1g027200.842	1	786
dpca1g027210.842	1	787
dpca1g027220.842	1	788
dpca1g027230.842	1	789
dpca1g027240.842	1	790
dpca1g027250.842	1	791
dpca1g027260.842	1	792
dpca1g027270.842	1	793
dpca1g027290.842	1	794
dpca1g027300.842	1	795
dpca1g027310.842	1	796
dpca1g027320.842	1	797
dpca1g027350.842	1	798
dpca1g027360.842	1	799
dpca1g027370.842	1	800
dpca1g027440.842	1	801
dpca1g027450.842	1	802
dpca1g027480.842	1	803
dpca1g027490.842	1	804
dpca1g027500.842	1	805
dpca1g027530.842	1	806
dpca1g027550.842	1	807
dpca1g027560.842	1	808
dpca1g027570.842	1	809
dpca1g027580.842	1	810
dpca1g027590.842	1	811
dpca1g027600.842	1	812
dpca1g027610.842	1	813
dpca1g027620.842	1	814
dpca1g027630.842	1	815
dpca1g027640.842	1	816
dpca1g027650.842	1	817
dpca1g027660.842	1	818
dpca1g027670.842	1	819
dpca1g027680.842	1	820
dpca1g027690.842	1	821
dpca1g027700.842	1	822
dpca1g027720.842	1	823
dpca1g027730.842	1	824
dpca1g027740.842	1	825
dpca1g027750.842	1	826
dpca1g027790.842	1	827
dpca1g027800.842	1	828
dpca1g027810.842	1	829
dpca1g027820.842	1	830
dpca1g027850.842	1	831
dpca1g027860.842	1	832
dpca1g027870.842	1	833
dpca1g027880.842	1	834
dpca1g027890.842	1	835
dpca1g027920.842	1	836
dpca1g027930.842	1	837
dpca1g027940.842	1	838
dpca1g027950.842	1	839
dpca1g027960.842	1	840
dpca1g027970.842	1	841
dpca1g027980.842	1	842
dpca1g027990.842	1	843
dpca1g028000.842	1	844
dpca1g028020.842	1	845
dpca1g028030.842	1	846
dpca1g028040.842	1	847
dpca1g028050.842	1	848
dpca1g028060.842	1	849
dpca1g028070.842	1	850
dpca1g028080.842	1	851
dpca1g028090.842	1	852
dpca1g028110.842	1	853
dpca1g028130.842	1	854
dpca1g028140.842	1	855
dpca1g028150.842	1	856
dpca1g028160.842	1	857
dpca1g028170.842	1	858
dpca1g028180.842	1	859
dpca1g028190.842	1	860
dpca1g028200.842	1	861
dpca1g028210.842	1	862
dpca1g028220.842	1	863
dpca1g028260.842	1	864
dpca1g028270.842	1	865
dpca1g028280.842	1	866
dpca1g028290.842	1	867
dpca1g028320.842	1	868
dpca1g028330.842	1	869
dpca1g028340.842	1	870
dpca1g028350.842	1	871
dpca1g028360.842	1	872
dpca1g028370.842	1	873
dpca1g028380.842	1	874
dpca1g028390.842	1	875
dpca1g028400.842	1	876
dpca1g028410.842	1	877
dpca1g028460.842	1	878
dpca1g028470.842	1	879
dpca1g028500.842	1	880
dpca1g028520.842	1	881
dpca1g028530.842	1	882
dpca1g028540.842	1	883
dpca1g028550.842	1	884
dpca1g028560.842	1	885
dpca1g028570.842	1	886
dpca1g028580.842	1	887
dpca1g028590.842	1	888
dpca1g028600.842	1	889
dpca1g028610.842	1	890
dpca1g028620.842	1	891
dpca1g028640.842	1	892
dpca1g028650.842	1	893
dpca1g028660.842	1	894
dpca1g028670.842	1	895
dpca1g028680.842	1	896
dpca1g028710.842	1	897
dpca1g028720.842	1	898
dpca1g028750.842	1	899
dpca1g028770.842	1	900
dpca1g028790.842	1	901
dpca1g028810.842	1	902
dpca1g028820.842	1	903
dpca1g028830.842	1	904
dpca1g028840.842	1	905
dpca1g028850.842	1	906
dpca1g028860.842	1	907
dpca1g028880.842	1	908
dpca1g028890.842	1	909
dpca1g028900.842	1	910
dpca1g028910.842	1	911
dpca1g028920.842	1	912
dpca1g028940.842	1	913
dpca1g028950.842	1	914
dpca1g028970.842	1	915
dpca1g028980.842	1	916
dpca1g028990.842	1	917
dpca1g029000.842	1	918
dpca1g029060.842	1	919
dpca1g029100.842	1	920
dpca1g029120.842	1	921
dpca1g029130.842	1	922
dpca1g029170.842	1	923
dpca1g029180.842	1	924
dpca1g029190.842	1	925
dpca1g029200.842	1	926
dpca1g029210.842	1	927
dpca1g029220.842	1	928
dpca1g029230.842	1	929
dpca1g029240.842	1	930
dpca1g029250.842	1	931
dpca1g029260.842	1	932
dpca1g029270.842	1	933
dpca1g029290.842	1	934
dpca1g029310.842	1	935
dpca1g029320.842	1	936
dpca1g029330.842	1	937
dpca1g029340.842	1	938
dpca1g029350.842	1	939
dpca1g029360.842	1	940
dpca1g029390.842	1	941
dpca1g029420.842	1	942
dpca1g029440.842	1	943
dpca1g029450.842	1	944
dpca1g029460.842	1	945
dpca1g029470.842	1	946
dpca1g029480.842	1	947
dpca1g029490.842	1	948
dpca1g029500.842	1	949
dpca1g029510.842	1	950
dpca1g029520.842	1	951
dpca1g029540.842	1	952
dpca1g029550.842	1	953
dpca1g029560.842	1	954
dpca1g029590.842	1	955
dpca1g029600.842	1	956
dpca1g029620.842	1	957
dpca1g029630.842	1	958
dpca1g029640.842	1	959
dpca1g029660.842	1	960
dpca1g029670.842	1	961
dpca1g029680.842	1	962
dpca1g029690.842	1	963
dpca1g029710.842	1	964
dpca1g029720.842	1	965
dpca1g029730.842	1	966
dpca1g029740.842	1	967
dpca1g029750.842	1	968
dpca1g029760.842	1	969
dpca1g029770.842	1	970
dpca1g029780.842	1	971
dpca1g029790.842	1	972
dpca1g029800.842	1	973
dpca1g029830.842	1	974
dpca1g029910.842	1	975
dpca1g029920.842	1	976
dpca1g029930.842	1	977
dpca1g029990.842	1	978
dpca1g030000.842	1	979
dpca1g030010.842	1	980
dpca1g030030.842	1	981
dpca1g030040.842	1	982
dpca1g030050.842	1	983
dpca1g030080.842	1	984
dpca1g030090.842	1	985
dpca1g030110.842	1	986
dpca1g030130.842	1	987
dpca1g030150.842	1	988
dpca1g030170.842	1	989
dpca1g030200.842	1	990
dpca1g030210.842	1	991
dpca1g030230.842	1	992
dpca1g030250.842	1	993
dpca1g030260.842	1	994
dpca1g030270.842	1	995
dpca1g030290.842	1	996
dpca1g030300.842	1	997
dpca1g030310.842	1	998
dpca1g030330.842	1	999
dpca1g030340.842	1	1000
dpca1g030390.842	1	1001
dpca1g030400.842	1	1002
dpca1g030440.842	1	1003
dpca1g030480.842	1	1004
dpca1g030490.842	1	1005
dpca1g030500.842	1	1006
dpca1g030530.842	1	1007
dpca1g030550.842	1	1008
dpca1g030580.842	1	1009
dpca1g030610.842	1	1010
dpca1g030620.842	1	1011
dpca1g030630.842	1	1012
dpca1g030650.842	1	1013
dpca1g030670.842	1	1014
dpca1g030700.842	1	1015
dpca1g030710.842	1	1016
dpca1g030720.842	1	1017
dpca1g030780.842	1	1018
dpca1g030790.842	1	1019
dpca1g030810.842	1	1020
dpca1g030820.842	1	1021
dpca1g030840.842	1	1022
dpca1g030880.842	1	1023
dpca1g030900.842	2	0
dpca1g030910.842	2	1
dpca1g030920.842	2	2
dpca1g030930.842	2	3
dpca1g030940.842	2	4
dpca1g030970.842	2	5
dpca1g030980.842	2	6
dpca1g030990.842	2	7
dpca1g031000.842	2	8
dpca1g031010.842	2	9
dpca1g031040.842	2	10
dpca1g031060.842	2	11
dpca1g031070.842	2	12
dpca1g031110.842	2	13
dpca1g031130.842	2	14
dpca1g031140.842	2	15
dpca1g031150.842	2	16
dpca1g031160.842	2	17
dpca1g031170.842	2	18
dpca1g031180.842	2	19
dpca1g031230.842	2	20
dpca1g031250.842	2	21
dpca1g031270.842	2	22
dpca1g031310.842	2	23
dpca1g031380.842	2	24
dpca1g031400.842	2	25
dpca1g031430.842	2	26
dpca1g031440.842	2	27
dpca1g031460.842	2	28
dpca1g031470.842	2	29
dpca1g031490.842	2	30
dpca1g031500.842	2	31
dpca1g031510.842	2	32
dpca1g031520.842	2	33
dpca1g031530.842	2	34
dpca1g031550.842	2	35
dpca1g031560.842	2	36
dpca1g031570.842	2	37
dpca1g031580.842	2	38
dpca1g031610.842	2	39
dpca1g031620.842	2	40
dpca1g031630.842	2	41
dpca1g031640.842	2	42
dpca1g031650.842	2	43
dpca1g031660.842	2	44
dpca1g031670.842	2	45
dpca1g031680.842	2	46
dpca1g031700.842	2	47
dpca1g031710.842	2	48
dpca1g031720.842	2	49
dpca1g031730.842	2	50
dpca1g031750.842	2	51
dpca1g031760.842	2	52
dpca1g031780.842	2	53
dpca1g031790.842	2	54
dpca1g031800.842	2	55
dpca1g031810.842	2	56
dpca1g031820.842	2	57
dpca1g031830.842	2	58
dpca1g031850.842	2	59
dpca1g031860.842	2	60
dpca1g031870.842	2	61
dpca1g031880.842	2	62
dpca1g031890.842	2	63
dpca1g031910.842	2	64
dpca1g031920.842	2	65
dpca1g031930.842	2	66
dpca1g031940.842	2	67
dpca1g031960.842	2	68
dpca1g031970.842	2	69
dpca1g031980.842	2	70
dpca1g032000.842	2	71
dpca1g032010.842	2	72
dpca1g032020.842	2	73
dpca1g032030.842	2	74
dpca1g032040.842	2	75
dpca1g032050.842	2	76
dpca1g032080.842	2	77
dpca1g032100.842	2	78
dpca1g032120.842	2	79
dpca1g032130.842	2	80
dpca1g032140.842	2	81
dpca1g032150.842	2	82
dpca1g032160.842	2	83
dpca1g032200.842	2	84
dpca1g032210.842	2	85
dpca1g032220.842	2	86
dpca1g032240.842	2	87
dpca1g032250.842	2	88
dpca1g032290.842	2	89
dpca1g032320.842	2	90
dpca1g032330.842	2	91
dpca1g032340.842	2	92
dpca1g032400.842	2	93
dpca1g032450.842	2	94
dpca1g032460.842	2	95
dpca1g032470.842	2	96
dpca1g032480.842	2	97
dpca1g032490.842	2	98
dpca1g032500.842	2	99
dpca1g032510.842	2	100
dpca1g032530.842	2	101
dpca1g032540.842	2	102
dpca1g032550.842	2	103
dpca1g032560.842	2	104
dpca1g032600.842	2	105
dpca1g032620.842	2	106
dpca1g032630.842	2	107
dpca1g032640.842	2	108
dpca1g032670.842	2	109
dpca1g032680.842	2	110
dpca1g032690.842	2	111
dpca1g032700.842	2	112
dpca1g032730.842	2	113
dpca1g032740.842	2	114
dpca1g032780.842	2	115
dpca1g032790.842	2	116
dpca1g032800.842	2	117
dpca1g032810.842	2	118
dpca1g032830.842	2	119
dpca1g032850.842	2	120
dpca1g032860.842	2	121
dpca1g032870.842	2	122
dpca1g032880.842	2	123
dpca1g032900.842	2	124
dpca1g032930.842	2	125
dpca1g032940.842	2	126
dpca1g032950.842	2	127
dpca1g032960.842	2	128
dpca1g032970.842	2	129
dpca1g032980.842	2	130
dpca1g032990.842	2	131
dpca1g033000.842	2	132
dpca1g033010.842	2	133
dpca1g033030.842	2	134
dpca1g033080.842	2	135
dpca1g033100.842	2	136
dpca1g033140.842	2	137
dpca1g033180.842	2	138
dpca1g033190.842	2	139
dpca1g033210.842	2	140
dpca1g033220.842	2	141
dpca1g033250.842	2	142
dpca1g033260.842	2	143
dpca1g033280.842	2	144
dpca1g033290.842	2	145
dpca1g033300.842	2	146
dpca1g033310.842	2	147
dpca1g033320.842	2	148
dpca1g033330.842	2	149
dpca1g033340.842	2	150
dpca1g033350.842	2	151
dpca1g033380.842	2	152
dpca1g033390.842	2	153
dpca1g033400.842	2	154
dpca1g033410.842	2	155
dpca1g033420.842	2	156
dpca1g033430.842	2	157
dpca1g033440.842	2	158
dpca1g033450.842	2	159
dpca1g033460.842	2	160
dpca1g033510.842	2	161
dpca1g033550.842	2	162
dpca1g033560.842	2	163
dpca1g033570.842	2	164
dpca1g033590.842	2	165
dpca1g033620.842	2	166
dpca1g033680.842	2	167
dpca1g033810.842	2	168
dpca1g033820.842	2	169
dpca1g033830.842	2	170
dpca1g033850.842	2	171
dpca1g033870.842	2	172
dpca1g033880.842	2	173
dpca1g033890.842	2	174
dpca1g033900.842	2	175
dpca1g033920.842	2	176
dpca1g033950.842	2	177
dpca1g034000.842	2	178
dpca1g034020.842	2	179
dpca1g034070.842	2	180
dpca1g034090.842	2	181
dpca1g034110.842	2	182
dpca1g034150.842	2	183
dpca1g034180.842	2	184
dpca1g034190.842	2	185
dpca1g034200.842	2	186
dpca1g034220.842	2	187
dpca1g034240.842	2	188
dpca1g034270.842	2	189
dpca1g034310.842	2	190
dpca1g034320.842	2	191
dpca1g034330.842	2	192
dpca1g034340.842	2	193
dpca1g034360.842	2	194
dpca1g034370.842	2	195
dpca1g034380.842	2	196
dpca1g034390.842	2	197
dpca1g034400.842	2	198
dpca1g034410.842	2	199
dpca1g034420.842	2	200
dpca1g034430.842	2	201
dpca1g034460.842	2	202
dpca1g034470.842	2	203
dpca1g034490.842	2	204
dpca1g034570.842	2	205
dpca1g034590.842	2	206
dpca1g034600.842	2	207
dpca1g034630.842	2	208
dpca1g034640.842	2	209
dpca1g034660.842	2	210
dpca1g034730.842	2	211
dpca1g034740.842	2	212
dpca1g034750.842	2	213
dpca1g034760.842	2	214
dpca1g034770.842	2	215
dpca1g034780.842	2	216
dpca1g034790.842	2	217
dpca1g034840.842	2	218
dpca1g034850.842	2	219
dpca1g034870.842	2	220
dpca1g034880.842	2	221
dpca1g034890.842	2	222
dpca1g034900.842	2	223
dpca1g034940.842	2	224
dpca1g034970.842	2	225
dpca1g034980.842	2	226
dpca1g035010.842	2	227
dpca1g035050.842	2	228
dpca1g035060.842	2	229
dpca1g035070.842	2	230
dpca1g035100.842	2	231
dpca1g035130.842	2	232
dpca1g035140.842	2	233
dpca1g035150.842	2	234
dpca1g035160.842	2	235
dpca1g035170.842	2	236
dpca1g035180.842	2	237
dpca1g035230.842	2	238
dpca1g035240.842	2	239
dpca1g035280.842	2	240
dpca1g035290.842	2	241
dpca1g035300.842	2	242
dpca1g035310.842	2	243
dpca1g035320.842	2	244
dpca1g035330.842	2	245
dpca1g035350.842	2	246
dpca1g035370.842	2	247
dpca1g035380.842	2	248
dpca1g035390.842	2	249
dpca1g035410.842	2	250
dpca1g035430.842	2	251
dpca1g035440.842	2	252
dpca1g035460.842	2	253
dpca1g035480.842	2	254
dpca1g035500.842	2	255
dpca1g035530.842	2	256
dpca1g035580.842	2	257
dpca1g035600.842	2	258
dpca1g035640.842	2	259
dpca1g035660.842	2	260
dpca1g035670.842	2	261
dpca1g035680.842	2	262
dpca1g035700.842	2	263
dpca1g035720.842	2	264
dpca1g035730.842	2	265
dpca1g035740.842	2	266
dpca1g035750.842	2	267
dpca1g035780.842	2	268
dpca1g035790.842	2	269
dpca1g035810.842	2	270
dpca1g035820.842	2	271
dpca1g035830.842	2	272
dpca1g035860.842	2	273
dpca1g035890.842	2	274
dpca1g035900.842	2	275
dpca1g035910.842	2	276
dpca1g035920.842	2	277
dpca1g035930.842	2	278
dpca1g035940.842	2	279
dpca1g035950.842	2	280
dpca1g035960.842	2	281
dpca1g035970.842	2	282
dpca1g035980.842	2	283
dpca1g036000.842	2	284
dpca1g036020.842	2	285
dpca1g036040.842	2	286
dpca1g036060.842	2	287
dpca1g036070.842	2	288
dpca1g036090.842	2	289
dpca1g036120.842	2	290
dpca1g036130.842	2	291
dpca1g036150.842	2	292
dpca1g036160.842	2	293
dpca1g036180.842	2	294
dpca1g036190.842	2	295
dpca1g036280.842	2	296
dpca1g036300.842	2	297
dpca1g036320.842	2	298
dpca1g036340.842	2	299
dpca1g036370.842	2	300
dpca1g036380.842	2	301
dpca1g036390.842	2	302
dpca1g036420.842	2	303
dpca1g036430.842	2	304
dpca1g036440.842	2	305
dpca1g036520.842	2	306
dpca1g036550.842	2	307
dpca1g036600.842	2	308
dpca1g036620.842	2	309
dpca1g036630.842	2	310
dpca1g036650.842	2	311
dpca1g036660.842	2	312
dpca1g036680.842	2	313
dpca1g036690.842	2	314
dpca1g036710.842	2	315
dpca1g036720.842	2	316
dpca1g036730.842	2	317
dpca1g036740.842	2	318
dpca1g036770.842	2	319
dpca1g036780.842	2	320
dpca1g036790.842	2	321
dpca1g036800.842	2	322
dpca1g036820.842	2	323
dpca1g036830.842	2	324
dpca1g036840.842	2	325
dpca1g036850.842	2	326
dpca1g036860.842	2	327
dpca1g036870.842	2	328
dpca1g036880.842	2	329
dpca1g036900.842	2	330
dpca1g036910.842	2	331
dpca1g036930.842	2	332
dpca1g036940.842	2	333
dpca1g036950.842	2	334
dpca1g036960.842	2	335
dpca1g036970.842	2	336
dpca1g036980.842	2	337
dpca1g036990.842	2	338
dpca1g037000.842	2	339
dpca1g037010.842	2	340
dpca1g037020.842	2	341
dpca1g037030.842	2	342
dpca1g037050.842	2	343
dpca1g037070.842	2	344
dpca1g037080.842	2	345
dpca1g037090.842	2	346
dpca1g037100.842	2	347
dpca1g037120.842	2	348
dpca1g037130.842	2	349
dpca1g037160.842	2	350
dpca1g037170.842	2	351
dpca1g037190.842	2	352
dpca1g037230.842	2	353
dpca1g037240.842	2	354
dpca1g037250.842	2	355
dpca1g037260.842	2	356
dpca1g037290.842	2	357
dpca1g037310.842	2	358
dpca1g037320.842	2	359
dpca1g037330.842	2	360
dpca1g037340.842	2	361
dpca1g037350.842	2	362
dpca1g037360.842	2	363
dpca1g037370.842	2	364
dpca1g037390.842	2	365
dpca1g037400.842	2	366
dpca1g037410.842	2	367
dpca1g037420.842	2	368
dpca1g037440.842	2	369
dpca1g037450.842	2	370
dpca1g037460.842	2	371
dpca1g037540.842	2	372
dpca1g037560.842	2	373
dpca1g037620.842	2	374
dpca1g037630.842	2	375
dpca1g037660.842	2	376
dpca1g037670.842	2	377
dpca1g037690.842	2	378
dpca1g037700.842	2	379
dpca1g037710.842	2	380
dpca1g037760.842	2	381
dpca1g037770.842	2	382
dpca1g037790.842	2	383
dpca1g037820.842	2	384
dpca1g037860.842	2	385
dpca1g037870.842	2	386
dpca1g037880.842	2	387
dpca1g037900.842	2	388
dpca1g037910.842	2	389
dpca1g037920.842	2	390
dpca1g037950.842	2	391
dpca1g037980.842	2	392
dpca1g038000.842	2	393
dpca1g038010.842	2	394
dpca1g038020.842	2	395
dpca1g038030.842	2	396
dpca1g038060.842	2	397
dpca1g038090.842	2	398
dpca1g038130.842	2	399
dpca1g038160.842	2	400
dpca1g038190.842	2	401
dpca1g038210.842	2	402
dpca1g038240.842	2	403
dpca1g038250.842	2	404
dpca1g038280.842	2	405
dpca1g038290.842	2	406
dpca1g038300.842	2	407
dpca1g038310.842	2	408
dpca1g038320.842	2	409
dpca1g038350.842	2	410
dpca1g038360.842	2	411
dpca1g038370.842	2	412
dpca1g038430.842	2	413
dpca1g038440.842	2	414
dpca1g038460.842	2	415
dpca1g038470.842	2	416
dpca1g038480.842	2	417
dpca1g038490.842	2	418
dpca1g038500.842	2	419
dpca1g038520.842	2	420
dpca1g038550.842	2	421
dpca1g038570.842	2	422
dpca1g038580.842	2	423
dpca1g038610.842	2	424
dpca1g038650.842	2	425
dpca1g038660.842	2	426
dpca1g038670.842	2	427
dpca1g038680.842	2	428
dpca1g038710.842	2	429
dpca1g038750.842	2	430
dpca1g038760.842	2	431
dpca1g038780.842	2	432
dpca1g038790.842	2	433
dpca1g038860.842	2	434
dpca1g038870.842	2	435
dpca1g038980.842	2	436
dpca1g039020.842	2	437
dpca1g039040.842	2	438
dpca1g039060.842	2	439
dpca1g039110.842	2	440
dpca1g039160.842	2	441
dpca1g039180.842	2	442
dpca1g039220.842	2	443
dpca1g039270.842	2	444
dpca1g039290.842	2	445
dpca1g039350.842	2	446
dpca1g039360.842	2	447
dpca1g039370.842	2	448
dpca1g039460.842	2	449
dpca1g039480.842	2	450
dpca1g039500.842	2	451
dpca1g039510.842	2	452
dpca1g039530.842	2	453
dpca1g039540.842	2	454
dpca1g039550.842	2	455
dpca1g039620.842	2	456
dpca1g039640.842	2	457
dpca1g039680.842	2	458
dpca1g039710.842	2	459
dpca1g039730.842	2	460
dpca1g039770.842	2	461
dpca1g039780.842	2	462
dpca1g039810.842	2	463
dpca1g039820.842	2	464
dpca1g039840.842	2	465
dpca1g039850.842	2	466
dpca1g039880.842	2	467
dpca1g039890.842	2	468
dpca1g039920.842	2	469
dpca1g039940.842	2	470
dpca1g039950.842	2	471
dpca1g040040.842	2	472
dpca1g040090.842	2	473
dpca1g040100.842	2	474
dpca1g040110.842	2	475
dpca1g040130.842	2	476
dpca1g040150.842	2	477
dpca1g040160.842	2	478
dpca1g040230.842	2	479
dpca1g040250.842	2	480
dpca1g040340.842	2	481
dpca1g040350.842	2	482
dpca1g040360.842	2	483
dpca1g040400.842	2	484
dpca1g040480.842	2	485
dpca1g040490.842	2	486
dpca1g040570.842	2	487
dpca1g040580.842	2	488
dpca1g040590.842	2	489
dpca1g040600.842	2	490
dpca1g040630.842	2	491
dpca1g040650.842	2	492
dpca1g040660.842	2	493
dpca1g040670.842	2	494
dpca1g040680.842	2	495
dpca1g040690.842	2	496
dpca1g040700.842	2	497
dpca1g040710.842	2	498
dpca1g040750.842	2	499
dpca1g040800.842	2	500
dpca1g040810.842	2	501
dpca1g040830.842	2	502
dpca1g040850.842	2	503
dpca1g040870.842	2	504
dpca1g040880.842	2	505
dpca1g040890.842	2	506
dpca1g040900.842	2	507
dpca1g040910.842	2	508
dpca1g040930.842	2	509
dpca1g040940.842	2	510
dpca1g040950.842	2	511
dpca1g040960.842	2	512
dpca1g041030.842	2	513
dpca1g041040.842	2	514
dpca1g041060.842	2	515
dpca1g041090.842	2	516
dpca1g041110.842	2	517
dpca1g041120.842	2	518
dpca1g041130.842	2	519
dpca1g041160.842	2	520
dpca1g041200.842	2	521
dpca1g041210.842	2	522
dpca1g041220.842	2	523
dpca1g041270.842	2	524
dpca1g041280.842	2	525
dpca1g041320.842	2	526
dpca1g041330.842	2	527
dpca1g041340.842	2	528
dpca1g041370.842	2	529
dpca1g041380.842	2	530
dpca1g041400.842	2	531
dpca1g041410.842	2	532
dpca1g041430.842	2	533
dpca1g041490.842	2	534
dpca1g041530.842	2	535
dpca1g041540.842	2	536
dpca1g041570.842	2	537
dpca1g041590.842	2	538
dpca1g041600.842	2	539
dpca1g041620.842	2	540
dpca1g041650.842	2	541
dpca1g041660.842	2	542
dpca1g041670.842	2	543
dpca1g041700.842	2	544
dpca1g041710.842	2	545
dpca1g041730.842	2	546
dpca1g041800.842	2	547
dpca1g041830.842	2	548
dpca1g041840.842	2	549
dpca1g041850.842	2	550
dpca1g041870.842	2	551
dpca1g041900.842	2	552
dpca1g041930.842	2	553
dpca1g041980.842	2	554
dpca1g042010.842	2	555
dpca1g042020.842	2	556
dpca1g042040.842	2	557
dpca1g042100.842	2	558
dpca1g042120.842	2	559
dpca1g042150.842	2	560
dpca1g042170.842	2	561
dpca1g042190.842	2	562
dpca1g042200.842	2	563
dpca1g042220.842	2	564
dpca1g042240.842	2	565
dpca1g042260.842	2	566
dpca1g042270.842	2	567
dpca1g042340.842	2	568
dpca1g042360.842	2	569
dpca1g042410.842	2	570
dpca1g042420.842	2	571
dpca1g042510.842	2	572
dpca1g042520.842	2	573
dpca1g042540.842	2	574
dpca1g042600.842	2	575
dpca1g042650.842	2	576
dpca1g042670.842	2	577
dpca1g042720.842	2	578
dpca1g042770.842	2	579
dpca1g042780.842	2	580
dpca1g042790.842	2	581
dpca1g042830.842	2	582
dpca1g042840.842	2	583
dpca1g042850.842	2	584
dpca1g042890.842	2	585
dpca1g042900.842	2	586
dpca1g042940.842	2	587
dpca1g042970.842	2	588
dpca1g043000.842	2	589
dpca1g043050.842	2	590
dpca1g043070.842	2	591
dpca1g043090.842	2	592
dpca1g043110.842	2	593
dpca1g043120.842	2	594
dpca1g043130.842	2	595
dpca1g043190.842	2	596
dpca1g043200.842	2	597
dpca1g043210.842	2	598
dpca1g043240.842	2	599
dpca1g043260.842	2	600
dpca1g043270.842	2	601
dpca1g043290.842	2	602
dpca1g043310.842	2	603
dpca1g043330.842	2	604
dpca1g043350.842	2	605
dpca1g043370.842	2	606
dpca1g043390.842	2	607
dpca1g043430.842	2	608
dpca1g043450.842	2	609
dpca1g043460.842	2	610
dpca1g043520.842	2	611
dpca1g043550.842	2	612
dpca1g043590.842	2	613
dpca1g043620.842	2	614
dpca1g043630.842	2	615
dpca1g043640.842	2	616
dpca1g043650.842	2	617
dpca1g043660.842	2	618
dpca1g043670.842	2	619
dpca1g043690.842	2	620
dpca1g043700.842	2	621
dpca1g043720.842	2	622
dpca1g043760.842	2	623
dpca1g043770.842	2	624
dpca1g043820.842	2	625
dpca1g043860.842	2	626
dpca1g043890.842	2	627
dpca1g043910.842	2	628
dpca1g043950.842	2	629
dpca1g043960.842	2	630
dpca1g043970.842	2	631
dpca1g044000.842	2	632
dpca1g044020.842	2	633
dpca1g044050.842	2	634
dpca1g044070.842	2	635
dpca1g044110.842	2	636
dpca1g044130.842	2	637
dpca1g044160.842	2	638
dpca1g044180.842	2	639
dpca1g044220.842	2	640
dpca1g044230.842	2	641
dpca1g044240.842	2	642
dpca1g044280.842	2	643
dpca1g044310.842	2	644
dpca1g044330.842	2	645
dpca1g044350.842	2	646
dpca1g044360.842	2	647
dpca1g044390.842	2	648
dpca1g044420.842	2	649
dpca1g044430.842	2	650
dpca1g044490.842	2	651
dpca1g044500.842	2	652
dpca1g044510.842	2	653
dpca1g044540.842	2	654
dpca1g044600.842	2	655
dpca1g044610.842	2	656
dpca1g044620.842	2	657
dpca1g044630.842	2	658
dpca1g044660.842	2	659
dpca1g044680.842	2	660
dpca1g044700.842	2	661
dpca1g044730.842	2	662
dpca1g044750.842	2	663
dpca1g044760.842	2	664
dpca1g044780.842	2	665
dpca1g044790.842	2	666
dpca1g044800.842	2	667
dpca1g044810.842	2	668
dpca1g044820.842	2	669
dpca1g044840.842	2	670
dpca1g044860.842	2	671
dpca1g044910.842	2	672
dpca1g044940.842	2	673
dpca1g044990.842	2	674
dpca1g045000.842	2	675
dpca1g045010.842	2	676
dpca1g045020.842	2	677
dpca1g045030.842	2	678
dpca1g045040.842	2	679
dpca1g045050.842	2	680
dpca1g045070.842	2	681
dpca1g045080.842	2	682
dpca1g045090.842	2	683
dpca1g045120.842	2	684
dpca1g045140.842	2	685
dpca1g045150.842	2	686
dpca1g045160.842	2	687
dpca1g045180.842	2	688
dpca1g045200.842	2	689
dpca1g045210.842	2	690
dpca1g045220.842	2	691
dpca1g045230.842	2	692
dpca1g045260.842	2	693
dpca1g045290.842	2	694
dpca1g045300.842	2	695
dpca1g045310.842	2	696
dpca1g045330.842	2	697
dpca1g045340.842	2	698
dpca1g045380.842	2	699
dpca1g045410.842	2	700
dpca1g045430.842	2	701
dpca1g045500.842	2	702
dpca1g045510.842	2	703
dpca1g045530.842	2	704
dpca1g045570.842	2	705
dpca1g045610.842	2	706
dpca1g045620.842	2	707
dpca1g045630.842	2	708
dpca1g045640.842	2	709
dpca1g045650.842	2	710
dpca1g045690.842	2	711
dpca1g045710.842	2	712
dpca1g045730.842	2	713
dpca1g045740.842	2	714
dpca1g045750.842	2	715
dpca1g045810.842	2	716
dpca1g045830.842	2	717
dpca1g045880.842	2	718
dpca1g045900.842	2	719
dpca1g045920.842	2	720
dpca1g045930.842	2	721
dpca1g045940.842	2	722
dpca1g045950.842	2	723
dpca1g045960.842	2	724
dpca1g046010.842	2	725
dpca1g046020.842	2	726
dpca1g046030.842	2	727
dpca1g046040.842	2	728
dpca1g046050.842	2	729
dpca1g046070.842	2	730
dpca1g046090.842	2	731
dpca1g046120.842	2	732
dpca1g046150.842	2	733
dpca1g046190.842	2	734
dpca1g046230.842	2	735
dpca1g046240.842	2	736
dpca1g046330.842	2	737
dpca1g046350.842	2	738
dpca1g046360.842	2	739
dpca1g046370.842	2	740
dpca1g046380.842	2	741
dpca1g046400.842	2	742
dpca1g046410.842	2	743
dpca1g046420.842	2	744
dpca1g046430.842	2	745
dpca1g046440.842	2	746
dpca1g046450.842	2	747
dpca1g046480.842	2	748
dpca1g046490.842	2	749
dpca1g046500.842	2	750
dpca1g046510.842	2	751
dpca1g046530.842	2	752
dpca1g046540.842	2	753
dpca1g046570.842	2	754
dpca1g046580.842	2	755
dpca1g046590.842	2	756
dpca1g046630.842	2	757
dpca1g046640.842	2	758
dpca1g046650.842	2	759
dpca1g046680.842	2	760
dpca1g046690.842	2	761
dpca1g046730.842	2	762
dpca1g046750.842	2	763
dpca1g046830.842	2	764
dpca1g046860.842	2	765
dpca1g046870.842	2	766
dpca1g046880.842	2	767
dpca1g046900.842	2	768
dpca1g046910.842	2	769
dpca1g046920.842	2	770
dpca1g046930.842	2	771
dpca1g046990.842	2	772
dpca1g047020.842	2	773
dpca1g047030.842	2	774
dpca1g047140.842	2	775
dpca1g047150.842	2	776
dpca1g047180.842	2	777
dpca1g047190.842	2	778
dpca1g047220.842	2	779
dpca1g047230.842	2	780
dpca1g047240.842	2	781
dpca1g047250.842	2	782
dpca1g047260.842	2	783
dpca1g047270.842	2	784
dpca1g047290.842	2	785
dpca1g047320.842	2	786
dpca1g047330.842	2	787
dpca1g047350.842	2	788
dpca1g047380.842	2	789
dpca1g047420.842	2	790
dpca1g047460.842	2	791
dpca1g047470.842	2	792
dpca1g047500.842	2	793
dpca1g047510.842	2	794
dpca1g047540.842	2	795
dpca1g047590.842	2	796
dpca1g047610.842	2	797
dpca1g047630.842	2	798
dpca1g047660.842	2	799
dpca1g047670.842	2	800
dpca1g047680.842	2	801
dpca1g047690.842	2	802
dpca1g047700.842	2	803
dpca1g047720.842	2	804
dpca1g047740.842	2	805
dpca1g047760.842	2	806
dpca1g047810.842	2	807
dpca1g047820.842	2	808
dpca1g047840.842	2	809
dpca1g047900.842	2	810
dpca1g047910.842	2	811
dpca1g047930.842	2	812
dpca1g047950.842	2	813
dpca1g047980.842	2	814
dpca1g047990.842	2	815
dpca1g048000.842	2	816
dpca1g048030.842	2	817
dpca1g048040.842	2	818
dpca1g048060.842	2	819
dpca1g048100.842	2	820
dpca1g048110.842	2	821
dpca1g048120.842	2	822
dpca1g048130.842	2	823
dpca1g048160.842	2	824
dpca1g048170.842	2	825
dpca1g048190.842	2	826
dpca1g048220.842	2	827
dpca1g048240.842	2	828
dpca1g048260.842	2	829
dpca1g048270.842	2	830
dpca1g048280.842	2	831
dpca1g048290.842	2	832
dpca1g048300.842	2	833
dpca1g048310.842	2	834
dpca1g048320.842	2	835
dpca1g048330.842	2	836
dpca1g048370.842	2	837
dpca1g048380.842	2	838
dpca1g048400.842	2	839
dpca1g048410.842	2	840
dpca1g048430.842	2	841
dpca1g048440.842	2	842
dpca1g048470.842	2	843
dpca1g048480.842	2	844
dpca1g048520.842	2	845
dpca1g048560.842	2	846
dpca1g048570.842	2	847
dpca1g048590.842	2	848
dpca1g048600.842	2	849
dpca1g048610.842	2	850
dpca1g048620.842	2	851
dpca1g048660.842	2	852
dpca1g048670.842	2	853
dpca1g048680.842	2	854
dpca1g048710.842	2	855
dpca1g048750.842	2	856
dpca1g048760.842	2	857
dpca1g048770.842	2	858
dpca1g048790.842	2	859
dpca1g048810.842	2	860
dpca1g048820.842	2	861
dpca1g048830.842	2	862
dpca1g048850.842	2	863
dpca1g048870.842	2	864
dpca1g048910.842	2	865
dpca1g048920.842	2	866
dpca1g048930.842	2	867
dpca1g048980.842	2	868
dpca1g048990.842	2	869
dpca1g049000.842	2	870
dpca1g049060.842	2	871
dpca1g049090.842	2	872
dpca1g049110.842	2	873
dpca1g049120.842	2	874
dpca1g049180.842	2	875
dpca1g049190.842	2	876
dpca1g049200.842	2	877
dpca1g049210.842	2	878
dpca1g049280.842	2	879
dpca1g049290.842	2	880
dpca1g049300.842	2	881
dpca1g049330.842	2	882
dpca1g049350.842	2	883
dpca1g049360.842	2	884
dpca1g049380.842	2	885
dpca1g049390.842	2	886
dpca1g049420.842	2	887
dpca1g049440.842	2	888
dpca1g049480.842	2	889
dpca1g049490.842	2	890
dpca1g049510.842	2	891
dpca1g049520.842	2	892
dpca1g049530.842	2	893
dpca1g049550.842	2	894
dpca1g049580.842	2	895
dpca1g049590.842	2	896
dpca1g049600.842	2	897
dpca1g049640.842	2	898
dpca1g049660.842	2	899
dpca1g049670.842	2	900
dpca1g049680.842	2	901
dpca1g049710.842	2	902
dpca1g049750.842	2	903
dpca1g049770.842	2	904
dpca1g049790.842	2	905
dpca1g049800.842	2	906
dpca1g049810.842	2	907
dpca1g049890.842	2	908
dpca1g049920.842	2	909
dpca1g049930.842	2	910
dpca1g049940.842	2	911
dpca1g049950.842	2	912
dpca1g050050.842	2	913
dpca1g050060.842	2	914
dpca1g050070.842	2	915
dpca1g050120.842	2	916
dpca1g050140.842	2	917
dpca1g050150.842	2	918
dpca1g050160.842	2	919
dpca1g050270.842	2	920
dpca1g050280.842	2	921
dpca1g050290.842	2	922
dpca1g050300.842	2	923
dpca1g050310.842	2	924
dpca1g050320.842	2	925
dpca1g050330.842	2	926
dpca1g050340.842	2	927
dpca1g050380.842	2	928
dpca1g050400.842	2	929
dpca1g050420.842	2	930
dpca1g050440.842	2	931
dpca1g050480.842	2	932
dpca1g050490.842	2	933
dpca1g050530.842	2	934
dpca1g050570.842	2	935
dpca1g050610.842	2	936
dpca1g050630.842	2	937
dpca1g050690.842	2	938
dpca1g050700.842	2	939
dpca1g050710.842	2	940
dpca1g050720.842	2	941
dpca1g050740.842	2	942
dpca1g050750.842	2	943
dpca1g050830.842	2	944
dpca1g050860.842	2	945
dpca1g050870.842	2	946
dpca1g050880.842	2	947
dpca1g050900.842	2	948
dpca1g050910.842	2	949
dpca1g050940.842	2	950
dpca1g050960.842	2	951
dpca1g050980.842	2	952
dpca1g051000.842	2	953
dpca1g051020.842	2	954
dpca1g051030.842	2	955
dpca1g051070.842	2	956
dpca1g051080.842	2	957
dpca1g051110.842	2	958
dpca1g051120.842	2	959
dpca1g051150.842	2	960
dpca1g051160.842	2	961
dpca1g051190.842	2	962
dpca1g051200.842	2	963
dpca1g051210.842	2	964
dpca1g051220.842	2	965
dpca1g051250.842	2	966
dpca1g051280.842	2	967
dpca1g051290.842	2	968
dpca1g051300.842	2	969
dpca1g051320.842	2	970
dpca1g051330.842	2	971
dpca1g051370.842	2	972
dpca1g051400.842	2	973
dpca1g051410.842	2	974
dpca1g051420.842	2	975
dpca1g051430.842	2	976
dpca1g051450.842	2	977
dpca1g051460.842	2	978
dpca1g051480.842	2	979
dpca1g051500.842	2	980
dpca1g051520.842	2	981
dpca1g051540.842	2	982
dpca1g051550.842	2	983
dpca1g051560.842	2	984
dpca1g051580.842	2	985
dpca1g051590.842	2	986
dpca1g051610.842	2	987
dpca1g051630.842	2	988
dpca1g051640.842	2	989
dpca1g051650.842	2	990
dpca1g051660.842	2	991
dpca1g051680.842	2	992
dpca1g051690.842	2	993
dpca1g051700.842	2	994
dpca1g051720.842	2	995
dpca1g051740.842	2	996
dpca1g051750.842	2	997
dpca1g051770.842	2	998
dpca1g051780.842	2	999
dpca1g051790.842	2	1000
dpca1g051800.842	2	1001
dpca1g051810.842	2	1002
dpca1g051830.842	2	1003
dpca1g051840.842	2	1004
dpca1g051850.842	2	1005
dpca1g051860.842	2	1006
dpca1g051870.842	2	1007
dpca1g051880.842	2	1008
dpca1g051900.842	2	1009
dpca1g051910.842	2	1010
dpca1g051920.842	2	1011
dpca1g051940.842	2	1012
dpca1g051950.842	2	1013
dpca1g051960.842	2	1014
dpca1g051970.842	2	1015
dpca1g051980.842	2	1016
dpca1g051990.842	2	1017
dpca1g052010.842	2	1018
dpca1g052020.842	2	1019
dpca1g052030.842	2	1020
dpca1g052050.842	2	1021
dpca1g052060.842	2	1022
dpca1g052070.842	2	1023
dpca1g052100.842	3	0
dpca1g052110.842	3	1
dpca1g052120.842	3	2
dpca1g052130.842	3	3
dpca1g052160.842	3	4
dpca1g052170.842	3	5
dpca1g052180.842	3	6
dpca1g052190.842	3	7
dpca1g052210.842	3	8
dpca1g052220.842	3	9
dpca1g052230.842	3	10
dpca1g052240.842	3	11
dpca1g052250.842	3	12
dpca1g052260.842	3	13
dpca1g052320.842	3	14
dpca1g052330.842	3	15
dpca1g052340.842	3	16
dpca1g052350.842	3	17
dpca1g052360.842	3	18
dpca1g052370.842	3	19
dpca1g052400.842	3	20
dpca1g052410.842	3	21
dpca1g052420.842	3	22
dpca1g052430.842	3	23
dpca1g052440.842	3	24
dpca1g052450.842	3	25
dpca1g052460.842	3	26
dpca1g052480.842	3	27
dpca1g052490.842	3	28
dpca1g052500.842	3	29
dpca1g052510.842	3	30
dpca1g052540.842	3	31
dpca1g052550.842	3	32
dpca1g052560.842	3	33
dpca1g052570.842	3	34
dpca1g052580.842	3	35
dpca1g052590.842	3	36
dpca1g052600.842	3	37
dpca1g052610.842	3	38
dpca1g052620.842	3	39
dpca1g052650.842	3	40
dpca1g052680.842	3	41
dpca1g052700.842	3	42
dpca1g052710.842	3	43
dpca1g052730.842	3	44
dpca1g052740.842	3	45
dpca1g052750.842	3	46
dpca1g052760.842	3	47
dpca1g052770.842	3	48
dpca1g052780.842	3	49
dpca1g052790.842	3	50
dpca1g052800.842	3	51
dpca1g052810.842	3	52
dpca1g052830.842	3	53
dpca1g052860.842	3	54
dpca1g052880.842	3	55
dpca1g052890.842	3	56
dpca1g052900.842	3	57
dpca1g052910.842	3	58
dpca1g052920.842	3	59
dpca1g052930.842	3	60
dpca1g052950.842	3	61
dpca1g052970.842	3	62
dpca1g053000.842	3	63
dpca1g053040.842	3	64
dpca1g053070.842	3	65
dpca1g053080.842	3	66
dpca1g053090.842	3	67
dpca1g053100.842	3	68
dpca1g053120.842	3	69
dpca1g053130.842	3	70
dpca1g053140.842	3	71
dpca1g053150.842	3	72
dpca1g053160.842	3	73
dpca1g053170.842	3	74
dpca1g053190.842	3	75
dpca1g053200.842	3	76
dpca1g053230.842	3	77
dpca1g053240.842	3	78
dpca1g053250.842	3	79
dpca1g053270.842	3	80
dpca1g053280.842	3	81
dpca1g053290.842	3	82
dpca1g053310.842	3	83
dpca1g053330.842	3	84
dpca1g053340.842	3	85
dpca1g053350.842	3	86
dpca1g053360.842	3	87
dpca1g053370.842	3	88
dpca1g053380.842	3	89
dpca1g053390.842	3	90
dpca1g053400.842	3	91
dpca1g053420.842	3	92
dpca1g053430.842	3	93
dpca1g053440.842	3	94
dpca1g053450.842	3	95
dpca1g053460.842	3	96
dpca1g053480.842	3	97
dpca1g053490.842	3	98
dpca1g053500.842	3	99
dpca1g053510.842	3	100
dpca1g053520.842	3	101
dpca1g053530.842	3	102
dpca1g053540.842	3	103
dpca1g053570.842	3	104
dpca1g053610.842	3	105
dpca1g053620.842	3	106
dpca1g053630.842	3	107
dpca1g053640.842	3	108
dpca1g053670.842	3	109
dpca1g053680.842	3	110
dpca1g053700.842	3	111
dpca1g053710.842	3	112
dpca1g053720.842	3	113
dpca1g053730.842	3	114
dpca1g053760.842	3	115
dpca1g053770.842	3	116
dpca1g053780.842	3	117
dpca1g053790.842	3	118
dpca1g053800.842	3	119
dpca1g053810.842	3	120
dpca1g053850.842	3	121
dpca1g053870.842	3	122
dpca1g053880.842	3	123
dpca1g053910.842	3	124
dpca1g053920.842	3	125
dpca1g053950.842	3	126
dpca1g053960.842	3	127
dpca1g053970.842	3	128
dpca1g053980.842	3	129
dpca1g054040.842	3	130
dpca1g054050.842	3	131
dpca1g054060.842	3	132
dpca1g054070.842	3	133
dpca1g054080.842	3	134
dpca1g054100.842	3	135
dpca1g054110.842	3	136
dpca1g054120.842	3	137
dpca1g054130.842	3	138
dpca1g054170.842	3	139
dpca1g054180.842	3	140
dpca1g054210.842	3	141
dpca1g054220.842	3	142
dpca1g054240.842	3	143
dpca1g054250.842	3	144
dpca1g054260.842	3	145
dpca1g054270.842	3	146
dpca1g054340.842	3	147
dpca1g054350.842	3	148
dpca1g054370.842	3	149
dpca1g054380.842	3	150
dpca1g054390.842	3	151
dpca1g054400.842	3	152
dpca1g054420.842	3	153
dpca1g054430.842	3	154
dpca1g054440.842	3	155
dpca1g054450.842	3	156
dpca1g054470.842	3	157
dpca1g054490.842	3	158
dpca1g054500.842	3	159
dpca1g054510.842	3	160
dpca1g054520.842	3	161
dpca1g054530.842	3	162
dpca1g054540.842	3	163
dpca1g054550.842	3	164
dpca1g054560.842	3	165
dpca1g054570.842	3	166
dpca1g054580.842	3	167
dpca1g054590.842	3	168
dpca1g054600.842	3	169
dpca1g054620.842	3	170
dpca1g054630.842	3	171
dpca1g054640.842	3	172
dpca1g054670.842	3	173
dpca1g054680.842	3	174
dpca1g054690.842	3	175
dpca1g054700.842	3	176
dpca1g054710.842	3	177
dpca1g054730.842	3	178
dpca1g054740.842	3	179
dpca1g054750.842	3	180
dpca1g054760.842	3	181
dpca1g054780.842	3	182
dpca1g054790.842	3	183
dpca1g054820.842	3	184
dpca1g054840.842	3	185
dpca1g054850.842	3	186
dpca1g054860.842	3	187
dpca1g054900.842	3	188
dpca1g054910.842	3	189
dpca1g054920.842	3	190
dpca1g054930.842	3	191
dpca1g054940.842	3	192
dpca1g054950.842	3	193
dpca1g054970.842	3	194
dpca1g054990.842	3	195
dpca1g055020.842	3	196
dpca1g055030.842	3	197
dpca1g055040.842	3	198
dpca1g055050.842	3	199
dpca1g055060.842	3	200
dpca1g055070.842	3	201
dpca1g055080.842	3	202
dpca1g055090.842	3	203
dpca1g055100.842	3	204
dpca1g055110.842	3	205
dpca1g055130.842	3	206
dpca1g055160.842	3	207
dpca1g055170.842	3	208
dpca1g055180.842	3	209
dpca1g055190.842	3	210
dpca1g055200.842	3	211
dpca1g055210.842	3	212
dpca1g055220.842	3	213
dpca1g055230.842	3	214
dpca1g055260.842	3	215
dpca1g055270.842	3	216
dpca1g055280.842	3	217
dpca1g055310.842	3	218
dpca1g055320.842	3	219
dpca1g055340.842	3	220
dpca1g055350.842	3	221
dpca1g055360.842	3	222
dpca1g055380.842	3	223
dpca1g055400.842	3	224
dpca1g055410.842	3	225
dpca1g055420.842	3	226
dpca1g055430.842	3	227
dpca1g055440.842	3	228
dpca1g055450.842	3	229
dpca1g055490.842	3	230
dpca1g055500.842	3	231
dpca1g055510.842	3	232
dpca1g055530.842	3	233
dpca1g055540.842	3	234
dpca1g055560.842	3	235
dpca1g055570.842	3	236
dpca1g055580.842	3	237
dpca1g055600.842	3	238
dpca1g055610.842	3	239
dpca1g055630.842	3	240
dpca1g055640.842	3	241
dpca1g055650.842	3	242
dpca1g055660.842	3	243
dpca1g055680.842	3	244
dpca1g055690.842	3	245
dpca1g055700.842	3	246
dpca1g055710.842	3	247
dpca1g055720.842	3	248
dpca1g055740.842	3	249
dpca1g055750.842	3	250
dpca1g055760.842	3	251
dpca1g055780.842	3	252
dpca1g055790.842	3	253
dpca1g055810.842	3	254
dpca1g055820.842	3	255
dpca1g055840.842	3	256
dpca1g055850.842	3	257
dpca1g055860.842	3	258
dpca1g055870.842	3	259
dpca1g055880.842	3	260
dpca1g055890.842	3	261
dpca1g055920.842	3	262
dpca1g055930.842	3	263
dpca1g055940.842	3	264
dpca1g055990.842	3	265
dpca1g056030.842	3	266
dpca1g056040.842	3	267
dpca1g056050.842	3	268
dpca1g056060.842	3	269
dpca1g056070.842	3	270
dpca1g056080.842	3	271
dpca1g056090.842	3	272
dpca1g056100.842	3	273
dpca1g056110.842	3	274
dpca1g056130.842	3	275
dpca1g056180.842	3	276
dpca1g056200.842	3	277
dpca1g056210.842	3	278
dpca1g056220.842	3	279
dpca1g056250.842	3	280
dpca1g056290.842	3	281
dpca1g056300.842	3	282
dpca1g056310.842	3	283
dpca1g056330.842	3	284
dpca1g056340.842	3	285
dpca1g056360.842	3	286
dpca1g056400.842	3	287
dpca1g056410.842	3	288
dpca1g056420.842	3	289
dpca1g056430.842	3	290
dpca1g056440.842	3	291
dpca1g056460.842	3	292
dpca1g056470.842	3	293
dpca1g056500.842	3	294
dpca1g056510.842	3	295
dpca1g056530.842	3	296
dpca1g056550.842	3	297
dpca1g056560.842	3	298
dpca1g056570.842	3	299
dpca1g056580.842	3	300
dpca1g056600.842	3	301
dpca1g056620.842	3	302
dpca1g056650.842	3	303
dpca1g056690.842	3	304
dpca1g056750.842	3	305
dpca1g056780.842	3	306
dpca1g056790.842	3	307
dpca1g056800.842	3	308
dpca1g056810.842	3	309
dpca1g056830.842	3	310
dpca1g056850.842	3	311
dpca1g056860.842	3	312
dpca1g056870.842	3	313
dpca1g056880.842	3	314
dpca1g056900.842	3	315
dpca1g056910.842	3	316
dpca1g056920.842	3	317
dpca1g056970.842	3	318
dpca1g056980.842	3	319
dpca1g056990.842	3	320
dpca1g057020.842	3	321
dpca1g057030.842	3	322
dpca1g057040.842	3	323
dpca1g057060.842	3	324
dpca1g057070.842	3	325
dpca1g057080.842	3	326
dpca1g057120.842	3	327
dpca1g057130.842	3	328
dpca1g057140.842	3	329
dpca1g057190.842	3	330
dpca1g057240.842	3	331
dpca1g057280.842	3	332
dpca1g057290.842	3	333
dpca1g057300.842	3	334
dpca1g057310.842	3	335
dpca1g057320.842	3	336
dpca1g057360.842	3	337
dpca1g057370.842	3	338
dpca1g057420.842	3	339
dpca1g057430.842	3	340
dpca1g057440.842	3	341
dpca1g057460.842	3	342
dpca1g057470.842	3	343
dpca1g057480.842	3	344
dpca1g057490.842	3	345
dpca1g057520.842	3	346
dpca1g057530.842	3	347
dpca1g057540.842	3	348
dpca1g057560.842	3	349
dpca1g057590.842	3	350
dpca1g057620.842	3	351
dpca1g057630.842	3	352
dpca1g057650.842	3	353
dpca1g057670.842	3	354
dpca1g057680.842	3	355
dpca1g057700.842	3	356
dpca1g057710.842	3	357
dpca1g057720.842	3	358
dpca1g057770.842	3	359
dpca1g057780.842	3	360
dpca1g057810.842	3	361
dpca1g057830.842	3	362
dpca1g057840.842	3	363
dpca1g057870.842	3	364
dpca1g057890.842	3	365
dpca1g057900.842	3	366
dpca1g057920.842	3	367
dpca1g057930.842	3	368
dpca1g057970.842	3	369
dpca1g058000.842	3	370
dpca1g058010.842	3	371
dpca1g058020.842	3	372
dpca1g058030.842	3	373
dpca1g058040.842	3	374
dpca1g058070.842	3	375
dpca1g058080.842	3	376
dpca1g058090.842	3	377
dpca1g058100.842	3	378
dpca1g058120.842	3	379
dpca1g058130.842	3	380
dpca1g058190.842	3	381
dpca1g058210.842	3	382
dpca1g058220.842	3	383
dpca1g058230.842	3	384
dpca1g058240.842	3	385
dpca1g058250.842	3	386
dpca1g058260.842	3	387
dpca1g058270.842	3	388
dpca1g058280.842	3	389
dpca1g058290.842	3	390
dpca1g058300.842	3	391
dpca1g058310.842	3	392
dpca1g058320.842	3	393
dpca1g058330.842	3	394
dpca1g058340.842	3	395
dpca1g058360.842	3	396
dpca1g058370.842	3	397
dpca1g058390.842	3	398
dpca1g058420.842	3	399
dpca1g058450.842	3	400
dpca1g058460.842	3	401
dpca1g058510.842	3	402
dpca1g058520.842	3	403
dpca1g058530.842	3	404
dpca1g058540.842	3	405
dpca1g058550.842	3	406
dpca1g058570.842	3	407
dpca1g058600.842	3	408
dpca1g058610.842	3	409
dpca1g058640.842	3	410
dpca1g058650.842	3	411
dpca1g058690.842	3	412
dpca1g058730.842	3	413
dpca1g058740.842	3	414
dpca1g058750.842	3	415
dpca1g058780.842	3	416
dpca1g058820.842	3	417
dpca1g058840.842	3	418
dpca1g058850.842	3	419
dpca1g058860.842	3	420
dpca1g058870.842	3	421
dpca1g058890.842	3	422
dpca1g058900.842	3	423
dpca1g058910.842	3	424
dpca1g058920.842	3	425
dpca1g058940.842	3	426
dpca1g058950.842	3	427
dpca1g058970.842	3	428
dpca1g058990.842	3	429
dpca1g059000.842	3	430
dpca1g059010.842	3	431
dpca1g059020.842	3	432
dpca1g059030.842	3	433
dpca1g059040.842	3	434
dpca1g059050.842	3	435
dpca1g059060.842	3	436
dpca1g059070.842	3	437
dpca1g059080.842	3	438
dpca1g059090.842	3	439
dpca1g059110.842	3	440
dpca1g059120.842	3	441
dpca1g059130.842	3	442
dpca1g059140.842	3	443
dpca1g059150.842	3	444
dpca1g059170.842	3	445
dpca1g059180.842	3	446
dpca1g059190.842	3	447
dpca1g059200.842	3	448
dpca1g059210.842	3	449
dpca1g059220.842	3	450
dpca1g059230.842	3	451
dpca1g059240.842	3	452
dpca1g059260.842	3	453
dpca1g059290.842	3	454
dpca1g059300.842	3	455
dpca1g059310.842	3	456
dpca1g059320.842	3	457
dpca1g059330.842	3	458
dpca1g059340.842	3	459
dpca1g059350.842	3	460
dpca1g059360.842	3	461
dpca1g059370.842	3	462
dpca1g059390.842	3	463
dpca1g059420.842	3	464
dpca1g059440.842	3	465
dpca1g059450.842	3	466
dpca1g059460.842	3	467
dpca1g059470.842	3	468
dpca1g059480.842	3	469
dpca1g059490.842	3	470
dpca1g059500.842	3	471
dpca1g059510.842	3	472
dpca1g059520.842	3	473
dpca1g059530.842	3	474
dpca1g059540.842	3	475
dpca1g059550.842	3	476
dpca1g059570.842	3	477
dpca1g059580.842	3	478
dpca1g059600.842	3	479
dpca1g059610.842	3	480
dpca1g059640.842	3	481
dpca1g059660.842	3	482
dpca1g059680.842	3	483
dpca1g059700.842	3	484
dpca1g059710.842	3	485
dpca1g059720.842	3	486
dpca1g059740.842	3	487
dpca1g059760.842	3	488
dpca1g059770.842	3	489
dpca1g059780.842	3	490
dpca1g059800.842	3	491
dpca1g059820.842	3	492
dpca1g059830.842	3	493
dpca1g059840.842	3	494
dpca1g059850.842	3	495
dpca1g059860.842	3	496
dpca1g059870.842	3	497
dpca1g059890.842	3	498
dpca1g059910.842	3	499
dpca1g059930.842	3	500
dpca1g059940.842	3	501
dpca1g059950.842	3	502
dpca1g059970.842	3	503
dpca1g059980.842	3	504
dpca1g059990.842	3	505
dpca1g060000.842	3	506
dpca1g060010.842	3	507
dpca1g060020.842	3	508
dpca1g060050.842	3	509
dpca1g060060.842	3	510
dpca1g060070.842	3	511
dpca1g060080.842	3	512
dpca1g060100.842	3	513
dpca1g060110.842	3	514
dpca1g060130.842	3	515
dpca1g060140.842	3	516
dpca1g060150.842	3	517
dpca1g060160.842	3	518
dpca1g060180.842	3	519
dpca1g060200.842	3	520
dpca1g060210.842	3	521
dpca1g060220.842	3	522
dpca1g060230.842	3	523
dpca1g060240.842	3	524
dpca1g060250.842	3	525
dpca1g060260.842	3	526
dpca1g060270.842	3	527
dpca1g060280.842	3	528
dpca1g060300.842	3	529
dpca1g060310.842	3	530
dpca1g060320.842	3	531
dpca1g060340.842	3	532
dpca1g060370.842	3	533
dpca1g060380.842	3	534
dpca1g060390.842	3	535
dpca1g060400.842	3	536
dpca1g060410.842	3	537
dpca1g060420.842	3	538
dpca1g060430.842	3	539
dpca1g060450.842	3	540
dpca1g060470.842	3	541
dpca1g060510.842	3	542
dpca1g060520.842	3	543
dpca1g060560.842	3	544
dpca1g060580.842	3	545
dpca1g060590.842	3	546
dpca1g060610.842	3	547
dpca1g060620.842	3	548
dpca1g060640.842	3	549
dpca1g060650.842	3	550
dpca1g060660.842	3	551
dpca1g060670.842	3	552
dpca1g060700.842	3	553
dpca1g060710.842	3	554
dpca1g060740.842	3	555
dpca1g060760.842	3	556
dpca1g060770.842	3	557
dpca1g060780.842	3	558
dpca1g060790.842	3	559
dpca1g060800.842	3	560
dpca1g060810.842	3	561
dpca1g060820.842	3	562
dpca1g060840.842	3	563
dpca1g060850.842	3	564
dpca1g060870.842	3	565
dpca1g060880.842	3	566
dpca1g060890.842	3	567
dpca1g060900.842	3	568
dpca1g060910.842	3	569
dpca1g060920.842	3	570
dpca1g060930.842	3	571
dpca1g060940.842	3	572
dpca1g060950.842	3	573
dpca1g060960.842	3	574
dpca1g060970.842	3	575
dpca1g060980.842	3	576
dpca1g060990.842	3	577
dpca1g061010.842	3	578
dpca1g061030.842	3	579
dpca1g061050.842	3	580
dpca1g061060.842	3	581
dpca1g061070.842	3	582
dpca1g061080.842	3	583
dpca1g061090.842	3	584
dpca1g061110.842	3	585
dpca1g061120.842	3	586
dpca1g061140.842	3	587
dpca1g061170.842	3	588
dpca1g061190.842	3	589
dpca1g061200.842	3	590
dpca1g061310.842	3	591
dpca1g061340.842	3	592
dpca1g061350.842	3	593
dpca1g061370.842	3	594
dpca1g061380.842	3	595
dpca1g061400.842	3	596
dpca1g061410.842	3	597
dpca1g061420.842	3	598
dpca1g061430.842	3	599
dpca1g061440.842	3	600
dpca1g061450.842	3	601
dpca1g061460.842	3	602
dpca1g061480.842	3	603
dpca1g061520.842	3	604
dpca1g061540.842	3	605
dpca1g061590.842	3	606
dpca1g061600.842	3	607
dpca1g061610.842	3	608
dpca1g061630.842	3	609
dpca1g061640.842	3	610
dpca1g061740.842	3	611
dpca1g061750.842	3	612
dpca1g061760.842	3	613
dpca1g061770.842	3	614
dpca1g061780.842	3	615
dpca1g061790.842	3	616
dpca1g061810.842	3	617
dpca1g061820.842	3	618
dpca1g061850.842	3	619
dpca1g061880.842	3	620
dpca1g061900.842	3	621
dpca1g061950.842	3	622
dpca1g061960.842	3	623
dpca1g061970.842	3	624
dpca1g061990.842	3	625
dpca1g062020.842	3	626
dpca1g062030.842	3	627
dpca1g062040.842	3	628
dpca1g062060.842	3	629
dpca1g062070.842	3	630
dpca1g062080.842	3	631
dpca1g062100.842	3	632
dpca1g062110.842	3	633
dpca1g062150.842	3	634
dpca1g062160.842	3	635
dpca1g062170.842	3	636
dpca1g062180.842	3	637
dpca1g062190.842	3	638
dpca1g062200.842	3	639
dpca1g062210.842	3	640
dpca1g062220.842	3	641
dpca1g062240.842	3	642
dpca1g062270.842	3	643
dpca1g062290.842	3	644
dpca1g062310.842	3	645
dpca1g062320.842	3	646
dpca1g062350.842	3	647
dpca1g062370.842	3	648
dpca1g062400.842	3	649
dpca1g062410.842	3	650
dpca1g062420.842	3	651
dpca1g062450.842	3	652
dpca1g062470.842	3	653
dpca1g062480.842	3	654
dpca1g062490.842	3	655
dpca1g062500.842	3	656
dpca1g062520.842	3	657
dpca1g062530.842	3	658
dpca1g062540.842	3	659
dpca1g062550.842	3	660
dpca1g062580.842	3	661
dpca1g062590.842	3	662
dpca1g062610.842	3	663
dpca1g062630.842	3	664
dpca1g062640.842	3	665
dpca1g062650.842	3	666
dpca1g062660.842	3	667
dpca1g062680.842	3	668
dpca1g062700.842	3	669
dpca1g062720.842	3	670
dpca1g062740.842	3	671
dpca1g062750.842	3	672
dpca1g062760.842	3	673
dpca1g062770.842	3	674
dpca1g062780.842	3	675
dpca1g062810.842	3	676
dpca1g062830.842	3	677
dpca1g062840.842	3	678
dpca1g062850.842	3	679
dpca1g062860.842	3	680
dpca1g062870.842	3	681
dpca1g062880.842	3	682
dpca1g062890.842	3	683
dpca1g062900.842	3	684
dpca1g062920.842	3	685
dpca1g062930.842	3	686
dpca1g062960.842	3	687
dpca1g062970.842	3	688
dpca1g062980.842	3	689
dpca1g063010.842	3	690
dpca1g063040.842	3	691
dpca1g063050.842	3	692
dpca1g063060.842	3	693
dpca1g063070.842	3	694
dpca1g063080.842	3	695
dpca1g063090.842	3	696
dpca1g063100.842	3	697
dpca1g063110.842	3	698
dpca1g063120.842	3	699
dpca1g063150.842	3	700
dpca1g063180.842	3	701
dpca1g063190.842	3	702
dpca1g063210.842	3	703
dpca1g063220.842	3	704
dpca1g063240.842	3	705
dpca1g063250.842	3	706
dpca1g063260.842	3	707
dpca1g063270.842	3	708
dpca1g063280.842	3	709
dpca1g063300.842	3	710
dpca1g063310.842	3	711
dpca1g063320.842	3	712
dpca1g063330.842	3	713
dpca1g063360.842	3	714
dpca1g063390.842	3	715
dpca1g063400.842	3	716
dpca1g063410.842	3	717
dpca1g063420.842	3	718
dpca1g063440.842	3	719
dpca1g063450.842	3	720
dpca1g063460.842	3	721
dpca1g063470.842	3	722
dpca1g063480.842	3	723
dpca1g063490.842	3	724
dpca1g063520.842	3	725
dpca1g063530.842	3	726
dpca1g063540.842	3	727
dpca1g063550.842	3	728
dpca1g063560.842	3	729
dpca1g063570.842	3	730
dpca1g063580.842	3	731
dpca1g063590.842	3	732
dpca1g063600.842	3	733
dpca1g063610.842	3	734
dpca1g063650.842	3	735
dpca1g063660.842	3	736
dpca1g063670.842	3	737
dpca1g063680.842	3	738
dpca1g063690.842	3	739
dpca1g063710.842	3	740
dpca1g063750.842	3	741
dpca1g063790.842	3	742
dpca1g063800.842	3	743
dpca1g063810.842	3	744
dpca1g063820.842	3	745
dpca1g063830.842	3	746
dpca1g063840.842	3	747
dpca1g063880.842	3	748
dpca1g063940.842	3	749
dpca1g063950.842	3	750
dpca1g063960.842	3	751
dpca1g063970.842	3	752
dpca1g063980.842	3	753
dpca1g064000.842	3	754
dpca1g064010.842	3	755
dpca1g064020.842	3	756
dpca1g064030.842	3	757
dpca1g064040.842	3	758
dpca1g064070.842	3	759
dpca1g064110.842	3	760
dpca1g064120.842	3	761
dpca1g064130.842	3	762
dpca1g064140.842	3	763
dpca1g064150.842	3	764
dpca1g064160.842	3	765
dpca1g064170.842	3	766
dpca1g064180.842	3	767
dpca1g064190.842	3	768
dpca1g064200.842	3	769
dpca1g064230.842	3	770
dpca1g064240.842	3	771
dpca1g064250.842	3	772
dpca1g064260.842	3	773
dpca1g064270.842	3	774
dpca1g064280.842	3	775
dpca1g064300.842	3	776
dpca1g064330.842	3	777
dpca1g064360.842	3	778
dpca1g064380.842	3	779
dpca1g064440.842	3	780
dpca1g064450.842	3	781
dpca1g064460.842	3	782
dpca1g064470.842	3	783
dpca1g064480.842	3	784
dpca1g064490.842	3	785
dpca1g064500.842	3	786
dpca1g064530.842	3	787
dpca1g064560.842	3	788
dpca1g064570.842	3	789
dpca1g064580.842	3	790
dpca1g064590.842	3	791
dpca1g064600.842	3	792
dpca1g064620.842	3	793
dpca1g064630.842	3	794
dpca1g064640.842	3	795
dpca1g064660.842	3	796
dpca1g064690.842	3	797
dpca1g064700.842	3	798
dpca1g064720.842	3	799
dpca1g064750.842	3	800
dpca1g064760.842	3	801
dpca1g064770.842	3	802
dpca1g064780.842	3	803
dpca1g064800.842	3	804
dpca1g064810.842	3	805
dpca1g064820.842	3	806
dpca1g064830.842	3	807
dpca1g064840.842	3	808
dpca1g064900.842	3	809
dpca1g064950.842	3	810
dpca1g064970.842	3	811
dpca1g064980.842	3	812
dpca1g065000.842	3	813
dpca1g065020.842	3	814
dpca1g065040.842	3	815
dpca1g065050.842	3	816
dpca1g065090.842	3	817
dpca1g065100.842	3	818
dpca1g065110.842	3	819
dpca1g065170.842	3	820
dpca1g065180.842	3	821
dpca1g065230.842	3	822
dpca1g065260.842	3	823
dpca1g065280.842	3	824
dpca1g065300.842	3	825
dpca1g065310.842	3	826
dpca1g065350.842	3	827
dpca1g065370.842	3	828
dpca1g065380.842	3	829
dpca1g065390.842	3	830
dpca1g065400.842	3	831
dpca1g065410.842	3	832
dpca1g065420.842	3	833
dpca1g065430.842	3	834
dpca1g065440.842	3	835
dpca1g065470.842	3	836
dpca1g065480.842	3	837
dpca1g065490.842	3	838
dpca1g065500.842	3	839
dpca1g065520.842	3	840
dpca1g065540.842	3	841
dpca1g065550.842	3	842
dpca1g065560.842	3	843
dpca1g065630.842	3	844
dpca1g065650.842	3	845
dpca1g065660.842	3	846
dpca1g065680.842	3	847
dpca1g065690.842	3	848
dpca1g065720.842	3	849
dpca1g065730.842	3	850
dpca1g065750.842	3	851
dpca1g065790.842	3	852
dpca1g065800.842	3	853
dpca1g065820.842	3	854
dpca1g065830.842	3	855
dpca1g065840.842	3	856
dpca1g065850.842	3	857
dpca1g065860.842	3	858
dpca1g065870.842	3	859
dpca1g065910.842	3	860
dpca1g065920.842	3	861
dpca1g065940.842	3	862
dpca1g065950.842	3	863
dpca1g065960.842	3	864
dpca1g065970.842	3	865
dpca1g065980.842	3	866
dpca1g065990.842	3	867
dpca1g066000.842	3	868
dpca1g066010.842	3	869
dpca1g066030.842	3	870
dpca1g066040.842	3	871
dpca1g066050.842	3	872
dpca1g066060.842	3	873
dpca1g066080.842	3	874
dpca1g066090.842	3	875
dpca1g066110.842	3	876
dpca1g066120.842	3	877
dpca1g066130.842	3	878
dpca1g066150.842	3	879
dpca1g066160.842	3	880
dpca1g066170.842	3	881
dpca1g066180.842	3	882
dpca1g066190.842	3	883
dpca1g066200.842	3	884
dpca1g066210.842	3	885
dpca1g066220.842	3	886
dpca1g066230.842	3	887
dpca1g066240.842	3	888
dpca1g066250.842	3	889
dpca1g066260.842	3	890
dpca1g066270.842	3	891
dpca1g066280.842	3	892
dpca1g066290.842	3	893
dpca1g066300.842	3	894
dpca1g066310.842	3	895
dpca1g066320.842	3	896
dpca1g066350.842	3	897
dpca1g066360.842	3	898
dpca1g066370.842	3	899
dpca1g066380.842	3	900
dpca1g066390.842	3	901
dpca1g066400.842	3	902
dpca1g066410.842	3	903
dpca1g066420.842	3	904
dpca1g066430.842	3	905
dpca1g066440.842	3	906
dpca1g066470.842	3	907
dpca1g066480.842	3	908
dpca1g066490.842	3	909
dpca1g066500.842	3	910
dpca1g066510.842	3	911
dpca1g066520.842	3	912
dpca1g066560.842	3	913
dpca1g066570.842	3	914
dpca1g066580.842	3	915
dpca1g066590.842	3	916
dpca1g066610.842	3	917
dpca1g066620.842	3	918
dpca1g066630.842	3	919
dpca1g066640.842	3	920
dpca1g066660.842	3	921
dpca1g066670.842	3	922
dpca1g066680.842	3	923
dpca1g066700.842	3	924
dpca1g066710.842	3	925
dpca1g066720.842	3	926
dpca1g066730.842	3	927
dpca1g066760.842	3	928
dpca1g066780.842	3	929
dpca1g066790.842	3	930
dpca1g066800.842	3	931
dpca1g066810.842	3	932
dpca1g066820.842	3	933
dpca1g066830.842	3	934
dpca1g066840.842	3	935
dpca1g066850.842	3	936
dpca1g066860.842	3	937
dpca1g066870.842	3	938
dpca1g066880.842	3	939
dpca1g066890.842	3	940
dpca1g066900.842	3	941
dpca1g066920.842	3	942
dpca1g066930.842	3	943
dpca1g066940.842	3	944
dpca1g066960.842	3	945
dpca1g066970.842	3	946
dpca1g066980.842	3	947
dpca1g066990.842	3	948
dpca1g067000.842	3	949
dpca1g067010.842	3	950
dpca1g067020.842	3	951
dpca1g067030.842	3	952
dpca1g067040.842	3	953
dpca1g067050.842	3	954
dpca1g067060.842	3	955
dpca1g067080.842	3	956
dpca1g067090.842	3	957
dpca1g067100.842	3	958
dpca1g067110.842	3	959
dpca1g067120.842	3	960
dpca1g067130.842	3	961
dpca1g067140.842	3	962
dpca1g067150.842	3	963
dpca1g067160.842	3	964
dpca1g067200.842	3	965
dpca1g067330.842	3	966
dpca1g067340.842	3	967
dpca1g067350.842	3	968
dpca1g067360.842	3	969
dpca1g067380.842	3	970
dpca1g067390.842	3	971
dpca1g067400.842	3	972
dpca1g067430.842	3	973
dpca1g067440.842	3	974
dpca1g067460.842	3	975
dpca1g067470.842	3	976
dpca1g067480.842	3	977
dpca1g067490.842	3	978
dpca1g067500.842	3	979
dpca1g067510.842	3	980
dpca1g067520.842	3	981
dpca1g067530.842	3	982
dpca1g067540.842	3	983
dpca1g067560.842	3	984
dpca1g067580.842	3	985
dpca1g067620.842	3	986
dpca1g067630.842	3	987
dpca1g067640.842	3	988
dpca1g067660.842	3	989
dpca1g067680.842	3	990
dpca1g067740.842	3	991
dpca1g067760.842	3	992
dpca1g067770.842	3	993
dpca1g067780.842	3	994
dpca1g067790.842	3	995
dpca1g067800.842	3	996
dpca1g067810.842	3	997
dpca1g067820.842	3	998
dpca1g067830.842	3	999
dpca1g067850.842	3	1000
dpca1g067860.842	3	1001
dpca1g067870.842	3	1002
dpca1g067880.842	3	1003
dpca1g067890.842	3	1004
dpca1g067900.842	3	1005
dpca1g067930.842	3	1006
dpca1g067940.842	3	1007
dpca1g067950.842	3	1008
dpca1g067960.842	3	1009
dpca1g067980.842	3	1010
dpca1g067990.842	3	1011
dpca1g068000.842	3	1012
dpca1g068020.842	3	1013
dpca1g068030.842	3	1014
dpca1g068040.842	3	1015
dpca1g068060.842	3	1016
dpca1g068090.842	3	1017
dpca1g068100.842	3	1018
dpca1g068120.842	3	1019
dpca1g068140.842	3	1020
dpca1g068150.842	3	1021
dpca1g068200.842	3	1022
dpca1g068210.842	3	1023
dpca1g068220.842	4	0
dpca1g068230.842	4	1
dpca1g068240.842	4	2
dpca1g068250.842	4	3
dpca1g068270.842	4	4
dpca1g068330.842	4	5
dpca1g068340.842	4	6
dpca1g068350.842	4	7
dpca1g068360.842	4	8
dpca1g068370.842	4	9
dpca1g068380.842	4	10
dpca1g068390.842	4	11
dpca1g068400.842	4	12
dpca1g068410.842	4	13
dpca1g068420.842	4	14
dpca1g068430.842	4	15
dpca1g068450.842	4	16
dpca1g068460.842	4	17
dpca1g068470.842	4	18
dpca1g068480.842	4	19
dpca1g068510.842	4	20
dpca1g068520.842	4	21
dpca1g068530.842	4	22
dpca1g068550.842	4	23
dpca1g068580.842	4	24
dpca1g068620.842	4	25
dpca1g068630.842	4	26
dpca1g068640.842	4	27
dpca1g068650.842	4	28
dpca1g068670.842	4	29
dpca1g068680.842	4	30
dpca1g068690.842	4	31
dpca1g068700.842	4	32
dpca1g068710.842	4	33
dpca1g068730.842	4	34
dpca1g068750.842	4	35
dpca1g068760.842	4	36
dpca1g068770.842	4	37
dpca1g068780.842	4	38
dpca1g068790.842	4	39
dpca1g068800.842	4	40
dpca1g068810.842	4	41
dpca1g068820.842	4	42
dpca1g068830.842	4	43
dpca1g068840.842	4	44
dpca1g068850.842	4	45
dpca1g068860.842	4	46
dpca1g068870.842	4	47
dpca1g068880.842	4	48
dpca1g068890.842	4	49
dpca1g068900.842	4	50
dpca1g068910.842	4	51
dpca1g068940.842	4	52
dpca1g068950.842	4	53
dpca1g068960.842	4	54
dpca1g068990.842	4	55
dpca1g069000.842	4	56
dpca1g069040.842	4	57
dpca1g069070.842	4	58
dpca1g069080.842	4	59
dpca1g069090.842	4	60
dpca1g069110.842	4	61
dpca1g069120.842	4	62
dpca1g069130.842	4	63
dpca1g069140.842	4	64
dpca1g069150.842	4	65
dpca1g069160.842	4	66
dpca1g069170.842	4	67
dpca1g069180.842	4	68
dpca1g069210.842	4	69
dpca1g069230.842	4	70
dpca1g069240.842	4	71
dpca1g069250.842	4	72
dpca1g069260.842	4	73
dpca1g069310.842	4	74
dpca1g069320.842	4	75
dpca1g069330.842	4	76
dpca1g069340.842	4	77
dpca1g069360.842	4	78
dpca1g069430.842	4	79
dpca1g069440.842	4	80
dpca1g069450.842	4	81
dpca1g069490.842	4	82
dpca1g069500.842	4	83
dpca1g069520.842	4	84
dpca1g069530.842	4	85
dpca1g069540.842	4	86
dpca1g069550.842	4	87
dpca1g069580.842	4	88
dpca1g069590.842	4	89
dpca1g069610.842	4	90
dpca1g069660.842	4	91
dpca1g069720.842	4	92
dpca1g069750.842	4	93
dpca1g069760.842	4	94
dpca1g069790.842	4	95
dpca1g069800.842	4	96
dpca1g069810.842	4	97
dpca1g069850.842	4	98
dpca1g069860.842	4	99
dpca1g069890.842	4	100
dpca1g069900.842	4	101
dpca1g069920.842	4	102
dpca1g069960.842	4	103
dpca1g069970.842	4	104
dpca1g069990.842	4	105
dpca1g070000.842	4	106
dpca1g070010.842	4	107
dpca1g070060.842	4	108
dpca1g070080.842	4	109
dpca1g070100.842	4	110
dpca1g070110.842	4	111
dpca1g070130.842	4	112
dpca1g070150.842	4	113
dpca1g070180.842	4	114
dpca1g070200.842	4	115
dpca1g070250.842	4	116
dpca1g070260.842	4	117
dpca1g070270.842	4	118
dpca1g070280.842	4	119
dpca1g070290.842	4	120
dpca1g070300.842	4	121
dpca1g070310.842	4	122
dpca1g070320.842	4	123
dpca1g070330.842	4	124
dpca1g070340.842	4	125
dpca1g070350.842	4	126
dpca1g070360.842	4	127
dpca1g070370.842	4	128
dpca1g070380.842	4	129
dpca1g070390.842	4	130
dpca1g070400.842	4	131
dpca1g070410.842	4	132
dpca1g070430.842	4	133
dpca1g070440.842	4	134
dpca1g070450.842	4	135
dpca1g070460.842	4	136
dpca1g070470.842	4	137
dpca1g070490.842	4	138
dpca1g070510.842	4	139
dpca1g070520.842	4	140
dpca1g070530.842	4	141
dpca1g070540.842	4	142
dpca1g070550.842	4	143
dpca1g070560.842	4	144
dpca1g070570.842	4	145
dpca1g070590.842	4	146
dpca1g070600.842	4	147
dpca1g070610.842	4	148
dpca1g070620.842	4	149
dpca1g070640.842	4	150
dpca1g070650.842	4	151
dpca1g070660.842	4	152
dpca1g070690.842	4	153
dpca1g070700.842	4	154
dpca1g070710.842	4	155
dpca1g070720.842	4	156
dpca1g070730.842	4	157
dpca1g070780.842	4	158
dpca1g070790.842	4	159
dpca1g070800.842	4	160
dpca1g070810.842	4	161
dpca1g070820.842	4	162
dpca1g070830.842	4	163
dpca1g070850.842	4	164
dpca1g070870.842	4	165
dpca1g070880.842	4	166
dpca1g070890.842	4	167
dpca1g070900.842	4	168
dpca1g070910.842	4	169
dpca1g070930.842	4	170
dpca1g070940.842	4	171
dpca1g070950.842	4	172
dpca1g070970.842	4	173
dpca1g070980.842	4	174
dpca1g071010.842	4	175
dpca1g071020.842	4	176
dpca1g071030.842	4	177
dpca1g071040.842	4	178
dpca1g071050.842	4	179
dpca1g071060.842	4	180
dpca1g071080.842	4	181
dpca1g071130.842	4	182
dpca1g071150.842	4	183
dpca1g071160.842	4	184
dpca1g071180.842	4	185
dpca1g071210.842	4	186
dpca1g071230.842	4	187
dpca1g071240.842	4	188
dpca1g071250.842	4	189
dpca1g071260.842	4	190
dpca1g071270.842	4	191
dpca1g071300.842	4	192
dpca1g071310.842	4	193
dpca1g071340.842	4	194
dpca1g071390.842	4	195
dpca1g071400.842	4	196
dpca1g071410.842	4	197
dpca1g071450.842	4	198
dpca1g071460.842	4	199
dpca1g071470.842	4	200
dpca1g071480.842	4	201
dpca1g071500.842	4	202
dpca1g071510.842	4	203
dpca1g071520.842	4	204
dpca1g071530.842	4	205
dpca1g071550.842	4	206
dpca1g071560.842	4	207
dpca1g071580.842	4	208
dpca1g071590.842	4	209
dpca1g071600.842	4	210
dpca1g071610.842	4	211
dpca1g071630.842	4	212
dpca1g071650.842	4	213
dpca1g071660.842	4	214
dpca1g071670.842	4	215
dpca1g071690.842	4	216
dpca1g071700.842	4	217
dpca1g071720.842	4	218
dpca1g071730.842	4	219
dpca1g071740.842	4	220
dpca1g071750.842	4	221
dpca1g071770.842	4	222
dpca1g071780.842	4	223
dpca1g071790.842	4	224
dpca1g071800.842	4	225
dpca1g071810.842	4	226
dpca1g071820.842	4	227
dpca1g071830.842	4	228
dpca1g071840.842	4	229
dpca1g071850.842	4	230
dpca1g071860.842	4	231
dpca1g071870.842	4	232
dpca1g071880.842	4	233
dpca1g071900.842	4	234
dpca1g071910.842	4	235
dpca1g071920.842	4	236
dpca1g071930.842	4	237
dpca1g071940.842	4	238
dpca1g071950.842	4	239
dpca1g071960.842	4	240
dpca1g071970.842	4	241
dpca1g071980.842	4	242
dpca1g072000.842	4	243
dpca1g072010.842	4	244
dpca1g072020.842	4	245
dpca1g072030.842	4	246
dpca1g072040.842	4	247
dpca1g072050.842	4	248
dpca1g072060.842	4	249
dpca1g072070.842	4	250
dpca1g072080.842	4	251
dpca1g072090.842	4	252
dpca1g072100.842	4	253
dpca1g072110.842	4	254
dpca1g072120.842	4	255
dpca1g072130.842	4	256
dpca1g072140.842	4	257
dpca1g072150.842	4	258
dpca1g072160.842	4	259
dpca1g072170.842	4	260
dpca1g072190.842	4	261
dpca1g072210.842	4	262
dpca1g072230.842	4	263
dpca1g072270.842	4	264
dpca1g072280.842	4	265
dpca1g072290.842	4	266
dpca1g072300.842	4	267
dpca1g072310.842	4	268
dpca1g072320.842	4	269
dpca1g072330.842	4	270
dpca1g072340.842	4	271
dpca1g072350.842	4	272
dpca1g072360.842	4	273
dpca1g072370.842	4	274
dpca1g072380.842	4	275
dpca1g072390.842	4	276
dpca1g072400.842	4	277
dpca1g072410.842	4	278
dpca1g072420.842	4	279
dpca1g072430.842	4	280
dpca1g072450.842	4	281
dpca1g072460.842	4	282
dpca1g072480.842	4	283
dpca1g072490.842	4	284
dpca1g072500.842	4	285
dpca1g072510.842	4	286
dpca1g072520.842	4	287
dpca1g072530.842	4	288
dpca1g072550.842	4	289
dpca1g072560.842	4	290
dpca1g072570.842	4	291
dpca1g072580.842	4	292
dpca1g072590.842	4	293
dpca1g072600.842	4	294
dpca1g072610.842	4	295
dpca1g072620.842	4	296
dpca1g072630.842	4	297
dpca1g072640.842	4	298
dpca1g072650.842	4	299
dpca1g072660.842	4	300
dpca1g072670.842	4	301
dpca1g072680.842	4	302
dpca1g072690.842	4	303
dpca1g072710.842	4	304
dpca1g072730.842	4	305
dpca1g072740.842	4	306
dpca1g072760.842	4	307
dpca1g072770.842	4	308
dpca1g072810.842	4	309
dpca1g072820.842	4	310
dpca1g072830.842	4	311
dpca1g072880.842	4	312
dpca1g072900.842	4	313
dpca1g072910.842	4	314
dpca1g072940.842	4	315
dpca1g072950.842	4	316
dpca1g072960.842	4	317
dpca1g072970.842	4	318
dpca1g073000.842	4	319
dpca1g073010.842	4	320
dpca1g073020.842	4	321
dpca1g073040.842	4	322
dpca1g073070.842	4	323
dpca1g073080.842	4	324
dpca1g073090.842	4	325
dpca1g073100.842	4	326
dpca1g073110.842	4	327
dpca1g073120.842	4	328
dpca1g073130.842	4	329
dpca1g073160.842	4	330
dpca1g073180.842	4	331
dpca1g073190.842	4	332
dpca1g073200.842	4	333
dpca1g073210.842	4	334
dpca1g073220.842	4	335
dpca1g073230.842	4	336
dpca1g073240.842	4	337
dpca1g073250.842	4	338
dpca1g073260.842	4	339
dpca1g073270.842	4	340
dpca1g073300.842	4	341
dpca1g073340.842	4	342
dpca1g073350.842	4	343
dpca1g073360.842	4	344
dpca1g073370.842	4	345
dpca1g073400.842	4	346
dpca1g073410.842	4	347
dpca1g073420.842	4	348
dpca1g073430.842	4	349
dpca1g073440.842	4	350
dpca1g073450.842	4	351
dpca1g073460.842	4	352
dpca1g073470.842	4	353
dpca1g073480.842	4	354
dpca1g073520.842	4	355
dpca1g073550.842	4	356
dpca1g073560.842	4	357
dpca1g073570.842	4	358
dpca1g073610.842	4	359
dpca1g073620.842	4	360
dpca1g073630.842	4	361
dpca1g073640.842	4	362
dpca1g073650.842	4	363
dpca1g073660.842	4	364
dpca1g073670.842	4	365
dpca1g073680.842	4	366
dpca1g073690.842	4	367
dpca1g073700.842	4	368
dpca1g073710.842	4	369
dpca1g073730.842	4	370
dpca1g073740.842	4	371
dpca1g073750.842	4	372
dpca1g073770.842	4	373
dpca1g073780.842	4	374
dpca1g073790.842	4	375
dpca1g073800.842	4	376
dpca1g073830.842	4	377
dpca1g073840.842	4	378
dpca1g073850.842	4	379
dpca1g073860.842	4	380
dpca1g073870.842	4	381
dpca1g073890.842	4	382
dpca1g073900.842	4	383
dpca1g073910.842	4	384
dpca1g073920.842	4	385
dpca1g073930.842	4	386
dpca1g073970.842	4	387
dpca1g073990.842	4	388
dpca1g074000.842	4	389
dpca1g074010.842	4	390
dpca1g074030.842	4	391
dpca1g074040.842	4	392
dpca1g074050.842	4	393
dpca1g074060.842	4	394
dpca1g074070.842	4	395
dpca1g074090.842	4	396
dpca1g074100.842	4	397
dpca1g074110.842	4	398
dpca1g074120.842	4	399
dpca1g074130.842	4	400
dpca1g074150.842	4	401
dpca1g074160.842	4	402
dpca1g074200.842	4	403
dpca1g074260.842	4	404
dpca1g074270.842	4	405
dpca1g074280.842	4	406
dpca1g074290.842	4	407
dpca1g074300.842	4	408
dpca1g074310.842	4	409
dpca1g074320.842	4	410
dpca1g074350.842	4	411
dpca1g074360.842	4	412
dpca1g074370.842	4	413
dpca1g074380.842	4	414
dpca1g074410.842	4	415
dpca1g074420.842	4	416
dpca1g074440.842	4	417
dpca1g074450.842	4	418
dpca1g074460.842	4	419
dpca1g074470.842	4	420
dpca1g074490.842	4	421
dpca1g074500.842	4	422
dpca1g074510.842	4	423
dpca1g074520.842	4	424
dpca1g074550.842	4	425
dpca1g074560.842	4	426
dpca1g074570.842	4	427
dpca1g074580.842	4	428
dpca1g074590.842	4	429
dpca1g074600.842	4	430
dpca1g074610.842	4	431
dpca1g074620.842	4	432
dpca1g074640.842	4	433
dpca1g074650.842	4	434
dpca1g074670.842	4	435
dpca1g074680.842	4	436
dpca1g074690.842	4	437
dpca1g074700.842	4	438
dpca1g074710.842	4	439
dpca1g074720.842	4	440
dpca1g074730.842	4	441
dpca1g074740.842	4	442
dpca1g074750.842	4	443
dpca1g074760.842	4	444
dpca1g074770.842	4	445
dpca1g074780.842	4	446
dpca1g074790.842	4	447
dpca1g074800.842	4	448
dpca1g074820.842	4	449
dpca1g074830.842	4	450
dpca1g074840.842	4	451
dpca1g074850.842	4	452
dpca1g074870.842	4	453
dpca1g074880.842	4	454
dpca1g074890.842	4	455
dpca1g074900.842	4	456
dpca1g074910.842	4	457
dpca1g074920.842	4	458
dpca1g074930.842	4	459
dpca1g074940.842	4	460
dpca1g074950.842	4	461
dpca1g074970.842	4	462
dpca1g074980.842	4	463
dpca1g074990.842	4	464
dpca1g075000.842	4	465
dpca1g075030.842	4	466
dpca1g075040.842	4	467
dpca1g075050.842	4	468
dpca1g075060.842	4	469
dpca1g075090.842	4	470
dpca1g075110.842	4	471
dpca1g075120.842	4	472
dpca1g075130.842	4	473
dpca1g075140.842	4	474
dpca1g075150.842	4	475
dpca1g075160.842	4	476
dpca1g075180.842	4	477
dpca1g075210.842	4	478
dpca1g075220.842	4	479
dpca1g075230.842	4	480
dpca1g075240.842	4	481
dpca1g075250.842	4	482
dpca1g075260.842	4	483
dpca1g075270.842	4	484
dpca1g075280.842	4	485
dpca1g075290.842	4	486
dpca1g075300.842	4	487
dpca1g075310.842	4	488
dpca1g075320.842	4	489
dpca1g075330.842	4	490
dpca1g075340.842	4	491
dpca1g075350.842	4	492
dpca1g075360.842	4	493
dpca1g075370.842	4	494
dpca1g075380.842	4	495
dpca1g075390.842	4	496
dpca1g075400.842	4	497
dpca1g075410.842	4	498
dpca1g075420.842	4	499
dpca1g075450.842	4	500
dpca1g075460.842	4	501
dpca1g075470.842	4	502
dpca1g075490.842	4	503
dpca1g075500.842	4	504
dpca1g075510.842	4	505
dpca1g075520.842	4	506
dpca1g075530.842	4	507
dpca1g075550.842	4	508
dpca1g075560.842	4	509
dpca1g075580.842	4	510
dpca1g075590.842	4	511
dpca1g075600.842	4	512
dpca1g075610.842	4	513
dpca1g075620.842	4	514
dpca1g075630.842	4	515
dpca1g075640.842	4	516
dpca1g075660.842	4	517
dpca1g075670.842	4	518
dpca1g075680.842	4	519
dpca1g075690.842	4	520
dpca1g075700.842	4	521
dpca1g075710.842	4	522
dpca1g075730.842	4	523
dpca1g075740.842	4	524
dpca1g075750.842	4	525
dpca1g075760.842	4	526
dpca1g075790.842	4	527
dpca1g075800.842	4	528
dpca1g075810.842	4	529
dpca1g075820.842	4	530
dpca1g075830.842	4	531
dpca1g075840.842	4	532
dpca1g075850.842	4	533
dpca1g075860.842	4	534
dpca1g075870.842	4	535
dpca1g075880.842	4	536
dpca1g075890.842	4	537
dpca1g075900.842	4	538
dpca1g075910.842	4	539
dpca1g075920.842	4	540
dpca1g075930.842	4	541
dpca1g075940.842	4	542
dpca1g075950.842	4	543
dpca1g075960.842	4	544
dpca1g075970.842	4	545
dpca1g075980.842	4	546
dpca1g076010.842	4	547
dpca1g076020.842	4	548
dpca1g076030.842	4	549
dpca1g076040.842	4	550
dpca1g076050.842	4	551
dpca1g076060.842	4	552
dpca1g076070.842	4	553
dpca1g076080.842	4	554
dpca1g076090.842	4	555
dpca1g076100.842	4	556
dpca1g076110.842	4	557
dpca1g076120.842	4	558
dpca1g076140.842	4	559
dpca1g076180.842	4	560
dpca1g076190.842	4	561
dpca1g076200.842	4	562
dpca1g076220.842	4	563
dpca1g076250.842	4	564
dpca1g076260.842	4	565
dpca1g076270.842	4	566
dpca1g076280.842	4	567
dpca1g076300.842	4	568
dpca1g076310.842	4	569
dpca1g076320.842	4	570
dpca1g076330.842	4	571
dpca1g076360.842	4	572
dpca1g076370.842	4	573
dpca1g076380.842	4	574
dpca1g076390.842	4	575
dpca1g076400.842	4	576
dpca1g076410.842	4	577
dpca1g076430.842	4	578
dpca1g076440.842	4	579
dpca1g076470.842	4	580
dpca1g076480.842	4	581
dpca1g076490.842	4	582
dpca1g076500.842	4	583
dpca1g076540.842	4	584
dpca1g076550.842	4	585
dpca1g076560.842	4	586
dpca1g076570.842	4	587
dpca1g076590.842	4	588
dpca1g076610.842	4	589
dpca1g076620.842	4	590
dpca1g076630.842	4	591
dpca1g076640.842	4	592
dpca1g076660.842	4	593
dpca1g076670.842	4	594
dpca1g076690.842	4	595
dpca1g076700.842	4	596
dpca1g076720.842	4	597
dpca1g076730.842	4	598
dpca1g076740.842	4	599
dpca1g076750.842	4	600
dpca1g076760.842	4	601
dpca1g076770.842	4	602
dpca1g076780.842	4	603
dpca1g076820.842	4	604
dpca1g076830.842	4	605
dpca1g076840.842	4	606
dpca1g076850.842	4	607
dpca1g076860.842	4	608
dpca1g076870.842	4	609
dpca1g076880.842	4	610
dpca1g076900.842	4	611
dpca1g076920.842	4	612
dpca1g076930.842	4	613
dpca1g076940.842	4	614
dpca1g076950.842	4	615
dpca1g076980.842	4	616
dpca1g076990.842	4	617
dpca1g077000.842	4	618
dpca1g077010.842	4	619
dpca1g077020.842	4	620
dpca1g077030.842	4	621
dpca1g077040.842	4	622
dpca1g077050.842	4	623
dpca1g077060.842	4	624
dpca1g077070.842	4	625
dpca1g077080.842	4	626
dpca1g077110.842	4	627
dpca1g077120.842	4	628
dpca1g077130.842	4	629
dpca1g077140.842	4	630
dpca1g077150.842	4	631
dpca1g077170.842	4	632
dpca1g077180.842	4	633
dpca1g077190.842	4	634
dpca1g077200.842	4	635
dpca1g077210.842	4	636
dpca1g077220.842	4	637
dpca1g077270.842	4	638
dpca1g077280.842	4	639
dpca1g077290.842	4	640
dpca1g077350.842	4	641
dpca1g077390.842	4	642
dpca1g077450.842	4	643
dpca1g077460.842	4	644
dpca1g077470.842	4	645
dpca1g077480.842	4	646
dpca1g077490.842	4	647
dpca1g077500.842	4	648
dpca1g077510.842	4	649
dpca1g077520.842	4	650
dpca1g077530.842	4	651
dpca1g077540.842	4	652
dpca1g077550.842	4	653
dpca1g077560.842	4	654
dpca1g077580.842	4	655
dpca1g077590.842	4	656
dpca1g077620.842	4	657
dpca1g077640.842	4	658
dpca1g077660.842	4	659
dpca1g077670.842	4	660
dpca1g077680.842	4	661
dpca1g077700.842	4	662
dpca1g077750.842	4	663
dpca1g077790.842	4	664
dpca1g077800.842	4	665
dpca1g077810.842	4	666
dpca1g077820.842	4	667
dpca1g077830.842	4	668
dpca1g077840.842	4	669
dpca1g077850.842	4	670
dpca1g077860.842	4	671
dpca1g077870.842	4	672
dpca1g077880.842	4	673
dpca1g077920.842	4	674
dpca1g077940.842	4	675
dpca1g077960.842	4	676
dpca1g077990.842	4	677
dpca1g078000.842	4	678
dpca1g078010.842	4	679
dpca1g078030.842	4	680
dpca1g078040.842	4	681
dpca1g078050.842	4	682
dpca1g078060.842	4	683
dpca1g078070.842	4	684
dpca1g078090.842	4	685
dpca1g078110.842	4	686
dpca1g078120.842	4	687
dpca1g078130.842	4	688
dpca1g078140.842	4	689
dpca1g078150.842	4	690
dpca1g078160.842	4	691
dpca1g078170.842	4	692
dpca1g078180.842	4	693
dpca1g078190.842	4	694
dpca1g078200.842	4	695
dpca1g078210.842	4	696
dpca1g078220.842	4	697
dpca1g078240.842	4	698
dpca1g078260.842	4	699
dpca1g078300.842	4	700
dpca1g078320.842	4	701
dpca1g078330.842	4	702
dpca1g078340.842	4	703
dpca1g078350.842	4	704
dpca1g078360.842	4	705
dpca1g078390.842	4	706
dpca1g078400.842	4	707
dpca1g078410.842	4	708
dpca1g078420.842	4	709
dpca1g078430.842	4	710
dpca1g078440.842	4	711
dpca1g078450.842	4	712
dpca1g078460.842	4	713
dpca1g078470.842	4	714
dpca1g078480.842	4	715
dpca1g078490.842	4	716
dpca1g078510.842	4	717
dpca1g078520.842	4	718
dpca1g078530.842	4	719
dpca1g078540.842	4	720
dpca1g078550.842	4	721
dpca1g078560.842	4	722
dpca1g078570.842	4	723
dpca1g078580.842	4	724
dpca1g078590.842	4	725
dpca1g078600.842	4	726
dpca1g078610.842	4	727
dpca1g078630.842	4	728
dpca1g078640.842	4	729
dpca1g078650.842	4	730
dpca1g078660.842	4	731
dpca1g078670.842	4	732
dpca1g078680.842	4	733
dpca1g078690.842	4	734
dpca1g078700.842	4	735
dpca1g078710.842	4	736
dpca1g078720.842	4	737
dpca1g078730.842	4	738
dpca1g078740.842	4	739
dpca1g078760.842	4	740
dpca1g078770.842	4	741
dpca1g078780.842	4	742
dpca1g078790.842	4	743
dpca1g078800.842	4	744
dpca1g078810.842	4	745
dpca1g078820.842	4	746
dpca1g078830.842	4	747
dpca1g078840.842	4	748
dpca1g078850.842	4	749
dpca1g078860.842	4	750
dpca1g078870.842	4	751
dpca1g078880.842	4	752
dpca1g078890.842	4	753
dpca1g078900.842	4	754
dpca1g078920.842	4	755
dpca1g078930.842	4	756
dpca1g078940.842	4	757
dpca1g078950.842	4	758
dpca1g078960.842	4	759
dpca1g078970.842	4	760
dpca1g078980.842	4	761
dpca1g078990.842	4	762
dpca1g079000.842	4	763
dpca1g079010.842	4	764
dpca1g079020.842	4	765
dpca1g079030.842	4	766
dpca1g079040.842	4	767
dpca1g079050.842	4	768
dpca1g079060.842	4	769
dpca1g079070.842	4	770
dpca1g079080.842	4	771
dpca1g079090.842	4	772
dpca1g079100.842	4	773
dpca1g079120.842	4	774
dpca1g079140.842	4	775
dpca1g079150.842	4	776
dpca1g079160.842	4	777
dpca1g079180.842	4	778
dpca1g079190.842	4	779
dpca1g079240.842	4	780
dpca1g079300.842	4	781
dpca1g079310.842	4	782
dpca1g079320.842	4	783
dpca1g079330.842	4	784
dpca1g079350.842	4	785
dpca1g079360.842	4	786
dpca1g079370.842	4	787
dpca1g079380.842	4	788
dpca1g079390.842	4	789
dpca1g079400.842	4	790
dpca1g079410.842	4	791
dpca1g079420.842	4	792
dpca1g079430.842	4	793
dpca1g079440.842	4	794
dpca1g079450.842	4	795
dpca1g079460.842	4	796
dpca1g079470.842	4	797
dpca1g079480.842	4	798
dpca1g079490.842	4	799
dpca1g079520.842	4	800
dpca1g079530.842	4	801
dpca1g079540.842	4	802
dpca1g079550.842	4	803
dpca1g079570.842	4	804
dpca1g079580.842	4	805
dpca1g079590.842	4	806
dpca1g079610.842	4	807
dpca1g079620.842	4	808
dpca1g079630.842	4	809
dpca1g079640.842	4	810
dpca1g079660.842	4	811
dpca1g079670.842	4	812
dpca1g079680.842	4	813
dpca1g079690.842	4	814
dpca1g079700.842	4	815
dpca1g079710.842	4	816
dpca1g079720.842	4	817
dpca1g079730.842	4	818
dpca1g079740.842	4	819
dpca1g079750.842	4	820
dpca1g079780.842	4	821
dpca1g079790.842	4	822
dpca1g079800.842	4	823
dpca1g079810.842	4	824
dpca1g079820.842	4	825
dpca1g079830.842	4	826
dpca1g079840.842	4	827
dpca1g079850.842	4	828
dpca1g079860.842	4	829
dpca1g079880.842	4	830
dpca1g079890.842	4	831
dpca1g079900.842	4	832
dpca1g079910.842	4	833
dpca1g079920.842	4	834
dpca1g079930.842	4	835
dpca1g079940.842	4	836
dpca1g079950.842	4	837
dpca1g079960.842	4	838
dpca1g079970.842	4	839
dpca1g080000.842	4	840
dpca1g080010.842	4	841
dpca1g080020.842	4	842
dpca1g080030.842	4	843
dpca1g080050.842	4	844
dpca1g080060.842	4	845
dpca1g080070.842	4	846
dpca1g080080.842	4	847
dpca1g080090.842	4	848
dpca1g080100.842	4	849
dpca1g080110.842	4	850
dpca1g080120.842	4	851
dpca1g080130.842	4	852
dpca1g080150.842	4	853
dpca1g080160.842	4	854
dpca1g080170.842	4	855
dpca1g080180.842	4	856
dpca1g080190.842	4	857
dpca1g080200.842	4	858
dpca1g080210.842	4	859
dpca1g080220.842	4	860
dpca1g080230.842	4	861
dpca1g080240.842	4	862
dpca1g080250.842	4	863
dpca1g080260.842	4	864
dpca1g080280.842	4	865
dpca1g080290.842	4	866
dpca1g080300.842	4	867
dpca1g080310.842	4	868
dpca1g080330.842	4	869
dpca1g080340.842	4	870
dpca1g080360.842	4	871
dpca1g080370.842	4	872
dpca1g080380.842	4	873
dpca1g080390.842	4	874
dpca1g080400.842	4	875
dpca1g080410.842	4	876
dpca1g080420.842	4	877
dpca1g080480.842	4	878
dpca1g080510.842	4	879
dpca1g080530.842	4	880
dpca1g080540.842	4	881
dpca1g080550.842	4	882
dpca1g080560.842	4	883
dpca1g080570.842	4	884
dpca1g080580.842	4	885
dpca1g080600.842	4	886
dpca1g080610.842	4	887
dpca1g080620.842	4	888
dpca1g080630.842	4	889
dpca1g080650.842	4	890
dpca1g080670.842	4	891
dpca1g080680.842	4	892
dpca1g080690.842	4	893
dpca1g080700.842	4	894
dpca1g080710.842	4	895
dpca1g080720.842	4	896
dpca1g080730.842	4	897
dpca1g080740.842	4	898
dpca1g080750.842	4	899
dpca1g080760.842	4	900
dpca1g080770.842	4	901
dpca1g080780.842	4	902
dpca1g080800.842	4	903
dpca1g080810.842	4	904
dpca1g080820.842	4	905
dpca1g080840.842	4	906
dpca1g080870.842	4	907
dpca1g080880.842	4	908
dpca1g080890.842	4	909
dpca1g080920.842	4	910
dpca1g080930.842	4	911
dpca1g080970.842	4	912
dpca1g080980.842	4	913
dpca1g080990.842	4	914
dpca1g081000.842	4	915
dpca1g081010.842	4	916
dpca1g081020.842	4	917
dpca1g081030.842	4	918
dpca1g081040.842	4	919
dpca1g081050.842	4	920
dpca1g081060.842	4	921
dpca1g081070.842	4	922
dpca1g081080.842	4	923
dpca1g081090.842	4	924
dpca1g081100.842	4	925
dpca1g081110.842	4	926
dpca1g081130.842	4	927
dpca1g081140.842	4	928
dpca1g081150.842	4	929
dpca1g081160.842	4	930
dpca1g081180.842	4	931
dpca1g081190.842	4	932
dpca1g081220.842	4	933
dpca1g081240.842	4	934
dpca1g081250.842	4	935
dpca1g081260.842	4	936
dpca1g081270.842	4	937
dpca1g081280.842	4	938
dpca1g081300.842	4	939
dpca1g081310.842	4	940
dpca1g081330.842	4	941
dpca1g081340.842	4	942
dpca1g081360.842	4	943
dpca1g081380.842	4	944
dpca1g081400.842	4	945
dpca1g081410.842	4	946
dpca1g081420.842	4	947
dpca1g081430.842	4	948
dpca1g081440.842	4	949
dpca1g081450.842	4	950
dpca1g081460.842	4	951
dpca1g081470.842	4	952
dpca1g081480.842	4	953
dpca1g081490.842	4	954
dpca1g081510.842	4	955
dpca1g081520.842	4	956
dpca1g081530.842	4	957
dpca1g081550.842	4	958
dpca1g081610.842	4	959
dpca1g081620.842	4	960
dpca1g081630.842	4	961
dpca1g081650.842	4	962
dpca1g081660.842	4	963
dpca1g081700.842	4	964
dpca1g081720.842	4	965
dpca1g081730.842	4	966
dpca1g081750.842	4	967
dpca1g081760.842	4	968
dpca1g081780.842	4	969
dpca1g081790.842	4	970
dpca1g081800.842	4	971
dpca1g081810.842	4	972
dpca1g081820.842	4	973
dpca1g081830.842	4	974
dpca1g081840.842	4	975
dpca1g081850.842	4	976
dpca1g081870.842	4	977
dpca1g081880.842	4	978
dpca1g081900.842	4	979
dpca1g081910.842	4	980
dpca1g081920.842	4	981
dpca1g081930.842	4	982
dpca1g081960.842	4	983
dpca1g081970.842	4	984
dpca1g082000.842	4	985
dpca1g082030.842	4	986
dpca1g082080.842	4	987
dpca1g082100.842	4	988
dpca1g082110.842	4	989
dpca1g082120.842	4	990
dpca1g082140.842	4	991
dpca1g082150.842	4	992
dpca1g082160.842	4	993
dpca1g082170.842	4	994
dpca1g082180.842	4	995
dpca1g082200.842	4	996
dpca1g082210.842	4	997
dpca1g082220.842	4	998
dpca1g082240.842	4	999
dpca1g082270.842	4	1000
dpca1g082280.842	4	1001
dpca1g082300.842	4	1002
dpca1g082310.842	4	1003
dpca1g082320.842	4	1004
dpca1g082330.842	4	1005
dpca1g082340.842	4	1006
dpca1g082350.842	4	1007
dpca1g082360.842	4	1008
dpca1g082370.842	4	1009
dpca1g082380.842	4	1010
dpca1g082390.842	4	1011
dpca1g082410.842	4	1012
dpca1g082430.842	4	1013
dpca1g082440.842	4	1014
dpca1g082450.842	4	1015
dpca1g082470.842	4	1016
dpca1g082490.842	4	1017
dpca1g082500.842	4	1018
dpca1g082510.842	4	1019
dpca1g082520.842	4	1020
dpca1g082530.842	4	1021
dpca1g082540.842	4	1022
dpca1g082550.842	4	1023
dpca1g082560.842	5	0
dpca1g082570.842	5	1
dpca1g082580.842	5	2
dpca1g082590.842	5	3
dpca1g082600.842	5	4
dpca1g082610.842	5	5
dpca1g082620.842	5	6
dpca1g082630.842	5	7
dpca1g082640.842	5	8
dpca1g082650.842	5	9
dpca1g082660.842	5	10
dpca1g082700.842	5	11
dpca1g082710.842	5	12
dpca1g082720.842	5	13
dpca1g082730.842	5	14
dpca1g082740.842	5	15
dpca1g082750.842	5	16
dpca1g082760.842	5	17
dpca1g082770.842	5	18
dpca1g082780.842	5	19
dpca1g082790.842	5	20
dpca1g082800.842	5	21
dpca1g082810.842	5	22
dpca1g082820.842	5	23
dpca1g082830.842	5	24
dpca1g082850.842	5	25
dpca1g082860.842	5	26
dpca1g082880.842	5	27
dpca1g082890.842	5	28
dpca1g082900.842	5	29
dpca1g082910.842	5	30
dpca1g082920.842	5	31
dpca1g082930.842	5	32
dpca1g082940.842	5	33
dpca1g082950.842	5	34
dpca1g082960.842	5	35
dpca1g082970.842	5	36
dpca1g082980.842	5	37
dpca1g082990.842	5	38
dpca1g083010.842	5	39
dpca1g083020.842	5	40
dpca1g083030.842	5	41
dpca1g083040.842	5	42
dpca1g083050.842	5	43
dpca1g083060.842	5	44
dpca1g083070.842	5	45
dpca1g083080.842	5	46
dpca1g083090.842	5	47
dpca1g083110.842	5	48
dpca1g083120.842	5	49
dpca1g083130.842	5	50
dpca1g083140.842	5	51
dpca1g083150.842	5	52
dpca1g083160.842	5	53
dpca1g083170.842	5	54
dpca1g083180.842	5	55
dpca1g083200.842	5	56
dpca1g083210.842	5	57
dpca1g083220.842	5	58
dpca1g083230.842	5	59
dpca1g083240.842	5	60
dpca1g083250.842	5	61
dpca1g083260.842	5	62
dpca1g083270.842	5	63
dpca1g083280.842	5	64
dpca1g083290.842	5	65
dpca1g083300.842	5	66
dpca1g083310.842	5	67
dpca1g083330.842	5	68
dpca1g083340.842	5	69
dpca1g083350.842	5	70
dpca1g083360.842	5	71
dpca1g083410.842	5	72
dpca1g083420.842	5	73
dpca1g083430.842	5	74
dpca1g083440.842	5	75
dpca1g083450.842	5	76
dpca1g083460.842	5	77
dpca1g083470.842	5	78
dpca1g083480.842	5	79
dpca1g083500.842	5	80
dpca1g083510.842	5	81
dpca1g083520.842	5	82
dpca1g083530.842	5	83
dpca1g083540.842	5	84
dpca1g083550.842	5	85
dpca1g083560.842	5	86
dpca1g083570.842	5	87
dpca1g083580.842	5	88
dpca1g083610.842	5	89
dpca1g083620.842	5	90
dpca1g083630.842	5	91
dpca1g083640.842	5	92
dpca1g083650.842	5	93
dpca1g083660.842	5	94
dpca1g083670.842	5	95
dpca1g083680.842	5	96
dpca1g083690.842	5	97
dpca1g083700.842	5	98
dpca1g083710.842	5	99
dpca1g083720.842	5	100
dpca1g083750.842	5	101
dpca1g083760.842	5	102
dpca1g083770.842	5	103
dpca1g083800.842	5	104
dpca1g083810.842	5	105
dpca1g083830.842	5	106
dpca1g083850.842	5	107
dpca1g083860.842	5	108
dpca1g083890.842	5	109
dpca1g083910.842	5	110
dpca1g083930.842	5	111
dpca1g083940.842	5	112
dpca1g083950.842	5	113
dpca1g083960.842	5	114
dpca1g083970.842	5	115
dpca1g083980.842	5	116
dpca1g083990.842	5	117
dpca1g084010.842	5	118
dpca1g084020.842	5	119
dpca1g084030.842	5	120
dpca1g084040.842	5	121
dpca1g084050.842	5	122
dpca1g084060.842	5	123
dpca1g084070.842	5	124
dpca1g084080.842	5	125
dpca1g084090.842	5	126
dpca1g084100.842	5	127
dpca1g084110.842	5	128
dpca1g084130.842	5	129
dpca1g084140.842	5	130
dpca1g084150.842	5	131
dpca1g084170.842	5	132
dpca1g084180.842	5	133
dpca1g084200.842	5	134
dpca1g084210.842	5	135
dpca1g084220.842	5	136
dpca1g084240.842	5	137
dpca1g084260.842	5	138
dpca1g084270.842	5	139
dpca1g084300.842	5	140
dpca1g084320.842	5	141
dpca1g084350.842	5	142
dpca1g084360.842	5	143
dpca1g084380.842	5	144
dpca1g084390.842	5	145
dpca1g084400.842	5	146
dpca1g084420.842	5	147
dpca1g084430.842	5	148
dpca1g084440.842	5	149
dpca1g084450.842	5	150
dpca1g084460.842	5	151
dpca1g084480.842	5	152
dpca1g084490.842	5	153
dpca1g084500.842	5	154
dpca1g084510.842	5	155
dpca1g084520.842	5	156
dpca1g084530.842	5	157
dpca1g084540.842	5	158
dpca1g084550.842	5	159
dpca1g084560.842	5	160
dpca1g084570.842	5	161
dpca1g084590.842	5	162
dpca1g084600.842	5	163
dpca1g084620.842	5	164
dpca1g084630.842	5	165
dpca1g084640.842	5	166
dpca1g084650.842	5	167
dpca1g084660.842	5	168
dpca1g084680.842	5	169
dpca1g084690.842	5	170
dpca1g084700.842	5	171
dpca1g084720.842	5	172
dpca1g084730.842	5	173
dpca1g084740.842	5	174
dpca1g084750.842	5	175
dpca1g084790.842	5	176
dpca1g084800.842	5	177
dpca1g084810.842	5	178
dpca1g084870.842	5	179
dpca1g084880.842	5	180
dpca1g084890.842	5	181
dpca1g084900.842	5	182
dpca1g084910.842	5	183
dpca1g084920.842	5	184
dpca1g084930.842	5	185
dpca1g084960.842	5	186
dpca1g084980.842	5	187
dpca1g084990.842	5	188
dpca1g085000.842	5	189
dpca1g085010.842	5	190
dpca1g085020.842	5	191
dpca1g085030.842	5	192
dpca1g085040.842	5	193
dpca1g085050.842	5	194
dpca1g085060.842	5	195
dpca1g085070.842	5	196
dpca1g085090.842	5	197
dpca1g085110.842	5	198
dpca1g085130.842	5	199
dpca1g085140.842	5	200
dpca1g085150.842	5	201
dpca1g085160.842	5	202
dpca1g085170.842	5	203
dpca1g085180.842	5	204
dpca1g085190.842	5	205
dpca1g085200.842	5	206
dpca1g085220.842	5	207
dpca1g085230.842	5	208
dpca1g085240.842	5	209
dpca1g085260.842	5	210
dpca1g085270.842	5	211
dpca1g085280.842	5	212
dpca1g085290.842	5	213
dpca1g085300.842	5	214
dpca1g085310.842	5	215
dpca1g085320.842	5	216
dpca1g085330.842	5	217
dpca1g085350.842	5	218
dpca1g085370.842	5	219
dpca1g085380.842	5	220
dpca1g085390.842	5	221
dpca1g085400.842	5	222
dpca1g085410.842	5	223
dpca1g085420.842	5	224
dpca1g085450.842	5	225
dpca1g085480.842	5	226
dpca1g085490.842	5	227
dpca1g085500.842	5	228
dpca1g085510.842	5	229
dpca1g085520.842	5	230
dpca1g085570.842	5	231
dpca1g085600.842	5	232
dpca1g085610.842	5	233
dpca1g085620.842	5	234
dpca1g085630.842	5	235
dpca1g085640.842	5	236
dpca1g085680.842	5	237
dpca1g085700.842	5	238
dpca1g085710.842	5	239
dpca1g085720.842	5	240
dpca1g085740.842	5	241
dpca1g085750.842	5	242
dpca1g085760.842	5	243
dpca1g085770.842	5	244
dpca1g085780.842	5	245
dpca1g085790.842	5	246
dpca1g085800.842	5	247
dpca1g085810.842	5	248
dpca1g085820.842	5	249
dpca1g085830.842	5	250
dpca1g085840.842	5	251
dpca1g085850.842	5	252
dpca1g085870.842	5	253
dpca1g085890.842	5	254
dpca1g085900.842	5	255
dpca1g085910.842	5	256
dpca1g085920.842	5	257
dpca1g085950.842	5	258
dpca1g085990.842	5	259
dpca1g086000.842	5	260
dpca1g086010.842	5	261
dpca1g086020.842	5	262
dpca1g086030.842	5	263
dpca1g086040.842	5	264
dpca1g086050.842	5	265
dpca1g086060.842	5	266
dpca1g086070.842	5	267
dpca1g086080.842	5	268
dpca1g086090.842	5	269
dpca1g086110.842	5	270
dpca1g086120.842	5	271
dpca1g086130.842	5	272
dpca1g086140.842	5	273
dpca1g086150.842	5	274
dpca1g086160.842	5	275
dpca1g086170.842	5	276
dpca1g086180.842	5	277
dpca1g086190.842	5	278
dpca1g086210.842	5	279
dpca1g086220.842	5	280
dpca1g086230.842	5	281
dpca1g086240.842	5	282
dpca1g086250.842	5	283
dpca1g086260.842	5	284
dpca1g086270.842	5	285
dpca1g086280.842	5	286
dpca1g086290.842	5	287
dpca1g086300.842	5	288
dpca1g086310.842	5	289
dpca1g086320.842	5	290
dpca1g086330.842	5	291
dpca1g086340.842	5	292
dpca1g086360.842	5	293
dpca1g086370.842	5	294
dpca1g086380.842	5	295
dpca1g086390.842	5	296
dpca1g086420.842	5	297
dpca1g086440.842	5	298
dpca1g086450.842	5	299
dpca1g086460.842	5	300
dpca1g086470.842	5	301
dpca1g086480.842	5	302
dpca1g086500.842	5	303
dpca1g086520.842	5	304
dpca1g086530.842	5	305
dpca1g086540.842	5	306
dpca1g086550.842	5	307
dpca1g086560.842	5	308
dpca1g086570.842	5	309
dpca1g086580.842	5	310
dpca1g086590.842	5	311
dpca1g086610.842	5	312
dpca1g086660.842	5	313
dpca1g086710.842	5	314
dpca1g086720.842	5	315
dpca1g086730.842	5	316
dpca1g086740.842	5	317
dpca1g086750.842	5	318
dpca1g086760.842	5	319
dpca1g086770.842	5	320
dpca1g086780.842	5	321
dpca1g086790.842	5	322
dpca1g086800.842	5	323
dpca1g086810.842	5	324
dpca1g086820.842	5	325
dpca1g086830.842	5	326
dpca1g086840.842	5	327
dpca1g086850.842	5	328
dpca1g086860.842	5	329
dpca1g086870.842	5	330
dpca1g086880.842	5	331
dpca1g086900.842	5	332
dpca1g086910.842	5	333
dpca1g086920.842	5	334
dpca1g086930.842	5	335
dpca1g086940.842	5	336
dpca1g086950.842	5	337
dpca1g086960.842	5	338
dpca1g086970.842	5	339
dpca1g086980.842	5	340
dpca1g086990.842	5	341
dpca1g087010.842	5	342
dpca1g087020.842	5	343
dpca1g087030.842	5	344
dpca1g087040.842	5	345
dpca1g087060.842	5	346
dpca1g087070.842	5	347
dpca1g087080.842	5	348
dpca1g087100.842	5	349
dpca1g087110.842	5	350
dpca1g087130.842	5	351
dpca1g087140.842	5	352
dpca1g087150.842	5	353
dpca1g087160.842	5	354
dpca1g087170.842	5	355
dpca1g087180.842	5	356
dpca1g087190.842	5	357
dpca1g087200.842	5	358
dpca1g087210.842	5	359
dpca1g087220.842	5	360
dpca1g087230.842	5	361
dpca1g087240.842	5	362
dpca1g087250.842	5	363
dpca1g087270.842	5	364
dpca1g087290.842	5	365
dpca1g087300.842	5	366
dpca1g087310.842	5	367
dpca1g087320.842	5	368
dpca1g087330.842	5	369
dpca1g087340.842	5	370
dpca1g087360.842	5	371
dpca1g087370.842	5	372
dpca1g087420.842	5	373
dpca1g087440.842	5	374
dpca1g087450.842	5	375
dpca1g087470.842	5	376
dpca1g087480.842	5	377
dpca1g087490.842	5	378
dpca1g087500.842	5	379
dpca1g087510.842	5	380
dpca1g087520.842	5	381
dpca1g087530.842	5	382
dpca1g087540.842	5	383
dpca1g087550.842	5	384
dpca1g087560.842	5	385
dpca1g087570.842	5	386
dpca1g087580.842	5	387
dpca1g087590.842	5	388
dpca1g087600.842	5	389
dpca1g087630.842	5	390
dpca1g087650.842	5	391
dpca1g087660.842	5	392
dpca1g087670.842	5	393
dpca1g087680.842	5	394
dpca1g087690.842	5	395
dpca1g087700.842	5	396
dpca1g087710.842	5	397
dpca1g087740.842	5	398
dpca1g087750.842	5	399
dpca1g087760.842	5	400
dpca1g087770.842	5	401
dpca1g087780.842	5	402
dpca1g087790.842	5	403
dpca1g087800.842	5	404
dpca1g087810.842	5	405
dpca1g087820.842	5	406
dpca1g087840.842	5	407
dpca1g087850.842	5	408
dpca1g087860.842	5	409
dpca1g087870.842	5	410
dpca1g087880.842	5	411
dpca1g087900.842	5	412
dpca1g087910.842	5	413
dpca1g087920.842	5	414
dpca1g087930.842	5	415
dpca1g087940.842	5	416
dpca1g087950.842	5	417
dpca1g087960.842	5	418
dpca1g087970.842	5	419
dpca1g087980.842	5	420
dpca1g087990.842	5	421
dpca1g088000.842	5	422
dpca1g088010.842	5	423
dpca1g088020.842	5	424
dpca1g088030.842	5	425
dpca1g088040.842	5	426
dpca1g088050.842	5	427
dpca1g088060.842	5	428
dpca1g088070.842	5	429
dpca1g088080.842	5	430
dpca1g088100.842	5	431
dpca1g088110.842	5	432
dpca1g088120.842	5	433
dpca1g088130.842	5	434
dpca1g088140.842	5	435
dpca1g088170.842	5	436
dpca1g088190.842	5	437
dpca1g088200.842	5	438
dpca1g088220.842	5	439
dpca1g088230.842	5	440
dpca1g088240.842	5	441
dpca1g088250.842	5	442
dpca1g088260.842	5	443
dpca1g088280.842	5	444
dpca1g088300.842	5	445
dpca1g088310.842	5	446
dpca1g088320.842	5	447
dpca1g088350.842	5	448
dpca1g088360.842	5	449
dpca1g088370.842	5	450
dpca1g088380.842	5	451
dpca1g088390.842	5	452
dpca1g088420.842	5	453
dpca1g088430.842	5	454
dpca1g088440.842	5	455
dpca1g088450.842	5	456
dpca1g088460.842	5	457
dpca1g088470.842	5	458
dpca1g088490.842	5	459
dpca1g088500.842	5	460
dpca1g088520.842	5	461
dpca1g088540.842	5	462
dpca1g088550.842	5	463
dpca1g088560.842	5	464
dpca1g088570.842	5	465
dpca1g088580.842	5	466
dpca1g088590.842	5	467
dpca1g088600.842	5	468
dpca1g088610.842	5	469
dpca1g088620.842	5	470
dpca1g088630.842	5	471
dpca1g088640.842	5	472
dpca1g088660.842	5	473
dpca1g088670.842	5	474
dpca1g088680.842	5	475
dpca1g088690.842	5	476
dpca1g088700.842	5	477
dpca1g088710.842	5	478
dpca1g088720.842	5	479
dpca1g088750.842	5	480
dpca1g088760.842	5	481
dpca1g088770.842	5	482
dpca1g088780.842	5	483
dpca1g088800.842	5	484
dpca1g088810.842	5	485
dpca1g088830.842	5	486
dpca1g088840.842	5	487
dpca1g088850.842	5	488
dpca1g088860.842	5	489
dpca1g088870.842	5	490
dpca1g088880.842	5	491
dpca1g088910.842	5	492
dpca1g088920.842	5	493
dpca1g088960.842	5	494
dpca1g088970.842	5	495
dpca1g088980.842	5	496
dpca1g088990.842	5	497
dpca1g089000.842	5	498
dpca1g089010.842	5	499
dpca1g089020.842	5	500
dpca1g089030.842	5	501
dpca1g089040.842	5	502
dpca1g089050.842	5	503
dpca1g089060.842	5	504
dpca1g089070.842	5	505
dpca1g089080.842	5	506
dpca1g089090.842	5	507
dpca1g089100.842	5	508
dpca1g089110.842	5	509
dpca1g089120.842	5	510
dpca1g089150.842	5	511
dpca1g089180.842	5	512
dpca1g089220.842	5	513
dpca1g089240.842	5	514
dpca1g089250.842	5	515
dpca1g089270.842	5	516
dpca1g089300.842	5	517
dpca1g089340.842	5	518
dpca1g089350.842	5	519
dpca1g089370.842	5	520
dpca1g089380.842	5	521
dpca1g089400.842	5	522
dpca1g089440.842	5	523
dpca1g089450.842	5	524
dpca1g089460.842	5	525
dpca1g089470.842	5	526
dpca1g089480.842	5	527
dpca1g089490.842	5	528
dpca1g089500.842	5	529
dpca1g089510.842	5	530
dpca1g089530.842	5	531
dpca1g089540.842	5	532
dpca1g089550.842	5	533
dpca1g089560.842	5	534
dpca1g089570.842	5	535
dpca1g089610.842	5	536
dpca1g089620.842	5	537
dpca1g089630.842	5	538
dpca1g089650.842	5	539
dpca1g089660.842	5	540
dpca1g089670.842	5	541
dpca1g089680.842	5	542
dpca1g089690.842	5	543
dpca1g089710.842	5	544
dpca1g089720.842	5	545
dpca1g089730.842	5	546
dpca1g089740.842	5	547
dpca1g089750.842	5	548
dpca1g089760.842	5	549
dpca1g089770.842	5	550
dpca1g089790.842	5	551
dpca1g089800.842	5	552
dpca1g089830.842	5	553
dpca1g089880.842	5	554
dpca1g089890.842	5	555
dpca1g089900.842	5	556
dpca1g089910.842	5	557
dpca1g089930.842	5	558
dpca1g089970.842	5	559
dpca1g090010.842	5	560
dpca1g090020.842	5	561
dpca1g090040.842	5	562
dpca1g090060.842	5	563
dpca1g090070.842	5	564
dpca1g090080.842	5	565
dpca1g090090.842	5	566
dpca1g090100.842	5	567
dpca1g090110.842	5	568
dpca1g090120.842	5	569
dpca1g090140.842	5	570
dpca1g090180.842	5	571
dpca1g090190.842	5	572
dpca1g090200.842	5	573
dpca1g090220.842	5	574
dpca1g090230.842	5	575
dpca1g090240.842	5	576
dpca1g090250.842	5	577
dpca1g090260.842	5	578
dpca1g090280.842	5	579
dpca1g090290.842	5	580
dpca1g090300.842	5	581
dpca1g090310.842	5	582
dpca1g090320.842	5	583
dpca1g090340.842	5	584
dpca1g090350.842	5	585
dpca1g090360.842	5	586
dpca1g090370.842	5	587
dpca1g090380.842	5	588
dpca1g090390.842	5	589
dpca1g090400.842	5	590
dpca1g090410.842	5	591
dpca1g090420.842	5	592
dpca1g090430.842	5	593
dpca1g090450.842	5	594
dpca1g090460.842	5	595
dpca1g090470.842	5	596
dpca1g090500.842	5	597
dpca1g090510.842	5	598
dpca1g090530.842	5	599
dpca1g090540.842	5	600
dpca1g090550.842	5	601
dpca1g090570.842	5	602
dpca1g090580.842	5	603
dpca1g090600.842	5	604
dpca1g090620.842	5	605
dpca1g090630.842	5	606
dpca1g090640.842	5	607
dpca1g090660.842	5	608
dpca1g090670.842	5	609
dpca1g090690.842	5	610
dpca1g090700.842	5	611
dpca1g090710.842	5	612
dpca1g090720.842	5	613
dpca1g090730.842	5	614
dpca1g090740.842	5	615
dpca1g090750.842	5	616
dpca1g090760.842	5	617
dpca1g090780.842	5	618
dpca1g090790.842	5	619
dpca1g090800.842	5	620
dpca1g090810.842	5	621
dpca1g090830.842	5	622
dpca1g090840.842	5	623
dpca1g090850.842	5	624
dpca1g090860.842	5	625
dpca1g090870.842	5	626
dpca1g090880.842	5	627
dpca1g090890.842	5	628
dpca1g090910.842	5	629
dpca1g090920.842	5	630
dpca1g090940.842	5	631
dpca1g090950.842	5	632
dpca1g090960.842	5	633
dpca1g090970.842	5	634
dpca1g090980.842	5	635
dpca1g090990.842	5	636
dpca1g091000.842	5	637
dpca1g091010.842	5	638
dpca1g091020.842	5	639
dpca1g091030.842	5	640
dpca1g091040.842	5	641
dpca1g091050.842	5	642
dpca1g091060.842	5	643
dpca1g091070.842	5	644
dpca1g091090.842	5	645
dpca1g091100.842	5	646
dpca1g091110.842	5	647
dpca1g091130.842	5	648
dpca1g091140.842	5	649
dpca1g091150.842	5	650
dpca1g091160.842	5	651
dpca1g091170.842	5	652
dpca1g091180.842	5	653
dpca1g091190.842	5	654
dpca1g091200.842	5	655
dpca1g091220.842	5	656
dpca1g091240.842	5	657
dpca1g091250.842	5	658
dpca1g091290.842	5	659
dpca1g091300.842	5	660
dpca1g091310.842	5	661
dpca1g091330.842	5	662
dpca1g091340.842	5	663
dpca1g091370.842	5	664
dpca1g091380.842	5	665
dpca1g091390.842	5	666
dpca1g091420.842	5	667
dpca1g091430.842	5	668
dpca1g091450.842	5	669
dpca1g091460.842	5	670
dpca1g091470.842	5	671
dpca1g091490.842	5	672
dpca1g091500.842	5	673
dpca1g091510.842	5	674
dpca1g091520.842	5	675
dpca1g091530.842	5	676
dpca1g091540.842	5	677
dpca1g091550.842	5	678
dpca1g091560.842	5	679
dpca1g091570.842	5	680
dpca1g091580.842	5	681
dpca1g091590.842	5	682
dpca1g091600.842	5	683
dpca1g091620.842	5	684
dpca1g091630.842	5	685
dpca1g091640.842	5	686
dpca1g091660.842	5	687
dpca1g091680.842	5	688
dpca1g091700.842	5	689
dpca1g091710.842	5	690
dpca1g091720.842	5	691
dpca1g091730.842	5	692
dpca1g091740.842	5	693
dpca1g091750.842	5	694
dpca1g091780.842	5	695
dpca1g091790.842	5	696
dpca1g091800.842	5	697
dpca1g091810.842	5	698
dpca1g091820.842	5	699
dpca1g091830.842	5	700
dpca1g091840.842	5	701
dpca1g091850.842	5	702
dpca1g091870.842	5	703
dpca1g091880.842	5	704
dpca1g091890.842	5	705
dpca1g091910.842	5	706
dpca1g092020.842	5	707
dpca1g092040.842	5	708
dpca1g092050.842	5	709
dpca1g092080.842	5	710
dpca1g092100.842	5	711
dpca1g092110.842	5	712
dpca1g092130.842	5	713
dpca1g092140.842	5	714
dpca1g092150.842	5	715
dpca1g092160.842	5	716
dpca1g092180.842	5	717
dpca1g092190.842	5	718
dpca1g092200.842	5	719
dpca1g092210.842	5	720
dpca1g092220.842	5	721
dpca1g092230.842	5	722
dpca1g092250.842	5	723
dpca1g092260.842	5	724
dpca1g092270.842	5	725
dpca1g092280.842	5	726
dpca1g092290.842	5	727
dpca1g092300.842	5	728
dpca1g092310.842	5	729
dpca1g092320.842	5	730
dpca1g092330.842	5	731
dpca1g092350.842	5	732
dpca1g092360.842	5	733
dpca1g092370.842	5	734
dpca1g092380.842	5	735
dpca1g092390.842	5	736
dpca1g092400.842	5	737
dpca1g092410.842	5	738
dpca1g092430.842	5	739
dpca1g092440.842	5	740
dpca1g092450.842	5	741
dpca1g092460.842	5	742
dpca1g092470.842	5	743
dpca1g092480.842	5	744
dpca1g092490.842	5	745
dpca1g092520.842	5	746
dpca1g092530.842	5	747
dpca1g092540.842	5	748
dpca1g092550.842	5	749
dpca1g092560.842	5	750
dpca1g092570.842	5	751
dpca1g092580.842	5	752
dpca1g092590.842	5	753
dpca1g092600.842	5	754
dpca1g092610.842	5	755
dpca1g092620.842	5	756
dpca1g092630.842	5	757
dpca1g092650.842	5	758
dpca1g092660.842	5	759
dpca1g092670.842	5	760
dpca1g092680.842	5	761
dpca1g092690.842	5	762
dpca1g092700.842	5	763
dpca1g092710.842	5	764
dpca1g092720.842	5	765
dpca1g092730.842	5	766
dpca1g092740.842	5	767
dpca1g092750.842	5	768
dpca1g092760.842	5	769
dpca1g092780.842	5	770
dpca1g092790.842	5	771
dpca1g092800.842	5	772
dpca1g092810.842	5	773
dpca1g092820.842	5	774
dpca1g092830.842	5	775
dpca1g092840.842	5	776
dpca1g092850.842	5	777
dpca1g092860.842	5	778
dpca1g092870.842	5	779
dpca1g092880.842	5	780
dpca1g092890.842	5	781
dpca1g092900.842	5	782
dpca1g092910.842	5	783
dpca1g092920.842	5	784
dpca1g092930.842	5	785
dpca1g092940.842	5	786
dpca1g092950.842	5	787
dpca1g092960.842	5	788
dpca1g092970.842	5	789
dpca1g092990.842	5	790
dpca1g093000.842	5	791
dpca1g093020.842	5	792
dpca1g093030.842	5	793
dpca1g093040.842	5	794
dpca1g093060.842	5	795
dpca1g093070.842	5	796
dpca1g093080.842	5	797
dpca1g093090.842	5	798
dpca1g093100.842	5	799
dpca1g093110.842	5	800
dpca1g093130.842	5	801
dpca1g093140.842	5	802
dpca1g093160.842	5	803
dpca1g093170.842	5	804
dpca1g093180.842	5	805
dpca1g093190.842	5	806
dpca1g093200.842	5	807
dpca1g093210.842	5	808
dpca1g093220.842	5	809
dpca1g093250.842	5	810
dpca1g093270.842	5	811
dpca1g093280.842	5	812
dpca1g093290.842	5	813
dpca1g093300.842	5	814
dpca1g093310.842	5	815
dpca1g093320.842	5	816
dpca1g093330.842	5	817
dpca1g093340.842	5	818
dpca1g093350.842	5	819
dpca1g093360.842	5	820
dpca1g093380.842	5	821
dpca1g093390.842	5	822
dpca1g093410.842	5	823
dpca1g093420.842	5	824
dpca1g093440.842	5	825
dpca1g093450.842	5	826
dpca1g093460.842	5	827
dpca1g093470.842	5	828
dpca1g093510.842	5	829
dpca1g093520.842	5	830
dpca1g093530.842	5	831
dpca1g093540.842	5	832
dpca1g093550.842	5	833
dpca1g093560.842	5	834
dpca1g093570.842	5	835
dpca1g093580.842	5	836
dpca1g093590.842	5	837
dpca1g093600.842	5	838
dpca1g093610.842	5	839
dpca1g093620.842	5	840
dpca1g093630.842	5	841
dpca1g093640.842	5	842
dpca1g093660.842	5	843
dpca1g093670.842	5	844
dpca1g093680.842	5	845
dpca1g093690.842	5	846
dpca1g093710.842	5	847
dpca1g093730.842	5	848
dpca1g093740.842	5	849
dpca1g093750.842	5	850
dpca1g093760.842	5	851
dpca1g093770.842	5	852
dpca1g093780.842	5	853
dpca1g093790.842	5	854
dpca1g093810.842	5	855
dpca1g093820.842	5	856
dpca1g093840.842	5	857
dpca1g093850.842	5	858
dpca1g093860.842	5	859
dpca1g093870.842	5	860
dpca1g093880.842	5	861
dpca1g093890.842	5	862
dpca1g093900.842	5	863
dpca1g093910.842	5	864
dpca1g093920.842	5	865
dpca1g093930.842	5	866
dpca1g093940.842	5	867
dpca1g093970.842	5	868
dpca1g093980.842	5	869
dpca1g093990.842	5	870
dpca1g094000.842	5	871
dpca1g094010.842	5	872
dpca1g094020.842	5	873
dpca1g094030.842	5	874
dpca1g094040.842	5	875
dpca1g094050.842	5	876
dpca1g094060.842	5	877
dpca1g094080.842	5	878
dpca1g094100.842	5	879
dpca1g094110.842	5	880
dpca1g094120.842	5	881
dpca1g094130.842	5	882
dpca1g094140.842	5	883
dpca1g094150.842	5	884
dpca1g094160.842	5	885
dpca1g094170.842	5	886
dpca1g094180.842	5	887
dpca1g094200.842	5	888
dpca1g094220.842	5	889
dpca1g094230.842	5	890
dpca1g094240.842	5	891
dpca1g094250.842	5	892
dpca1g094270.842	5	893
dpca1g094280.842	5	894
dpca1g094290.842	5	895
dpca1g094300.842	5	896
dpca1g094310.842	5	897
dpca1g094320.842	5	898
dpca1g094360.842	5	899
dpca1g094370.842	5	900
dpca1g094380.842	5	901
dpca1g094390.842	5	902
dpca1g094400.842	5	903
dpca1g094410.842	5	904
dpca1g094430.842	5	905
dpca1g094450.842	5	906
dpca1g094460.842	5	907
dpca1g094470.842	5	908
dpca1g094480.842	5	909
dpca1g094490.842	5	910
dpca1g094500.842	5	911
dpca1g094510.842	5	912
dpca1g094520.842	5	913
dpca1g094530.842	5	914
dpca1g094570.842	5	915
dpca1g094590.842	5	916
dpca1g094600.842	5	917
dpca1g094610.842	5	918
dpca1g094620.842	5	919
dpca1g094630.842	5	920
dpca1g094640.842	5	921
dpca1g094650.842	5	922
dpca1g094660.842	5	923
dpca1g094680.842	5	924
dpca1g094690.842	5	925
dpca1g094700.842	5	926
dpca1g094710.842	5	927
dpca1g094720.842	5	928
dpca1g094730.842	5	929
dpca1g094740.842	5	930
dpca1g094750.842	5	931
dpca1g094760.842	5	932
dpca1g094770.842	5	933
dpca1g094780.842	5	934
dpca1g094790.842	5	935
dpca1g094800.842	5	936
dpca1g094810.842	5	937
dpca1g094820.842	5	938
dpca1g094830.842	5	939
dpca1g094840.842	5	940
dpca1g094850.842	5	941
dpca1g094870.842	5	942
dpca1g094880.842	5	943
dpca1g094890.842	5	944
dpca1g094910.842	5	945
dpca1g094920.842	5	946
dpca1g094930.842	5	947
dpca1g094940.842	5	948
dpca1g094950.842	5	949
dpca1g094960.842	5	950
dpca1g094980.842	5	951
dpca1g094990.842	5	952
dpca1g095000.842	5	953
dpca1g095020.842	5	954
dpca1g095030.842	5	955
dpca1g095040.842	5	956
dpca1g095050.842	5	957
dpca1g095060.842	5	958
dpca1g095070.842	5	959
dpca1g095080.842	5	960
dpca1g095090.842	5	961
dpca1g095100.842	5	962
dpca1g095110.842	5	963
dpca1g095120.842	5	964
dpca1g095130.842	5	965
dpca1g095140.842	5	966
dpca1g095150.842	5	967
dpca1g095160.842	5	968
dpca1g095170.842	5	969
dpca1g095180.842	5	970
dpca1g095190.842	5	971
dpca1g095200.842	5	972
dpca1g095210.842	5	973
dpca1g095220.842	5	974
dpca1g095230.842	5	975
dpca1g095240.842	5	976
dpca1g095250.842	5	977
dpca1g095260.842	5	978
dpca1g095270.842	5	979
dpca1g095280.842	5	980
dpca1g095290.842	5	981
dpca1g095310.842	5	982
dpca1g095320.842	5	983
dpca1g095330.842	5	984
dpca1g095350.842	5	985
dpca1g095390.842	5	986
dpca1g095400.842	5	987
dpca1g095410.842	5	988
dpca1g095420.842	5	989
dpca1g095430.842	5	990
dpca1g095440.842	5	991
dpca1g095450.842	5	992
dpca1g095460.842	5	993
dpca1g095470.842	5	994
dpca1g095490.842	5	995
dpca1g095500.842	5	996
dpca1g095510.842	5	997
dpca1g095520.842	5	998
dpca1g095530.842	5	999
dpca1g095540.842	5	1000
dpca1g095550.842	5	1001
dpca1g095560.842	5	1002
dpca1g095570.842	5	1003
dpca1g095580.842	5	1004
dpca1g095590.842	5	1005
dpca1g095600.842	5	1006
dpca1g095610.842	5	1007
dpca1g095620.842	5	1008
dpca1g095630.842	5	1009
dpca1g095640.842	5	1010
dpca1g095650.842	5	1011
dpca1g095670.842	5	1012
dpca1g095680.842	5	1013
dpca1g095690.842	5	1014
dpca1g095700.842	5	1015
dpca1g095710.842	5	1016
dpca1g095730.842	5	1017
dpca1g095750.842	5	1018
dpca1g095760.842	5	1019
dpca1g095770.842	5	1020
dpca1g095780.842	5	1021
dpca1g095820.842	5	1022
dpca1g095830.842	5	1023
dpca1g095840.842	6	0
dpca1g095860.842	6	1
dpca1g095870.842	6	2
dpca1g095880.842	6	3
dpca1g095890.842	6	4
dpca1g095900.842	6	5
dpca1g095910.842	6	6
dpca1g095920.842	6	7
dpca1g095930.842	6	8
dpca1g095940.842	6	9
dpca1g095950.842	6	10
dpca1g095960.842	6	11
dpca1g095970.842	6	12
dpca1g095980.842	6	13
dpca1g095990.842	6	14
dpca1g096000.842	6	15
dpca1g096010.842	6	16
dpca1g096020.842	6	17
dpca1g096030.842	6	18
dpca1g096040.842	6	19
dpca1g096050.842	6	20
dpca1g096060.842	6	21
dpca1g096070.842	6	22
dpca1g096080.842	6	23
dpca1g096090.842	6	24
dpca1g096100.842	6	25
dpca1g096110.842	6	26
dpca1g096120.842	6	27
dpca1g096130.842	6	28
dpca1g096140.842	6	29
dpca1g096150.842	6	30
dpca1g096160.842	6	31
dpca1g096170.842	6	32
dpca1g096180.842	6	33
dpca1g096190.842	6	34
dpca1g096200.842	6	35
dpca1g096210.842	6	36
dpca1g096230.842	6	37
dpca1g096250.842	6	38
dpca1g096260.842	6	39
dpca1g096270.842	6	40
dpca1g096280.842	6	41
dpca1g096290.842	6	42
dpca1g096300.842	6	43
dpca1g096310.842	6	44
dpca1g096320.842	6	45
dpca1g096330.842	6	46
dpca1g096340.842	6	47
dpca1g096350.842	6	48
dpca1g096360.842	6	49
dpca1g096370.842	6	50
dpca1g096380.842	6	51
dpca1g096390.842	6	52
dpca1g096400.842	6	53
dpca1g096410.842	6	54
dpca1g096420.842	6	55
dpca1g096430.842	6	56
dpca1g096440.842	6	57
dpca1g096460.842	6	58
dpca1g096470.842	6	59
dpca1g096480.842	6	60
dpca1g096490.842	6	61
dpca1g096500.842	6	62
dpca1g096520.842	6	63
dpca1g096540.842	6	64
dpca1g096550.842	6	65
dpca1g096560.842	6	66
dpca1g096570.842	6	67
dpca1g096580.842	6	68
dpca1g096590.842	6	69
dpca1g096610.842	6	70
dpca1g096620.842	6	71
dpca1g096630.842	6	72
dpca1g096640.842	6	73
dpca1g096650.842	6	74
dpca1g096660.842	6	75
dpca1g096670.842	6	76
dpca1g096680.842	6	77
dpca1g096690.842	6	78
dpca1g096700.842	6	79
dpca1g096710.842	6	80
dpca1g096720.842	6	81
dpca1g096730.842	6	82
dpca1g096740.842	6	83
dpca1g096750.842	6	84
dpca1g096760.842	6	85
dpca1g096770.842	6	86
dpca1g096780.842	6	87
dpca1g096790.842	6	88
dpca1g096800.842	6	89
dpca1g096810.842	6	90
dpca1g096820.842	6	91
dpca1g096830.842	6	92
dpca1g096840.842	6	93
dpca1g096850.842	6	94
dpca1g096860.842	6	95
dpca1g096880.842	6	96
dpca1g096890.842	6	97
dpca1g096900.842	6	98
dpca1g096910.842	6	99
dpca1g096930.842	6	100
dpca1g096940.842	6	101
dpca1g096950.842	6	102
dpca1g096960.842	6	103
dpca2g096980.842	6	104
dpca2g096990.842	6	105
dpca2g097000.842	6	106
dpca2g097010.842	6	107
dpca2g097020.842	6	108
dpca2g097030.842	6	109
dpca2g097040.842	6	110
dpca2g097050.842	6	111
dpca2g097060.842	6	112
dpca2g097070.842	6	113
dpca2g097080.842	6	114
dpca2g097090.842	6	115
dpca2g097100.842	6	116
dpca2g097110.842	6	117
dpca2g097120.842	6	118
dpca2g097130.842	6	119
dpca2g097140.842	6	120
dpca2g097150.842	6	121
dpca2g097160.842	6	122
dpca2g097170.842	6	123
dpca2g097180.842	6	124
dpca2g097200.842	6	125
dpca2g097210.842	6	126
dpca2g097220.842	6	127
dpca2g097230.842	6	128
dpca2g097240.842	6	129
dpca2g097250.842	6	130
dpca2g097260.842	6	131
dpca2g097270.842	6	132
dpca2g097280.842	6	133
dpca2g097290.842	6	134
dpca2g097300.842	6	135
dpca2g097310.842	6	136
dpca2g097320.842	6	137
dpca2g097330.842	6	138
dpca2g097340.842	6	139
dpca2g097350.842	6	140
dpca2g097360.842	6	141
dpca2g097370.842	6	142
dpca2g097380.842	6	143
dpca2g097390.842	6	144
dpca2g097400.842	6	145
dpca2g097410.842	6	146
dpca2g097420.842	6	147
dpca2g097430.842	6	148
dpca2g097440.842	6	149
dpca2g097450.842	6	150
dpca2g097460.842	6	151
dpca2g097470.842	6	152
dpca2g097480.842	6	153
dpca2g097490.842	6	154
dpca2g097500.842	6	155
dpca2g097510.842	6	156
dpca2g097520.842	6	157
dpca2g097530.842	6	158
dpca2g097540.842	6	159
dpca2g097550.842	6	160
dpca2g097560.842	6	161
dpca2g097570.842	6	162
dpca2g097580.842	6	163
dpca2g097590.842	6	164
dpca2g097600.842	6	165
dpca2g097610.842	6	166
dpca2g097620.842	6	167
dpca2g097630.842	6	168
dpca2g097640.842	6	169
dpca2g097650.842	6	170
dpca2g097660.842	6	171
dpca2g097670.842	6	172
dpca2g097680.842	6	173
dpca2g097690.842	6	174
dpca2g097700.842	6	175
dpca2g097710.842	6	176
dpca2g097720.842	6	177
dpca2g097730.842	6	178
dpca2g097740.842	6	179
dpca2g097750.842	6	180
dpca2g097760.842	6	181
dpca2g097770.842	6	182
dpca2g097780.842	6	183
dpca2g097790.842	6	184
dpca2g097800.842	6	185
dpca2g097810.842	6	186
dpca2g097820.842	6	187
dpca2g097830.842	6	188
dpca2g097840.842	6	189
dpca2g097850.842	6	190
dpca2g097860.842	6	191
dpca2g097870.842	6	192
dpca2g097880.842	6	193
dpca2g097890.842	6	194
dpca2g097900.842	6	195
dpca2g097910.842	6	196
dpca2g097920.842	6	197
dpca2g097930.842	6	198
dpca2g097940.842	6	199
dpca2g097950.842	6	200
dpca2g097960.842	6	201
dpca2g097970.842	6	202
dpca2g097980.842	6	203
dpca2g097990.842	6	204
dpca2g098000.842	6	205
dpca2g098010.842	6	206
dpca2g098020.842	6	207
dpca2g098030.842	6	208
dpca2g098040.842	6	209
dpca2g098050.842	6	210
dpca2g098060.842	6	211
dpca2g098070.842	6	212
dpca2g098080.842	6	213
dpca2g098090.842	6	214
dpca2g098100.842	6	215
dpca2g098110.842	6	216
dpca2g098120.842	6	217
dpca2g098130.842	6	218
dpca2g098150.842	6	219
dpca2g098170.842	6	220
dpca2g098180.842	6	221
dpca2g098190.842	6	222
dpca2g098200.842	6	223
dpca2g098210.842	6	224
dpca2g098220.842	6	225
dpca2g098240.842	6	226
dpca2g098250.842	6	227
dpca2g098260.842	6	228
dpca2g098270.842	6	229
dpca2g098300.842	6	230
dpca2g098310.842	6	231
dpca2g098320.842	6	232
dpca2g098330.842	6	233
dpca2g098350.842	6	234
dpca2g098360.842	6	235
dpca2g098370.842	6	236
dpca2g098380.842	6	237
dpca2g098390.842	6	238
dpca2g098400.842	6	239
dpca2g098410.842	6	240
dpca2g098420.842	6	241
dpca2g098430.842	6	242
dpca2g098440.842	6	243
dpca2g098450.842	6	244
dpca2g098470.842	6	245
dpca2g098480.842	6	246
dpca2g098490.842	6	247
dpca2g098500.842	6	248
dpca2g098510.842	6	249
dpca2g098520.842	6	250
dpca2g098530.842	6	251
dpca2g098540.842	6	252
dpca2g098550.842	6	253
dpca2g098560.842	6	254
dpca2g098570.842	6	255
dpca2g098580.842	6	256
dpca2g098590.842	6	257
dpca2g098600.842	6	258
dpca2g098620.842	6	259
dpca2g098630.842	6	260
dpca2g098640.842	6	261
dpca2g098650.842	6	262
dpca2g098660.842	6	263
dpca2g098670.842	6	264
dpca2g098680.842	6	265
dpca2g098690.842	6	266
dpca2g098700.842	6	267
dpca2g098720.842	6	268
dpca2g098730.842	6	269
dpca2g098740.842	6	270
dpca2g098750.842	6	271
dpca2g098760.842	6	272
dpca2g098770.842	6	273
dpca2g098780.842	6	274
dpca2g098790.842	6	275
dpca2g098800.842	6	276
dpca2g098810.842	6	277
dpca2g098820.842	6	278
dpca2g098840.842	6	279
dpca2g098850.842	6	280
dpca2g098860.842	6	281
dpca2g098870.842	6	282
dpca2g098880.842	6	283
dpca2g098890.842	6	284
dpca2g098900.842	6	285
dpca2g098920.842	6	286
dpca2g098930.842	6	287
dpca2g098940.842	6	288
dpca2g098950.842	6	289
dpca2g098960.842	6	290
dpca2g098970.842	6	291
dpca2g098980.842	6	292
dpca2g098990.842	6	293
dpca2g099000.842	6	294
dpca2g099010.842	6	295
dpca2g099020.842	6	296
dpca2g099030.842	6	297
dpca2g099040.842	6	298
dpca2g099050.842	6	299
dpca2g099060.842	6	300
dpca2g099070.842	6	301
dpca2g099080.842	6	302
dpca2g099090.842	6	303
dpca2g099100.842	6	304
dpca2g099120.842	6	305
dpca2g099130.842	6	306
dpca2g099140.842	6	307
dpca2g099150.842	6	308
dpca2g099160.842	6	309
dpca2g099170.842	6	310
dpca2g099180.842	6	311
dpca2g099190.842	6	312
dpca2g099200.842	6	313
dpca2g099210.842	6	314
dpca2g099220.842	6	315
dpca2g099230.842	6	316
dpca2g099240.842	6	317
dpca2g099250.842	6	318
dpca2g099260.842	6	319
dpca2g099270.842	6	320
dpca2g099280.842	6	321
dpca2g099290.842	6	322
dpca2g099300.842	6	323
dpca2g099310.842	6	324
dpca2g099320.842	6	325
dpca2g099330.842	6	326
dpca2g099340.842	6	327
dpca2g099350.842	6	328
dpca2g099360.842	6	329
dpca2g099370.842	6	330
dpca2g099380.842	6	331
dpca2g099390.842	6	332
dpca2g099400.842	6	333
dpca2g099410.842	6	334
dpca2g099420.842	6	335
dpca2g099430.842	6	336
dpca2g099440.842	6	337
dpca2g099450.842	6	338
dpca2g099460.842	6	339
dpca2g099470.842	6	340
dpca2g099480.842	6	341
dpca2g099490.842	6	342
dpca2g099500.842	6	343
dpca2g099510.842	6	344
dpca2g099520.842	6	345
dpca2g099530.842	6	346
dpca2g099540.842	6	347
dpca2g099550.842	6	348
dpca2g099570.842	6	349
dpca2g099590.842	6	350
dpca2g099600.842	6	351
dpca2g099610.842	6	352
dpca2g099620.842	6	353
dpca2g099630.842	6	354
dpca2g099640.842	6	355
dpca2g099650.842	6	356
dpca2g099660.842	6	357
dpca2g099670.842	6	358
dpca2g099680.842	6	359
dpca2g099690.842	6	360
dpca2g099700.842	6	361
dpca2g099710.842	6	362
dpca2g099720.842	6	363
dpca2g099730.842	6	364
dpca2g099740.842	6	365
dpca2g099750.842	6	366
dpca2g099760.842	6	367
dpca2g099770.842	6	368
dpca2g099790.842	6	369
dpca2g099800.842	6	370
dpca2g099810.842	6	371
dpca2g099820.842	6	372
dpca2g099830.842	6	373
dpca2g099840.842	6	374
dpca2g099850.842	6	375
dpca2g099860.842	6	376
dpca2g099870.842	6	377
dpca2g099880.842	6	378
dpca2g099890.842	6	379
dpca2g099900.842	6	380
dpca2g099910.842	6	381
dpca2g099920.842	6	382
dpca2g099930.842	6	383
dpca2g099940.842	6	384
dpca2g099960.842	6	385
dpca2g099970.842	6	386
dpca2g100010.842	6	387
dpca2g100020.842	6	388
dpca2g100030.842	6	389
dpca2g100040.842	6	390
dpca2g100050.842	6	391
dpca2g100060.842	6	392
dpca2g100080.842	6	393
dpca2g100090.842	6	394
dpca2g100100.842	6	395
dpca2g100120.842	6	396
dpca2g100130.842	6	397
dpca2g100150.842	6	398
dpca2g100160.842	6	399
dpca2g100170.842	6	400
dpca2g100190.842	6	401
dpca2g100200.842	6	402
dpca2g100210.842	6	403
dpca2g100220.842	6	404
dpca2g100230.842	6	405
dpca2g100240.842	6	406
dpca2g100250.842	6	407
dpca2g100260.842	6	408
dpca2g100270.842	6	409
dpca2g100280.842	6	410
dpca2g100290.842	6	411
dpca2g100300.842	6	412
dpca2g100310.842	6	413
dpca2g100320.842	6	414
dpca2g100340.842	6	415
dpca2g100350.842	6	416
dpca2g100360.842	6	417
dpca2g100370.842	6	418
dpca2g100380.842	6	419
dpca2g100390.842	6	420
dpca2g100410.842	6	421
dpca2g100420.842	6	422
dpca2g100430.842	6	423
dpca2g100440.842	6	424
dpca2g100450.842	6	425
dpca2g100460.842	6	426
dpca2g100470.842	6	427
dpca2g100480.842	6	428
dpca2g100490.842	6	429
dpca2g100500.842	6	430
dpca2g100510.842	6	431
dpca2g100520.842	6	432
dpca2g100530.842	6	433
dpca2g100540.842	6	434
dpca2g100550.842	6	435
dpca2g100560.842	6	436
dpca2g100570.842	6	437
dpca2g100590.842	6	438
dpca2g100600.842	6	439
dpca2g100610.842	6	440
dpca2g100620.842	6	441
dpca2g100630.842	6	442
dpca2g100650.842	6	443
dpca2g100660.842	6	444
dpca2g100670.842	6	445
dpca2g100680.842	6	446
dpca2g100690.842	6	447
dpca2g100700.842	6	448
dpca2g100710.842	6	449
dpca2g100720.842	6	450
dpca2g100730.842	6	451
dpca2g100740.842	6	452
dpca2g100760.842	6	453
dpca2g100770.842	6	454
dpca2g100790.842	6	455
dpca2g100800.842	6	456
dpca2g100810.842	6	457
dpca2g100830.842	6	458
dpca2g100840.842	6	459
dpca2g100850.842	6	460
dpca2g100860.842	6	461
dpca2g100870.842	6	462
dpca2g100890.842	6	463
dpca2g100900.842	6	464
dpca2g100910.842	6	465
dpca2g100920.842	6	466
dpca2g100930.842	6	467
dpca2g100990.842	6	468
dpca2g101000.842	6	469
dpca2g101010.842	6	470
dpca2g101020.842	6	471
dpca2g101030.842	6	472
dpca2g101040.842	6	473
dpca2g101050.842	6	474
dpca2g101060.842	6	475
dpca2g101070.842	6	476
dpca2g101080.842	6	477
dpca2g101090.842	6	478
dpca2g101110.842	6	479
dpca2g101120.842	6	480
dpca2g101140.842	6	481
dpca2g101150.842	6	482
dpca2g101160.842	6	483
dpca2g101170.842	6	484
dpca2g101180.842	6	485
dpca2g101190.842	6	486
dpca2g101200.842	6	487
dpca2g101210.842	6	488
dpca2g101220.842	6	489
dpca2g101240.842	6	490
dpca2g101250.842	6	491
dpca2g101260.842	6	492
dpca2g101280.842	6	493
dpca2g101290.842	6	494
dpca2g101300.842	6	495
dpca2g101310.842	6	496
dpca2g101320.842	6	497
dpca2g101330.842	6	498
dpca2g101340.842	6	499
dpca2g101350.842	6	500
dpca2g101360.842	6	501
dpca2g101370.842	6	502
dpca2g101380.842	6	503
dpca2g101390.842	6	504
dpca2g101400.842	6	505
dpca2g101410.842	6	506
dpca2g101420.842	6	507
dpca2g101430.842	6	508
dpca2g101450.842	6	509
dpca2g101460.842	6	510
dpca2g101470.842	6	511
dpca2g101480.842	6	512
dpca2g101490.842	6	513
dpca2g101500.842	6	514
dpca2g101520.842	6	515
dpca2g101530.842	6	516
dpca2g101540.842	6	517
dpca2g101550.842	6	518
dpca2g101560.842	6	519
dpca2g101600.842	6	520
dpca2g101610.842	6	521
dpca2g101620.842	6	522
dpca2g101630.842	6	523
dpca2g101640.842	6	524
dpca2g101650.842	6	525
dpca2g101660.842	6	526
dpca2g101670.842	6	527
dpca2g101680.842	6	528
dpca2g101690.842	6	529
dpca2g101700.842	6	530
dpca2g101710.842	6	531
dpca2g101720.842	6	532
dpca2g101730.842	6	533
dpca2g101740.842	6	534
dpca2g101750.842	6	535
dpca2g101760.842	6	536
dpca2g101770.842	6	537
dpca2g101780.842	6	538
dpca2g101790.842	6	539
dpca2g101810.842	6	540
dpca2g101820.842	6	541
dpca2g101830.842	6	542
dpca2g101840.842	6	543
dpca2g101860.842	6	544
dpca2g101870.842	6	545
dpca2g101880.842	6	546
dpca2g101920.842	6	547
dpca2g101930.842	6	548
dpca2g101940.842	6	549
dpca2g101950.842	6	550
dpca2g101990.842	6	551
dpca2g102000.842	6	552
dpca2g102020.842	6	553
dpca2g102030.842	6	554
dpca2g102040.842	6	555
dpca2g102050.842	6	556
dpca2g102060.842	6	557
dpca2g102070.842	6	558
dpca2g102080.842	6	559
dpca2g102090.842	6	560
dpca2g102100.842	6	561
dpca2g102110.842	6	562
dpca2g102120.842	6	563
dpca2g102130.842	6	564
dpca2g102140.842	6	565
dpca2g102150.842	6	566
dpca2g102160.842	6	567
dpca2g102170.842	6	568
dpca2g102180.842	6	569
dpca2g102190.842	6	570
dpca2g102200.842	6	571
dpca2g102210.842	6	572
dpca2g102220.842	6	573
dpca2g102230.842	6	574
dpca2g102240.842	6	575
dpca2g102250.842	6	576
dpca2g102260.842	6	577
dpca2g102300.842	6	578
dpca2g102310.842	6	579
dpca2g102330.842	6	580
dpca2g102340.842	6	581
dpca2g102350.842	6	582
dpca2g102360.842	6	583
dpca2g102370.842	6	584
dpca2g102380.842	6	585
dpca2g102390.842	6	586
dpca2g102400.842	6	587
dpca2g102410.842	6	588
dpca2g102420.842	6	589
dpca2g102440.842	6	590
dpca2g102450.842	6	591
dpca2g102460.842	6	592
dpca2g102470.842	6	593
dpca2g102480.842	6	594
dpca2g102490.842	6	595
dpca2g102500.842	6	596
dpca2g102530.842	6	597
dpca2g102540.842	6	598
dpca2g102550.842	6	599
dpca2g102560.842	6	600
dpca2g102570.842	6	601
dpca2g102580.842	6	602
dpca2g102590.842	6	603
dpca2g102600.842	6	604
dpca2g102610.842	6	605
dpca2g102620.842	6	606
dpca2g102630.842	6	607
dpca2g102650.842	6	608
dpca2g102660.842	6	609
dpca2g102670.842	6	610
dpca2g102680.842	6	611
dpca2g102700.842	6	612
dpca2g102710.842	6	613
dpca2g102720.842	6	614
dpca2g102730.842	6	615
dpca2g102740.842	6	616
dpca2g102750.842	6	617
dpca2g102760.842	6	618
dpca2g102780.842	6	619
dpca2g102790.842	6	620
dpca2g102800.842	6	621
dpca2g102820.842	6	622
dpca2g102830.842	6	623
dpca2g102840.842	6	624
dpca2g102850.842	6	625
dpca2g102860.842	6	626
dpca2g102870.842	6	627
dpca2g102880.842	6	628
dpca2g102890.842	6	629
dpca2g102900.842	6	630
dpca2g102910.842	6	631
dpca2g102920.842	6	632
dpca2g102930.842	6	633
dpca2g102940.842	6	634
dpca2g102960.842	6	635
dpca2g102970.842	6	636
dpca2g102980.842	6	637
dpca2g102990.842	6	638
dpca2g103030.842	6	639
dpca2g103040.842	6	640
dpca2g103050.842	6	641
dpca2g103060.842	6	642
dpca2g103070.842	6	643
dpca2g103080.842	6	644
dpca2g103090.842	6	645
dpca2g103100.842	6	646
dpca2g103110.842	6	647
dpca2g103120.842	6	648
dpca2g103130.842	6	649
dpca2g103140.842	6	650
dpca2g103150.842	6	651
dpca2g103160.842	6	652
dpca2g103170.842	6	653
dpca2g103180.842	6	654
dpca2g103190.842	6	655
dpca2g103200.842	6	656
dpca2g103210.842	6	657
dpca2g103220.842	6	658
dpca2g103250.842	6	659
dpca2g103260.842	6	660
dpca2g103270.842	6	661
dpca2g103280.842	6	662
dpca2g103290.842	6	663
dpca2g103300.842	6	664
dpca2g103310.842	6	665
dpca2g103320.842	6	666
dpca2g103340.842	6	667
dpca2g103350.842	6	668
dpca2g103360.842	6	669
dpca2g103380.842	6	670
dpca2g103390.842	6	671
dpca2g103400.842	6	672
dpca2g103410.842	6	673
dpca2g103420.842	6	674
dpca2g103430.842	6	675
dpca2g103440.842	6	676
dpca2g103450.842	6	677
dpca2g103460.842	6	678
dpca2g103470.842	6	679
dpca2g103480.842	6	680
dpca2g103490.842	6	681
dpca2g103500.842	6	682
dpca2g103510.842	6	683
dpca2g103550.842	6	684
dpca2g103560.842	6	685
dpca2g103570.842	6	686
dpca2g103580.842	6	687
dpca2g103610.842	6	688
dpca2g103630.842	6	689
dpca2g103640.842	6	690
dpca2g103650.842	6	691
dpca2g103660.842	6	692
dpca2g103670.842	6	693
dpca2g103680.842	6	694
dpca2g103720.842	6	695
dpca2g103730.842	6	696
dpca2g103740.842	6	697
dpca2g103750.842	6	698
dpca2g103760.842	6	699
dpca2g103770.842	6	700
dpca2g103780.842	6	701
dpca2g103790.842	6	702
dpca2g103800.842	6	703
dpca2g103810.842	6	704
dpca2g103820.842	6	705
dpca2g103880.842	6	706
dpca2g103900.842	6	707
dpca2g104060.842	6	708
dpca2g104070.842	6	709
dpca2g104090.842	6	710
dpca2g104100.842	6	711
dpca2g104110.842	6	712
dpca2g104120.842	6	713
dpca2g104130.842	6	714
dpca2g104150.842	6	715
dpca2g104180.842	6	716
dpca2g104200.842	6	717
dpca2g104220.842	6	718
dpca2g104240.842	6	719
dpca2g104250.842	6	720
dpca2g104260.842	6	721
dpca2g104300.842	6	722
dpca2g104310.842	6	723
dpca2g104320.842	6	724
dpca2g104340.842	6	725
dpca2g104350.842	6	726
dpca2g104360.842	6	727
dpca2g104370.842	6	728
dpca2g104390.842	6	729
dpca2g104400.842	6	730
dpca2g104410.842	6	731
dpca2g104420.842	6	732
dpca2g104430.842	6	733
dpca2g104440.842	6	734
dpca2g104450.842	6	735
dpca2g104460.842	6	736
dpca2g104470.842	6	737
dpca2g104480.842	6	738
dpca2g104490.842	6	739
dpca2g104500.842	6	740
dpca2g104510.842	6	741
dpca2g104520.842	6	742
dpca2g104530.842	6	743
dpca2g104540.842	6	744
dpca2g104560.842	6	745
dpca2g104570.842	6	746
dpca2g104580.842	6	747
dpca2g104590.842	6	748
dpca2g104600.842	6	749
dpca2g104620.842	6	750
dpca2g104630.842	6	751
dpca2g104640.842	6	752
dpca2g104660.842	6	753
dpca2g104680.842	6	754
dpca2g104690.842	6	755
dpca2g104700.842	6	756
dpca2g104710.842	6	757
dpca2g104730.842	6	758
dpca2g104750.842	6	759
dpca2g104760.842	6	760
dpca2g104770.842	6	761
dpca2g104780.842	6	762
dpca2g104790.842	6	763
dpca2g104800.842	6	764
dpca2g104820.842	6	765
dpca2g104830.842	6	766
dpca2g104840.842	6	767
dpca2g104860.842	6	768
dpca2g104870.842	6	769
dpca2g104890.842	6	770
dpca2g104900.842	6	771
dpca2g104910.842	6	772
dpca2g104930.842	6	773
dpca2g104940.842	6	774
dpca2g104950.842	6	775
dpca2g104960.842	6	776
dpca2g104970.842	6	777
dpca2g104980.842	6	778
dpca2g105000.842	6	779
dpca2g105010.842	6	780
dpca2g105030.842	6	781
dpca2g105050.842	6	782
dpca2g105060.842	6	783
dpca2g105070.842	6	784
dpca2g105080.842	6	785
dpca2g105090.842	6	786
dpca2g105100.842	6	787
dpca2g105110.842	6	788
dpca2g105120.842	6	789
dpca2g105130.842	6	790
dpca2g105140.842	6	791
dpca2g105150.842	6	792
dpca2g105160.842	6	793
dpca2g105170.842	6	794
dpca2g105190.842	6	795
dpca2g105200.842	6	796
dpca2g105210.842	6	797
dpca2g105220.842	6	798
dpca2g105230.842	6	799
dpca2g105240.842	6	800
dpca2g105250.842	6	801
dpca2g105260.842	6	802
dpca2g105270.842	6	803
dpca2g105280.842	6	804
dpca2g105290.842	6	805
dpca2g105300.842	6	806
dpca2g105310.842	6	807
dpca2g105320.842	6	808
dpca2g105330.842	6	809
dpca2g105360.842	6	810
dpca2g105380.842	6	811
dpca2g105390.842	6	812
dpca2g105400.842	6	813
dpca2g105420.842	6	814
dpca2g105430.842	6	815
dpca2g105440.842	6	816
dpca2g105450.842	6	817
dpca2g105460.842	6	818
dpca2g105470.842	6	819
dpca2g105480.842	6	820
dpca2g105490.842	6	821
dpca2g105500.842	6	822
dpca2g105510.842	6	823
dpca2g105520.842	6	824
dpca2g105530.842	6	825
dpca2g105540.842	6	826
dpca2g105550.842	6	827
dpca2g105560.842	6	828
dpca2g105570.842	6	829
dpca2g105580.842	6	830
dpca2g105590.842	6	831
dpca2g105600.842	6	832
dpca2g105610.842	6	833
dpca2g105630.842	6	834
dpca2g105640.842	6	835
dpca2g105650.842	6	836
dpca2g105660.842	6	837
dpca2g105670.842	6	838
dpca2g105680.842	6	839
dpca2g105690.842	6	840
dpca2g105700.842	6	841
dpca2g105710.842	6	842
dpca2g105720.842	6	843
dpca2g105730.842	6	844
dpca2g105740.842	6	845
dpca2g105780.842	6	846
dpca2g105830.842	6	847
dpca2g105840.842	6	848
dpca2g105860.842	6	849
dpca2g105870.842	6	850
dpca2g105880.842	6	851
dpca2g105890.842	6	852
dpca2g105900.842	6	853
dpca2g105910.842	6	854
dpca2g105940.842	6	855
dpca2g105950.842	6	856
dpca2g105960.842	6	857
dpca2g105980.842	6	858
dpca2g105990.842	6	859
dpca2g106010.842	6	860
dpca2g106020.842	6	861
dpca2g106040.842	6	862
dpca2g106050.842	6	863
dpca2g106060.842	6	864
dpca2g106070.842	6	865
dpca2g106080.842	6	866
dpca2g106090.842	6	867
dpca2g106100.842	6	868
dpca2g106110.842	6	869
dpca2g106120.842	6	870
dpca2g106130.842	6	871
dpca2g106150.842	6	872
dpca2g106160.842	6	873
dpca2g106170.842	6	874
dpca2g106180.842	6	875
dpca2g106190.842	6	876
dpca2g106210.842	6	877
dpca2g106220.842	6	878
dpca2g106240.842	6	879
dpca2g106250.842	6	880
dpca2g106260.842	6	881
dpca2g106270.842	6	882
dpca2g106280.842	6	883
dpca2g106290.842	6	884
dpca2g106300.842	6	885
dpca2g106310.842	6	886
dpca2g106320.842	6	887
dpca2g106330.842	6	888
dpca2g106340.842	6	889
dpca2g106350.842	6	890
dpca2g106360.842	6	891
dpca2g106370.842	6	892
dpca2g106380.842	6	893
dpca2g106400.842	6	894
dpca2g106410.842	6	895
dpca2g106420.842	6	896
dpca2g106430.842	6	897
dpca2g106440.842	6	898
dpca2g106460.842	6	899
dpca2g106480.842	6	900
dpca2g106490.842	6	901
dpca2g106500.842	6	902
dpca2g106510.842	6	903
dpca2g106520.842	6	904
dpca2g106540.842	6	905
dpca2g106550.842	6	906
dpca2g106560.842	6	907
dpca2g106570.842	6	908
dpca2g106580.842	6	909
dpca2g106590.842	6	910
dpca2g106600.842	6	911
dpca2g106610.842	6	912
dpca2g106620.842	6	913
dpca2g106630.842	6	914
dpca2g106640.842	6	915
dpca2g106650.842	6	916
dpca2g106660.842	6	917
dpca2g106670.842	6	918
dpca2g106680.842	6	919
dpca2g106690.842	6	920
dpca2g106700.842	6	921
dpca2g106710.842	6	922
dpca2g106730.842	6	923
dpca2g106740.842	6	924
dpca2g106750.842	6	925
dpca2g106760.842	6	926
dpca2g106770.842	6	927
dpca2g106780.842	6	928
dpca2g106800.842	6	929
dpca2g106810.842	6	930
dpca2g106820.842	6	931
dpca2g106830.842	6	932
dpca2g106840.842	6	933
dpca2g106850.842	6	934
dpca2g106860.842	6	935
dpca2g106870.842	6	936
dpca2g106880.842	6	937
dpca2g106890.842	6	938
dpca2g106900.842	6	939
dpca2g106920.842	6	940
dpca2g106930.842	6	941
dpca2g106940.842	6	942
dpca2g106950.842	6	943
dpca2g106990.842	6	944
dpca2g107000.842	6	945
dpca2g107010.842	6	946
dpca2g107020.842	6	947
dpca2g107050.842	6	948
dpca2g107070.842	6	949
dpca2g107080.842	6	950
dpca2g107090.842	6	951
dpca2g107100.842	6	952
dpca2g107110.842	6	953
dpca2g107120.842	6	954
dpca2g107130.842	6	955
dpca2g107140.842	6	956
dpca2g107150.842	6	957
dpca2g107160.842	6	958
dpca2g107170.842	6	959
dpca2g107180.842	6	960
dpca2g107200.842	6	961
dpca2g107210.842	6	962
dpca2g107230.842	6	963
dpca2g107240.842	6	964
dpca2g107250.842	6	965
dpca2g107260.842	6	966
dpca2g107270.842	6	967
dpca2g107290.842	6	968
dpca2g107300.842	6	969
dpca2g107310.842	6	970
dpca2g107320.842	6	971
dpca2g107330.842	6	972
dpca2g107350.842	6	973
dpca2g107360.842	6	974
dpca2g107390.842	6	975
dpca2g107400.842	6	976
dpca2g107420.842	6	977
dpca2g107430.842	6	978
dpca2g107440.842	6	979
dpca2g107450.842	6	980
dpca2g107460.842	6	981
dpca2g107470.842	6	982
dpca2g107480.842	6	983
dpca2g107490.842	6	984
dpca2g107500.842	6	985
dpca2g107510.842	6	986
dpca2g107520.842	6	987
dpca2g107530.842	6	988
dpca2g107540.842	6	989
dpca2g107550.842	6	990
dpca2g107560.842	6	991
dpca2g107580.842	6	992
dpca2g107590.842	6	993
dpca2g107620.842	6	994
dpca2g107630.842	6	995
dpca2g107640.842	6	996
dpca2g107650.842	6	997
dpca2g107660.842	6	998
dpca2g107670.842	6	999
dpca2g107680.842	6	1000
dpca2g107690.842	6	1001
dpca2g107700.842	6	1002
dpca2g107710.842	6	1003
dpca2g107720.842	6	1004
dpca2g107740.842	6	1005
dpca2g107750.842	6	1006
dpca2g107760.842	6	1007
dpca2g107770.842	6	1008
dpca2g107780.842	6	1009
dpca2g107790.842	6	1010
dpca2g107810.842	6	1011
dpca2g107820.842	6	1012
dpca2g107830.842	6	1013
dpca2g107850.842	6	1014
dpca2g107860.842	6	1015
dpca2g107870.842	6	1016
dpca2g107880.842	6	1017
dpca2g107890.842	6	1018
dpca2g107900.842	6	1019
dpca2g107910.842	6	1020
dpca2g107930.842	6	1021
dpca2g107940.842	6	1022
dpca2g107950.842	6	1023
dpca2g107960.842	7	0
dpca2g107970.842	7	1
dpca2g107980.842	7	2
dpca2g108000.842	7	3
dpca2g108010.842	7	4
dpca2g108020.842	7	5
dpca2g108030.842	7	6
dpca2g108040.842	7	7
dpca2g108050.842	7	8
dpca2g108060.842	7	9
dpca2g108070.842	7	10
dpca2g108080.842	7	11
dpca2g108090.842	7	12
dpca2g108100.842	7	13
dpca2g108110.842	7	14
dpca2g108120.842	7	15
dpca2g108130.842	7	16
dpca2g108140.842	7	17
dpca2g108150.842	7	18
dpca2g108160.842	7	19
dpca2g108170.842	7	20
dpca2g108180.842	7	21
dpca2g108190.842	7	22
dpca2g108200.842	7	23
dpca2g108220.842	7	24
dpca2g108230.842	7	25
dpca2g108240.842	7	26
dpca2g108250.842	7	27
dpca2g108260.842	7	28
dpca2g108270.842	7	29
dpca2g108280.842	7	30
dpca2g108290.842	7	31
dpca2g108300.842	7	32
dpca2g108320.842	7	33
dpca2g108330.842	7	34
dpca2g108340.842	7	35
dpca2g108350.842	7	36
dpca2g108360.842	7	37
dpca2g108370.842	7	38
dpca2g108380.842	7	39
dpca2g108390.842	7	40
dpca2g108400.842	7	41
dpca2g108420.842	7	42
dpca2g108430.842	7	43
dpca2g108460.842	7	44
dpca2g108480.842	7	45
dpca2g108500.842	7	46
dpca2g108510.842	7	47
dpca2g108520.842	7	48
dpca2g108530.842	7	49
dpca2g108540.842	7	50
dpca2g108550.842	7	51
dpca2g108560.842	7	52
dpca2g108570.842	7	53
dpca2g108580.842	7	54
dpca2g108590.842	7	55
dpca2g108600.842	7	56
dpca2g108610.842	7	57
dpca2g108620.842	7	58
dpca2g108630.842	7	59
dpca2g108640.842	7	60
dpca2g108650.842	7	61
dpca2g108660.842	7	62
dpca2g108670.842	7	63
dpca2g108680.842	7	64
dpca2g108690.842	7	65
dpca2g108700.842	7	66
dpca2g108720.842	7	67
dpca2g108740.842	7	68
dpca2g108750.842	7	69
dpca2g108770.842	7	70
dpca2g108790.842	7	71
dpca2g108800.842	7	72
dpca2g108810.842	7	73
dpca2g108820.842	7	74
dpca2g108830.842	7	75
dpca2g108850.842	7	76
dpca2g108860.842	7	77
dpca2g108870.842	7	78
dpca2g108890.842	7	79
dpca2g108900.842	7	80
dpca2g108910.842	7	81
dpca2g108920.842	7	82
dpca2g108930.842	7	83
dpca2g108940.842	7	84
dpca2g108960.842	7	85
dpca2g108970.842	7	86
dpca2g108990.842	7	87
dpca2g109020.842	7	88
dpca2g109050.842	7	89
dpca2g109060.842	7	90
dpca2g109070.842	7	91
dpca2g109180.842	7	92
dpca2g109190.842	7	93
dpca2g109200.842	7	94
dpca2g109230.842	7	95
dpca2g109240.842	7	96
dpca2g109250.842	7	97
dpca2g109260.842	7	98
dpca2g109270.842	7	99
dpca2g109290.842	7	100
dpca2g109330.842	7	101
dpca2g109360.842	7	102
dpca2g109370.842	7	103
dpca2g109390.842	7	104
dpca2g109430.842	7	105
dpca2g109440.842	7	106
dpca2g109450.842	7	107
dpca2g109460.842	7	108
dpca2g109470.842	7	109
dpca2g109480.842	7	110
dpca2g109490.842	7	111
dpca2g109500.842	7	112
dpca2g109510.842	7	113
dpca2g109520.842	7	114
dpca2g109530.842	7	115
dpca2g109540.842	7	116
dpca2g109550.842	7	117
dpca2g109570.842	7	118
dpca2g109580.842	7	119
dpca2g109590.842	7	120
dpca2g109600.842	7	121
dpca2g109610.842	7	122
dpca2g109620.842	7	123
dpca2g109630.842	7	124
dpca2g109640.842	7	125
dpca2g109650.842	7	126
dpca2g109660.842	7	127
dpca2g109670.842	7	128
dpca2g109680.842	7	129
dpca2g109690.842	7	130
dpca2g109700.842	7	131
dpca2g109720.842	7	132
dpca2g109730.842	7	133
dpca2g109740.842	7	134
dpca2g109750.842	7	135
dpca2g109760.842	7	136
dpca2g109770.842	7	137
dpca2g109780.842	7	138
dpca2g109790.842	7	139
dpca2g109800.842	7	140
dpca2g109810.842	7	141
dpca2g109830.842	7	142
dpca2g109840.842	7	143
dpca2g109850.842	7	144
dpca2g109860.842	7	145
dpca2g109870.842	7	146
dpca2g109880.842	7	147
dpca2g109890.842	7	148
dpca2g109930.842	7	149
dpca2g109940.842	7	150
dpca2g109950.842	7	151
dpca2g109960.842	7	152
dpca2g109970.842	7	153
dpca2g109980.842	7	154
dpca2g109990.842	7	155
dpca2g110000.842	7	156
dpca2g110010.842	7	157
dpca2g110030.842	7	158
dpca2g110040.842	7	159
dpca2g110050.842	7	160
dpca2g110060.842	7	161
dpca2g110070.842	7	162
dpca2g110080.842	7	163
dpca2g110090.842	7	164
dpca2g110100.842	7	165
dpca2g110120.842	7	166
dpca2g110130.842	7	167
dpca2g110140.842	7	168
dpca2g110150.842	7	169
dpca2g110160.842	7	170
dpca2g110170.842	7	171
dpca2g110180.842	7	172
dpca2g110190.842	7	173
dpca2g110200.842	7	174
dpca2g110210.842	7	175
dpca2g110220.842	7	176
dpca2g110230.842	7	177
dpca2g110240.842	7	178
dpca2g110250.842	7	179
dpca2g110270.842	7	180
dpca2g110280.842	7	181
dpca2g110300.842	7	182
dpca2g110320.842	7	183
dpca2g110330.842	7	184
dpca2g110340.842	7	185
dpca2g110350.842	7	186
dpca2g110360.842	7	187
dpca2g110370.842	7	188
dpca2g110380.842	7	189
dpca2g110390.842	7	190
dpca2g110400.842	7	191
dpca2g110410.842	7	192
dpca2g110420.842	7	193
dpca2g110440.842	7	194
dpca2g110450.842	7	195
dpca2g110460.842	7	196
dpca2g110470.842	7	197
dpca2g110480.842	7	198
dpca2g110490.842	7	199
dpca2g110500.842	7	200
dpca2g110510.842	7	201
dpca2g110530.842	7	202
dpca2g110540.842	7	203
dpca2g110550.842	7	204
dpca2g110560.842	7	205
dpca2g110570.842	7	206
dpca2g110580.842	7	207
dpca2g110590.842	7	208
dpca2g110600.842	7	209
dpca2g110620.842	7	210
dpca2g110630.842	7	211
dpca2g110640.842	7	212
dpca2g110660.842	7	213
dpca2g110670.842	7	214
dpca2g110690.842	7	215
dpca2g110700.842	7	216
dpca2g110720.842	7	217
dpca2g110740.842	7	218
dpca2g110750.842	7	219
dpca2g110760.842	7	220
dpca2g110770.842	7	221
dpca2g110780.842	7	222
dpca2g110790.842	7	223
dpca2g110800.842	7	224
dpca2g110810.842	7	225
dpca2g110820.842	7	226
dpca2g110830.842	7	227
dpca2g110840.842	7	228
dpca2g110850.842	7	229
dpca2g110860.842	7	230
dpca2g110870.842	7	231
dpca2g110880.842	7	232
dpca2g110890.842	7	233
dpca2g110900.842	7	234
dpca2g110940.842	7	235
dpca2g110950.842	7	236
dpca2g110960.842	7	237
dpca2g110970.842	7	238
dpca2g110980.842	7	239
dpca2g110990.842	7	240
dpca2g111000.842	7	241
dpca2g111010.842	7	242
dpca2g111020.842	7	243
dpca2g111030.842	7	244
dpca2g111040.842	7	245
dpca2g111050.842	7	246
dpca2g111060.842	7	247
dpca2g111070.842	7	248
dpca2g111080.842	7	249
dpca2g111090.842	7	250
dpca2g111110.842	7	251
dpca2g111120.842	7	252
dpca2g111130.842	7	253
dpca2g111140.842	7	254
dpca2g111150.842	7	255
dpca2g111170.842	7	256
dpca2g111180.842	7	257
dpca2g111210.842	7	258
dpca2g111230.842	7	259
dpca2g111240.842	7	260
dpca2g111250.842	7	261
dpca2g111260.842	7	262
dpca2g111270.842	7	263
dpca2g111280.842	7	264
dpca2g111290.842	7	265
dpca2g111320.842	7	266
dpca2g111330.842	7	267
dpca2g111340.842	7	268
dpca2g111350.842	7	269
dpca2g111360.842	7	270
dpca2g111370.842	7	271
dpca2g111390.842	7	272
dpca2g111400.842	7	273
dpca2g111410.842	7	274
dpca2g111420.842	7	275
dpca2g111430.842	7	276
dpca2g111440.842	7	277
dpca2g111450.842	7	278
dpca2g111460.842	7	279
dpca2g111470.842	7	280
dpca2g111480.842	7	281
dpca2g111490.842	7	282
dpca2g111500.842	7	283
dpca2g111510.842	7	284
dpca2g111520.842	7	285
dpca2g111570.842	7	286
dpca2g111580.842	7	287
dpca2g111590.842	7	288
dpca2g111600.842	7	289
dpca2g111610.842	7	290
dpca2g111630.842	7	291
dpca2g111640.842	7	292
dpca2g111660.842	7	293
dpca2g111690.842	7	294
dpca2g111700.842	7	295
dpca2g111710.842	7	296
dpca2g111720.842	7	297
dpca2g111730.842	7	298
dpca2g111740.842	7	299
dpca2g111750.842	7	300
dpca2g111760.842	7	301
dpca2g111770.842	7	302
dpca2g111800.842	7	303
dpca2g111810.842	7	304
dpca2g111830.842	7	305
dpca2g111840.842	7	306
dpca2g111850.842	7	307
dpca2g111860.842	7	308
dpca2g111870.842	7	309
dpca2g111880.842	7	310
dpca2g111890.842	7	311
dpca2g111900.842	7	312
dpca2g111920.842	7	313
dpca2g111930.842	7	314
dpca2g111940.842	7	315
dpca2g111950.842	7	316
dpca2g111960.842	7	317
dpca2g111970.842	7	318
dpca2g111980.842	7	319
dpca2g112000.842	7	320
dpca2g112010.842	7	321
dpca2g112020.842	7	322
dpca2g112030.842	7	323
dpca2g112040.842	7	324
dpca2g112050.842	7	325
dpca2g112060.842	7	326
dpca2g112070.842	7	327
dpca2g112120.842	7	328
dpca2g112130.842	7	329
dpca2g112150.842	7	330
dpca2g112160.842	7	331
dpca2g112170.842	7	332
dpca2g112180.842	7	333
dpca2g112190.842	7	334
dpca2g112200.842	7	335
dpca2g112210.842	7	336
dpca2g112230.842	7	337
dpca2g112240.842	7	338
dpca2g112250.842	7	339
dpca2g112260.842	7	340
dpca2g112270.842	7	341
dpca2g112280.842	7	342
dpca2g112300.842	7	343
dpca2g112310.842	7	344
dpca2g112360.842	7	345
dpca2g112370.842	7	346
dpca2g112380.842	7	347
dpca2g112390.842	7	348
dpca2g112400.842	7	349
dpca2g112410.842	7	350
dpca2g112420.842	7	351
dpca2g112440.842	7	352
dpca2g112460.842	7	353
dpca2g112470.842	7	354
dpca2g112480.842	7	355
dpca2g112490.842	7	356
dpca2g112500.842	7	357
dpca2g112510.842	7	358
dpca2g112540.842	7	359
dpca2g112550.842	7	360
dpca2g112560.842	7	361
dpca2g112570.842	7	362
dpca2g112590.842	7	363
dpca2g112600.842	7	364
dpca2g112610.842	7	365
dpca2g112630.842	7	366
dpca2g112660.842	7	367
dpca2g112670.842	7	368
dpca2g112680.842	7	369
dpca2g112690.842	7	370
dpca2g112700.842	7	371
dpca2g112720.842	7	372
dpca2g112730.842	7	373
dpca2g112740.842	7	374
dpca2g112750.842	7	375
dpca2g112760.842	7	376
dpca2g112770.842	7	377
dpca2g112780.842	7	378
dpca2g112790.842	7	379
dpca2g112810.842	7	380
dpca2g112830.842	7	381
dpca2g112840.842	7	382
dpca2g112850.842	7	383
dpca2g112860.842	7	384
dpca2g112870.842	7	385
dpca2g112890.842	7	386
dpca2g112900.842	7	387
dpca2g112910.842	7	388
dpca2g112940.842	7	389
dpca2g112960.842	7	390
dpca2g112990.842	7	391
dpca2g113030.842	7	392
dpca2g113040.842	7	393
dpca2g113050.842	7	394
dpca2g113060.842	7	395
dpca2g113070.842	7	396
dpca2g113080.842	7	397
dpca2g113090.842	7	398
dpca2g113100.842	7	399
dpca2g113110.842	7	400
dpca2g113120.842	7	401
dpca2g113140.842	7	402
dpca2g113150.842	7	403
dpca2g113160.842	7	404
dpca2g113170.842	7	405
dpca2g113180.842	7	406
dpca2g113190.842	7	407
dpca2g113210.842	7	408
dpca2g113220.842	7	409
dpca2g113230.842	7	410
dpca2g113240.842	7	411
dpca2g113260.842	7	412
dpca2g113270.842	7	413
dpca2g113280.842	7	414
dpca2g113310.842	7	415
dpca2g113320.842	7	416
dpca2g113360.842	7	417
dpca2g113390.842	7	418
dpca2g113400.842	7	419
dpca2g113410.842	7	420
dpca2g113420.842	7	421
dpca2g113430.842	7	422
dpca2g113450.842	7	423
dpca2g113460.842	7	424
dpca2g113470.842	7	425
dpca2g113480.842	7	426
dpca2g113490.842	7	427
dpca2g113500.842	7	428
dpca2g113510.842	7	429
dpca2g113540.842	7	430
dpca2g113550.842	7	431
dpca2g113560.842	7	432
dpca2g113570.842	7	433
dpca2g113580.842	7	434
dpca2g113590.842	7	435
dpca2g113610.842	7	436
dpca2g113620.842	7	437
dpca2g113630.842	7	438
dpca2g113640.842	7	439
dpca2g113650.842	7	440
dpca2g113660.842	7	441
dpca2g113670.842	7	442
dpca2g113680.842	7	443
dpca2g113690.842	7	444
dpca2g113720.842	7	445
dpca2g113740.842	7	446
dpca2g113750.842	7	447
dpca2g113760.842	7	448
dpca2g113770.842	7	449
dpca2g113780.842	7	450
dpca2g113790.842	7	451
dpca2g113800.842	7	452
dpca2g113810.842	7	453
dpca2g113840.842	7	454
dpca2g113860.842	7	455
dpca2g113870.842	7	456
dpca2g113880.842	7	457
dpca2g113890.842	7	458
dpca2g113900.842	7	459
dpca2g113910.842	7	460
dpca2g113930.842	7	461
dpca2g113950.842	7	462
dpca2g113960.842	7	463
dpca2g113990.842	7	464
dpca2g114010.842	7	465
dpca2g114020.842	7	466
dpca2g114030.842	7	467
dpca2g114040.842	7	468
dpca2g114050.842	7	469
dpca2g114060.842	7	470
dpca2g114070.842	7	471
dpca2g114080.842	7	472
dpca2g114090.842	7	473
dpca2g114100.842	7	474
dpca2g114130.842	7	475
dpca2g114150.842	7	476
dpca2g114160.842	7	477
dpca2g114180.842	7	478
dpca2g114190.842	7	479
dpca2g114220.842	7	480
dpca2g114230.842	7	481
dpca2g114240.842	7	482
dpca2g114250.842	7	483
dpca2g114270.842	7	484
dpca2g114290.842	7	485
dpca2g114300.842	7	486
dpca2g114310.842	7	487
dpca2g114320.842	7	488
dpca2g114330.842	7	489
dpca2g114340.842	7	490
dpca2g114350.842	7	491
dpca2g114360.842	7	492
dpca2g114380.842	7	493
dpca2g114390.842	7	494
dpca2g114410.842	7	495
dpca2g114420.842	7	496
dpca2g114430.842	7	497
dpca2g114440.842	7	498
dpca2g114450.842	7	499
dpca2g114460.842	7	500
dpca2g114470.842	7	501
dpca2g114480.842	7	502
dpca2g114490.842	7	503
dpca2g114500.842	7	504
dpca2g114520.842	7	505
dpca2g114540.842	7	506
dpca2g114550.842	7	507
dpca2g114560.842	7	508
dpca2g114570.842	7	509
dpca2g114590.842	7	510
dpca2g114610.842	7	511
dpca2g114620.842	7	512
dpca2g114650.842	7	513
dpca2g114660.842	7	514
dpca2g114670.842	7	515
dpca2g114680.842	7	516
dpca2g114690.842	7	517
dpca2g114700.842	7	518
dpca2g114710.842	7	519
dpca2g114720.842	7	520
dpca2g114740.842	7	521
dpca2g114750.842	7	522
dpca2g114760.842	7	523
dpca2g114770.842	7	524
dpca2g114780.842	7	525
dpca2g114790.842	7	526
dpca2g114800.842	7	527
dpca2g114820.842	7	528
dpca2g114830.842	7	529
dpca2g114870.842	7	530
dpca2g114880.842	7	531
dpca2g114890.842	7	532
dpca2g114900.842	7	533
dpca2g114910.842	7	534
dpca2g114930.842	7	535
dpca2g114940.842	7	536
dpca2g114950.842	7	537
dpca2g114960.842	7	538
dpca2g114970.842	7	539
dpca2g114990.842	7	540
dpca2g115000.842	7	541
dpca2g115010.842	7	542
dpca2g115030.842	7	543
dpca2g115040.842	7	544
dpca2g115050.842	7	545
dpca2g115060.842	7	546
dpca2g115070.842	7	547
dpca2g115100.842	7	548
dpca2g115110.842	7	549
dpca2g115120.842	7	550
dpca2g115140.842	7	551
dpca2g115150.842	7	552
dpca2g115160.842	7	553
dpca2g115170.842	7	554
dpca2g115180.842	7	555
dpca2g115190.842	7	556
dpca2g115200.842	7	557
dpca2g115260.842	7	558
dpca2g115280.842	7	559
dpca2g115290.842	7	560
dpca2g115300.842	7	561
dpca2g115310.842	7	562
dpca2g115320.842	7	563
dpca2g115330.842	7	564
dpca2g115340.842	7	565
dpca2g115350.842	7	566
dpca2g115360.842	7	567
dpca2g115370.842	7	568
dpca2g115380.842	7	569
dpca2g115390.842	7	570
dpca2g115400.842	7	571
dpca2g115410.842	7	572
dpca2g115420.842	7	573
dpca2g115430.842	7	574
dpca2g115450.842	7	575
dpca2g115460.842	7	576
dpca2g115470.842	7	577
dpca2g115480.842	7	578
dpca2g115500.842	7	579
dpca2g115520.842	7	580
dpca2g115530.842	7	581
dpca2g115550.842	7	582
dpca2g115560.842	7	583
dpca2g115570.842	7	584
dpca2g115580.842	7	585
dpca2g115590.842	7	586
dpca2g115600.842	7	587
dpca2g115610.842	7	588
dpca2g115630.842	7	589
dpca2g115640.842	7	590
dpca2g115650.842	7	591
dpca2g115660.842	7	592
dpca2g115680.842	7	593
dpca2g115690.842	7	594
dpca2g115700.842	7	595
dpca2g115710.842	7	596
dpca2g115720.842	7	597
dpca2g115740.842	7	598
dpca2g115750.842	7	599
dpca2g115770.842	7	600
dpca2g115780.842	7	601
dpca2g115790.842	7	602
dpca2g115800.842	7	603
dpca2g115820.842	7	604
dpca2g115830.842	7	605
dpca2g115840.842	7	606
dpca2g115850.842	7	607
dpca2g115870.842	7	608
dpca2g115880.842	7	609
dpca2g115890.842	7	610
dpca2g115900.842	7	611
dpca2g115910.842	7	612
dpca2g115920.842	7	613
dpca2g115930.842	7	614
dpca2g115960.842	7	615
dpca2g115970.842	7	616
dpca2g115990.842	7	617
dpca2g116000.842	7	618
dpca2g116010.842	7	619
dpca2g116020.842	7	620
dpca2g116030.842	7	621
dpca2g116040.842	7	622
dpca2g116060.842	7	623
dpca2g116070.842	7	624
dpca2g116080.842	7	625
dpca2g116090.842	7	626
dpca2g116100.842	7	627
dpca2g116110.842	7	628
dpca2g116130.842	7	629
dpca2g116160.842	7	630
dpca2g116170.842	7	631
dpca2g116180.842	7	632
dpca2g116190.842	7	633
dpca2g116200.842	7	634
dpca2g116210.842	7	635
dpca2g116220.842	7	636
dpca2g116230.842	7	637
dpca2g116240.842	7	638
dpca2g116250.842	7	639
dpca2g116260.842	7	640
dpca2g116280.842	7	641
dpca2g116290.842	7	642
dpca2g116300.842	7	643
dpca2g116330.842	7	644
dpca2g116340.842	7	645
dpca2g116350.842	7	646
dpca2g116360.842	7	647
dpca2g116370.842	7	648
dpca2g116380.842	7	649
dpca2g116390.842	7	650
dpca2g116400.842	7	651
dpca2g116410.842	7	652
dpca2g116430.842	7	653
dpca2g116440.842	7	654
dpca2g116450.842	7	655
dpca2g116460.842	7	656
dpca2g116470.842	7	657
dpca2g116480.842	7	658
dpca2g116490.842	7	659
dpca2g116510.842	7	660
dpca2g116520.842	7	661
dpca2g116530.842	7	662
dpca2g116540.842	7	663
dpca2g116550.842	7	664
dpca2g116560.842	7	665
dpca2g116570.842	7	666
dpca2g116580.842	7	667
dpca2g116590.842	7	668
dpca2g116600.842	7	669
dpca2g116640.842	7	670
dpca2g116650.842	7	671
dpca2g116660.842	7	672
dpca2g116670.842	7	673
dpca2g116680.842	7	674
dpca2g116690.842	7	675
dpca2g116700.842	7	676
dpca2g116710.842	7	677
dpca2g116730.842	7	678
dpca2g116800.842	7	679
dpca2g116840.842	7	680
dpca2g116850.842	7	681
dpca2g116860.842	7	682
dpca2g116880.842	7	683
dpca2g116890.842	7	684
dpca2g116900.842	7	685
dpca2g116930.842	7	686
dpca2g116980.842	7	687
dpca2g116990.842	7	688
dpca2g117000.842	7	689
dpca2g117010.842	7	690
dpca2g117020.842	7	691
dpca2g117040.842	7	692
dpca2g117050.842	7	693
dpca2g117080.842	7	694
dpca2g117090.842	7	695
dpca2g117100.842	7	696
dpca2g117110.842	7	697
dpca2g117130.842	7	698
dpca2g117140.842	7	699
dpca2g117150.842	7	700
dpca2g117160.842	7	701
dpca2g117170.842	7	702
dpca2g117180.842	7	703
dpca2g117190.842	7	704
dpca2g117200.842	7	705
dpca2g117220.842	7	706
dpca2g117230.842	7	707
dpca2g117240.842	7	708
dpca2g117250.842	7	709
dpca2g117260.842	7	710
dpca2g117270.842	7	711
dpca2g117280.842	7	712
dpca2g117290.842	7	713
dpca2g117300.842	7	714
dpca2g117310.842	7	715
dpca2g117320.842	7	716
dpca2g117330.842	7	717
dpca2g117340.842	7	718
dpca2g117350.842	7	719
dpca2g117360.842	7	720
dpca2g117380.842	7	721
dpca2g117390.842	7	722
dpca2g117400.842	7	723
dpca2g117410.842	7	724
dpca2g117420.842	7	725
dpca2g117430.842	7	726
dpca2g117440.842	7	727
dpca2g117450.842	7	728
dpca2g117470.842	7	729
dpca2g117490.842	7	730
dpca2g117500.842	7	731
dpca2g117520.842	7	732
dpca2g117530.842	7	733
dpca2g117540.842	7	734
dpca2g117550.842	7	735
dpca2g117560.842	7	736
dpca2g117570.842	7	737
dpca2g117580.842	7	738
dpca2g117590.842	7	739
dpca2g117600.842	7	740
dpca2g117610.842	7	741
dpca2g117620.842	7	742
dpca2g117640.842	7	743
dpca2g117650.842	7	744
dpca2g117660.842	7	745
dpca2g117670.842	7	746
dpca2g117690.842	7	747
dpca2g117700.842	7	748
dpca2g117710.842	7	749
dpca2g117720.842	7	750
dpca2g117730.842	7	751
dpca2g117740.842	7	752
dpca2g117750.842	7	753
dpca2g117760.842	7	754
dpca2g117780.842	7	755
dpca2g117790.842	7	756
dpca2g117800.842	7	757
dpca2g117810.842	7	758
dpca2g117830.842	7	759
dpca2g117860.842	7	760
dpca2g117870.842	7	761
dpca2g117880.842	7	762
dpca2g117890.842	7	763
dpca2g117900.842	7	764
dpca2g117930.842	7	765
dpca2g117940.842	7	766
dpca2g117950.842	7	767
dpca2g117960.842	7	768
dpca2g117970.842	7	769
dpca2g117990.842	7	770
dpca2g118000.842	7	771
dpca2g118010.842	7	772
dpca2g118020.842	7	773
dpca2g118030.842	7	774
dpca2g118040.842	7	775
dpca2g118050.842	7	776
dpca2g118060.842	7	777
dpca2g118070.842	7	778
dpca2g118090.842	7	779
dpca2g118110.842	7	780
dpca2g118120.842	7	781
dpca2g118150.842	7	782
dpca2g118170.842	7	783
dpca2g118180.842	7	784
dpca2g118190.842	7	785
dpca2g118210.842	7	786
dpca2g118220.842	7	787
dpca2g118230.842	7	788
dpca2g118240.842	7	789
dpca2g118250.842	7	790
dpca2g118260.842	7	791
dpca2g118270.842	7	792
dpca2g118280.842	7	793
dpca2g118290.842	7	794
dpca2g118300.842	7	795
dpca2g118310.842	7	796
dpca2g118320.842	7	797
dpca2g118330.842	7	798
dpca2g118350.842	7	799
dpca2g118360.842	7	800
dpca2g118370.842	7	801
dpca2g118390.842	7	802
dpca2g118400.842	7	803
dpca2g118410.842	7	804
dpca2g118420.842	7	805
dpca2g118430.842	7	806
dpca2g118440.842	7	807
dpca2g118450.842	7	808
dpca2g118460.842	7	809
dpca2g118470.842	7	810
dpca2g118490.842	7	811
dpca2g118500.842	7	812
dpca2g118510.842	7	813
dpca2g118520.842	7	814
dpca2g118530.842	7	815
dpca2g118540.842	7	816
dpca2g118550.842	7	817
dpca2g118580.842	7	818
dpca2g118590.842	7	819
dpca2g118620.842	7	820
dpca2g118640.842	7	821
dpca2g118650.842	7	822
dpca2g118670.842	7	823
dpca2g118680.842	7	824
dpca2g118690.842	7	825
dpca2g118720.842	7	826
dpca2g118730.842	7	827
dpca2g118740.842	7	828
dpca2g118750.842	7	829
dpca2g118760.842	7	830
dpca2g118780.842	7	831
dpca2g118790.842	7	832
dpca2g118800.842	7	833
dpca2g118810.842	7	834
dpca2g118820.842	7	835
dpca2g118830.842	7	836
dpca2g118840.842	7	837
dpca2g118850.842	7	838
dpca2g118860.842	7	839
dpca2g118870.842	7	840
dpca2g118880.842	7	841
dpca2g118890.842	7	842
dpca2g118900.842	7	843
dpca2g118910.842	7	844
dpca2g118920.842	7	845
dpca2g118930.842	7	846
dpca2g118940.842	7	847
dpca2g118950.842	7	848
dpca2g118960.842	7	849
dpca2g118980.842	7	850
dpca2g118990.842	7	851
dpca2g119000.842	7	852
dpca2g119010.842	7	853
dpca2g119020.842	7	854
dpca2g119030.842	7	855
dpca2g119040.842	7	856
dpca2g119050.842	7	857
dpca2g119060.842	7	858
dpca2g119070.842	7	859
dpca2g119080.842	7	860
dpca2g119100.842	7	861
dpca2g119110.842	7	862
dpca2g119120.842	7	863
dpca2g119130.842	7	864
dpca2g119140.842	7	865
dpca2g119150.842	7	866
dpca2g119180.842	7	867
dpca2g119190.842	7	868
dpca2g119200.842	7	869
dpca2g119210.842	7	870
dpca2g119220.842	7	871
dpca2g119230.842	7	872
dpca2g119240.842	7	873
dpca2g119250.842	7	874
dpca2g119260.842	7	875
dpca2g119290.842	7	876
dpca2g119300.842	7	877
dpca2g119310.842	7	878
dpca2g119320.842	7	879
dpca2g119330.842	7	880
dpca2g119340.842	7	881
dpca2g119350.842	7	882
dpca2g119360.842	7	883
dpca2g119370.842	7	884
dpca2g119380.842	7	885
dpca2g119390.842	7	886
dpca2g119410.842	7	887
dpca2g119420.842	7	888
dpca2g119430.842	7	889
dpca2g119440.842	7	890
dpca2g119450.842	7	891
dpca2g119460.842	7	892
dpca2g119470.842	7	893
dpca2g119480.842	7	894
dpca2g119490.842	7	895
dpca2g119500.842	7	896
dpca2g119510.842	7	897
dpca2g119520.842	7	898
dpca2g119530.842	7	899
dpca2g119540.842	7	900
dpca2g119550.842	7	901
dpca2g119560.842	7	902
dpca2g119580.842	7	903
dpca2g119590.842	7	904
dpca2g119600.842	7	905
dpca2g119620.842	7	906
dpca2g119640.842	7	907
dpca2g119650.842	7	908
dpca2g119670.842	7	909
dpca2g119680.842	7	910
dpca2g119700.842	7	911
dpca2g119710.842	7	912
dpca2g119730.842	7	913
dpca2g119740.842	7	914
dpca2g119760.842	7	915
dpca2g119770.842	7	916
dpca2g119780.842	7	917
dpca2g119790.842	7	918
dpca2g119810.842	7	919
dpca2g119820.842	7	920
dpca2g119850.842	7	921
dpca2g119860.842	7	922
dpca2g119890.842	7	923
dpca2g119900.842	7	924
dpca2g119910.842	7	925
dpca2g119920.842	7	926
dpca2g119930.842	7	927
dpca2g119940.842	7	928
dpca2g119950.842	7	929
dpca2g119980.842	7	930
dpca2g119990.842	7	931
dpca2g120000.842	7	932
dpca2g120010.842	7	933
dpca2g120030.842	7	934
dpca2g120040.842	7	935
dpca2g120050.842	7	936
dpca2g120060.842	7	937
dpca2g120070.842	7	938
dpca2g120090.842	7	939
dpca2g120100.842	7	940
dpca2g120110.842	7	941
dpca2g120120.842	7	942
dpca2g120130.842	7	943
dpca2g120140.842	7	944
dpca2g120150.842	7	945
dpca2g120160.842	7	946
dpca2g120170.842	7	947
dpca2g120180.842	7	948
dpca2g120190.842	7	949
dpca2g120200.842	7	950
dpca2g120210.842	7	951
dpca2g120220.842	7	952
dpca2g120230.842	7	953
dpca2g120240.842	7	954
dpca2g120250.842	7	955
dpca2g120260.842	7	956
dpca2g120270.842	7	957
dpca2g120290.842	7	958
dpca2g120300.842	7	959
dpca2g120320.842	7	960
dpca2g120360.842	7	961
dpca2g120370.842	7	962
dpca2g120380.842	7	963
dpca2g120390.842	7	964
dpca2g120400.842	7	965
dpca2g120410.842	7	966
dpca2g120420.842	7	967
dpca2g120430.842	7	968
dpca2g120440.842	7	969
dpca2g120450.842	7	970
dpca2g120460.842	7	971
dpca2g120470.842	7	972
dpca2g120480.842	7	973
dpca2g120490.842	7	974
dpca2g120500.842	7	975
dpca2g120510.842	7	976
dpca2g120520.842	7	977
dpca2g120530.842	7	978
dpca2g120540.842	7	979
dpca2g120550.842	7	980
dpca2g120560.842	7	981
dpca2g120570.842	7	982
dpca2g120580.842	7	983
dpca2g120610.842	7	984
dpca2g120620.842	7	985
dpca2g120640.842	7	986
dpca2g120650.842	7	987
dpca2g120660.842	7	988
dpca2g120670.842	7	989
dpca2g120680.842	7	990
dpca2g120690.842	7	991
dpca2g120730.842	7	992
dpca2g120740.842	7	993
dpca2g120760.842	7	994
dpca2g120770.842	7	995
dpca2g120780.842	7	996
dpca2g120790.842	7	997
dpca2g120800.842	7	998
dpca2g120810.842	7	999
dpca2g120820.842	7	1000
dpca2g120830.842	7	1001
dpca2g120840.842	7	1002
dpca2g120850.842	7	1003
dpca2g120860.842	7	1004
dpca2g120870.842	7	1005
dpca2g120880.842	7	1006
dpca2g120890.842	7	1007
dpca2g120900.842	7	1008
dpca2g120910.842	7	1009
dpca2g120920.842	7	1010
dpca2g120930.842	7	1011
dpca2g120950.842	7	1012
dpca2g120960.842	7	1013
dpca2g120970.842	7	1014
dpca2g120980.842	7	1015
dpca2g120990.842	7	1016
dpca2g121000.842	7	1017
dpca2g121010.842	7	1018
dpca2g121020.842	7	1019
dpca2g121030.842	7	1020
dpca2g121040.842	7	1021
dpca2g121060.842	7	1022
dpca2g121070.842	7	1023
dpca2g121080.842	8	0
dpca2g121120.842	8	1
dpca2g121130.842	8	2
dpca2g121140.842	8	3
dpca2g121150.842	8	4
dpca2g121160.842	8	5
dpca2g121170.842	8	6
dpca2g121180.842	8	7
dpca2g121190.842	8	8
dpca2g121230.842	8	9
dpca2g121250.842	8	10
dpca2g121260.842	8	11
dpca2g121290.842	8	12
dpca2g121300.842	8	13
dpca2g121310.842	8	14
dpca2g121360.842	8	15
dpca2g121370.842	8	16
dpca2g121380.842	8	17
dpca2g121390.842	8	18
dpca2g121400.842	8	19
dpca2g121410.842	8	20
dpca2g121420.842	8	21
dpca2g121430.842	8	22
dpca2g121440.842	8	23
dpca2g121450.842	8	24
dpca2g121460.842	8	25
dpca2g121470.842	8	26
dpca2g121480.842	8	27
dpca2g121490.842	8	28
dpca2g121540.842	8	29
dpca2g121550.842	8	30
dpca2g121560.842	8	31
dpca2g121570.842	8	32
dpca2g121590.842	8	33
dpca2g121600.842	8	34
dpca2g121610.842	8	35
dpca2g121640.842	8	36
dpca2g121660.842	8	37
dpca2g121670.842	8	38
dpca2g121680.842	8	39
dpca2g121690.842	8	40
dpca2g121700.842	8	41
dpca2g121710.842	8	42
dpca2g121770.842	8	43
dpca2g121780.842	8	44
dpca2g121790.842	8	45
dpca2g121800.842	8	46
dpca2g121810.842	8	47
dpca2g121830.842	8	48
dpca2g121840.842	8	49
dpca2g121850.842	8	50
dpca2g121860.842	8	51
dpca2g121870.842	8	52
dpca2g121880.842	8	53
dpca2g121890.842	8	54
dpca2g121900.842	8	55
dpca2g121910.842	8	56
dpca2g121920.842	8	57
dpca2g121930.842	8	58
dpca2g121940.842	8	59
dpca2g121950.842	8	60
dpca2g121980.842	8	61
dpca2g121990.842	8	62
dpca2g122000.842	8	63
dpca2g122010.842	8	64
dpca2g122020.842	8	65
dpca2g122030.842	8	66
dpca2g122040.842	8	67
dpca2g122050.842	8	68
dpca2g122060.842	8	69
dpca2g122070.842	8	70
dpca2g122080.842	8	71
dpca2g122100.842	8	72
dpca2g122110.842	8	73
dpca2g122120.842	8	74
dpca2g122140.842	8	75
dpca2g122160.842	8	76
dpca2g122170.842	8	77
dpca2g122180.842	8	78
dpca2g122190.842	8	79
dpca2g122200.842	8	80
dpca2g122210.842	8	81
dpca2g122220.842	8	82
dpca2g122300.842	8	83
dpca2g122320.842	8	84
dpca2g122330.842	8	85
dpca2g122340.842	8	86
dpca2g122350.842	8	87
dpca2g122360.842	8	88
dpca2g122370.842	8	89
dpca2g122380.842	8	90
dpca2g122390.842	8	91
dpca2g122400.842	8	92
dpca2g122430.842	8	93
dpca2g122440.842	8	94
dpca2g122450.842	8	95
dpca2g122470.842	8	96
dpca2g122480.842	8	97
dpca2g122490.842	8	98
dpca2g122500.842	8	99
dpca2g122510.842	8	100
dpca2g122520.842	8	101
dpca2g122540.842	8	102
dpca2g122550.842	8	103
dpca2g122560.842	8	104
dpca2g122570.842	8	105
dpca2g122580.842	8	106
dpca2g122590.842	8	107
dpca2g122610.842	8	108
dpca2g122620.842	8	109
dpca2g122640.842	8	110
dpca2g122650.842	8	111
dpca2g122660.842	8	112
dpca2g122670.842	8	113
dpca2g122680.842	8	114
dpca2g122690.842	8	115
dpca2g122700.842	8	116
dpca2g122710.842	8	117
dpca2g122720.842	8	118
dpca2g122730.842	8	119
dpca2g122740.842	8	120
dpca2g122750.842	8	121
dpca2g122760.842	8	122
dpca2g122770.842	8	123
dpca2g122780.842	8	124
dpca2g122790.842	8	125
dpca2g122800.842	8	126
dpca2g122810.842	8	127
dpca2g122820.842	8	128
dpca2g122830.842	8	129
dpca2g122840.842	8	130
dpca2g122850.842	8	131
dpca2g122860.842	8	132
dpca2g122870.842	8	133
dpca2g122890.842	8	134
dpca2g122930.842	8	135
dpca2g122940.842	8	136
dpca2g122950.842	8	137
dpca2g122960.842	8	138
dpca2g122970.842	8	139
dpca2g122980.842	8	140
dpca2g122990.842	8	141
dpca2g123000.842	8	142
dpca2g123010.842	8	143
dpca2g123030.842	8	144
dpca2g123040.842	8	145
dpca2g123050.842	8	146
dpca2g123060.842	8	147
dpca2g123070.842	8	148
dpca2g123090.842	8	149
dpca2g123110.842	8	150
dpca2g123120.842	8	151
dpca2g123130.842	8	152
dpca2g123140.842	8	153
dpca2g123150.842	8	154
dpca2g123170.842	8	155
dpca2g123180.842	8	156
dpca2g123190.842	8	157
dpca2g123200.842	8	158
dpca2g123210.842	8	159
dpca2g123220.842	8	160
dpca2g123230.842	8	161
dpca2g123240.842	8	162
dpca2g123250.842	8	163
dpca2g123260.842	8	164
dpca2g123280.842	8	165
dpca2g123290.842	8	166
dpca2g123300.842	8	167
dpca2g123320.842	8	168
dpca2g123340.842	8	169
dpca2g123350.842	8	170
dpca2g123360.842	8	171
dpca2g123370.842	8	172
dpca2g123380.842	8	173
dpca2g123400.842	8	174
dpca2g123410.842	8	175
dpca2g123420.842	8	176
dpca2g123430.842	8	177
dpca2g123440.842	8	178
dpca2g123450.842	8	179
dpca2g123460.842	8	180
dpca2g123470.842	8	181
dpca2g123480.842	8	182
dpca2g123500.842	8	183
dpca2g123520.842	8	184
dpca2g123530.842	8	185
dpca2g123540.842	8	186
dpca2g123550.842	8	187
dpca2g123560.842	8	188
dpca2g123570.842	8	189
dpca2g123580.842	8	190
dpca2g123620.842	8	191
dpca2g123630.842	8	192
dpca2g123640.842	8	193
dpca2g123650.842	8	194
dpca2g123660.842	8	195
dpca2g123680.842	8	196
dpca2g123690.842	8	197
dpca2g123700.842	8	198
dpca2g123710.842	8	199
dpca2g123720.842	8	200
dpca2g123750.842	8	201
dpca2g123770.842	8	202
dpca2g123780.842	8	203
dpca2g123790.842	8	204
dpca2g123800.842	8	205
dpca2g123810.842	8	206
dpca2g123820.842	8	207
dpca2g123830.842	8	208
dpca2g123850.842	8	209
dpca2g123860.842	8	210
dpca2g123870.842	8	211
dpca2g123880.842	8	212
dpca2g123890.842	8	213
dpca2g123900.842	8	214
dpca2g123920.842	8	215
dpca2g123930.842	8	216
dpca2g123940.842	8	217
dpca2g123950.842	8	218
dpca2g123980.842	8	219
dpca2g123990.842	8	220
dpca2g124000.842	8	221
dpca2g124010.842	8	222
dpca2g124020.842	8	223
dpca2g124030.842	8	224
dpca2g124040.842	8	225
dpca2g124050.842	8	226
dpca2g124060.842	8	227
dpca2g124070.842	8	228
dpca2g124080.842	8	229
dpca2g124090.842	8	230
dpca2g124100.842	8	231
dpca2g124110.842	8	232
dpca2g124120.842	8	233
dpca2g124130.842	8	234
dpca2g124150.842	8	235
dpca2g124160.842	8	236
dpca2g124170.842	8	237
dpca2g124190.842	8	238
dpca2g124210.842	8	239
dpca2g124240.842	8	240
dpca2g124260.842	8	241
dpca2g124270.842	8	242
dpca2g124280.842	8	243
dpca2g124290.842	8	244
dpca2g124310.842	8	245
dpca2g124320.842	8	246
dpca2g124330.842	8	247
dpca2g124340.842	8	248
dpca2g124350.842	8	249
dpca2g124360.842	8	250
dpca2g124370.842	8	251
dpca2g124390.842	8	252
dpca2g124400.842	8	253
dpca2g124410.842	8	254
dpca2g124420.842	8	255
dpca2g124440.842	8	256
dpca2g124450.842	8	257
dpca2g124460.842	8	258
dpca2g124470.842	8	259
dpca2g124480.842	8	260
dpca2g124490.842	8	261
dpca2g124500.842	8	262
dpca2g124540.842	8	263
dpca2g124550.842	8	264
dpca2g124560.842	8	265
dpca2g124570.842	8	266
dpca2g124580.842	8	267
dpca2g124590.842	8	268
dpca2g124600.842	8	269
dpca2g124610.842	8	270
dpca2g124620.842	8	271
dpca2g124630.842	8	272
dpca2g124640.842	8	273
dpca2g124650.842	8	274
dpca2g124660.842	8	275
dpca2g124670.842	8	276
dpca2g124680.842	8	277
dpca2g124690.842	8	278
dpca2g124700.842	8	279
dpca2g124710.842	8	280
dpca2g124720.842	8	281
dpca2g124740.842	8	282
dpca2g124780.842	8	283
dpca2g124790.842	8	284
dpca2g124800.842	8	285
dpca2g124820.842	8	286
dpca2g124830.842	8	287
dpca2g124850.842	8	288
dpca2g124860.842	8	289
dpca2g124870.842	8	290
dpca2g124880.842	8	291
dpca2g124910.842	8	292
dpca2g124930.842	8	293
dpca2g124940.842	8	294
dpca2g124950.842	8	295
dpca2g124980.842	8	296
dpca2g124990.842	8	297
dpca2g125000.842	8	298
dpca2g125010.842	8	299
dpca2g125030.842	8	300
dpca2g125050.842	8	301
dpca2g125060.842	8	302
dpca2g125070.842	8	303
dpca2g125080.842	8	304
dpca2g125090.842	8	305
dpca2g125140.842	8	306
dpca2g125150.842	8	307
dpca2g125160.842	8	308
dpca2g125180.842	8	309
dpca2g125190.842	8	310
dpca2g125200.842	8	311
dpca2g125210.842	8	312
dpca2g125220.842	8	313
dpca2g125230.842	8	314
dpca2g125250.842	8	315
dpca2g125270.842	8	316
dpca2g125280.842	8	317
dpca2g125300.842	8	318
dpca2g125310.842	8	319
dpca2g125320.842	8	320
dpca2g125330.842	8	321
dpca2g125340.842	8	322
dpca2g125350.842	8	323
dpca2g125360.842	8	324
dpca2g125380.842	8	325
dpca2g125400.842	8	326
dpca2g125410.842	8	327
dpca2g125420.842	8	328
dpca2g125430.842	8	329
dpca2g125440.842	8	330
dpca2g125450.842	8	331
dpca2g125460.842	8	332
dpca2g125470.842	8	333
dpca2g125480.842	8	334
dpca2g125500.842	8	335
dpca2g125510.842	8	336
dpca2g125520.842	8	337
dpca2g125530.842	8	338
dpca2g125550.842	8	339
dpca2g125570.842	8	340
dpca2g125580.842	8	341
dpca2g125590.842	8	342
dpca2g125610.842	8	343
dpca2g125620.842	8	344
dpca2g125670.842	8	345
dpca2g125700.842	8	346
dpca2g125710.842	8	347
dpca2g125720.842	8	348
dpca2g125730.842	8	349
dpca2g125740.842	8	350
dpca2g125750.842	8	351
dpca2g125760.842	8	352
dpca2g125770.842	8	353
dpca2g125780.842	8	354
dpca2g125800.842	8	355
dpca2g125840.842	8	356
dpca2g125850.842	8	357
dpca2g125880.842	8	358
dpca2g125890.842	8	359
dpca2g125920.842	8	360
dpca2g125940.842	8	361
dpca2g125950.842	8	362
dpca2g125980.842	8	363
dpca2g125990.842	8	364
dpca2g126000.842	8	365
dpca2g126030.842	8	366
dpca2g126040.842	8	367
dpca2g126050.842	8	368
dpca2g126060.842	8	369
dpca2g126070.842	8	370
dpca2g126080.842	8	371
dpca2g126090.842	8	372
dpca2g126100.842	8	373
dpca2g126110.842	8	374
dpca2g126120.842	8	375
dpca2g126130.842	8	376
dpca2g126140.842	8	377
dpca2g126150.842	8	378
dpca2g126160.842	8	379
dpca2g126170.842	8	380
dpca2g126180.842	8	381
dpca2g126190.842	8	382
dpca2g126200.842	8	383
dpca2g126210.842	8	384
dpca2g126220.842	8	385
dpca2g126230.842	8	386
dpca2g126250.842	8	387
dpca2g126280.842	8	388
dpca2g126290.842	8	389
dpca2g126310.842	8	390
dpca2g126320.842	8	391
dpca2g126330.842	8	392
dpca2g126340.842	8	393
dpca2g126350.842	8	394
dpca2g126360.842	8	395
dpca2g126370.842	8	396
dpca2g126380.842	8	397
dpca2g126390.842	8	398
dpca2g126400.842	8	399
dpca2g126410.842	8	400
dpca2g126420.842	8	401
dpca2g126430.842	8	402
dpca2g126440.842	8	403
dpca2g126450.842	8	404
dpca2g126460.842	8	405
dpca2g126470.842	8	406
dpca2g126490.842	8	407
dpca2g126540.842	8	408
dpca2g126550.842	8	409
dpca2g126560.842	8	410
dpca2g126570.842	8	411
dpca2g126590.842	8	412
dpca2g126600.842	8	413
dpca2g126610.842	8	414
dpca2g126620.842	8	415
dpca2g126630.842	8	416
dpca2g126640.842	8	417
dpca2g126650.842	8	418
dpca2g126660.842	8	419
dpca2g126670.842	8	420
dpca2g126680.842	8	421
dpca2g126690.842	8	422
dpca2g126700.842	8	423
dpca2g126710.842	8	424
dpca2g126720.842	8	425
dpca2g126730.842	8	426
dpca2g126740.842	8	427
dpca2g126750.842	8	428
dpca2g126760.842	8	429
dpca2g126770.842	8	430
dpca2g126780.842	8	431
dpca2g126790.842	8	432
dpca2g126800.842	8	433
dpca2g126810.842	8	434
dpca2g126820.842	8	435
dpca2g126830.842	8	436
dpca2g126840.842	8	437
dpca2g126850.842	8	438
dpca2g126860.842	8	439
dpca2g126870.842	8	440
dpca2g126880.842	8	441
dpca2g126890.842	8	442
dpca2g126900.842	8	443
dpca2g126910.842	8	444
dpca2g126920.842	8	445
dpca2g126930.842	8	446
dpca2g126940.842	8	447
dpca2g126960.842	8	448
dpca2g126970.842	8	449
dpca2g126980.842	8	450
dpca2g127000.842	8	451
dpca2g127010.842	8	452
dpca2g127020.842	8	453
dpca2g127030.842	8	454
dpca2g127040.842	8	455
dpca2g127060.842	8	456
dpca2g127080.842	8	457
dpca2g127090.842	8	458
dpca2g127100.842	8	459
dpca2g127120.842	8	460
dpca2g127130.842	8	461
dpca2g127150.842	8	462
dpca2g127170.842	8	463
dpca2g127180.842	8	464
dpca2g127190.842	8	465
dpca2g127200.842	8	466
dpca2g127220.842	8	467
dpca2g127230.842	8	468
dpca2g127250.842	8	469
dpca2g127270.842	8	470
dpca2g127280.842	8	471
dpca2g127290.842	8	472
dpca2g127300.842	8	473
dpca2g127320.842	8	474
dpca2g127330.842	8	475
dpca2g127340.842	8	476
dpca2g127350.842	8	477
dpca2g127360.842	8	478
dpca2g127370.842	8	479
dpca2g127380.842	8	480
dpca2g127390.842	8	481
dpca2g127400.842	8	482
dpca2g127410.842	8	483
dpca2g127450.842	8	484
dpca2g127460.842	8	485
dpca2g127480.842	8	486
dpca2g127490.842	8	487
dpca2g127500.842	8	488
dpca2g127510.842	8	489
dpca2g127520.842	8	490
dpca2g127530.842	8	491
dpca2g127540.842	8	492
dpca2g127550.842	8	493
dpca2g127560.842	8	494
dpca2g127590.842	8	495
dpca2g127600.842	8	496
dpca2g127610.842	8	497
dpca2g127620.842	8	498
dpca2g127640.842	8	499
dpca2g127650.842	8	500
dpca2g127660.842	8	501
dpca2g127670.842	8	502
dpca2g127680.842	8	503
dpca2g127690.842	8	504
dpca2g127710.842	8	505
dpca2g127720.842	8	506
dpca2g127730.842	8	507
dpca2g127770.842	8	508
dpca2g127780.842	8	509
dpca2g127790.842	8	510
dpca2g127800.842	8	511
dpca2g127810.842	8	512
dpca2g127820.842	8	513
dpca2g127830.842	8	514
dpca2g127840.842	8	515
dpca2g127870.842	8	516
dpca2g127880.842	8	517
dpca2g127890.842	8	518
dpca2g127910.842	8	519
dpca2g127920.842	8	520
dpca2g127930.842	8	521
dpca2g127940.842	8	522
dpca2g127950.842	8	523
dpca2g127960.842	8	524
dpca2g127970.842	8	525
dpca2g127980.842	8	526
dpca2g127990.842	8	527
dpca2g128000.842	8	528
dpca2g128010.842	8	529
dpca2g128020.842	8	530
dpca2g128030.842	8	531
dpca2g128040.842	8	532
dpca2g128050.842	8	533
dpca2g128060.842	8	534
dpca2g128070.842	8	535
dpca2g128080.842	8	536
dpca2g128090.842	8	537
dpca2g128100.842	8	538
dpca2g128110.842	8	539
dpca2g128120.842	8	540
dpca2g128130.842	8	541
dpca2g128140.842	8	542
dpca2g128150.842	8	543
dpca2g128160.842	8	544
dpca2g128170.842	8	545
dpca2g128190.842	8	546
dpca2g128200.842	8	547
dpca2g128210.842	8	548
dpca2g128220.842	8	549
dpca2g128230.842	8	550
dpca2g128240.842	8	551
dpca2g128270.842	8	552
dpca2g128280.842	8	553
dpca2g128290.842	8	554
dpca2g128310.842	8	555
dpca2g128320.842	8	556
dpca2g128340.842	8	557
dpca2g128350.842	8	558
dpca2g128360.842	8	559
dpca2g128370.842	8	560
dpca2g128390.842	8	561
dpca2g128400.842	8	562
dpca2g128440.842	8	563
dpca2g128450.842	8	564
dpca2g128490.842	8	565
dpca2g128500.842	8	566
dpca2g128510.842	8	567
dpca2g128520.842	8	568
dpca2g128530.842	8	569
dpca2g128550.842	8	570
dpca2g128560.842	8	571
dpca2g128570.842	8	572
dpca2g128580.842	8	573
dpca2g128610.842	8	574
dpca2g128620.842	8	575
dpca2g128650.842	8	576
dpca2g128680.842	8	577
dpca2g128690.842	8	578
dpca2g128700.842	8	579
dpca2g128710.842	8	580
dpca2g128730.842	8	581
dpca2g128750.842	8	582
dpca2g128760.842	8	583
dpca2g128770.842	8	584
dpca2g128790.842	8	585
dpca2g128820.842	8	586
dpca2g128830.842	8	587
dpca2g128840.842	8	588
dpca2g128860.842	8	589
dpca2g128870.842	8	590
dpca2g128890.842	8	591
dpca2g128900.842	8	592
dpca2g128910.842	8	593
dpca2g128920.842	8	594
dpca2g128930.842	8	595
dpca2g128940.842	8	596
dpca2g128950.842	8	597
dpca2g128960.842	8	598
dpca2g128970.842	8	599
dpca2g128980.842	8	600
dpca2g128990.842	8	601
dpca2g129000.842	8	602
dpca2g129010.842	8	603
dpca2g129040.842	8	604
dpca2g129050.842	8	605
dpca2g129060.842	8	606
dpca2g129080.842	8	607
dpca2g129100.842	8	608
dpca2g129110.842	8	609
dpca2g129120.842	8	610
dpca2g129130.842	8	611
dpca2g129140.842	8	612
dpca2g129170.842	8	613
dpca2g129180.842	8	614
dpca2g129190.842	8	615
dpca2g129200.842	8	616
dpca2g129210.842	8	617
dpca2g129230.842	8	618
dpca2g129240.842	8	619
dpca2g129250.842	8	620
dpca2g129260.842	8	621
dpca2g129270.842	8	622
dpca2g129280.842	8	623
dpca2g129290.842	8	624
dpca2g129300.842	8	625
dpca2g129310.842	8	626
dpca2g129320.842	8	627
dpca2g129330.842	8	628
dpca2g129340.842	8	629
dpca2g129360.842	8	630
dpca2g129370.842	8	631
dpca2g129380.842	8	632
dpca2g129390.842	8	633
dpca2g129410.842	8	634
dpca2g129420.842	8	635
dpca2g129430.842	8	636
dpca2g129440.842	8	637
dpca2g129450.842	8	638
dpca2g129460.842	8	639
dpca2g129470.842	8	640
dpca2g129480.842	8	641
dpca2g129490.842	8	642
dpca2g129500.842	8	643
dpca2g129520.842	8	644
dpca2g129530.842	8	645
dpca2g129540.842	8	646
dpca2g129550.842	8	647
dpca2g129580.842	8	648
dpca2g129600.842	8	649
dpca2g129610.842	8	650
dpca2g129620.842	8	651
dpca2g129630.842	8	652
dpca2g129640.842	8	653
dpca2g129700.842	8	654
dpca2g129710.842	8	655
dpca2g129720.842	8	656
dpca2g129730.842	8	657
dpca2g129740.842	8	658
dpca2g129750.842	8	659
dpca2g129760.842	8	660
dpca2g129780.842	8	661
dpca2g129790.842	8	662
dpca2g129800.842	8	663
dpca2g129810.842	8	664
dpca2g129820.842	8	665
dpca2g129830.842	8	666
dpca2g129850.842	8	667
dpca2g129860.842	8	668
dpca2g129870.842	8	669
dpca2g129910.842	8	670
dpca2g129930.842	8	671
dpca2g129940.842	8	672
dpca2g129950.842	8	673
dpca2g129990.842	8	674
dpca2g130000.842	8	675
dpca2g130010.842	8	676
dpca2g130020.842	8	677
dpca2g130030.842	8	678
dpca2g130050.842	8	679
dpca2g130060.842	8	680
dpca2g130070.842	8	681
dpca2g130090.842	8	682
dpca2g130100.842	8	683
dpca2g130110.842	8	684
dpca2g130120.842	8	685
dpca2g130130.842	8	686
dpca2g130150.842	8	687
dpca2g130160.842	8	688
dpca2g130180.842	8	689
dpca2g130190.842	8	690
dpca2g130200.842	8	691
dpca2g130210.842	8	692
dpca2g130220.842	8	693
dpca2g130230.842	8	694
dpca2g130240.842	8	695
dpca2g130250.842	8	696
dpca2g130260.842	8	697
dpca2g130280.842	8	698
dpca2g130300.842	8	699
dpca2g130310.842	8	700
dpca2g130320.842	8	701
dpca2g130330.842	8	702
dpca2g130340.842	8	703
dpca2g130350.842	8	704
dpca2g130360.842	8	705
dpca2g130370.842	8	706
dpca2g130380.842	8	707
dpca2g130390.842	8	708
dpca2g130410.842	8	709
dpca2g130420.842	8	710
dpca2g130430.842	8	711
dpca2g130450.842	8	712
dpca2g130460.842	8	713
dpca2g130470.842	8	714
dpca2g130480.842	8	715
dpca2g130490.842	8	716
dpca2g130500.842	8	717
dpca2g130510.842	8	718
dpca2g130530.842	8	719
dpca2g130560.842	8	720
dpca2g130570.842	8	721
dpca2g130580.842	8	722
dpca2g130590.842	8	723
dpca2g130600.842	8	724
dpca2g130610.842	8	725
dpca2g130640.842	8	726
dpca2g130650.842	8	727
dpca2g130660.842	8	728
dpca2g130680.842	8	729
dpca2g130690.842	8	730
dpca2g130710.842	8	731
dpca2g130720.842	8	732
dpca2g130730.842	8	733
dpca2g130740.842	8	734
dpca2g130750.842	8	735
dpca2g130760.842	8	736
dpca2g130770.842	8	737
dpca2g130780.842	8	738
dpca2g130790.842	8	739
dpca2g130800.842	8	740
dpca2g130810.842	8	741
dpca2g130820.842	8	742
dpca2g130840.842	8	743
dpca2g130850.842	8	744
dpca2g130860.842	8	745
dpca2g130870.842	8	746
dpca2g130880.842	8	747
dpca2g130910.842	8	748
dpca2g130920.842	8	749
dpca2g130930.842	8	750
dpca2g130940.842	8	751
dpca2g130950.842	8	752
dpca2g130960.842	8	753
dpca2g130970.842	8	754
dpca2g130980.842	8	755
dpca2g130990.842	8	756
dpca2g131000.842	8	757
dpca2g131010.842	8	758
dpca2g131020.842	8	759
dpca2g131030.842	8	760
dpca2g131040.842	8	761
dpca2g131050.842	8	762
dpca2g131060.842	8	763
dpca2g131070.842	8	764
dpca2g131110.842	8	765
dpca2g131150.842	8	766
dpca2g131160.842	8	767
dpca2g131170.842	8	768
dpca2g131180.842	8	769
dpca2g131190.842	8	770
dpca2g131210.842	8	771
dpca2g131220.842	8	772
dpca2g131230.842	8	773
dpca2g131240.842	8	774
dpca2g131250.842	8	775
dpca2g131260.842	8	776
dpca2g131270.842	8	777
dpca2g131280.842	8	778
dpca2g131300.842	8	779
dpca2g131310.842	8	780
dpca2g131320.842	8	781
dpca2g131330.842	8	782
dpca2g131340.842	8	783
dpca2g131350.842	8	784
dpca2g131360.842	8	785
dpca2g131370.842	8	786
dpca2g131380.842	8	787
dpca2g131390.842	8	788
dpca2g131400.842	8	789
dpca2g131410.842	8	790
dpca2g131420.842	8	791
dpca2g131430.842	8	792
dpca2g131440.842	8	793
dpca2g131460.842	8	794
dpca2g131470.842	8	795
dpca2g131480.842	8	796
dpca2g131490.842	8	797
dpca2g131500.842	8	798
dpca2g131510.842	8	799
dpca2g131520.842	8	800
dpca2g131530.842	8	801
dpca2g131550.842	8	802
dpca2g131560.842	8	803
dpca2g131610.842	8	804
dpca2g131630.842	8	805
dpca2g131640.842	8	806
dpca2g131650.842	8	807
dpca2g131660.842	8	808
dpca2g131680.842	8	809
dpca2g131690.842	8	810
dpca2g131700.842	8	811
dpca2g131710.842	8	812
dpca2g131720.842	8	813
dpca2g131740.842	8	814
dpca2g131750.842	8	815
dpca2g131770.842	8	816
dpca2g131790.842	8	817
dpca2g131800.842	8	818
dpca2g131810.842	8	819
dpca2g131820.842	8	820
dpca2g131830.842	8	821
dpca2g131860.842	8	822
dpca2g131880.842	8	823
dpca2g131890.842	8	824
dpca2g131900.842	8	825
dpca2g131980.842	8	826
dpca2g132040.842	8	827
dpca2g132050.842	8	828
dpca2g132060.842	8	829
dpca2g132070.842	8	830
dpca2g132090.842	8	831
dpca2g132110.842	8	832
dpca2g132120.842	8	833
dpca2g132130.842	8	834
dpca2g132140.842	8	835
dpca2g132150.842	8	836
dpca2g132160.842	8	837
dpca2g132170.842	8	838
dpca2g132180.842	8	839
dpca2g132210.842	8	840
dpca2g132220.842	8	841
dpca2g132230.842	8	842
dpca2g132240.842	8	843
dpca2g132250.842	8	844
dpca2g132260.842	8	845
dpca2g132270.842	8	846
dpca2g132280.842	8	847
dpca2g132290.842	8	848
dpca2g132300.842	8	849
dpca2g132320.842	8	850
dpca2g132330.842	8	851
dpca2g132340.842	8	852
dpca2g132350.842	8	853
dpca2g132360.842	8	854
dpca2g132370.842	8	855
dpca2g132380.842	8	856
dpca2g132400.842	8	857
dpca2g132410.842	8	858
dpca2g132420.842	8	859
dpca2g132430.842	8	860
dpca2g132440.842	8	861
dpca2g132450.842	8	862
dpca2g132460.842	8	863
dpca2g132470.842	8	864
dpca2g132490.842	8	865
dpca2g132500.842	8	866
dpca2g132520.842	8	867
dpca2g132530.842	8	868
dpca2g132540.842	8	869
dpca2g132560.842	8	870
dpca2g132570.842	8	871
dpca2g132580.842	8	872
dpca2g132600.842	8	873
dpca2g132610.842	8	874
dpca2g132620.842	8	875
dpca2g132630.842	8	876
dpca2g132640.842	8	877
dpca2g132660.842	8	878
dpca2g132670.842	8	879
dpca2g132680.842	8	880
dpca2g132690.842	8	881
dpca2g132700.842	8	882
dpca2g132710.842	8	883
dpca2g132720.842	8	884
dpca2g132730.842	8	885
dpca2g132740.842	8	886
dpca2g132750.842	8	887
dpca2g132760.842	8	888
dpca2g132770.842	8	889
dpca2g132780.842	8	890
dpca2g132790.842	8	891
dpca2g132800.842	8	892
dpca2g132810.842	8	893
dpca2g132820.842	8	894
dpca2g132830.842	8	895
dpca2g132840.842	8	896
dpca2g132850.842	8	897
dpca2g132860.842	8	898
dpca2g132870.842	8	899
dpca2g132880.842	8	900
dpca2g132890.842	8	901
dpca2g132910.842	8	902
dpca2g132940.842	8	903
dpca2g132960.842	8	904
dpca2g132970.842	8	905
dpca2g132980.842	8	906
dpca2g133000.842	8	907
dpca2g133030.842	8	908
dpca2g133040.842	8	909
dpca2g133050.842	8	910
dpca2g133060.842	8	911
dpca2g133080.842	8	912
dpca2g133100.842	8	913
dpca2g133110.842	8	914
dpca2g133120.842	8	915
dpca2g133130.842	8	916
dpca2g133140.842	8	917
dpca2g133150.842	8	918
dpca2g133160.842	8	919
dpca2g133170.842	8	920
dpca2g133180.842	8	921
dpca2g133190.842	8	922
dpca2g133200.842	8	923
dpca2g133210.842	8	924
dpca2g133230.842	8	925
dpca2g133250.842	8	926
dpca2g133270.842	8	927
dpca2g133280.842	8	928
dpca2g133290.842	8	929
dpca2g133300.842	8	930
dpca2g133310.842	8	931
dpca2g133320.842	8	932
dpca2g133340.842	8	933
dpca2g133360.842	8	934
dpca2g133370.842	8	935
dpca2g133380.842	8	936
dpca2g133390.842	8	937
dpca2g133410.842	8	938
dpca2g133430.842	8	939
dpca2g133440.842	8	940
dpca2g133450.842	8	941
dpca2g133470.842	8	942
dpca2g133480.842	8	943
dpca2g133490.842	8	944
dpca2g133500.842	8	945
dpca2g133510.842	8	946
dpca2g133530.842	8	947
dpca2g133540.842	8	948
dpca2g133560.842	8	949
dpca2g133600.842	8	950
dpca2g133610.842	8	951
dpca2g133620.842	8	952
dpca2g133690.842	8	953
dpca2g133730.842	8	954
dpca2g133750.842	8	955
dpca2g133760.842	8	956
dpca2g133800.842	8	957
dpca2g133810.842	8	958
dpca2g133830.842	8	959
dpca2g133840.842	8	960
dpca2g133850.842	8	961
dpca2g133860.842	8	962
dpca2g133870.842	8	963
dpca2g133930.842	8	964
dpca2g133940.842	8	965
dpca2g133960.842	8	966
dpca2g133970.842	8	967
dpca2g133980.842	8	968
dpca2g133990.842	8	969
dpca2g134000.842	8	970
dpca2g134010.842	8	971
dpca2g134020.842	8	972
dpca2g134030.842	8	973
dpca2g134040.842	8	974
dpca2g134050.842	8	975
dpca2g134060.842	8	976
dpca2g134070.842	8	977
dpca2g134080.842	8	978
dpca2g134090.842	8	979
dpca2g134110.842	8	980
dpca2g134120.842	8	981
dpca2g134130.842	8	982
dpca2g134140.842	8	983
dpca2g134150.842	8	984
dpca2g134170.842	8	985
dpca2g134200.842	8	986
dpca2g134210.842	8	987
dpca2g134220.842	8	988
dpca2g134240.842	8	989
dpca2g134250.842	8	990
dpca2g134260.842	8	991
dpca2g134270.842	8	992
dpca2g134280.842	8	993
dpca2g134290.842	8	994
dpca2g134320.842	8	995
dpca2g134330.842	8	996
dpca2g134340.842	8	997
dpca2g134350.842	8	998
dpca2g134360.842	8	999
dpca2g134420.842	8	1000
dpca2g134430.842	8	1001
dpca2g134450.842	8	1002
dpca2g134460.842	8	1003
dpca2g134510.842	8	1004
dpca2g134530.842	8	1005
dpca2g134540.842	8	1006
dpca2g134560.842	8	1007
dpca2g134570.842	8	1008
dpca2g134580.842	8	1009
dpca2g134590.842	8	1010
dpca2g134600.842	8	1011
dpca2g134610.842	8	1012
dpca2g134620.842	8	1013
dpca2g134640.842	8	1014
dpca2g134650.842	8	1015
dpca2g134680.842	8	1016
dpca2g134690.842	8	1017
dpca2g134700.842	8	1018
dpca2g134720.842	8	1019
dpca2g134740.842	8	1020
dpca2g134750.842	8	1021
dpca2g134760.842	8	1022
dpca2g134770.842	8	1023
dpca2g134780.842	9	0
dpca2g134790.842	9	1
dpca2g134810.842	9	2
dpca2g134820.842	9	3
dpca2g134830.842	9	4
dpca2g134840.842	9	5
dpca2g134850.842	9	6
dpca2g134860.842	9	7
dpca2g134870.842	9	8
dpca2g134880.842	9	9
dpca2g134890.842	9	10
dpca2g134910.842	9	11
dpca2g134920.842	9	12
dpca2g134940.842	9	13
dpca2g134950.842	9	14
dpca2g134960.842	9	15
dpca2g134990.842	9	16
dpca2g135000.842	9	17
dpca2g135010.842	9	18
dpca2g135020.842	9	19
dpca2g135030.842	9	20
dpca2g135050.842	9	21
dpca2g135060.842	9	22
dpca2g135070.842	9	23
dpca2g135080.842	9	24
dpca2g135090.842	9	25
dpca2g135120.842	9	26
dpca2g135130.842	9	27
dpca2g135150.842	9	28
dpca2g135170.842	9	29
dpca2g135200.842	9	30
dpca2g135210.842	9	31
dpca2g135220.842	9	32
dpca2g135240.842	9	33
dpca2g135250.842	9	34
dpca2g135260.842	9	35
dpca2g135380.842	9	36
dpca2g135390.842	9	37
dpca2g135420.842	9	38
dpca2g135430.842	9	39
dpca2g135470.842	9	40
dpca2g135480.842	9	41
dpca2g135490.842	9	42
dpca2g135500.842	9	43
dpca2g135510.842	9	44
dpca2g135520.842	9	45
dpca2g135540.842	9	46
dpca2g135550.842	9	47
dpca2g135570.842	9	48
dpca2g135580.842	9	49
dpca2g135590.842	9	50
dpca2g135600.842	9	51
dpca2g135610.842	9	52
dpca2g135620.842	9	53
dpca2g135630.842	9	54
dpca2g135640.842	9	55
dpca2g135650.842	9	56
dpca2g135660.842	9	57
dpca2g135670.842	9	58
dpca2g135700.842	9	59
dpca2g135710.842	9	60
dpca2g135720.842	9	61
dpca2g135730.842	9	62
dpca2g135780.842	9	63
dpca2g135800.842	9	64
dpca2g135810.842	9	65
dpca2g135870.842	9	66
dpca2g135880.842	9	67
dpca2g135890.842	9	68
dpca2g135900.842	9	69
dpca2g135910.842	9	70
dpca2g135920.842	9	71
dpca2g135930.842	9	72
dpca2g135940.842	9	73
dpca2g135950.842	9	74
dpca2g135960.842	9	75
dpca2g135970.842	9	76
dpca2g135980.842	9	77
dpca2g136000.842	9	78
dpca2g136010.842	9	79
dpca2g136020.842	9	80
dpca2g136030.842	9	81
dpca2g136050.842	9	82
dpca2g136060.842	9	83
dpca2g136070.842	9	84
dpca2g136080.842	9	85
dpca2g136090.842	9	86
dpca2g136100.842	9	87
dpca2g136110.842	9	88
dpca2g136120.842	9	89
dpca2g136130.842	9	90
dpca2g136140.842	9	91
dpca2g136160.842	9	92
dpca2g136170.842	9	93
dpca2g136180.842	9	94
dpca2g136190.842	9	95
dpca2g136200.842	9	96
dpca2g136220.842	9	97
dpca2g136230.842	9	98
dpca2g136240.842	9	99
dpca2g136250.842	9	100
dpca2g136260.842	9	101
dpca2g136270.842	9	102
dpca2g136290.842	9	103
dpca2g136300.842	9	104
dpca2g136320.842	9	105
dpca2g136330.842	9	106
dpca2g136350.842	9	107
dpca2g136360.842	9	108
dpca2g136370.842	9	109
dpca2g136380.842	9	110
dpca2g136400.842	9	111
dpca2g136420.842	9	112
dpca2g136430.842	9	113
dpca2g136440.842	9	114
dpca2g136450.842	9	115
dpca2g136470.842	9	116
dpca2g136480.842	9	117
dpca2g136490.842	9	118
dpca2g136500.842	9	119
dpca2g136510.842	9	120
dpca2g136520.842	9	121
dpca2g136530.842	9	122
dpca2g136540.842	9	123
dpca2g136610.842	9	124
dpca2g136630.842	9	125
dpca2g136640.842	9	126
dpca2g136670.842	9	127
dpca2g136830.842	9	128
dpca2g136860.842	9	129
dpca2g136900.842	9	130
dpca2g136930.842	9	131
dpca2g136940.842	9	132
dpca2g136950.842	9	133
dpca2g136960.842	9	134
dpca2g136970.842	9	135
dpca2g136980.842	9	136
dpca2g136990.842	9	137
dpca2g137000.842	9	138
dpca2g137010.842	9	139
dpca2g137020.842	9	140
dpca2g137030.842	9	141
dpca2g137050.842	9	142
dpca2g137070.842	9	143
dpca2g137080.842	9	144
dpca2g137120.842	9	145
dpca2g137130.842	9	146
dpca2g137140.842	9	147
dpca2g137150.842	9	148
dpca2g137160.842	9	149
dpca2g137190.842	9	150
dpca2g137220.842	9	151
dpca2g137230.842	9	152
dpca2g137250.842	9	153
dpca2g137260.842	9	154
dpca2g137270.842	9	155
dpca2g137280.842	9	156
dpca2g137290.842	9	157
dpca2g137350.842	9	158
dpca2g137370.842	9	159
dpca2g137380.842	9	160
dpca2g137390.842	9	161
dpca2g137400.842	9	162
dpca2g137410.842	9	163
dpca2g137420.842	9	164
dpca2g137430.842	9	165
dpca2g137450.842	9	166
dpca2g137460.842	9	167
dpca2g137470.842	9	168
dpca2g137480.842	9	169
dpca2g137490.842	9	170
dpca2g137500.842	9	171
dpca2g137510.842	9	172
dpca2g137530.842	9	173
dpca2g137540.842	9	174
dpca2g137550.842	9	175
dpca2g137560.842	9	176
dpca2g137570.842	9	177
dpca2g137590.842	9	178
dpca2g137600.842	9	179
dpca2g137610.842	9	180
dpca2g137620.842	9	181
dpca2g137650.842	9	182
dpca2g137670.842	9	183
dpca2g137680.842	9	184
dpca2g137690.842	9	185
dpca2g137710.842	9	186
dpca2g137730.842	9	187
dpca2g137740.842	9	188
dpca2g137750.842	9	189
dpca2g137760.842	9	190
dpca2g137780.842	9	191
dpca2g137790.842	9	192
dpca2g137800.842	9	193
dpca2g137830.842	9	194
dpca2g137840.842	9	195
dpca2g137860.842	9	196
dpca2g137880.842	9	197
dpca2g137890.842	9	198
dpca2g137900.842	9	199
dpca2g137910.842	9	200
dpca2g137920.842	9	201
dpca2g137930.842	9	202
dpca2g137960.842	9	203
dpca2g137970.842	9	204
dpca2g138000.842	9	205
dpca2g138020.842	9	206
dpca2g138030.842	9	207
dpca2g138040.842	9	208
dpca2g138050.842	9	209
dpca2g138060.842	9	210
dpca2g138070.842	9	211
dpca2g138080.842	9	212
dpca2g138110.842	9	213
dpca2g138130.842	9	214
dpca2g138140.842	9	215
dpca2g138150.842	9	216
dpca2g138160.842	9	217
dpca2g138170.842	9	218
dpca2g138190.842	9	219
dpca2g138200.842	9	220
dpca2g138220.842	9	221
dpca2g138230.842	9	222
dpca2g138240.842	9	223
dpca2g138250.842	9	224
dpca2g138260.842	9	225
dpca2g138270.842	9	226
dpca2g138290.842	9	227
dpca2g138300.842	9	228
dpca2g138310.842	9	229
dpca2g138320.842	9	230
dpca2g138330.842	9	231
dpca2g138350.842	9	232
dpca2g138370.842	9	233
dpca2g138380.842	9	234
dpca2g138390.842	9	235
dpca2g138400.842	9	236
dpca2g138410.842	9	237
dpca2g138420.842	9	238
dpca2g138430.842	9	239
dpca2g138440.842	9	240
dpca2g138450.842	9	241
dpca2g138460.842	9	242
dpca2g138470.842	9	243
dpca2g138480.842	9	244
dpca2g138490.842	9	245
dpca2g138500.842	9	246
dpca2g138510.842	9	247
dpca2g138520.842	9	248
dpca2g138530.842	9	249
dpca2g138540.842	9	250
dpca2g138550.842	9	251
dpca2g138580.842	9	252
dpca2g138590.842	9	253
dpca2g138680.842	9	254
dpca2g138690.842	9	255
dpca2g138710.842	9	256
dpca2g138720.842	9	257
dpca2g138730.842	9	258
dpca2g138740.842	9	259
dpca2g138750.842	9	260
dpca2g138790.842	9	261
dpca2g138810.842	9	262
dpca2g138830.842	9	263
dpca2g138870.842	9	264
dpca2g138880.842	9	265
dpca2g138890.842	9	266
dpca2g138900.842	9	267
dpca2g138910.842	9	268
dpca2g138920.842	9	269
dpca2g138930.842	9	270
dpca2g138940.842	9	271
dpca2g138950.842	9	272
dpca2g138960.842	9	273
dpca2g138980.842	9	274
dpca2g138990.842	9	275
dpca2g139010.842	9	276
dpca2g139020.842	9	277
dpca2g139040.842	9	278
dpca2g139050.842	9	279
dpca2g139060.842	9	280
dpca2g139070.842	9	281
dpca2g139080.842	9	282
dpca2g139090.842	9	283
dpca2g139100.842	9	284
dpca2g139110.842	9	285
dpca2g139140.842	9	286
dpca2g139150.842	9	287
dpca2g139160.842	9	288
dpca2g139170.842	9	289
dpca2g139180.842	9	290
dpca2g139200.842	9	291
dpca2g139220.842	9	292
dpca2g139230.842	9	293
dpca2g139240.842	9	294
dpca2g139250.842	9	295
dpca2g139260.842	9	296
dpca2g139270.842	9	297
dpca2g139280.842	9	298
dpca2g139290.842	9	299
dpca2g139300.842	9	300
dpca2g139310.842	9	301
dpca2g139350.842	9	302
dpca2g139370.842	9	303
dpca2g139380.842	9	304
dpca2g139400.842	9	305
dpca2g139410.842	9	306
dpca2g139420.842	9	307
dpca2g139430.842	9	308
dpca2g139440.842	9	309
dpca2g139450.842	9	310
dpca2g139460.842	9	311
dpca2g139470.842	9	312
dpca2g139480.842	9	313
dpca2g139490.842	9	314
dpca2g139510.842	9	315
dpca2g139520.842	9	316
dpca2g139530.842	9	317
dpca2g139560.842	9	318
dpca2g139570.842	9	319
dpca2g139580.842	9	320
dpca2g139590.842	9	321
dpca2g139620.842	9	322
dpca2g139630.842	9	323
dpca2g139640.842	9	324
dpca2g139650.842	9	325
dpca2g139720.842	9	326
dpca2g139730.842	9	327
dpca2g139740.842	9	328
dpca2g139750.842	9	329
dpca2g139760.842	9	330
dpca2g139770.842	9	331
dpca2g139790.842	9	332
dpca2g139800.842	9	333
dpca2g139810.842	9	334
dpca2g139820.842	9	335
dpca2g139830.842	9	336
dpca2g139840.842	9	337
dpca2g139860.842	9	338
dpca2g139890.842	9	339
dpca2g139900.842	9	340
dpca2g139910.842	9	341
dpca2g139920.842	9	342
dpca2g139930.842	9	343
dpca2g139940.842	9	344
dpca2g139950.842	9	345
dpca2g139970.842	9	346
dpca2g139980.842	9	347
dpca2g139990.842	9	348
dpca2g140000.842	9	349
dpca2g140010.842	9	350
dpca2g140020.842	9	351
dpca2g140030.842	9	352
dpca2g140040.842	9	353
dpca2g140050.842	9	354
dpca2g140060.842	9	355
dpca2g140070.842	9	356
dpca2g140080.842	9	357
dpca2g140090.842	9	358
dpca2g140100.842	9	359
dpca2g140110.842	9	360
dpca2g140120.842	9	361
dpca2g140130.842	9	362
dpca2g140140.842	9	363
dpca2g140160.842	9	364
dpca2g140170.842	9	365
dpca2g140190.842	9	366
dpca2g140210.842	9	367
dpca2g140220.842	9	368
dpca2g140230.842	9	369
dpca2g140240.842	9	370
dpca2g140250.842	9	371
dpca2g140260.842	9	372
dpca2g140280.842	9	373
dpca2g140290.842	9	374
dpca2g140300.842	9	375
dpca2g140330.842	9	376
dpca2g140340.842	9	377
dpca2g140360.842	9	378
dpca2g140370.842	9	379
dpca2g140380.842	9	380
dpca2g140390.842	9	381
dpca2g140400.842	9	382
dpca2g140420.842	9	383
dpca2g140430.842	9	384
dpca2g140440.842	9	385
dpca2g140450.842	9	386
dpca2g140460.842	9	387
dpca2g140470.842	9	388
dpca2g140480.842	9	389
dpca2g140490.842	9	390
dpca2g140500.842	9	391
dpca2g140510.842	9	392
dpca2g140520.842	9	393
dpca2g140530.842	9	394
dpca2g140570.842	9	395
dpca2g140580.842	9	396
dpca2g140600.842	9	397
dpca2g140610.842	9	398
dpca2g140620.842	9	399
dpca2g140630.842	9	400
dpca2g140670.842	9	401
dpca2g140680.842	9	402
dpca2g140690.842	9	403
dpca2g140700.842	9	404
dpca2g140720.842	9	405
dpca2g140750.842	9	406
dpca2g140780.842	9	407
dpca2g140800.842	9	408
dpca2g140810.842	9	409
dpca2g140840.842	9	410
dpca2g140850.842	9	411
dpca2g140860.842	9	412
dpca2g140920.842	9	413
dpca2g140930.842	9	414
dpca2g140950.842	9	415
dpca2g140960.842	9	416
dpca2g140970.842	9	417
dpca2g140980.842	9	418
dpca2g140990.842	9	419
dpca2g141000.842	9	420
dpca2g141020.842	9	421
dpca2g141030.842	9	422
dpca2g141050.842	9	423
dpca2g141070.842	9	424
dpca2g141080.842	9	425
dpca2g141090.842	9	426
dpca2g141120.842	9	427
dpca2g141130.842	9	428
dpca2g141160.842	9	429
dpca2g141170.842	9	430
dpca2g141210.842	9	431
dpca2g141220.842	9	432
dpca2g141240.842	9	433
dpca2g141260.842	9	434
dpca2g141270.842	9	435
dpca2g141280.842	9	436
dpca2g141290.842	9	437
dpca2g141300.842	9	438
dpca2g141340.842	9	439
dpca2g141350.842	9	440
dpca2g141360.842	9	441
dpca2g141380.842	9	442
dpca2g141400.842	9	443
dpca2g141420.842	9	444
dpca2g141460.842	9	445
dpca2g141530.842	9	446
dpca2g141560.842	9	447
dpca2g141570.842	9	448
dpca2g141580.842	9	449
dpca2g141620.842	9	450
dpca2g141630.842	9	451
dpca2g141640.842	9	452
dpca2g141650.842	9	453
dpca2g141670.842	9	454
dpca2g141720.842	9	455
dpca2g141730.842	9	456
dpca2g141760.842	9	457
dpca2g141780.842	9	458
dpca2g141790.842	9	459
dpca2g141800.842	9	460
dpca2g141820.842	9	461
dpca2g141830.842	9	462
dpca2g141840.842	9	463
dpca2g141850.842	9	464
dpca2g141860.842	9	465
dpca2g141890.842	9	466
dpca2g141910.842	9	467
dpca2g141920.842	9	468
dpca2g141930.842	9	469
dpca2g141940.842	9	470
dpca2g141950.842	9	471
dpca2g141960.842	9	472
dpca2g142060.842	9	473
dpca2g142070.842	9	474
dpca2g142110.842	9	475
dpca2g142130.842	9	476
dpca2g142140.842	9	477
dpca2g142150.842	9	478
dpca2g142160.842	9	479
dpca2g142170.842	9	480
dpca2g142180.842	9	481
dpca2g142190.842	9	482
dpca2g142200.842	9	483
dpca2g142220.842	9	484
dpca2g142230.842	9	485
dpca2g142240.842	9	486
dpca2g142250.842	9	487
dpca2g142270.842	9	488
dpca2g142280.842	9	489
dpca2g142290.842	9	490
dpca2g142300.842	9	491
dpca2g142320.842	9	492
dpca2g142330.842	9	493
dpca2g142360.842	9	494
dpca2g142370.842	9	495
dpca2g142380.842	9	496
dpca2g142390.842	9	497
dpca2g142400.842	9	498
dpca2g142410.842	9	499
dpca2g142420.842	9	500
dpca2g142430.842	9	501
dpca2g142440.842	9	502
dpca2g142460.842	9	503
dpca2g142520.842	9	504
dpca2g142530.842	9	505
dpca2g142570.842	9	506
dpca2g142600.842	9	507
dpca2g142610.842	9	508
dpca2g142620.842	9	509
dpca2g142660.842	9	510
dpca2g142670.842	9	511
dpca2g142680.842	9	512
dpca2g142690.842	9	513
dpca2g142700.842	9	514
dpca2g142710.842	9	515
dpca2g142740.842	9	516
dpca2g142750.842	9	517
dpca2g142770.842	9	518
dpca2g142780.842	9	519
dpca2g142810.842	9	520
dpca2g142820.842	9	521
dpca2g142830.842	9	522
dpca2g142840.842	9	523
dpca2g142850.842	9	524
dpca2g142860.842	9	525
dpca2g142870.842	9	526
dpca2g142880.842	9	527
dpca2g142890.842	9	528
dpca2g142900.842	9	529
dpca2g142910.842	9	530
dpca2g142920.842	9	531
dpca2g142930.842	9	532
dpca2g142940.842	9	533
dpca2g142950.842	9	534
dpca2g142960.842	9	535
dpca2g142970.842	9	536
dpca2g142980.842	9	537
dpca2g142990.842	9	538
dpca2g143000.842	9	539
dpca2g143020.842	9	540
dpca2g143030.842	9	541
dpca2g143040.842	9	542
dpca2g143050.842	9	543
dpca2g143060.842	9	544
dpca2g143080.842	9	545
dpca2g143120.842	9	546
dpca2g143130.842	9	547
dpca2g143140.842	9	548
dpca2g143150.842	9	549
dpca2g143170.842	9	550
dpca2g143190.842	9	551
dpca2g143210.842	9	552
dpca2g143220.842	9	553
dpca2g143230.842	9	554
dpca2g143240.842	9	555
dpca2g143250.842	9	556
dpca2g143260.842	9	557
dpca2g143270.842	9	558
dpca2g143280.842	9	559
dpca2g143290.842	9	560
dpca2g143300.842	9	561
dpca2g143310.842	9	562
dpca2g143320.842	9	563
dpca2g143330.842	9	564
dpca2g143340.842	9	565
dpca2g143350.842	9	566
dpca2g143370.842	9	567
dpca2g143380.842	9	568
dpca2g143390.842	9	569
dpca2g143410.842	9	570
dpca2g143420.842	9	571
dpca2g143430.842	9	572
dpca2g143450.842	9	573
dpca2g143460.842	9	574
dpca2g143470.842	9	575
dpca2g143510.842	9	576
dpca2g143520.842	9	577
dpca2g143530.842	9	578
dpca2g143540.842	9	579
dpca2g143550.842	9	580
dpca2g143560.842	9	581
dpca2g143590.842	9	582
dpca2g143610.842	9	583
dpca2g143630.842	9	584
dpca2g143640.842	9	585
dpca2g143660.842	9	586
dpca2g143670.842	9	587
dpca2g143680.842	9	588
dpca2g143690.842	9	589
dpca2g143700.842	9	590
dpca2g143710.842	9	591
dpca2g143720.842	9	592
dpca2g143730.842	9	593
dpca2g143740.842	9	594
dpca2g143750.842	9	595
dpca2g143780.842	9	596
dpca2g143790.842	9	597
dpca2g143800.842	9	598
dpca2g143810.842	9	599
dpca2g143840.842	9	600
dpca2g143850.842	9	601
dpca2g143880.842	9	602
dpca2g143900.842	9	603
dpca2g143910.842	9	604
dpca2g143920.842	9	605
dpca2g143960.842	9	606
dpca2g143990.842	9	607
dpca2g144000.842	9	608
dpca2g144010.842	9	609
dpca2g144020.842	9	610
dpca2g144030.842	9	611
dpca2g144060.842	9	612
dpca2g144080.842	9	613
dpca2g144090.842	9	614
dpca2g144100.842	9	615
dpca2g144110.842	9	616
dpca2g144140.842	9	617
dpca2g144150.842	9	618
dpca2g144170.842	9	619
dpca2g144190.842	9	620
dpca2g144250.842	9	621
dpca2g144260.842	9	622
dpca2g144270.842	9	623
dpca2g144280.842	9	624
dpca2g144320.842	9	625
dpca2g144330.842	9	626
dpca2g144340.842	9	627
dpca2g144360.842	9	628
dpca2g144370.842	9	629
dpca2g144380.842	9	630
dpca2g144390.842	9	631
dpca2g144400.842	9	632
dpca2g144410.842	9	633
dpca2g144420.842	9	634
dpca2g144430.842	9	635
dpca2g144470.842	9	636
dpca2g144490.842	9	637
dpca2g144500.842	9	638
dpca2g144510.842	9	639
dpca2g144520.842	9	640
dpca2g144530.842	9	641
dpca2g144540.842	9	642
dpca2g144560.842	9	643
dpca2g144570.842	9	644
dpca2g144590.842	9	645
dpca2g144600.842	9	646
dpca2g144610.842	9	647
dpca2g144620.842	9	648
dpca2g144630.842	9	649
dpca2g144640.842	9	650
dpca2g144660.842	9	651
dpca2g144670.842	9	652
dpca2g144680.842	9	653
dpca2g144690.842	9	654
dpca2g144700.842	9	655
dpca2g144710.842	9	656
dpca2g144720.842	9	657
dpca2g144750.842	9	658
dpca2g144760.842	9	659
dpca2g144770.842	9	660
dpca2g144800.842	9	661
dpca2g144840.842	9	662
dpca2g144870.842	9	663
dpca2g144880.842	9	664
dpca2g144890.842	9	665
dpca2g144910.842	9	666
dpca2g144920.842	9	667
dpca2g144930.842	9	668
dpca2g144940.842	9	669
dpca2g144950.842	9	670
dpca2g144980.842	9	671
dpca2g144990.842	9	672
dpca2g145000.842	9	673
dpca2g145020.842	9	674
dpca2g145030.842	9	675
dpca2g145080.842	9	676
dpca2g145090.842	9	677
dpca2g145100.842	9	678
dpca2g145110.842	9	679
dpca2g145120.842	9	680
dpca2g145130.842	9	681
dpca2g145140.842	9	682
dpca2g145150.842	9	683
dpca2g145160.842	9	684
dpca2g145170.842	9	685
dpca2g145190.842	9	686
dpca2g145240.842	9	687
dpca2g145250.842	9	688
dpca2g145270.842	9	689
dpca2g145280.842	9	690
dpca2g145290.842	9	691
dpca2g145310.842	9	692
dpca2g145320.842	9	693
dpca2g145340.842	9	694
dpca2g145350.842	9	695
dpca2g145360.842	9	696
dpca2g145370.842	9	697
dpca2g145390.842	9	698
dpca2g145400.842	9	699
dpca2g145410.842	9	700
dpca2g145420.842	9	701
dpca2g145430.842	9	702
dpca2g145450.842	9	703
dpca2g145500.842	9	704
dpca2g145540.842	9	705
dpca2g145560.842	9	706
dpca2g145570.842	9	707
dpca2g145580.842	9	708
dpca2g145620.842	9	709
dpca2g145630.842	9	710
dpca2g145660.842	9	711
dpca2g145680.842	9	712
dpca2g145690.842	9	713
dpca2g145710.842	9	714
dpca2g145720.842	9	715
dpca2g145740.842	9	716
dpca2g145750.842	9	717
dpca2g145760.842	9	718
dpca2g145770.842	9	719
dpca2g145790.842	9	720
dpca2g145800.842	9	721
dpca2g145810.842	9	722
dpca2g145830.842	9	723
dpca2g145850.842	9	724
dpca2g145870.842	9	725
dpca2g145880.842	9	726
dpca2g145890.842	9	727
dpca2g145940.842	9	728
dpca2g145950.842	9	729
dpca2g145960.842	9	730
dpca2g145970.842	9	731
dpca2g146000.842	9	732
dpca2g146040.842	9	733
dpca2g146070.842	9	734
dpca2g146090.842	9	735
dpca2g146130.842	9	736
dpca2g146140.842	9	737
dpca2g146150.842	9	738
dpca2g146160.842	9	739
dpca2g146170.842	9	740
dpca2g146180.842	9	741
dpca2g146190.842	9	742
dpca2g146200.842	9	743
dpca2g146230.842	9	744
dpca2g146240.842	9	745
dpca2g146250.842	9	746
dpca2g146260.842	9	747
dpca2g146280.842	9	748
dpca2g146290.842	9	749
dpca2g146300.842	9	750
dpca2g146330.842	9	751
dpca2g146340.842	9	752
dpca2g146350.842	9	753
dpca2g146360.842	9	754
dpca2g146400.842	9	755
dpca2g146410.842	9	756
dpca2g146420.842	9	757
dpca2g146430.842	9	758
dpca2g146440.842	9	759
dpca2g146460.842	9	760
dpca2g146470.842	9	761
dpca2g146480.842	9	762
dpca2g146490.842	9	763
dpca2g146510.842	9	764
dpca2g146520.842	9	765
dpca2g146530.842	9	766
dpca2g146550.842	9	767
dpca2g146560.842	9	768
dpca2g146570.842	9	769
dpca2g146580.842	9	770
dpca2g146590.842	9	771
dpca2g146600.842	9	772
dpca2g146610.842	9	773
dpca2g146620.842	9	774
dpca2g146640.842	9	775
dpca2g146650.842	9	776
dpca2g146660.842	9	777
dpca2g146670.842	9	778
dpca2g146680.842	9	779
dpca2g146700.842	9	780
dpca2g146710.842	9	781
dpca2g146720.842	9	782
dpca2g146730.842	9	783
dpca2g146740.842	9	784
dpca2g146750.842	9	785
dpca2g146760.842	9	786
dpca2g146770.842	9	787
dpca2g146780.842	9	788
dpca2g146790.842	9	789
dpca2g146800.842	9	790
dpca2g146810.842	9	791
dpca2g146820.842	9	792
dpca2g146830.842	9	793
dpca2g146850.842	9	794
dpca2g146860.842	9	795
dpca2g146870.842	9	796
dpca2g146880.842	9	797
dpca2g146890.842	9	798
dpca2g146900.842	9	799
dpca2g146930.842	9	800
dpca2g146940.842	9	801
dpca2g146950.842	9	802
dpca2g146960.842	9	803
dpca2g146970.842	9	804
dpca2g146980.842	9	805
dpca2g146990.842	9	806
dpca2g147000.842	9	807
dpca2g147010.842	9	808
dpca2g147020.842	9	809
dpca2g147030.842	9	810
dpca2g147040.842	9	811
dpca2g147060.842	9	812
dpca2g147070.842	9	813
dpca2g147080.842	9	814
dpca2g147090.842	9	815
dpca2g147100.842	9	816
dpca2g147110.842	9	817
dpca2g147120.842	9	818
dpca2g147130.842	9	819
dpca2g147150.842	9	820
dpca2g147160.842	9	821
dpca2g147170.842	9	822
dpca2g147180.842	9	823
dpca2g147190.842	9	824
dpca2g147200.842	9	825
dpca2g147210.842	9	826
dpca2g147240.842	9	827
dpca2g147270.842	9	828
dpca2g147280.842	9	829
dpca2g147290.842	9	830
dpca2g147300.842	9	831
dpca2g147310.842	9	832
dpca2g147320.842	9	833
dpca2g147330.842	9	834
dpca2g147340.842	9	835
dpca2g147380.842	9	836
dpca2g147400.842	9	837
dpca2g147430.842	9	838
dpca2g147440.842	9	839
dpca2g147450.842	9	840
dpca2g147460.842	9	841
dpca2g147500.842	9	842
dpca2g147510.842	9	843
dpca2g147520.842	9	844
dpca2g147540.842	9	845
dpca2g147550.842	9	846
dpca2g147560.842	9	847
dpca2g147570.842	9	848
dpca2g147580.842	9	849
dpca2g147600.842	9	850
dpca2g147610.842	9	851
dpca2g147630.842	9	852
dpca2g147640.842	9	853
dpca2g147660.842	9	854
dpca2g147680.842	9	855
dpca2g147690.842	9	856
dpca2g147700.842	9	857
dpca2g147710.842	9	858
dpca2g147720.842	9	859
dpca2g147730.842	9	860
dpca2g147740.842	9	861
dpca2g147750.842	9	862
dpca2g147760.842	9	863
dpca2g147770.842	9	864
dpca2g147820.842	9	865
dpca2g147830.842	9	866
dpca2g147850.842	9	867
dpca2g147860.842	9	868
dpca2g147870.842	9	869
dpca2g147880.842	9	870
dpca2g147890.842	9	871
dpca2g147900.842	9	872
dpca2g147910.842	9	873
dpca2g147920.842	9	874
dpca2g147930.842	9	875
dpca2g147940.842	9	876
dpca2g147960.842	9	877
dpca2g147980.842	9	878
dpca2g147990.842	9	879
dpca2g148000.842	9	880
dpca2g148020.842	9	881
dpca2g148030.842	9	882
dpca2g148040.842	9	883
dpca2g148050.842	9	884
dpca2g148060.842	9	885
dpca2g148100.842	9	886
dpca2g148110.842	9	887
dpca2g148120.842	9	888
dpca2g148130.842	9	889
dpca2g148140.842	9	890
dpca2g148150.842	9	891
dpca2g148160.842	9	892
dpca2g148190.842	9	893
dpca2g148210.842	9	894
dpca2g148220.842	9	895
dpca2g148240.842	9	896
dpca2g148290.842	9	897
dpca2g148310.842	9	898
dpca2g148320.842	9	899
dpca2g148330.842	9	900
dpca2g148350.842	9	901
dpca2g148370.842	9	902
dpca2g148390.842	9	903
dpca2g148400.842	9	904
dpca2g148410.842	9	905
dpca2g148450.842	9	906
dpca2g148470.842	9	907
dpca2g148480.842	9	908
dpca2g148490.842	9	909
dpca2g148500.842	9	910
dpca2g148510.842	9	911
dpca2g148540.842	9	912
dpca2g148550.842	9	913
dpca2g148560.842	9	914
dpca2g148580.842	9	915
dpca2g148590.842	9	916
dpca2g148600.842	9	917
dpca2g148610.842	9	918
dpca2g148620.842	9	919
dpca2g148630.842	9	920
dpca2g148670.842	9	921
dpca2g148680.842	9	922
dpca2g148690.842	9	923
dpca2g148710.842	9	924
dpca2g148740.842	9	925
dpca2g148760.842	9	926
dpca2g148790.842	9	927
dpca2g148840.842	9	928
dpca2g148850.842	9	929
dpca2g148860.842	9	930
dpca2g148870.842	9	931
dpca2g148880.842	9	932
dpca2g148890.842	9	933
dpca2g148900.842	9	934
dpca2g148950.842	9	935
dpca2g148980.842	9	936
dpca2g148990.842	9	937
dpca2g149030.842	9	938
dpca2g149040.842	9	939
dpca2g149070.842	9	940
dpca2g149080.842	9	941
dpca2g149100.842	9	942
dpca2g149110.842	9	943
dpca2g149140.842	9	944
dpca2g149160.842	9	945
dpca2g149180.842	9	946
dpca2g149200.842	9	947
dpca2g149210.842	9	948
dpca2g149260.842	9	949
dpca2g149290.842	9	950
dpca2g149310.842	9	951
dpca2g149320.842	9	952
dpca2g149330.842	9	953
dpca2g149340.842	9	954
dpca2g149350.842	9	955
dpca2g149370.842	9	956
dpca2g149380.842	9	957
dpca2g149390.842	9	958
dpca2g149400.842	9	959
dpca2g149410.842	9	960
dpca2g149420.842	9	961
dpca2g149430.842	9	962
dpca2g149440.842	9	963
dpca2g149450.842	9	964
dpca2g149460.842	9	965
dpca2g149470.842	9	966
dpca2g149480.842	9	967
dpca2g149490.842	9	968
dpca2g149500.842	9	969
dpca2g149530.842	9	970
dpca2g149540.842	9	971
dpca2g149570.842	9	972
dpca2g149580.842	9	973
dpca2g149610.842	9	974
dpca2g149620.842	9	975
dpca2g149630.842	9	976
dpca2g149640.842	9	977
dpca2g149660.842	9	978
dpca2g149680.842	9	979
dpca2g149700.842	9	980
dpca2g149720.842	9	981
dpca2g149730.842	9	982
dpca2g149760.842	9	983
dpca2g149770.842	9	984
dpca2g149780.842	9	985
dpca2g149820.842	9	986
dpca2g149830.842	9	987
dpca2g149840.842	9	988
dpca2g149850.842	9	989
dpca2g149860.842	9	990
dpca2g149870.842	9	991
dpca2g149880.842	9	992
dpca2g149890.842	9	993
dpca2g149900.842	9	994
dpca2g149920.842	9	995
dpca2g149930.842	9	996
dpca2g149950.842	9	997
dpca2g149960.842	9	998
dpca2g149970.842	9	999
dpca2g149980.842	9	1000
dpca2g149990.842	9	1001
dpca2g150010.842	9	1002
dpca2g150020.842	9	1003
dpca2g150030.842	9	1004
dpca2g150090.842	9	1005
dpca2g150120.842	9	1006
dpca2g150130.842	9	1007
dpca2g150150.842	9	1008
dpca2g150170.842	9	1009
dpca2g150200.842	9	1010
dpca2g150210.842	9	1011
dpca2g150220.842	9	1012
dpca2g150230.842	9	1013
dpca2g150240.842	9	1014
dpca2g150260.842	9	1015
dpca2g150270.842	9	1016
dpca2g150290.842	9	1017
dpca2g150310.842	9	1018
dpca2g150330.842	9	1019
dpca2g150340.842	9	1020
dpca2g150360.842	9	1021
dpca2g150370.842	9	1022
dpca2g150390.842	9	1023
dpca2g150400.842	10	0
dpca2g150410.842	10	1
dpca2g150420.842	10	2
dpca2g150440.842	10	3
dpca2g150450.842	10	4
dpca2g150480.842	10	5
dpca2g150490.842	10	6
dpca2g150500.842	10	7
dpca2g150510.842	10	8
dpca2g150520.842	10	9
dpca2g150530.842	10	10
dpca2g150540.842	10	11
dpca2g150550.842	10	12
dpca2g150560.842	10	13
dpca2g150570.842	10	14
dpca2g150580.842	10	15
dpca2g150590.842	10	16
dpca2g150600.842	10	17
dpca2g150620.842	10	18
dpca2g150630.842	10	19
dpca2g150640.842	10	20
dpca2g150650.842	10	21
dpca2g150660.842	10	22
dpca2g150670.842	10	23
dpca2g150680.842	10	24
dpca2g150700.842	10	25
dpca2g150710.842	10	26
dpca2g150720.842	10	27
dpca2g150740.842	10	28
dpca2g150750.842	10	29
dpca2g150760.842	10	30
dpca2g150770.842	10	31
dpca2g150780.842	10	32
dpca2g150790.842	10	33
dpca2g150800.842	10	34
dpca2g150820.842	10	35
dpca2g150830.842	10	36
dpca2g150840.842	10	37
dpca2g150850.842	10	38
dpca2g150870.842	10	39
dpca2g150880.842	10	40
dpca2g150890.842	10	41
dpca2g150900.842	10	42
dpca2g150910.842	10	43
dpca2g150920.842	10	44
dpca2g150940.842	10	45
dpca2g150950.842	10	46
dpca2g150960.842	10	47
dpca2g150970.842	10	48
dpca2g150980.842	10	49
dpca2g150990.842	10	50
dpca2g151000.842	10	51
dpca2g151050.842	10	52
dpca2g151080.842	10	53
dpca2g151100.842	10	54
dpca2g151110.842	10	55
dpca2g151120.842	10	56
dpca2g151150.842	10	57
dpca2g151190.842	10	58
dpca2g151210.842	10	59
dpca2g151220.842	10	60
dpca2g151230.842	10	61
dpca2g151240.842	10	62
dpca2g151250.842	10	63
dpca2g151260.842	10	64
dpca2g151270.842	10	65
dpca2g151300.842	10	66
dpca2g151310.842	10	67
dpca2g151330.842	10	68
dpca2g151350.842	10	69
dpca2g151360.842	10	70
dpca2g151370.842	10	71
dpca2g151380.842	10	72
dpca2g151390.842	10	73
dpca2g151400.842	10	74
dpca2g151430.842	10	75
dpca2g151440.842	10	76
dpca2g151470.842	10	77
dpca2g151490.842	10	78
dpca2g151520.842	10	79
dpca2g151530.842	10	80
dpca2g151550.842	10	81
dpca2g151570.842	10	82
dpca2g151580.842	10	83
dpca2g151600.842	10	84
dpca2g151620.842	10	85
dpca2g151630.842	10	86
dpca2g151660.842	10	87
dpca2g151680.842	10	88
dpca2g151700.842	10	89
dpca2g151740.842	10	90
dpca2g151770.842	10	91
dpca2g151820.842	10	92
dpca2g151830.842	10	93
dpca2g151840.842	10	94
dpca2g151850.842	10	95
dpca2g151880.842	10	96
dpca2g151900.842	10	97
dpca2g151910.842	10	98
dpca2g151930.842	10	99
dpca2g151950.842	10	100
dpca2g151960.842	10	101
dpca2g151970.842	10	102
dpca2g152000.842	10	103
dpca2g152010.842	10	104
dpca2g152030.842	10	105
dpca2g152040.842	10	106
dpca2g152050.842	10	107
dpca2g152080.842	10	108
dpca2g152120.842	10	109
dpca2g152170.842	10	110
dpca2g152190.842	10	111
dpca2g152200.842	10	112
dpca2g152230.842	10	113
dpca2g152240.842	10	114
dpca2g152250.842	10	115
dpca2g152270.842	10	116
dpca2g152280.842	10	117
dpca2g152290.842	10	118
dpca2g152310.842	10	119
dpca2g152320.842	10	120
dpca2g152330.842	10	121
dpca2g152340.842	10	122
dpca2g152350.842	10	123
dpca2g152410.842	10	124
dpca2g152430.842	10	125
dpca2g152460.842	10	126
dpca2g152470.842	10	127
dpca2g152490.842	10	128
dpca2g152510.842	10	129
dpca2g152540.842	10	130
dpca2g152570.842	10	131
dpca2g152580.842	10	132
dpca2g152620.842	10	133
dpca2g152630.842	10	134
dpca2g152640.842	10	135
dpca2g152650.842	10	136
dpca2g152690.842	10	137
dpca2g152700.842	10	138
dpca2g152710.842	10	139
dpca2g152750.842	10	140
dpca2g152770.842	10	141
dpca2g152780.842	10	142
dpca2g152790.842	10	143
dpca2g152880.842	10	144
dpca2g152900.842	10	145
dpca2g152910.842	10	146
dpca2g152920.842	10	147
dpca2g152940.842	10	148
dpca2g152950.842	10	149
dpca2g152970.842	10	150
dpca2g152980.842	10	151
dpca2g152990.842	10	152
dpca2g153000.842	10	153
dpca2g153040.842	10	154
dpca2g153050.842	10	155
dpca2g153060.842	10	156
dpca2g153110.842	10	157
dpca2g153130.842	10	158
dpca2g153140.842	10	159
dpca2g153160.842	10	160
dpca2g153170.842	10	161
dpca2g153200.842	10	162
dpca2g153230.842	10	163
dpca2g153240.842	10	164
dpca2g153270.842	10	165
dpca2g153290.842	10	166
dpca2g153310.842	10	167
dpca2g153320.842	10	168
dpca2g153350.842	10	169
dpca2g153370.842	10	170
dpca2g153390.842	10	171
dpca2g153420.842	10	172
dpca2g153430.842	10	173
dpca2g153570.842	10	174
dpca2g153580.842	10	175
dpca2g153660.842	10	176
dpca2g153690.842	10	177
dpca2g153700.842	10	178
dpca2g153720.842	10	179
dpca2g153740.842	10	180
dpca2g153770.842	10	181
dpca2g153780.842	10	182
dpca2g153810.842	10	183
dpca2g153860.842	10	184
dpca2g153890.842	10	185
dpca2g153900.842	10	186
dpca2g153920.842	10	187
dpca2g153990.842	10	188
dpca2g154010.842	10	189
dpca2g154030.842	10	190
dpca2g154040.842	10	191
dpca2g154050.842	10	192
dpca2g154060.842	10	193
dpca2g154110.842	10	194
dpca2g154120.842	10	195
dpca2g154170.842	10	196
dpca2g154180.842	10	197
dpca2g154190.842	10	198
dpca2g154280.842	10	199
dpca2g154320.842	10	200
dpca2g154340.842	10	201
dpca2g154370.842	10	202
dpca2g154380.842	10	203
dpca2g154390.842	10	204
dpca2g154420.842	10	205
dpca2g154500.842	10	206
dpca2g154530.842	10	207
dpca2g154560.842	10	208
dpca2g154600.842	10	209
dpca2g154620.842	10	210
dpca2g154630.842	10	211
dpca2g154670.842	10	212
dpca2g154690.842	10	213
dpca2g154750.842	10	214
dpca2g154760.842	10	215
dpca2g154770.842	10	216
dpca2g154780.842	10	217
dpca2g154790.842	10	218
dpca2g154800.842	10	219
dpca2g154810.842	10	220
dpca2g154830.842	10	221
dpca2g154850.842	10	222
dpca2g154890.842	10	223
dpca2g154940.842	10	224
dpca2g154950.842	10	225
dpca2g154960.842	10	226
dpca2g154970.842	10	227
dpca2g155030.842	10	228
dpca2g155120.842	10	229
dpca2g155150.842	10	230
dpca2g155160.842	10	231
dpca2g155170.842	10	232
dpca2g155180.842	10	233
dpca2g155210.842	10	234
dpca2g155220.842	10	235
dpca2g155250.842	10	236
dpca2g155290.842	10	237
dpca2g155300.842	10	238
dpca2g155320.842	10	239
dpca2g155350.842	10	240
dpca2g155400.842	10	241
dpca2g155430.842	10	242
dpca2g155440.842	10	243
dpca2g155490.842	10	244
dpca2g155500.842	10	245
dpca2g155520.842	10	246
dpca2g155530.842	10	247
dpca2g155560.842	10	248
dpca2g155570.842	10	249
dpca2g155580.842	10	250
dpca2g155600.842	10	251
dpca2g155610.842	10	252
dpca2g155620.842	10	253
dpca2g155640.842	10	254
dpca2g155660.842	10	255
dpca2g155690.842	10	256
dpca2g155700.842	10	257
dpca2g155710.842	10	258
dpca2g155720.842	10	259
dpca2g155740.842	10	260
dpca2g155770.842	10	261
dpca2g155800.842	10	262
dpca2g155810.842	10	263
dpca2g155830.842	10	264
dpca2g155860.842	10	265
dpca2g155880.842	10	266
dpca2g155890.842	10	267
dpca2g156000.842	10	268
dpca2g156010.842	10	269
dpca2g156020.842	10	270
dpca2g156040.842	10	271
dpca2g156060.842	10	272
dpca2g156070.842	10	273
dpca2g156100.842	10	274
dpca2g156110.842	10	275
dpca2g156130.842	10	276
dpca2g156180.842	10	277
dpca2g156210.842	10	278
dpca2g156260.842	10	279
dpca2g156290.842	10	280
dpca2g156320.842	10	281
dpca2g156330.842	10	282
dpca2g156340.842	10	283
dpca2g156420.842	10	284
dpca2g156440.842	10	285
dpca2g156470.842	10	286
dpca2g156480.842	10	287
dpca2g156500.842	10	288
dpca2g156510.842	10	289
dpca2g156520.842	10	290
dpca2g156530.842	10	291
dpca2g156540.842	10	292
dpca2g156550.842	10	293
dpca2g156570.842	10	294
dpca2g156620.842	10	295
dpca2g156640.842	10	296
dpca2g156660.842	10	297
dpca2g156670.842	10	298
dpca2g156680.842	10	299
dpca2g156700.842	10	300
dpca2g156760.842	10	301
dpca2g156790.842	10	302
dpca2g156800.842	10	303
dpca2g156810.842	10	304
dpca2g156820.842	10	305
dpca2g156840.842	10	306
dpca2g156890.842	10	307
dpca2g156910.842	10	308
dpca2g156960.842	10	309
dpca2g156970.842	10	310
dpca2g157050.842	10	311
dpca2g157070.842	10	312
dpca2g157120.842	10	313
dpca2g157170.842	10	314
dpca2g157230.842	10	315
dpca2g157260.842	10	316
dpca2g157270.842	10	317
dpca2g157330.842	10	318
dpca2g157340.842	10	319
dpca2g157370.842	10	320
dpca2g157390.842	10	321
dpca2g157470.842	10	322
dpca2g157480.842	10	323
dpca2g157520.842	10	324
dpca2g157550.842	10	325
dpca2g157570.842	10	326
dpca2g157580.842	10	327
dpca2g157610.842	10	328
dpca2g157620.842	10	329
dpca2g157640.842	10	330
dpca2g157650.842	10	331
dpca2g157660.842	10	332
dpca2g157690.842	10	333
dpca2g157740.842	10	334
dpca2g157770.842	10	335
dpca2g157780.842	10	336
dpca2g157790.842	10	337
dpca2g157850.842	10	338
dpca2g157870.842	10	339
dpca2g157880.842	10	340
dpca2g157920.842	10	341
dpca2g157930.842	10	342
dpca2g157940.842	10	343
dpca2g157950.842	10	344
dpca2g157970.842	10	345
dpca2g157980.842	10	346
dpca2g158010.842	10	347
dpca2g158020.842	10	348
dpca2g158040.842	10	349
dpca2g158060.842	10	350
dpca2g158090.842	10	351
dpca2g158130.842	10	352
dpca2g158150.842	10	353
dpca2g158180.842	10	354
dpca2g158190.842	10	355
dpca2g158230.842	10	356
dpca2g158240.842	10	357
dpca2g158270.842	10	358
dpca2g158280.842	10	359
dpca2g158310.842	10	360
dpca2g158330.842	10	361
dpca2g158340.842	10	362
dpca2g158350.842	10	363
dpca2g158360.842	10	364
dpca2g158430.842	10	365
dpca2g158440.842	10	366
dpca2g158500.842	10	367
dpca2g158510.842	10	368
dpca2g158520.842	10	369
dpca2g158580.842	10	370
dpca2g158600.842	10	371
dpca2g158620.842	10	372
dpca2g158650.842	10	373
dpca2g158670.842	10	374
dpca2g158690.842	10	375
dpca2g158730.842	10	376
dpca2g158740.842	10	377
dpca2g158750.842	10	378
dpca2g158770.842	10	379
dpca2g158780.842	10	380
dpca2g158790.842	10	381
dpca2g158800.842	10	382
dpca2g158860.842	10	383
dpca2g158880.842	10	384
dpca2g158890.842	10	385
dpca2g158980.842	10	386
dpca2g159010.842	10	387
dpca2g159020.842	10	388
dpca2g159030.842	10	389
dpca2g159060.842	10	390
dpca2g159100.842	10	391
dpca2g159110.842	10	392
dpca2g159190.842	10	393
dpca2g159200.842	10	394
dpca2g159210.842	10	395
dpca2g159240.842	10	396
dpca2g159280.842	10	397
dpca2g159300.842	10	398
dpca2g159340.842	10	399
dpca2g159400.842	10	400
dpca2g159410.842	10	401
dpca2g159430.842	10	402
dpca2g159450.842	10	403
dpca2g159470.842	10	404
dpca2g159500.842	10	405
dpca2g159510.842	10	406
dpca2g159520.842	10	407
dpca2g159530.842	10	408
dpca2g159550.842	10	409
dpca2g159600.842	10	410
dpca2g159620.842	10	411
dpca2g159630.842	10	412
dpca2g159640.842	10	413
dpca2g159690.842	10	414
dpca2g159720.842	10	415
dpca2g159730.842	10	416
dpca2g159760.842	10	417
dpca2g159780.842	10	418
dpca2g159820.842	10	419
dpca2g159850.842	10	420
dpca2g159860.842	10	421
dpca2g159890.842	10	422
dpca2g159900.842	10	423
dpca2g159930.842	10	424
dpca2g159970.842	10	425
dpca2g159980.842	10	426
dpca2g160020.842	10	427
dpca2g160040.842	10	428
dpca2g160050.842	10	429
dpca2g160090.842	10	430
dpca2g160100.842	10	431
dpca2g160140.842	10	432
dpca2g160150.842	10	433
dpca2g160170.842	10	434
dpca2g160200.842	10	435
dpca2g160210.842	10	436
dpca2g160220.842	10	437
dpca2g160250.842	10	438
dpca2g160320.842	10	439
dpca2g160360.842	10	440
dpca2g160380.842	10	441
dpca2g160390.842	10	442
dpca2g160420.842	10	443
dpca2g160530.842	10	444
dpca2g160550.842	10	445
dpca2g160610.842	10	446
dpca2g160620.842	10	447
dpca2g160630.842	10	448
dpca2g160660.842	10	449
dpca2g160670.842	10	450
dpca2g160700.842	10	451
dpca2g160710.842	10	452
dpca2g160720.842	10	453
dpca2g160750.842	10	454
dpca2g160760.842	10	455
dpca2g160820.842	10	456
dpca2g160830.842	10	457
dpca2g160850.842	10	458
dpca2g160900.842	10	459
dpca2g160920.842	10	460
dpca2g160960.842	10	461
dpca2g160990.842	10	462
dpca2g161000.842	10	463
dpca2g161010.842	10	464
dpca2g161040.842	10	465
dpca2g161060.842	10	466
dpca2g161100.842	10	467
dpca2g161110.842	10	468
dpca2g161120.842	10	469
dpca2g161130.842	10	470
dpca2g161140.842	10	471
dpca2g161150.842	10	472
dpca2g161180.842	10	473
dpca2g161190.842	10	474
dpca2g161200.842	10	475
dpca2g161220.842	10	476
dpca2g161230.842	10	477
dpca2g161270.842	10	478
dpca2g161390.842	10	479
dpca2g161420.842	10	480
dpca2g161430.842	10	481
dpca2g161450.842	10	482
dpca2g161470.842	10	483
dpca2g161520.842	10	484
dpca2g161550.842	10	485
dpca2g161560.842	10	486
dpca2g161590.842	10	487
dpca2g161620.842	10	488
dpca2g161630.842	10	489
dpca2g161640.842	10	490
dpca2g161700.842	10	491
dpca2g161720.842	10	492
dpca2g161730.842	10	493
dpca2g161790.842	10	494
dpca2g161810.842	10	495
dpca2g161830.842	10	496
dpca2g161840.842	10	497
dpca2g161850.842	10	498
dpca2g161860.842	10	499
dpca2g161870.842	10	500
dpca2g161880.842	10	501
dpca2g161920.842	10	502
dpca2g161940.842	10	503
dpca2g161950.842	10	504
dpca2g161960.842	10	505
dpca2g162000.842	10	506
dpca2g162010.842	10	507
dpca2g162040.842	10	508
dpca2g162050.842	10	509
dpca2g162060.842	10	510
dpca2g162070.842	10	511
dpca2g162080.842	10	512
dpca2g162120.842	10	513
dpca2g162130.842	10	514
dpca2g162140.842	10	515
dpca2g162190.842	10	516
dpca2g162200.842	10	517
dpca2g162210.842	10	518
dpca2g162230.842	10	519
dpca2g162240.842	10	520
dpca2g162280.842	10	521
dpca2g162300.842	10	522
dpca2g162320.842	10	523
dpca2g162350.842	10	524
dpca2g162370.842	10	525
dpca2g162400.842	10	526
dpca2g162420.842	10	527
dpca2g162430.842	10	528
dpca2g162460.842	10	529
dpca2g162470.842	10	530
dpca2g162480.842	10	531
dpca2g162530.842	10	532
dpca2g162540.842	10	533
dpca2g162570.842	10	534
dpca2g162630.842	10	535
dpca2g162640.842	10	536
dpca2g162650.842	10	537
dpca2g162670.842	10	538
dpca2g162680.842	10	539
dpca2g162730.842	10	540
dpca2g162750.842	10	541
dpca2g162760.842	10	542
dpca2g162770.842	10	543
dpca2g162780.842	10	544
dpca2g162790.842	10	545
dpca2g162800.842	10	546
dpca2g162820.842	10	547
dpca2g162860.842	10	548
dpca2g162870.842	10	549
dpca2g162880.842	10	550
dpca2g162900.842	10	551
dpca2g162930.842	10	552
dpca2g162950.842	10	553
dpca2g162970.842	10	554
dpca2g162980.842	10	555
dpca2g162990.842	10	556
dpca2g163000.842	10	557
dpca2g163010.842	10	558
dpca2g163020.842	10	559
dpca2g163030.842	10	560
dpca2g163040.842	10	561
dpca2g163050.842	10	562
dpca2g163060.842	10	563
dpca2g163070.842	10	564
dpca2g163090.842	10	565
dpca2g163100.842	10	566
dpca2g163120.842	10	567
dpca2g163130.842	10	568
dpca2g163150.842	10	569
dpca2g163160.842	10	570
dpca2g163170.842	10	571
dpca2g163220.842	10	572
dpca2g163230.842	10	573
dpca2g163240.842	10	574
dpca2g163250.842	10	575
dpca2g163260.842	10	576
dpca2g163300.842	10	577
dpca2g163310.842	10	578
dpca2g163350.842	10	579
dpca2g163360.842	10	580
dpca2g163370.842	10	581
dpca2g163390.842	10	582
dpca2g163400.842	10	583
dpca2g163410.842	10	584
dpca2g163420.842	10	585
dpca2g163440.842	10	586
dpca2g163450.842	10	587
dpca2g163460.842	10	588
dpca2g163520.842	10	589
dpca2g163530.842	10	590
dpca2g163540.842	10	591
dpca2g163550.842	10	592
dpca2g163560.842	10	593
dpca2g163570.842	10	594
dpca2g163580.842	10	595
dpca2g163610.842	10	596
dpca2g163620.842	10	597
dpca2g163630.842	10	598
dpca2g163640.842	10	599
dpca2g163650.842	10	600
dpca2g163680.842	10	601
dpca2g163690.842	10	602
dpca2g163700.842	10	603
dpca2g163710.842	10	604
dpca2g163720.842	10	605
dpca2g163730.842	10	606
dpca2g163740.842	10	607
dpca2g163750.842	10	608
dpca2g163760.842	10	609
dpca2g163770.842	10	610
dpca2g163790.842	10	611
dpca2g163800.842	10	612
dpca2g163810.842	10	613
dpca2g163830.842	10	614
dpca2g163840.842	10	615
dpca2g163860.842	10	616
dpca2g163880.842	10	617
dpca2g163890.842	10	618
dpca2g163900.842	10	619
dpca2g163930.842	10	620
dpca2g163960.842	10	621
dpca2g163970.842	10	622
dpca2g163980.842	10	623
dpca2g163990.842	10	624
dpca2g164010.842	10	625
dpca2g164050.842	10	626
dpca2g164080.842	10	627
dpca2g164100.842	10	628
dpca2g164140.842	10	629
dpca2g164160.842	10	630
dpca2g164180.842	10	631
dpca2g164190.842	10	632
dpca2g164200.842	10	633
dpca2g164210.842	10	634
dpca2g164220.842	10	635
dpca2g164260.842	10	636
dpca2g164270.842	10	637
dpca2g164330.842	10	638
dpca2g164350.842	10	639
dpca2g164360.842	10	640
dpca2g164370.842	10	641
dpca2g164400.842	10	642
dpca2g164470.842	10	643
dpca2g164480.842	10	644
dpca2g164500.842	10	645
dpca2g164510.842	10	646
dpca2g164540.842	10	647
dpca2g164550.842	10	648
dpca2g164580.842	10	649
dpca2g164590.842	10	650
dpca2g164610.842	10	651
dpca2g164620.842	10	652
dpca2g164650.842	10	653
dpca2g164760.842	10	654
dpca2g164770.842	10	655
dpca2g164780.842	10	656
dpca2g164790.842	10	657
dpca2g164800.842	10	658
dpca2g164820.842	10	659
dpca2g164850.842	10	660
dpca2g164870.842	10	661
dpca2g164900.842	10	662
dpca2g164910.842	10	663
dpca2g164920.842	10	664
dpca2g164930.842	10	665
dpca2g164950.842	10	666
dpca2g164960.842	10	667
dpca2g164980.842	10	668
dpca2g164990.842	10	669
dpca2g165000.842	10	670
dpca2g165010.842	10	671
dpca2g165020.842	10	672
dpca2g165030.842	10	673
dpca2g165070.842	10	674
dpca2g165080.842	10	675
dpca2g165090.842	10	676
dpca2g165100.842	10	677
dpca2g165110.842	10	678
dpca2g165130.842	10	679
dpca2g165140.842	10	680
dpca2g165150.842	10	681
dpca2g165160.842	10	682
dpca2g165170.842	10	683
dpca2g165180.842	10	684
dpca2g165190.842	10	685
dpca2g165200.842	10	686
dpca2g165210.842	10	687
dpca2g165220.842	10	688
dpca2g165230.842	10	689
dpca2g165250.842	10	690
dpca2g165270.842	10	691
dpca2g165280.842	10	692
dpca2g165300.842	10	693
dpca2g165330.842	10	694
dpca2g165340.842	10	695
dpca2g165350.842	10	696
dpca2g165360.842	10	697
dpca2g165390.842	10	698
dpca2g165400.842	10	699
dpca2g165420.842	10	700
dpca2g165430.842	10	701
dpca2g165440.842	10	702
dpca2g165450.842	10	703
dpca2g165460.842	10	704
dpca2g165470.842	10	705
dpca2g165490.842	10	706
dpca2g165510.842	10	707
dpca2g165560.842	10	708
dpca2g165580.842	10	709
dpca2g165590.842	10	710
dpca2g165610.842	10	711
dpca2g165630.842	10	712
dpca2g165640.842	10	713
dpca2g165660.842	10	714
dpca2g165690.842	10	715
dpca2g165710.842	10	716
dpca2g165720.842	10	717
dpca2g165730.842	10	718
dpca2g165750.842	10	719
dpca2g165770.842	10	720
dpca2g165780.842	10	721
dpca2g165800.842	10	722
dpca2g165810.842	10	723
dpca2g165820.842	10	724
dpca2g165860.842	10	725
dpca2g165870.842	10	726
dpca2g165880.842	10	727
dpca2g165920.842	10	728
dpca2g165950.842	10	729
dpca2g165970.842	10	730
dpca2g165990.842	10	731
dpca2g166000.842	10	732
dpca2g166010.842	10	733
dpca2g166030.842	10	734
dpca2g166050.842	10	735
dpca2g166070.842	10	736
dpca2g166080.842	10	737
dpca2g166100.842	10	738
dpca2g166110.842	10	739
dpca2g166130.842	10	740
dpca2g166140.842	10	741
dpca2g166150.842	10	742
dpca2g166160.842	10	743
dpca2g166170.842	10	744
dpca2g166180.842	10	745
dpca2g166190.842	10	746
dpca2g166200.842	10	747
dpca2g166210.842	10	748
dpca2g166250.842	10	749
dpca2g166260.842	10	750
dpca2g166290.842	10	751
dpca2g166300.842	10	752
dpca2g166310.842	10	753
dpca2g166320.842	10	754
dpca2g166360.842	10	755
dpca2g166370.842	10	756
dpca2g166400.842	10	757
dpca2g166410.842	10	758
dpca2g166420.842	10	759
dpca2g166430.842	10	760
dpca2g166440.842	10	761
dpca2g166450.842	10	762
dpca2g166500.842	10	763
dpca2g166520.842	10	764
dpca2g166530.842	10	765
dpca2g166540.842	10	766
dpca2g166550.842	10	767
dpca2g166560.842	10	768
dpca2g166580.842	10	769
dpca2g166590.842	10	770
dpca2g166600.842	10	771
dpca2g166620.842	10	772
dpca2g166630.842	10	773
dpca2g166650.842	10	774
dpca2g166680.842	10	775
dpca2g166710.842	10	776
dpca2g166730.842	10	777
dpca2g166740.842	10	778
dpca2g166750.842	10	779
dpca2g166760.842	10	780
dpca2g166770.842	10	781
dpca2g166780.842	10	782
dpca2g166790.842	10	783
dpca2g166800.842	10	784
dpca2g166810.842	10	785
dpca2g166830.842	10	786
dpca2g166850.842	10	787
dpca2g166860.842	10	788
dpca2g166870.842	10	789
dpca2g166880.842	10	790
dpca2g166900.842	10	791
dpca2g166940.842	10	792
dpca2g166950.842	10	793
dpca2g166960.842	10	794
dpca2g166970.842	10	795
dpca2g166980.842	10	796
dpca2g166990.842	10	797
dpca2g167000.842	10	798
dpca2g167010.842	10	799
dpca2g167020.842	10	800
dpca2g167030.842	10	801
dpca2g167040.842	10	802
dpca2g167050.842	10	803
dpca2g167060.842	10	804
dpca2g167070.842	10	805
dpca2g167100.842	10	806
dpca2g167110.842	10	807
dpca2g167160.842	10	808
dpca2g167170.842	10	809
dpca2g167220.842	10	810
dpca2g167230.842	10	811
dpca2g167280.842	10	812
dpca2g167290.842	10	813
dpca2g167320.842	10	814
dpca2g167330.842	10	815
dpca2g167340.842	10	816
dpca2g167370.842	10	817
dpca2g167730.842	10	818
dpca2g167750.842	10	819
dpca2g167760.842	10	820
dpca2g167770.842	10	821
dpca2g167780.842	10	822
dpca2g167790.842	10	823
dpca2g167800.842	10	824
dpca2g167820.842	10	825
dpca2g167860.842	10	826
dpca2g167870.842	10	827
dpca2g167890.842	10	828
dpca2g167900.842	10	829
dpca2g167910.842	10	830
dpca2g167920.842	10	831
dpca2g167940.842	10	832
dpca2g167960.842	10	833
dpca2g167980.842	10	834
dpca2g168010.842	10	835
dpca2g168050.842	10	836
dpca2g168070.842	10	837
dpca2g168080.842	10	838
dpca2g168090.842	10	839
dpca2g168100.842	10	840
dpca2g168130.842	10	841
dpca2g168140.842	10	842
dpca2g168150.842	10	843
dpca2g168160.842	10	844
dpca2g168170.842	10	845
dpca2g168190.842	10	846
dpca2g168200.842	10	847
dpca2g168210.842	10	848
dpca2g168220.842	10	849
dpca2g168240.842	10	850
dpca2g168250.842	10	851
dpca2g168260.842	10	852
dpca2g168290.842	10	853
dpca2g168300.842	10	854
dpca2g168310.842	10	855
dpca2g168320.842	10	856
dpca2g168330.842	10	857
dpca2g168340.842	10	858
dpca2g168350.842	10	859
dpca2g168360.842	10	860
dpca2g168380.842	10	861
dpca2g168420.842	10	862
dpca2g168460.842	10	863
dpca2g168470.842	10	864
dpca2g168490.842	10	865
dpca2g168510.842	10	866
dpca2g168520.842	10	867
dpca2g168530.842	10	868
dpca2g168570.842	10	869
dpca2g168580.842	10	870
dpca2g168600.842	10	871
dpca2g168610.842	10	872
dpca2g168620.842	10	873
dpca2g168640.842	10	874
dpca2g168650.842	10	875
dpca2g168670.842	10	876
dpca2g168680.842	10	877
dpca2g168690.842	10	878
dpca2g168700.842	10	879
dpca2g168720.842	10	880
dpca2g168730.842	10	881
dpca2g168760.842	10	882
dpca2g168780.842	10	883
dpca2g168830.842	10	884
dpca2g168850.842	10	885
dpca2g168880.842	10	886
dpca2g168920.842	10	887
dpca2g168930.842	10	888
dpca2g168940.842	10	889
dpca2g168950.842	10	890
dpca2g168970.842	10	891
dpca2g168980.842	10	892
dpca2g168990.842	10	893
dpca2g169040.842	10	894
dpca2g169100.842	10	895
dpca2g169120.842	10	896
dpca2g169150.842	10	897
dpca2g169190.842	10	898
dpca2g169220.842	10	899
dpca2g169260.842	10	900
dpca2g169300.842	10	901
dpca2g169340.842	10	902
dpca2g169360.842	10	903
dpca2g169370.842	10	904
dpca2g169380.842	10	905
dpca2g169390.842	10	906
dpca2g169410.842	10	907
dpca2g169420.842	10	908
dpca2g169430.842	10	909
dpca2g169440.842	10	910
dpca2g169450.842	10	911
dpca2g169510.842	10	912
dpca2g169580.842	10	913
dpca2g169600.842	10	914
dpca2g169620.842	10	915
dpca2g169630.842	10	916
dpca2g169640.842	10	917
dpca2g169650.842	10	918
dpca2g169660.842	10	919
dpca2g169670.842	10	920
dpca2g169680.842	10	921
dpca2g169700.842	10	922
dpca2g169710.842	10	923
dpca2g169730.842	10	924
dpca2g169740.842	10	925
dpca2g169750.842	10	926
dpca2g169760.842	10	927
dpca2g169770.842	10	928
dpca2g169780.842	10	929
dpca2g169790.842	10	930
dpca2g169810.842	10	931
dpca2g169830.842	10	932
dpca2g169850.842	10	933
dpca2g169860.842	10	934
dpca2g169870.842	10	935
dpca2g169890.842	10	936
dpca2g169910.842	10	937
dpca2g169920.842	10	938
dpca2g169940.842	10	939
dpca2g169950.842	10	940
dpca2g169960.842	10	941
dpca2g169970.842	10	942
dpca2g170020.842	10	943
dpca2g170030.842	10	944
dpca2g170040.842	10	945
dpca2g170050.842	10	946
dpca2g170060.842	10	947
dpca2g170080.842	10	948
dpca2g170090.842	10	949
dpca2g170110.842	10	950
dpca2g170120.842	10	951
dpca2g170130.842	10	952
dpca2g170140.842	10	953
dpca2g170160.842	10	954
dpca2g170170.842	10	955
dpca2g170200.842	10	956
dpca2g170220.842	10	957
dpca2g170230.842	10	958
dpca2g170240.842	10	959
dpca2g170250.842	10	960
dpca2g170260.842	10	961
dpca2g170270.842	10	962
dpca2g170280.842	10	963
dpca2g170290.842	10	964
dpca2g170300.842	10	965
dpca2g170310.842	10	966
dpca2g170340.842	10	967
dpca2g170380.842	10	968
dpca2g170390.842	10	969
dpca2g170400.842	10	970
dpca2g170430.842	10	971
dpca2g170450.842	10	972
dpca2g170460.842	10	973
dpca2g170480.842	10	974
dpca2g170490.842	10	975
dpca2g170500.842	10	976
dpca2g170530.842	10	977
dpca2g170560.842	10	978
dpca2g170570.842	10	979
dpca2g170580.842	10	980
dpca2g170590.842	10	981
dpca2g170600.842	10	982
dpca2g170620.842	10	983
dpca2g170640.842	10	984
dpca2g170660.842	10	985
dpca2g170680.842	10	986
dpca2g170730.842	10	987
dpca2g170750.842	10	988
dpca2g170790.842	10	989
dpca2g170800.842	10	990
dpca2g170820.842	10	991
dpca2g170850.842	10	992
dpca2g170860.842	10	993
dpca2g170890.842	10	994
dpca2g170900.842	10	995
dpca2g170910.842	10	996
dpca2g170930.842	10	997
dpca2g170950.842	10	998
dpca2g170980.842	10	999
dpca2g170990.842	10	1000
dpca2g171010.842	10	1001
dpca2g171020.842	10	1002
dpca2g171030.842	10	1003
dpca2g171040.842	10	1004
dpca2g171070.842	10	1005
dpca2g171080.842	10	1006
dpca2g171110.842	10	1007
dpca2g171130.842	10	1008
dpca2g171140.842	10	1009
dpca2g171150.842	10	1010
dpca2g171160.842	10	1011
dpca2g171180.842	10	1012
dpca2g171220.842	10	1013
dpca2g171250.842	10	1014
dpca2g171260.842	10	1015
dpca2g171270.842	10	1016
dpca2g171290.842	10	1017
dpca2g171300.842	10	1018
dpca2g171310.842	10	1019
dpca2g171330.842	10	1020
dpca2g171340.842	10	1021
dpca2g171360.842	10	1022
dpca2g171390.842	10	1023
dpca2g171400.842	11	0
dpca2g171420.842	11	1
dpca2g171430.842	11	2
dpca2g171440.842	11	3
dpca2g171450.842	11	4
dpca2g171480.842	11	5
dpca2g171490.842	11	6
dpca2g171540.842	11	7
dpca2g171580.842	11	8
dpca2g171590.842	11	9
dpca2g171630.842	11	10
dpca2g171650.842	11	11
dpca2g171660.842	11	12
dpca2g171670.842	11	13
dpca2g171680.842	11	14
dpca2g171690.842	11	15
dpca2g171700.842	11	16
dpca2g171710.842	11	17
dpca2g171720.842	11	18
dpca2g171730.842	11	19
dpca2g171750.842	11	20
dpca2g171760.842	11	21
dpca2g171770.842	11	22
dpca2g171780.842	11	23
dpca2g171790.842	11	24
dpca2g171830.842	11	25
dpca2g171860.842	11	26
dpca2g171880.842	11	27
dpca2g171890.842	11	28
dpca2g171900.842	11	29
dpca2g171910.842	11	30
dpca2g171920.842	11	31
dpca2g171930.842	11	32
dpca2g171950.842	11	33
dpca2g171960.842	11	34
dpca2g171970.842	11	35
dpca2g171980.842	11	36
dpca2g171990.842	11	37
dpca2g172000.842	11	38
dpca2g172020.842	11	39
dpca2g172030.842	11	40
dpca2g172040.842	11	41
dpca2g172060.842	11	42
dpca2g172070.842	11	43
dpca2g172080.842	11	44
dpca2g172090.842	11	45
dpca2g172100.842	11	46
dpca2g172110.842	11	47
dpca2g172120.842	11	48
dpca2g172130.842	11	49
dpca2g172150.842	11	50
dpca2g172160.842	11	51
dpca2g172170.842	11	52
dpca2g172180.842	11	53
dpca2g172220.842	11	54
dpca2g172230.842	11	55
dpca2g172250.842	11	56
dpca2g172270.842	11	57
dpca2g172300.842	11	58
dpca2g172310.842	11	59
dpca2g172330.842	11	60
dpca2g172340.842	11	61
dpca2g172390.842	11	62
dpca2g172400.842	11	63
dpca2g172420.842	11	64
dpca2g172430.842	11	65
dpca2g172440.842	11	66
dpca2g172490.842	11	67
dpca2g172500.842	11	68
dpca2g172520.842	11	69
dpca2g172540.842	11	70
dpca2g172550.842	11	71
dpca2g172590.842	11	72
dpca2g172600.842	11	73
dpca2g172610.842	11	74
dpca2g172630.842	11	75
dpca2g172640.842	11	76
dpca2g172660.842	11	77
dpca2g172670.842	11	78
dpca2g172680.842	11	79
dpca2g172690.842	11	80
dpca2g172700.842	11	81
dpca2g172710.842	11	82
dpca2g172750.842	11	83
dpca2g172760.842	11	84
dpca2g172780.842	11	85
dpca2g172800.842	11	86
dpca2g172840.842	11	87
dpca2g172880.842	11	88
dpca2g172890.842	11	89
dpca2g172900.842	11	90
dpca2g172910.842	11	91
dpca2g172930.842	11	92
dpca2g172940.842	11	93
dpca2g172950.842	11	94
dpca2g172960.842	11	95
dpca2g172970.842	11	96
dpca2g172980.842	11	97
dpca2g172990.842	11	98
dpca2g173000.842	11	99
dpca2g173010.842	11	100
dpca2g173020.842	11	101
dpca2g173060.842	11	102
dpca2g173070.842	11	103
dpca2g173090.842	11	104
dpca2g173110.842	11	105
dpca2g173160.842	11	106
dpca2g173170.842	11	107
dpca2g173230.842	11	108
dpca2g173240.842	11	109
dpca2g173260.842	11	110
dpca2g173290.842	11	111
dpca2g173400.842	11	112
dpca2g173450.842	11	113
dpca2g173460.842	11	114
dpca2g173490.842	11	115
dpca2g173530.842	11	116
dpca2g173540.842	11	117
dpca2g173560.842	11	118
dpca2g173570.842	11	119
dpca2g173580.842	11	120
dpca2g173600.842	11	121
dpca2g173610.842	11	122
dpca2g173620.842	11	123
dpca2g173650.842	11	124
dpca2g173670.842	11	125
dpca2g173680.842	11	126
dpca2g173690.842	11	127
dpca2g173700.842	11	128
dpca2g173710.842	11	129
dpca2g173730.842	11	130
dpca2g173760.842	11	131
dpca2g173810.842	11	132
dpca2g173830.842	11	133
dpca2g173840.842	11	134
dpca2g173850.842	11	135
dpca2g173860.842	11	136
dpca2g173900.842	11	137
dpca2g173910.842	11	138
dpca2g173920.842	11	139
dpca2g173930.842	11	140
dpca2g173940.842	11	141
dpca2g173950.842	11	142
dpca2g173960.842	11	143
dpca2g173980.842	11	144
dpca2g173990.842	11	145
dpca2g174040.842	11	146
dpca2g174050.842	11	147
dpca2g174060.842	11	148
dpca2g174070.842	11	149
dpca2g174080.842	11	150
dpca2g174110.842	11	151
dpca2g174120.842	11	152
dpca2g174130.842	11	153
dpca2g174140.842	11	154
dpca2g174150.842	11	155
dpca2g174180.842	11	156
dpca2g174200.842	11	157
dpca2g174220.842	11	158
dpca2g174230.842	11	159
dpca2g174240.842	11	160
dpca2g174250.842	11	161
dpca2g174280.842	11	162
dpca2g174290.842	11	163
dpca2g174300.842	11	164
dpca2g174310.842	11	165
dpca2g174330.842	11	166
dpca2g174350.842	11	167
dpca2g174390.842	11	168
dpca2g174420.842	11	169
dpca2g174430.842	11	170
dpca2g174440.842	11	171
dpca2g174450.842	11	172
dpca2g174460.842	11	173
dpca2g174520.842	11	174
dpca2g174580.842	11	175
dpca2g174590.842	11	176
dpca2g174610.842	11	177
dpca2g174630.842	11	178
dpca2g174650.842	11	179
dpca2g174660.842	11	180
dpca2g174680.842	11	181
dpca2g174690.842	11	182
dpca2g174710.842	11	183
dpca2g174720.842	11	184
dpca2g174730.842	11	185
dpca2g174740.842	11	186
dpca2g174800.842	11	187
dpca2g174810.842	11	188
dpca2g174820.842	11	189
dpca2g174850.842	11	190
dpca2g174860.842	11	191
dpca2g174870.842	11	192
dpca2g174880.842	11	193
dpca2g174890.842	11	194
dpca2g174900.842	11	195
dpca2g174910.842	11	196
dpca2g174920.842	11	197
dpca2g174940.842	11	198
dpca2g174950.842	11	199
dpca2g174960.842	11	200
dpca2g174970.842	11	201
dpca2g174980.842	11	202
dpca2g175000.842	11	203
dpca2g175010.842	11	204
dpca2g175020.842	11	205
dpca2g175030.842	11	206
dpca2g175040.842	11	207
dpca2g175050.842	11	208
dpca2g175060.842	11	209
dpca2g175070.842	11	210
dpca2g175080.842	11	211
dpca2g175100.842	11	212
dpca2g175110.842	11	213
dpca2g175120.842	11	214
dpca2g175130.842	11	215
dpca2g175140.842	11	216
dpca2g175150.842	11	217
dpca2g175170.842	11	218
dpca2g175190.842	11	219
dpca2g175210.842	11	220
dpca2g175230.842	11	221
dpca2g175270.842	11	222
dpca2g175280.842	11	223
dpca2g175290.842	11	224
dpca2g175300.842	11	225
dpca2g175310.842	11	226
dpca2g175320.842	11	227
dpca2g175330.842	11	228
dpca2g175340.842	11	229
dpca2g175350.842	11	230
dpca2g175360.842	11	231
dpca2g175370.842	11	232
dpca2g175380.842	11	233
dpca2g175390.842	11	234
dpca2g175400.842	11	235
dpca2g175410.842	11	236
dpca2g175420.842	11	237
dpca2g175430.842	11	238
dpca2g175440.842	11	239
dpca2g175450.842	11	240
dpca2g175460.842	11	241
dpca2g175470.842	11	242
dpca2g175510.842	11	243
dpca2g175520.842	11	244
dpca2g175530.842	11	245
dpca2g175540.842	11	246
dpca2g175550.842	11	247
dpca2g175560.842	11	248
dpca2g175570.842	11	249
dpca2g175580.842	11	250
dpca2g175590.842	11	251
dpca2g175600.842	11	252
dpca2g175610.842	11	253
dpca2g175620.842	11	254
dpca2g175630.842	11	255
dpca2g175650.842	11	256
dpca2g175660.842	11	257
dpca2g175670.842	11	258
dpca2g175680.842	11	259
dpca2g175700.842	11	260
dpca2g175710.842	11	261
dpca2g175730.842	11	262
dpca2g175740.842	11	263
dpca2g175760.842	11	264
dpca2g175770.842	11	265
dpca2g175780.842	11	266
dpca2g175800.842	11	267
dpca2g175810.842	11	268
dpca2g175820.842	11	269
dpca2g175830.842	11	270
dpca2g175840.842	11	271
dpca2g175850.842	11	272
dpca2g175870.842	11	273
dpca2g175880.842	11	274
dpca2g175890.842	11	275
dpca2g175910.842	11	276
dpca2g175930.842	11	277
dpca2g175950.842	11	278
dpca2g175970.842	11	279
dpca2g175980.842	11	280
dpca2g175990.842	11	281
dpca2g176000.842	11	282
dpca2g176010.842	11	283
dpca2g176050.842	11	284
dpca2g176060.842	11	285
dpca2g176070.842	11	286
dpca2g176100.842	11	287
dpca2g176110.842	11	288
dpca2g176120.842	11	289
dpca2g176130.842	11	290
dpca2g176140.842	11	291
dpca2g176150.842	11	292
dpca2g176160.842	11	293
dpca2g176220.842	11	294
dpca2g176230.842	11	295
dpca2g176240.842	11	296
dpca2g176250.842	11	297
dpca2g176270.842	11	298
dpca2g176280.842	11	299
dpca2g176290.842	11	300
dpca2g176300.842	11	301
dpca2g176310.842	11	302
dpca2g176320.842	11	303
dpca2g176330.842	11	304
dpca2g176340.842	11	305
dpca2g176350.842	11	306
dpca2g176360.842	11	307
dpca2g176380.842	11	308
dpca2g176390.842	11	309
dpca2g176400.842	11	310
dpca2g176420.842	11	311
dpca2g176430.842	11	312
dpca2g176450.842	11	313
dpca2g176480.842	11	314
dpca2g176490.842	11	315
dpca2g176500.842	11	316
dpca2g176510.842	11	317
dpca2g176520.842	11	318
dpca2g176540.842	11	319
dpca2g176550.842	11	320
dpca2g176560.842	11	321
dpca2g176570.842	11	322
dpca2g176580.842	11	323
dpca2g176590.842	11	324
dpca2g176610.842	11	325
dpca2g176620.842	11	326
dpca2g176640.842	11	327
dpca2g176650.842	11	328
dpca2g176670.842	11	329
dpca2g176690.842	11	330
dpca2g176710.842	11	331
dpca2g176720.842	11	332
dpca2g176740.842	11	333
dpca2g176750.842	11	334
dpca2g176760.842	11	335
dpca2g176780.842	11	336
dpca2g176790.842	11	337
dpca2g176800.842	11	338
dpca2g176810.842	11	339
dpca2g176820.842	11	340
dpca2g176830.842	11	341
dpca2g176840.842	11	342
dpca2g176850.842	11	343
dpca2g176860.842	11	344
dpca2g176870.842	11	345
dpca2g176880.842	11	346
dpca2g176890.842	11	347
dpca2g176900.842	11	348
dpca2g176910.842	11	349
dpca2g176920.842	11	350
dpca2g176950.842	11	351
dpca2g176960.842	11	352
dpca2g176970.842	11	353
dpca2g176980.842	11	354
dpca2g177000.842	11	355
dpca2g177010.842	11	356
dpca2g177020.842	11	357
dpca2g177040.842	11	358
dpca2g177050.842	11	359
dpca2g177060.842	11	360
dpca2g177090.842	11	361
dpca2g177100.842	11	362
dpca2g177110.842	11	363
dpca2g177120.842	11	364
dpca2g177140.842	11	365
dpca2g177150.842	11	366
dpca2g177170.842	11	367
dpca2g177180.842	11	368
dpca2g177190.842	11	369
dpca2g177200.842	11	370
dpca2g177210.842	11	371
dpca2g177230.842	11	372
dpca2g177240.842	11	373
dpca2g177270.842	11	374
dpca2g177280.842	11	375
dpca2g177300.842	11	376
dpca2g177320.842	11	377
dpca2g177330.842	11	378
dpca2g177360.842	11	379
dpca2g177370.842	11	380
dpca2g177390.842	11	381
dpca2g177420.842	11	382
dpca2g177440.842	11	383
dpca2g177450.842	11	384
dpca2g177460.842	11	385
dpca2g177470.842	11	386
dpca2g177480.842	11	387
dpca2g177490.842	11	388
dpca2g177500.842	11	389
dpca2g177510.842	11	390
dpca2g177520.842	11	391
dpca2g177530.842	11	392
dpca2g177540.842	11	393
dpca2g177550.842	11	394
dpca2g177570.842	11	395
dpca2g177620.842	11	396
dpca2g177630.842	11	397
dpca2g177640.842	11	398
dpca2g177650.842	11	399
dpca2g177660.842	11	400
dpca2g177670.842	11	401
dpca2g177680.842	11	402
dpca2g177700.842	11	403
dpca2g177710.842	11	404
dpca2g177720.842	11	405
dpca2g177800.842	11	406
dpca2g177820.842	11	407
dpca2g177830.842	11	408
dpca2g177880.842	11	409
dpca2g177910.842	11	410
dpca2g177930.842	11	411
dpca2g177960.842	11	412
dpca2g177970.842	11	413
dpca2g177980.842	11	414
dpca2g177990.842	11	415
dpca2g178000.842	11	416
dpca2g178010.842	11	417
dpca2g178020.842	11	418
dpca2g178030.842	11	419
dpca2g178040.842	11	420
dpca2g178050.842	11	421
dpca2g178060.842	11	422
dpca2g178070.842	11	423
dpca2g178090.842	11	424
dpca2g178110.842	11	425
dpca2g178120.842	11	426
dpca2g178130.842	11	427
dpca2g178150.842	11	428
dpca2g178160.842	11	429
dpca2g178170.842	11	430
dpca2g178180.842	11	431
dpca2g178200.842	11	432
dpca2g178210.842	11	433
dpca2g178240.842	11	434
dpca2g178250.842	11	435
dpca2g178260.842	11	436
dpca2g178270.842	11	437
dpca2g178280.842	11	438
dpca2g178290.842	11	439
dpca2g178300.842	11	440
dpca2g178310.842	11	441
dpca2g178320.842	11	442
dpca2g178330.842	11	443
dpca2g178340.842	11	444
dpca2g178360.842	11	445
dpca2g178370.842	11	446
dpca2g178420.842	11	447
dpca2g178430.842	11	448
dpca2g178440.842	11	449
dpca2g178450.842	11	450
dpca2g178460.842	11	451
dpca2g178490.842	11	452
dpca2g178500.842	11	453
dpca2g178510.842	11	454
dpca2g178520.842	11	455
dpca2g178530.842	11	456
dpca2g178560.842	11	457
dpca2g178580.842	11	458
dpca2g178590.842	11	459
dpca2g178610.842	11	460
dpca2g178620.842	11	461
dpca2g178630.842	11	462
dpca2g178640.842	11	463
dpca2g178650.842	11	464
dpca2g178660.842	11	465
dpca2g178670.842	11	466
dpca2g178680.842	11	467
dpca2g178690.842	11	468
dpca2g178700.842	11	469
dpca2g178710.842	11	470
dpca2g178730.842	11	471
dpca2g178740.842	11	472
dpca2g178750.842	11	473
dpca2g178760.842	11	474
dpca2g178770.842	11	475
dpca2g178780.842	11	476
dpca2g178800.842	11	477
dpca2g178810.842	11	478
dpca2g178820.842	11	479
dpca2g178830.842	11	480
dpca2g178840.842	11	481
dpca2g178850.842	11	482
dpca2g178860.842	11	483
dpca2g178870.842	11	484
dpca2g178880.842	11	485
dpca2g178890.842	11	486
dpca2g178900.842	11	487
dpca2g178910.842	11	488
dpca2g178990.842	11	489
dpca2g179010.842	11	490
dpca2g179020.842	11	491
dpca2g179040.842	11	492
dpca2g179050.842	11	493
dpca2g179060.842	11	494
dpca2g179070.842	11	495
dpca2g179110.842	11	496
dpca2g179130.842	11	497
dpca2g179140.842	11	498
dpca2g179150.842	11	499
dpca2g179160.842	11	500
dpca2g179170.842	11	501
dpca2g179190.842	11	502
dpca2g179200.842	11	503
dpca2g179220.842	11	504
dpca2g179230.842	11	505
dpca2g179240.842	11	506
dpca2g179250.842	11	507
dpca2g179270.842	11	508
dpca2g179280.842	11	509
dpca2g179300.842	11	510
dpca2g179310.842	11	511
dpca2g179320.842	11	512
dpca2g179330.842	11	513
dpca2g179340.842	11	514
dpca2g179350.842	11	515
dpca2g179360.842	11	516
dpca2g179370.842	11	517
dpca2g179390.842	11	518
dpca2g179400.842	11	519
dpca2g179410.842	11	520
dpca2g179420.842	11	521
dpca2g179430.842	11	522
dpca2g179440.842	11	523
dpca2g179460.842	11	524
dpca2g179470.842	11	525
dpca2g179480.842	11	526
dpca2g179490.842	11	527
dpca2g179500.842	11	528
dpca2g179510.842	11	529
dpca2g179520.842	11	530
dpca2g179530.842	11	531
dpca2g179550.842	11	532
dpca2g179560.842	11	533
dpca2g179570.842	11	534
dpca2g179580.842	11	535
dpca2g179620.842	11	536
dpca2g179660.842	11	537
dpca2g179670.842	11	538
dpca2g179690.842	11	539
dpca2g179700.842	11	540
dpca2g179710.842	11	541
dpca2g179730.842	11	542
dpca2g179740.842	11	543
dpca2g179750.842	11	544
dpca2g179760.842	11	545
dpca2g179780.842	11	546
dpca2g179790.842	11	547
dpca2g179800.842	11	548
dpca2g179840.842	11	549
dpca2g179850.842	11	550
dpca2g179890.842	11	551
dpca2g179920.842	11	552
dpca2g179930.842	11	553
dpca2g179940.842	11	554
dpca2g179950.842	11	555
dpca2g179990.842	11	556
dpca2g180030.842	11	557
dpca2g180040.842	11	558
dpca2g180130.842	11	559
dpca2g180160.842	11	560
dpca2g180190.842	11	561
dpca2g180200.842	11	562
dpca2g180220.842	11	563
dpca2g180240.842	11	564
dpca2g180260.842	11	565
dpca2g180270.842	11	566
dpca2g180280.842	11	567
dpca2g180290.842	11	568
dpca2g180300.842	11	569
dpca2g180310.842	11	570
dpca2g180320.842	11	571
dpca2g180340.842	11	572
dpca2g180350.842	11	573
dpca2g180360.842	11	574
dpca2g180370.842	11	575
dpca2g180380.842	11	576
dpca2g180390.842	11	577
dpca2g180400.842	11	578
dpca2g180450.842	11	579
dpca2g180460.842	11	580
dpca2g180470.842	11	581
dpca2g180480.842	11	582
dpca2g180490.842	11	583
dpca2g180500.842	11	584
dpca2g180510.842	11	585
dpca2g180520.842	11	586
dpca2g180530.842	11	587
dpca2g180540.842	11	588
dpca2g180550.842	11	589
dpca2g180560.842	11	590
dpca2g180570.842	11	591
dpca2g180590.842	11	592
dpca2g180600.842	11	593
dpca2g180620.842	11	594
dpca2g181270.842	11	595
dpca2g181280.842	11	596
dpca2g181300.842	11	597
dpca2g181310.842	11	598
dpca2g181320.842	11	599
dpca2g181330.842	11	600
dpca2g181340.842	11	601
dpca2g181350.842	11	602
dpca2g181360.842	11	603
dpca2g181420.842	11	604
dpca2g181430.842	11	605
dpca2g181440.842	11	606
dpca2g181470.842	11	607
dpca2g181510.842	11	608
dpca2g181520.842	11	609
dpca2g181560.842	11	610
dpca2g181570.842	11	611
dpca2g181590.842	11	612
dpca2g181600.842	11	613
dpca2g181630.842	11	614
dpca2g181640.842	11	615
dpca2g181650.842	11	616
dpca2g181660.842	11	617
dpca2g181670.842	11	618
dpca2g181680.842	11	619
dpca2g181690.842	11	620
dpca2g181700.842	11	621
dpca2g181720.842	11	622
dpca2g181730.842	11	623
dpca2g181740.842	11	624
dpca2g181750.842	11	625
dpca2g181770.842	11	626
dpca2g181780.842	11	627
dpca2g181790.842	11	628
dpca2g181800.842	11	629
dpca2g181810.842	11	630
dpca2g181820.842	11	631
dpca2g181850.842	11	632
dpca2g181860.842	11	633
dpca2g181870.842	11	634
dpca2g181900.842	11	635
dpca2g181910.842	11	636
dpca2g181920.842	11	637
dpca2g181940.842	11	638
dpca2g181950.842	11	639
dpca2g181960.842	11	640
dpca2g181970.842	11	641
dpca2g181980.842	11	642
dpca2g181990.842	11	643
dpca2g182000.842	11	644
dpca2g182020.842	11	645
dpca2g182030.842	11	646
dpca2g182040.842	11	647
dpca2g182070.842	11	648
dpca2g182090.842	11	649
dpca2g182100.842	11	650
dpca2g182120.842	11	651
dpca2g182130.842	11	652
dpca2g182140.842	11	653
dpca2g182150.842	11	654
dpca2g182160.842	11	655
dpca2g182190.842	11	656
dpca2g182210.842	11	657
dpca2g182220.842	11	658
dpca2g182230.842	11	659
dpca2g182260.842	11	660
dpca2g182270.842	11	661
dpca2g182280.842	11	662
dpca2g182290.842	11	663
dpca2g182300.842	11	664
dpca2g182310.842	11	665
dpca2g182320.842	11	666
dpca2g182330.842	11	667
dpca2g182340.842	11	668
dpca2g182350.842	11	669
dpca2g182360.842	11	670
dpca2g182370.842	11	671
dpca2g182380.842	11	672
dpca2g182400.842	11	673
dpca2g182410.842	11	674
dpca2g182430.842	11	675
dpca2g182440.842	11	676
dpca2g182450.842	11	677
dpca2g182460.842	11	678
dpca2g182470.842	11	679
dpca2g182480.842	11	680
dpca2g182490.842	11	681
dpca2g182520.842	11	682
dpca2g182530.842	11	683
dpca2g182550.842	11	684
dpca2g182570.842	11	685
dpca2g182580.842	11	686
dpca2g182590.842	11	687
dpca2g182600.842	11	688
dpca2g182630.842	11	689
dpca2g182640.842	11	690
dpca2g182670.842	11	691
dpca2g182680.842	11	692
dpca2g182690.842	11	693
dpca2g182700.842	11	694
dpca2g182740.842	11	695
dpca2g182750.842	11	696
dpca2g182760.842	11	697
dpca2g182770.842	11	698
dpca2g182780.842	11	699
dpca2g182810.842	11	700
dpca2g182830.842	11	701
dpca2g182850.842	11	702
dpca2g182860.842	11	703
dpca2g182870.842	11	704
dpca2g182880.842	11	705
dpca2g182890.842	11	706
dpca2g182900.842	11	707
dpca2g182910.842	11	708
dpca2g182920.842	11	709
dpca2g182950.842	11	710
dpca2g182960.842	11	711
dpca2g182980.842	11	712
dpca2g183010.842	11	713
dpca2g183020.842	11	714
dpca2g183080.842	11	715
dpca2g183120.842	11	716
dpca2g183130.842	11	717
dpca2g183140.842	11	718
dpca2g183150.842	11	719
dpca2g183160.842	11	720
dpca2g183170.842	11	721
dpca2g183180.842	11	722
dpca2g183190.842	11	723
dpca2g183200.842	11	724
dpca2g183210.842	11	725
dpca2g183220.842	11	726
dpca2g183230.842	11	727
dpca2g183240.842	11	728
dpca2g183250.842	11	729
dpca2g183260.842	11	730
dpca2g183270.842	11	731
dpca2g183280.842	11	732
dpca2g183290.842	11	733
dpca2g183300.842	11	734
dpca2g183310.842	11	735
dpca2g183320.842	11	736
dpca2g183330.842	11	737
dpca2g183340.842	11	738
dpca2g183360.842	11	739
dpca2g183370.842	11	740
dpca2g183380.842	11	741
dpca2g183410.842	11	742
dpca2g183420.842	11	743
dpca2g183430.842	11	744
dpca2g183450.842	11	745
dpca2g183470.842	11	746
dpca2g183480.842	11	747
dpca2g183490.842	11	748
dpca2g183520.842	11	749
dpca2g183530.842	11	750
dpca2g183540.842	11	751
dpca2g183560.842	11	752
dpca2g183570.842	11	753
dpca2g183580.842	11	754
dpca2g183590.842	11	755
dpca2g183600.842	11	756
dpca2g183610.842	11	757
dpca2g183620.842	11	758
dpca2g183630.842	11	759
dpca2g183640.842	11	760
dpca2g183650.842	11	761
dpca2g183660.842	11	762
dpca2g183670.842	11	763
dpca2g183680.842	11	764
dpca2g183690.842	11	765
dpca2g183700.842	11	766
dpca2g183710.842	11	767
dpca2g183720.842	11	768
dpca2g183740.842	11	769
dpca2g183750.842	11	770
dpca2g183760.842	11	771
dpca2g183770.842	11	772
dpca2g183780.842	11	773
dpca2g183790.842	11	774
dpca2g183800.842	11	775
dpca2g183810.842	11	776
dpca2g183820.842	11	777
dpca2g183830.842	11	778
dpca2g183840.842	11	779
dpca2g183850.842	11	780
dpca2g183860.842	11	781
dpca2g183870.842	11	782
dpca2g183880.842	11	783
dpca2g183890.842	11	784
dpca2g183900.842	11	785
dpca2g183920.842	11	786
dpca2g183930.842	11	787
dpca2g183940.842	11	788
dpca2g183950.842	11	789
dpca2g183960.842	11	790
dpca2g183970.842	11	791
dpca2g183980.842	11	792
dpca2g183990.842	11	793
dpca2g184000.842	11	794
dpca2g184010.842	11	795
dpca2g184020.842	11	796
dpca2g184050.842	11	797
dpca2g184060.842	11	798
dpca2g184070.842	11	799
dpca2g184080.842	11	800
dpca2g184090.842	11	801
dpca2g184120.842	11	802
dpca2g184130.842	11	803
dpca2g184140.842	11	804
dpca2g184150.842	11	805
dpca2g184160.842	11	806
dpca2g184190.842	11	807
dpca2g184210.842	11	808
dpca2g184220.842	11	809
dpca2g184250.842	11	810
dpca2g184260.842	11	811
dpca2g184270.842	11	812
dpca2g184280.842	11	813
dpca2g184290.842	11	814
dpca2g184300.842	11	815
dpca2g184310.842	11	816
dpca2g184330.842	11	817
dpca2g184340.842	11	818
dpca2g184360.842	11	819
dpca2g184370.842	11	820
dpca2g184390.842	11	821
dpca2g184450.842	11	822
dpca2g184460.842	11	823
dpca2g184470.842	11	824
dpca2g184500.842	11	825
dpca2g184530.842	11	826
dpca2g184570.842	11	827
dpca2g184580.842	11	828
dpca2g184600.842	11	829
dpca2g184610.842	11	830
dpca2g184640.842	11	831
dpca2g184650.842	11	832
dpca2g184660.842	11	833
dpca2g184670.842	11	834
dpca2g184680.842	11	835
dpca2g184690.842	11	836
dpca2g184700.842	11	837
dpca2g184720.842	11	838
dpca2g184730.842	11	839
dpca2g184740.842	11	840
dpca2g184750.842	11	841
dpca2g184770.842	11	842
dpca2g184830.842	11	843
dpca2g184840.842	11	844
dpca2g184860.842	11	845
dpca2g184910.842	11	846
dpca2g184920.842	11	847
dpca2g184930.842	11	848
dpca2g184940.842	11	849
dpca2g184950.842	11	850
dpca2g184960.842	11	851
dpca2g184980.842	11	852
dpca2g184990.842	11	853
dpca2g185020.842	11	854
dpca2g185040.842	11	855
dpca2g185050.842	11	856
dpca2g185060.842	11	857
dpca2g185070.842	11	858
dpca2g185080.842	11	859
dpca2g185090.842	11	860
dpca2g185100.842	11	861
dpca2g185110.842	11	862
dpca2g185120.842	11	863
dpca2g185160.842	11	864
dpca2g185170.842	11	865
dpca2g185180.842	11	866
dpca2g185200.842	11	867
dpca2g185220.842	11	868
dpca2g185240.842	11	869
dpca2g185250.842	11	870
dpca2g185300.842	11	871
dpca2g185310.842	11	872
dpca2g185320.842	11	873
dpca2g185340.842	11	874
dpca2g185350.842	11	875
dpca2g185360.842	11	876
dpca2g185370.842	11	877
dpca2g185390.842	11	878
dpca2g185440.842	11	879
dpca2g185450.842	11	880
dpca2g185470.842	11	881
dpca2g185490.842	11	882
dpca2g185510.842	11	883
dpca2g185520.842	11	884
dpca2g185530.842	11	885
dpca2g185540.842	11	886
dpca2g185550.842	11	887
dpca2g185560.842	11	888
dpca2g185570.842	11	889
dpca2g185580.842	11	890
dpca2g185590.842	11	891
dpca2g185600.842	11	892
dpca2g185610.842	11	893
dpca2g185620.842	11	894
dpca2g185630.842	11	895
dpca2g185640.842	11	896
dpca2g185650.842	11	897
dpca2g185660.842	11	898
dpca2g185670.842	11	899
dpca2g185680.842	11	900
dpca2g185690.842	11	901
dpca2g185700.842	11	902
dpca2g185720.842	11	903
dpca2g185730.842	11	904
dpca2g185740.842	11	905
dpca2g185750.842	11	906
dpca2g185760.842	11	907
dpca2g185800.842	11	908
dpca2g185810.842	11	909
dpca2g185820.842	11	910
dpca2g185830.842	11	911
dpca2g185840.842	11	912
dpca2g185850.842	11	913
dpca2g185860.842	11	914
dpca2g185870.842	11	915
dpca2g185880.842	11	916
dpca2g185890.842	11	917
dpca2g185900.842	11	918
dpca2g185910.842	11	919
dpca2g185920.842	11	920
dpca2g185930.842	11	921
dpca2g185940.842	11	922
dpca2g185960.842	11	923
dpca2g185970.842	11	924
dpca2g185980.842	11	925
dpca2g186000.842	11	926
dpca2g186010.842	11	927
dpca2g186020.842	11	928
dpca2g186030.842	11	929
dpca2g186040.842	11	930
dpca2g186050.842	11	931
dpca2g186060.842	11	932
dpca2g186070.842	11	933
dpca2g186100.842	11	934
dpca2g186110.842	11	935
dpca2g186130.842	11	936
dpca2g186140.842	11	937
dpca2g186150.842	11	938
dpca2g186160.842	11	939
dpca2g186170.842	11	940
dpca2g186180.842	11	941
dpca2g186190.842	11	942
dpca2g186200.842	11	943
dpca2g186210.842	11	944
dpca2g186240.842	11	945
dpca2g186250.842	11	946
dpca2g186260.842	11	947
dpca2g186270.842	11	948
dpca2g186280.842	11	949
dpca2g186290.842	11	950
dpca2g186300.842	11	951
dpca2g186310.842	11	952
dpca2g186320.842	11	953
dpca2g186330.842	11	954
dpca2g186340.842	11	955
dpca2g186350.842	11	956
dpca2g186360.842	11	957
dpca2g186370.842	11	958
dpca2g186380.842	11	959
dpca2g186390.842	11	960
dpca2g186400.842	11	961
dpca2g186410.842	11	962
dpca2g186420.842	11	963
dpca2g186430.842	11	964
dpca2g186440.842	11	965
dpca2g186450.842	11	966
dpca2g186460.842	11	967
dpca2g186470.842	11	968
dpca2g186480.842	11	969
dpca2g186500.842	11	970
dpca2g186520.842	11	971
dpca2g186530.842	11	972
dpca2g186540.842	11	973
dpca2g186550.842	11	974
dpca2g186560.842	11	975
dpca2g186570.842	11	976
dpca2g186580.842	11	977
dpca2g186590.842	11	978
dpca2g186600.842	11	979
dpca2g186610.842	11	980
dpca2g186620.842	11	981
dpca2g186630.842	11	982
dpca2g186640.842	11	983
dpca2g186660.842	11	984
dpca2g186670.842	11	985
dpca2g186680.842	11	986
dpca2g186690.842	11	987
dpca2g186710.842	11	988
dpca2g186720.842	11	989
dpca2g186740.842	11	990
dpca2g186800.842	11	991
dpca2g186810.842	11	992
dpca2g186820.842	11	993
dpca2g186830.842	11	994
dpca2g186840.842	11	995
dpca2g186850.842	11	996
dpca2g186860.842	11	997
dpca2g186870.842	11	998
dpca2g186890.842	11	999
dpca2g186900.842	11	1000
dpca2g186910.842	11	1001
dpca2g186920.842	11	1002
dpca2g186930.842	11	1003
dpca2g186940.842	11	1004
dpca2g186950.842	11	1005
dpca2g186960.842	11	1006
dpca2g186970.842	11	1007
dpca2g186980.842	11	1008
dpca2g186990.842	11	1009
dpca2g187000.842	11	1010
dpca2g187020.842	11	1011
dpca2g187030.842	11	1012
dpca2g187040.842	11	1013
dpca2g187050.842	11	1014
dpca2g187060.842	11	1015
dpca2g187070.842	11	1016
dpca2g187080.842	11	1017
dpca2g187090.842	11	1018
dpca2g187100.842	11	1019
dpca2g187110.842	11	1020
dpca2g187120.842	11	1021
dpca2g187130.842	11	1022
dpca2g187140.842	11	1023
dpca2g187150.842	12	0
dpca2g187160.842	12	1
dpca2g187170.842	12	2
dpca2g187180.842	12	3
dpca2g187190.842	12	4
dpca2g187200.842	12	5
dpca2g187210.842	12	6
dpca2g187220.842	12	7
dpca2g187230.842	12	8
dpca2g187250.842	12	9
dpca2g187260.842	12	10
dpca2g187270.842	12	11
dpca2g187280.842	12	12
dpca2g187290.842	12	13
dpca2g187300.842	12	14
dpca2g187310.842	12	15
dpca2g187320.842	12	16
dpca2g187330.842	12	17
dpca2g187340.842	12	18
dpca2g187350.842	12	19
dpca2g187360.842	12	20
dpca2g187370.842	12	21
dpca2g187380.842	12	22
dpca2g187390.842	12	23
dpca2g187400.842	12	24
dpca2g187410.842	12	25
dpca2g187420.842	12	26
dpca2g187430.842	12	27
dpca2g187440.842	12	28
dpca2g187450.842	12	29
dpca2g187460.842	12	30
dpca2g187470.842	12	31
dpca2g187480.842	12	32
dpca2g187490.842	12	33
dpca2g187500.842	12	34
dpca2g187510.842	12	35
dpca2g187520.842	12	36
dpca2g187530.842	12	37
dpca2g187540.842	12	38
dpca2g187560.842	12	39
dpca2g187570.842	12	40
dpca2g187580.842	12	41
dpca2g187600.842	12	42
dpca2g187610.842	12	43
dpca2g187620.842	12	44
dpca2g187630.842	12	45
dpca2g187640.842	12	46
dpca2g187650.842	12	47
dpca2g187660.842	12	48
dpca2g187670.842	12	49
dpca2g187680.842	12	50
dpca2g187690.842	12	51
dpca2g187700.842	12	52
dpca2g187710.842	12	53
dpca2g187720.842	12	54
dpca2g187730.842	12	55
dpca2g187740.842	12	56
dpca2g187750.842	12	57
dpca2g187760.842	12	58
dpca2g187770.842	12	59
dpca2g187780.842	12	60
dpca2g187800.842	12	61
dpca2g187810.842	12	62
dpca2g187820.842	12	63
dpca2g187830.842	12	64
dpca2g187840.842	12	65
dpca2g187850.842	12	66
dpca2g187860.842	12	67
dpca2g187870.842	12	68
dpca2g187880.842	12	69
dpca2g187890.842	12	70
dpca2g187900.842	12	71
dpca2g187910.842	12	72
dpca2g187920.842	12	73
dpca2g187930.842	12	74
dpca2g187940.842	12	75
dpca2g187950.842	12	76
dpca3g187960.842	12	77
dpca3g187970.842	12	78
dpca3g187980.842	12	79
dpca3g188000.842	12	80
dpca3g188010.842	12	81
dpca3g188020.842	12	82
dpca3g188030.842	12	83
dpca3g188040.842	12	84
dpca3g188050.842	12	85
dpca3g188060.842	12	86
dpca3g188070.842	12	87
dpca3g188080.842	12	88
dpca3g188090.842	12	89
dpca3g188100.842	12	90
dpca3g188110.842	12	91
dpca3g188120.842	12	92
dpca3g188130.842	12	93
dpca3g188140.842	12	94
dpca3g188150.842	12	95
dpca3g188160.842	12	96
dpca3g188170.842	12	97
dpca3g188180.842	12	98
dpca3g188190.842	12	99
dpca3g188200.842	12	100
dpca3g188220.842	12	101
dpca3g188230.842	12	102
dpca3g188240.842	12	103
dpca3g188250.842	12	104
dpca3g188260.842	12	105
dpca3g188270.842	12	106
dpca3g188280.842	12	107
dpca3g188290.842	12	108
dpca3g188300.842	12	109
dpca3g188310.842	12	110
dpca3g188320.842	12	111
dpca3g188330.842	12	112
dpca3g188340.842	12	113
dpca3g188350.842	12	114
dpca3g188360.842	12	115
dpca3g188370.842	12	116
dpca3g188380.842	12	117
dpca3g188390.842	12	118
dpca3g188410.842	12	119
dpca3g188420.842	12	120
dpca3g188430.842	12	121
dpca3g188440.842	12	122
dpca3g188450.842	12	123
dpca3g188460.842	12	124
dpca3g188470.842	12	125
dpca3g188490.842	12	126
dpca3g188500.842	12	127
dpca3g188510.842	12	128
dpca3g188520.842	12	129
dpca3g188530.842	12	130
dpca3g188540.842	12	131
dpca3g188550.842	12	132
dpca3g188560.842	12	133
dpca3g188570.842	12	134
dpca3g188590.842	12	135
dpca3g188600.842	12	136
dpca3g188610.842	12	137
dpca3g188620.842	12	138
dpca3g188630.842	12	139
dpca3g188640.842	12	140
dpca3g188650.842	12	141
dpca3g188660.842	12	142
dpca3g188670.842	12	143
dpca3g188680.842	12	144
dpca3g188690.842	12	145
dpca3g188700.842	12	146
dpca3g188710.842	12	147
dpca3g188720.842	12	148
dpca3g188730.842	12	149
dpca3g188740.842	12	150
dpca3g188750.842	12	151
dpca3g188760.842	12	152
dpca3g188770.842	12	153
dpca3g188780.842	12	154
dpca3g188790.842	12	155
dpca3g188800.842	12	156
dpca3g188810.842	12	157
dpca3g188820.842	12	158
dpca3g188830.842	12	159
dpca3g188840.842	12	160
dpca3g188850.842	12	161
dpca3g188860.842	12	162
dpca3g188870.842	12	163
dpca3g188880.842	12	164
dpca3g188890.842	12	165
dpca3g188900.842	12	166
dpca3g188910.842	12	167
dpca3g188920.842	12	168
dpca3g188930.842	12	169
dpca3g188940.842	12	170
dpca3g188950.842	12	171
dpca3g188960.842	12	172
dpca3g188970.842	12	173
dpca3g188980.842	12	174
dpca3g188990.842	12	175
dpca3g189000.842	12	176
dpca3g189010.842	12	177
dpca3g189030.842	12	178
dpca3g189040.842	12	179
dpca3g189050.842	12	180
dpca3g189060.842	12	181
dpca3g189070.842	12	182
dpca3g189080.842	12	183
dpca3g189090.842	12	184
dpca3g189110.842	12	185
dpca3g189120.842	12	186
dpca3g189130.842	12	187
dpca3g189140.842	12	188
dpca3g189150.842	12	189
dpca3g189160.842	12	190
dpca3g189170.842	12	191
dpca3g189180.842	12	192
dpca3g189190.842	12	193
dpca3g189200.842	12	194
dpca3g189210.842	12	195
dpca3g189220.842	12	196
dpca3g189230.842	12	197
dpca3g189240.842	12	198
dpca3g189260.842	12	199
dpca3g189270.842	12	200
dpca3g189280.842	12	201
dpca3g189290.842	12	202
dpca3g189300.842	12	203
dpca3g189310.842	12	204
dpca3g189320.842	12	205
dpca3g189330.842	12	206
dpca3g189340.842	12	207
dpca3g189350.842	12	208
dpca3g189360.842	12	209
dpca3g189370.842	12	210
dpca3g189380.842	12	211
dpca3g189390.842	12	212
dpca3g189400.842	12	213
dpca3g189410.842	12	214
dpca3g189420.842	12	215
dpca3g189430.842	12	216
dpca3g189440.842	12	217
dpca3g189460.842	12	218
dpca3g189480.842	12	219
dpca3g189490.842	12	220
dpca3g189500.842	12	221
dpca3g189510.842	12	222
dpca3g189520.842	12	223
dpca3g189530.842	12	224
dpca3g189550.842	12	225
dpca3g189560.842	12	226
dpca3g189570.842	12	227
dpca3g189580.842	12	228
dpca3g189590.842	12	229
dpca3g189600.842	12	230
dpca3g189610.842	12	231
dpca3g189630.842	12	232
dpca3g189640.842	12	233
dpca3g189650.842	12	234
dpca3g189660.842	12	235
dpca3g189670.842	12	236
dpca3g189680.842	12	237
dpca3g189690.842	12	238
dpca3g189700.842	12	239
dpca3g189710.842	12	240
dpca3g189720.842	12	241
dpca3g189730.842	12	242
dpca3g189740.842	12	243
dpca3g189750.842	12	244
dpca3g189760.842	12	245
dpca3g189770.842	12	246
dpca3g189780.842	12	247
dpca3g189790.842	12	248
dpca3g189800.842	12	249
dpca3g189810.842	12	250
dpca3g189820.842	12	251
dpca3g189840.842	12	252
dpca3g189860.842	12	253
dpca3g189870.842	12	254
dpca3g189890.842	12	255
dpca3g189900.842	12	256
dpca3g189910.842	12	257
dpca3g189920.842	12	258
dpca3g189930.842	12	259
dpca3g189940.842	12	260
dpca3g189950.842	12	261
dpca3g189960.842	12	262
dpca3g189990.842	12	263
dpca3g190000.842	12	264
dpca3g190010.842	12	265
dpca3g190020.842	12	266
dpca3g190030.842	12	267
dpca3g190040.842	12	268
dpca3g190060.842	12	269
dpca3g190070.842	12	270
dpca3g190080.842	12	271
dpca3g190100.842	12	272
dpca3g190110.842	12	273
dpca3g190120.842	12	274
dpca3g190130.842	12	275
dpca3g190140.842	12	276
dpca3g190150.842	12	277
dpca3g190160.842	12	278
dpca3g190190.842	12	279
dpca3g190200.842	12	280
dpca3g190210.842	12	281
dpca3g190220.842	12	282
dpca3g190230.842	12	283
dpca3g190250.842	12	284
dpca3g190270.842	12	285
dpca3g190280.842	12	286
dpca3g190290.842	12	287
dpca3g190300.842	12	288
dpca3g190310.842	12	289
dpca3g190320.842	12	290
dpca3g190330.842	12	291
dpca3g190340.842	12	292
dpca3g190350.842	12	293
dpca3g190370.842	12	294
dpca3g190380.842	12	295
dpca3g190390.842	12	296
dpca3g190400.842	12	297
dpca3g190410.842	12	298
dpca3g190420.842	12	299
dpca3g190430.842	12	300
dpca3g190440.842	12	301
dpca3g190450.842	12	302
dpca3g190460.842	12	303
dpca3g190470.842	12	304
dpca3g190480.842	12	305
dpca3g190490.842	12	306
dpca3g190500.842	12	307
dpca3g190510.842	12	308
dpca3g190520.842	12	309
dpca3g190530.842	12	310
dpca3g190540.842	12	311
dpca3g190550.842	12	312
dpca3g190560.842	12	313
dpca3g190570.842	12	314
dpca3g190580.842	12	315
dpca3g190590.842	12	316
dpca3g190600.842	12	317
dpca3g190610.842	12	318
dpca3g190620.842	12	319
dpca3g190630.842	12	320
dpca3g190640.842	12	321
dpca3g190650.842	12	322
dpca3g190660.842	12	323
dpca3g190670.842	12	324
dpca3g190680.842	12	325
dpca3g190690.842	12	326
dpca3g190700.842	12	327
dpca3g190710.842	12	328
dpca3g190720.842	12	329
dpca3g190730.842	12	330
dpca3g190740.842	12	331
dpca3g190750.842	12	332
dpca3g190770.842	12	333
dpca3g190780.842	12	334
dpca3g190790.842	12	335
dpca3g190800.842	12	336
dpca3g190810.842	12	337
dpca3g190820.842	12	338
dpca3g190830.842	12	339
dpca3g190840.842	12	340
dpca3g190850.842	12	341
dpca3g190860.842	12	342
dpca3g190870.842	12	343
dpca3g190890.842	12	344
dpca3g190910.842	12	345
dpca3g190920.842	12	346
dpca3g190930.842	12	347
dpca3g190950.842	12	348
dpca3g190960.842	12	349
dpca3g190970.842	12	350
dpca3g190990.842	12	351
dpca3g191000.842	12	352
dpca3g191010.842	12	353
dpca3g191020.842	12	354
dpca3g191030.842	12	355
dpca3g191040.842	12	356
dpca3g191050.842	12	357
dpca3g191110.842	12	358
dpca3g191120.842	12	359
dpca3g191140.842	12	360
dpca3g191150.842	12	361
dpca3g191160.842	12	362
dpca3g191170.842	12	363
dpca3g191180.842	12	364
dpca3g191190.842	12	365
dpca3g191220.842	12	366
dpca3g191230.842	12	367
dpca3g191240.842	12	368
dpca3g191250.842	12	369
dpca3g191270.842	12	370
dpca3g191280.842	12	371
dpca3g191310.842	12	372
dpca3g191320.842	12	373
dpca3g191330.842	12	374
dpca3g191340.842	12	375
dpca3g191350.842	12	376
dpca3g191360.842	12	377
dpca3g191370.842	12	378
dpca3g191390.842	12	379
dpca3g191410.842	12	380
dpca3g191420.842	12	381
dpca3g191440.842	12	382
dpca3g191480.842	12	383
dpca3g191490.842	12	384
dpca3g191500.842	12	385
dpca3g191510.842	12	386
dpca3g191520.842	12	387
dpca3g191530.842	12	388
dpca3g191550.842	12	389
dpca3g191560.842	12	390
dpca3g191570.842	12	391
dpca3g191580.842	12	392
dpca3g191590.842	12	393
dpca3g191600.842	12	394
dpca3g191610.842	12	395
dpca3g191620.842	12	396
dpca3g191630.842	12	397
dpca3g191650.842	12	398
dpca3g191670.842	12	399
dpca3g191680.842	12	400
dpca3g191690.842	12	401
dpca3g191700.842	12	402
dpca3g191710.842	12	403
dpca3g191720.842	12	404
dpca3g191730.842	12	405
dpca3g191750.842	12	406
dpca3g191760.842	12	407
dpca3g191770.842	12	408
dpca3g191780.842	12	409
dpca3g191810.842	12	410
dpca3g191830.842	12	411
dpca3g191840.842	12	412
dpca3g191850.842	12	413
dpca3g191860.842	12	414
dpca3g191870.842	12	415
dpca3g191880.842	12	416
dpca3g191890.842	12	417
dpca3g191900.842	12	418
dpca3g191910.842	12	419
dpca3g191920.842	12	420
dpca3g191930.842	12	421
dpca3g191940.842	12	422
dpca3g191950.842	12	423
dpca3g191960.842	12	424
dpca3g191970.842	12	425
dpca3g191990.842	12	426
dpca3g192000.842	12	427
dpca3g192010.842	12	428
dpca3g192020.842	12	429
dpca3g192030.842	12	430
dpca3g192040.842	12	431
dpca3g192050.842	12	432
dpca3g192060.842	12	433
dpca3g192070.842	12	434
dpca3g192080.842	12	435
dpca3g192090.842	12	436
dpca3g192100.842	12	437
dpca3g192110.842	12	438
dpca3g192120.842	12	439
dpca3g192130.842	12	440
dpca3g192140.842	12	441
dpca3g192150.842	12	442
dpca3g192160.842	12	443
dpca3g192170.842	12	444
dpca3g192190.842	12	445
dpca3g192200.842	12	446
dpca3g192210.842	12	447
dpca3g192220.842	12	448
dpca3g192250.842	12	449
dpca3g192260.842	12	450
dpca3g192280.842	12	451
dpca3g192290.842	12	452
dpca3g192300.842	12	453
dpca3g192310.842	12	454
dpca3g192320.842	12	455
dpca3g192330.842	12	456
dpca3g192340.842	12	457
dpca3g192350.842	12	458
dpca3g192360.842	12	459
dpca3g192370.842	12	460
dpca3g192380.842	12	461
dpca3g192390.842	12	462
dpca3g192410.842	12	463
dpca3g192420.842	12	464
dpca3g192430.842	12	465
dpca3g192440.842	12	466
dpca3g192450.842	12	467
dpca3g192470.842	12	468
dpca3g192480.842	12	469
dpca3g192490.842	12	470
dpca3g192510.842	12	471
dpca3g192520.842	12	472
dpca3g192530.842	12	473
dpca3g192590.842	12	474
dpca3g192610.842	12	475
dpca3g192620.842	12	476
dpca3g192630.842	12	477
dpca3g192640.842	12	478
dpca3g192650.842	12	479
dpca3g192660.842	12	480
dpca3g192670.842	12	481
dpca3g192690.842	12	482
dpca3g192700.842	12	483
dpca3g192710.842	12	484
dpca3g192720.842	12	485
dpca3g192730.842	12	486
dpca3g192740.842	12	487
dpca3g192750.842	12	488
dpca3g192770.842	12	489
dpca3g192780.842	12	490
dpca3g192790.842	12	491
dpca3g192800.842	12	492
dpca3g192820.842	12	493
dpca3g192830.842	12	494
dpca3g192840.842	12	495
dpca3g192850.842	12	496
dpca3g192860.842	12	497
dpca3g192870.842	12	498
dpca3g192880.842	12	499
dpca3g192890.842	12	500
dpca3g192910.842	12	501
dpca3g192920.842	12	502
dpca3g192930.842	12	503
dpca3g192940.842	12	504
dpca3g192950.842	12	505
dpca3g192970.842	12	506
dpca3g192980.842	12	507
dpca3g193000.842	12	508
dpca3g193010.842	12	509
dpca3g193020.842	12	510
dpca3g193030.842	12	511
dpca3g193070.842	12	512
dpca3g193080.842	12	513
dpca3g193090.842	12	514
dpca3g193100.842	12	515
dpca3g193120.842	12	516
dpca3g193130.842	12	517
dpca3g193150.842	12	518
dpca3g193160.842	12	519
dpca3g193170.842	12	520
dpca3g193180.842	12	521
dpca3g193190.842	12	522
dpca3g193200.842	12	523
dpca3g193210.842	12	524
dpca3g193220.842	12	525
dpca3g193230.842	12	526
dpca3g193240.842	12	527
dpca3g193250.842	12	528
dpca3g193260.842	12	529
dpca3g193270.842	12	530
dpca3g193290.842	12	531
dpca3g193300.842	12	532
dpca3g193310.842	12	533
dpca3g193320.842	12	534
dpca3g193330.842	12	535
dpca3g193340.842	12	536
dpca3g193350.842	12	537
dpca3g193360.842	12	538
dpca3g193370.842	12	539
dpca3g193380.842	12	540
dpca3g193390.842	12	541
dpca3g193400.842	12	542
dpca3g193410.842	12	543
dpca3g193420.842	12	544
dpca3g193440.842	12	545
dpca3g193450.842	12	546
dpca3g193460.842	12	547
dpca3g193470.842	12	548
dpca3g193480.842	12	549
dpca3g193520.842	12	550
dpca3g193530.842	12	551
dpca3g193540.842	12	552
dpca3g193580.842	12	553
dpca3g193590.842	12	554
dpca3g193600.842	12	555
dpca3g193610.842	12	556
dpca3g193620.842	12	557
dpca3g193630.842	12	558
dpca3g193640.842	12	559
dpca3g193670.842	12	560
dpca3g193700.842	12	561
dpca3g193710.842	12	562
dpca3g193730.842	12	563
dpca3g193740.842	12	564
dpca3g193750.842	12	565
dpca3g193760.842	12	566
dpca3g193770.842	12	567
dpca3g193780.842	12	568
dpca3g193790.842	12	569
dpca3g193810.842	12	570
dpca3g193820.842	12	571
dpca3g193830.842	12	572
dpca3g193840.842	12	573
dpca3g193850.842	12	574
dpca3g193860.842	12	575
dpca3g193870.842	12	576
dpca3g193880.842	12	577
dpca3g193900.842	12	578
dpca3g193910.842	12	579
dpca3g193920.842	12	580
dpca3g193930.842	12	581
dpca3g193940.842	12	582
dpca3g193960.842	12	583
dpca3g193970.842	12	584
dpca3g193980.842	12	585
dpca3g193990.842	12	586
dpca3g194000.842	12	587
dpca3g194030.842	12	588
dpca3g194040.842	12	589
dpca3g194050.842	12	590
dpca3g194060.842	12	591
dpca3g194070.842	12	592
dpca3g194080.842	12	593
dpca3g194090.842	12	594
dpca3g194110.842	12	595
dpca3g194120.842	12	596
dpca3g194130.842	12	597
dpca3g194140.842	12	598
dpca3g194150.842	12	599
dpca3g194160.842	12	600
dpca3g194170.842	12	601
dpca3g194190.842	12	602
dpca3g194200.842	12	603
dpca3g194220.842	12	604
dpca3g194230.842	12	605
dpca3g194240.842	12	606
dpca3g194250.842	12	607
dpca3g194260.842	12	608
dpca3g194270.842	12	609
dpca3g194280.842	12	610
dpca3g194290.842	12	611
dpca3g194320.842	12	612
dpca3g194330.842	12	613
dpca3g194340.842	12	614
dpca3g194360.842	12	615
dpca3g194370.842	12	616
dpca3g194380.842	12	617
dpca3g194390.842	12	618
dpca3g194410.842	12	619
dpca3g194420.842	12	620
dpca3g194430.842	12	621
dpca3g194440.842	12	622
dpca3g194450.842	12	623
dpca3g194460.842	12	624
dpca3g194470.842	12	625
dpca3g194490.842	12	626
dpca3g194510.842	12	627
dpca3g194520.842	12	628
dpca3g194550.842	12	629
dpca3g194570.842	12	630
dpca3g194590.842	12	631
dpca3g194600.842	12	632
dpca3g194610.842	12	633
dpca3g194620.842	12	634
dpca3g194660.842	12	635
dpca3g194670.842	12	636
dpca3g194690.842	12	637
dpca3g194700.842	12	638
dpca3g194710.842	12	639
dpca3g194720.842	12	640
dpca3g194730.842	12	641
dpca3g194750.842	12	642
dpca3g194760.842	12	643
dpca3g194780.842	12	644
dpca3g194790.842	12	645
dpca3g194800.842	12	646
dpca3g194810.842	12	647
dpca3g194820.842	12	648
dpca3g194830.842	12	649
dpca3g194840.842	12	650
dpca3g194850.842	12	651
dpca3g194860.842	12	652
dpca3g194870.842	12	653
dpca3g194880.842	12	654
dpca3g194890.842	12	655
dpca3g194900.842	12	656
dpca3g194910.842	12	657
dpca3g194920.842	12	658
dpca3g194930.842	12	659
dpca3g194940.842	12	660
dpca3g194950.842	12	661
dpca3g194960.842	12	662
dpca3g194970.842	12	663
dpca3g194980.842	12	664
dpca3g194990.842	12	665
dpca3g195000.842	12	666
dpca3g195010.842	12	667
dpca3g195040.842	12	668
dpca3g195050.842	12	669
dpca3g195060.842	12	670
dpca3g195070.842	12	671
dpca3g195080.842	12	672
dpca3g195090.842	12	673
dpca3g195100.842	12	674
dpca3g195110.842	12	675
dpca3g195120.842	12	676
dpca3g195130.842	12	677
dpca3g195140.842	12	678
dpca3g195150.842	12	679
dpca3g195160.842	12	680
dpca3g195170.842	12	681
dpca3g195180.842	12	682
dpca3g195190.842	12	683
dpca3g195210.842	12	684
dpca3g195220.842	12	685
dpca3g195230.842	12	686
dpca3g195250.842	12	687
dpca3g195260.842	12	688
dpca3g195270.842	12	689
dpca3g195280.842	12	690
dpca3g195290.842	12	691
dpca3g195300.842	12	692
dpca3g195310.842	12	693
dpca3g195330.842	12	694
dpca3g195340.842	12	695
dpca3g195350.842	12	696
dpca3g195360.842	12	697
dpca3g195380.842	12	698
dpca3g195390.842	12	699
dpca3g195400.842	12	700
dpca3g195440.842	12	701
dpca3g195450.842	12	702
dpca3g195460.842	12	703
dpca3g195470.842	12	704
dpca3g195480.842	12	705
dpca3g195490.842	12	706
dpca3g195500.842	12	707
dpca3g195510.842	12	708
dpca3g195530.842	12	709
dpca3g195540.842	12	710
dpca3g195550.842	12	711
dpca3g195560.842	12	712
dpca3g195580.842	12	713
dpca3g195590.842	12	714
dpca3g195600.842	12	715
dpca3g195610.842	12	716
dpca3g195620.842	12	717
dpca3g195630.842	12	718
dpca3g195640.842	12	719
dpca3g195650.842	12	720
dpca3g195660.842	12	721
dpca3g195670.842	12	722
dpca3g195680.842	12	723
dpca3g195700.842	12	724
dpca3g195710.842	12	725
dpca3g195720.842	12	726
dpca3g195740.842	12	727
dpca3g195760.842	12	728
dpca3g195790.842	12	729
dpca3g195800.842	12	730
dpca3g195810.842	12	731
dpca3g195830.842	12	732
dpca3g195840.842	12	733
dpca3g195850.842	12	734
dpca3g195860.842	12	735
dpca3g195870.842	12	736
dpca3g195880.842	12	737
dpca3g195890.842	12	738
dpca3g195900.842	12	739
dpca3g195920.842	12	740
dpca3g195930.842	12	741
dpca3g195970.842	12	742
dpca3g195990.842	12	743
dpca3g196000.842	12	744
dpca3g196010.842	12	745
dpca3g196020.842	12	746
dpca3g196030.842	12	747
dpca3g196040.842	12	748
dpca3g196060.842	12	749
dpca3g196070.842	12	750
dpca3g196090.842	12	751
dpca3g196100.842	12	752
dpca3g196110.842	12	753
dpca3g196120.842	12	754
dpca3g196130.842	12	755
dpca3g196140.842	12	756
dpca3g196150.842	12	757
dpca3g196160.842	12	758
dpca3g196190.842	12	759
dpca3g196200.842	12	760
dpca3g196210.842	12	761
dpca3g196220.842	12	762
dpca3g196230.842	12	763
dpca3g196240.842	12	764
dpca3g196250.842	12	765
dpca3g196260.842	12	766
dpca3g196280.842	12	767
dpca3g196290.842	12	768
dpca3g196300.842	12	769
dpca3g196310.842	12	770
dpca3g196320.842	12	771
dpca3g196330.842	12	772
dpca3g196350.842	12	773
dpca3g196380.842	12	774
dpca3g196390.842	12	775
dpca3g196400.842	12	776
dpca3g196410.842	12	777
dpca3g196420.842	12	778
dpca3g196430.842	12	779
dpca3g196440.842	12	780
dpca3g196450.842	12	781
dpca3g196480.842	12	782
dpca3g196490.842	12	783
dpca3g196500.842	12	784
dpca3g196510.842	12	785
dpca3g196520.842	12	786
dpca3g196530.842	12	787
dpca3g196540.842	12	788
dpca3g196550.842	12	789
dpca3g196560.842	12	790
dpca3g196580.842	12	791
dpca3g196590.842	12	792
dpca3g196610.842	12	793
dpca3g196620.842	12	794
dpca3g196630.842	12	795
dpca3g196640.842	12	796
dpca3g196650.842	12	797
dpca3g196660.842	12	798
dpca3g196670.842	12	799
dpca3g196710.842	12	800
dpca3g196720.842	12	801
dpca3g196730.842	12	802
dpca3g196740.842	12	803
dpca3g196760.842	12	804
dpca3g196770.842	12	805
dpca3g196780.842	12	806
dpca3g196790.842	12	807
dpca3g196800.842	12	808
dpca3g196810.842	12	809
dpca3g196820.842	12	810
dpca3g196830.842	12	811
dpca3g196840.842	12	812
dpca3g196850.842	12	813
dpca3g196860.842	12	814
dpca3g196870.842	12	815
dpca3g196890.842	12	816
dpca3g196900.842	12	817
dpca3g196910.842	12	818
dpca3g196920.842	12	819
dpca3g196930.842	12	820
dpca3g196940.842	12	821
dpca3g196950.842	12	822
dpca3g196960.842	12	823
dpca3g196970.842	12	824
dpca3g196980.842	12	825
dpca3g197000.842	12	826
dpca3g197010.842	12	827
dpca3g197020.842	12	828
dpca3g197030.842	12	829
dpca3g197040.842	12	830
dpca3g197050.842	12	831
dpca3g197060.842	12	832
dpca3g197070.842	12	833
dpca3g197080.842	12	834
dpca3g197090.842	12	835
dpca3g197100.842	12	836
dpca3g197110.842	12	837
dpca3g197130.842	12	838
dpca3g197140.842	12	839
dpca3g197150.842	12	840
dpca3g197160.842	12	841
dpca3g197170.842	12	842
dpca3g197180.842	12	843
dpca3g197200.842	12	844
dpca3g197210.842	12	845
dpca3g197220.842	12	846
dpca3g197240.842	12	847
dpca3g197250.842	12	848
dpca3g197290.842	12	849
dpca3g197300.842	12	850
dpca3g197320.842	12	851
dpca3g197350.842	12	852
dpca3g197360.842	12	853
dpca3g197370.842	12	854
dpca3g197380.842	12	855
dpca3g197390.842	12	856
dpca3g197400.842	12	857
dpca3g197420.842	12	858
dpca3g197430.842	12	859
dpca3g197440.842	12	860
dpca3g197450.842	12	861
dpca3g197460.842	12	862
dpca3g197470.842	12	863
dpca3g197480.842	12	864
dpca3g197500.842	12	865
dpca3g197510.842	12	866
dpca3g197520.842	12	867
dpca3g197540.842	12	868
dpca3g197550.842	12	869
dpca3g197560.842	12	870
dpca3g197570.842	12	871
dpca3g197580.842	12	872
dpca3g197600.842	12	873
dpca3g197610.842	12	874
dpca3g197640.842	12	875
dpca3g197650.842	12	876
dpca3g197660.842	12	877
dpca3g197670.842	12	878
dpca3g197680.842	12	879
dpca3g197690.842	12	880
dpca3g197720.842	12	881
dpca3g197730.842	12	882
dpca3g197740.842	12	883
dpca3g197750.842	12	884
dpca3g197760.842	12	885
dpca3g197770.842	12	886
dpca3g197780.842	12	887
dpca3g197790.842	12	888
dpca3g197800.842	12	889
dpca3g197810.842	12	890
dpca3g197820.842	12	891
dpca3g197830.842	12	892
dpca3g197840.842	12	893
dpca3g197850.842	12	894
dpca3g197860.842	12	895
dpca3g197870.842	12	896
dpca3g197880.842	12	897
dpca3g197890.842	12	898
dpca3g197900.842	12	899
dpca3g197910.842	12	900
dpca3g197920.842	12	901
dpca3g197940.842	12	902
dpca3g197950.842	12	903
dpca3g197960.842	12	904
dpca3g197970.842	12	905
dpca3g197980.842	12	906
dpca3g198010.842	12	907
dpca3g198040.842	12	908
dpca3g198060.842	12	909
dpca3g198080.842	12	910
dpca3g198110.842	12	911
dpca3g198120.842	12	912
dpca3g198130.842	12	913
dpca3g198140.842	12	914
dpca3g198160.842	12	915
dpca3g198190.842	12	916
dpca3g198210.842	12	917
dpca3g198230.842	12	918
dpca3g198240.842	12	919
dpca3g198250.842	12	920
dpca3g198270.842	12	921
dpca3g198340.842	12	922
dpca3g198390.842	12	923
dpca3g198400.842	12	924
dpca3g198420.842	12	925
dpca3g198430.842	12	926
dpca3g198470.842	12	927
dpca3g198480.842	12	928
dpca3g198490.842	12	929
dpca3g198500.842	12	930
dpca3g198520.842	12	931
dpca3g198540.842	12	932
dpca3g198550.842	12	933
dpca3g198570.842	12	934
dpca3g198580.842	12	935
dpca3g198590.842	12	936
dpca3g198600.842	12	937
dpca3g198630.842	12	938
dpca3g198650.842	12	939
dpca3g198670.842	12	940
dpca3g198680.842	12	941
dpca3g198700.842	12	942
dpca3g198710.842	12	943
dpca3g198720.842	12	944
dpca3g198730.842	12	945
dpca3g198740.842	12	946
dpca3g198750.842	12	947
dpca3g198760.842	12	948
dpca3g198780.842	12	949
dpca3g198810.842	12	950
dpca3g198830.842	12	951
dpca3g198860.842	12	952
dpca3g198870.842	12	953
dpca3g198880.842	12	954
dpca3g198890.842	12	955
dpca3g198910.842	12	956
dpca3g198920.842	12	957
dpca3g198930.842	12	958
dpca3g198950.842	12	959
dpca3g198990.842	12	960
dpca3g199000.842	12	961
dpca3g199010.842	12	962
dpca3g199030.842	12	963
dpca3g199040.842	12	964
dpca3g199060.842	12	965
dpca3g199070.842	12	966
dpca3g199080.842	12	967
dpca3g199090.842	12	968
dpca3g199100.842	12	969
dpca3g199110.842	12	970
dpca3g199120.842	12	971
dpca3g199130.842	12	972
dpca3g199140.842	12	973
dpca3g199150.842	12	974
dpca3g199160.842	12	975
dpca3g199190.842	12	976
dpca3g199200.842	12	977
dpca3g199210.842	12	978
dpca3g199230.842	12	979
dpca3g199240.842	12	980
dpca3g199250.842	12	981
dpca3g199260.842	12	982
dpca3g199270.842	12	983
dpca3g199280.842	12	984
dpca3g199300.842	12	985
dpca3g199310.842	12	986
dpca3g199320.842	12	987
dpca3g199330.842	12	988
dpca3g199340.842	12	989
dpca3g199350.842	12	990
dpca3g199370.842	12	991
dpca3g199390.842	12	992
dpca3g199400.842	12	993
dpca3g199410.842	12	994
dpca3g199440.842	12	995
dpca3g199460.842	12	996
dpca3g199490.842	12	997
dpca3g199500.842	12	998
dpca3g199520.842	12	999
dpca3g199540.842	12	1000
dpca3g199550.842	12	1001
dpca3g199560.842	12	1002
dpca3g199580.842	12	1003
dpca3g199590.842	12	1004
dpca3g199600.842	12	1005
dpca3g199610.842	12	1006
dpca3g199620.842	12	1007
dpca3g199630.842	12	1008
dpca3g199640.842	12	1009
dpca3g199650.842	12	1010
dpca3g199660.842	12	1011
dpca3g199670.842	12	1012
dpca3g199680.842	12	1013
dpca3g199690.842	12	1014
dpca3g199700.842	12	1015
dpca3g199710.842	12	1016
dpca3g199720.842	12	1017
dpca3g199730.842	12	1018
dpca3g199740.842	12	1019
dpca3g199750.842	12	1020
dpca3g199760.842	12	1021
dpca3g199770.842	12	1022
dpca3g199780.842	12	1023
dpca3g199800.842	13	0
dpca3g199820.842	13	1
dpca3g199830.842	13	2
dpca3g199840.842	13	3
dpca3g199870.842	13	4
dpca3g199880.842	13	5
dpca3g199890.842	13	6
dpca3g199900.842	13	7
dpca3g199920.842	13	8
dpca3g199930.842	13	9
dpca3g199940.842	13	10
dpca3g199960.842	13	11
dpca3g199970.842	13	12
dpca3g199980.842	13	13
dpca3g200000.842	13	14
dpca3g200020.842	13	15
dpca3g200030.842	13	16
dpca3g200060.842	13	17
dpca3g200070.842	13	18
dpca3g200080.842	13	19
dpca3g200090.842	13	20
dpca3g200100.842	13	21
dpca3g200130.842	13	22
dpca3g200140.842	13	23
dpca3g200150.842	13	24
dpca3g200170.842	13	25
dpca3g200190.842	13	26
dpca3g200200.842	13	27
dpca3g200210.842	13	28
dpca3g200220.842	13	29
dpca3g200230.842	13	30
dpca3g200250.842	13	31
dpca3g200260.842	13	32
dpca3g200270.842	13	33
dpca3g200280.842	13	34
dpca3g200290.842	13	35
dpca3g200300.842	13	36
dpca3g200310.842	13	37
dpca3g200320.842	13	38
dpca3g200330.842	13	39
dpca3g200340.842	13	40
dpca3g200370.842	13	41
dpca3g200380.842	13	42
dpca3g200390.842	13	43
dpca3g200400.842	13	44
dpca3g200410.842	13	45
dpca3g200420.842	13	46
dpca3g200430.842	13	47
dpca3g200440.842	13	48
dpca3g200470.842	13	49
dpca3g200480.842	13	50
dpca3g200490.842	13	51
dpca3g200510.842	13	52
dpca3g200530.842	13	53
dpca3g200540.842	13	54
dpca3g200550.842	13	55
dpca3g200560.842	13	56
dpca3g200570.842	13	57
dpca3g200580.842	13	58
dpca3g200590.842	13	59
dpca3g200600.842	13	60
dpca3g200610.842	13	61
dpca3g200620.842	13	62
dpca3g200650.842	13	63
dpca3g200660.842	13	64
dpca3g200670.842	13	65
dpca3g200680.842	13	66
dpca3g200690.842	13	67
dpca3g200700.842	13	68
dpca3g200710.842	13	69
dpca3g200730.842	13	70
dpca3g200740.842	13	71
dpca3g200750.842	13	72
dpca3g200770.842	13	73
dpca3g200780.842	13	74
dpca3g200790.842	13	75
dpca3g200800.842	13	76
dpca3g200880.842	13	77
dpca3g200890.842	13	78
dpca3g200900.842	13	79
dpca3g200920.842	13	80
dpca3g200950.842	13	81
dpca3g200970.842	13	82
dpca3g200980.842	13	83
dpca3g200990.842	13	84
dpca3g201000.842	13	85
dpca3g201010.842	13	86
dpca3g201020.842	13	87
dpca3g201030.842	13	88
dpca3g201050.842	13	89
dpca3g201070.842	13	90
dpca3g201080.842	13	91
dpca3g201100.842	13	92
dpca3g201110.842	13	93
dpca3g201120.842	13	94
dpca3g201180.842	13	95
dpca3g201190.842	13	96
dpca3g201200.842	13	97
dpca3g201210.842	13	98
dpca3g201240.842	13	99
dpca3g201250.842	13	100
dpca3g201270.842	13	101
dpca3g201280.842	13	102
dpca3g201290.842	13	103
dpca3g201310.842	13	104
dpca3g201320.842	13	105
dpca3g201340.842	13	106
dpca3g201350.842	13	107
dpca3g201360.842	13	108
dpca3g201370.842	13	109
dpca3g201380.842	13	110
dpca3g201390.842	13	111
dpca3g201400.842	13	112
dpca3g201410.842	13	113
dpca3g201430.842	13	114
dpca3g201440.842	13	115
dpca3g201470.842	13	116
dpca3g201480.842	13	117
dpca3g201520.842	13	118
dpca3g201540.842	13	119
dpca3g201550.842	13	120
dpca3g201560.842	13	121
dpca3g201570.842	13	122
dpca3g201580.842	13	123
dpca3g201590.842	13	124
dpca3g201600.842	13	125
dpca3g201610.842	13	126
dpca3g201620.842	13	127
dpca3g201630.842	13	128
dpca3g201640.842	13	129
dpca3g201660.842	13	130
dpca3g201700.842	13	131
dpca3g201720.842	13	132
dpca3g201730.842	13	133
dpca3g201750.842	13	134
dpca3g201760.842	13	135
dpca3g201770.842	13	136
dpca3g201780.842	13	137
dpca3g201790.842	13	138
dpca3g201800.842	13	139
dpca3g201830.842	13	140
dpca3g201840.842	13	141
dpca3g201850.842	13	142
dpca3g201860.842	13	143
dpca3g201870.842	13	144
dpca3g201900.842	13	145
dpca3g201910.842	13	146
dpca3g201920.842	13	147
dpca3g201940.842	13	148
dpca3g201950.842	13	149
dpca3g201960.842	13	150
dpca3g201970.842	13	151
dpca3g201980.842	13	152
dpca3g202010.842	13	153
dpca3g202050.842	13	154
dpca3g202060.842	13	155
dpca3g202070.842	13	156
dpca3g202080.842	13	157
dpca3g202090.842	13	158
dpca3g202100.842	13	159
dpca3g202120.842	13	160
dpca3g202130.842	13	161
dpca3g202150.842	13	162
dpca3g202170.842	13	163
dpca3g202180.842	13	164
dpca3g202190.842	13	165
dpca3g202230.842	13	166
dpca3g202240.842	13	167
dpca3g202250.842	13	168
dpca3g202260.842	13	169
dpca3g202270.842	13	170
dpca3g202290.842	13	171
dpca3g202310.842	13	172
dpca3g202320.842	13	173
dpca3g202330.842	13	174
dpca3g202350.842	13	175
dpca3g202360.842	13	176
dpca3g202370.842	13	177
dpca3g202380.842	13	178
dpca3g202400.842	13	179
dpca3g202410.842	13	180
dpca3g202440.842	13	181
dpca3g202470.842	13	182
dpca3g202480.842	13	183
dpca3g202490.842	13	184
dpca3g202520.842	13	185
dpca3g202530.842	13	186
dpca3g202540.842	13	187
dpca3g202560.842	13	188
dpca3g202570.842	13	189
dpca3g202580.842	13	190
dpca3g202590.842	13	191
dpca3g202600.842	13	192
dpca3g202610.842	13	193
dpca3g202620.842	13	194
dpca3g202630.842	13	195
dpca3g202640.842	13	196
dpca3g202650.842	13	197
dpca3g202670.842	13	198
dpca3g202690.842	13	199
dpca3g202700.842	13	200
dpca3g202720.842	13	201
dpca3g202760.842	13	202
dpca3g202770.842	13	203
dpca3g202800.842	13	204
dpca3g202810.842	13	205
dpca3g202820.842	13	206
dpca3g202840.842	13	207
dpca3g202850.842	13	208
dpca3g202860.842	13	209
dpca3g202870.842	13	210
dpca3g202880.842	13	211
dpca3g202930.842	13	212
dpca3g202940.842	13	213
dpca3g202960.842	13	214
dpca3g202970.842	13	215
dpca3g202980.842	13	216
dpca3g202990.842	13	217
dpca3g203000.842	13	218
dpca3g203010.842	13	219
dpca3g203030.842	13	220
dpca3g203040.842	13	221
dpca3g203050.842	13	222
dpca3g203060.842	13	223
dpca3g203070.842	13	224
dpca3g203080.842	13	225
dpca3g203090.842	13	226
dpca3g203120.842	13	227
dpca3g203140.842	13	228
dpca3g203180.842	13	229
dpca3g203260.842	13	230
dpca3g203270.842	13	231
dpca3g203280.842	13	232
dpca3g203290.842	13	233
dpca3g203310.842	13	234
dpca3g203360.842	13	235
dpca3g203380.842	13	236
dpca3g203390.842	13	237
dpca3g203400.842	13	238
dpca3g203410.842	13	239
dpca3g203420.842	13	240
dpca3g203430.842	13	241
dpca3g203440.842	13	242
dpca3g203450.842	13	243
dpca3g203460.842	13	244
dpca3g203470.842	13	245
dpca3g203480.842	13	246
dpca3g203490.842	13	247
dpca3g203500.842	13	248
dpca3g203510.842	13	249
dpca3g203520.842	13	250
dpca3g203530.842	13	251
dpca3g203540.842	13	252
dpca3g203550.842	13	253
dpca3g203560.842	13	254
dpca3g203570.842	13	255
dpca3g203580.842	13	256
dpca3g203590.842	13	257
dpca3g203600.842	13	258
dpca3g203610.842	13	259
dpca3g203620.842	13	260
dpca3g203630.842	13	261
dpca3g203640.842	13	262
dpca3g203650.842	13	263
dpca3g203660.842	13	264
dpca3g203680.842	13	265
dpca3g203710.842	13	266
dpca3g203720.842	13	267
dpca3g203730.842	13	268
dpca3g203740.842	13	269
dpca3g203760.842	13	270
dpca3g203770.842	13	271
dpca3g203800.842	13	272
dpca3g203820.842	13	273
dpca3g203830.842	13	274
dpca3g203840.842	13	275
dpca3g203850.842	13	276
dpca3g203860.842	13	277
dpca3g203870.842	13	278
dpca3g203880.842	13	279
dpca3g203890.842	13	280
dpca3g203920.842	13	281
dpca3g203940.842	13	282
dpca3g203950.842	13	283
dpca3g203960.842	13	284
dpca3g203970.842	13	285
dpca3g203980.842	13	286
dpca3g203990.842	13	287
dpca3g204000.842	13	288
dpca3g204010.842	13	289
dpca3g204020.842	13	290
dpca3g204030.842	13	291
dpca3g204040.842	13	292
dpca3g204050.842	13	293
dpca3g204060.842	13	294
dpca3g204120.842	13	295
dpca3g204130.842	13	296
dpca3g204140.842	13	297
dpca3g204190.842	13	298
dpca3g204200.842	13	299
dpca3g204210.842	13	300
dpca3g204230.842	13	301
dpca3g204240.842	13	302
dpca3g204250.842	13	303
dpca3g204260.842	13	304
dpca3g204280.842	13	305
dpca3g204290.842	13	306
dpca3g204310.842	13	307
dpca3g204320.842	13	308
dpca3g204330.842	13	309
dpca3g204340.842	13	310
dpca3g204350.842	13	311
dpca3g204370.842	13	312
dpca3g204390.842	13	313
dpca3g204410.842	13	314
dpca3g204440.842	13	315
dpca3g204480.842	13	316
dpca3g204500.842	13	317
dpca3g204520.842	13	318
dpca3g204530.842	13	319
dpca3g204540.842	13	320
dpca3g204550.842	13	321
dpca3g204560.842	13	322
dpca3g204570.842	13	323
dpca3g204580.842	13	324
dpca3g204590.842	13	325
dpca3g204600.842	13	326
dpca3g204610.842	13	327
dpca3g204620.842	13	328
dpca3g204630.842	13	329
dpca3g204640.842	13	330
dpca3g204660.842	13	331
dpca3g204680.842	13	332
dpca3g204720.842	13	333
dpca3g204750.842	13	334
dpca3g204780.842	13	335
dpca3g204790.842	13	336
dpca3g204800.842	13	337
dpca3g204810.842	13	338
dpca3g204830.842	13	339
dpca3g204860.842	13	340
dpca3g204870.842	13	341
dpca3g204880.842	13	342
dpca3g204910.842	13	343
dpca3g204920.842	13	344
dpca3g204940.842	13	345
dpca3g204950.842	13	346
dpca3g204960.842	13	347
dpca3g204970.842	13	348
dpca3g205090.842	13	349
dpca3g205100.842	13	350
dpca3g205120.842	13	351
dpca3g205130.842	13	352
dpca3g205140.842	13	353
dpca3g205220.842	13	354
dpca3g205230.842	13	355
dpca3g205240.842	13	356
dpca3g205290.842	13	357
dpca3g205300.842	13	358
dpca3g205310.842	13	359
dpca3g205320.842	13	360
dpca3g205330.842	13	361
dpca3g205350.842	13	362
dpca3g205360.842	13	363
dpca3g205400.842	13	364
dpca3g205410.842	13	365
dpca3g205430.842	13	366
dpca3g205440.842	13	367
dpca3g205450.842	13	368
dpca3g205460.842	13	369
dpca3g205470.842	13	370
dpca3g205480.842	13	371
dpca3g205490.842	13	372
dpca3g205520.842	13	373
dpca3g205530.842	13	374
dpca3g205590.842	13	375
dpca3g205600.842	13	376
dpca3g205630.842	13	377
dpca3g205660.842	13	378
dpca3g205690.842	13	379
dpca3g205720.842	13	380
dpca3g205770.842	13	381
dpca3g205800.842	13	382
dpca3g205820.842	13	383
dpca3g205830.842	13	384
dpca3g205850.842	13	385
dpca3g205860.842	13	386
dpca3g205870.842	13	387
dpca3g205880.842	13	388
dpca3g205890.842	13	389
dpca3g205910.842	13	390
dpca3g205920.842	13	391
dpca3g205930.842	13	392
dpca3g205950.842	13	393
dpca3g205970.842	13	394
dpca3g205980.842	13	395
dpca3g206000.842	13	396
dpca3g206010.842	13	397
dpca3g206040.842	13	398
dpca3g206050.842	13	399
dpca3g206060.842	13	400
dpca3g206080.842	13	401
dpca3g206120.842	13	402
dpca3g206190.842	13	403
dpca3g206230.842	13	404
dpca3g206240.842	13	405
dpca3g206260.842	13	406
dpca3g206270.842	13	407
dpca3g206280.842	13	408
dpca3g206290.842	13	409
dpca3g206300.842	13	410
dpca3g206310.842	13	411
dpca3g206330.842	13	412
dpca3g206380.842	13	413
dpca3g206400.842	13	414
dpca3g206410.842	13	415
dpca3g206420.842	13	416
dpca3g206440.842	13	417
dpca3g206460.842	13	418
dpca3g206470.842	13	419
dpca3g206480.842	13	420
dpca3g206490.842	13	421
dpca3g206500.842	13	422
dpca3g206530.842	13	423
dpca3g206540.842	13	424
dpca3g206550.842	13	425
dpca3g206560.842	13	426
dpca3g206570.842	13	427
dpca3g206590.842	13	428
dpca3g206600.842	13	429
dpca3g206610.842	13	430
dpca3g206620.842	13	431
dpca3g206630.842	13	432
dpca3g206640.842	13	433
dpca3g206650.842	13	434
dpca3g206660.842	13	435
dpca3g206670.842	13	436
dpca3g206680.842	13	437
dpca3g206690.842	13	438
dpca3g206700.842	13	439
dpca3g206710.842	13	440
dpca3g206720.842	13	441
dpca3g206730.842	13	442
dpca3g206740.842	13	443
dpca3g206750.842	13	444
dpca3g206760.842	13	445
dpca3g206770.842	13	446
dpca3g206780.842	13	447
dpca3g206800.842	13	448
dpca3g206820.842	13	449
dpca3g206850.842	13	450
dpca3g206860.842	13	451
dpca3g206870.842	13	452
dpca3g206880.842	13	453
dpca3g206890.842	13	454
dpca3g206900.842	13	455
dpca3g206910.842	13	456
dpca3g206930.842	13	457
dpca3g206940.842	13	458
dpca3g206960.842	13	459
dpca3g207020.842	13	460
dpca3g207030.842	13	461
dpca3g207040.842	13	462
dpca3g207060.842	13	463
dpca3g207110.842	13	464
dpca3g207120.842	13	465
dpca3g207130.842	13	466
dpca3g207190.842	13	467
dpca3g207280.842	13	468
dpca3g207290.842	13	469
dpca3g207320.842	13	470
dpca3g207350.842	13	471
dpca3g207370.842	13	472
dpca3g207380.842	13	473
dpca3g207390.842	13	474
dpca3g207400.842	13	475
dpca3g207420.842	13	476
dpca3g207470.842	13	477
dpca3g207520.842	13	478
dpca3g207530.842	13	479
dpca3g207550.842	13	480
dpca3g207580.842	13	481
dpca3g207620.842	13	482
dpca3g207630.842	13	483
dpca3g207690.842	13	484
dpca3g207700.842	13	485
dpca3g207760.842	13	486
dpca3g207780.842	13	487
dpca3g207790.842	13	488
dpca3g207800.842	13	489
dpca3g207810.842	13	490
dpca3g207840.842	13	491
dpca3g207850.842	13	492
dpca3g207860.842	13	493
dpca3g207870.842	13	494
dpca3g207880.842	13	495
dpca3g207890.842	13	496
dpca3g207900.842	13	497
dpca3g207910.842	13	498
dpca3g207920.842	13	499
dpca3g207930.842	13	500
dpca3g207940.842	13	501
dpca3g207980.842	13	502
dpca3g208000.842	13	503
dpca3g208020.842	13	504
dpca3g208060.842	13	505
dpca3g208070.842	13	506
dpca3g208080.842	13	507
dpca3g208090.842	13	508
dpca3g208100.842	13	509
dpca3g208110.842	13	510
dpca3g208120.842	13	511
dpca3g208140.842	13	512
dpca3g208150.842	13	513
dpca3g208160.842	13	514
dpca3g208170.842	13	515
dpca3g208180.842	13	516
dpca3g208190.842	13	517
dpca3g208200.842	13	518
dpca3g208210.842	13	519
dpca3g208220.842	13	520
dpca3g208230.842	13	521
dpca3g208250.842	13	522
dpca3g208260.842	13	523
dpca3g208270.842	13	524
dpca3g208280.842	13	525
dpca3g208290.842	13	526
dpca3g208300.842	13	527
dpca3g208310.842	13	528
dpca3g208320.842	13	529
dpca3g208330.842	13	530
dpca3g208340.842	13	531
dpca3g208350.842	13	532
dpca3g208360.842	13	533
dpca3g208370.842	13	534
dpca3g208380.842	13	535
dpca3g208390.842	13	536
dpca3g208400.842	13	537
dpca3g208410.842	13	538
dpca3g208430.842	13	539
dpca3g208440.842	13	540
dpca3g208460.842	13	541
dpca3g208470.842	13	542
dpca3g208480.842	13	543
dpca3g208490.842	13	544
dpca3g208500.842	13	545
dpca3g208520.842	13	546
dpca3g208530.842	13	547
dpca3g208540.842	13	548
dpca3g208550.842	13	549
dpca3g208560.842	13	550
dpca3g208570.842	13	551
dpca3g208580.842	13	552
dpca3g208610.842	13	553
dpca3g208620.842	13	554
dpca3g208630.842	13	555
dpca3g208650.842	13	556
dpca3g208680.842	13	557
dpca3g208700.842	13	558
dpca3g208710.842	13	559
dpca3g208720.842	13	560
dpca3g208730.842	13	561
dpca3g208750.842	13	562
dpca3g208760.842	13	563
dpca3g208770.842	13	564
dpca3g208780.842	13	565
dpca3g208790.842	13	566
dpca3g208800.842	13	567
dpca3g208810.842	13	568
dpca3g208840.842	13	569
dpca3g208850.842	13	570
dpca3g208860.842	13	571
dpca3g208870.842	13	572
dpca3g208880.842	13	573
dpca3g208890.842	13	574
dpca3g208920.842	13	575
dpca3g208930.842	13	576
dpca3g208980.842	13	577
dpca3g208990.842	13	578
dpca3g209000.842	13	579
dpca3g209010.842	13	580
dpca3g209020.842	13	581
dpca3g209030.842	13	582
dpca3g209050.842	13	583
dpca3g209060.842	13	584
dpca3g209070.842	13	585
dpca3g209080.842	13	586
dpca3g209090.842	13	587
dpca3g209100.842	13	588
dpca3g209110.842	13	589
dpca3g209120.842	13	590
dpca3g209130.842	13	591
dpca3g209140.842	13	592
dpca3g209150.842	13	593
dpca3g209160.842	13	594
dpca3g209170.842	13	595
dpca3g209190.842	13	596
dpca3g209250.842	13	597
dpca3g209260.842	13	598
dpca3g209290.842	13	599
dpca3g209320.842	13	600
dpca3g209340.842	13	601
dpca3g209360.842	13	602
dpca3g209380.842	13	603
dpca3g209390.842	13	604
dpca3g209410.842	13	605
dpca3g209420.842	13	606
dpca3g209430.842	13	607
dpca3g209440.842	13	608
dpca3g209450.842	13	609
dpca3g209470.842	13	610
dpca3g209480.842	13	611
dpca3g209490.842	13	612
dpca3g209500.842	13	613
dpca3g209510.842	13	614
dpca3g209530.842	13	615
dpca3g209550.842	13	616
dpca3g209560.842	13	617
dpca3g209580.842	13	618
dpca3g209600.842	13	619
dpca3g209610.842	13	620
dpca3g209620.842	13	621
dpca3g209630.842	13	622
dpca3g209640.842	13	623
dpca3g209660.842	13	624
dpca3g209670.842	13	625
dpca3g209680.842	13	626
dpca3g209690.842	13	627
dpca3g209700.842	13	628
dpca3g209710.842	13	629
dpca3g209720.842	13	630
dpca3g209740.842	13	631
dpca3g209780.842	13	632
dpca3g209800.842	13	633
dpca3g209820.842	13	634
dpca3g209830.842	13	635
dpca3g209840.842	13	636
dpca3g209850.842	13	637
dpca3g209870.842	13	638
dpca3g209880.842	13	639
dpca3g209890.842	13	640
dpca3g209930.842	13	641
dpca3g209940.842	13	642
dpca3g209950.842	13	643
dpca3g209970.842	13	644
dpca3g209980.842	13	645
dpca3g209990.842	13	646
dpca3g210010.842	13	647
dpca3g210020.842	13	648
dpca3g210030.842	13	649
dpca3g210040.842	13	650
dpca3g210050.842	13	651
dpca3g210070.842	13	652
dpca3g210080.842	13	653
dpca3g210110.842	13	654
dpca3g210130.842	13	655
dpca3g210160.842	13	656
dpca3g210170.842	13	657
dpca3g210190.842	13	658
dpca3g210200.842	13	659
dpca3g210230.842	13	660
dpca3g210240.842	13	661
dpca3g210280.842	13	662
dpca3g210290.842	13	663
dpca3g210300.842	13	664
dpca3g210320.842	13	665
dpca3g210330.842	13	666
dpca3g210350.842	13	667
dpca3g210360.842	13	668
dpca3g210380.842	13	669
dpca3g210390.842	13	670
dpca3g210410.842	13	671
dpca3g210420.842	13	672
dpca3g210440.842	13	673
dpca3g210450.842	13	674
dpca3g210460.842	13	675
dpca3g210470.842	13	676
dpca3g210480.842	13	677
dpca3g210490.842	13	678
dpca3g210500.842	13	679
dpca3g210510.842	13	680
dpca3g210520.842	13	681
dpca3g210530.842	13	682
dpca3g210540.842	13	683
dpca3g210550.842	13	684
dpca3g210560.842	13	685
dpca3g210570.842	13	686
dpca3g210580.842	13	687
dpca3g210590.842	13	688
dpca3g210600.842	13	689
dpca3g210610.842	13	690
dpca3g210620.842	13	691
dpca3g210630.842	13	692
dpca3g210640.842	13	693
dpca3g210650.842	13	694
dpca3g210660.842	13	695
dpca3g210670.842	13	696
dpca3g210690.842	13	697
dpca3g210720.842	13	698
dpca3g210740.842	13	699
dpca3g210760.842	13	700
dpca3g210770.842	13	701
dpca3g210780.842	13	702
dpca3g210790.842	13	703
dpca3g210800.842	13	704
dpca3g210810.842	13	705
dpca3g210820.842	13	706
dpca3g210840.842	13	707
dpca3g210850.842	13	708
dpca3g210860.842	13	709
dpca3g210870.842	13	710
dpca3g210880.842	13	711
dpca3g210900.842	13	712
dpca3g210910.842	13	713
dpca3g210920.842	13	714
dpca3g210930.842	13	715
dpca3g211000.842	13	716
dpca3g211040.842	13	717
dpca3g211060.842	13	718
dpca3g211070.842	13	719
dpca3g211080.842	13	720
dpca3g211090.842	13	721
dpca3g211100.842	13	722
dpca3g211110.842	13	723
dpca3g211120.842	13	724
dpca3g211130.842	13	725
dpca3g211140.842	13	726
dpca3g211150.842	13	727
dpca3g211160.842	13	728
dpca3g211170.842	13	729
dpca3g211180.842	13	730
dpca3g211190.842	13	731
dpca3g211200.842	13	732
dpca3g211220.842	13	733
dpca3g211230.842	13	734
dpca3g211240.842	13	735
dpca3g211250.842	13	736
dpca3g211260.842	13	737
dpca3g211270.842	13	738
dpca3g211280.842	13	739
dpca3g211290.842	13	740
dpca3g211300.842	13	741
dpca3g211310.842	13	742
dpca3g211320.842	13	743
dpca3g211330.842	13	744
dpca3g211380.842	13	745
dpca3g211400.842	13	746
dpca3g211410.842	13	747
dpca3g211420.842	13	748
dpca3g211430.842	13	749
dpca3g211460.842	13	750
dpca3g211470.842	13	751
dpca3g211490.842	13	752
dpca3g211500.842	13	753
dpca3g211510.842	13	754
dpca3g211530.842	13	755
dpca3g211540.842	13	756
dpca3g211550.842	13	757
dpca3g211560.842	13	758
dpca3g211570.842	13	759
dpca3g211580.842	13	760
dpca3g211590.842	13	761
dpca3g211610.842	13	762
dpca3g211620.842	13	763
dpca3g211630.842	13	764
dpca3g211640.842	13	765
dpca3g211650.842	13	766
dpca3g211670.842	13	767
dpca3g211680.842	13	768
dpca3g211690.842	13	769
dpca3g211700.842	13	770
dpca3g211710.842	13	771
dpca3g211720.842	13	772
dpca3g211740.842	13	773
dpca3g211750.842	13	774
dpca3g211760.842	13	775
dpca3g211770.842	13	776
dpca3g211780.842	13	777
dpca3g211790.842	13	778
dpca3g211810.842	13	779
dpca3g211820.842	13	780
dpca3g211830.842	13	781
dpca3g211850.842	13	782
dpca3g211870.842	13	783
dpca3g211880.842	13	784
dpca3g211890.842	13	785
dpca3g211900.842	13	786
dpca3g211910.842	13	787
dpca3g211920.842	13	788
dpca3g211930.842	13	789
dpca3g211940.842	13	790
dpca3g211950.842	13	791
dpca3g211960.842	13	792
dpca3g211970.842	13	793
dpca3g211980.842	13	794
dpca3g211990.842	13	795
dpca3g212000.842	13	796
dpca3g212010.842	13	797
dpca3g212020.842	13	798
dpca3g212030.842	13	799
dpca3g212040.842	13	800
dpca3g212050.842	13	801
dpca3g212070.842	13	802
dpca3g212080.842	13	803
dpca3g212090.842	13	804
dpca3g212100.842	13	805
dpca3g212150.842	13	806
dpca3g212160.842	13	807
dpca3g212170.842	13	808
dpca3g212180.842	13	809
dpca3g212190.842	13	810
dpca3g212200.842	13	811
dpca3g212240.842	13	812
dpca3g212260.842	13	813
dpca3g212270.842	13	814
dpca3g212280.842	13	815
dpca3g212290.842	13	816
dpca3g212300.842	13	817
dpca3g212310.842	13	818
dpca3g212320.842	13	819
dpca3g212330.842	13	820
dpca3g212340.842	13	821
dpca3g212350.842	13	822
dpca3g212370.842	13	823
dpca3g212390.842	13	824
dpca3g212400.842	13	825
dpca3g212410.842	13	826
dpca3g212440.842	13	827
dpca3g212450.842	13	828
dpca3g212470.842	13	829
dpca3g212480.842	13	830
dpca3g212490.842	13	831
dpca3g212510.842	13	832
dpca3g212520.842	13	833
dpca3g212530.842	13	834
dpca3g212540.842	13	835
dpca3g212550.842	13	836
dpca3g212560.842	13	837
dpca3g212570.842	13	838
dpca3g212580.842	13	839
dpca3g212590.842	13	840
dpca3g212620.842	13	841
dpca3g212630.842	13	842
dpca3g212640.842	13	843
dpca3g212650.842	13	844
dpca3g212670.842	13	845
dpca3g212700.842	13	846
dpca3g212740.842	13	847
dpca3g212750.842	13	848
dpca3g212770.842	13	849
dpca3g212780.842	13	850
dpca3g212840.842	13	851
dpca3g212850.842	13	852
dpca3g212860.842	13	853
dpca3g212890.842	13	854
dpca3g212900.842	13	855
dpca3g212920.842	13	856
dpca3g212940.842	13	857
dpca3g213010.842	13	858
dpca3g213020.842	13	859
dpca3g213030.842	13	860
dpca3g213050.842	13	861
dpca3g213060.842	13	862
dpca3g213070.842	13	863
dpca3g213080.842	13	864
dpca3g213090.842	13	865
dpca3g213110.842	13	866
dpca3g213120.842	13	867
dpca3g213140.842	13	868
dpca3g213150.842	13	869
dpca3g213160.842	13	870
dpca3g213170.842	13	871
dpca3g213180.842	13	872
dpca3g213200.842	13	873
dpca3g213210.842	13	874
dpca3g213220.842	13	875
dpca3g213240.842	13	876
dpca3g213270.842	13	877
dpca3g213300.842	13	878
dpca3g213310.842	13	879
dpca3g213320.842	13	880
dpca3g213330.842	13	881
dpca3g213350.842	13	882
dpca3g213360.842	13	883
dpca3g213380.842	13	884
dpca3g213390.842	13	885
dpca3g213400.842	13	886
dpca3g213410.842	13	887
dpca3g213420.842	13	888
dpca3g213430.842	13	889
dpca3g213440.842	13	890
dpca3g213460.842	13	891
dpca3g213480.842	13	892
dpca3g213490.842	13	893
dpca3g213500.842	13	894
dpca3g213510.842	13	895
dpca3g213520.842	13	896
dpca3g213530.842	13	897
dpca3g213550.842	13	898
dpca3g213570.842	13	899
dpca3g213580.842	13	900
dpca3g213590.842	13	901
dpca3g213600.842	13	902
dpca3g213620.842	13	903
dpca3g213630.842	13	904
dpca3g213640.842	13	905
dpca3g213650.842	13	906
dpca3g213670.842	13	907
dpca3g213680.842	13	908
dpca3g213690.842	13	909
dpca3g213700.842	13	910
dpca3g213720.842	13	911
dpca3g213730.842	13	912
dpca3g213740.842	13	913
dpca3g213750.842	13	914
dpca3g213760.842	13	915
dpca3g213770.842	13	916
dpca3g213780.842	13	917
dpca3g213790.842	13	918
dpca3g213800.842	13	919
dpca3g213810.842	13	920
dpca3g213820.842	13	921
dpca3g213840.842	13	922
dpca3g213850.842	13	923
dpca3g213870.842	13	924
dpca3g213900.842	13	925
dpca3g213920.842	13	926
dpca3g213930.842	13	927
dpca3g213940.842	13	928
dpca3g213950.842	13	929
dpca3g213960.842	13	930
dpca3g213970.842	13	931
dpca3g213990.842	13	932
dpca3g214020.842	13	933
dpca3g214040.842	13	934
dpca3g214050.842	13	935
dpca3g214060.842	13	936
dpca3g214080.842	13	937
dpca3g214100.842	13	938
dpca3g214110.842	13	939
dpca3g214120.842	13	940
dpca3g214130.842	13	941
dpca3g214140.842	13	942
dpca3g214150.842	13	943
dpca3g214180.842	13	944
dpca3g214200.842	13	945
dpca3g214230.842	13	946
dpca3g214240.842	13	947
dpca3g214300.842	13	948
dpca3g214310.842	13	949
dpca3g214320.842	13	950
dpca3g214330.842	13	951
dpca3g214340.842	13	952
dpca3g214350.842	13	953
dpca3g214360.842	13	954
dpca3g214370.842	13	955
dpca3g214380.842	13	956
dpca3g214390.842	13	957
dpca3g214400.842	13	958
dpca3g214410.842	13	959
dpca3g214420.842	13	960
dpca3g214440.842	13	961
dpca3g214470.842	13	962
dpca3g214480.842	13	963
dpca3g214500.842	13	964
dpca3g214510.842	13	965
dpca3g214530.842	13	966
dpca3g214540.842	13	967
dpca3g214550.842	13	968
dpca3g214560.842	13	969
dpca3g214570.842	13	970
dpca3g214580.842	13	971
dpca3g214600.842	13	972
dpca3g214610.842	13	973
dpca3g214620.842	13	974
dpca3g214650.842	13	975
dpca3g214670.842	13	976
dpca3g214680.842	13	977
dpca3g214690.842	13	978
dpca3g214700.842	13	979
dpca3g214710.842	13	980
dpca3g214720.842	13	981
dpca3g214730.842	13	982
dpca3g214740.842	13	983
dpca3g214750.842	13	984
dpca3g214780.842	13	985
dpca3g214790.842	13	986
dpca3g214800.842	13	987
dpca3g214820.842	13	988
dpca3g214830.842	13	989
dpca3g214900.842	13	990
dpca3g214910.842	13	991
dpca3g214920.842	13	992
dpca3g214930.842	13	993
dpca3g214940.842	13	994
dpca3g214960.842	13	995
dpca3g215000.842	13	996
dpca3g215010.842	13	997
dpca3g215020.842	13	998
dpca3g215040.842	13	999
dpca3g215060.842	13	1000
dpca3g215080.842	13	1001
dpca3g215100.842	13	1002
dpca3g215110.842	13	1003
dpca3g215170.842	13	1004
dpca3g215190.842	13	1005
dpca3g215210.842	13	1006
dpca3g215220.842	13	1007
dpca3g215240.842	13	1008
dpca3g215250.842	13	1009
dpca3g215270.842	13	1010
dpca3g215280.842	13	1011
dpca3g215290.842	13	1012
dpca3g215300.842	13	1013
dpca3g215320.842	13	1014
dpca3g215390.842	13	1015
dpca3g215400.842	13	1016
dpca3g215420.842	13	1017
dpca3g215430.842	13	1018
dpca3g215460.842	13	1019
dpca3g215470.842	13	1020
dpca3g215480.842	13	1021
dpca3g215490.842	13	1022
dpca3g215500.842	13	1023
dpca3g215510.842	14	0
dpca3g215530.842	14	1
dpca3g215540.842	14	2
dpca3g215640.842	14	3
dpca3g215660.842	14	4
dpca3g215670.842	14	5
dpca3g215680.842	14	6
dpca3g215700.842	14	7
dpca3g215710.842	14	8
dpca3g215720.842	14	9
dpca3g215730.842	14	10
dpca3g215740.842	14	11
dpca3g215770.842	14	12
dpca3g215780.842	14	13
dpca3g215790.842	14	14
dpca3g215800.842	14	15
dpca3g215810.842	14	16
dpca3g215820.842	14	17
dpca3g215830.842	14	18
dpca3g215910.842	14	19
dpca3g215920.842	14	20
dpca3g215930.842	14	21
dpca3g215940.842	14	22
dpca3g215950.842	14	23
dpca3g215960.842	14	24
dpca3g215970.842	14	25
dpca3g215980.842	14	26
dpca3g215990.842	14	27
dpca3g216010.842	14	28
dpca3g216020.842	14	29
dpca3g216040.842	14	30
dpca3g216060.842	14	31
dpca3g216070.842	14	32
dpca3g216090.842	14	33
dpca3g216100.842	14	34
dpca3g216140.842	14	35
dpca3g216150.842	14	36
dpca3g216160.842	14	37
dpca3g216170.842	14	38
dpca3g216190.842	14	39
dpca3g216220.842	14	40
dpca3g216240.842	14	41
dpca3g216260.842	14	42
dpca3g216270.842	14	43
dpca3g216290.842	14	44
dpca3g216310.842	14	45
dpca3g216350.842	14	46
dpca3g216360.842	14	47
dpca3g216370.842	14	48
dpca3g216390.842	14	49
dpca3g216400.842	14	50
dpca3g216410.842	14	51
dpca3g216420.842	14	52
dpca3g216480.842	14	53
dpca3g216490.842	14	54
dpca3g216530.842	14	55
dpca3g216540.842	14	56
dpca3g216560.842	14	57
dpca3g216580.842	14	58
dpca3g216610.842	14	59
dpca3g216620.842	14	60
dpca3g216680.842	14	61
dpca3g216690.842	14	62
dpca3g216700.842	14	63
dpca3g216720.842	14	64
dpca3g216730.842	14	65
dpca3g216740.842	14	66
dpca3g216760.842	14	67
dpca3g216770.842	14	68
dpca3g216780.842	14	69
dpca3g216790.842	14	70
dpca3g216800.842	14	71
dpca3g216810.842	14	72
dpca3g216820.842	14	73
dpca3g216830.842	14	74
dpca3g216850.842	14	75
dpca3g216860.842	14	76
dpca3g216890.842	14	77
dpca3g216900.842	14	78
dpca3g216910.842	14	79
dpca3g216920.842	14	80
dpca3g216930.842	14	81
dpca3g216940.842	14	82
dpca3g216960.842	14	83
dpca3g217010.842	14	84
dpca3g217040.842	14	85
dpca3g217050.842	14	86
dpca3g217060.842	14	87
dpca3g217080.842	14	88
dpca3g217090.842	14	89
dpca3g217100.842	14	90
dpca3g217120.842	14	91
dpca3g217140.842	14	92
dpca3g217150.842	14	93
dpca3g217160.842	14	94
dpca3g217170.842	14	95
dpca3g217180.842	14	96
dpca3g217200.842	14	97
dpca3g217210.842	14	98
dpca3g217230.842	14	99
dpca3g217240.842	14	100
dpca3g217280.842	14	101
dpca3g217310.842	14	102
dpca3g217340.842	14	103
dpca3g217350.842	14	104
dpca3g217360.842	14	105
dpca3g217370.842	14	106
dpca3g217430.842	14	107
dpca3g217440.842	14	108
dpca3g217470.842	14	109
dpca3g217490.842	14	110
dpca3g217500.842	14	111
dpca3g217510.842	14	112
dpca3g217520.842	14	113
dpca3g217550.842	14	114
dpca3g217560.842	14	115
dpca3g217580.842	14	116
dpca3g217630.842	14	117
dpca3g217660.842	14	118
dpca3g217680.842	14	119
dpca3g217690.842	14	120
dpca3g217700.842	14	121
dpca3g217710.842	14	122
dpca3g217720.842	14	123
dpca3g217740.842	14	124
dpca3g217750.842	14	125
dpca3g217760.842	14	126
dpca3g217770.842	14	127
dpca3g217780.842	14	128
dpca3g217790.842	14	129
dpca3g217800.842	14	130
dpca3g217840.842	14	131
dpca3g217860.842	14	132
dpca3g217870.842	14	133
dpca3g217880.842	14	134
dpca3g217890.842	14	135
dpca3g217900.842	14	136
dpca3g217910.842	14	137
dpca3g217920.842	14	138
dpca3g217930.842	14	139
dpca3g217940.842	14	140
dpca3g217950.842	14	141
dpca3g217960.842	14	142
dpca3g217970.842	14	143
dpca3g217980.842	14	144
dpca3g218000.842	14	145
dpca3g218010.842	14	146
dpca3g218020.842	14	147
dpca3g218030.842	14	148
dpca3g218050.842	14	149
dpca3g218060.842	14	150
dpca3g218070.842	14	151
dpca3g218080.842	14	152
dpca3g218090.842	14	153
dpca3g218110.842	14	154
dpca3g218140.842	14	155
dpca3g218170.842	14	156
dpca3g218190.842	14	157
dpca3g218200.842	14	158
dpca3g218220.842	14	159
dpca3g218230.842	14	160
dpca3g218240.842	14	161
dpca3g218250.842	14	162
dpca3g218260.842	14	163
dpca3g218270.842	14	164
dpca3g218280.842	14	165
dpca3g218300.842	14	166
dpca3g218350.842	14	167
dpca3g218360.842	14	168
dpca3g218400.842	14	169
dpca3g218430.842	14	170
dpca3g218440.842	14	171
dpca3g218450.842	14	172
dpca3g218460.842	14	173
dpca3g218490.842	14	174
dpca3g218500.842	14	175
dpca3g218510.842	14	176
dpca3g218550.842	14	177
dpca3g218560.842	14	178
dpca3g218580.842	14	179
dpca3g218590.842	14	180
dpca3g218600.842	14	181
dpca3g218610.842	14	182
dpca3g218640.842	14	183
dpca3g218650.842	14	184
dpca3g218660.842	14	185
dpca3g218680.842	14	186
dpca3g218690.842	14	187
dpca3g218720.842	14	188
dpca3g218760.842	14	189
dpca3g218790.842	14	190
dpca3g218800.842	14	191
dpca3g218860.842	14	192
dpca3g218880.842	14	193
dpca3g218920.842	14	194
dpca3g218940.842	14	195
dpca3g218970.842	14	196
dpca3g218980.842	14	197
dpca3g218990.842	14	198
dpca3g219000.842	14	199
dpca3g219010.842	14	200
dpca3g219020.842	14	201
dpca3g219030.842	14	202
dpca3g219050.842	14	203
dpca3g219080.842	14	204
dpca3g219110.842	14	205
dpca3g219120.842	14	206
dpca3g219160.842	14	207
dpca3g219170.842	14	208
dpca3g219200.842	14	209
dpca3g219210.842	14	210
dpca3g219220.842	14	211
dpca3g219230.842	14	212
dpca3g219240.842	14	213
dpca3g219270.842	14	214
dpca3g219290.842	14	215
dpca3g219300.842	14	216
dpca3g219310.842	14	217
dpca3g219320.842	14	218
dpca3g219350.842	14	219
dpca3g219380.842	14	220
dpca3g219390.842	14	221
dpca3g219400.842	14	222
dpca3g219430.842	14	223
dpca3g219440.842	14	224
dpca3g219460.842	14	225
dpca3g219490.842	14	226
dpca3g219500.842	14	227
dpca3g219510.842	14	228
dpca3g219520.842	14	229
dpca3g219560.842	14	230
dpca3g219570.842	14	231
dpca3g219580.842	14	232
dpca3g219590.842	14	233
dpca3g219600.842	14	234
dpca3g219610.842	14	235
dpca3g219620.842	14	236
dpca3g219630.842	14	237
dpca3g219640.842	14	238
dpca3g219650.842	14	239
dpca3g219670.842	14	240
dpca3g219690.842	14	241
dpca3g219740.842	14	242
dpca3g219780.842	14	243
dpca3g219800.842	14	244
dpca3g219810.842	14	245
dpca3g219820.842	14	246
dpca3g219860.842	14	247
dpca3g219890.842	14	248
dpca3g219900.842	14	249
dpca3g219910.842	14	250
dpca3g219920.842	14	251
dpca3g219960.842	14	252
dpca3g219970.842	14	253
dpca3g219990.842	14	254
dpca3g220040.842	14	255
dpca3g220050.842	14	256
dpca3g220080.842	14	257
dpca3g220100.842	14	258
dpca3g220110.842	14	259
dpca3g220120.842	14	260
dpca3g220130.842	14	261
dpca3g220150.842	14	262
dpca3g220160.842	14	263
dpca3g220220.842	14	264
dpca3g220230.842	14	265
dpca3g220240.842	14	266
dpca3g220250.842	14	267
dpca3g220280.842	14	268
dpca3g220290.842	14	269
dpca3g220310.842	14	270
dpca3g220330.842	14	271
dpca3g220350.842	14	272
dpca3g220370.842	14	273
dpca3g220380.842	14	274
dpca3g220400.842	14	275
dpca3g220470.842	14	276
dpca3g220490.842	14	277
dpca3g220510.842	14	278
dpca3g220600.842	14	279
dpca3g220610.842	14	280
dpca3g220630.842	14	281
dpca3g220670.842	14	282
dpca3g220680.842	14	283
dpca3g220700.842	14	284
dpca3g220780.842	14	285
dpca3g220790.842	14	286
dpca3g220810.842	14	287
dpca3g220820.842	14	288
dpca3g220830.842	14	289
dpca3g220870.842	14	290
dpca3g220890.842	14	291
dpca3g220910.842	14	292
dpca3g220950.842	14	293
dpca3g220960.842	14	294
dpca3g220970.842	14	295
dpca3g221040.842	14	296
dpca3g221070.842	14	297
dpca3g221100.842	14	298
dpca3g221110.842	14	299
dpca3g221130.842	14	300
dpca3g221150.842	14	301
dpca3g221160.842	14	302
dpca3g221190.842	14	303
dpca3g221210.842	14	304
dpca3g221220.842	14	305
dpca3g221240.842	14	306
dpca3g221270.842	14	307
dpca3g221280.842	14	308
dpca3g221300.842	14	309
dpca3g221320.842	14	310
dpca3g221370.842	14	311
dpca3g221380.842	14	312
dpca3g221460.842	14	313
dpca3g221480.842	14	314
dpca3g221490.842	14	315
dpca3g221520.842	14	316
dpca3g221550.842	14	317
dpca3g221560.842	14	318
dpca3g221590.842	14	319
dpca3g221620.842	14	320
dpca3g221630.842	14	321
dpca3g221640.842	14	322
dpca3g221670.842	14	323
dpca3g221680.842	14	324
dpca3g221700.842	14	325
dpca3g221710.842	14	326
dpca3g221730.842	14	327
dpca3g221740.842	14	328
dpca3g221750.842	14	329
dpca3g221770.842	14	330
dpca3g221780.842	14	331
dpca3g221830.842	14	332
dpca3g221840.842	14	333
dpca3g221880.842	14	334
dpca3g221890.842	14	335
dpca3g221900.842	14	336
dpca3g221930.842	14	337
dpca3g221950.842	14	338
dpca3g221980.842	14	339
dpca3g222000.842	14	340
dpca3g222020.842	14	341
dpca3g222040.842	14	342
dpca3g222050.842	14	343
dpca3g222060.842	14	344
dpca3g222070.842	14	345
dpca3g222090.842	14	346
dpca3g222110.842	14	347
dpca3g222150.842	14	348
dpca3g222180.842	14	349
dpca3g222190.842	14	350
dpca3g222200.842	14	351
dpca3g222210.842	14	352
dpca3g222220.842	14	353
dpca3g222340.842	14	354
dpca3g222390.842	14	355
dpca3g222400.842	14	356
dpca3g222410.842	14	357
dpca3g222430.842	14	358
dpca3g222480.842	14	359
dpca3g222500.842	14	360
dpca3g222510.842	14	361
dpca3g222520.842	14	362
dpca3g222550.842	14	363
dpca3g222560.842	14	364
dpca3g222580.842	14	365
dpca3g222630.842	14	366
dpca3g222660.842	14	367
dpca3g222680.842	14	368
dpca3g222690.842	14	369
dpca3g222720.842	14	370
dpca3g222730.842	14	371
dpca3g222770.842	14	372
dpca3g222790.842	14	373
dpca3g222800.842	14	374
dpca3g222860.842	14	375
dpca3g222890.842	14	376
dpca3g222900.842	14	377
dpca3g222930.842	14	378
dpca3g222970.842	14	379
dpca3g223010.842	14	380
dpca3g223040.842	14	381
dpca3g223050.842	14	382
dpca3g223060.842	14	383
dpca3g223070.842	14	384
dpca3g223080.842	14	385
dpca3g223090.842	14	386
dpca3g223100.842	14	387
dpca3g223130.842	14	388
dpca3g223150.842	14	389
dpca3g223170.842	14	390
dpca3g223180.842	14	391
dpca3g223200.842	14	392
dpca3g223210.842	14	393
dpca3g223230.842	14	394
dpca3g223240.842	14	395
dpca3g223260.842	14	396
dpca3g223270.842	14	397
dpca3g223280.842	14	398
dpca3g223300.842	14	399
dpca3g223320.842	14	400
dpca3g223330.842	14	401
dpca3g223350.842	14	402
dpca3g223390.842	14	403
dpca3g223410.842	14	404
dpca3g223420.842	14	405
dpca3g223460.842	14	406
dpca3g223470.842	14	407
dpca3g223480.842	14	408
dpca3g223490.842	14	409
dpca3g223500.842	14	410
dpca3g223530.842	14	411
dpca3g223550.842	14	412
dpca3g223570.842	14	413
dpca3g223590.842	14	414
dpca3g223600.842	14	415
dpca3g223650.842	14	416
dpca3g223660.842	14	417
dpca3g223700.842	14	418
dpca3g223720.842	14	419
dpca3g223740.842	14	420
dpca3g223820.842	14	421
dpca3g223850.842	14	422
dpca3g223880.842	14	423
dpca3g223890.842	14	424
dpca3g223920.842	14	425
dpca3g223930.842	14	426
dpca3g224010.842	14	427
dpca3g224050.842	14	428
dpca3g224080.842	14	429
dpca3g224130.842	14	430
dpca3g224150.842	14	431
dpca3g224160.842	14	432
dpca3g224190.842	14	433
dpca3g224210.842	14	434
dpca3g224230.842	14	435
dpca3g224350.842	14	436
dpca3g224360.842	14	437
dpca3g224370.842	14	438
dpca3g224380.842	14	439
dpca3g224390.842	14	440
dpca3g224410.842	14	441
dpca3g224430.842	14	442
dpca3g224440.842	14	443
dpca3g224460.842	14	444
dpca3g224480.842	14	445
dpca3g224490.842	14	446
dpca3g224510.842	14	447
dpca3g224520.842	14	448
dpca3g224550.842	14	449
dpca3g224560.842	14	450
dpca3g224570.842	14	451
dpca3g224590.842	14	452
dpca3g224640.842	14	453
dpca3g224650.842	14	454
dpca3g224660.842	14	455
dpca3g224670.842	14	456
dpca3g224680.842	14	457
dpca3g224710.842	14	458
dpca3g224740.842	14	459
dpca3g224750.842	14	460
dpca3g224800.842	14	461
dpca3g224860.842	14	462
dpca3g224870.842	14	463
dpca3g224890.842	14	464
dpca3g224910.842	14	465
dpca3g224930.842	14	466
dpca3g224950.842	14	467
dpca3g225020.842	14	468
dpca3g225030.842	14	469
dpca3g225060.842	14	470
dpca3g225070.842	14	471
dpca3g225090.842	14	472
dpca3g225100.842	14	473
dpca3g225110.842	14	474
dpca3g225120.842	14	475
dpca3g225140.842	14	476
dpca3g225150.842	14	477
dpca3g225200.842	14	478
dpca3g225240.842	14	479
dpca3g225250.842	14	480
dpca3g225260.842	14	481
dpca3g225300.842	14	482
dpca3g225340.842	14	483
dpca3g225370.842	14	484
dpca3g225410.842	14	485
dpca3g225430.842	14	486
dpca3g225440.842	14	487
dpca3g225450.842	14	488
dpca3g225520.842	14	489
dpca3g225550.842	14	490
dpca3g225570.842	14	491
dpca3g225600.842	14	492
dpca3g225620.842	14	493
dpca3g225630.842	14	494
dpca3g225640.842	14	495
dpca3g225650.842	14	496
dpca3g225660.842	14	497
dpca3g225680.842	14	498
dpca3g225690.842	14	499
dpca3g225700.842	14	500
dpca3g225710.842	14	501
dpca3g225760.842	14	502
dpca3g225790.842	14	503
dpca3g225810.842	14	504
dpca3g225920.842	14	505
dpca3g226000.842	14	506
dpca3g226010.842	14	507
dpca3g226030.842	14	508
dpca3g226040.842	14	509
dpca3g226050.842	14	510
dpca3g226060.842	14	511
dpca3g226070.842	14	512
dpca3g226080.842	14	513
dpca3g226090.842	14	514
dpca3g226110.842	14	515
dpca3g226120.842	14	516
dpca3g226140.842	14	517
dpca3g226150.842	14	518
dpca3g226180.842	14	519
dpca3g226200.842	14	520
dpca3g226240.842	14	521
dpca3g226260.842	14	522
dpca3g226280.842	14	523
dpca3g226310.842	14	524
dpca3g226400.842	14	525
dpca3g226420.842	14	526
dpca3g226430.842	14	527
dpca3g226460.842	14	528
dpca3g226470.842	14	529
dpca3g226490.842	14	530
dpca3g226500.842	14	531
dpca3g226520.842	14	532
dpca3g226540.842	14	533
dpca3g226550.842	14	534
dpca3g226570.842	14	535
dpca3g226580.842	14	536
dpca3g226590.842	14	537
dpca3g226600.842	14	538
dpca3g226610.842	14	539
dpca3g226640.842	14	540
dpca3g226650.842	14	541
dpca3g226660.842	14	542
dpca3g226690.842	14	543
dpca3g226720.842	14	544
dpca3g226740.842	14	545
dpca3g226760.842	14	546
dpca3g226790.842	14	547
dpca3g226800.842	14	548
dpca3g226820.842	14	549
dpca3g226850.842	14	550
dpca3g226890.842	14	551
dpca3g226900.842	14	552
dpca3g226930.842	14	553
dpca3g226970.842	14	554
dpca3g226980.842	14	555
dpca3g226990.842	14	556
dpca3g227000.842	14	557
dpca3g227030.842	14	558
dpca3g227120.842	14	559
dpca3g227150.842	14	560
dpca3g227180.842	14	561
dpca3g227200.842	14	562
dpca3g227210.842	14	563
dpca3g227230.842	14	564
dpca3g227240.842	14	565
dpca3g227270.842	14	566
dpca3g227280.842	14	567
dpca3g227290.842	14	568
dpca3g227350.842	14	569
dpca3g227390.842	14	570
dpca3g227400.842	14	571
dpca3g227430.842	14	572
dpca3g227480.842	14	573
dpca3g227500.842	14	574
dpca3g227510.842	14	575
dpca3g227520.842	14	576
dpca3g227540.842	14	577
dpca3g227580.842	14	578
dpca3g227660.842	14	579
dpca3g227700.842	14	580
dpca3g227710.842	14	581
dpca3g227740.842	14	582
dpca3g227750.842	14	583
dpca3g227760.842	14	584
dpca3g227770.842	14	585
dpca3g227800.842	14	586
dpca3g227810.842	14	587
dpca3g227850.842	14	588
dpca3g227860.842	14	589
dpca3g227870.842	14	590
dpca3g227880.842	14	591
dpca3g227900.842	14	592
dpca3g227920.842	14	593
dpca3g227940.842	14	594
dpca3g227990.842	14	595
dpca3g228020.842	14	596
dpca3g228030.842	14	597
dpca3g228100.842	14	598
dpca3g228180.842	14	599
dpca3g228240.842	14	600
dpca3g228250.842	14	601
dpca3g228260.842	14	602
dpca3g228290.842	14	603
dpca3g228310.842	14	604
dpca3g228320.842	14	605
dpca3g228340.842	14	606
dpca3g228360.842	14	607
dpca3g228370.842	14	608
dpca3g228390.842	14	609
dpca3g228410.842	14	610
dpca3g228420.842	14	611
dpca3g228440.842	14	612
dpca3g228450.842	14	613
dpca3g228460.842	14	614
dpca3g228470.842	14	615
dpca3g228480.842	14	616
dpca3g228510.842	14	617
dpca3g228530.842	14	618
dpca3g228590.842	14	619
dpca3g228620.842	14	620
dpca3g228630.842	14	621
dpca3g228650.842	14	622
dpca3g228660.842	14	623
dpca3g228670.842	14	624
dpca3g228710.842	14	625
dpca3g228750.842	14	626
dpca3g228780.842	14	627
dpca3g228800.842	14	628
dpca3g228810.842	14	629
dpca3g228820.842	14	630
dpca3g228860.842	14	631
dpca3g228870.842	14	632
dpca3g228880.842	14	633
dpca3g228890.842	14	634
dpca3g228920.842	14	635
dpca3g228930.842	14	636
dpca3g228940.842	14	637
dpca3g228980.842	14	638
dpca3g228990.842	14	639
dpca3g229000.842	14	640
dpca3g229020.842	14	641
dpca3g229030.842	14	642
dpca3g229050.842	14	643
dpca3g229070.842	14	644
dpca3g229080.842	14	645
dpca3g229100.842	14	646
dpca3g229110.842	14	647
dpca3g229130.842	14	648
dpca3g229170.842	14	649
dpca3g229180.842	14	650
dpca3g229190.842	14	651
dpca3g229200.842	14	652
dpca3g229210.842	14	653
dpca3g229220.842	14	654
dpca3g229250.842	14	655
dpca3g229260.842	14	656
dpca3g229280.842	14	657
dpca3g229310.842	14	658
dpca3g229320.842	14	659
dpca3g229330.842	14	660
dpca3g229350.842	14	661
dpca3g229360.842	14	662
dpca3g229400.842	14	663
dpca3g229410.842	14	664
dpca3g229440.842	14	665
dpca3g229510.842	14	666
dpca3g229520.842	14	667
dpca3g229550.842	14	668
dpca3g229570.842	14	669
dpca3g229600.842	14	670
dpca3g229690.842	14	671
dpca3g229700.842	14	672
dpca3g229720.842	14	673
dpca3g229730.842	14	674
dpca3g229740.842	14	675
dpca3g229780.842	14	676
dpca3g229850.842	14	677
dpca3g229860.842	14	678
dpca3g229890.842	14	679
dpca3g229900.842	14	680
dpca3g229920.842	14	681
dpca3g229960.842	14	682
dpca3g229970.842	14	683
dpca3g229980.842	14	684
dpca3g229990.842	14	685
dpca3g230000.842	14	686
dpca3g230020.842	14	687
dpca3g230030.842	14	688
dpca3g230110.842	14	689
dpca3g230130.842	14	690
dpca3g230140.842	14	691
dpca3g230180.842	14	692
dpca3g230200.842	14	693
dpca3g230250.842	14	694
dpca3g230320.842	14	695
dpca3g230330.842	14	696
dpca3g230350.842	14	697
dpca3g230360.842	14	698
dpca3g230380.842	14	699
dpca3g230400.842	14	700
dpca3g230420.842	14	701
dpca3g230440.842	14	702
dpca3g230450.842	14	703
dpca3g230470.842	14	704
dpca3g230480.842	14	705
dpca3g230490.842	14	706
dpca3g230530.842	14	707
dpca3g230580.842	14	708
dpca3g230590.842	14	709
dpca3g230610.842	14	710
dpca3g230630.842	14	711
dpca3g230710.842	14	712
dpca3g230770.842	14	713
dpca3g230790.842	14	714
dpca3g230810.842	14	715
dpca3g230880.842	14	716
dpca3g230900.842	14	717
dpca3g230910.842	14	718
dpca3g230920.842	14	719
dpca3g230930.842	14	720
dpca3g230970.842	14	721
dpca3g231000.842	14	722
dpca3g231030.842	14	723
dpca3g231040.842	14	724
dpca3g231060.842	14	725
dpca3g231070.842	14	726
dpca3g231080.842	14	727
dpca3g231130.842	14	728
dpca3g231180.842	14	729
dpca3g231190.842	14	730
dpca3g231200.842	14	731
dpca3g231210.842	14	732
dpca3g231220.842	14	733
dpca3g231250.842	14	734
dpca3g231260.842	14	735
dpca3g231320.842	14	736
dpca3g231330.842	14	737
dpca3g231350.842	14	738
dpca3g231360.842	14	739
dpca3g231370.842	14	740
dpca3g231380.842	14	741
dpca3g231410.842	14	742
dpca3g231440.842	14	743
dpca3g231450.842	14	744
dpca3g231510.842	14	745
dpca3g231560.842	14	746
dpca3g231600.842	14	747
dpca3g231610.842	14	748
dpca3g231620.842	14	749
dpca3g231630.842	14	750
dpca3g231640.842	14	751
dpca3g231660.842	14	752
dpca3g231670.842	14	753
dpca3g231690.842	14	754
dpca3g231740.842	14	755
dpca3g231750.842	14	756
dpca3g231760.842	14	757
dpca3g231770.842	14	758
dpca3g231790.842	14	759
dpca3g231810.842	14	760
dpca3g231850.842	14	761
dpca3g231870.842	14	762
dpca3g231890.842	14	763
dpca3g231900.842	14	764
dpca3g231910.842	14	765
dpca3g231950.842	14	766
dpca3g231960.842	14	767
dpca3g231970.842	14	768
dpca3g231980.842	14	769
dpca3g232030.842	14	770
dpca3g232050.842	14	771
dpca3g232060.842	14	772
dpca3g232100.842	14	773
dpca3g232110.842	14	774
dpca3g232120.842	14	775
dpca3g232130.842	14	776
dpca3g232140.842	14	777
dpca3g232150.842	14	778
dpca3g232160.842	14	779
dpca3g232180.842	14	780
dpca3g232190.842	14	781
dpca3g232200.842	14	782
dpca3g232210.842	14	783
dpca3g232220.842	14	784
dpca3g232240.842	14	785
dpca3g232290.842	14	786
dpca3g232300.842	14	787
dpca3g232310.842	14	788
dpca3g232320.842	14	789
dpca3g232340.842	14	790
dpca3g232350.842	14	791
dpca3g232370.842	14	792
dpca3g232400.842	14	793
dpca3g232430.842	14	794
dpca3g232440.842	14	795
dpca3g232470.842	14	796
dpca3g232480.842	14	797
dpca3g232500.842	14	798
dpca3g232540.842	14	799
dpca3g232560.842	14	800
dpca3g232590.842	14	801
dpca3g232600.842	14	802
dpca3g232610.842	14	803
dpca3g232620.842	14	804
dpca3g232630.842	14	805
dpca3g232640.842	14	806
dpca3g232670.842	14	807
dpca3g232680.842	14	808
dpca3g232700.842	14	809
dpca3g232710.842	14	810
dpca3g232770.842	14	811
dpca3g232790.842	14	812
dpca3g232800.842	14	813
dpca3g232810.842	14	814
dpca3g232820.842	14	815
dpca3g232830.842	14	816
dpca3g232840.842	14	817
dpca3g232850.842	14	818
dpca3g232860.842	14	819
dpca3g232950.842	14	820
dpca3g232960.842	14	821
dpca3g232970.842	14	822
dpca3g233000.842	14	823
dpca3g233050.842	14	824
dpca3g233060.842	14	825
dpca3g233100.842	14	826
dpca3g233110.842	14	827
dpca3g233170.842	14	828
dpca3g233230.842	14	829
dpca3g233250.842	14	830
dpca3g233260.842	14	831
dpca3g233270.842	14	832
dpca3g233290.842	14	833
dpca3g233320.842	14	834
dpca3g233340.842	14	835
dpca3g233350.842	14	836
dpca3g233360.842	14	837
dpca3g233380.842	14	838
dpca3g233410.842	14	839
dpca3g233470.842	14	840
dpca3g233490.842	14	841
dpca3g233500.842	14	842
dpca3g233530.842	14	843
dpca3g233600.842	14	844
dpca3g233610.842	14	845
dpca3g233640.842	14	846
dpca3g233690.842	14	847
dpca3g233700.842	14	848
dpca3g233720.842	14	849
dpca3g233740.842	14	850
dpca3g233760.842	14	851
dpca3g233780.842	14	852
dpca3g233790.842	14	853
dpca3g233800.842	14	854
dpca3g233820.842	14	855
dpca3g233840.842	14	856
dpca3g233850.842	14	857
dpca3g233880.842	14	858
dpca3g233910.842	14	859
dpca3g233930.842	14	860
dpca3g233940.842	14	861
dpca3g233950.842	14	862
dpca3g233960.842	14	863
dpca3g234030.842	14	864
dpca3g234120.842	14	865
dpca3g234140.842	14	866
dpca3g234150.842	14	867
dpca3g234180.842	14	868
dpca3g234200.842	14	869
dpca3g234230.842	14	870
dpca3g234280.842	14	871
dpca3g234290.842	14	872
dpca3g234300.842	14	873
dpca3g234310.842	14	874
dpca3g234320.842	14	875
dpca3g234330.842	14	876
dpca3g234360.842	14	877
dpca3g234370.842	14	878
dpca3g234400.842	14	879
dpca3g234410.842	14	880
dpca3g234420.842	14	881
dpca3g234450.842	14	882
dpca3g234470.842	14	883
dpca3g234480.842	14	884
dpca3g234490.842	14	885
dpca3g234500.842	14	886
dpca3g234520.842	14	887
dpca3g234540.842	14	888
dpca3g234560.842	14	889
dpca3g234570.842	14	890
dpca3g234580.842	14	891
dpca3g234650.842	14	892
dpca3g234660.842	14	893
dpca3g234680.842	14	894
dpca3g234690.842	14	895
dpca3g234700.842	14	896
dpca3g234710.842	14	897
dpca3g234730.842	14	898
dpca3g234740.842	14	899
dpca3g234750.842	14	900
dpca3g234760.842	14	901
dpca3g234770.842	14	902
dpca3g234830.842	14	903
dpca3g234870.842	14	904
dpca3g234880.842	14	905
dpca3g234930.842	14	906
dpca3g234940.842	14	907
dpca3g234950.842	14	908
dpca3g234970.842	14	909
dpca3g235000.842	14	910
dpca3g235010.842	14	911
dpca3g235020.842	14	912
dpca3g235030.842	14	913
dpca3g235040.842	14	914
dpca3g235070.842	14	915
dpca3g235090.842	14	916
dpca3g235120.842	14	917
dpca3g235140.842	14	918
dpca3g235150.842	14	919
dpca3g235190.842	14	920
dpca3g235210.842	14	921
dpca3g235250.842	14	922
dpca3g235260.842	14	923
dpca3g235280.842	14	924
dpca3g235290.842	14	925
dpca3g235310.842	14	926
dpca3g235350.842	14	927
dpca3g235360.842	14	928
dpca3g235430.842	14	929
dpca3g235440.842	14	930
dpca3g235450.842	14	931
dpca3g235470.842	14	932
dpca3g235510.842	14	933
dpca3g235520.842	14	934
dpca3g235530.842	14	935
dpca3g235570.842	14	936
dpca3g235580.842	14	937
dpca3g235600.842	14	938
dpca3g235620.842	14	939
dpca3g235630.842	14	940
dpca3g235650.842	14	941
dpca3g235670.842	14	942
dpca3g235680.842	14	943
dpca3g235730.842	14	944
dpca3g235780.842	14	945
dpca3g235800.842	14	946
dpca3g235820.842	14	947
dpca3g235840.842	14	948
dpca3g235850.842	14	949
dpca3g235860.842	14	950
dpca3g235870.842	14	951
dpca3g235880.842	14	952
dpca3g235890.842	14	953
dpca3g235920.842	14	954
dpca3g235930.842	14	955
dpca3g235940.842	14	956
dpca3g235950.842	14	957
dpca3g235980.842	14	958
dpca3g235990.842	14	959
dpca3g236050.842	14	960
dpca3g236090.842	14	961
dpca3g236100.842	14	962
dpca3g236120.842	14	963
dpca3g236130.842	14	964
dpca3g236140.842	14	965
dpca3g236170.842	14	966
dpca3g236180.842	14	967
dpca3g236190.842	14	968
dpca3g236200.842	14	969
dpca3g236210.842	14	970
dpca3g236220.842	14	971
dpca3g236240.842	14	972
dpca3g236250.842	14	973
dpca3g236270.842	14	974
dpca3g236280.842	14	975
dpca3g236290.842	14	976
dpca3g236330.842	14	977
dpca3g236340.842	14	978
dpca3g236400.842	14	979
dpca3g236420.842	14	980
dpca3g236440.842	14	981
dpca3g236450.842	14	982
dpca3g236470.842	14	983
dpca3g236510.842	14	984
dpca3g236520.842	14	985
dpca3g236570.842	14	986
dpca3g236600.842	14	987
dpca3g236620.842	14	988
dpca3g236630.842	14	989
dpca3g236640.842	14	990
dpca3g236650.842	14	991
dpca3g236660.842	14	992
dpca3g236670.842	14	993
dpca3g236690.842	14	994
dpca3g236700.842	14	995
dpca3g236770.842	14	996
dpca3g236780.842	14	997
dpca3g236790.842	14	998
dpca3g236800.842	14	999
dpca3g236810.842	14	1000
dpca3g236820.842	14	1001
dpca3g236830.842	14	1002
dpca3g236870.842	14	1003
dpca3g236880.842	14	1004
dpca3g236890.842	14	1005
dpca3g236900.842	14	1006
dpca3g236930.842	14	1007
dpca3g237020.842	14	1008
dpca3g237030.842	14	1009
dpca3g237050.842	14	1010
dpca3g237100.842	14	1011
dpca3g237110.842	14	1012
dpca3g237120.842	14	1013
dpca3g237130.842	14	1014
dpca3g237190.842	14	1015
dpca3g237210.842	14	1016
dpca3g237220.842	14	1017
dpca3g237230.842	14	1018
dpca3g237260.842	14	1019
dpca3g237270.842	14	1020
dpca3g237280.842	14	1021
dpca3g237290.842	14	1022
dpca3g237300.842	14	1023
dpca3g237310.842	15	0
dpca3g237330.842	15	1
dpca3g237340.842	15	2
dpca3g237350.842	15	3
dpca3g237360.842	15	4
dpca3g237400.842	15	5
dpca3g237450.842	15	6
dpca3g237460.842	15	7
dpca3g237470.842	15	8
dpca3g237480.842	15	9
dpca3g237510.842	15	10
dpca3g237520.842	15	11
dpca3g237550.842	15	12
dpca3g237560.842	15	13
dpca3g237570.842	15	14
dpca3g237580.842	15	15
dpca3g237600.842	15	16
dpca3g237610.842	15	17
dpca3g237620.842	15	18
dpca3g237630.842	15	19
dpca3g237640.842	15	20
dpca3g237650.842	15	21
dpca3g237680.842	15	22
dpca3g237700.842	15	23
dpca3g237730.842	15	24
dpca3g237760.842	15	25
dpca3g237770.842	15	26
dpca3g237790.842	15	27
dpca3g237800.842	15	28
dpca3g237810.842	15	29
dpca3g237820.842	15	30
dpca3g237830.842	15	31
dpca3g237840.842	15	32
dpca3g237860.842	15	33
dpca3g237900.842	15	34
dpca3g237910.842	15	35
dpca3g237920.842	15	36
dpca3g237950.842	15	37
dpca3g237960.842	15	38
dpca3g238000.842	15	39
dpca3g238010.842	15	40
dpca3g238030.842	15	41
dpca3g238040.842	15	42
dpca3g238050.842	15	43
dpca3g238070.842	15	44
dpca3g238120.842	15	45
dpca3g238140.842	15	46
dpca3g238180.842	15	47
dpca3g238190.842	15	48
dpca3g238210.842	15	49
dpca3g238220.842	15	50
dpca3g238290.842	15	51
dpca3g238320.842	15	52
dpca3g238370.842	15	53
dpca3g238390.842	15	54
dpca3g238400.842	15	55
dpca3g238410.842	15	56
dpca3g238440.842	15	57
dpca3g238460.842	15	58
dpca3g238480.842	15	59
dpca3g238530.842	15	60
dpca3g238570.842	15	61
dpca3g238580.842	15	62
dpca3g238590.842	15	63
dpca3g238600.842	15	64
dpca3g238610.842	15	65
dpca3g238660.842	15	66
dpca3g238670.842	15	67
dpca3g238690.842	15	68
dpca3g238700.842	15	69
dpca3g238730.842	15	70
dpca3g238750.842	15	71
dpca3g238760.842	15	72
dpca3g238770.842	15	73
dpca3g238850.842	15	74
dpca3g238860.842	15	75
dpca3g238880.842	15	76
dpca3g238890.842	15	77
dpca3g238900.842	15	78
dpca3g238920.842	15	79
dpca3g238930.842	15	80
dpca3g238960.842	15	81
dpca3g238970.842	15	82
dpca3g239000.842	15	83
dpca3g239040.842	15	84
dpca3g239070.842	15	85
dpca3g239080.842	15	86
dpca3g239090.842	15	87
dpca3g239110.842	15	88
dpca3g239120.842	15	89
dpca3g239140.842	15	90
dpca3g239170.842	15	91
dpca3g239220.842	15	92
dpca3g239230.842	15	93
dpca3g239240.842	15	94
dpca3g239290.842	15	95
dpca3g239330.842	15	96
dpca3g239340.842	15	97
dpca3g239420.842	15	98
dpca3g239430.842	15	99
dpca3g239440.842	15	100
dpca3g239450.842	15	101
dpca3g239490.842	15	102
dpca3g239500.842	15	103
dpca3g239510.842	15	104
dpca3g239530.842	15	105
dpca3g239540.842	15	106
dpca3g239550.842	15	107
dpca3g239580.842	15	108
dpca3g239590.842	15	109
dpca3g239600.842	15	110
dpca3g239630.842	15	111
dpca3g239680.842	15	112
dpca3g239690.842	15	113
dpca3g239700.842	15	114
dpca3g239710.842	15	115
dpca3g239720.842	15	116
dpca3g239730.842	15	117
dpca3g239770.842	15	118
dpca3g239780.842	15	119
dpca3g239800.842	15	120
dpca3g239810.842	15	121
dpca3g239830.842	15	122
dpca3g239890.842	15	123
dpca3g239910.842	15	124
dpca3g239920.842	15	125
dpca3g239950.842	15	126
dpca3g239990.842	15	127
dpca3g240040.842	15	128
dpca3g240050.842	15	129
dpca3g240080.842	15	130
dpca3g240100.842	15	131
dpca3g240110.842	15	132
dpca3g240120.842	15	133
dpca3g240130.842	15	134
dpca3g240140.842	15	135
dpca3g240150.842	15	136
dpca3g240190.842	15	137
dpca3g240200.842	15	138
dpca3g240210.842	15	139
dpca3g240220.842	15	140
dpca3g240240.842	15	141
dpca3g240250.842	15	142
dpca3g240260.842	15	143
dpca3g240270.842	15	144
dpca3g240280.842	15	145
dpca3g240310.842	15	146
dpca3g240320.842	15	147
dpca3g240330.842	15	148
dpca3g240340.842	15	149
dpca3g240350.842	15	150
dpca3g240360.842	15	151
dpca3g240370.842	15	152
dpca3g240380.842	15	153
dpca3g240410.842	15	154
dpca3g240420.842	15	155
dpca3g240430.842	15	156
dpca3g240440.842	15	157
dpca3g240460.842	15	158
dpca3g240480.842	15	159
dpca3g240490.842	15	160
dpca3g240500.842	15	161
dpca3g240510.842	15	162
dpca3g240520.842	15	163
dpca3g240530.842	15	164
dpca3g240550.842	15	165
dpca3g240570.842	15	166
dpca3g240580.842	15	167
dpca3g240620.842	15	168
dpca3g240640.842	15	169
dpca3g240650.842	15	170
dpca3g240680.842	15	171
dpca3g240690.842	15	172
dpca3g240700.842	15	173
dpca3g240710.842	15	174
dpca3g240730.842	15	175
dpca3g240760.842	15	176
dpca3g240770.842	15	177
dpca3g240780.842	15	178
dpca3g240790.842	15	179
dpca3g240800.842	15	180
dpca3g240810.842	15	181
dpca3g240820.842	15	182
dpca3g240830.842	15	183
dpca3g240840.842	15	184
dpca3g240870.842	15	185
dpca3g240890.842	15	186
dpca3g240900.842	15	187
dpca3g240940.842	15	188
dpca3g241010.842	15	189
dpca3g241020.842	15	190
dpca3g241030.842	15	191
dpca3g241040.842	15	192
dpca3g241050.842	15	193
dpca3g241060.842	15	194
dpca3g241070.842	15	195
dpca3g241080.842	15	196
dpca3g241090.842	15	197
dpca3g241100.842	15	198
dpca3g241110.842	15	199
dpca3g241120.842	15	200
dpca3g241150.842	15	201
dpca3g241160.842	15	202
dpca3g241170.842	15	203
dpca3g241180.842	15	204
dpca3g241190.842	15	205
dpca3g241200.842	15	206
dpca3g241210.842	15	207
dpca3g241230.842	15	208
dpca3g241240.842	15	209
dpca3g241280.842	15	210
dpca3g241290.842	15	211
dpca3g241300.842	15	212
dpca3g241320.842	15	213
dpca3g241340.842	15	214
dpca3g241370.842	15	215
dpca3g241380.842	15	216
dpca3g241390.842	15	217
dpca3g241430.842	15	218
dpca3g241440.842	15	219
dpca3g241450.842	15	220
dpca3g241460.842	15	221
dpca3g241470.842	15	222
dpca3g241480.842	15	223
dpca3g241530.842	15	224
dpca3g241550.842	15	225
dpca3g241570.842	15	226
dpca3g241580.842	15	227
dpca3g241600.842	15	228
dpca3g241610.842	15	229
dpca3g241620.842	15	230
dpca3g241650.842	15	231
dpca3g241660.842	15	232
dpca3g241670.842	15	233
dpca3g241680.842	15	234
dpca3g241690.842	15	235
dpca3g241720.842	15	236
dpca3g241730.842	15	237
dpca3g241740.842	15	238
dpca3g241780.842	15	239
dpca3g241800.842	15	240
dpca3g241810.842	15	241
dpca3g241820.842	15	242
dpca3g241860.842	15	243
dpca3g241880.842	15	244
dpca3g241920.842	15	245
dpca3g241930.842	15	246
dpca3g241940.842	15	247
dpca3g241950.842	15	248
dpca3g241960.842	15	249
dpca3g241970.842	15	250
dpca3g241990.842	15	251
dpca3g242000.842	15	252
dpca3g242010.842	15	253
dpca3g242020.842	15	254
dpca3g242030.842	15	255
dpca3g242040.842	15	256
dpca3g242050.842	15	257
dpca3g242060.842	15	258
dpca3g242080.842	15	259
dpca3g242120.842	15	260
dpca3g242130.842	15	261
dpca3g242170.842	15	262
dpca3g242200.842	15	263
dpca3g242210.842	15	264
dpca3g242230.842	15	265
dpca3g242250.842	15	266
dpca3g242290.842	15	267
dpca3g242310.842	15	268
dpca3g242320.842	15	269
dpca3g242380.842	15	270
dpca3g242420.842	15	271
dpca3g242450.842	15	272
dpca3g242460.842	15	273
dpca3g242470.842	15	274
dpca3g242500.842	15	275
dpca3g242520.842	15	276
dpca3g242530.842	15	277
dpca3g242560.842	15	278
dpca3g242580.842	15	279
dpca3g242600.842	15	280
dpca3g242610.842	15	281
dpca3g242620.842	15	282
dpca3g242650.842	15	283
dpca3g242660.842	15	284
dpca3g242670.842	15	285
dpca3g242680.842	15	286
dpca3g242690.842	15	287
dpca3g242700.842	15	288
dpca3g242720.842	15	289
dpca3g242730.842	15	290
dpca3g242740.842	15	291
dpca3g242760.842	15	292
dpca3g242770.842	15	293
dpca3g242780.842	15	294
dpca3g242800.842	15	295
dpca3g242810.842	15	296
dpca3g242820.842	15	297
dpca3g242840.842	15	298
dpca3g242850.842	15	299
dpca3g242860.842	15	300
dpca3g242890.842	15	301
dpca3g242910.842	15	302
dpca3g242920.842	15	303
dpca3g242940.842	15	304
dpca3g243000.842	15	305
dpca3g243020.842	15	306
dpca3g243080.842	15	307
dpca3g243100.842	15	308
dpca3g243120.842	15	309
dpca3g243130.842	15	310
dpca3g243140.842	15	311
dpca3g243150.842	15	312
dpca3g243170.842	15	313
dpca3g243180.842	15	314
dpca3g243200.842	15	315
dpca3g243210.842	15	316
dpca3g243220.842	15	317
dpca3g243230.842	15	318
dpca3g243240.842	15	319
dpca3g243250.842	15	320
dpca3g243260.842	15	321
dpca3g243270.842	15	322
dpca3g243280.842	15	323
dpca3g243290.842	15	324
dpca3g243300.842	15	325
dpca3g243310.842	15	326
dpca3g243340.842	15	327
dpca3g243360.842	15	328
dpca3g243370.842	15	329
dpca3g243380.842	15	330
dpca3g243390.842	15	331
dpca3g243410.842	15	332
dpca3g243430.842	15	333
dpca3g243440.842	15	334
dpca3g243470.842	15	335
dpca3g243480.842	15	336
dpca3g243490.842	15	337
dpca3g243500.842	15	338
dpca3g243530.842	15	339
dpca3g243540.842	15	340
dpca3g243550.842	15	341
dpca3g243570.842	15	342
dpca3g243580.842	15	343
dpca3g243590.842	15	344
dpca3g243620.842	15	345
dpca3g243630.842	15	346
dpca3g243660.842	15	347
dpca3g243670.842	15	348
dpca3g243690.842	15	349
dpca3g243710.842	15	350
dpca3g243730.842	15	351
dpca3g243760.842	15	352
dpca3g243770.842	15	353
dpca3g243780.842	15	354
dpca3g243790.842	15	355
dpca3g243820.842	15	356
dpca3g243830.842	15	357
dpca3g243840.842	15	358
dpca3g243860.842	15	359
dpca3g243880.842	15	360
dpca3g243890.842	15	361
dpca3g243910.842	15	362
dpca3g243920.842	15	363
dpca3g243930.842	15	364
dpca3g243940.842	15	365
dpca3g243950.842	15	366
dpca3g243970.842	15	367
dpca3g244000.842	15	368
dpca3g244010.842	15	369
dpca3g244020.842	15	370
dpca3g244030.842	15	371
dpca3g244040.842	15	372
dpca3g244060.842	15	373
dpca3g244070.842	15	374
dpca3g244080.842	15	375
dpca3g244090.842	15	376
dpca3g244100.842	15	377
dpca3g244110.842	15	378
dpca3g244140.842	15	379
dpca3g244150.842	15	380
dpca3g244160.842	15	381
dpca3g244190.842	15	382
dpca3g244200.842	15	383
dpca3g244210.842	15	384
dpca3g244220.842	15	385
dpca3g244230.842	15	386
dpca3g244240.842	15	387
dpca3g244270.842	15	388
dpca3g244280.842	15	389
dpca3g244290.842	15	390
dpca3g244300.842	15	391
dpca3g244320.842	15	392
dpca3g244330.842	15	393
dpca3g244340.842	15	394
dpca3g244350.842	15	395
dpca3g244380.842	15	396
dpca3g244390.842	15	397
dpca3g244440.842	15	398
dpca3g244450.842	15	399
dpca3g244460.842	15	400
dpca3g244470.842	15	401
dpca3g244480.842	15	402
dpca3g244490.842	15	403
dpca3g244500.842	15	404
dpca3g244520.842	15	405
dpca3g244550.842	15	406
dpca3g244570.842	15	407
dpca3g244620.842	15	408
dpca3g244650.842	15	409
dpca3g244660.842	15	410
dpca3g244670.842	15	411
dpca3g244680.842	15	412
dpca3g244690.842	15	413
dpca3g244710.842	15	414
dpca3g244740.842	15	415
dpca3g244750.842	15	416
dpca3g244780.842	15	417
dpca3g244800.842	15	418
dpca3g244810.842	15	419
dpca3g244820.842	15	420
dpca3g244850.842	15	421
dpca3g244890.842	15	422
dpca3g244940.842	15	423
dpca3g244960.842	15	424
dpca3g244970.842	15	425
dpca3g244980.842	15	426
dpca3g244990.842	15	427
dpca3g245000.842	15	428
dpca3g245010.842	15	429
dpca3g245020.842	15	430
dpca3g245030.842	15	431
dpca3g245040.842	15	432
dpca3g245070.842	15	433
dpca3g245080.842	15	434
dpca3g245090.842	15	435
dpca3g245100.842	15	436
dpca3g245110.842	15	437
dpca3g245140.842	15	438
dpca3g245150.842	15	439
dpca3g245200.842	15	440
dpca3g245270.842	15	441
dpca3g245320.842	15	442
dpca3g245330.842	15	443
dpca3g245340.842	15	444
dpca3g245360.842	15	445
dpca3g245370.842	15	446
dpca3g245380.842	15	447
dpca3g245390.842	15	448
dpca3g245400.842	15	449
dpca3g245420.842	15	450
dpca3g245430.842	15	451
dpca3g245440.842	15	452
dpca3g245450.842	15	453
dpca3g245460.842	15	454
dpca3g245480.842	15	455
dpca3g245490.842	15	456
dpca3g245500.842	15	457
dpca3g245510.842	15	458
dpca3g245530.842	15	459
dpca3g245540.842	15	460
dpca3g245550.842	15	461
dpca3g245580.842	15	462
dpca3g245600.842	15	463
dpca3g245610.842	15	464
dpca3g245670.842	15	465
dpca3g245680.842	15	466
dpca3g245690.842	15	467
dpca3g245700.842	15	468
dpca3g245710.842	15	469
dpca3g245720.842	15	470
dpca3g245750.842	15	471
dpca3g245760.842	15	472
dpca3g245770.842	15	473
dpca3g245810.842	15	474
dpca3g245830.842	15	475
dpca3g245850.842	15	476
dpca3g245880.842	15	477
dpca3g245890.842	15	478
dpca3g245910.842	15	479
dpca3g245920.842	15	480
dpca3g245950.842	15	481
dpca3g245980.842	15	482
dpca3g245990.842	15	483
dpca3g246000.842	15	484
dpca3g246020.842	15	485
dpca3g246080.842	15	486
dpca3g246110.842	15	487
dpca3g246120.842	15	488
dpca3g246130.842	15	489
dpca3g246180.842	15	490
dpca3g246190.842	15	491
dpca3g246200.842	15	492
dpca3g246220.842	15	493
dpca3g246240.842	15	494
dpca3g246260.842	15	495
dpca3g246270.842	15	496
dpca3g246300.842	15	497
dpca3g246310.842	15	498
dpca3g246320.842	15	499
dpca3g246330.842	15	500
dpca3g246360.842	15	501
dpca3g246370.842	15	502
dpca3g246380.842	15	503
dpca3g246400.842	15	504
dpca3g246410.842	15	505
dpca3g246420.842	15	506
dpca3g246430.842	15	507
dpca3g246440.842	15	508
dpca3g246450.842	15	509
dpca3g246460.842	15	510
dpca3g246510.842	15	511
dpca3g246530.842	15	512
dpca3g246540.842	15	513
dpca3g246630.842	15	514
dpca3g246650.842	15	515
dpca3g246690.842	15	516
dpca3g246700.842	15	517
dpca3g246720.842	15	518
dpca3g246730.842	15	519
dpca3g246740.842	15	520
dpca3g246770.842	15	521
dpca3g246780.842	15	522
dpca3g246790.842	15	523
dpca3g246800.842	15	524
dpca3g246840.842	15	525
dpca3g246850.842	15	526
dpca3g246860.842	15	527
dpca3g246870.842	15	528
dpca3g246880.842	15	529
dpca3g246890.842	15	530
dpca3g246900.842	15	531
dpca3g246910.842	15	532
dpca3g246920.842	15	533
dpca3g246930.842	15	534
dpca3g246950.842	15	535
dpca3g246960.842	15	536
dpca3g246990.842	15	537
dpca3g247000.842	15	538
dpca3g247020.842	15	539
dpca3g247030.842	15	540
dpca3g247040.842	15	541
dpca3g247050.842	15	542
dpca3g247060.842	15	543
dpca3g247070.842	15	544
dpca3g247080.842	15	545
dpca3g247090.842	15	546
dpca3g247100.842	15	547
dpca3g247110.842	15	548
dpca3g247120.842	15	549
dpca3g247130.842	15	550
dpca3g247140.842	15	551
dpca3g247160.842	15	552
dpca3g247180.842	15	553
dpca3g247190.842	15	554
dpca3g247210.842	15	555
dpca3g247220.842	15	556
dpca3g247230.842	15	557
dpca3g247260.842	15	558
dpca3g247270.842	15	559
dpca3g247280.842	15	560
dpca3g247290.842	15	561
dpca3g247300.842	15	562
dpca3g247310.842	15	563
dpca3g247320.842	15	564
dpca3g247330.842	15	565
dpca3g247340.842	15	566
dpca3g247350.842	15	567
dpca3g247360.842	15	568
dpca3g247370.842	15	569
dpca3g247380.842	15	570
dpca3g247400.842	15	571
dpca3g247420.842	15	572
dpca3g247430.842	15	573
dpca3g247440.842	15	574
dpca3g247450.842	15	575
dpca3g247480.842	15	576
dpca3g247490.842	15	577
dpca3g247500.842	15	578
dpca3g247510.842	15	579
dpca3g247520.842	15	580
dpca3g247530.842	15	581
dpca3g247560.842	15	582
dpca3g247590.842	15	583
dpca3g247600.842	15	584
dpca3g247610.842	15	585
dpca3g247620.842	15	586
dpca3g247670.842	15	587
dpca3g247680.842	15	588
dpca3g247690.842	15	589
dpca3g247720.842	15	590
dpca3g247790.842	15	591
dpca3g247800.842	15	592
dpca3g247810.842	15	593
dpca3g247820.842	15	594
dpca3g247830.842	15	595
dpca3g247840.842	15	596
dpca3g247850.842	15	597
dpca3g247860.842	15	598
dpca3g247870.842	15	599
dpca3g247890.842	15	600
dpca3g247900.842	15	601
dpca3g247910.842	15	602
dpca3g247920.842	15	603
dpca3g247930.842	15	604
dpca3g247940.842	15	605
dpca3g247950.842	15	606
dpca3g247970.842	15	607
dpca3g247980.842	15	608
dpca3g247990.842	15	609
dpca3g248010.842	15	610
dpca3g248020.842	15	611
dpca3g248040.842	15	612
dpca3g248050.842	15	613
dpca3g248070.842	15	614
dpca3g248080.842	15	615
dpca3g248100.842	15	616
dpca3g248110.842	15	617
dpca3g248150.842	15	618
dpca3g248160.842	15	619
dpca3g248170.842	15	620
dpca3g248180.842	15	621
dpca3g248190.842	15	622
dpca3g248200.842	15	623
dpca3g248210.842	15	624
dpca3g248220.842	15	625
dpca3g248230.842	15	626
dpca3g248240.842	15	627
dpca3g248250.842	15	628
dpca3g248270.842	15	629
dpca3g248280.842	15	630
dpca3g248290.842	15	631
dpca3g248300.842	15	632
dpca3g248310.842	15	633
dpca3g248320.842	15	634
dpca3g248330.842	15	635
dpca3g248340.842	15	636
dpca3g248360.842	15	637
dpca3g248370.842	15	638
dpca3g248380.842	15	639
dpca3g248390.842	15	640
dpca3g248400.842	15	641
dpca3g248410.842	15	642
dpca3g248420.842	15	643
dpca3g248430.842	15	644
dpca3g248440.842	15	645
dpca3g248450.842	15	646
dpca3g248460.842	15	647
dpca3g248500.842	15	648
dpca3g248510.842	15	649
dpca3g248530.842	15	650
dpca3g248550.842	15	651
dpca3g248560.842	15	652
dpca3g248570.842	15	653
dpca3g248600.842	15	654
dpca3g248610.842	15	655
dpca3g248620.842	15	656
dpca3g248650.842	15	657
dpca3g248660.842	15	658
dpca3g248670.842	15	659
dpca3g248720.842	15	660
dpca3g248750.842	15	661
dpca3g248760.842	15	662
dpca3g248770.842	15	663
dpca3g248780.842	15	664
dpca3g248800.842	15	665
dpca3g248810.842	15	666
dpca3g248830.842	15	667
dpca3g248840.842	15	668
dpca3g248860.842	15	669
dpca3g248880.842	15	670
dpca3g248890.842	15	671
dpca3g248900.842	15	672
dpca3g248930.842	15	673
dpca3g248940.842	15	674
dpca3g248950.842	15	675
dpca3g248960.842	15	676
dpca3g248970.842	15	677
dpca3g249000.842	15	678
dpca3g249010.842	15	679
dpca3g249030.842	15	680
dpca3g249040.842	15	681
dpca3g249060.842	15	682
dpca3g249070.842	15	683
dpca3g249080.842	15	684
dpca3g249100.842	15	685
dpca3g249110.842	15	686
dpca3g249120.842	15	687
dpca3g249130.842	15	688
dpca3g249140.842	15	689
dpca3g249150.842	15	690
dpca3g249160.842	15	691
dpca3g249190.842	15	692
dpca3g249200.842	15	693
dpca3g249210.842	15	694
dpca3g249280.842	15	695
dpca3g249300.842	15	696
dpca3g249320.842	15	697
dpca3g249330.842	15	698
dpca3g249340.842	15	699
dpca3g249350.842	15	700
dpca3g249360.842	15	701
dpca3g249370.842	15	702
dpca3g249390.842	15	703
dpca3g249410.842	15	704
dpca3g249420.842	15	705
dpca3g249440.842	15	706
dpca3g249450.842	15	707
dpca3g249500.842	15	708
dpca3g249520.842	15	709
dpca3g249540.842	15	710
dpca3g249550.842	15	711
dpca3g249560.842	15	712
dpca3g249600.842	15	713
dpca3g249610.842	15	714
dpca3g249620.842	15	715
dpca3g249630.842	15	716
dpca3g249640.842	15	717
dpca3g249650.842	15	718
dpca3g249660.842	15	719
dpca3g249670.842	15	720
dpca3g249680.842	15	721
dpca3g249690.842	15	722
dpca3g249710.842	15	723
dpca3g249730.842	15	724
dpca3g249750.842	15	725
dpca3g249820.842	15	726
dpca3g249830.842	15	727
dpca3g249850.842	15	728
dpca3g249860.842	15	729
dpca3g249870.842	15	730
dpca3g249890.842	15	731
dpca3g249900.842	15	732
dpca3g249930.842	15	733
dpca3g249940.842	15	734
dpca3g249950.842	15	735
dpca3g249960.842	15	736
dpca3g249970.842	15	737
dpca3g249990.842	15	738
dpca3g250050.842	15	739
dpca3g250080.842	15	740
dpca3g250090.842	15	741
dpca3g250110.842	15	742
dpca3g250120.842	15	743
dpca3g250130.842	15	744
dpca3g250140.842	15	745
dpca3g250150.842	15	746
dpca3g250160.842	15	747
dpca3g250170.842	15	748
dpca3g250240.842	15	749
dpca3g250250.842	15	750
dpca3g250260.842	15	751
dpca3g250270.842	15	752
dpca3g250290.842	15	753
dpca3g250300.842	15	754
dpca3g250310.842	15	755
dpca3g250320.842	15	756
dpca3g250330.842	15	757
dpca3g250340.842	15	758
dpca3g250350.842	15	759
dpca3g250360.842	15	760
dpca3g250370.842	15	761
dpca3g250380.842	15	762
dpca3g250390.842	15	763
dpca3g250410.842	15	764
dpca3g250420.842	15	765
dpca3g250430.842	15	766
dpca3g250450.842	15	767
dpca3g250490.842	15	768
dpca3g250500.842	15	769
dpca3g250510.842	15	770
dpca3g250520.842	15	771
dpca3g250530.842	15	772
dpca3g250540.842	15	773
dpca3g250550.842	15	774
dpca3g250590.842	15	775
dpca3g250600.842	15	776
dpca3g250610.842	15	777
dpca3g250630.842	15	778
dpca3g250640.842	15	779
dpca3g250650.842	15	780
dpca3g250660.842	15	781
dpca3g250680.842	15	782
dpca3g250700.842	15	783
dpca3g250730.842	15	784
dpca3g250760.842	15	785
dpca3g250780.842	15	786
dpca3g250790.842	15	787
dpca3g250820.842	15	788
dpca3g250830.842	15	789
dpca3g250880.842	15	790
dpca3g250890.842	15	791
dpca3g250900.842	15	792
dpca3g250920.842	15	793
dpca3g250960.842	15	794
dpca3g250970.842	15	795
dpca3g250980.842	15	796
dpca3g251010.842	15	797
dpca3g251020.842	15	798
dpca3g251030.842	15	799
dpca3g251040.842	15	800
dpca3g251060.842	15	801
dpca3g251100.842	15	802
dpca3g251130.842	15	803
dpca3g251140.842	15	804
dpca3g251150.842	15	805
dpca3g251160.842	15	806
dpca3g251190.842	15	807
dpca3g251210.842	15	808
dpca3g251230.842	15	809
dpca3g251250.842	15	810
dpca3g251280.842	15	811
dpca3g251300.842	15	812
dpca3g251310.842	15	813
dpca3g251320.842	15	814
dpca3g251350.842	15	815
dpca3g251360.842	15	816
dpca3g251370.842	15	817
dpca3g251380.842	15	818
dpca3g251390.842	15	819
dpca3g251400.842	15	820
dpca3g251420.842	15	821
dpca3g251430.842	15	822
dpca3g251440.842	15	823
dpca3g251450.842	15	824
dpca3g251460.842	15	825
dpca3g251470.842	15	826
dpca3g251480.842	15	827
dpca3g251490.842	15	828
dpca3g251500.842	15	829
dpca3g251510.842	15	830
dpca3g251520.842	15	831
dpca3g251540.842	15	832
dpca3g251570.842	15	833
dpca3g251590.842	15	834
dpca3g251610.842	15	835
dpca3g251620.842	15	836
dpca3g251630.842	15	837
dpca3g251650.842	15	838
dpca3g251660.842	15	839
dpca3g251670.842	15	840
dpca3g251680.842	15	841
dpca3g251700.842	15	842
dpca3g251710.842	15	843
dpca3g251720.842	15	844
dpca3g251730.842	15	845
dpca3g251750.842	15	846
dpca3g251760.842	15	847
dpca3g251810.842	15	848
dpca3g251820.842	15	849
dpca3g251830.842	15	850
dpca3g251870.842	15	851
dpca3g251890.842	15	852
dpca3g251900.842	15	853
dpca3g251910.842	15	854
dpca3g251920.842	15	855
dpca3g251930.842	15	856
dpca3g251940.842	15	857
dpca3g251950.842	15	858
dpca3g251960.842	15	859
dpca3g251990.842	15	860
dpca3g252030.842	15	861
dpca3g252060.842	15	862
dpca3g252080.842	15	863
dpca3g252100.842	15	864
dpca3g252110.842	15	865
dpca3g252140.842	15	866
dpca3g252160.842	15	867
dpca3g252170.842	15	868
dpca3g252200.842	15	869
dpca3g252210.842	15	870
dpca3g252220.842	15	871
dpca3g252240.842	15	872
dpca3g252250.842	15	873
dpca3g252260.842	15	874
dpca3g252270.842	15	875
dpca3g252280.842	15	876
dpca3g252290.842	15	877
dpca3g252310.842	15	878
dpca3g252320.842	15	879
dpca3g252340.842	15	880
dpca3g252350.842	15	881
dpca3g252380.842	15	882
dpca3g252390.842	15	883
dpca3g252400.842	15	884
dpca3g252410.842	15	885
dpca3g252420.842	15	886
dpca3g252440.842	15	887
dpca3g252450.842	15	888
dpca3g252470.842	15	889
dpca3g252480.842	15	890
dpca3g252490.842	15	891
dpca3g252500.842	15	892
dpca3g252510.842	15	893
dpca3g252540.842	15	894
dpca3g252550.842	15	895
dpca3g252570.842	15	896
dpca3g252580.842	15	897
dpca3g252610.842	15	898
dpca3g252640.842	15	899
dpca3g252660.842	15	900
dpca3g252670.842	15	901
dpca3g252690.842	15	902
dpca3g252750.842	15	903
dpca3g252760.842	15	904
dpca3g252780.842	15	905
dpca3g252790.842	15	906
dpca3g252800.842	15	907
dpca3g252810.842	15	908
dpca3g252850.842	15	909
dpca3g252860.842	15	910
dpca3g252870.842	15	911
dpca3g252940.842	15	912
dpca3g252950.842	15	913
dpca3g252960.842	15	914
dpca3g252970.842	15	915
dpca3g252980.842	15	916
dpca3g253000.842	15	917
dpca3g253010.842	15	918
dpca3g253020.842	15	919
dpca3g253030.842	15	920
dpca3g253040.842	15	921
dpca3g253050.842	15	922
dpca3g253060.842	15	923
dpca3g253070.842	15	924
dpca3g253080.842	15	925
dpca3g253090.842	15	926
dpca3g253100.842	15	927
dpca3g253130.842	15	928
dpca3g253140.842	15	929
dpca3g253160.842	15	930
dpca3g253170.842	15	931
dpca3g253180.842	15	932
dpca3g253190.842	15	933
dpca3g253200.842	15	934
dpca3g253210.842	15	935
dpca3g253230.842	15	936
dpca3g253350.842	15	937
dpca3g253360.842	15	938
dpca3g253370.842	15	939
dpca3g253410.842	15	940
dpca3g253420.842	15	941
dpca3g253440.842	15	942
dpca3g253460.842	15	943
dpca3g253480.842	15	944
dpca3g253500.842	15	945
dpca3g253510.842	15	946
dpca3g253520.842	15	947
dpca3g253530.842	15	948
dpca3g253540.842	15	949
dpca3g253560.842	15	950
dpca3g253590.842	15	951
dpca3g253600.842	15	952
dpca3g253620.842	15	953
dpca3g253630.842	15	954
dpca3g253640.842	15	955
dpca3g253650.842	15	956
dpca3g253660.842	15	957
dpca3g253670.842	15	958
dpca3g253680.842	15	959
dpca3g253690.842	15	960
dpca3g253710.842	15	961
dpca3g253720.842	15	962
dpca3g253730.842	15	963
dpca3g253750.842	15	964
dpca3g253770.842	15	965
dpca3g253780.842	15	966
dpca3g253790.842	15	967
dpca3g253800.842	15	968
dpca3g253810.842	15	969
dpca3g253840.842	15	970
dpca3g253850.842	15	971
dpca3g253860.842	15	972
dpca3g253870.842	15	973
dpca3g253880.842	15	974
dpca3g253890.842	15	975
dpca3g253900.842	15	976
dpca3g253910.842	15	977
dpca3g253920.842	15	978
dpca3g253950.842	15	979
dpca3g253970.842	15	980
dpca3g253980.842	15	981
dpca3g253990.842	15	982
dpca3g254000.842	15	983
dpca3g254010.842	15	984
dpca3g254020.842	15	985
dpca3g254030.842	15	986
dpca3g254060.842	15	987
dpca3g254070.842	15	988
dpca3g254090.842	15	989
dpca3g254100.842	15	990
dpca3g254120.842	15	991
dpca3g254130.842	15	992
dpca3g254150.842	15	993
dpca3g254160.842	15	994
dpca3g254170.842	15	995
dpca3g254190.842	15	996
dpca3g254230.842	15	997
dpca3g254240.842	15	998
dpca3g254250.842	15	999
dpca3g254260.842	15	1000
dpca3g254270.842	15	1001
dpca3g254280.842	15	1002
dpca3g254290.842	15	1003
dpca3g254320.842	15	1004
dpca3g254330.842	15	1005
dpca3g254340.842	15	1006
dpca3g254360.842	15	1007
dpca3g254370.842	15	1008
dpca3g254390.842	15	1009
dpca3g254400.842	15	1010
dpca3g254410.842	15	1011
dpca3g254420.842	15	1012
dpca3g254430.842	15	1013
dpca3g254440.842	15	1014
dpca3g254450.842	15	1015
dpca3g254460.842	15	1016
dpca3g254470.842	15	1017
dpca3g254480.842	15	1018
dpca3g254490.842	15	1019
dpca3g254510.842	15	1020
dpca3g254520.842	15	1021
dpca3g254570.842	15	1022
dpca3g254580.842	15	1023
dpca3g254590.842	16	0
dpca3g254600.842	16	1
dpca3g254610.842	16	2
dpca3g254620.842	16	3
dpca3g254630.842	16	4
dpca3g254640.842	16	5
dpca3g254650.842	16	6
dpca3g254660.842	16	7
dpca3g254700.842	16	8
dpca3g254710.842	16	9
dpca3g254730.842	16	10
dpca3g254740.842	16	11
dpca3g254750.842	16	12
dpca3g254780.842	16	13
dpca3g254820.842	16	14
dpca3g254830.842	16	15
dpca3g254850.842	16	16
dpca3g254860.842	16	17
dpca3g254870.842	16	18
dpca3g254880.842	16	19
dpca3g254890.842	16	20
dpca3g254900.842	16	21
dpca3g254920.842	16	22
dpca3g254930.842	16	23
dpca3g254970.842	16	24
dpca3g255000.842	16	25
dpca3g255010.842	16	26
dpca3g255020.842	16	27
dpca3g255030.842	16	28
dpca3g255040.842	16	29
dpca3g255050.842	16	30
dpca3g255060.842	16	31
dpca3g255070.842	16	32
dpca3g255080.842	16	33
dpca3g255090.842	16	34
dpca3g255100.842	16	35
dpca3g255110.842	16	36
dpca3g255140.842	16	37
dpca3g255150.842	16	38
dpca3g255180.842	16	39
dpca3g255190.842	16	40
dpca3g255220.842	16	41
dpca3g255230.842	16	42
dpca3g255240.842	16	43
dpca3g255260.842	16	44
dpca3g255270.842	16	45
dpca3g255280.842	16	46
dpca3g255290.842	16	47
dpca3g255310.842	16	48
dpca3g255320.842	16	49
dpca3g255350.842	16	50
dpca3g255360.842	16	51
dpca3g255370.842	16	52
dpca3g255380.842	16	53
dpca3g255390.842	16	54
dpca3g255400.842	16	55
dpca3g255410.842	16	56
dpca3g255440.842	16	57
dpca3g255480.842	16	58
dpca3g255490.842	16	59
dpca3g255510.842	16	60
dpca3g255530.842	16	61
dpca3g255560.842	16	62
dpca3g255570.842	16	63
dpca3g255590.842	16	64
dpca3g255600.842	16	65
dpca3g255610.842	16	66
dpca3g255630.842	16	67
dpca3g255640.842	16	68
dpca3g255650.842	16	69
dpca3g255660.842	16	70
dpca3g255710.842	16	71
dpca3g255750.842	16	72
dpca3g255770.842	16	73
dpca3g255780.842	16	74
dpca3g255790.842	16	75
dpca3g255820.842	16	76
dpca3g255830.842	16	77
dpca3g255840.842	16	78
dpca3g255850.842	16	79
dpca3g255860.842	16	80
dpca3g255870.842	16	81
dpca3g255880.842	16	82
dpca3g255890.842	16	83
dpca3g255900.842	16	84
dpca3g255910.842	16	85
dpca3g255920.842	16	86
dpca3g255930.842	16	87
dpca3g255950.842	16	88
dpca3g255970.842	16	89
dpca3g255980.842	16	90
dpca3g255990.842	16	91
dpca3g256000.842	16	92
dpca3g256020.842	16	93
dpca3g256040.842	16	94
dpca3g256050.842	16	95
dpca3g256060.842	16	96
dpca3g256070.842	16	97
dpca3g256080.842	16	98
dpca3g256090.842	16	99
dpca3g256100.842	16	100
dpca3g256110.842	16	101
dpca3g256120.842	16	102
dpca3g256130.842	16	103
dpca3g256140.842	16	104
dpca3g256170.842	16	105
dpca3g256180.842	16	106
dpca3g256190.842	16	107
dpca3g256200.842	16	108
dpca3g256220.842	16	109
dpca3g256230.842	16	110
dpca3g256240.842	16	111
dpca3g256260.842	16	112
dpca3g256270.842	16	113
dpca3g256280.842	16	114
dpca3g256300.842	16	115
dpca3g256310.842	16	116
dpca3g256320.842	16	117
dpca3g256330.842	16	118
dpca3g256340.842	16	119
dpca3g256360.842	16	120
dpca3g256370.842	16	121
dpca3g256380.842	16	122
dpca3g256430.842	16	123
dpca3g256440.842	16	124
dpca3g256450.842	16	125
dpca3g256460.842	16	126
dpca3g256480.842	16	127
dpca3g256490.842	16	128
dpca3g256500.842	16	129
dpca3g256530.842	16	130
dpca3g256550.842	16	131
dpca3g256570.842	16	132
dpca3g256600.842	16	133
dpca3g256620.842	16	134
dpca3g256630.842	16	135
dpca3g256640.842	16	136
dpca3g256670.842	16	137
dpca3g256710.842	16	138
dpca3g256730.842	16	139
dpca3g256740.842	16	140
dpca3g256750.842	16	141
dpca3g256760.842	16	142
dpca3g256770.842	16	143
dpca3g256820.842	16	144
dpca3g256830.842	16	145
dpca3g256840.842	16	146
dpca3g256850.842	16	147
dpca3g256860.842	16	148
dpca3g256870.842	16	149
dpca3g256890.842	16	150
dpca3g256920.842	16	151
dpca3g256950.842	16	152
dpca3g256960.842	16	153
dpca3g256970.842	16	154
dpca3g256980.842	16	155
dpca3g256990.842	16	156
dpca3g257000.842	16	157
dpca3g257030.842	16	158
dpca3g257040.842	16	159
dpca3g257050.842	16	160
dpca3g257060.842	16	161
dpca3g257070.842	16	162
dpca3g257080.842	16	163
dpca3g257100.842	16	164
dpca3g257110.842	16	165
dpca3g257120.842	16	166
dpca3g257130.842	16	167
dpca3g257150.842	16	168
dpca3g257200.842	16	169
dpca3g257210.842	16	170
dpca3g257220.842	16	171
dpca3g257230.842	16	172
dpca3g257250.842	16	173
dpca3g257260.842	16	174
dpca3g257270.842	16	175
dpca3g257280.842	16	176
dpca3g257290.842	16	177
dpca3g257300.842	16	178
dpca3g257320.842	16	179
dpca3g257330.842	16	180
dpca3g257340.842	16	181
dpca3g257350.842	16	182
dpca3g257370.842	16	183
dpca3g257380.842	16	184
dpca3g257400.842	16	185
dpca3g257420.842	16	186
dpca3g257430.842	16	187
dpca3g257460.842	16	188
dpca3g257470.842	16	189
dpca3g257490.842	16	190
dpca3g257500.842	16	191
dpca3g257510.842	16	192
dpca3g257520.842	16	193
dpca3g257530.842	16	194
dpca3g257540.842	16	195
dpca3g257590.842	16	196
dpca3g257600.842	16	197
dpca3g257610.842	16	198
dpca3g257620.842	16	199
dpca3g257660.842	16	200
dpca3g257680.842	16	201
dpca3g257690.842	16	202
dpca3g257720.842	16	203
dpca3g257750.842	16	204
dpca3g257760.842	16	205
dpca3g257770.842	16	206
dpca3g257780.842	16	207
dpca3g257790.842	16	208
dpca3g257800.842	16	209
dpca3g257810.842	16	210
dpca3g257850.842	16	211
dpca3g257860.842	16	212
dpca3g257870.842	16	213
dpca3g257880.842	16	214
dpca3g257890.842	16	215
dpca3g257900.842	16	216
dpca3g257910.842	16	217
dpca3g257920.842	16	218
dpca3g257930.842	16	219
dpca3g257940.842	16	220
dpca3g257950.842	16	221
dpca3g257960.842	16	222
dpca3g257970.842	16	223
dpca3g257990.842	16	224
dpca3g258000.842	16	225
dpca3g258010.842	16	226
dpca3g258030.842	16	227
dpca3g258040.842	16	228
dpca3g258050.842	16	229
dpca3g258060.842	16	230
dpca3g258070.842	16	231
dpca3g258080.842	16	232
dpca3g258090.842	16	233
dpca3g258100.842	16	234
dpca3g258110.842	16	235
dpca3g258120.842	16	236
dpca3g258130.842	16	237
dpca3g258140.842	16	238
dpca3g258150.842	16	239
dpca3g258160.842	16	240
dpca3g258170.842	16	241
dpca3g258180.842	16	242
dpca3g258190.842	16	243
dpca3g258200.842	16	244
dpca3g258210.842	16	245
dpca3g258220.842	16	246
dpca3g258230.842	16	247
dpca3g258240.842	16	248
dpca3g258250.842	16	249
dpca3g258270.842	16	250
dpca3g258300.842	16	251
dpca3g258310.842	16	252
dpca3g258320.842	16	253
dpca3g258330.842	16	254
dpca3g258340.842	16	255
dpca3g258350.842	16	256
dpca3g258360.842	16	257
dpca3g258370.842	16	258
dpca3g258400.842	16	259
dpca3g258410.842	16	260
dpca3g258420.842	16	261
dpca3g258430.842	16	262
dpca3g258440.842	16	263
dpca3g258450.842	16	264
dpca3g258460.842	16	265
dpca3g258470.842	16	266
dpca3g258480.842	16	267
dpca3g258490.842	16	268
dpca3g258500.842	16	269
dpca3g258520.842	16	270
dpca3g258550.842	16	271
dpca3g258560.842	16	272
dpca3g258570.842	16	273
dpca3g258590.842	16	274
dpca3g258600.842	16	275
dpca3g258610.842	16	276
dpca3g258620.842	16	277
dpca3g258650.842	16	278
dpca3g258660.842	16	279
dpca3g258700.842	16	280
dpca3g258710.842	16	281
dpca3g258720.842	16	282
dpca3g258730.842	16	283
dpca3g258770.842	16	284
dpca3g258790.842	16	285
dpca3g258800.842	16	286
dpca3g258810.842	16	287
dpca3g258820.842	16	288
dpca3g258830.842	16	289
dpca3g258840.842	16	290
dpca3g258850.842	16	291
dpca3g258860.842	16	292
dpca3g258870.842	16	293
dpca3g258880.842	16	294
dpca3g258890.842	16	295
dpca3g258930.842	16	296
dpca3g258940.842	16	297
dpca3g258950.842	16	298
dpca3g258960.842	16	299
dpca3g258970.842	16	300
dpca3g258990.842	16	301
dpca3g259000.842	16	302
dpca3g259010.842	16	303
dpca3g259020.842	16	304
dpca3g259030.842	16	305
dpca3g259040.842	16	306
dpca3g259060.842	16	307
dpca3g259070.842	16	308
dpca3g259080.842	16	309
dpca3g259100.842	16	310
dpca3g259110.842	16	311
dpca3g259120.842	16	312
dpca3g259130.842	16	313
dpca3g259150.842	16	314
dpca3g259160.842	16	315
dpca3g259170.842	16	316
dpca3g259180.842	16	317
dpca3g259190.842	16	318
dpca3g259200.842	16	319
dpca3g259210.842	16	320
dpca3g259230.842	16	321
dpca3g259240.842	16	322
dpca3g259250.842	16	323
dpca3g259260.842	16	324
dpca3g259280.842	16	325
dpca3g259290.842	16	326
dpca3g259310.842	16	327
dpca3g259360.842	16	328
dpca3g259370.842	16	329
dpca3g259380.842	16	330
dpca3g259390.842	16	331
dpca3g259420.842	16	332
dpca3g259450.842	16	333
dpca3g259460.842	16	334
dpca3g259470.842	16	335
dpca3g259490.842	16	336
dpca3g259500.842	16	337
dpca3g259510.842	16	338
dpca3g259520.842	16	339
dpca3g259530.842	16	340
dpca3g259540.842	16	341
dpca3g259550.842	16	342
dpca3g259560.842	16	343
dpca3g259570.842	16	344
dpca3g259580.842	16	345
dpca3g259590.842	16	346
dpca3g259610.842	16	347
dpca3g259620.842	16	348
dpca3g259630.842	16	349
dpca3g259640.842	16	350
dpca3g259660.842	16	351
dpca3g259670.842	16	352
dpca3g259700.842	16	353
dpca3g259710.842	16	354
dpca3g259720.842	16	355
dpca3g259730.842	16	356
dpca3g259740.842	16	357
dpca3g259750.842	16	358
dpca3g259760.842	16	359
dpca3g259770.842	16	360
dpca3g259780.842	16	361
dpca3g259830.842	16	362
dpca3g259860.842	16	363
dpca3g259870.842	16	364
dpca3g259900.842	16	365
dpca3g259910.842	16	366
dpca3g259930.842	16	367
dpca3g259940.842	16	368
dpca3g259950.842	16	369
dpca3g259960.842	16	370
dpca3g259970.842	16	371
dpca3g259980.842	16	372
dpca3g259990.842	16	373
dpca3g260000.842	16	374
dpca3g260030.842	16	375
dpca3g260040.842	16	376
dpca3g260060.842	16	377
dpca3g260100.842	16	378
dpca3g260110.842	16	379
dpca3g260120.842	16	380
dpca3g260130.842	16	381
dpca3g260140.842	16	382
dpca3g260190.842	16	383
dpca3g260200.842	16	384
dpca3g260210.842	16	385
dpca3g260220.842	16	386
dpca3g260230.842	16	387
dpca3g260240.842	16	388
dpca3g260250.842	16	389
dpca3g260260.842	16	390
dpca3g260270.842	16	391
dpca3g260280.842	16	392
dpca3g260290.842	16	393
dpca3g260300.842	16	394
dpca3g260310.842	16	395
dpca3g260320.842	16	396
dpca3g260330.842	16	397
dpca3g260340.842	16	398
dpca3g260350.842	16	399
dpca3g260360.842	16	400
dpca3g260370.842	16	401
dpca3g260400.842	16	402
dpca3g260410.842	16	403
dpca3g260440.842	16	404
dpca3g260460.842	16	405
dpca3g260470.842	16	406
dpca3g260480.842	16	407
dpca3g260490.842	16	408
dpca3g260510.842	16	409
dpca3g260530.842	16	410
dpca3g260560.842	16	411
dpca3g260570.842	16	412
dpca3g260580.842	16	413
dpca3g260590.842	16	414
dpca3g260600.842	16	415
dpca3g260610.842	16	416
dpca3g260620.842	16	417
dpca3g260630.842	16	418
dpca3g260640.842	16	419
dpca3g260650.842	16	420
dpca3g260660.842	16	421
dpca3g260680.842	16	422
dpca3g260700.842	16	423
dpca3g260710.842	16	424
dpca3g260720.842	16	425
dpca3g260730.842	16	426
dpca3g260740.842	16	427
dpca3g260750.842	16	428
dpca3g260760.842	16	429
dpca3g260770.842	16	430
dpca3g260790.842	16	431
dpca3g260800.842	16	432
dpca3g260810.842	16	433
dpca3g260820.842	16	434
dpca3g260830.842	16	435
dpca3g260850.842	16	436
dpca3g260860.842	16	437
dpca3g260870.842	16	438
dpca3g260880.842	16	439
dpca3g260890.842	16	440
dpca3g260910.842	16	441
dpca3g260920.842	16	442
dpca3g260940.842	16	443
dpca3g260950.842	16	444
dpca3g261020.842	16	445
dpca3g261030.842	16	446
dpca3g261040.842	16	447
dpca3g261050.842	16	448
dpca3g261060.842	16	449
dpca3g261090.842	16	450
dpca3g261100.842	16	451
dpca3g261120.842	16	452
dpca3g261130.842	16	453
dpca3g261140.842	16	454
dpca3g261160.842	16	455
dpca3g261190.842	16	456
dpca3g261200.842	16	457
dpca3g261210.842	16	458
dpca3g261230.842	16	459
dpca3g261240.842	16	460
dpca3g261260.842	16	461
dpca3g261270.842	16	462
dpca3g261280.842	16	463
dpca3g261310.842	16	464
dpca3g261320.842	16	465
dpca3g261330.842	16	466
dpca3g261350.842	16	467
dpca3g261360.842	16	468
dpca3g261370.842	16	469
dpca3g261380.842	16	470
dpca3g261390.842	16	471
dpca3g261400.842	16	472
dpca3g261410.842	16	473
dpca3g261420.842	16	474
dpca3g261430.842	16	475
dpca3g261440.842	16	476
dpca3g261450.842	16	477
dpca3g261460.842	16	478
dpca3g261480.842	16	479
dpca3g261490.842	16	480
dpca3g261500.842	16	481
dpca3g261520.842	16	482
dpca3g261570.842	16	483
dpca3g261580.842	16	484
dpca3g261600.842	16	485
dpca3g261630.842	16	486
dpca3g261640.842	16	487
dpca3g261650.842	16	488
dpca3g261670.842	16	489
dpca3g261680.842	16	490
dpca3g261690.842	16	491
dpca3g261700.842	16	492
dpca3g261710.842	16	493
dpca3g261720.842	16	494
dpca3g261730.842	16	495
dpca3g261750.842	16	496
dpca3g261780.842	16	497
dpca3g261790.842	16	498
dpca3g261800.842	16	499
dpca3g261820.842	16	500
dpca3g261830.842	16	501
dpca3g261850.842	16	502
dpca3g261860.842	16	503
dpca3g261870.842	16	504
dpca3g261880.842	16	505
dpca3g261890.842	16	506
dpca3g261900.842	16	507
dpca3g261910.842	16	508
dpca3g261920.842	16	509
dpca3g261930.842	16	510
dpca3g261950.842	16	511
dpca3g261960.842	16	512
dpca3g261970.842	16	513
dpca3g261980.842	16	514
dpca3g261990.842	16	515
dpca3g262000.842	16	516
dpca3g262020.842	16	517
dpca3g262030.842	16	518
dpca3g262040.842	16	519
dpca3g262050.842	16	520
dpca3g262100.842	16	521
dpca3g262110.842	16	522
dpca3g262150.842	16	523
dpca3g262160.842	16	524
dpca3g262170.842	16	525
dpca3g262180.842	16	526
dpca3g262190.842	16	527
dpca3g262200.842	16	528
dpca3g262230.842	16	529
dpca3g262240.842	16	530
dpca3g262250.842	16	531
dpca3g262260.842	16	532
dpca3g262270.842	16	533
dpca3g262280.842	16	534
dpca3g262320.842	16	535
dpca3g262330.842	16	536
dpca3g262340.842	16	537
dpca3g262350.842	16	538
dpca3g262360.842	16	539
dpca3g262390.842	16	540
dpca3g262400.842	16	541
dpca3g262420.842	16	542
dpca3g262440.842	16	543
dpca3g262480.842	16	544
dpca3g262490.842	16	545
dpca3g262500.842	16	546
dpca3g262510.842	16	547
dpca3g262530.842	16	548
dpca3g262540.842	16	549
dpca3g262550.842	16	550
dpca3g262560.842	16	551
dpca3g262570.842	16	552
dpca3g262580.842	16	553
dpca3g262590.842	16	554
dpca3g262600.842	16	555
dpca3g262610.842	16	556
dpca3g262620.842	16	557
dpca3g262630.842	16	558
dpca3g262660.842	16	559
dpca3g262670.842	16	560
dpca3g262680.842	16	561
dpca3g262690.842	16	562
dpca3g262710.842	16	563
dpca3g262720.842	16	564
dpca3g262730.842	16	565
dpca3g262740.842	16	566
dpca3g262750.842	16	567
dpca3g262770.842	16	568
dpca3g262790.842	16	569
dpca3g262800.842	16	570
dpca3g262820.842	16	571
dpca3g262830.842	16	572
dpca3g262840.842	16	573
dpca3g262860.842	16	574
dpca3g262870.842	16	575
dpca3g262880.842	16	576
dpca3g262890.842	16	577
dpca3g262900.842	16	578
dpca3g262910.842	16	579
dpca3g262920.842	16	580
dpca3g262940.842	16	581
dpca3g262960.842	16	582
dpca3g262970.842	16	583
dpca3g262980.842	16	584
dpca3g263000.842	16	585
dpca3g263020.842	16	586
dpca3g263030.842	16	587
dpca3g263040.842	16	588
dpca3g263050.842	16	589
dpca3g263070.842	16	590
dpca3g263080.842	16	591
dpca3g263090.842	16	592
dpca3g263100.842	16	593
dpca3g263110.842	16	594
dpca3g263120.842	16	595
dpca3g263130.842	16	596
dpca3g263140.842	16	597
dpca3g263190.842	16	598
dpca3g263200.842	16	599
dpca3g263230.842	16	600
dpca3g263240.842	16	601
dpca3g263260.842	16	602
dpca3g263270.842	16	603
dpca3g263280.842	16	604
dpca3g263290.842	16	605
dpca3g263300.842	16	606
dpca3g263310.842	16	607
dpca3g263330.842	16	608
dpca3g263340.842	16	609
dpca3g263350.842	16	610
dpca3g263360.842	16	611
dpca3g263380.842	16	612
dpca3g263390.842	16	613
dpca3g263400.842	16	614
dpca3g263420.842	16	615
dpca3g263440.842	16	616
dpca3g263460.842	16	617
dpca3g263470.842	16	618
dpca3g263480.842	16	619
dpca3g263490.842	16	620
dpca3g263510.842	16	621
dpca3g263520.842	16	622
dpca3g263530.842	16	623
dpca3g263540.842	16	624
dpca3g263550.842	16	625
dpca3g263560.842	16	626
dpca3g263570.842	16	627
dpca3g263590.842	16	628
dpca3g263610.842	16	629
dpca3g263620.842	16	630
dpca3g263660.842	16	631
dpca3g263670.842	16	632
dpca3g263680.842	16	633
dpca3g263690.842	16	634
dpca3g263700.842	16	635
dpca3g263710.842	16	636
dpca3g263720.842	16	637
dpca3g263730.842	16	638
dpca3g263740.842	16	639
dpca3g263750.842	16	640
dpca3g263760.842	16	641
dpca3g263800.842	16	642
dpca3g263810.842	16	643
dpca3g263820.842	16	644
dpca3g263830.842	16	645
dpca3g263840.842	16	646
dpca3g263850.842	16	647
dpca3g263860.842	16	648
dpca3g263880.842	16	649
dpca3g263890.842	16	650
dpca3g263910.842	16	651
dpca3g263920.842	16	652
dpca3g263930.842	16	653
dpca3g263940.842	16	654
dpca3g263950.842	16	655
dpca3g263980.842	16	656
dpca3g263990.842	16	657
dpca3g264000.842	16	658
dpca3g264020.842	16	659
dpca3g264030.842	16	660
dpca3g264080.842	16	661
dpca3g264100.842	16	662
dpca3g264110.842	16	663
dpca3g264130.842	16	664
dpca3g264150.842	16	665
dpca3g264160.842	16	666
dpca3g264190.842	16	667
dpca3g264210.842	16	668
dpca3g264220.842	16	669
dpca3g264270.842	16	670
dpca3g264310.842	16	671
dpca3g264330.842	16	672
dpca3g264340.842	16	673
dpca3g264350.842	16	674
dpca3g264360.842	16	675
dpca3g264370.842	16	676
dpca3g264380.842	16	677
dpca3g264390.842	16	678
dpca3g264400.842	16	679
dpca3g264410.842	16	680
dpca3g264420.842	16	681
dpca3g264430.842	16	682
dpca3g264440.842	16	683
dpca3g264460.842	16	684
dpca3g264480.842	16	685
dpca3g264500.842	16	686
dpca3g264510.842	16	687
dpca3g264520.842	16	688
dpca3g264540.842	16	689
dpca3g264550.842	16	690
dpca3g264570.842	16	691
dpca3g264580.842	16	692
dpca3g264590.842	16	693
dpca3g264600.842	16	694
dpca3g264610.842	16	695
dpca3g264630.842	16	696
dpca3g264640.842	16	697
dpca3g264660.842	16	698
dpca3g264670.842	16	699
dpca3g264680.842	16	700
dpca3g264690.842	16	701
dpca3g264700.842	16	702
dpca3g264710.842	16	703
dpca3g264720.842	16	704
dpca3g264730.842	16	705
dpca3g264740.842	16	706
dpca3g264750.842	16	707
dpca3g264760.842	16	708
dpca3g264770.842	16	709
dpca3g264780.842	16	710
dpca3g264790.842	16	711
dpca3g264800.842	16	712
dpca3g264810.842	16	713
dpca3g264820.842	16	714
dpca3g264830.842	16	715
dpca3g264850.842	16	716
dpca3g264860.842	16	717
dpca3g264870.842	16	718
dpca3g264890.842	16	719
dpca3g264900.842	16	720
dpca3g264910.842	16	721
dpca3g264920.842	16	722
dpca3g264990.842	16	723
dpca3g265020.842	16	724
dpca3g265070.842	16	725
dpca3g265080.842	16	726
dpca3g265110.842	16	727
dpca3g265120.842	16	728
dpca3g265130.842	16	729
dpca3g265160.842	16	730
dpca3g265170.842	16	731
dpca3g265190.842	16	732
dpca3g265200.842	16	733
dpca3g265210.842	16	734
dpca3g265220.842	16	735
dpca3g265230.842	16	736
dpca3g265240.842	16	737
dpca3g265280.842	16	738
dpca3g265290.842	16	739
dpca3g265340.842	16	740
dpca3g265350.842	16	741
dpca3g265360.842	16	742
dpca3g265370.842	16	743
dpca3g265380.842	16	744
dpca3g265390.842	16	745
dpca3g265400.842	16	746
dpca3g265450.842	16	747
dpca3g265470.842	16	748
dpca3g265480.842	16	749
dpca3g265490.842	16	750
dpca3g265540.842	16	751
dpca3g265560.842	16	752
dpca3g265580.842	16	753
dpca3g265590.842	16	754
dpca3g265620.842	16	755
dpca3g265630.842	16	756
dpca3g265650.842	16	757
dpca3g265660.842	16	758
dpca3g265670.842	16	759
dpca3g265680.842	16	760
dpca3g265690.842	16	761
dpca3g265700.842	16	762
dpca3g265710.842	16	763
dpca3g265720.842	16	764
dpca3g265730.842	16	765
dpca3g265740.842	16	766
dpca3g265750.842	16	767
dpca3g265760.842	16	768
dpca3g265770.842	16	769
dpca3g265780.842	16	770
dpca3g265790.842	16	771
dpca3g265810.842	16	772
dpca3g265820.842	16	773
dpca3g265840.842	16	774
dpca3g265850.842	16	775
dpca3g265870.842	16	776
dpca3g265880.842	16	777
dpca3g265890.842	16	778
dpca3g265900.842	16	779
dpca3g265910.842	16	780
dpca3g265920.842	16	781
dpca3g265930.842	16	782
dpca3g265940.842	16	783
dpca3g265950.842	16	784
dpca3g265960.842	16	785
dpca3g265970.842	16	786
dpca3g265980.842	16	787
dpca3g265990.842	16	788
dpca3g266000.842	16	789
dpca3g266010.842	16	790
dpca3g266020.842	16	791
dpca3g266030.842	16	792
dpca3g266040.842	16	793
dpca3g266050.842	16	794
dpca3g266060.842	16	795
dpca3g266070.842	16	796
dpca3g266090.842	16	797
dpca3g266100.842	16	798
dpca3g266110.842	16	799
dpca3g266120.842	16	800
dpca3g266130.842	16	801
dpca3g266140.842	16	802
dpca3g266160.842	16	803
dpca3g266180.842	16	804
dpca3g266190.842	16	805
dpca3g266200.842	16	806
dpca3g266210.842	16	807
dpca3g266220.842	16	808
dpca3g266230.842	16	809
dpca3g266240.842	16	810
dpca3g266250.842	16	811
dpca3g266260.842	16	812
dpca3g266270.842	16	813
dpca3g266280.842	16	814
dpca3g266290.842	16	815
dpca3g266300.842	16	816
dpca3g266310.842	16	817
dpca3g266320.842	16	818
dpca3g266330.842	16	819
dpca3g266340.842	16	820
dpca3g266350.842	16	821
dpca3g266360.842	16	822
dpca3g266370.842	16	823
dpca3g266380.842	16	824
dpca3g266390.842	16	825
dpca3g266400.842	16	826
dpca3g266410.842	16	827
dpca3g266430.842	16	828
dpca3g266440.842	16	829
dpca3g266470.842	16	830
dpca3g266480.842	16	831
dpca3g266490.842	16	832
dpca3g266500.842	16	833
dpca3g266520.842	16	834
dpca3g266550.842	16	835
dpca3g266560.842	16	836
dpca3g266570.842	16	837
dpca3g266590.842	16	838
dpca3g266600.842	16	839
dpca3g266610.842	16	840
dpca3g266640.842	16	841
dpca3g266650.842	16	842
dpca3g266660.842	16	843
dpca3g266680.842	16	844
dpca3g266690.842	16	845
dpca3g266700.842	16	846
dpca3g266740.842	16	847
dpca3g266750.842	16	848
dpca3g266760.842	16	849
dpca3g266800.842	16	850
dpca3g266830.842	16	851
dpca3g266850.842	16	852
dpca3g266860.842	16	853
dpca3g266870.842	16	854
dpca3g267020.842	16	855
dpca3g267030.842	16	856
dpca3g267040.842	16	857
dpca3g267050.842	16	858
dpca3g267060.842	16	859
dpca3g267090.842	16	860
dpca3g267110.842	16	861
dpca3g267120.842	16	862
dpca3g267150.842	16	863
dpca3g267160.842	16	864
dpca3g267170.842	16	865
dpca3g267180.842	16	866
dpca3g267190.842	16	867
dpca3g267200.842	16	868
dpca3g267210.842	16	869
dpca3g267220.842	16	870
dpca3g267230.842	16	871
dpca3g267240.842	16	872
dpca3g267250.842	16	873
dpca3g267260.842	16	874
dpca3g267270.842	16	875
dpca3g267280.842	16	876
dpca3g267290.842	16	877
dpca3g267310.842	16	878
dpca3g267320.842	16	879
dpca3g267330.842	16	880
dpca3g267340.842	16	881
dpca3g267350.842	16	882
dpca3g267360.842	16	883
dpca3g267370.842	16	884
dpca3g267380.842	16	885
dpca3g267390.842	16	886
dpca3g267400.842	16	887
dpca3g267410.842	16	888
dpca3g267420.842	16	889
dpca3g267430.842	16	890
dpca3g267440.842	16	891
dpca3g267450.842	16	892
dpca3g267460.842	16	893
dpca3g267480.842	16	894
dpca3g267490.842	16	895
dpca3g267510.842	16	896
dpca3g267530.842	16	897
dpca3g267550.842	16	898
dpca3g267570.842	16	899
dpca3g267580.842	16	900
dpca3g267600.842	16	901
dpca3g267610.842	16	902
dpca3g267620.842	16	903
dpca3g267630.842	16	904
dpca3g267640.842	16	905
dpca3g267650.842	16	906
dpca3g267670.842	16	907
dpca3g267720.842	16	908
dpca3g267730.842	16	909
dpca3g267740.842	16	910
dpca3g267750.842	16	911
dpca3g267770.842	16	912
dpca3g267780.842	16	913
dpca3g267790.842	16	914
dpca3g267800.842	16	915
dpca3g267810.842	16	916
dpca3g267820.842	16	917
dpca3g267830.842	16	918
dpca3g267840.842	16	919
dpca3g267850.842	16	920
dpca3g267860.842	16	921
dpca3g267870.842	16	922
dpca3g267880.842	16	923
dpca3g267890.842	16	924
dpca3g267900.842	16	925
dpca3g267910.842	16	926
dpca3g267920.842	16	927
dpca3g267930.842	16	928
dpca3g267940.842	16	929
dpca3g267950.842	16	930
dpca3g267960.842	16	931
dpca3g267970.842	16	932
dpca3g268000.842	16	933
dpca3g268010.842	16	934
dpca3g268020.842	16	935
dpca3g268030.842	16	936
dpca3g268040.842	16	937
dpca3g268050.842	16	938
dpca3g268060.842	16	939
dpca3g268070.842	16	940
dpca3g268080.842	16	941
dpca3g268090.842	16	942
dpca3g268100.842	16	943
dpca3g268110.842	16	944
dpca3g268120.842	16	945
dpca3g268130.842	16	946
dpca3g268140.842	16	947
dpca3g268160.842	16	948
dpca3g268170.842	16	949
dpca3g268180.842	16	950
dpca3g268200.842	16	951
dpca3g268210.842	16	952
dpca3g268220.842	16	953
dpca3g268230.842	16	954
dpca3g268250.842	16	955
dpca3g268260.842	16	956
dpca3g268270.842	16	957
dpca3g268280.842	16	958
dpca3g268290.842	16	959
dpca3g268310.842	16	960
dpca3g268320.842	16	961
dpca3g268340.842	16	962
dpca3g268350.842	16	963
dpca3g268410.842	16	964
dpca3g268440.842	16	965
dpca3g268450.842	16	966
dpca3g268460.842	16	967
dpca3g268470.842	16	968
dpca3g268480.842	16	969
dpca3g268490.842	16	970
dpca3g268520.842	16	971
dpca3g268530.842	16	972
dpca3g268540.842	16	973
dpca3g268550.842	16	974
dpca3g268560.842	16	975
dpca3g268570.842	16	976
dpca3g268610.842	16	977
dpca3g268640.842	16	978
dpca3g268710.842	16	979
dpca3g268720.842	16	980
dpca3g268740.842	16	981
dpca3g268750.842	16	982
dpca3g268760.842	16	983
dpca3g268770.842	16	984
dpca3g268790.842	16	985
dpca3g268800.842	16	986
dpca3g268810.842	16	987
dpca3g268820.842	16	988
dpca3g268840.842	16	989
dpca3g268850.842	16	990
dpca3g268870.842	16	991
dpca3g268900.842	16	992
dpca3g268920.842	16	993
dpca3g268950.842	16	994
dpca3g268960.842	16	995
dpca3g268970.842	16	996
dpca3g268980.842	16	997
dpca3g268990.842	16	998
dpca3g269000.842	16	999
dpca3g269010.842	16	1000
dpca3g269020.842	16	1001
dpca3g269080.842	16	1002
dpca3g269090.842	16	1003
dpca3g269100.842	16	1004
dpca3g269120.842	16	1005
dpca3g269130.842	16	1006
dpca3g269140.842	16	1007
dpca3g269150.842	16	1008
dpca3g269160.842	16	1009
dpca3g269190.842	16	1010
dpca3g269200.842	16	1011
dpca3g269210.842	16	1012
dpca3g269220.842	16	1013
dpca3g269230.842	16	1014
dpca3g269240.842	16	1015
dpca3g269250.842	16	1016
dpca3g269260.842	16	1017
dpca3g269270.842	16	1018
dpca3g269280.842	16	1019
dpca3g269290.842	16	1020
dpca3g269300.842	16	1021
dpca3g269310.842	16	1022
dpca3g269320.842	16	1023
dpca3g269330.842	17	0
dpca3g269370.842	17	1
dpca3g269380.842	17	2
dpca3g269390.842	17	3
dpca3g269400.842	17	4
dpca3g269450.842	17	5
dpca3g269460.842	17	6
dpca3g269470.842	17	7
dpca3g269490.842	17	8
dpca3g269510.842	17	9
dpca3g269520.842	17	10
dpca3g269530.842	17	11
dpca3g269540.842	17	12
dpca3g269550.842	17	13
dpca3g269560.842	17	14
dpca3g269570.842	17	15
dpca3g269580.842	17	16
dpca3g269600.842	17	17
dpca3g269610.842	17	18
dpca3g269630.842	17	19
dpca3g269640.842	17	20
dpca3g269650.842	17	21
dpca3g269670.842	17	22
dpca3g269680.842	17	23
dpca3g269690.842	17	24
dpca3g269700.842	17	25
dpca3g269730.842	17	26
dpca3g269740.842	17	27
dpca3g269750.842	17	28
dpca3g269770.842	17	29
dpca3g269780.842	17	30
dpca3g269790.842	17	31
dpca3g269800.842	17	32
dpca3g269820.842	17	33
dpca3g269840.842	17	34
dpca3g269870.842	17	35
dpca3g269880.842	17	36
dpca3g269900.842	17	37
dpca3g269910.842	17	38
dpca3g269930.842	17	39
dpca3g269950.842	17	40
dpca3g269960.842	17	41
dpca3g269980.842	17	42
dpca3g269990.842	17	43
dpca3g270000.842	17	44
dpca3g270010.842	17	45
dpca3g270030.842	17	46
dpca3g270040.842	17	47
dpca3g270050.842	17	48
dpca3g270070.842	17	49
dpca3g270080.842	17	50
dpca3g270100.842	17	51
dpca3g270110.842	17	52
dpca3g270120.842	17	53
dpca3g270130.842	17	54
dpca3g270140.842	17	55
dpca3g270170.842	17	56
dpca3g270180.842	17	57
dpca3g270190.842	17	58
dpca3g270200.842	17	59
dpca3g270210.842	17	60
dpca3g270220.842	17	61
dpca3g270230.842	17	62
dpca3g270240.842	17	63
dpca3g270270.842	17	64
dpca3g270300.842	17	65
dpca3g270310.842	17	66
dpca3g270340.842	17	67
dpca3g270350.842	17	68
dpca3g270360.842	17	69
dpca3g270370.842	17	70
dpca3g270380.842	17	71
dpca3g270390.842	17	72
dpca3g270400.842	17	73
dpca3g270410.842	17	74
dpca3g270430.842	17	75
dpca3g270460.842	17	76
dpca3g270470.842	17	77
dpca3g270480.842	17	78
dpca3g270500.842	17	79
dpca3g270520.842	17	80
dpca3g270530.842	17	81
dpca3g270560.842	17	82
dpca3g270570.842	17	83
dpca3g270580.842	17	84
dpca3g270590.842	17	85
dpca3g270600.842	17	86
dpca3g270610.842	17	87
dpca3g270620.842	17	88
dpca3g270630.842	17	89
dpca3g270640.842	17	90
dpca3g270680.842	17	91
dpca3g270690.842	17	92
dpca3g270710.842	17	93
dpca3g270720.842	17	94
dpca3g270740.842	17	95
dpca3g270780.842	17	96
dpca3g270790.842	17	97
dpca3g270800.842	17	98
dpca3g270810.842	17	99
dpca3g270850.842	17	100
dpca3g270860.842	17	101
dpca3g270870.842	17	102
dpca3g270880.842	17	103
dpca3g270890.842	17	104
dpca3g270900.842	17	105
dpca3g270910.842	17	106
dpca3g270920.842	17	107
dpca3g270960.842	17	108
dpca3g271010.842	17	109
dpca3g271020.842	17	110
dpca3g271030.842	17	111
dpca3g271080.842	17	112
dpca3g271090.842	17	113
dpca3g271100.842	17	114
dpca3g271110.842	17	115
dpca3g271120.842	17	116
dpca3g271130.842	17	117
dpca3g271140.842	17	118
dpca3g271150.842	17	119
dpca3g271180.842	17	120
dpca3g271200.842	17	121
dpca3g271210.842	17	122
dpca3g271220.842	17	123
dpca3g271230.842	17	124
dpca3g271240.842	17	125
dpca3g271250.842	17	126
dpca3g271260.842	17	127
dpca3g271270.842	17	128
dpca3g271280.842	17	129
dpca3g271290.842	17	130
dpca3g271300.842	17	131
dpca3g271310.842	17	132
dpca3g271320.842	17	133
dpca3g271330.842	17	134
dpca3g271340.842	17	135
dpca3g271350.842	17	136
dpca3g271360.842	17	137
dpca3g271370.842	17	138
dpca3g271390.842	17	139
dpca3g271400.842	17	140
dpca3g271410.842	17	141
dpca3g271430.842	17	142
dpca3g271440.842	17	143
dpca3g271450.842	17	144
dpca3g271470.842	17	145
dpca3g271480.842	17	146
dpca3g271490.842	17	147
dpca3g271500.842	17	148
dpca3g271510.842	17	149
dpca3g271520.842	17	150
dpca3g271530.842	17	151
dpca3g271540.842	17	152
dpca3g271550.842	17	153
dpca3g271560.842	17	154
dpca3g271570.842	17	155
dpca3g271580.842	17	156
dpca3g271620.842	17	157
dpca3g271630.842	17	158
dpca3g271640.842	17	159
dpca3g271670.842	17	160
dpca3g271680.842	17	161
dpca3g271690.842	17	162
dpca3g271700.842	17	163
dpca3g271710.842	17	164
dpca3g271720.842	17	165
dpca3g271730.842	17	166
dpca3g271740.842	17	167
dpca3g271750.842	17	168
dpca3g271760.842	17	169
dpca3g271790.842	17	170
dpca3g271810.842	17	171
dpca3g271820.842	17	172
dpca3g271830.842	17	173
dpca3g271840.842	17	174
dpca3g271850.842	17	175
dpca3g271860.842	17	176
dpca3g271870.842	17	177
dpca3g271880.842	17	178
dpca3g271890.842	17	179
dpca3g271900.842	17	180
dpca3g271910.842	17	181
dpca3g271920.842	17	182
dpca3g271930.842	17	183
dpca3g271940.842	17	184
dpca3g271950.842	17	185
dpca3g271960.842	17	186
dpca3g271970.842	17	187
dpca3g271980.842	17	188
dpca3g272000.842	17	189
dpca3g272020.842	17	190
dpca3g272040.842	17	191
dpca3g272050.842	17	192
dpca3g272060.842	17	193
dpca3g272080.842	17	194
dpca3g272090.842	17	195
dpca3g272100.842	17	196
dpca3g272110.842	17	197
dpca3g272120.842	17	198
dpca3g272130.842	17	199
dpca3g272140.842	17	200
dpca3g272170.842	17	201
dpca3g272180.842	17	202
dpca3g272190.842	17	203
dpca3g272210.842	17	204
dpca3g272220.842	17	205
dpca3g272230.842	17	206
dpca3g272240.842	17	207
dpca3g272260.842	17	208
dpca3g272280.842	17	209
dpca3g272290.842	17	210
dpca3g272310.842	17	211
dpca3g272320.842	17	212
dpca3g272330.842	17	213
dpca3g272340.842	17	214
dpca3g272350.842	17	215
dpca3g272360.842	17	216
dpca3g272370.842	17	217
dpca3g272390.842	17	218
dpca3g272400.842	17	219
dpca3g272410.842	17	220
dpca3g272420.842	17	221
dpca3g272430.842	17	222
dpca3g272440.842	17	223
dpca3g272450.842	17	224
dpca3g272470.842	17	225
dpca3g272480.842	17	226
dpca3g272490.842	17	227
dpca3g272500.842	17	228
dpca3g272510.842	17	229
dpca3g272520.842	17	230
dpca3g272530.842	17	231
dpca3g272560.842	17	232
dpca3g272570.842	17	233
dpca3g272580.842	17	234
dpca3g272590.842	17	235
dpca3g272600.842	17	236
dpca3g272610.842	17	237
dpca3g272620.842	17	238
dpca3g272650.842	17	239
dpca3g272670.842	17	240
dpca3g272710.842	17	241
dpca3g272720.842	17	242
dpca3g272730.842	17	243
dpca3g272740.842	17	244
dpca3g272750.842	17	245
dpca3g272760.842	17	246
dpca3g272770.842	17	247
dpca3g272780.842	17	248
dpca3g272810.842	17	249
dpca3g272820.842	17	250
dpca3g272840.842	17	251
dpca3g272850.842	17	252
dpca3g272860.842	17	253
dpca3g272870.842	17	254
dpca3g272880.842	17	255
dpca3g272890.842	17	256
dpca3g272900.842	17	257
dpca3g272910.842	17	258
dpca3g272920.842	17	259
dpca3g272930.842	17	260
dpca3g272940.842	17	261
dpca3g272950.842	17	262
dpca3g273010.842	17	263
dpca3g273020.842	17	264
dpca3g273030.842	17	265
dpca3g273040.842	17	266
dpca3g273050.842	17	267
dpca3g273060.842	17	268
dpca3g273070.842	17	269
dpca3g273080.842	17	270
dpca3g273090.842	17	271
dpca3g273100.842	17	272
dpca3g273110.842	17	273
dpca3g273120.842	17	274
dpca3g273130.842	17	275
dpca3g273140.842	17	276
dpca3g273160.842	17	277
dpca3g273190.842	17	278
dpca3g273220.842	17	279
dpca3g273230.842	17	280
dpca3g273250.842	17	281
dpca3g273260.842	17	282
dpca3g273270.842	17	283
dpca3g273280.842	17	284
dpca3g273290.842	17	285
dpca3g273310.842	17	286
dpca3g273320.842	17	287
dpca3g273340.842	17	288
dpca3g273350.842	17	289
dpca3g273360.842	17	290
dpca3g273370.842	17	291
dpca3g273380.842	17	292
dpca3g273390.842	17	293
dpca3g273400.842	17	294
dpca3g273410.842	17	295
dpca3g273420.842	17	296
dpca3g273430.842	17	297
dpca3g273440.842	17	298
dpca3g273450.842	17	299
dpca3g273460.842	17	300
dpca3g273470.842	17	301
dpca3g273480.842	17	302
dpca3g273490.842	17	303
dpca3g273500.842	17	304
dpca3g273520.842	17	305
dpca3g273540.842	17	306
dpca3g273550.842	17	307
dpca3g273570.842	17	308
dpca3g273580.842	17	309
dpca3g273590.842	17	310
dpca3g273610.842	17	311
dpca3g273620.842	17	312
dpca3g273650.842	17	313
dpca3g273660.842	17	314
dpca3g273670.842	17	315
dpca3g273680.842	17	316
dpca3g273700.842	17	317
dpca3g273710.842	17	318
dpca3g273720.842	17	319
dpca3g273730.842	17	320
dpca3g273740.842	17	321
dpca3g273750.842	17	322
dpca3g273760.842	17	323
dpca3g273770.842	17	324
dpca3g273780.842	17	325
dpca3g273790.842	17	326
dpca3g273810.842	17	327
dpca3g273820.842	17	328
dpca3g273830.842	17	329
dpca3g273840.842	17	330
dpca3g273850.842	17	331
dpca3g273880.842	17	332
dpca3g273890.842	17	333
dpca3g273900.842	17	334
dpca3g273910.842	17	335
dpca3g273920.842	17	336
dpca3g273930.842	17	337
dpca3g273950.842	17	338
dpca3g273960.842	17	339
dpca3g273970.842	17	340
dpca3g273980.842	17	341
dpca3g273990.842	17	342
dpca3g274000.842	17	343
dpca3g274020.842	17	344
dpca3g274030.842	17	345
dpca3g274040.842	17	346
dpca3g274050.842	17	347
dpca3g274070.842	17	348
dpca3g274090.842	17	349
dpca3g274100.842	17	350
dpca3g274110.842	17	351
dpca3g274140.842	17	352
dpca3g274150.842	17	353
dpca3g274170.842	17	354
dpca3g274180.842	17	355
dpca3g274190.842	17	356
dpca3g274200.842	17	357
dpca3g274210.842	17	358
dpca3g274220.842	17	359
dpca3g274230.842	17	360
dpca3g274240.842	17	361
dpca3g274250.842	17	362
dpca3g274260.842	17	363
dpca3g274270.842	17	364
dpca3g274280.842	17	365
dpca3g274290.842	17	366
dpca3g274300.842	17	367
dpca3g274310.842	17	368
dpca3g274320.842	17	369
dpca3g274330.842	17	370
dpca3g274340.842	17	371
dpca3g274350.842	17	372
dpca3g274360.842	17	373
dpca3g274380.842	17	374
dpca3g274390.842	17	375
dpca3g274400.842	17	376
dpca3g274410.842	17	377
dpca3g274420.842	17	378
dpca3g274430.842	17	379
dpca3g274460.842	17	380
dpca3g274470.842	17	381
dpca3g274490.842	17	382
dpca3g274500.842	17	383
dpca3g274510.842	17	384
dpca3g274520.842	17	385
dpca3g274550.842	17	386
dpca3g274560.842	17	387
dpca3g274570.842	17	388
dpca3g274580.842	17	389
dpca3g274590.842	17	390
dpca3g274600.842	17	391
dpca3g274610.842	17	392
dpca3g274620.842	17	393
dpca3g274630.842	17	394
dpca3g274640.842	17	395
dpca3g274650.842	17	396
dpca3g274660.842	17	397
dpca3g274670.842	17	398
dpca3g274680.842	17	399
dpca3g274690.842	17	400
dpca3g274700.842	17	401
dpca3g274710.842	17	402
dpca3g274720.842	17	403
dpca3g274740.842	17	404
dpca3g274750.842	17	405
dpca3g274760.842	17	406
dpca3g274770.842	17	407
dpca3g274780.842	17	408
dpca3g274790.842	17	409
dpca3g274800.842	17	410
dpca3g274830.842	17	411
dpca3g274850.842	17	412
dpca3g274860.842	17	413
dpca3g274870.842	17	414
dpca3g274880.842	17	415
dpca3g274890.842	17	416
dpca3g274900.842	17	417
dpca3g274910.842	17	418
dpca3g274930.842	17	419
dpca3g274940.842	17	420
dpca3g274950.842	17	421
dpca3g274990.842	17	422
dpca3g275000.842	17	423
dpca3g275010.842	17	424
dpca3g275020.842	17	425
dpca3g275040.842	17	426
dpca3g275060.842	17	427
dpca3g275080.842	17	428
dpca3g275090.842	17	429
dpca3g275100.842	17	430
dpca3g275110.842	17	431
dpca3g275120.842	17	432
dpca3g275130.842	17	433
dpca3g275140.842	17	434
dpca3g275150.842	17	435
dpca3g275170.842	17	436
dpca3g275180.842	17	437
dpca3g275190.842	17	438
dpca3g275200.842	17	439
dpca3g275220.842	17	440
dpca3g275230.842	17	441
dpca3g275240.842	17	442
dpca3g275260.842	17	443
dpca3g275270.842	17	444
dpca3g275280.842	17	445
dpca3g275290.842	17	446
dpca3g275300.842	17	447
dpca3g275330.842	17	448
dpca3g275340.842	17	449
dpca3g275350.842	17	450
dpca3g275360.842	17	451
dpca3g275380.842	17	452
dpca3g275390.842	17	453
dpca3g275400.842	17	454
dpca3g275410.842	17	455
dpca3g275420.842	17	456
dpca3g275430.842	17	457
dpca3g275450.842	17	458
dpca3g275460.842	17	459
dpca3g275470.842	17	460
dpca3g275500.842	17	461
dpca3g275510.842	17	462
dpca3g275520.842	17	463
dpca3g275530.842	17	464
dpca3g275550.842	17	465
dpca3g275560.842	17	466
dpca3g275570.842	17	467
dpca3g275580.842	17	468
dpca3g275590.842	17	469
dpca3g275600.842	17	470
dpca3g275630.842	17	471
dpca3g275640.842	17	472
dpca3g275650.842	17	473
dpca3g275660.842	17	474
dpca3g275670.842	17	475
dpca3g275680.842	17	476
dpca3g275690.842	17	477
dpca3g275700.842	17	478
dpca3g275710.842	17	479
dpca3g275720.842	17	480
dpca3g275740.842	17	481
dpca3g275750.842	17	482
dpca3g275760.842	17	483
dpca3g275780.842	17	484
dpca3g275790.842	17	485
dpca3g275800.842	17	486
dpca3g275810.842	17	487
dpca3g275850.842	17	488
dpca3g275860.842	17	489
dpca3g275870.842	17	490
dpca3g275880.842	17	491
dpca3g275890.842	17	492
dpca3g275900.842	17	493
dpca3g275910.842	17	494
dpca3g275920.842	17	495
dpca3g275930.842	17	496
dpca3g275940.842	17	497
dpca3g275950.842	17	498
dpca3g275960.842	17	499
dpca3g275970.842	17	500
dpca3g275980.842	17	501
dpca3g275990.842	17	502
dpca3g276000.842	17	503
dpca3g276010.842	17	504
dpca3g276020.842	17	505
dpca3g276030.842	17	506
dpca3g276040.842	17	507
dpca3g276090.842	17	508
dpca3g276120.842	17	509
dpca3g276130.842	17	510
dpca3g276140.842	17	511
dpca3g276150.842	17	512
dpca3g276160.842	17	513
dpca3g276180.842	17	514
dpca3g276190.842	17	515
dpca3g276200.842	17	516
dpca3g276230.842	17	517
dpca3g276240.842	17	518
dpca3g276250.842	17	519
dpca3g276260.842	17	520
dpca3g276270.842	17	521
dpca3g276280.842	17	522
dpca3g276320.842	17	523
dpca3g276330.842	17	524
dpca3g276340.842	17	525
dpca3g276350.842	17	526
dpca3g276360.842	17	527
dpca3g276370.842	17	528
dpca3g276380.842	17	529
dpca3g276390.842	17	530
dpca3g276400.842	17	531
dpca3g276410.842	17	532
dpca3g276420.842	17	533
dpca3g276430.842	17	534
dpca3g276440.842	17	535
dpca3g276450.842	17	536
dpca3g276480.842	17	537
dpca3g276490.842	17	538
dpca3g276500.842	17	539
dpca3g276530.842	17	540
dpca3g276560.842	17	541
dpca3g276570.842	17	542
dpca3g276580.842	17	543
dpca3g276590.842	17	544
dpca3g276600.842	17	545
dpca3g276610.842	17	546
dpca3g276620.842	17	547
dpca3g276640.842	17	548
dpca3g276650.842	17	549
dpca3g276660.842	17	550
dpca3g276680.842	17	551
dpca3g276690.842	17	552
dpca3g276700.842	17	553
dpca3g276710.842	17	554
dpca3g276720.842	17	555
dpca3g276730.842	17	556
dpca3g276740.842	17	557
dpca3g276750.842	17	558
dpca3g276760.842	17	559
dpca3g276770.842	17	560
dpca3g276780.842	17	561
dpca3g276790.842	17	562
dpca3g276800.842	17	563
dpca3g276810.842	17	564
dpca3g276820.842	17	565
dpca3g276830.842	17	566
dpca3g276840.842	17	567
dpca3g276850.842	17	568
dpca3g276860.842	17	569
dpca3g276870.842	17	570
dpca3g276880.842	17	571
dpca3g276900.842	17	572
dpca3g276910.842	17	573
dpca3g276920.842	17	574
dpca3g276930.842	17	575
dpca3g276960.842	17	576
dpca3g276970.842	17	577
dpca3g276980.842	17	578
dpca3g276990.842	17	579
dpca3g277020.842	17	580
dpca3g277030.842	17	581
dpca3g277040.842	17	582
dpca3g277050.842	17	583
dpca3g277060.842	17	584
dpca3g277070.842	17	585
dpca3g277080.842	17	586
dpca3g277100.842	17	587
dpca3g277110.842	17	588
dpca3g277120.842	17	589
dpca3g277130.842	17	590
dpca3g277140.842	17	591
dpca3g277150.842	17	592
dpca3g277160.842	17	593
dpca3g277170.842	17	594
dpca3g277180.842	17	595
dpca3g277190.842	17	596
dpca3g277210.842	17	597
dpca3g277220.842	17	598
dpca3g277230.842	17	599
dpca3g277240.842	17	600
dpca3g277260.842	17	601
dpca3g277280.842	17	602
dpca3g277290.842	17	603
dpca3g277300.842	17	604
dpca3g277310.842	17	605
dpca3g277330.842	17	606
dpca3g277350.842	17	607
dpca3g277360.842	17	608
dpca3g277370.842	17	609
dpca3g277380.842	17	610
dpca3g277390.842	17	611
dpca3g277420.842	17	612
dpca3g277460.842	17	613
dpca3g277470.842	17	614
dpca3g277480.842	17	615
dpca3g277490.842	17	616
dpca3g277500.842	17	617
dpca3g277510.842	17	618
dpca3g277520.842	17	619
dpca3g277540.842	17	620
dpca3g277550.842	17	621
dpca3g277560.842	17	622
dpca3g277570.842	17	623
dpca3g277580.842	17	624
dpca3g277590.842	17	625
dpca3g277600.842	17	626
dpca3g277610.842	17	627
dpca3g277620.842	17	628
dpca3g277630.842	17	629
dpca3g277650.842	17	630
dpca3g277660.842	17	631
dpca3g277670.842	17	632
dpca3g277680.842	17	633
dpca3g277690.842	17	634
dpca3g277700.842	17	635
dpca3g277710.842	17	636
dpca3g277730.842	17	637
dpca3g277740.842	17	638
dpca3g277750.842	17	639
dpca3g277760.842	17	640
dpca3g277800.842	17	641
dpca3g277820.842	17	642
dpca3g277830.842	17	643
dpca3g277840.842	17	644
dpca3g277850.842	17	645
dpca3g277870.842	17	646
dpca3g277880.842	17	647
dpca3g277890.842	17	648
dpca3g277900.842	17	649
dpca3g277910.842	17	650
dpca3g277930.842	17	651
dpca3g277950.842	17	652
dpca3g277960.842	17	653
dpca3g277970.842	17	654
dpca3g277980.842	17	655
dpca3g277990.842	17	656
dpca3g278000.842	17	657
dpca3g278010.842	17	658
dpca3g278030.842	17	659
dpca3g278050.842	17	660
dpca3g278070.842	17	661
dpca3g278120.842	17	662
dpca3g278130.842	17	663
dpca3g278150.842	17	664
dpca3g278170.842	17	665
dpca3g278190.842	17	666
dpca3g278200.842	17	667
dpca3g278210.842	17	668
dpca3g278220.842	17	669
dpca3g278230.842	17	670
dpca3g278240.842	17	671
dpca3g278250.842	17	672
dpca3g278260.842	17	673
dpca3g278280.842	17	674
dpca3g278290.842	17	675
dpca3g278300.842	17	676
dpca3g278310.842	17	677
dpca3g278320.842	17	678
dpca3g278330.842	17	679
dpca3g278340.842	17	680
dpca3g278350.842	17	681
dpca3g278360.842	17	682
dpca3g278370.842	17	683
dpca3g278380.842	17	684
dpca3g278390.842	17	685
dpca3g278400.842	17	686
dpca3g278410.842	17	687
dpca3g278420.842	17	688
dpca3g278430.842	17	689
dpca3g278440.842	17	690
dpca3g278450.842	17	691
dpca3g278460.842	17	692
dpca3g278480.842	17	693
dpca3g278490.842	17	694
dpca3g278510.842	17	695
dpca3g278530.842	17	696
dpca3g278540.842	17	697
dpca3g278550.842	17	698
dpca3g278560.842	17	699
dpca3g278580.842	17	700
dpca3g278590.842	17	701
dpca3g278600.842	17	702
dpca3g278610.842	17	703
dpca3g278620.842	17	704
dpca3g278630.842	17	705
dpca3g278660.842	17	706
dpca3g278680.842	17	707
dpca3g278690.842	17	708
dpca3g278700.842	17	709
dpca3g278720.842	17	710
dpca3g278730.842	17	711
dpca3g278740.842	17	712
dpca3g278750.842	17	713
dpca3g278760.842	17	714
dpca3g278770.842	17	715
dpca3g278780.842	17	716
dpca3g278790.842	17	717
dpca3g278800.842	17	718
dpca3g278810.842	17	719
dpca3g278820.842	17	720
dpca3g278830.842	17	721
dpca3g278840.842	17	722
dpca3g278850.842	17	723
dpca3g278860.842	17	724
dpca3g278870.842	17	725
dpca3g278880.842	17	726
dpca3g278890.842	17	727
dpca3g278900.842	17	728
dpca3g278910.842	17	729
dpca3g278920.842	17	730
dpca3g278930.842	17	731
dpca3g278940.842	17	732
dpca3g278950.842	17	733
dpca3g278960.842	17	734
dpca3g278970.842	17	735
dpca3g278980.842	17	736
dpca3g278990.842	17	737
dpca3g279000.842	17	738
dpca3g279010.842	17	739
dpca3g279020.842	17	740
dpca3g279030.842	17	741
dpca3g279040.842	17	742
dpca3g279050.842	17	743
dpca3g279060.842	17	744
dpca3g279070.842	17	745
dpca3g279100.842	17	746
dpca3g279110.842	17	747
dpca3g279120.842	17	748
dpca3g279130.842	17	749
dpca3g279140.842	17	750
dpca3g279150.842	17	751
dpca3g279200.842	17	752
dpca3g279220.842	17	753
dpca3g279230.842	17	754
dpca3g279240.842	17	755
dpca3g279250.842	17	756
dpca3g279260.842	17	757
dpca3g279270.842	17	758
dpca3g279280.842	17	759
dpca3g279290.842	17	760
dpca3g279300.842	17	761
dpca3g279310.842	17	762
dpca3g279320.842	17	763
dpca3g279330.842	17	764
dpca3g279340.842	17	765
dpca3g279350.842	17	766
dpca3g279370.842	17	767
dpca3g279380.842	17	768
dpca3g279390.842	17	769
dpca3g279400.842	17	770
dpca3g279410.842	17	771
dpca3g279420.842	17	772
dpca3g279430.842	17	773
dpca3g279440.842	17	774
dpca3g279450.842	17	775
dpca3g279460.842	17	776
dpca3g279470.842	17	777
dpca3g279480.842	17	778
dpca3g279490.842	17	779
dpca3g279500.842	17	780
dpca3g279510.842	17	781
dpca3g279520.842	17	782
dpca3g279530.842	17	783
dpca3g279540.842	17	784
dpca3g279550.842	17	785
dpca3g279560.842	17	786
dpca3g279570.842	17	787
dpca3g279580.842	17	788
dpca3g279590.842	17	789
dpca3g279600.842	17	790
dpca3g279610.842	17	791
dpca3g279620.842	17	792
dpca3g279630.842	17	793
dpca3g279640.842	17	794
dpca3g279650.842	17	795
dpca3g279660.842	17	796
dpca3g279670.842	17	797
dpca3g279680.842	17	798
dpca3g279690.842	17	799
dpca3g279710.842	17	800
dpca3g279720.842	17	801
dpca3g279730.842	17	802
dpca3g279740.842	17	803
dpca3g279750.842	17	804
dpca3g279760.842	17	805
dpca3g279780.842	17	806
dpca3g279810.842	17	807
dpca3g279820.842	17	808
dpca3g279830.842	17	809
dpca3g279840.842	17	810
dpca3g279850.842	17	811
dpca3g279860.842	17	812
dpca3g279870.842	17	813
dpca3g279880.842	17	814
dpca3g279890.842	17	815
dpca3g279900.842	17	816
dpca3g279910.842	17	817
dpca3g279920.842	17	818
dpca3g279930.842	17	819
dpca3g279940.842	17	820
dpca3g279950.842	17	821
dpca3g279960.842	17	822
dpca3g279970.842	17	823
dpca3g279990.842	17	824
dpca3g280000.842	17	825
dpca3g280010.842	17	826
dpca3g280020.842	17	827
dpca3g280030.842	17	828
dpca3g280040.842	17	829
dpca3g280050.842	17	830
dpca3g280060.842	17	831
dpca3g280070.842	17	832
dpca3g280080.842	17	833
dpca3g280090.842	17	834
dpca3g280100.842	17	835
dpca3g280110.842	17	836
dpca3g280120.842	17	837
dpca3g280140.842	17	838
dpca3g280160.842	17	839
dpca3g280170.842	17	840
dpca3g280200.842	17	841
dpca3g280220.842	17	842
dpca3g280230.842	17	843
dpca3g280240.842	17	844
dpca3g280250.842	17	845
dpca3g280260.842	17	846
dpca3g280270.842	17	847
dpca3g280280.842	17	848
dpca3g280290.842	17	849
dpca3g280300.842	17	850
dpca3g280310.842	17	851
dpca3g280320.842	17	852
dpca3g280330.842	17	853
dpca3g280340.842	17	854
dpca3g280350.842	17	855
dpca3g280360.842	17	856
dpca3g280370.842	17	857
dpca3g280380.842	17	858
dpca3g280390.842	17	859
dpca3g280400.842	17	860
dpca3g280410.842	17	861
dpca3g280420.842	17	862
dpca3g280430.842	17	863
dpca3g280440.842	17	864
dpca3g280450.842	17	865
dpca3g280460.842	17	866
dpca3g280470.842	17	867
dpca3g280480.842	17	868
dpca3g280490.842	17	869
dpca3g280500.842	17	870
dpca3g280510.842	17	871
dpca3g280520.842	17	872
dpca3g280530.842	17	873
dpca3g280540.842	17	874
dpca3g280550.842	17	875
dpca3g280560.842	17	876
dpca3g280570.842	17	877
dpca3g280580.842	17	878
dpca3g280590.842	17	879
dpca3g280600.842	17	880
dpca3g280610.842	17	881
dpca3g280620.842	17	882
dpca3g280630.842	17	883
dpca3g280640.842	17	884
dpca3g280650.842	17	885
dpca3g280660.842	17	886
dpca3g280670.842	17	887
dpca3g280680.842	17	888
dpca3g280700.842	17	889
dpca3g280720.842	17	890
dpca3g280730.842	17	891
dpca3g280740.842	17	892
dpca3g280760.842	17	893
dpca3g280770.842	17	894
dpca3g280780.842	17	895
dpca3g280790.842	17	896
dpca3g280800.842	17	897
dpca3g280820.842	17	898
dpca3g280830.842	17	899
dpca3g280840.842	17	900
dpca3g280850.842	17	901
dpca3g280860.842	17	902
dpca3g280870.842	17	903
dpca3g280880.842	17	904
dpca3g280890.842	17	905
dpca3g280900.842	17	906
dpca3g280910.842	17	907
dpca3g280920.842	17	908
dpca3g280940.842	17	909
dpca3g280950.842	17	910
dpca3g280960.842	17	911
dpca3g280970.842	17	912
dpca3g280980.842	17	913
dpca3g280990.842	17	914
dpca3g281000.842	17	915
dpca3g281020.842	17	916
dpca3g281030.842	17	917
dpca3g281040.842	17	918
dpca3g281050.842	17	919
dpca3g281060.842	17	920
dpca3g281070.842	17	921
dpca3g281080.842	17	922
dpca3g281090.842	17	923
dpca3g281100.842	17	924
dpca3g281110.842	17	925
dpca3g281120.842	17	926
dpca3g281130.842	17	927
dpca3g281140.842	17	928
dpca3g281150.842	17	929
dpca3g281160.842	17	930
dpca3g281170.842	17	931
dpca3g281180.842	17	932
dpca3g281190.842	17	933
dpca3g281200.842	17	934
dpca3g281210.842	17	935
dpca3g281220.842	17	936
dpca3g281230.842	17	937
dpca3g281240.842	17	938
dpca3g281250.842	17	939
dpca3g281260.842	17	940
dpca3g281270.842	17	941
dpca3g281280.842	17	942
dpca3g281290.842	17	943
dpca3g281300.842	17	944
dpca3g281310.842	17	945
dpca3g281320.842	17	946
dpca3g281330.842	17	947
dpca3g281340.842	17	948
dpca3g281350.842	17	949
dpca3g281360.842	17	950
dpca3g281370.842	17	951
dpca3g281380.842	17	952
dpca3g281390.842	17	953
dpca3g281400.842	17	954
dpca3g281410.842	17	955
dpca3g281420.842	17	956
dpca3g281430.842	17	957
dpca3g281440.842	17	958
dpca3g281450.842	17	959
dpca3g281460.842	17	960
dpca3g281470.842	17	961
dpca3g281480.842	17	962
dpca3g281490.842	17	963
dpca3g281500.842	17	964
dpca3g281510.842	17	965
dpca3g281520.842	17	966
dpca3g281530.842	17	967
dpca3g281540.842	17	968
dpca3g281550.842	17	969
dpca3g281560.842	17	970
dpca3g281570.842	17	971
dpca3g281580.842	17	972
dpca3g281590.842	17	973
dpca3g281600.842	17	974
dpca3g281610.842	17	975
dpca3g281620.842	17	976
dpca3g281630.842	17	977
dpca4g281640.842	17	978
dpca4g281650.842	17	979
dpca4g281660.842	17	980
dpca4g281680.842	17	981
dpca4g281690.842	17	982
dpca4g281700.842	17	983
dpca4g281710.842	17	984
dpca4g281720.842	17	985
dpca4g281730.842	17	986
dpca4g281740.842	17	987
dpca4g281750.842	17	988
dpca4g281760.842	17	989
dpca4g281770.842	17	990
dpca4g281780.842	17	991
dpca4g281790.842	17	992
dpca4g281800.842	17	993
dpca4g281810.842	17	994
dpca4g281820.842	17	995
dpca4g281830.842	17	996
dpca4g281840.842	17	997
dpca4g281850.842	17	998
dpca4g281860.842	17	999
dpca4g281870.842	17	1000
dpca4g281880.842	17	1001
dpca4g281890.842	17	1002
dpca4g281900.842	17	1003
dpca4g281910.842	17	1004
dpca4g281920.842	17	1005
dpca4g281930.842	17	1006
dpca4g281940.842	17	1007
dpca4g281950.842	17	1008
dpca4g281960.842	17	1009
dpca4g281970.842	17	1010
dpca4g281980.842	17	1011
dpca4g281990.842	17	1012
dpca4g282000.842	17	1013
dpca4g282010.842	17	1014
dpca4g282020.842	17	1015
dpca4g282030.842	17	1016
dpca4g282040.842	17	1017
dpca4g282050.842	17	1018
dpca4g282060.842	17	1019
dpca4g282080.842	17	1020
dpca4g282090.842	17	1021
dpca4g282100.842	17	1022
dpca4g282110.842	17	1023
dpca4g282120.842	18	0
dpca4g282130.842	18	1
dpca4g282140.842	18	2
dpca4g282150.842	18	3
dpca4g282160.842	18	4
dpca4g282170.842	18	5
dpca4g282190.842	18	6
dpca4g282200.842	18	7
dpca4g282220.842	18	8
dpca4g282230.842	18	9
dpca4g282240.842	18	10
dpca4g282250.842	18	11
dpca4g282270.842	18	12
dpca4g282280.842	18	13
dpca4g282290.842	18	14
dpca4g282310.842	18	15
dpca4g282320.842	18	16
dpca4g282330.842	18	17
dpca4g282340.842	18	18
dpca4g282350.842	18	19
dpca4g282360.842	18	20
dpca4g282370.842	18	21
dpca4g282380.842	18	22
dpca4g282390.842	18	23
dpca4g282420.842	18	24
dpca4g282430.842	18	25
dpca4g282440.842	18	26
dpca4g282450.842	18	27
dpca4g282460.842	18	28
dpca4g282470.842	18	29
dpca4g282490.842	18	30
dpca4g282510.842	18	31
dpca4g282520.842	18	32
dpca4g282560.842	18	33
dpca4g282570.842	18	34
dpca4g282580.842	18	35
dpca4g282590.842	18	36
dpca4g282620.842	18	37
dpca4g282630.842	18	38
dpca4g282640.842	18	39
dpca4g282660.842	18	40
dpca4g282670.842	18	41
dpca4g282680.842	18	42
dpca4g282700.842	18	43
dpca4g282720.842	18	44
dpca4g282730.842	18	45
dpca4g282740.842	18	46
dpca4g282750.842	18	47
dpca4g282760.842	18	48
dpca4g282790.842	18	49
dpca4g282800.842	18	50
dpca4g282810.842	18	51
dpca4g282820.842	18	52
dpca4g282840.842	18	53
dpca4g282850.842	18	54
dpca4g282860.842	18	55
dpca4g282870.842	18	56
dpca4g282880.842	18	57
dpca4g282890.842	18	58
dpca4g282910.842	18	59
dpca4g282930.842	18	60
dpca4g282950.842	18	61
dpca4g282960.842	18	62
dpca4g282970.842	18	63
dpca4g282980.842	18	64
dpca4g283000.842	18	65
dpca4g283010.842	18	66
dpca4g283020.842	18	67
dpca4g283030.842	18	68
dpca4g283040.842	18	69
dpca4g283050.842	18	70
dpca4g283060.842	18	71
dpca4g283070.842	18	72
dpca4g283080.842	18	73
dpca4g283100.842	18	74
dpca4g283110.842	18	75
dpca4g283120.842	18	76
dpca4g283130.842	18	77
dpca4g283140.842	18	78
dpca4g283150.842	18	79
dpca4g283160.842	18	80
dpca4g283170.842	18	81
dpca4g283180.842	18	82
dpca4g283190.842	18	83
dpca4g283230.842	18	84
dpca4g283240.842	18	85
dpca4g283260.842	18	86
dpca4g283270.842	18	87
dpca4g283290.842	18	88
dpca4g283300.842	18	89
dpca4g283320.842	18	90
dpca4g283330.842	18	91
dpca4g283340.842	18	92
dpca4g283360.842	18	93
dpca4g283370.842	18	94
dpca4g283380.842	18	95
dpca4g283390.842	18	96
dpca4g283400.842	18	97
dpca4g283410.842	18	98
dpca4g283420.842	18	99
dpca4g283430.842	18	100
dpca4g283450.842	18	101
dpca4g283460.842	18	102
dpca4g283470.842	18	103
dpca4g283480.842	18	104
dpca4g283490.842	18	105
dpca4g283500.842	18	106
dpca4g283520.842	18	107
dpca4g283530.842	18	108
dpca4g283540.842	18	109
dpca4g283550.842	18	110
dpca4g283560.842	18	111
dpca4g283570.842	18	112
dpca4g283580.842	18	113
dpca4g283590.842	18	114
dpca4g283600.842	18	115
dpca4g283610.842	18	116
dpca4g283620.842	18	117
dpca4g283630.842	18	118
dpca4g283640.842	18	119
dpca4g283650.842	18	120
dpca4g283660.842	18	121
dpca4g283670.842	18	122
dpca4g283680.842	18	123
dpca4g283700.842	18	124
dpca4g283710.842	18	125
dpca4g283720.842	18	126
dpca4g283730.842	18	127
dpca4g283740.842	18	128
dpca4g283780.842	18	129
dpca4g283800.842	18	130
dpca4g283810.842	18	131
dpca4g283820.842	18	132
dpca4g283830.842	18	133
dpca4g283850.842	18	134
dpca4g283860.842	18	135
dpca4g283880.842	18	136
dpca4g283900.842	18	137
dpca4g283910.842	18	138
dpca4g283920.842	18	139
dpca4g283930.842	18	140
dpca4g283940.842	18	141
dpca4g283950.842	18	142
dpca4g283960.842	18	143
dpca4g283990.842	18	144
dpca4g284000.842	18	145
dpca4g284010.842	18	146
dpca4g284020.842	18	147
dpca4g284030.842	18	148
dpca4g284050.842	18	149
dpca4g284060.842	18	150
dpca4g284070.842	18	151
dpca4g284080.842	18	152
dpca4g284090.842	18	153
dpca4g284100.842	18	154
dpca4g284110.842	18	155
dpca4g284120.842	18	156
dpca4g284140.842	18	157
dpca4g284150.842	18	158
dpca4g284170.842	18	159
dpca4g284190.842	18	160
dpca4g284210.842	18	161
dpca4g284220.842	18	162
dpca4g284240.842	18	163
dpca4g284250.842	18	164
dpca4g284260.842	18	165
dpca4g284270.842	18	166
dpca4g284290.842	18	167
dpca4g284300.842	18	168
dpca4g284310.842	18	169
dpca4g284320.842	18	170
dpca4g284330.842	18	171
dpca4g284340.842	18	172
dpca4g284350.842	18	173
dpca4g284370.842	18	174
dpca4g284380.842	18	175
dpca4g284400.842	18	176
dpca4g284410.842	18	177
dpca4g284420.842	18	178
dpca4g284430.842	18	179
dpca4g284440.842	18	180
dpca4g284450.842	18	181
dpca4g284460.842	18	182
dpca4g284470.842	18	183
dpca4g284480.842	18	184
dpca4g284490.842	18	185
dpca4g284500.842	18	186
dpca4g284510.842	18	187
dpca4g284530.842	18	188
dpca4g284550.842	18	189
dpca4g284560.842	18	190
dpca4g284570.842	18	191
dpca4g284580.842	18	192
dpca4g284590.842	18	193
dpca4g284600.842	18	194
dpca4g284610.842	18	195
dpca4g284620.842	18	196
dpca4g284630.842	18	197
dpca4g284650.842	18	198
dpca4g284660.842	18	199
dpca4g284670.842	18	200
dpca4g284680.842	18	201
dpca4g284700.842	18	202
dpca4g284710.842	18	203
dpca4g284730.842	18	204
dpca4g284740.842	18	205
dpca4g284750.842	18	206
dpca4g284760.842	18	207
dpca4g284770.842	18	208
dpca4g284780.842	18	209
dpca4g284790.842	18	210
dpca4g284800.842	18	211
dpca4g284810.842	18	212
dpca4g284820.842	18	213
dpca4g284840.842	18	214
dpca4g284850.842	18	215
dpca4g284860.842	18	216
dpca4g284870.842	18	217
dpca4g284890.842	18	218
dpca4g284900.842	18	219
dpca4g284910.842	18	220
dpca4g284920.842	18	221
dpca4g284930.842	18	222
dpca4g284950.842	18	223
dpca4g284960.842	18	224
dpca4g284970.842	18	225
dpca4g285000.842	18	226
dpca4g285010.842	18	227
dpca4g285020.842	18	228
dpca4g285040.842	18	229
dpca4g285050.842	18	230
dpca4g285060.842	18	231
dpca4g285070.842	18	232
dpca4g285100.842	18	233
dpca4g285110.842	18	234
dpca4g285120.842	18	235
dpca4g285130.842	18	236
dpca4g285150.842	18	237
dpca4g285160.842	18	238
dpca4g285170.842	18	239
dpca4g285180.842	18	240
dpca4g285190.842	18	241
dpca4g285200.842	18	242
dpca4g285220.842	18	243
dpca4g285230.842	18	244
dpca4g285240.842	18	245
dpca4g285260.842	18	246
dpca4g285270.842	18	247
dpca4g285280.842	18	248
dpca4g285290.842	18	249
dpca4g285310.842	18	250
dpca4g285320.842	18	251
dpca4g285330.842	18	252
dpca4g285340.842	18	253
dpca4g285350.842	18	254
dpca4g285370.842	18	255
dpca4g285380.842	18	256
dpca4g285410.842	18	257
dpca4g285420.842	18	258
dpca4g285440.842	18	259
dpca4g285450.842	18	260
dpca4g285470.842	18	261
dpca4g285480.842	18	262
dpca4g285490.842	18	263
dpca4g285500.842	18	264
dpca4g285510.842	18	265
dpca4g285520.842	18	266
dpca4g285530.842	18	267
dpca4g285540.842	18	268
dpca4g285550.842	18	269
dpca4g285560.842	18	270
dpca4g285600.842	18	271
dpca4g285630.842	18	272
dpca4g285640.842	18	273
dpca4g285650.842	18	274
dpca4g285660.842	18	275
dpca4g285670.842	18	276
dpca4g285680.842	18	277
dpca4g285690.842	18	278
dpca4g285710.842	18	279
dpca4g285720.842	18	280
dpca4g285740.842	18	281
dpca4g285790.842	18	282
dpca4g285800.842	18	283
dpca4g285810.842	18	284
dpca4g285820.842	18	285
dpca4g285830.842	18	286
dpca4g285840.842	18	287
dpca4g285850.842	18	288
dpca4g285860.842	18	289
dpca4g285870.842	18	290
dpca4g285890.842	18	291
dpca4g285900.842	18	292
dpca4g285910.842	18	293
dpca4g285920.842	18	294
dpca4g285930.842	18	295
dpca4g285940.842	18	296
dpca4g285950.842	18	297
dpca4g285970.842	18	298
dpca4g285980.842	18	299
dpca4g285990.842	18	300
dpca4g286000.842	18	301
dpca4g286010.842	18	302
dpca4g286030.842	18	303
dpca4g286050.842	18	304
dpca4g286060.842	18	305
dpca4g286070.842	18	306
dpca4g286080.842	18	307
dpca4g286090.842	18	308
dpca4g286100.842	18	309
dpca4g286110.842	18	310
dpca4g286120.842	18	311
dpca4g286130.842	18	312
dpca4g286140.842	18	313
dpca4g286150.842	18	314
dpca4g286160.842	18	315
dpca4g286170.842	18	316
dpca4g286180.842	18	317
dpca4g286190.842	18	318
dpca4g286200.842	18	319
dpca4g286220.842	18	320
dpca4g286230.842	18	321
dpca4g286240.842	18	322
dpca4g286250.842	18	323
dpca4g286260.842	18	324
dpca4g286270.842	18	325
dpca4g286290.842	18	326
dpca4g286300.842	18	327
dpca4g286310.842	18	328
dpca4g286320.842	18	329
dpca4g286330.842	18	330
dpca4g286340.842	18	331
dpca4g286360.842	18	332
dpca4g286380.842	18	333
dpca4g286390.842	18	334
dpca4g286420.842	18	335
dpca4g286430.842	18	336
dpca4g286440.842	18	337
dpca4g286460.842	18	338
dpca4g286470.842	18	339
dpca4g286480.842	18	340
dpca4g286500.842	18	341
dpca4g286530.842	18	342
dpca4g286540.842	18	343
dpca4g286550.842	18	344
dpca4g286560.842	18	345
dpca4g286570.842	18	346
dpca4g286580.842	18	347
dpca4g286590.842	18	348
dpca4g286600.842	18	349
dpca4g286610.842	18	350
dpca4g286620.842	18	351
dpca4g286630.842	18	352
dpca4g286650.842	18	353
dpca4g286660.842	18	354
dpca4g286670.842	18	355
dpca4g286700.842	18	356
dpca4g286710.842	18	357
dpca4g286720.842	18	358
dpca4g286730.842	18	359
dpca4g286740.842	18	360
dpca4g286760.842	18	361
dpca4g286770.842	18	362
dpca4g286780.842	18	363
dpca4g286790.842	18	364
dpca4g286800.842	18	365
dpca4g286810.842	18	366
dpca4g286820.842	18	367
dpca4g286830.842	18	368
dpca4g286850.842	18	369
dpca4g286860.842	18	370
dpca4g286870.842	18	371
dpca4g286880.842	18	372
dpca4g286890.842	18	373
dpca4g286900.842	18	374
dpca4g286910.842	18	375
dpca4g286930.842	18	376
dpca4g286950.842	18	377
dpca4g286960.842	18	378
dpca4g286970.842	18	379
dpca4g286980.842	18	380
dpca4g286990.842	18	381
dpca4g287010.842	18	382
dpca4g287030.842	18	383
dpca4g287040.842	18	384
dpca4g287050.842	18	385
dpca4g287060.842	18	386
dpca4g287070.842	18	387
dpca4g287080.842	18	388
dpca4g287090.842	18	389
dpca4g287100.842	18	390
dpca4g287130.842	18	391
dpca4g287140.842	18	392
dpca4g287150.842	18	393
dpca4g287170.842	18	394
dpca4g287180.842	18	395
dpca4g287190.842	18	396
dpca4g287210.842	18	397
dpca4g287230.842	18	398
dpca4g287240.842	18	399
dpca4g287270.842	18	400
dpca4g287280.842	18	401
dpca4g287290.842	18	402
dpca4g287300.842	18	403
dpca4g287310.842	18	404
dpca4g287320.842	18	405
dpca4g287350.842	18	406
dpca4g287360.842	18	407
dpca4g287370.842	18	408
dpca4g287380.842	18	409
dpca4g287390.842	18	410
dpca4g287400.842	18	411
dpca4g287420.842	18	412
dpca4g287430.842	18	413
dpca4g287440.842	18	414
dpca4g287460.842	18	415
dpca4g287480.842	18	416
dpca4g287490.842	18	417
dpca4g287530.842	18	418
dpca4g287540.842	18	419
dpca4g287550.842	18	420
dpca4g287560.842	18	421
dpca4g287570.842	18	422
dpca4g287580.842	18	423
dpca4g287590.842	18	424
dpca4g287610.842	18	425
dpca4g287620.842	18	426
dpca4g287630.842	18	427
dpca4g287640.842	18	428
dpca4g287650.842	18	429
dpca4g287660.842	18	430
dpca4g287700.842	18	431
dpca4g287730.842	18	432
dpca4g287780.842	18	433
dpca4g287790.842	18	434
dpca4g287810.842	18	435
dpca4g287820.842	18	436
dpca4g287830.842	18	437
dpca4g287840.842	18	438
dpca4g287850.842	18	439
dpca4g287860.842	18	440
dpca4g287870.842	18	441
dpca4g287880.842	18	442
dpca4g287890.842	18	443
dpca4g287900.842	18	444
dpca4g287910.842	18	445
dpca4g287920.842	18	446
dpca4g287930.842	18	447
dpca4g287940.842	18	448
dpca4g287990.842	18	449
dpca4g288000.842	18	450
dpca4g288010.842	18	451
dpca4g288050.842	18	452
dpca4g288060.842	18	453
dpca4g288070.842	18	454
dpca4g288080.842	18	455
dpca4g288090.842	18	456
dpca4g288100.842	18	457
dpca4g288130.842	18	458
dpca4g288140.842	18	459
dpca4g288170.842	18	460
dpca4g288230.842	18	461
dpca4g288260.842	18	462
dpca4g288270.842	18	463
dpca4g288280.842	18	464
dpca4g288350.842	18	465
dpca4g288460.842	18	466
dpca4g288480.842	18	467
dpca4g288490.842	18	468
dpca4g288500.842	18	469
dpca4g288510.842	18	470
dpca4g288520.842	18	471
dpca4g288530.842	18	472
dpca4g288540.842	18	473
dpca4g288550.842	18	474
dpca4g288560.842	18	475
dpca4g288570.842	18	476
dpca4g288580.842	18	477
dpca4g288590.842	18	478
dpca4g288610.842	18	479
dpca4g288620.842	18	480
dpca4g288630.842	18	481
dpca4g288640.842	18	482
dpca4g288650.842	18	483
dpca4g288660.842	18	484
dpca4g288670.842	18	485
dpca4g288680.842	18	486
dpca4g288690.842	18	487
dpca4g288700.842	18	488
dpca4g288710.842	18	489
dpca4g288730.842	18	490
dpca4g288740.842	18	491
dpca4g288750.842	18	492
dpca4g288790.842	18	493
dpca4g288800.842	18	494
dpca4g288820.842	18	495
dpca4g288830.842	18	496
dpca4g288840.842	18	497
dpca4g288850.842	18	498
dpca4g288870.842	18	499
dpca4g288880.842	18	500
dpca4g288890.842	18	501
dpca4g288900.842	18	502
dpca4g288910.842	18	503
dpca4g288940.842	18	504
dpca4g288950.842	18	505
dpca4g288960.842	18	506
dpca4g288970.842	18	507
dpca4g288980.842	18	508
dpca4g288990.842	18	509
dpca4g289000.842	18	510
dpca4g289010.842	18	511
dpca4g289020.842	18	512
dpca4g289030.842	18	513
dpca4g289040.842	18	514
dpca4g289050.842	18	515
dpca4g289060.842	18	516
dpca4g289070.842	18	517
dpca4g289080.842	18	518
dpca4g289090.842	18	519
dpca4g289100.842	18	520
dpca4g289130.842	18	521
dpca4g289140.842	18	522
dpca4g289150.842	18	523
dpca4g289160.842	18	524
dpca4g289180.842	18	525
dpca4g289200.842	18	526
dpca4g289210.842	18	527
dpca4g289220.842	18	528
dpca4g289230.842	18	529
dpca4g289240.842	18	530
dpca4g289250.842	18	531
dpca4g289260.842	18	532
dpca4g289270.842	18	533
dpca4g289280.842	18	534
dpca4g289290.842	18	535
dpca4g289300.842	18	536
dpca4g289310.842	18	537
dpca4g289320.842	18	538
dpca4g289330.842	18	539
dpca4g289340.842	18	540
dpca4g289360.842	18	541
dpca4g289370.842	18	542
dpca4g289380.842	18	543
dpca4g289390.842	18	544
dpca4g289400.842	18	545
dpca4g289410.842	18	546
dpca4g289420.842	18	547
dpca4g289430.842	18	548
dpca4g289440.842	18	549
dpca4g289450.842	18	550
dpca4g289460.842	18	551
dpca4g289470.842	18	552
dpca4g289490.842	18	553
dpca4g289500.842	18	554
dpca4g289510.842	18	555
dpca4g289530.842	18	556
dpca4g289560.842	18	557
dpca4g289570.842	18	558
dpca4g289580.842	18	559
dpca4g289590.842	18	560
dpca4g289600.842	18	561
dpca4g289620.842	18	562
dpca4g289660.842	18	563
dpca4g289670.842	18	564
dpca4g289700.842	18	565
dpca4g289720.842	18	566
dpca4g289730.842	18	567
dpca4g289740.842	18	568
dpca4g289750.842	18	569
dpca4g289760.842	18	570
dpca4g289770.842	18	571
dpca4g289800.842	18	572
dpca4g289810.842	18	573
dpca4g289830.842	18	574
dpca4g289840.842	18	575
dpca4g289850.842	18	576
dpca4g289860.842	18	577
dpca4g289870.842	18	578
dpca4g289880.842	18	579
dpca4g289890.842	18	580
dpca4g289940.842	18	581
dpca4g289950.842	18	582
dpca4g289960.842	18	583
dpca4g289970.842	18	584
dpca4g289980.842	18	585
dpca4g289990.842	18	586
dpca4g290000.842	18	587
dpca4g290010.842	18	588
dpca4g290020.842	18	589
dpca4g290030.842	18	590
dpca4g290040.842	18	591
dpca4g290050.842	18	592
dpca4g290060.842	18	593
dpca4g290070.842	18	594
dpca4g290080.842	18	595
dpca4g290090.842	18	596
dpca4g290100.842	18	597
dpca4g290110.842	18	598
dpca4g290120.842	18	599
dpca4g290130.842	18	600
dpca4g290140.842	18	601
dpca4g290170.842	18	602
dpca4g290190.842	18	603
dpca4g290200.842	18	604
dpca4g290220.842	18	605
dpca4g290230.842	18	606
dpca4g290240.842	18	607
dpca4g290250.842	18	608
dpca4g290260.842	18	609
dpca4g290270.842	18	610
dpca4g290290.842	18	611
dpca4g290300.842	18	612
dpca4g290320.842	18	613
dpca4g290340.842	18	614
dpca4g290350.842	18	615
dpca4g290360.842	18	616
dpca4g290370.842	18	617
dpca4g290380.842	18	618
dpca4g290390.842	18	619
dpca4g290400.842	18	620
dpca4g290410.842	18	621
dpca4g290420.842	18	622
dpca4g290430.842	18	623
dpca4g290440.842	18	624
dpca4g290460.842	18	625
dpca4g290470.842	18	626
dpca4g290480.842	18	627
dpca4g290490.842	18	628
dpca4g290510.842	18	629
dpca4g290520.842	18	630
dpca4g290530.842	18	631
dpca4g290540.842	18	632
dpca4g290550.842	18	633
dpca4g290560.842	18	634
dpca4g290570.842	18	635
dpca4g290580.842	18	636
dpca4g290590.842	18	637
dpca4g290600.842	18	638
dpca4g290610.842	18	639
dpca4g290630.842	18	640
dpca4g290650.842	18	641
dpca4g290660.842	18	642
dpca4g290670.842	18	643
dpca4g290680.842	18	644
dpca4g290700.842	18	645
dpca4g290710.842	18	646
dpca4g290720.842	18	647
dpca4g290730.842	18	648
dpca4g290740.842	18	649
dpca4g290760.842	18	650
dpca4g290770.842	18	651
dpca4g290780.842	18	652
dpca4g290790.842	18	653
dpca4g290810.842	18	654
dpca4g290820.842	18	655
dpca4g290830.842	18	656
dpca4g290840.842	18	657
dpca4g290850.842	18	658
dpca4g290860.842	18	659
dpca4g290870.842	18	660
dpca4g290880.842	18	661
dpca4g290890.842	18	662
dpca4g290900.842	18	663
dpca4g290910.842	18	664
dpca4g290920.842	18	665
dpca4g290940.842	18	666
dpca4g290950.842	18	667
dpca4g290960.842	18	668
dpca4g290970.842	18	669
dpca4g290980.842	18	670
dpca4g291000.842	18	671
dpca4g291010.842	18	672
dpca4g291020.842	18	673
dpca4g291030.842	18	674
dpca4g291040.842	18	675
dpca4g291050.842	18	676
dpca4g291060.842	18	677
dpca4g291070.842	18	678
dpca4g291100.842	18	679
dpca4g291110.842	18	680
dpca4g291130.842	18	681
dpca4g291140.842	18	682
dpca4g291150.842	18	683
dpca4g291170.842	18	684
dpca4g291180.842	18	685
dpca4g291200.842	18	686
dpca4g291210.842	18	687
dpca4g291220.842	18	688
dpca4g291230.842	18	689
dpca4g291240.842	18	690
dpca4g291250.842	18	691
dpca4g291270.842	18	692
dpca4g291280.842	18	693
dpca4g291290.842	18	694
dpca4g291300.842	18	695
dpca4g291320.842	18	696
dpca4g291330.842	18	697
dpca4g291340.842	18	698
dpca4g291350.842	18	699
dpca4g291360.842	18	700
dpca4g291370.842	18	701
dpca4g291380.842	18	702
dpca4g291390.842	18	703
dpca4g291400.842	18	704
dpca4g291410.842	18	705
dpca4g291420.842	18	706
dpca4g291430.842	18	707
dpca4g291450.842	18	708
dpca4g291470.842	18	709
dpca4g291480.842	18	710
dpca4g291490.842	18	711
dpca4g291520.842	18	712
dpca4g291540.842	18	713
dpca4g291580.842	18	714
dpca4g291610.842	18	715
dpca4g291620.842	18	716
dpca4g291630.842	18	717
dpca4g291650.842	18	718
dpca4g291660.842	18	719
dpca4g291670.842	18	720
dpca4g291680.842	18	721
dpca4g291690.842	18	722
dpca4g291710.842	18	723
dpca4g291730.842	18	724
dpca4g291740.842	18	725
dpca4g291750.842	18	726
dpca4g291780.842	18	727
dpca4g291820.842	18	728
dpca4g291830.842	18	729
dpca4g291960.842	18	730
dpca4g291970.842	18	731
dpca4g291990.842	18	732
dpca4g292020.842	18	733
dpca4g292040.842	18	734
dpca4g292050.842	18	735
dpca4g292060.842	18	736
dpca4g292090.842	18	737
dpca4g292100.842	18	738
dpca4g292110.842	18	739
dpca4g292130.842	18	740
dpca4g292160.842	18	741
dpca4g292190.842	18	742
dpca4g292200.842	18	743
dpca4g292210.842	18	744
dpca4g292220.842	18	745
dpca4g292230.842	18	746
dpca4g292250.842	18	747
dpca4g292260.842	18	748
dpca4g292270.842	18	749
dpca4g292280.842	18	750
dpca4g292300.842	18	751
dpca4g292310.842	18	752
dpca4g292320.842	18	753
dpca4g292330.842	18	754
dpca4g292340.842	18	755
dpca4g292350.842	18	756
dpca4g292360.842	18	757
dpca4g292370.842	18	758
dpca4g292380.842	18	759
dpca4g292400.842	18	760
dpca4g292410.842	18	761
dpca4g292420.842	18	762
dpca4g292430.842	18	763
dpca4g292450.842	18	764
dpca4g292460.842	18	765
dpca4g292470.842	18	766
dpca4g292490.842	18	767
dpca4g292500.842	18	768
dpca4g292510.842	18	769
dpca4g292520.842	18	770
dpca4g292530.842	18	771
dpca4g292540.842	18	772
dpca4g292550.842	18	773
dpca4g292570.842	18	774
dpca4g292580.842	18	775
dpca4g292590.842	18	776
dpca4g292600.842	18	777
dpca4g292610.842	18	778
dpca4g292620.842	18	779
dpca4g292630.842	18	780
dpca4g292640.842	18	781
dpca4g292650.842	18	782
dpca4g292660.842	18	783
dpca4g292690.842	18	784
dpca4g292710.842	18	785
dpca4g292720.842	18	786
dpca4g292730.842	18	787
dpca4g292740.842	18	788
dpca4g292750.842	18	789
dpca4g292760.842	18	790
dpca4g292770.842	18	791
dpca4g292780.842	18	792
dpca4g292790.842	18	793
dpca4g292810.842	18	794
dpca4g292820.842	18	795
dpca4g292840.842	18	796
dpca4g292850.842	18	797
dpca4g292860.842	18	798
dpca4g292870.842	18	799
dpca4g292880.842	18	800
dpca4g292890.842	18	801
dpca4g292920.842	18	802
dpca4g292930.842	18	803
dpca4g292950.842	18	804
dpca4g292970.842	18	805
dpca4g292980.842	18	806
dpca4g292990.842	18	807
dpca4g293010.842	18	808
dpca4g293020.842	18	809
dpca4g293030.842	18	810
dpca4g293040.842	18	811
dpca4g293050.842	18	812
dpca4g293060.842	18	813
dpca4g293080.842	18	814
dpca4g293100.842	18	815
dpca4g293110.842	18	816
dpca4g293120.842	18	817
dpca4g293130.842	18	818
dpca4g293150.842	18	819
dpca4g293160.842	18	820
dpca4g293170.842	18	821
dpca4g293180.842	18	822
dpca4g293190.842	18	823
dpca4g293200.842	18	824
dpca4g293210.842	18	825
dpca4g293230.842	18	826
dpca4g293240.842	18	827
dpca4g293250.842	18	828
dpca4g293260.842	18	829
dpca4g293270.842	18	830
dpca4g293280.842	18	831
dpca4g293290.842	18	832
dpca4g293300.842	18	833
dpca4g293330.842	18	834
dpca4g293340.842	18	835
dpca4g293410.842	18	836
dpca4g293440.842	18	837
dpca4g293450.842	18	838
dpca4g293470.842	18	839
dpca4g293480.842	18	840
dpca4g293490.842	18	841
dpca4g293510.842	18	842
dpca4g293520.842	18	843
dpca4g293530.842	18	844
dpca4g293560.842	18	845
dpca4g293580.842	18	846
dpca4g293590.842	18	847
dpca4g293600.842	18	848
dpca4g293610.842	18	849
dpca4g293620.842	18	850
dpca4g293640.842	18	851
dpca4g293650.842	18	852
dpca4g293660.842	18	853
dpca4g293670.842	18	854
dpca4g293690.842	18	855
dpca4g293700.842	18	856
dpca4g293720.842	18	857
dpca4g293730.842	18	858
dpca4g293740.842	18	859
dpca4g293750.842	18	860
dpca4g293760.842	18	861
dpca4g293770.842	18	862
dpca4g293780.842	18	863
dpca4g293790.842	18	864
dpca4g293800.842	18	865
dpca4g293810.842	18	866
dpca4g293830.842	18	867
dpca4g293840.842	18	868
dpca4g293850.842	18	869
dpca4g293860.842	18	870
dpca4g293870.842	18	871
dpca4g293880.842	18	872
dpca4g293890.842	18	873
dpca4g293900.842	18	874
dpca4g293910.842	18	875
dpca4g293920.842	18	876
dpca4g293930.842	18	877
dpca4g293940.842	18	878
dpca4g293950.842	18	879
dpca4g293960.842	18	880
dpca4g293970.842	18	881
dpca4g293990.842	18	882
dpca4g294000.842	18	883
dpca4g294010.842	18	884
dpca4g294030.842	18	885
dpca4g294040.842	18	886
dpca4g294050.842	18	887
dpca4g294070.842	18	888
dpca4g294080.842	18	889
dpca4g294110.842	18	890
dpca4g294120.842	18	891
dpca4g294130.842	18	892
dpca4g294140.842	18	893
dpca4g294150.842	18	894
dpca4g294160.842	18	895
dpca4g294170.842	18	896
dpca4g294180.842	18	897
dpca4g294190.842	18	898
dpca4g294200.842	18	899
dpca4g294220.842	18	900
dpca4g294240.842	18	901
dpca4g294250.842	18	902
dpca4g294260.842	18	903
dpca4g294270.842	18	904
dpca4g294280.842	18	905
dpca4g294290.842	18	906
dpca4g294300.842	18	907
dpca4g294310.842	18	908
dpca4g294320.842	18	909
dpca4g294350.842	18	910
dpca4g294360.842	18	911
dpca4g294390.842	18	912
dpca4g294400.842	18	913
dpca4g294410.842	18	914
dpca4g294420.842	18	915
dpca4g294430.842	18	916
dpca4g294440.842	18	917
dpca4g294450.842	18	918
dpca4g294460.842	18	919
dpca4g294470.842	18	920
dpca4g294480.842	18	921
dpca4g294490.842	18	922
dpca4g294500.842	18	923
dpca4g294510.842	18	924
dpca4g294520.842	18	925
dpca4g294530.842	18	926
dpca4g294540.842	18	927
dpca4g294550.842	18	928
dpca4g294560.842	18	929
dpca4g294570.842	18	930
dpca4g294580.842	18	931
dpca4g294590.842	18	932
dpca4g294600.842	18	933
dpca4g294610.842	18	934
dpca4g294630.842	18	935
dpca4g294640.842	18	936
dpca4g294650.842	18	937
dpca4g294660.842	18	938
dpca4g294670.842	18	939
dpca4g294680.842	18	940
dpca4g294690.842	18	941
dpca4g294700.842	18	942
dpca4g294730.842	18	943
dpca4g294740.842	18	944
dpca4g294750.842	18	945
dpca4g294760.842	18	946
dpca4g294770.842	18	947
dpca4g294780.842	18	948
dpca4g294790.842	18	949
dpca4g294810.842	18	950
dpca4g294820.842	18	951
dpca4g294830.842	18	952
dpca4g294840.842	18	953
dpca4g294850.842	18	954
dpca4g294860.842	18	955
dpca4g294870.842	18	956
dpca4g294900.842	18	957
dpca4g294920.842	18	958
dpca4g294930.842	18	959
dpca4g294960.842	18	960
dpca4g294970.842	18	961
dpca4g294980.842	18	962
dpca4g294990.842	18	963
dpca4g295000.842	18	964
dpca4g295010.842	18	965
dpca4g295030.842	18	966
dpca4g295040.842	18	967
dpca4g295050.842	18	968
dpca4g295060.842	18	969
dpca4g295070.842	18	970
dpca4g295080.842	18	971
dpca4g295100.842	18	972
dpca4g295110.842	18	973
dpca4g295130.842	18	974
dpca4g295180.842	18	975
dpca4g295190.842	18	976
dpca4g295210.842	18	977
dpca4g295230.842	18	978
dpca4g295240.842	18	979
dpca4g295250.842	18	980
dpca4g295260.842	18	981
dpca4g295270.842	18	982
dpca4g295300.842	18	983
dpca4g295310.842	18	984
dpca4g295340.842	18	985
dpca4g295350.842	18	986
dpca4g295370.842	18	987
dpca4g295380.842	18	988
dpca4g295400.842	18	989
dpca4g295410.842	18	990
dpca4g295420.842	18	991
dpca4g295450.842	18	992
dpca4g295460.842	18	993
dpca4g295480.842	18	994
dpca4g295490.842	18	995
dpca4g295500.842	18	996
dpca4g295510.842	18	997
dpca4g295530.842	18	998
dpca4g295550.842	18	999
dpca4g295560.842	18	1000
dpca4g295590.842	18	1001
dpca4g295600.842	18	1002
dpca4g295620.842	18	1003
dpca4g295690.842	18	1004
dpca4g295710.842	18	1005
dpca4g295720.842	18	1006
dpca4g295730.842	18	1007
dpca4g295740.842	18	1008
dpca4g295750.842	18	1009
dpca4g295780.842	18	1010
dpca4g295820.842	18	1011
dpca4g295830.842	18	1012
dpca4g295870.842	18	1013
dpca4g295880.842	18	1014
dpca4g295890.842	18	1015
dpca4g295900.842	18	1016
dpca4g295910.842	18	1017
dpca4g295920.842	18	1018
dpca4g295940.842	18	1019
dpca4g295960.842	18	1020
dpca4g295970.842	18	1021
dpca4g295980.842	18	1022
dpca4g295990.842	18	1023
dpca4g296010.842	19	0
dpca4g296030.842	19	1
dpca4g296080.842	19	2
dpca4g296090.842	19	3
dpca4g296100.842	19	4
dpca4g296110.842	19	5
dpca4g296120.842	19	6
dpca4g296130.842	19	7
dpca4g296140.842	19	8
dpca4g296150.842	19	9
dpca4g296160.842	19	10
dpca4g296170.842	19	11
dpca4g296180.842	19	12
dpca4g296190.842	19	13
dpca4g296200.842	19	14
dpca4g296210.842	19	15
dpca4g296230.842	19	16
dpca4g296240.842	19	17
dpca4g296250.842	19	18
dpca4g296260.842	19	19
dpca4g296280.842	19	20
dpca4g296290.842	19	21
dpca4g296300.842	19	22
dpca4g296320.842	19	23
dpca4g296330.842	19	24
dpca4g296340.842	19	25
dpca4g296350.842	19	26
dpca4g296370.842	19	27
dpca4g296380.842	19	28
dpca4g296390.842	19	29
dpca4g296400.842	19	30
dpca4g296410.842	19	31
dpca4g296420.842	19	32
dpca4g296430.842	19	33
dpca4g296440.842	19	34
dpca4g296450.842	19	35
dpca4g296460.842	19	36
dpca4g296470.842	19	37
dpca4g296480.842	19	38
dpca4g296490.842	19	39
dpca4g296500.842	19	40
dpca4g296510.842	19	41
dpca4g296540.842	19	42
dpca4g296550.842	19	43
dpca4g296560.842	19	44
dpca4g296570.842	19	45
dpca4g296580.842	19	46
dpca4g296590.842	19	47
dpca4g296600.842	19	48
dpca4g296610.842	19	49
dpca4g296620.842	19	50
dpca4g296630.842	19	51
dpca4g296640.842	19	52
dpca4g296650.842	19	53
dpca4g296660.842	19	54
dpca4g296670.842	19	55
dpca4g296680.842	19	56
dpca4g296690.842	19	57
dpca4g296700.842	19	58
dpca4g296710.842	19	59
dpca4g296730.842	19	60
dpca4g296740.842	19	61
dpca4g296750.842	19	62
dpca4g296760.842	19	63
dpca4g296770.842	19	64
dpca4g296780.842	19	65
dpca4g296790.842	19	66
dpca4g296800.842	19	67
dpca4g296810.842	19	68
dpca4g296830.842	19	69
dpca4g296840.842	19	70
dpca4g296850.842	19	71
dpca4g296860.842	19	72
dpca4g296890.842	19	73
dpca4g296900.842	19	74
dpca4g296920.842	19	75
dpca4g296940.842	19	76
dpca4g296960.842	19	77
dpca4g296970.842	19	78
dpca4g296990.842	19	79
dpca4g297000.842	19	80
dpca4g297010.842	19	81
dpca4g297040.842	19	82
dpca4g297050.842	19	83
dpca4g297060.842	19	84
dpca4g297070.842	19	85
dpca4g297080.842	19	86
dpca4g297120.842	19	87
dpca4g297130.842	19	88
dpca4g297140.842	19	89
dpca4g297180.842	19	90
dpca4g297190.842	19	91
dpca4g297230.842	19	92
dpca4g297240.842	19	93
dpca4g297270.842	19	94
dpca4g297290.842	19	95
dpca4g297360.842	19	96
dpca4g297370.842	19	97
dpca4g297380.842	19	98
dpca4g297390.842	19	99
dpca4g297400.842	19	100
dpca4g297410.842	19	101
dpca4g297420.842	19	102
dpca4g297490.842	19	103
dpca4g297520.842	19	104
dpca4g297540.842	19	105
dpca4g297560.842	19	106
dpca4g297580.842	19	107
dpca4g297590.842	19	108
dpca4g297600.842	19	109
dpca4g297610.842	19	110
dpca4g297620.842	19	111
dpca4g297640.842	19	112
dpca4g297650.842	19	113
dpca4g297690.842	19	114
dpca4g297700.842	19	115
dpca4g297710.842	19	116
dpca4g297720.842	19	117
dpca4g297730.842	19	118
dpca4g297740.842	19	119
dpca4g297750.842	19	120
dpca4g297760.842	19	121
dpca4g297770.842	19	122
dpca4g297780.842	19	123
dpca4g297790.842	19	124
dpca4g297800.842	19	125
dpca4g297810.842	19	126
dpca4g297820.842	19	127
dpca4g297830.842	19	128
dpca4g297840.842	19	129
dpca4g297850.842	19	130
dpca4g297860.842	19	131
dpca4g297870.842	19	132
dpca4g297880.842	19	133
dpca4g297900.842	19	134
dpca4g297910.842	19	135
dpca4g297920.842	19	136
dpca4g297930.842	19	137
dpca4g297940.842	19	138
dpca4g297950.842	19	139
dpca4g297960.842	19	140
dpca4g297970.842	19	141
dpca4g298000.842	19	142
dpca4g298010.842	19	143
dpca4g298020.842	19	144
dpca4g298030.842	19	145
dpca4g298040.842	19	146
dpca4g298070.842	19	147
dpca4g298080.842	19	148
dpca4g298100.842	19	149
dpca4g298110.842	19	150
dpca4g298120.842	19	151
dpca4g298130.842	19	152
dpca4g298140.842	19	153
dpca4g298150.842	19	154
dpca4g298170.842	19	155
dpca4g298180.842	19	156
dpca4g298200.842	19	157
dpca4g298210.842	19	158
dpca4g298230.842	19	159
dpca4g298240.842	19	160
dpca4g298250.842	19	161
dpca4g298260.842	19	162
dpca4g298270.842	19	163
dpca4g298290.842	19	164
dpca4g298300.842	19	165
dpca4g298310.842	19	166
dpca4g298320.842	19	167
dpca4g298330.842	19	168
dpca4g298370.842	19	169
dpca4g298380.842	19	170
dpca4g298400.842	19	171
dpca4g298410.842	19	172
dpca4g298420.842	19	173
dpca4g298430.842	19	174
dpca4g298440.842	19	175
dpca4g298450.842	19	176
dpca4g298460.842	19	177
dpca4g298480.842	19	178
dpca4g298490.842	19	179
dpca4g298500.842	19	180
dpca4g298510.842	19	181
dpca4g298520.842	19	182
dpca4g298540.842	19	183
dpca4g298550.842	19	184
dpca4g298570.842	19	185
dpca4g298590.842	19	186
dpca4g298600.842	19	187
dpca4g298610.842	19	188
dpca4g298620.842	19	189
dpca4g298630.842	19	190
dpca4g298650.842	19	191
dpca4g298660.842	19	192
dpca4g298680.842	19	193
dpca4g298690.842	19	194
dpca4g298710.842	19	195
dpca4g298720.842	19	196
dpca4g298730.842	19	197
dpca4g298740.842	19	198
dpca4g298750.842	19	199
dpca4g298760.842	19	200
dpca4g298800.842	19	201
dpca4g298810.842	19	202
dpca4g298830.842	19	203
dpca4g298840.842	19	204
dpca4g298850.842	19	205
dpca4g298860.842	19	206
dpca4g298890.842	19	207
dpca4g298910.842	19	208
dpca4g298920.842	19	209
dpca4g298930.842	19	210
dpca4g298940.842	19	211
dpca4g298950.842	19	212
dpca4g298960.842	19	213
dpca4g298970.842	19	214
dpca4g298980.842	19	215
dpca4g298990.842	19	216
dpca4g299000.842	19	217
dpca4g299020.842	19	218
dpca4g299030.842	19	219
dpca4g299040.842	19	220
dpca4g299050.842	19	221
dpca4g299060.842	19	222
dpca4g299070.842	19	223
dpca4g299080.842	19	224
dpca4g299090.842	19	225
dpca4g299100.842	19	226
dpca4g299110.842	19	227
dpca4g299120.842	19	228
dpca4g299140.842	19	229
dpca4g299150.842	19	230
dpca4g299160.842	19	231
dpca4g299170.842	19	232
dpca4g299210.842	19	233
dpca4g299220.842	19	234
dpca4g299230.842	19	235
dpca4g299240.842	19	236
dpca4g299250.842	19	237
dpca4g299260.842	19	238
dpca4g299270.842	19	239
dpca4g299280.842	19	240
dpca4g299290.842	19	241
dpca4g299300.842	19	242
dpca4g299310.842	19	243
dpca4g299320.842	19	244
dpca4g299340.842	19	245
dpca4g299360.842	19	246
dpca4g299370.842	19	247
dpca4g299380.842	19	248
dpca4g299390.842	19	249
dpca4g299400.842	19	250
dpca4g299410.842	19	251
dpca4g299430.842	19	252
dpca4g299440.842	19	253
dpca4g299450.842	19	254
dpca4g299490.842	19	255
dpca4g299530.842	19	256
dpca4g299540.842	19	257
dpca4g299550.842	19	258
dpca4g299620.842	19	259
dpca4g299630.842	19	260
dpca4g299640.842	19	261
dpca4g299660.842	19	262
dpca4g299680.842	19	263
dpca4g299690.842	19	264
dpca4g299700.842	19	265
dpca4g299730.842	19	266
dpca4g299740.842	19	267
dpca4g299760.842	19	268
dpca4g299810.842	19	269
dpca4g299820.842	19	270
dpca4g299830.842	19	271
dpca4g299840.842	19	272
dpca4g299860.842	19	273
dpca4g299870.842	19	274
dpca4g299880.842	19	275
dpca4g299890.842	19	276
dpca4g299900.842	19	277
dpca4g299910.842	19	278
dpca4g299970.842	19	279
dpca4g299980.842	19	280
dpca4g300000.842	19	281
dpca4g300010.842	19	282
dpca4g300020.842	19	283
dpca4g300030.842	19	284
dpca4g300040.842	19	285
dpca4g300050.842	19	286
dpca4g300060.842	19	287
dpca4g300070.842	19	288
dpca4g300080.842	19	289
dpca4g300090.842	19	290
dpca4g300100.842	19	291
dpca4g300130.842	19	292
dpca4g300150.842	19	293
dpca4g300170.842	19	294
dpca4g300180.842	19	295
dpca4g300190.842	19	296
dpca4g300200.842	19	297
dpca4g300210.842	19	298
dpca4g300220.842	19	299
dpca4g300230.842	19	300
dpca4g300240.842	19	301
dpca4g300250.842	19	302
dpca4g300290.842	19	303
dpca4g300310.842	19	304
dpca4g300320.842	19	305
dpca4g300330.842	19	306
dpca4g300340.842	19	307
dpca4g300360.842	19	308
dpca4g300380.842	19	309
dpca4g300400.842	19	310
dpca4g300410.842	19	311
dpca4g300430.842	19	312
dpca4g300440.842	19	313
dpca4g300460.842	19	314
dpca4g300470.842	19	315
dpca4g300480.842	19	316
dpca4g300490.842	19	317
dpca4g300500.842	19	318
dpca4g300510.842	19	319
dpca4g300520.842	19	320
dpca4g300530.842	19	321
dpca4g300540.842	19	322
dpca4g300550.842	19	323
dpca4g300560.842	19	324
dpca4g300570.842	19	325
dpca4g300580.842	19	326
dpca4g300590.842	19	327
dpca4g300610.842	19	328
dpca4g300620.842	19	329
dpca4g300630.842	19	330
dpca4g300650.842	19	331
dpca4g300660.842	19	332
dpca4g300670.842	19	333
dpca4g300680.842	19	334
dpca4g300690.842	19	335
dpca4g300700.842	19	336
dpca4g300710.842	19	337
dpca4g300720.842	19	338
dpca4g300730.842	19	339
dpca4g300760.842	19	340
dpca4g300770.842	19	341
dpca4g300780.842	19	342
dpca4g300800.842	19	343
dpca4g300810.842	19	344
dpca4g300820.842	19	345
dpca4g300840.842	19	346
dpca4g300850.842	19	347
dpca4g300900.842	19	348
dpca4g300950.842	19	349
dpca4g300970.842	19	350
dpca4g300990.842	19	351
dpca4g301020.842	19	352
dpca4g301030.842	19	353
dpca4g301040.842	19	354
dpca4g301050.842	19	355
dpca4g301060.842	19	356
dpca4g301070.842	19	357
dpca4g301080.842	19	358
dpca4g301090.842	19	359
dpca4g301100.842	19	360
dpca4g301120.842	19	361
dpca4g301140.842	19	362
dpca4g301150.842	19	363
dpca4g301160.842	19	364
dpca4g301170.842	19	365
dpca4g301190.842	19	366
dpca4g301210.842	19	367
dpca4g301220.842	19	368
dpca4g301230.842	19	369
dpca4g301240.842	19	370
dpca4g301260.842	19	371
dpca4g301280.842	19	372
dpca4g301300.842	19	373
dpca4g301310.842	19	374
dpca4g301320.842	19	375
dpca4g301340.842	19	376
dpca4g301360.842	19	377
dpca4g301370.842	19	378
dpca4g301380.842	19	379
dpca4g301390.842	19	380
dpca4g301400.842	19	381
dpca4g301410.842	19	382
dpca4g301420.842	19	383
dpca4g301430.842	19	384
dpca4g301440.842	19	385
dpca4g301450.842	19	386
dpca4g301460.842	19	387
dpca4g301480.842	19	388
dpca4g301490.842	19	389
dpca4g301510.842	19	390
dpca4g301520.842	19	391
dpca4g301530.842	19	392
dpca4g301540.842	19	393
dpca4g301550.842	19	394
dpca4g301560.842	19	395
dpca4g301570.842	19	396
dpca4g301580.842	19	397
dpca4g301590.842	19	398
dpca4g301600.842	19	399
dpca4g301620.842	19	400
dpca4g301630.842	19	401
dpca4g301640.842	19	402
dpca4g301650.842	19	403
dpca4g301660.842	19	404
dpca4g301670.842	19	405
dpca4g301680.842	19	406
dpca4g301700.842	19	407
dpca4g301710.842	19	408
dpca4g301720.842	19	409
dpca4g301730.842	19	410
dpca4g301740.842	19	411
dpca4g301760.842	19	412
dpca4g301770.842	19	413
dpca4g301780.842	19	414
dpca4g301790.842	19	415
dpca4g301800.842	19	416
dpca4g301810.842	19	417
dpca4g301820.842	19	418
dpca4g301830.842	19	419
dpca4g301840.842	19	420
dpca4g301860.842	19	421
dpca4g301880.842	19	422
dpca4g301890.842	19	423
dpca4g301900.842	19	424
dpca4g301910.842	19	425
dpca4g301920.842	19	426
dpca4g301940.842	19	427
dpca4g301950.842	19	428
dpca4g301960.842	19	429
dpca4g301970.842	19	430
dpca4g301980.842	19	431
dpca4g301990.842	19	432
dpca4g302010.842	19	433
dpca4g302030.842	19	434
dpca4g302040.842	19	435
dpca4g302050.842	19	436
dpca4g302060.842	19	437
dpca4g302070.842	19	438
dpca4g302100.842	19	439
dpca4g302120.842	19	440
dpca4g302130.842	19	441
dpca4g302140.842	19	442
dpca4g302150.842	19	443
dpca4g302170.842	19	444
dpca4g302180.842	19	445
dpca4g302210.842	19	446
dpca4g302220.842	19	447
dpca4g302230.842	19	448
dpca4g302240.842	19	449
dpca4g302250.842	19	450
dpca4g302260.842	19	451
dpca4g302270.842	19	452
dpca4g302280.842	19	453
dpca4g302290.842	19	454
dpca4g302300.842	19	455
dpca4g302310.842	19	456
dpca4g302320.842	19	457
dpca4g302340.842	19	458
dpca4g302350.842	19	459
dpca4g302360.842	19	460
dpca4g302370.842	19	461
dpca4g302390.842	19	462
dpca4g302400.842	19	463
dpca4g302410.842	19	464
dpca4g302420.842	19	465
dpca4g302430.842	19	466
dpca4g302440.842	19	467
dpca4g302450.842	19	468
dpca4g302460.842	19	469
dpca4g302470.842	19	470
dpca4g302490.842	19	471
dpca4g302500.842	19	472
dpca4g302520.842	19	473
dpca4g302530.842	19	474
dpca4g302540.842	19	475
dpca4g302550.842	19	476
dpca4g302560.842	19	477
dpca4g302570.842	19	478
dpca4g302580.842	19	479
dpca4g302590.842	19	480
dpca4g302600.842	19	481
dpca4g302620.842	19	482
dpca4g302630.842	19	483
dpca4g302640.842	19	484
dpca4g302650.842	19	485
dpca4g302660.842	19	486
dpca4g302670.842	19	487
dpca4g302700.842	19	488
dpca4g302730.842	19	489
dpca4g302740.842	19	490
dpca4g302750.842	19	491
dpca4g302770.842	19	492
dpca4g302800.842	19	493
dpca4g302810.842	19	494
dpca4g302820.842	19	495
dpca4g302840.842	19	496
dpca4g302850.842	19	497
dpca4g302860.842	19	498
dpca4g302880.842	19	499
dpca4g302920.842	19	500
dpca4g302940.842	19	501
dpca4g302960.842	19	502
dpca4g302970.842	19	503
dpca4g302990.842	19	504
dpca4g303000.842	19	505
dpca4g303010.842	19	506
dpca4g303040.842	19	507
dpca4g303050.842	19	508
dpca4g303060.842	19	509
dpca4g303070.842	19	510
dpca4g303080.842	19	511
dpca4g303090.842	19	512
dpca4g303100.842	19	513
dpca4g303110.842	19	514
dpca4g303200.842	19	515
dpca4g303210.842	19	516
dpca4g303220.842	19	517
dpca4g303230.842	19	518
dpca4g303240.842	19	519
dpca4g303250.842	19	520
dpca4g303300.842	19	521
dpca4g303420.842	19	522
dpca4g303450.842	19	523
dpca4g303460.842	19	524
dpca4g303470.842	19	525
dpca4g303490.842	19	526
dpca4g303500.842	19	527
dpca4g303520.842	19	528
dpca4g303530.842	19	529
dpca4g303550.842	19	530
dpca4g303560.842	19	531
dpca4g303580.842	19	532
dpca4g303590.842	19	533
dpca4g303630.842	19	534
dpca4g303710.842	19	535
dpca4g303730.842	19	536
dpca4g303760.842	19	537
dpca4g303790.842	19	538
dpca4g303800.842	19	539
dpca4g303810.842	19	540
dpca4g303830.842	19	541
dpca4g303840.842	19	542
dpca4g303850.842	19	543
dpca4g303870.842	19	544
dpca4g303890.842	19	545
dpca4g303900.842	19	546
dpca4g303910.842	19	547
dpca4g303920.842	19	548
dpca4g303940.842	19	549
dpca4g303950.842	19	550
dpca4g303960.842	19	551
dpca4g303970.842	19	552
dpca4g303980.842	19	553
dpca4g303990.842	19	554
dpca4g304020.842	19	555
dpca4g304050.842	19	556
dpca4g304060.842	19	557
dpca4g304070.842	19	558
dpca4g304080.842	19	559
dpca4g304090.842	19	560
dpca4g304100.842	19	561
dpca4g304110.842	19	562
dpca4g304120.842	19	563
dpca4g304130.842	19	564
dpca4g304140.842	19	565
dpca4g304150.842	19	566
dpca4g304160.842	19	567
dpca4g304170.842	19	568
dpca4g304190.842	19	569
dpca4g304200.842	19	570
dpca4g304230.842	19	571
dpca4g304240.842	19	572
dpca4g304250.842	19	573
dpca4g304280.842	19	574
dpca4g304290.842	19	575
dpca4g304310.842	19	576
dpca4g304320.842	19	577
dpca4g304330.842	19	578
dpca4g304340.842	19	579
dpca4g304350.842	19	580
dpca4g304360.842	19	581
dpca4g304370.842	19	582
dpca4g304400.842	19	583
dpca4g304430.842	19	584
dpca4g304470.842	19	585
dpca4g304480.842	19	586
dpca4g304490.842	19	587
dpca4g304500.842	19	588
dpca4g304510.842	19	589
dpca4g304520.842	19	590
dpca4g304530.842	19	591
dpca4g304540.842	19	592
dpca4g304550.842	19	593
dpca4g304560.842	19	594
dpca4g304570.842	19	595
dpca4g304580.842	19	596
dpca4g304600.842	19	597
dpca4g304610.842	19	598
dpca4g304620.842	19	599
dpca4g304630.842	19	600
dpca4g304670.842	19	601
dpca4g304680.842	19	602
dpca4g304690.842	19	603
dpca4g304700.842	19	604
dpca4g304710.842	19	605
dpca4g304730.842	19	606
dpca4g304740.842	19	607
dpca4g304750.842	19	608
dpca4g304760.842	19	609
dpca4g304770.842	19	610
dpca4g304780.842	19	611
dpca4g304790.842	19	612
dpca4g304800.842	19	613
dpca4g304820.842	19	614
dpca4g304830.842	19	615
dpca4g304840.842	19	616
dpca4g304850.842	19	617
dpca4g304860.842	19	618
dpca4g304890.842	19	619
dpca4g304900.842	19	620
dpca4g304910.842	19	621
dpca4g304920.842	19	622
dpca4g304940.842	19	623
dpca4g304950.842	19	624
dpca4g304960.842	19	625
dpca4g305000.842	19	626
dpca4g305010.842	19	627
dpca4g305020.842	19	628
dpca4g305040.842	19	629
dpca4g305070.842	19	630
dpca4g305080.842	19	631
dpca4g305090.842	19	632
dpca4g305100.842	19	633
dpca4g305110.842	19	634
dpca4g305120.842	19	635
dpca4g305130.842	19	636
dpca4g305140.842	19	637
dpca4g305150.842	19	638
dpca4g305180.842	19	639
dpca4g305200.842	19	640
dpca4g305240.842	19	641
dpca4g305250.842	19	642
dpca4g305270.842	19	643
dpca4g305300.842	19	644
dpca4g305360.842	19	645
dpca4g305370.842	19	646
dpca4g305380.842	19	647
dpca4g305390.842	19	648
dpca4g305400.842	19	649
dpca4g305410.842	19	650
dpca4g305420.842	19	651
dpca4g305440.842	19	652
dpca4g305450.842	19	653
dpca4g305460.842	19	654
dpca4g305480.842	19	655
dpca4g305500.842	19	656
dpca4g305510.842	19	657
dpca4g305520.842	19	658
dpca4g305530.842	19	659
dpca4g305540.842	19	660
dpca4g305550.842	19	661
dpca4g305590.842	19	662
dpca4g305610.842	19	663
dpca4g305620.842	19	664
dpca4g305630.842	19	665
dpca4g305640.842	19	666
dpca4g305650.842	19	667
dpca4g305660.842	19	668
dpca4g305680.842	19	669
dpca4g305690.842	19	670
dpca4g305700.842	19	671
dpca4g305710.842	19	672
dpca4g305730.842	19	673
dpca4g305740.842	19	674
dpca4g305760.842	19	675
dpca4g305770.842	19	676
dpca4g305790.842	19	677
dpca4g305800.842	19	678
dpca4g305810.842	19	679
dpca4g305830.842	19	680
dpca4g305840.842	19	681
dpca4g305860.842	19	682
dpca4g305890.842	19	683
dpca4g305900.842	19	684
dpca4g305910.842	19	685
dpca4g305940.842	19	686
dpca4g305950.842	19	687
dpca4g305960.842	19	688
dpca4g305970.842	19	689
dpca4g305980.842	19	690
dpca4g305990.842	19	691
dpca4g306010.842	19	692
dpca4g306020.842	19	693
dpca4g306050.842	19	694
dpca4g306060.842	19	695
dpca4g306070.842	19	696
dpca4g306120.842	19	697
dpca4g306130.842	19	698
dpca4g306140.842	19	699
dpca4g306150.842	19	700
dpca4g306160.842	19	701
dpca4g306170.842	19	702
dpca4g306200.842	19	703
dpca4g306210.842	19	704
dpca4g306220.842	19	705
dpca4g306230.842	19	706
dpca4g306240.842	19	707
dpca4g306250.842	19	708
dpca4g306260.842	19	709
dpca4g306270.842	19	710
dpca4g306280.842	19	711
dpca4g306300.842	19	712
dpca4g306310.842	19	713
dpca4g306320.842	19	714
dpca4g306330.842	19	715
dpca4g306350.842	19	716
dpca4g306360.842	19	717
dpca4g306380.842	19	718
dpca4g306390.842	19	719
dpca4g306410.842	19	720
dpca4g306420.842	19	721
dpca4g306430.842	19	722
dpca4g306440.842	19	723
dpca4g306450.842	19	724
dpca4g306460.842	19	725
dpca4g306470.842	19	726
dpca4g306490.842	19	727
dpca4g306500.842	19	728
dpca4g306510.842	19	729
dpca4g306520.842	19	730
dpca4g306530.842	19	731
dpca4g306540.842	19	732
dpca4g306560.842	19	733
dpca4g306580.842	19	734
dpca4g306600.842	19	735
dpca4g306610.842	19	736
dpca4g306620.842	19	737
dpca4g306630.842	19	738
dpca4g306640.842	19	739
dpca4g306650.842	19	740
dpca4g306660.842	19	741
dpca4g306670.842	19	742
dpca4g306680.842	19	743
dpca4g306690.842	19	744
dpca4g306700.842	19	745
dpca4g306710.842	19	746
dpca4g306730.842	19	747
dpca4g306770.842	19	748
dpca4g306780.842	19	749
dpca4g306790.842	19	750
dpca4g306800.842	19	751
dpca4g306810.842	19	752
dpca4g306830.842	19	753
dpca4g306840.842	19	754
dpca4g306850.842	19	755
dpca4g306870.842	19	756
dpca4g306880.842	19	757
dpca4g306890.842	19	758
dpca4g306900.842	19	759
dpca4g306910.842	19	760
dpca4g306920.842	19	761
dpca4g306930.842	19	762
dpca4g306940.842	19	763
dpca4g306960.842	19	764
dpca4g306970.842	19	765
dpca4g306990.842	19	766
dpca4g307000.842	19	767
dpca4g307020.842	19	768
dpca4g307030.842	19	769
dpca4g307050.842	19	770
dpca4g307060.842	19	771
dpca4g307070.842	19	772
dpca4g307080.842	19	773
dpca4g307090.842	19	774
dpca4g307100.842	19	775
dpca4g307110.842	19	776
dpca4g307120.842	19	777
dpca4g307130.842	19	778
dpca4g307140.842	19	779
dpca4g307150.842	19	780
dpca4g307160.842	19	781
dpca4g307170.842	19	782
dpca4g307190.842	19	783
dpca4g307210.842	19	784
dpca4g307240.842	19	785
dpca4g307260.842	19	786
dpca4g307270.842	19	787
dpca4g307300.842	19	788
dpca4g307310.842	19	789
dpca4g307320.842	19	790
dpca4g307330.842	19	791
dpca4g307360.842	19	792
dpca4g307370.842	19	793
dpca4g307400.842	19	794
dpca4g307420.842	19	795
dpca4g307430.842	19	796
dpca4g307440.842	19	797
dpca4g307470.842	19	798
dpca4g307480.842	19	799
dpca4g307490.842	19	800
dpca4g307500.842	19	801
dpca4g307510.842	19	802
dpca4g307520.842	19	803
dpca4g307530.842	19	804
dpca4g307540.842	19	805
dpca4g307550.842	19	806
dpca4g307560.842	19	807
dpca4g307570.842	19	808
dpca4g307590.842	19	809
dpca4g307600.842	19	810
dpca4g307610.842	19	811
dpca4g307620.842	19	812
dpca4g307630.842	19	813
dpca4g307640.842	19	814
dpca4g307650.842	19	815
dpca4g307660.842	19	816
dpca4g307670.842	19	817
dpca4g307680.842	19	818
dpca4g307690.842	19	819
dpca4g307700.842	19	820
dpca4g307710.842	19	821
dpca4g307720.842	19	822
dpca4g307730.842	19	823
dpca4g307740.842	19	824
dpca4g307750.842	19	825
dpca4g307760.842	19	826
dpca4g307770.842	19	827
dpca4g307780.842	19	828
dpca4g307790.842	19	829
dpca4g307800.842	19	830
dpca4g307810.842	19	831
dpca4g307820.842	19	832
dpca4g307830.842	19	833
dpca4g307850.842	19	834
dpca4g307860.842	19	835
dpca4g307880.842	19	836
dpca4g307910.842	19	837
dpca4g307920.842	19	838
dpca4g307930.842	19	839
dpca4g307940.842	19	840
dpca4g307950.842	19	841
dpca4g307960.842	19	842
dpca4g307970.842	19	843
dpca4g307980.842	19	844
dpca4g307990.842	19	845
dpca4g308000.842	19	846
dpca4g308030.842	19	847
dpca4g308040.842	19	848
dpca4g308050.842	19	849
dpca4g308060.842	19	850
dpca4g308070.842	19	851
dpca4g308080.842	19	852
dpca4g308090.842	19	853
dpca4g308100.842	19	854
dpca4g308110.842	19	855
dpca4g308120.842	19	856
dpca4g308130.842	19	857
dpca4g308140.842	19	858
dpca4g308150.842	19	859
dpca4g308160.842	19	860
dpca4g308170.842	19	861
dpca4g308190.842	19	862
dpca4g308200.842	19	863
dpca4g308210.842	19	864
dpca4g308220.842	19	865
dpca4g308230.842	19	866
dpca4g308240.842	19	867
dpca4g308250.842	19	868
dpca4g308260.842	19	869
dpca4g308270.842	19	870
dpca4g308290.842	19	871
dpca4g308300.842	19	872
dpca4g308310.842	19	873
dpca4g308330.842	19	874
dpca4g308340.842	19	875
dpca4g308370.842	19	876
dpca4g308400.842	19	877
dpca4g308410.842	19	878
dpca4g308420.842	19	879
dpca4g308430.842	19	880
dpca4g308440.842	19	881
dpca4g308450.842	19	882
dpca4g308460.842	19	883
dpca4g308470.842	19	884
dpca4g308480.842	19	885
dpca4g308490.842	19	886
dpca4g308500.842	19	887
dpca4g308520.842	19	888
dpca4g308530.842	19	889
dpca4g308560.842	19	890
dpca4g308570.842	19	891
dpca4g308580.842	19	892
dpca4g308590.842	19	893
dpca4g308600.842	19	894
dpca4g308610.842	19	895
dpca4g308620.842	19	896
dpca4g308630.842	19	897
dpca4g308640.842	19	898
dpca4g308650.842	19	899
dpca4g308660.842	19	900
dpca4g308670.842	19	901
dpca4g308680.842	19	902
dpca4g308710.842	19	903
dpca4g308720.842	19	904
dpca4g308740.842	19	905
dpca4g308750.842	19	906
dpca4g308760.842	19	907
dpca4g308770.842	19	908
dpca4g308780.842	19	909
dpca4g308790.842	19	910
dpca4g308800.842	19	911
dpca4g308810.842	19	912
dpca4g308830.842	19	913
dpca4g308860.842	19	914
dpca4g308880.842	19	915
dpca4g308890.842	19	916
dpca4g308900.842	19	917
dpca4g308910.842	19	918
dpca4g308920.842	19	919
dpca4g308930.842	19	920
dpca4g308950.842	19	921
dpca4g308980.842	19	922
dpca4g308990.842	19	923
dpca4g309000.842	19	924
dpca4g309030.842	19	925
dpca4g309040.842	19	926
dpca4g309050.842	19	927
dpca4g309060.842	19	928
dpca4g309070.842	19	929
dpca4g309080.842	19	930
dpca4g309090.842	19	931
dpca4g309100.842	19	932
dpca4g309110.842	19	933
dpca4g309140.842	19	934
dpca4g309190.842	19	935
dpca4g309200.842	19	936
dpca4g309210.842	19	937
dpca4g309220.842	19	938
dpca4g309240.842	19	939
dpca4g309250.842	19	940
dpca4g309260.842	19	941
dpca4g309270.842	19	942
dpca4g309280.842	19	943
dpca4g309290.842	19	944
dpca4g309300.842	19	945
dpca4g309310.842	19	946
dpca4g309320.842	19	947
dpca4g309360.842	19	948
dpca4g309370.842	19	949
dpca4g309390.842	19	950
dpca4g309400.842	19	951
dpca4g309410.842	19	952
dpca4g309430.842	19	953
dpca4g309440.842	19	954
dpca4g309450.842	19	955
dpca4g309470.842	19	956
dpca4g309480.842	19	957
dpca4g309510.842	19	958
dpca4g309530.842	19	959
dpca4g309540.842	19	960
dpca4g309570.842	19	961
dpca4g309580.842	19	962
dpca4g309600.842	19	963
dpca4g309610.842	19	964
dpca4g309620.842	19	965
dpca4g309630.842	19	966
dpca4g309650.842	19	967
dpca4g309660.842	19	968
dpca4g309670.842	19	969
dpca4g309690.842	19	970
dpca4g309700.842	19	971
dpca4g309720.842	19	972
dpca4g309730.842	19	973
dpca4g309750.842	19	974
dpca4g309760.842	19	975
dpca4g309770.842	19	976
dpca4g309780.842	19	977
dpca4g309790.842	19	978
dpca4g309820.842	19	979
dpca4g309830.842	19	980
dpca4g309850.842	19	981
dpca4g309860.842	19	982
dpca4g309870.842	19	983
dpca4g309880.842	19	984
dpca4g309890.842	19	985
dpca4g309900.842	19	986
dpca4g309910.842	19	987
dpca4g309930.842	19	988
dpca4g309940.842	19	989
dpca4g309950.842	19	990
dpca4g309960.842	19	991
dpca4g309980.842	19	992
dpca4g309990.842	19	993
dpca4g310000.842	19	994
dpca4g310020.842	19	995
dpca4g310030.842	19	996
dpca4g310040.842	19	997
dpca4g310050.842	19	998
dpca4g310060.842	19	999
dpca4g310070.842	19	1000
dpca4g310080.842	19	1001
dpca4g310090.842	19	1002
dpca4g310120.842	19	1003
dpca4g310130.842	19	1004
dpca4g310140.842	19	1005
dpca4g310150.842	19	1006
dpca4g310160.842	19	1007
dpca4g310170.842	19	1008
dpca4g310180.842	19	1009
dpca4g310190.842	19	1010
dpca4g310210.842	19	1011
dpca4g310220.842	19	1012
dpca4g310240.842	19	1013
dpca4g310250.842	19	1014
dpca4g310260.842	19	1015
dpca4g310270.842	19	1016
dpca4g310290.842	19	1017
dpca4g310330.842	19	1018
dpca4g310350.842	19	1019
dpca4g310360.842	19	1020
dpca4g310370.842	19	1021
dpca4g310380.842	19	1022
dpca4g310390.842	19	1023
dpca4g310410.842	20	0
dpca4g310420.842	20	1
dpca4g310430.842	20	2
dpca4g310440.842	20	3
dpca4g310450.842	20	4
dpca4g310460.842	20	5
dpca4g310470.842	20	6
dpca4g310480.842	20	7
dpca4g310540.842	20	8
dpca4g310550.842	20	9
dpca4g310560.842	20	10
dpca4g310580.842	20	11
dpca4g310590.842	20	12
dpca4g310600.842	20	13
dpca4g310610.842	20	14
dpca4g310620.842	20	15
dpca4g310630.842	20	16
dpca4g310660.842	20	17
dpca4g310710.842	20	18
dpca4g310720.842	20	19
dpca4g310730.842	20	20
dpca4g310740.842	20	21
dpca4g310750.842	20	22
dpca4g310760.842	20	23
dpca4g310770.842	20	24
dpca4g310800.842	20	25
dpca4g310820.842	20	26
dpca4g310830.842	20	27
dpca4g310840.842	20	28
dpca4g310850.842	20	29
dpca4g310860.842	20	30
dpca4g310880.842	20	31
dpca4g310890.842	20	32
dpca4g310910.842	20	33
dpca4g310920.842	20	34
dpca4g310940.842	20	35
dpca4g310960.842	20	36
dpca4g310970.842	20	37
dpca4g310990.842	20	38
dpca4g311020.842	20	39
dpca4g311030.842	20	40
dpca4g311040.842	20	41
dpca4g311050.842	20	42
dpca4g311060.842	20	43
dpca4g311080.842	20	44
dpca4g311090.842	20	45
dpca4g311100.842	20	46
dpca4g311110.842	20	47
dpca4g311120.842	20	48
dpca4g311140.842	20	49
dpca4g311150.842	20	50
dpca4g311160.842	20	51
dpca4g311170.842	20	52
dpca4g311200.842	20	53
dpca4g311210.842	20	54
dpca4g311220.842	20	55
dpca4g311230.842	20	56
dpca4g311250.842	20	57
dpca4g311260.842	20	58
dpca4g311270.842	20	59
dpca4g311320.842	20	60
dpca4g311330.842	20	61
dpca4g311340.842	20	62
dpca4g311350.842	20	63
dpca4g311380.842	20	64
dpca4g311390.842	20	65
dpca4g311400.842	20	66
dpca4g311410.842	20	67
dpca4g311420.842	20	68
dpca4g311430.842	20	69
dpca4g311450.842	20	70
dpca4g311460.842	20	71
dpca4g311470.842	20	72
dpca4g311480.842	20	73
dpca4g311490.842	20	74
dpca4g311510.842	20	75
dpca4g311520.842	20	76
dpca4g311530.842	20	77
dpca4g311540.842	20	78
dpca4g311550.842	20	79
dpca4g311560.842	20	80
dpca4g311580.842	20	81
dpca4g311600.842	20	82
dpca4g311610.842	20	83
dpca4g311620.842	20	84
dpca4g311630.842	20	85
dpca4g311650.842	20	86
dpca4g311660.842	20	87
dpca4g311680.842	20	88
dpca4g311690.842	20	89
dpca4g311700.842	20	90
dpca4g311710.842	20	91
dpca4g311730.842	20	92
dpca4g311740.842	20	93
dpca4g311760.842	20	94
dpca4g311770.842	20	95
dpca4g311780.842	20	96
dpca4g311810.842	20	97
dpca4g311820.842	20	98
dpca4g311830.842	20	99
dpca4g311840.842	20	100
dpca4g311850.842	20	101
dpca4g311860.842	20	102
dpca4g311890.842	20	103
dpca4g311910.842	20	104
dpca4g311920.842	20	105
dpca4g311930.842	20	106
dpca4g311940.842	20	107
dpca4g311950.842	20	108
dpca4g311960.842	20	109
dpca4g311980.842	20	110
dpca4g312000.842	20	111
dpca4g312010.842	20	112
dpca4g312020.842	20	113
dpca4g312030.842	20	114
dpca4g312040.842	20	115
dpca4g312050.842	20	116
dpca4g312070.842	20	117
dpca4g312080.842	20	118
dpca4g312090.842	20	119
dpca4g312100.842	20	120
dpca4g312110.842	20	121
dpca4g312120.842	20	122
dpca4g312130.842	20	123
dpca4g312140.842	20	124
dpca4g312150.842	20	125
dpca4g312180.842	20	126
dpca4g312190.842	20	127
dpca4g312200.842	20	128
dpca4g312210.842	20	129
dpca4g312220.842	20	130
dpca4g312230.842	20	131
dpca4g312240.842	20	132
dpca4g312250.842	20	133
dpca4g312260.842	20	134
dpca4g312270.842	20	135
dpca4g312290.842	20	136
dpca4g312310.842	20	137
dpca4g312320.842	20	138
dpca4g312330.842	20	139
dpca4g312340.842	20	140
dpca4g312360.842	20	141
dpca4g312380.842	20	142
dpca4g312390.842	20	143
dpca4g312400.842	20	144
dpca4g312410.842	20	145
dpca4g312420.842	20	146
dpca4g312430.842	20	147
dpca4g312440.842	20	148
dpca4g312510.842	20	149
dpca4g312520.842	20	150
dpca4g312540.842	20	151
dpca4g312620.842	20	152
dpca4g312630.842	20	153
dpca4g312650.842	20	154
dpca4g312680.842	20	155
dpca4g312690.842	20	156
dpca4g312720.842	20	157
dpca4g312750.842	20	158
dpca4g312760.842	20	159
dpca4g312780.842	20	160
dpca4g312790.842	20	161
dpca4g312810.842	20	162
dpca4g312820.842	20	163
dpca4g312840.842	20	164
dpca4g312850.842	20	165
dpca4g312860.842	20	166
dpca4g312890.842	20	167
dpca4g312930.842	20	168
dpca4g312950.842	20	169
dpca4g312960.842	20	170
dpca4g312970.842	20	171
dpca4g312980.842	20	172
dpca4g312990.842	20	173
dpca4g313000.842	20	174
dpca4g313010.842	20	175
dpca4g313040.842	20	176
dpca4g313050.842	20	177
dpca4g313060.842	20	178
dpca4g313070.842	20	179
dpca4g313080.842	20	180
dpca4g313090.842	20	181
dpca4g313100.842	20	182
dpca4g313110.842	20	183
dpca4g313170.842	20	184
dpca4g313180.842	20	185
dpca4g313190.842	20	186
dpca4g313200.842	20	187
dpca4g313210.842	20	188
dpca4g313220.842	20	189
dpca4g313230.842	20	190
dpca4g313240.842	20	191
dpca4g313250.842	20	192
dpca4g313260.842	20	193
dpca4g313270.842	20	194
dpca4g313280.842	20	195
dpca4g313290.842	20	196
dpca4g313310.842	20	197
dpca4g313320.842	20	198
dpca4g313330.842	20	199
dpca4g313350.842	20	200
dpca4g313370.842	20	201
dpca4g313380.842	20	202
dpca4g313390.842	20	203
dpca4g313430.842	20	204
dpca4g313440.842	20	205
dpca4g313450.842	20	206
dpca4g313470.842	20	207
dpca4g313480.842	20	208
dpca4g313490.842	20	209
dpca4g313500.842	20	210
dpca4g313510.842	20	211
dpca4g313520.842	20	212
dpca4g313530.842	20	213
dpca4g313550.842	20	214
dpca4g313560.842	20	215
dpca4g313580.842	20	216
dpca4g313600.842	20	217
dpca4g313650.842	20	218
dpca4g313660.842	20	219
dpca4g313680.842	20	220
dpca4g313690.842	20	221
dpca4g313700.842	20	222
dpca4g313710.842	20	223
dpca4g313720.842	20	224
dpca4g313730.842	20	225
dpca4g313740.842	20	226
dpca4g313760.842	20	227
dpca4g313780.842	20	228
dpca4g313820.842	20	229
dpca4g313830.842	20	230
dpca4g313840.842	20	231
dpca4g313850.842	20	232
dpca4g313860.842	20	233
dpca4g313870.842	20	234
dpca4g313880.842	20	235
dpca4g313890.842	20	236
dpca4g313900.842	20	237
dpca4g313910.842	20	238
dpca4g313920.842	20	239
dpca4g313930.842	20	240
dpca4g313940.842	20	241
dpca4g313970.842	20	242
dpca4g314000.842	20	243
dpca4g314010.842	20	244
dpca4g314020.842	20	245
dpca4g314030.842	20	246
dpca4g314040.842	20	247
dpca4g314060.842	20	248
dpca4g314090.842	20	249
dpca4g314120.842	20	250
dpca4g314130.842	20	251
dpca4g314140.842	20	252
dpca4g314160.842	20	253
dpca4g314170.842	20	254
dpca4g314180.842	20	255
dpca4g314190.842	20	256
dpca4g314210.842	20	257
dpca4g314220.842	20	258
dpca4g314250.842	20	259
dpca4g314260.842	20	260
dpca4g314280.842	20	261
dpca4g314290.842	20	262
dpca4g314300.842	20	263
dpca4g314310.842	20	264
dpca4g314340.842	20	265
dpca4g314350.842	20	266
dpca4g314380.842	20	267
dpca4g314390.842	20	268
dpca4g314400.842	20	269
dpca4g314410.842	20	270
dpca4g314430.842	20	271
dpca4g314440.842	20	272
dpca4g314450.842	20	273
dpca4g314460.842	20	274
dpca4g314470.842	20	275
dpca4g314490.842	20	276
dpca4g314500.842	20	277
dpca4g314510.842	20	278
dpca4g314520.842	20	279
dpca4g314540.842	20	280
dpca4g314560.842	20	281
dpca4g314580.842	20	282
dpca4g314590.842	20	283
dpca4g314610.842	20	284
dpca4g314630.842	20	285
dpca4g314670.842	20	286
dpca4g314680.842	20	287
dpca4g314700.842	20	288
dpca4g314730.842	20	289
dpca4g314740.842	20	290
dpca4g314750.842	20	291
dpca4g314760.842	20	292
dpca4g314770.842	20	293
dpca4g314790.842	20	294
dpca4g314800.842	20	295
dpca4g314810.842	20	296
dpca4g314840.842	20	297
dpca4g314870.842	20	298
dpca4g314880.842	20	299
dpca4g314900.842	20	300
dpca4g314910.842	20	301
dpca4g314930.842	20	302
dpca4g314940.842	20	303
dpca4g314950.842	20	304
dpca4g314980.842	20	305
dpca4g315020.842	20	306
dpca4g315030.842	20	307
dpca4g315040.842	20	308
dpca4g315050.842	20	309
dpca4g315070.842	20	310
dpca4g315090.842	20	311
dpca4g315110.842	20	312
dpca4g315120.842	20	313
dpca4g315140.842	20	314
dpca4g315150.842	20	315
dpca4g315160.842	20	316
dpca4g315170.842	20	317
dpca4g315180.842	20	318
dpca4g315190.842	20	319
dpca4g315210.842	20	320
dpca4g315220.842	20	321
dpca4g315230.842	20	322
dpca4g315250.842	20	323
dpca4g315260.842	20	324
dpca4g315290.842	20	325
dpca4g315340.842	20	326
dpca4g315350.842	20	327
dpca4g315360.842	20	328
dpca4g315370.842	20	329
dpca4g315380.842	20	330
dpca4g315390.842	20	331
dpca4g315400.842	20	332
dpca4g315410.842	20	333
dpca4g315450.842	20	334
dpca4g315460.842	20	335
dpca4g315470.842	20	336
dpca4g315480.842	20	337
dpca4g315490.842	20	338
dpca4g315500.842	20	339
dpca4g315510.842	20	340
dpca4g315520.842	20	341
dpca4g315540.842	20	342
dpca4g315550.842	20	343
dpca4g315560.842	20	344
dpca4g315580.842	20	345
dpca4g315590.842	20	346
dpca4g315600.842	20	347
dpca4g315610.842	20	348
dpca4g315620.842	20	349
dpca4g315630.842	20	350
dpca4g315650.842	20	351
dpca4g315670.842	20	352
dpca4g315690.842	20	353
dpca4g315700.842	20	354
dpca4g315710.842	20	355
dpca4g315720.842	20	356
dpca4g315730.842	20	357
dpca4g315740.842	20	358
dpca4g315770.842	20	359
dpca4g315780.842	20	360
dpca4g315790.842	20	361
dpca4g315820.842	20	362
dpca4g315840.842	20	363
dpca4g315850.842	20	364
dpca4g315860.842	20	365
dpca4g315870.842	20	366
dpca4g315880.842	20	367
dpca4g315890.842	20	368
dpca4g315900.842	20	369
dpca4g315920.842	20	370
dpca4g315950.842	20	371
dpca4g315960.842	20	372
dpca4g315970.842	20	373
dpca4g315990.842	20	374
dpca4g316010.842	20	375
dpca4g316020.842	20	376
dpca4g316050.842	20	377
dpca4g316060.842	20	378
dpca4g316070.842	20	379
dpca4g316080.842	20	380
dpca4g316090.842	20	381
dpca4g316100.842	20	382
dpca4g316130.842	20	383
dpca4g316150.842	20	384
dpca4g316170.842	20	385
dpca4g316200.842	20	386
dpca4g316210.842	20	387
dpca4g316230.842	20	388
dpca4g316240.842	20	389
dpca4g316250.842	20	390
dpca4g316260.842	20	391
dpca4g316270.842	20	392
dpca4g316280.842	20	393
dpca4g316290.842	20	394
dpca4g316300.842	20	395
dpca4g316310.842	20	396
dpca4g316320.842	20	397
dpca4g316340.842	20	398
dpca4g316350.842	20	399
dpca4g316380.842	20	400
dpca4g316390.842	20	401
dpca4g316400.842	20	402
dpca4g316410.842	20	403
dpca4g316420.842	20	404
dpca4g316430.842	20	405
dpca4g316440.842	20	406
dpca4g316450.842	20	407
dpca4g316460.842	20	408
dpca4g316480.842	20	409
dpca4g316490.842	20	410
dpca4g316500.842	20	411
dpca4g316510.842	20	412
dpca4g316520.842	20	413
dpca4g316530.842	20	414
dpca4g316540.842	20	415
dpca4g316560.842	20	416
dpca4g316570.842	20	417
dpca4g316580.842	20	418
dpca4g316590.842	20	419
dpca4g316600.842	20	420
dpca4g316630.842	20	421
dpca4g316650.842	20	422
dpca4g316660.842	20	423
dpca4g316670.842	20	424
dpca4g316680.842	20	425
dpca4g316690.842	20	426
dpca4g316700.842	20	427
dpca4g316710.842	20	428
dpca4g316720.842	20	429
dpca4g316730.842	20	430
dpca4g316740.842	20	431
dpca4g316750.842	20	432
dpca4g316760.842	20	433
dpca4g316770.842	20	434
dpca4g316780.842	20	435
dpca4g316790.842	20	436
dpca4g316800.842	20	437
dpca4g316810.842	20	438
dpca4g316840.842	20	439
dpca4g316860.842	20	440
dpca4g316870.842	20	441
dpca4g316880.842	20	442
dpca4g316890.842	20	443
dpca4g316900.842	20	444
dpca4g316910.842	20	445
dpca4g316930.842	20	446
dpca4g316940.842	20	447
dpca4g316950.842	20	448
dpca4g316960.842	20	449
dpca4g316970.842	20	450
dpca4g316980.842	20	451
dpca4g317010.842	20	452
dpca4g317020.842	20	453
dpca4g317030.842	20	454
dpca4g317040.842	20	455
dpca4g317070.842	20	456
dpca4g317080.842	20	457
dpca4g317100.842	20	458
dpca4g317120.842	20	459
dpca4g317130.842	20	460
dpca4g317190.842	20	461
dpca4g317230.842	20	462
dpca4g317240.842	20	463
dpca4g317290.842	20	464
dpca4g317310.842	20	465
dpca4g317330.842	20	466
dpca4g317340.842	20	467
dpca4g317350.842	20	468
dpca4g317360.842	20	469
dpca4g317370.842	20	470
dpca4g317390.842	20	471
dpca4g317410.842	20	472
dpca4g317430.842	20	473
dpca4g317440.842	20	474
dpca4g317450.842	20	475
dpca4g317460.842	20	476
dpca4g317480.842	20	477
dpca4g317490.842	20	478
dpca4g317500.842	20	479
dpca4g317520.842	20	480
dpca4g317540.842	20	481
dpca4g317550.842	20	482
dpca4g317560.842	20	483
dpca4g317570.842	20	484
dpca4g317580.842	20	485
dpca4g317590.842	20	486
dpca4g317600.842	20	487
dpca4g317610.842	20	488
dpca4g317620.842	20	489
dpca4g317630.842	20	490
dpca4g317640.842	20	491
dpca4g317650.842	20	492
dpca4g317660.842	20	493
dpca4g317690.842	20	494
dpca4g317700.842	20	495
dpca4g317710.842	20	496
dpca4g317730.842	20	497
dpca4g317740.842	20	498
dpca4g317750.842	20	499
dpca4g317760.842	20	500
dpca4g317780.842	20	501
dpca4g317800.842	20	502
dpca4g317830.842	20	503
dpca4g317840.842	20	504
dpca4g317850.842	20	505
dpca4g317860.842	20	506
dpca4g317870.842	20	507
dpca4g317880.842	20	508
dpca4g317890.842	20	509
dpca4g317900.842	20	510
dpca4g317920.842	20	511
dpca4g317930.842	20	512
dpca4g317940.842	20	513
dpca4g317950.842	20	514
dpca4g317960.842	20	515
dpca4g317970.842	20	516
dpca4g317980.842	20	517
dpca4g317990.842	20	518
dpca4g318000.842	20	519
dpca4g318030.842	20	520
dpca4g318050.842	20	521
dpca4g318070.842	20	522
dpca4g318100.842	20	523
dpca4g318130.842	20	524
dpca4g318160.842	20	525
dpca4g318170.842	20	526
dpca4g318180.842	20	527
dpca4g318210.842	20	528
dpca4g318260.842	20	529
dpca4g318270.842	20	530
dpca4g318280.842	20	531
dpca4g318310.842	20	532
dpca4g318320.842	20	533
dpca4g318340.842	20	534
dpca4g318350.842	20	535
dpca4g318360.842	20	536
dpca4g318370.842	20	537
dpca4g318380.842	20	538
dpca4g318390.842	20	539
dpca4g318400.842	20	540
dpca4g318410.842	20	541
dpca4g318420.842	20	542
dpca4g318430.842	20	543
dpca4g318450.842	20	544
dpca4g318470.842	20	545
dpca4g318490.842	20	546
dpca4g318500.842	20	547
dpca4g318510.842	20	548
dpca4g318530.842	20	549
dpca4g318550.842	20	550
dpca4g318560.842	20	551
dpca4g318570.842	20	552
dpca4g318630.842	20	553
dpca4g318650.842	20	554
dpca4g318660.842	20	555
dpca4g318670.842	20	556
dpca4g318680.842	20	557
dpca4g318690.842	20	558
dpca4g318700.842	20	559
dpca4g318720.842	20	560
dpca4g318740.842	20	561
dpca4g318750.842	20	562
dpca4g318770.842	20	563
dpca4g318780.842	20	564
dpca4g318790.842	20	565
dpca4g318800.842	20	566
dpca4g318870.842	20	567
dpca4g318880.842	20	568
dpca4g318890.842	20	569
dpca4g318900.842	20	570
dpca4g318910.842	20	571
dpca4g318920.842	20	572
dpca4g318940.842	20	573
dpca4g318950.842	20	574
dpca4g318960.842	20	575
dpca4g318970.842	20	576
dpca4g318980.842	20	577
dpca4g318990.842	20	578
dpca4g319000.842	20	579
dpca4g319010.842	20	580
dpca4g319020.842	20	581
dpca4g319030.842	20	582
dpca4g319040.842	20	583
dpca4g319050.842	20	584
dpca4g319060.842	20	585
dpca4g319080.842	20	586
dpca4g319090.842	20	587
dpca4g319100.842	20	588
dpca4g319110.842	20	589
dpca4g319130.842	20	590
dpca4g319140.842	20	591
dpca4g319170.842	20	592
dpca4g319190.842	20	593
dpca4g319200.842	20	594
dpca4g319220.842	20	595
dpca4g319230.842	20	596
dpca4g319240.842	20	597
dpca4g319250.842	20	598
dpca4g319260.842	20	599
dpca4g319290.842	20	600
dpca4g319300.842	20	601
dpca4g319310.842	20	602
dpca4g319330.842	20	603
dpca4g319340.842	20	604
dpca4g319350.842	20	605
dpca4g319370.842	20	606
dpca4g319380.842	20	607
dpca4g319390.842	20	608
dpca4g319400.842	20	609
dpca4g319410.842	20	610
dpca4g319450.842	20	611
dpca4g319460.842	20	612
dpca4g319470.842	20	613
dpca4g319480.842	20	614
dpca4g319490.842	20	615
dpca4g319500.842	20	616
dpca4g319510.842	20	617
dpca4g319520.842	20	618
dpca4g319530.842	20	619
dpca4g319540.842	20	620
dpca4g319550.842	20	621
dpca4g319560.842	20	622
dpca4g319580.842	20	623
dpca4g319590.842	20	624
dpca4g319620.842	20	625
dpca4g319630.842	20	626
dpca4g319640.842	20	627
dpca4g319660.842	20	628
dpca4g319670.842	20	629
dpca4g319680.842	20	630
dpca4g319690.842	20	631
dpca4g319700.842	20	632
dpca4g319740.842	20	633
dpca4g319750.842	20	634
dpca4g319760.842	20	635
dpca4g319770.842	20	636
dpca4g319780.842	20	637
dpca4g319790.842	20	638
dpca4g319800.842	20	639
dpca4g319810.842	20	640
dpca4g319820.842	20	641
dpca4g319830.842	20	642
dpca4g319840.842	20	643
dpca4g319850.842	20	644
dpca4g319860.842	20	645
dpca4g319870.842	20	646
dpca4g319880.842	20	647
dpca4g319890.842	20	648
dpca4g319900.842	20	649
dpca4g319910.842	20	650
dpca4g319920.842	20	651
dpca4g319930.842	20	652
dpca4g319940.842	20	653
dpca4g319990.842	20	654
dpca4g320010.842	20	655
dpca4g320050.842	20	656
dpca4g320060.842	20	657
dpca4g320080.842	20	658
dpca4g320100.842	20	659
dpca4g320110.842	20	660
dpca4g320140.842	20	661
dpca4g320150.842	20	662
dpca4g320160.842	20	663
dpca4g320180.842	20	664
dpca4g320210.842	20	665
dpca4g320220.842	20	666
dpca4g320230.842	20	667
dpca4g320240.842	20	668
dpca4g320250.842	20	669
dpca4g320300.842	20	670
dpca4g320310.842	20	671
dpca4g320320.842	20	672
dpca4g320330.842	20	673
dpca4g320340.842	20	674
dpca4g320360.842	20	675
dpca4g320420.842	20	676
dpca4g320440.842	20	677
dpca4g320460.842	20	678
dpca4g320480.842	20	679
dpca4g320540.842	20	680
dpca4g320550.842	20	681
dpca4g320560.842	20	682
dpca4g320570.842	20	683
dpca4g320580.842	20	684
dpca4g320590.842	20	685
dpca4g320600.842	20	686
dpca4g320630.842	20	687
dpca4g320640.842	20	688
dpca4g320650.842	20	689
dpca4g320660.842	20	690
dpca4g320670.842	20	691
dpca4g320690.842	20	692
dpca4g320700.842	20	693
dpca4g320710.842	20	694
dpca4g320730.842	20	695
dpca4g320740.842	20	696
dpca4g320750.842	20	697
dpca4g320760.842	20	698
dpca4g320800.842	20	699
dpca4g320830.842	20	700
dpca4g320850.842	20	701
dpca4g320860.842	20	702
dpca4g320870.842	20	703
dpca4g320880.842	20	704
dpca4g320890.842	20	705
dpca4g320900.842	20	706
dpca4g320920.842	20	707
dpca4g320930.842	20	708
dpca4g320940.842	20	709
dpca4g320990.842	20	710
dpca4g321020.842	20	711
dpca4g321030.842	20	712
dpca4g321040.842	20	713
dpca4g321050.842	20	714
dpca4g321060.842	20	715
dpca4g321070.842	20	716
dpca4g321080.842	20	717
dpca4g321100.842	20	718
dpca4g321120.842	20	719
dpca4g321130.842	20	720
dpca4g321140.842	20	721
dpca4g321150.842	20	722
dpca4g321160.842	20	723
dpca4g321190.842	20	724
dpca4g321200.842	20	725
dpca4g321220.842	20	726
dpca4g321250.842	20	727
dpca4g321270.842	20	728
dpca4g321310.842	20	729
dpca4g321320.842	20	730
dpca4g321340.842	20	731
dpca4g321350.842	20	732
dpca4g321370.842	20	733
dpca4g321380.842	20	734
dpca4g321390.842	20	735
dpca4g321400.842	20	736
dpca4g321420.842	20	737
dpca4g321440.842	20	738
dpca4g321450.842	20	739
dpca4g321470.842	20	740
dpca4g321490.842	20	741
dpca4g321520.842	20	742
dpca4g321530.842	20	743
dpca4g321550.842	20	744
dpca4g321580.842	20	745
dpca4g321600.842	20	746
dpca4g321610.842	20	747
dpca4g321620.842	20	748
dpca4g321640.842	20	749
dpca4g321670.842	20	750
dpca4g321690.842	20	751
dpca4g321700.842	20	752
dpca4g321710.842	20	753
dpca4g321720.842	20	754
dpca4g321730.842	20	755
dpca4g321750.842	20	756
dpca4g321770.842	20	757
dpca4g321790.842	20	758
dpca4g321800.842	20	759
dpca4g321810.842	20	760
dpca4g321820.842	20	761
dpca4g321850.842	20	762
dpca4g321880.842	20	763
dpca4g321920.842	20	764
dpca4g321950.842	20	765
dpca4g321960.842	20	766
dpca4g321970.842	20	767
dpca4g321980.842	20	768
dpca4g321990.842	20	769
dpca4g322000.842	20	770
dpca4g322010.842	20	771
dpca4g322020.842	20	772
dpca4g322030.842	20	773
dpca4g322060.842	20	774
dpca4g322080.842	20	775
dpca4g322120.842	20	776
dpca4g322150.842	20	777
dpca4g322160.842	20	778
dpca4g322190.842	20	779
dpca4g322200.842	20	780
dpca4g322240.842	20	781
dpca4g322270.842	20	782
dpca4g322280.842	20	783
dpca4g322290.842	20	784
dpca4g322300.842	20	785
dpca4g322310.842	20	786
dpca4g322320.842	20	787
dpca4g322330.842	20	788
dpca4g322340.842	20	789
dpca4g322380.842	20	790
dpca4g322440.842	20	791
dpca4g322460.842	20	792
dpca4g322470.842	20	793
dpca4g322490.842	20	794
dpca4g322510.842	20	795
dpca4g322530.842	20	796
dpca4g322570.842	20	797
dpca4g322580.842	20	798
dpca4g322590.842	20	799
dpca4g322600.842	20	800
dpca4g322610.842	20	801
dpca4g322660.842	20	802
dpca4g322680.842	20	803
dpca4g322690.842	20	804
dpca4g322700.842	20	805
dpca4g322720.842	20	806
dpca4g322750.842	20	807
dpca4g322780.842	20	808
dpca4g322840.842	20	809
dpca4g322850.842	20	810
dpca4g322860.842	20	811
dpca4g322880.842	20	812
dpca4g322890.842	20	813
dpca4g322900.842	20	814
dpca4g322910.842	20	815
dpca4g322920.842	20	816
dpca4g322940.842	20	817
dpca4g322970.842	20	818
dpca4g322980.842	20	819
dpca4g322990.842	20	820
dpca4g323000.842	20	821
dpca4g323010.842	20	822
dpca4g323020.842	20	823
dpca4g323040.842	20	824
dpca4g323050.842	20	825
dpca4g323070.842	20	826
dpca4g323080.842	20	827
dpca4g323090.842	20	828
dpca4g323100.842	20	829
dpca4g323130.842	20	830
dpca4g323140.842	20	831
dpca4g323160.842	20	832
dpca4g323220.842	20	833
dpca4g323230.842	20	834
dpca4g323240.842	20	835
dpca4g323260.842	20	836
dpca4g323270.842	20	837
dpca4g323280.842	20	838
dpca4g323290.842	20	839
dpca4g323300.842	20	840
dpca4g323310.842	20	841
dpca4g323320.842	20	842
dpca4g323330.842	20	843
dpca4g323350.842	20	844
dpca4g323360.842	20	845
dpca4g323370.842	20	846
dpca4g323380.842	20	847
dpca4g323410.842	20	848
dpca4g323440.842	20	849
dpca4g323450.842	20	850
dpca4g323460.842	20	851
dpca4g323480.842	20	852
dpca4g323490.842	20	853
dpca4g323510.842	20	854
dpca4g323600.842	20	855
dpca4g323610.842	20	856
dpca4g323630.842	20	857
dpca4g323680.842	20	858
dpca4g323730.842	20	859
dpca4g323770.842	20	860
dpca4g323790.842	20	861
dpca4g323800.842	20	862
dpca4g323810.842	20	863
dpca4g323830.842	20	864
dpca4g323840.842	20	865
dpca4g323880.842	20	866
dpca4g323900.842	20	867
dpca4g323910.842	20	868
dpca4g323920.842	20	869
dpca4g323930.842	20	870
dpca4g323960.842	20	871
dpca4g323970.842	20	872
dpca4g323990.842	20	873
dpca4g324000.842	20	874
dpca4g324020.842	20	875
dpca4g324030.842	20	876
dpca4g324070.842	20	877
dpca4g324080.842	20	878
dpca4g324090.842	20	879
dpca4g324110.842	20	880
dpca4g324120.842	20	881
dpca4g324140.842	20	882
dpca4g324150.842	20	883
dpca4g324160.842	20	884
dpca4g324170.842	20	885
dpca4g324180.842	20	886
dpca4g324190.842	20	887
dpca4g324200.842	20	888
dpca4g324220.842	20	889
dpca4g324230.842	20	890
dpca4g324250.842	20	891
dpca4g324270.842	20	892
dpca4g324310.842	20	893
dpca4g324330.842	20	894
dpca4g324350.842	20	895
dpca4g324360.842	20	896
dpca4g324400.842	20	897
dpca4g324410.842	20	898
dpca4g324420.842	20	899
dpca4g324440.842	20	900
dpca4g324460.842	20	901
dpca4g324490.842	20	902
dpca4g324500.842	20	903
dpca4g324510.842	20	904
dpca4g324520.842	20	905
dpca4g324530.842	20	906
dpca4g324540.842	20	907
dpca4g324550.842	20	908
dpca4g324560.842	20	909
dpca4g324570.842	20	910
dpca4g324590.842	20	911
dpca4g324600.842	20	912
dpca4g324610.842	20	913
dpca4g324620.842	20	914
dpca4g324630.842	20	915
dpca4g324660.842	20	916
dpca4g324680.842	20	917
dpca4g324690.842	20	918
dpca4g324700.842	20	919
dpca4g324710.842	20	920
dpca4g324720.842	20	921
dpca4g324730.842	20	922
dpca4g324740.842	20	923
dpca4g324760.842	20	924
dpca4g324790.842	20	925
dpca4g324800.842	20	926
dpca4g324830.842	20	927
dpca4g324840.842	20	928
dpca4g324850.842	20	929
dpca4g324860.842	20	930
dpca4g324870.842	20	931
dpca4g324880.842	20	932
dpca4g324890.842	20	933
dpca4g324900.842	20	934
dpca4g324910.842	20	935
dpca4g324920.842	20	936
dpca4g324940.842	20	937
dpca4g324950.842	20	938
dpca4g324960.842	20	939
dpca4g324970.842	20	940
dpca4g324980.842	20	941
dpca4g325000.842	20	942
dpca4g325010.842	20	943
dpca4g325020.842	20	944
dpca4g325040.842	20	945
dpca4g325060.842	20	946
dpca4g325070.842	20	947
dpca4g325100.842	20	948
dpca4g325110.842	20	949
dpca4g325120.842	20	950
dpca4g325130.842	20	951
dpca4g325140.842	20	952
dpca4g325150.842	20	953
dpca4g325160.842	20	954
dpca4g325170.842	20	955
dpca4g325180.842	20	956
dpca4g325210.842	20	957
dpca4g325220.842	20	958
dpca4g325230.842	20	959
dpca4g325240.842	20	960
dpca4g325260.842	20	961
dpca4g325270.842	20	962
dpca4g325280.842	20	963
dpca4g325300.842	20	964
dpca4g325320.842	20	965
dpca4g325330.842	20	966
dpca4g325340.842	20	967
dpca4g325370.842	20	968
dpca4g325390.842	20	969
dpca4g325400.842	20	970
dpca4g325410.842	20	971
dpca4g325420.842	20	972
dpca4g325440.842	20	973
dpca4g325500.842	20	974
dpca4g325520.842	20	975
dpca4g325530.842	20	976
dpca4g325550.842	20	977
dpca4g325560.842	20	978
dpca4g325600.842	20	979
dpca4g325610.842	20	980
dpca4g325620.842	20	981
dpca4g325640.842	20	982
dpca4g325660.842	20	983
dpca4g325670.842	20	984
dpca4g325680.842	20	985
dpca4g325690.842	20	986
dpca4g325750.842	20	987
dpca4g325790.842	20	988
dpca4g325870.842	20	989
dpca4g325880.842	20	990
dpca4g325910.842	20	991
dpca4g325920.842	20	992
dpca4g325930.842	20	993
dpca4g325940.842	20	994
dpca4g325950.842	20	995
dpca4g325960.842	20	996
dpca4g325970.842	20	997
dpca4g326000.842	20	998
dpca4g326010.842	20	999
dpca4g326030.842	20	1000
dpca4g326050.842	20	1001
dpca4g326080.842	20	1002
dpca4g326110.842	20	1003
dpca4g326120.842	20	1004
dpca4g326130.842	20	1005
dpca4g326150.842	20	1006
dpca4g326170.842	20	1007
dpca4g326180.842	20	1008
dpca4g326210.842	20	1009
dpca4g326240.842	20	1010
dpca4g326250.842	20	1011
dpca4g326280.842	20	1012
dpca4g326290.842	20	1013
dpca4g326310.842	20	1014
dpca4g326320.842	20	1015
dpca4g326370.842	20	1016
dpca4g326380.842	20	1017
dpca4g326390.842	20	1018
dpca4g326400.842	20	1019
dpca4g326410.842	20	1020
dpca4g326430.842	20	1021
dpca4g326440.842	20	1022
dpca4g326450.842	20	1023
dpca4g326460.842	21	0
dpca4g326470.842	21	1
dpca4g326480.842	21	2
dpca4g326490.842	21	3
dpca4g326500.842	21	4
dpca4g326520.842	21	5
dpca4g326530.842	21	6
dpca4g326540.842	21	7
dpca4g326550.842	21	8
dpca4g326560.842	21	9
dpca4g326570.842	21	10
dpca4g326580.842	21	11
dpca4g326590.842	21	12
dpca4g326600.842	21	13
dpca4g326610.842	21	14
dpca4g326620.842	21	15
dpca4g326630.842	21	16
dpca4g326640.842	21	17
dpca4g326650.842	21	18
dpca4g326660.842	21	19
dpca4g326670.842	21	20
dpca4g326680.842	21	21
dpca4g326730.842	21	22
dpca4g326760.842	21	23
dpca4g326790.842	21	24
dpca4g326800.842	21	25
dpca4g326820.842	21	26
dpca4g326830.842	21	27
dpca4g326840.842	21	28
dpca4g326850.842	21	29
dpca4g326860.842	21	30
dpca4g326870.842	21	31
dpca4g326880.842	21	32
dpca4g326890.842	21	33
dpca4g326900.842	21	34
dpca4g326910.842	21	35
dpca4g326930.842	21	36
dpca4g326950.842	21	37
dpca4g326960.842	21	38
dpca4g327000.842	21	39
dpca4g327010.842	21	40
dpca4g327040.842	21	41
dpca4g327050.842	21	42
dpca4g327090.842	21	43
dpca4g327100.842	21	44
dpca4g327110.842	21	45
dpca4g327150.842	21	46
dpca4g327160.842	21	47
dpca4g327170.842	21	48
dpca4g327180.842	21	49
dpca4g327190.842	21	50
dpca4g327210.842	21	51
dpca4g327220.842	21	52
dpca4g327230.842	21	53
dpca4g327240.842	21	54
dpca4g327250.842	21	55
dpca4g327270.842	21	56
dpca4g327280.842	21	57
dpca4g327300.842	21	58
dpca4g327320.842	21	59
dpca4g327330.842	21	60
dpca4g327350.842	21	61
dpca4g327360.842	21	62
dpca4g327370.842	21	63
dpca4g327380.842	21	64
dpca4g327400.842	21	65
dpca4g327420.842	21	66
dpca4g327430.842	21	67
dpca4g327450.842	21	68
dpca4g327470.842	21	69
dpca4g327480.842	21	70
dpca4g327500.842	21	71
dpca4g327520.842	21	72
dpca4g327630.842	21	73
dpca4g327640.842	21	74
dpca4g327660.842	21	75
dpca4g327670.842	21	76
dpca4g327680.842	21	77
dpca4g327700.842	21	78
dpca4g327710.842	21	79
dpca4g327750.842	21	80
dpca4g327760.842	21	81
dpca4g327800.842	21	82
dpca4g327810.842	21	83
dpca4g327820.842	21	84
dpca4g327850.842	21	85
dpca4g327870.842	21	86
dpca4g327880.842	21	87
dpca4g327900.842	21	88
dpca4g327920.842	21	89
dpca4g327930.842	21	90
dpca4g327950.842	21	91
dpca4g327960.842	21	92
dpca4g327980.842	21	93
dpca4g327990.842	21	94
dpca4g328010.842	21	95
dpca4g328040.842	21	96
dpca4g328050.842	21	97
dpca4g328100.842	21	98
dpca4g328110.842	21	99
dpca4g328120.842	21	100
dpca4g328130.842	21	101
dpca4g328160.842	21	102
dpca4g328180.842	21	103
dpca4g328240.842	21	104
dpca4g328280.842	21	105
dpca4g328300.842	21	106
dpca4g328330.842	21	107
dpca4g328350.842	21	108
dpca4g328370.842	21	109
dpca4g328380.842	21	110
dpca4g328400.842	21	111
dpca4g328410.842	21	112
dpca4g328420.842	21	113
dpca4g328470.842	21	114
dpca4g328490.842	21	115
dpca4g328520.842	21	116
dpca4g328530.842	21	117
dpca4g328560.842	21	118
dpca4g328570.842	21	119
dpca4g328600.842	21	120
dpca4g328610.842	21	121
dpca4g328620.842	21	122
dpca4g328640.842	21	123
dpca4g328670.842	21	124
dpca4g328690.842	21	125
dpca4g328710.842	21	126
dpca4g328720.842	21	127
dpca4g328830.842	21	128
dpca4g328840.842	21	129
dpca4g328860.842	21	130
dpca4g328870.842	21	131
dpca4g328880.842	21	132
dpca4g328900.842	21	133
dpca4g328920.842	21	134
dpca4g328940.842	21	135
dpca4g328960.842	21	136
dpca4g328980.842	21	137
dpca4g329000.842	21	138
dpca4g329010.842	21	139
dpca4g329040.842	21	140
dpca4g329050.842	21	141
dpca4g329070.842	21	142
dpca4g329090.842	21	143
dpca4g329120.842	21	144
dpca4g329170.842	21	145
dpca4g329200.842	21	146
dpca4g329230.842	21	147
dpca4g329240.842	21	148
dpca4g329290.842	21	149
dpca4g329320.842	21	150
dpca4g329330.842	21	151
dpca4g329350.842	21	152
dpca4g329360.842	21	153
dpca4g329370.842	21	154
dpca4g329390.842	21	155
dpca4g329430.842	21	156
dpca4g329460.842	21	157
dpca4g329470.842	21	158
dpca4g329480.842	21	159
dpca4g329510.842	21	160
dpca4g329570.842	21	161
dpca4g329680.842	21	162
dpca4g329690.842	21	163
dpca4g329700.842	21	164
dpca4g329710.842	21	165
dpca4g329720.842	21	166
dpca4g329760.842	21	167
dpca4g329770.842	21	168
dpca4g329790.842	21	169
dpca4g329810.842	21	170
dpca4g329820.842	21	171
dpca4g329850.842	21	172
dpca4g329870.842	21	173
dpca4g329890.842	21	174
dpca4g329910.842	21	175
dpca4g329930.842	21	176
dpca4g329950.842	21	177
dpca4g329960.842	21	178
dpca4g329970.842	21	179
dpca4g330030.842	21	180
dpca4g330070.842	21	181
dpca4g330090.842	21	182
dpca4g330120.842	21	183
dpca4g330130.842	21	184
dpca4g330170.842	21	185
dpca4g330220.842	21	186
dpca4g330310.842	21	187
dpca4g330320.842	21	188
dpca4g330330.842	21	189
dpca4g330340.842	21	190
dpca4g330350.842	21	191
dpca4g330390.842	21	192
dpca4g330400.842	21	193
dpca4g330430.842	21	194
dpca4g330470.842	21	195
dpca4g330490.842	21	196
dpca4g330500.842	21	197
dpca4g330510.842	21	198
dpca4g330550.842	21	199
dpca4g330600.842	21	200
dpca4g330620.842	21	201
dpca4g330630.842	21	202
dpca4g330640.842	21	203
dpca4g330710.842	21	204
dpca4g330730.842	21	205
dpca4g330740.842	21	206
dpca4g330770.842	21	207
dpca4g330820.842	21	208
dpca4g330870.842	21	209
dpca4g330890.842	21	210
dpca4g330910.842	21	211
dpca4g330920.842	21	212
dpca4g330940.842	21	213
dpca4g331030.842	21	214
dpca4g331040.842	21	215
dpca4g331060.842	21	216
dpca4g331090.842	21	217
dpca4g331110.842	21	218
dpca4g331140.842	21	219
dpca4g331150.842	21	220
dpca4g331190.842	21	221
dpca4g331200.842	21	222
dpca4g331210.842	21	223
dpca4g331230.842	21	224
dpca4g331270.842	21	225
dpca4g331280.842	21	226
dpca4g331300.842	21	227
dpca4g331320.842	21	228
dpca4g331340.842	21	229
dpca4g331360.842	21	230
dpca4g331370.842	21	231
dpca4g331380.842	21	232
dpca4g331390.842	21	233
dpca4g331450.842	21	234
dpca4g331470.842	21	235
dpca4g331500.842	21	236
dpca4g331520.842	21	237
dpca4g331530.842	21	238
dpca4g331550.842	21	239
dpca4g331690.842	21	240
dpca4g331740.842	21	241
dpca4g331750.842	21	242
dpca4g331760.842	21	243
dpca4g331770.842	21	244
dpca4g331780.842	21	245
dpca4g331840.842	21	246
dpca4g331870.842	21	247
dpca4g331900.842	21	248
dpca4g331930.842	21	249
dpca4g331950.842	21	250
dpca4g331970.842	21	251
dpca4g331980.842	21	252
dpca4g332000.842	21	253
dpca4g332060.842	21	254
dpca4g332070.842	21	255
dpca4g332080.842	21	256
dpca4g332090.842	21	257
dpca4g332150.842	21	258
dpca4g332170.842	21	259
dpca4g332250.842	21	260
dpca4g332270.842	21	261
dpca4g332280.842	21	262
dpca4g332290.842	21	263
dpca4g332310.842	21	264
dpca4g332320.842	21	265
dpca4g332330.842	21	266
dpca4g332340.842	21	267
dpca4g332380.842	21	268
dpca4g332390.842	21	269
dpca4g332400.842	21	270
dpca4g332430.842	21	271
dpca4g332440.842	21	272
dpca4g332450.842	21	273
dpca4g332460.842	21	274
dpca4g332470.842	21	275
dpca4g332490.842	21	276
dpca4g332550.842	21	277
dpca4g332560.842	21	278
dpca4g332570.842	21	279
dpca4g332590.842	21	280
dpca4g332620.842	21	281
dpca4g332630.842	21	282
dpca4g332640.842	21	283
dpca4g332650.842	21	284
dpca4g332690.842	21	285
dpca4g332710.842	21	286
dpca4g332720.842	21	287
dpca4g332730.842	21	288
dpca4g332840.842	21	289
dpca4g332850.842	21	290
dpca4g332860.842	21	291
dpca4g332870.842	21	292
dpca4g332880.842	21	293
dpca4g332890.842	21	294
dpca4g332910.842	21	295
dpca4g332920.842	21	296
dpca4g332930.842	21	297
dpca4g332950.842	21	298
dpca4g332980.842	21	299
dpca4g332990.842	21	300
dpca4g333040.842	21	301
dpca4g333100.842	21	302
dpca4g333120.842	21	303
dpca4g333170.842	21	304
dpca4g333190.842	21	305
dpca4g333230.842	21	306
dpca4g333240.842	21	307
dpca4g333250.842	21	308
dpca4g333260.842	21	309
dpca4g333270.842	21	310
dpca4g333310.842	21	311
dpca4g333320.842	21	312
dpca4g333330.842	21	313
dpca4g333340.842	21	314
dpca4g333390.842	21	315
dpca4g333440.842	21	316
dpca4g333460.842	21	317
dpca4g333480.842	21	318
dpca4g333500.842	21	319
dpca4g333510.842	21	320
dpca4g333540.842	21	321
dpca4g333570.842	21	322
dpca4g333580.842	21	323
dpca4g333600.842	21	324
dpca4g333620.842	21	325
dpca4g333740.842	21	326
dpca4g333760.842	21	327
dpca4g333770.842	21	328
dpca4g333800.842	21	329
dpca4g333810.842	21	330
dpca4g333850.842	21	331
dpca4g333860.842	21	332
dpca4g333890.842	21	333
dpca4g333900.842	21	334
dpca4g333930.842	21	335
dpca4g333940.842	21	336
dpca4g333950.842	21	337
dpca4g333960.842	21	338
dpca4g333980.842	21	339
dpca4g334000.842	21	340
dpca4g334070.842	21	341
dpca4g334080.842	21	342
dpca4g334110.842	21	343
dpca4g334140.842	21	344
dpca4g334190.842	21	345
dpca4g334210.842	21	346
dpca4g334220.842	21	347
dpca4g334230.842	21	348
dpca4g334270.842	21	349
dpca4g334290.842	21	350
dpca4g334310.842	21	351
dpca4g334330.842	21	352
dpca4g334340.842	21	353
dpca4g334350.842	21	354
dpca4g334380.842	21	355
dpca4g334430.842	21	356
dpca4g334450.842	21	357
dpca4g334470.842	21	358
dpca4g334480.842	21	359
dpca4g334530.842	21	360
dpca4g334550.842	21	361
dpca4g334560.842	21	362
dpca4g334570.842	21	363
dpca4g334630.842	21	364
dpca4g334640.842	21	365
dpca4g334650.842	21	366
dpca4g334680.842	21	367
dpca4g334690.842	21	368
dpca4g334700.842	21	369
dpca4g334710.842	21	370
dpca4g334790.842	21	371
dpca4g334810.842	21	372
dpca4g334850.842	21	373
dpca4g334890.842	21	374
dpca4g334900.842	21	375
dpca4g334920.842	21	376
dpca4g334970.842	21	377
dpca4g334980.842	21	378
dpca4g335010.842	21	379
dpca4g335080.842	21	380
dpca4g335100.842	21	381
dpca4g335200.842	21	382
dpca4g335220.842	21	383
dpca4g335260.842	21	384
dpca4g335270.842	21	385
dpca4g335290.842	21	386
dpca4g335300.842	21	387
dpca4g335350.842	21	388
dpca4g335390.842	21	389
dpca4g335410.842	21	390
dpca4g335420.842	21	391
dpca4g335440.842	21	392
dpca4g335460.842	21	393
dpca4g335480.842	21	394
dpca4g335510.842	21	395
dpca4g335520.842	21	396
dpca4g335540.842	21	397
dpca4g335560.842	21	398
dpca4g335580.842	21	399
dpca4g335590.842	21	400
dpca4g335600.842	21	401
dpca4g335610.842	21	402
dpca4g335620.842	21	403
dpca4g335640.842	21	404
dpca4g335650.842	21	405
dpca4g335660.842	21	406
dpca4g335670.842	21	407
dpca4g335680.842	21	408
dpca4g335690.842	21	409
dpca4g335700.842	21	410
dpca4g335740.842	21	411
dpca4g335780.842	21	412
dpca4g335790.842	21	413
dpca4g335800.842	21	414
dpca4g335810.842	21	415
dpca4g335830.842	21	416
dpca4g335840.842	21	417
dpca4g335850.842	21	418
dpca4g335870.842	21	419
dpca4g335880.842	21	420
dpca4g335890.842	21	421
dpca4g335910.842	21	422
dpca4g335940.842	21	423
dpca4g335950.842	21	424
dpca4g335960.842	21	425
dpca4g335980.842	21	426
dpca4g335990.842	21	427
dpca4g336050.842	21	428
dpca4g336070.842	21	429
dpca4g336080.842	21	430
dpca4g336090.842	21	431
dpca4g336100.842	21	432
dpca4g336110.842	21	433
dpca4g336120.842	21	434
dpca4g336130.842	21	435
dpca4g336140.842	21	436
dpca4g336160.842	21	437
dpca4g336170.842	21	438
dpca4g336180.842	21	439
dpca4g336190.842	21	440
dpca4g336240.842	21	441
dpca4g336270.842	21	442
dpca4g336280.842	21	443
dpca4g336320.842	21	444
dpca4g336330.842	21	445
dpca4g336370.842	21	446
dpca4g336380.842	21	447
dpca4g336390.842	21	448
dpca4g336430.842	21	449
dpca4g336440.842	21	450
dpca4g336450.842	21	451
dpca4g336460.842	21	452
dpca4g336470.842	21	453
dpca4g336480.842	21	454
dpca4g336520.842	21	455
dpca4g336530.842	21	456
dpca4g336550.842	21	457
dpca4g336580.842	21	458
dpca4g336590.842	21	459
dpca4g336640.842	21	460
dpca4g336650.842	21	461
dpca4g336660.842	21	462
dpca4g336680.842	21	463
dpca4g336690.842	21	464
dpca4g336710.842	21	465
dpca4g336740.842	21	466
dpca4g336750.842	21	467
dpca4g336760.842	21	468
dpca4g336790.842	21	469
dpca4g336810.842	21	470
dpca4g336840.842	21	471
dpca4g336920.842	21	472
dpca4g336930.842	21	473
dpca4g336940.842	21	474
dpca4g336960.842	21	475
dpca4g336990.842	21	476
dpca4g337000.842	21	477
dpca4g337010.842	21	478
dpca4g337020.842	21	479
dpca4g337060.842	21	480
dpca4g337080.842	21	481
dpca4g337090.842	21	482
dpca4g337110.842	21	483
dpca4g337180.842	21	484
dpca4g337190.842	21	485
dpca4g337240.842	21	486
dpca4g337250.842	21	487
dpca4g337260.842	21	488
dpca4g337270.842	21	489
dpca4g337330.842	21	490
dpca4g337340.842	21	491
dpca4g337350.842	21	492
dpca4g337360.842	21	493
dpca4g337370.842	21	494
dpca4g337380.842	21	495
dpca4g337400.842	21	496
dpca4g337440.842	21	497
dpca4g337550.842	21	498
dpca4g337590.842	21	499
dpca4g337640.842	21	500
dpca4g337650.842	21	501
dpca4g337670.842	21	502
dpca4g337680.842	21	503
dpca4g337700.842	21	504
dpca4g337720.842	21	505
dpca4g337750.842	21	506
dpca4g337780.842	21	507
dpca4g337880.842	21	508
dpca4g337960.842	21	509
dpca4g337980.842	21	510
dpca4g337990.842	21	511
dpca4g338060.842	21	512
dpca4g338080.842	21	513
dpca4g338100.842	21	514
dpca4g338120.842	21	515
dpca4g338140.842	21	516
dpca4g338220.842	21	517
dpca4g338260.842	21	518
dpca4g338270.842	21	519
dpca4g338300.842	21	520
dpca4g338310.842	21	521
dpca4g338320.842	21	522
dpca4g338330.842	21	523
dpca4g338350.842	21	524
dpca4g338360.842	21	525
dpca4g338370.842	21	526
dpca4g338410.842	21	527
dpca4g338420.842	21	528
dpca4g338430.842	21	529
dpca4g338440.842	21	530
dpca4g338460.842	21	531
dpca4g338470.842	21	532
dpca4g338480.842	21	533
dpca4g338490.842	21	534
dpca4g338510.842	21	535
dpca4g338520.842	21	536
dpca4g338600.842	21	537
dpca4g338660.842	21	538
dpca4g338700.842	21	539
dpca4g338710.842	21	540
dpca4g338720.842	21	541
dpca4g338740.842	21	542
dpca4g338770.842	21	543
dpca4g338780.842	21	544
dpca4g338790.842	21	545
dpca4g338810.842	21	546
dpca4g338840.842	21	547
dpca4g338860.842	21	548
dpca4g338870.842	21	549
dpca4g338880.842	21	550
dpca4g338910.842	21	551
dpca4g338950.842	21	552
dpca4g338970.842	21	553
dpca4g338980.842	21	554
dpca4g339000.842	21	555
dpca4g339050.842	21	556
dpca4g339060.842	21	557
dpca4g339070.842	21	558
dpca4g339090.842	21	559
dpca4g339100.842	21	560
dpca4g339190.842	21	561
dpca4g339200.842	21	562
dpca4g339220.842	21	563
dpca4g339230.842	21	564
dpca4g339240.842	21	565
dpca4g339260.842	21	566
dpca4g339280.842	21	567
dpca4g339300.842	21	568
dpca4g339310.842	21	569
dpca4g339320.842	21	570
dpca4g339330.842	21	571
dpca4g339340.842	21	572
dpca4g339350.842	21	573
dpca4g339360.842	21	574
dpca4g339370.842	21	575
dpca4g339400.842	21	576
dpca4g339430.842	21	577
dpca4g339440.842	21	578
dpca4g339470.842	21	579
dpca4g339490.842	21	580
dpca4g339520.842	21	581
dpca4g339530.842	21	582
dpca4g339540.842	21	583
dpca4g339560.842	21	584
dpca4g339580.842	21	585
dpca4g339590.842	21	586
dpca4g339660.842	21	587
dpca4g339670.842	21	588
dpca4g339700.842	21	589
dpca4g339710.842	21	590
dpca4g339720.842	21	591
dpca4g339770.842	21	592
dpca4g339790.842	21	593
dpca4g339810.842	21	594
dpca4g339820.842	21	595
dpca4g339830.842	21	596
dpca4g339840.842	21	597
dpca4g339860.842	21	598
dpca4g339890.842	21	599
dpca4g339920.842	21	600
dpca4g339940.842	21	601
dpca4g339960.842	21	602
dpca4g339970.842	21	603
dpca4g339980.842	21	604
dpca4g339990.842	21	605
dpca4g340020.842	21	606
dpca4g340030.842	21	607
dpca4g340040.842	21	608
dpca4g340060.842	21	609
dpca4g340070.842	21	610
dpca4g340090.842	21	611
dpca4g340100.842	21	612
dpca4g340110.842	21	613
dpca4g340130.842	21	614
dpca4g340140.842	21	615
dpca4g340150.842	21	616
dpca4g340160.842	21	617
dpca4g340170.842	21	618
dpca4g340180.842	21	619
dpca4g340190.842	21	620
dpca4g340200.842	21	621
dpca4g340220.842	21	622
dpca4g340230.842	21	623
dpca4g340250.842	21	624
dpca4g340260.842	21	625
dpca4g340270.842	21	626
dpca4g340280.842	21	627
dpca4g340290.842	21	628
dpca4g340300.842	21	629
dpca4g340340.842	21	630
dpca4g340350.842	21	631
dpca4g340360.842	21	632
dpca4g340370.842	21	633
dpca4g340380.842	21	634
dpca4g340410.842	21	635
dpca4g340420.842	21	636
dpca4g340430.842	21	637
dpca4g340440.842	21	638
dpca4g340450.842	21	639
dpca4g340460.842	21	640
dpca4g340470.842	21	641
dpca4g340480.842	21	642
dpca4g340510.842	21	643
dpca4g340540.842	21	644
dpca4g340570.842	21	645
dpca4g340580.842	21	646
dpca4g340600.842	21	647
dpca4g340660.842	21	648
dpca4g340670.842	21	649
dpca4g340680.842	21	650
dpca4g340710.842	21	651
dpca4g340720.842	21	652
dpca4g340730.842	21	653
dpca4g340770.842	21	654
dpca4g340780.842	21	655
dpca4g340790.842	21	656
dpca4g340810.842	21	657
dpca4g340820.842	21	658
dpca4g340840.842	21	659
dpca4g340860.842	21	660
dpca4g340870.842	21	661
dpca4g340880.842	21	662
dpca4g340900.842	21	663
dpca4g340920.842	21	664
dpca4g340930.842	21	665
dpca4g340940.842	21	666
dpca4g340950.842	21	667
dpca4g340970.842	21	668
dpca4g340980.842	21	669
dpca4g341000.842	21	670
dpca4g341020.842	21	671
dpca4g341040.842	21	672
dpca4g341060.842	21	673
dpca4g341070.842	21	674
dpca4g341080.842	21	675
dpca4g341140.842	21	676
dpca4g341160.842	21	677
dpca4g341180.842	21	678
dpca4g341190.842	21	679
dpca4g341200.842	21	680
dpca4g341220.842	21	681
dpca4g341230.842	21	682
dpca4g341240.842	21	683
dpca4g341300.842	21	684
dpca4g341320.842	21	685
dpca4g341330.842	21	686
dpca4g341340.842	21	687
dpca4g341350.842	21	688
dpca4g341400.842	21	689
dpca4g341420.842	21	690
dpca4g341470.842	21	691
dpca4g341530.842	21	692
dpca4g341540.842	21	693
dpca4g341550.842	21	694
dpca4g341560.842	21	695
dpca4g341570.842	21	696
dpca4g341600.842	21	697
dpca4g341610.842	21	698
dpca4g341620.842	21	699
dpca4g341650.842	21	700
dpca4g341660.842	21	701
dpca4g341680.842	21	702
dpca4g341690.842	21	703
dpca4g341710.842	21	704
dpca4g341730.842	21	705
dpca4g341750.842	21	706
dpca4g341780.842	21	707
dpca4g341850.842	21	708
dpca4g341860.842	21	709
dpca4g341870.842	21	710
dpca4g341890.842	21	711
dpca4g341910.842	21	712
dpca4g341930.842	21	713
dpca4g341940.842	21	714
dpca4g341950.842	21	715
dpca4g341980.842	21	716
dpca4g341990.842	21	717
dpca4g342000.842	21	718
dpca4g342010.842	21	719
dpca4g342020.842	21	720
dpca4g342050.842	21	721
dpca4g342090.842	21	722
dpca4g342130.842	21	723
dpca4g342170.842	21	724
dpca4g342180.842	21	725
dpca4g342270.842	21	726
dpca4g342280.842	21	727
dpca4g342290.842	21	728
dpca4g342310.842	21	729
dpca4g342330.842	21	730
dpca4g342340.842	21	731
dpca4g342380.842	21	732
dpca4g342390.842	21	733
dpca4g342400.842	21	734
dpca4g342410.842	21	735
dpca4g342420.842	21	736
dpca4g342540.842	21	737
dpca4g342550.842	21	738
dpca4g342580.842	21	739
dpca4g342590.842	21	740
dpca4g342600.842	21	741
dpca4g342630.842	21	742
dpca4g342640.842	21	743
dpca4g342650.842	21	744
dpca4g342670.842	21	745
dpca4g342680.842	21	746
dpca4g342750.842	21	747
dpca4g342760.842	21	748
dpca4g342780.842	21	749
dpca4g342800.842	21	750
dpca4g342820.842	21	751
dpca4g342840.842	21	752
dpca4g342860.842	21	753
dpca4g342870.842	21	754
dpca4g342880.842	21	755
dpca4g342890.842	21	756
dpca4g342950.842	21	757
dpca4g342970.842	21	758
dpca4g342980.842	21	759
dpca4g342990.842	21	760
dpca4g343000.842	21	761
dpca4g343060.842	21	762
dpca4g343070.842	21	763
dpca4g343090.842	21	764
dpca4g343100.842	21	765
dpca4g343130.842	21	766
dpca4g343140.842	21	767
dpca4g343150.842	21	768
dpca4g343160.842	21	769
dpca4g343170.842	21	770
dpca4g343200.842	21	771
dpca4g343210.842	21	772
dpca4g343240.842	21	773
dpca4g343260.842	21	774
dpca4g343290.842	21	775
dpca4g343300.842	21	776
dpca4g343320.842	21	777
dpca4g343330.842	21	778
dpca4g343340.842	21	779
dpca4g343350.842	21	780
dpca4g343390.842	21	781
dpca4g343410.842	21	782
dpca4g343420.842	21	783
dpca4g343430.842	21	784
dpca4g343440.842	21	785
dpca4g343460.842	21	786
dpca4g343470.842	21	787
dpca4g343480.842	21	788
dpca4g343490.842	21	789
dpca4g343500.842	21	790
dpca4g343510.842	21	791
dpca4g343540.842	21	792
dpca4g343550.842	21	793
dpca4g343560.842	21	794
dpca4g343570.842	21	795
dpca4g343580.842	21	796
dpca4g343590.842	21	797
dpca4g343600.842	21	798
dpca4g343610.842	21	799
dpca4g343620.842	21	800
dpca4g343640.842	21	801
dpca4g343650.842	21	802
dpca4g343660.842	21	803
dpca4g343670.842	21	804
dpca4g343680.842	21	805
dpca4g343700.842	21	806
dpca4g343710.842	21	807
dpca4g343720.842	21	808
dpca4g343740.842	21	809
dpca4g343750.842	21	810
dpca4g343760.842	21	811
dpca4g343770.842	21	812
dpca4g343780.842	21	813
dpca4g343790.842	21	814
dpca4g343880.842	21	815
dpca4g343890.842	21	816
dpca4g343900.842	21	817
dpca4g343910.842	21	818
dpca4g343920.842	21	819
dpca4g343930.842	21	820
dpca4g343960.842	21	821
dpca4g343970.842	21	822
dpca4g343980.842	21	823
dpca4g343990.842	21	824
dpca4g344000.842	21	825
dpca4g344050.842	21	826
dpca4g344060.842	21	827
dpca4g344070.842	21	828
dpca4g344110.842	21	829
dpca4g344120.842	21	830
dpca4g344150.842	21	831
dpca4g344170.842	21	832
dpca4g344180.842	21	833
dpca4g344210.842	21	834
dpca4g344220.842	21	835
dpca4g344260.842	21	836
dpca4g344270.842	21	837
dpca4g344280.842	21	838
dpca4g344310.842	21	839
dpca4g344320.842	21	840
dpca4g344350.842	21	841
dpca4g344360.842	21	842
dpca4g344380.842	21	843
dpca4g344400.842	21	844
dpca4g344440.842	21	845
dpca4g344460.842	21	846
dpca4g344470.842	21	847
dpca4g344520.842	21	848
dpca4g344550.842	21	849
dpca4g344650.842	21	850
dpca4g344670.842	21	851
dpca4g344750.842	21	852
dpca4g344760.842	21	853
dpca4g344770.842	21	854
dpca4g344780.842	21	855
dpca4g344790.842	21	856
dpca4g344800.842	21	857
dpca4g344810.842	21	858
dpca4g344820.842	21	859
dpca4g344840.842	21	860
dpca4g344850.842	21	861
dpca4g344870.842	21	862
dpca4g344890.842	21	863
dpca4g344910.842	21	864
dpca4g344920.842	21	865
dpca4g344940.842	21	866
dpca4g344990.842	21	867
dpca4g345010.842	21	868
dpca4g345030.842	21	869
dpca4g345050.842	21	870
dpca4g345060.842	21	871
dpca4g345090.842	21	872
dpca4g345100.842	21	873
dpca4g345140.842	21	874
dpca4g345150.842	21	875
dpca4g345160.842	21	876
dpca4g345170.842	21	877
dpca4g345180.842	21	878
dpca4g345210.842	21	879
dpca4g345220.842	21	880
dpca4g345230.842	21	881
dpca4g345270.842	21	882
dpca4g345280.842	21	883
dpca4g345290.842	21	884
dpca4g345340.842	21	885
dpca4g345360.842	21	886
dpca4g345390.842	21	887
dpca4g345400.842	21	888
dpca4g345410.842	21	889
dpca4g345420.842	21	890
dpca4g345430.842	21	891
dpca4g345440.842	21	892
dpca4g345450.842	21	893
dpca4g345460.842	21	894
dpca4g345490.842	21	895
dpca4g345500.842	21	896
dpca4g345530.842	21	897
dpca4g345540.842	21	898
dpca4g345550.842	21	899
dpca4g345570.842	21	900
dpca4g345580.842	21	901
dpca4g345590.842	21	902
dpca4g345600.842	21	903
dpca4g345660.842	21	904
dpca4g345680.842	21	905
dpca4g345690.842	21	906
dpca4g345700.842	21	907
dpca4g345710.842	21	908
dpca4g345720.842	21	909
dpca4g345730.842	21	910
dpca4g345740.842	21	911
dpca4g345750.842	21	912
dpca4g345760.842	21	913
dpca4g345780.842	21	914
dpca4g345790.842	21	915
dpca4g345810.842	21	916
dpca4g345850.842	21	917
dpca4g345870.842	21	918
dpca4g345900.842	21	919
dpca4g345910.842	21	920
dpca4g345920.842	21	921
dpca4g345930.842	21	922
dpca4g345940.842	21	923
dpca4g345960.842	21	924
dpca4g345980.842	21	925
dpca4g345990.842	21	926
dpca4g346000.842	21	927
dpca4g346010.842	21	928
dpca4g346020.842	21	929
dpca4g346070.842	21	930
dpca4g346080.842	21	931
dpca4g346090.842	21	932
dpca4g346110.842	21	933
dpca4g346120.842	21	934
dpca4g346130.842	21	935
dpca4g346140.842	21	936
dpca4g346150.842	21	937
dpca4g346170.842	21	938
dpca4g346190.842	21	939
dpca4g346200.842	21	940
dpca4g346230.842	21	941
dpca4g346300.842	21	942
dpca4g346310.842	21	943
dpca4g346340.842	21	944
dpca4g346380.842	21	945
dpca4g346390.842	21	946
dpca4g346400.842	21	947
dpca4g346410.842	21	948
dpca4g346420.842	21	949
dpca4g346440.842	21	950
dpca4g346460.842	21	951
dpca4g346470.842	21	952
dpca4g346490.842	21	953
dpca4g346500.842	21	954
dpca4g346510.842	21	955
dpca4g346530.842	21	956
dpca4g346540.842	21	957
dpca4g346550.842	21	958
dpca4g346560.842	21	959
dpca4g346570.842	21	960
dpca4g346580.842	21	961
dpca4g346600.842	21	962
dpca4g346620.842	21	963
dpca4g346630.842	21	964
dpca4g346640.842	21	965
dpca4g346650.842	21	966
dpca4g346660.842	21	967
dpca4g346670.842	21	968
dpca4g346680.842	21	969
dpca4g346690.842	21	970
dpca4g346700.842	21	971
dpca4g346730.842	21	972
dpca4g346740.842	21	973
dpca4g346760.842	21	974
dpca4g346770.842	21	975
dpca4g346780.842	21	976
dpca4g346790.842	21	977
dpca4g346800.842	21	978
dpca4g346810.842	21	979
dpca4g346820.842	21	980
dpca4g346830.842	21	981
dpca4g346840.842	21	982
dpca4g346850.842	21	983
dpca4g346860.842	21	984
dpca4g346870.842	21	985
dpca4g346880.842	21	986
dpca4g346890.842	21	987
dpca4g346900.842	21	988
dpca4g346910.842	21	989
dpca4g346920.842	21	990
dpca4g346940.842	21	991
dpca4g346950.842	21	992
dpca4g346960.842	21	993
dpca4g346980.842	21	994
dpca4g346990.842	21	995
dpca4g347000.842	21	996
dpca4g347010.842	21	997
dpca4g347020.842	21	998
dpca4g347030.842	21	999
dpca4g347040.842	21	1000
dpca4g347060.842	21	1001
dpca4g347080.842	21	1002
dpca4g347100.842	21	1003
dpca4g347130.842	21	1004
dpca4g347140.842	21	1005
dpca4g347160.842	21	1006
dpca4g347190.842	21	1007
dpca4g347210.842	21	1008
dpca4g347220.842	21	1009
dpca4g347250.842	21	1010
dpca4g347260.842	21	1011
dpca4g347270.842	21	1012
dpca4g347290.842	21	1013
dpca4g347300.842	21	1014
dpca4g347320.842	21	1015
dpca4g347360.842	21	1016
dpca4g347370.842	21	1017
dpca4g347390.842	21	1018
dpca4g347410.842	21	1019
dpca4g347420.842	21	1020
dpca4g347440.842	21	1021
dpca4g347460.842	21	1022
dpca4g347480.842	21	1023
dpca4g347490.842	22	0
dpca4g347500.842	22	1
dpca4g347510.842	22	2
dpca4g347520.842	22	3
dpca4g347530.842	22	4
dpca4g347550.842	22	5
dpca4g347560.842	22	6
dpca4g347600.842	22	7
dpca4g347610.842	22	8
dpca4g347620.842	22	9
dpca4g347630.842	22	10
dpca4g347650.842	22	11
dpca4g347660.842	22	12
dpca4g347670.842	22	13
dpca4g347680.842	22	14
dpca4g347690.842	22	15
dpca4g347700.842	22	16
dpca4g347710.842	22	17
dpca4g347720.842	22	18
dpca4g347730.842	22	19
dpca4g347750.842	22	20
dpca4g347760.842	22	21
dpca4g347770.842	22	22
dpca4g347780.842	22	23
dpca4g347790.842	22	24
dpca4g347800.842	22	25
dpca4g347810.842	22	26
dpca4g347820.842	22	27
dpca4g347830.842	22	28
dpca4g347850.842	22	29
dpca4g347860.842	22	30
dpca4g347870.842	22	31
dpca4g347890.842	22	32
dpca4g347900.842	22	33
dpca4g347910.842	22	34
dpca4g347920.842	22	35
dpca4g347930.842	22	36
dpca4g347940.842	22	37
dpca4g347960.842	22	38
dpca4g347980.842	22	39
dpca4g347990.842	22	40
dpca4g348020.842	22	41
dpca4g348030.842	22	42
dpca4g348050.842	22	43
dpca4g348060.842	22	44
dpca4g348080.842	22	45
dpca4g348090.842	22	46
dpca4g348100.842	22	47
dpca4g348140.842	22	48
dpca4g348150.842	22	49
dpca4g348160.842	22	50
dpca4g348170.842	22	51
dpca4g348180.842	22	52
dpca4g348200.842	22	53
dpca4g348220.842	22	54
dpca4g348240.842	22	55
dpca4g348250.842	22	56
dpca4g348260.842	22	57
dpca4g348270.842	22	58
dpca4g348290.842	22	59
dpca4g348300.842	22	60
dpca4g348310.842	22	61
dpca4g348320.842	22	62
dpca4g348330.842	22	63
dpca4g348340.842	22	64
dpca4g348350.842	22	65
dpca4g348360.842	22	66
dpca4g348370.842	22	67
dpca4g348380.842	22	68
dpca4g348390.842	22	69
dpca4g348400.842	22	70
dpca4g348410.842	22	71
dpca4g348420.842	22	72
dpca4g348430.842	22	73
dpca4g348440.842	22	74
dpca4g348470.842	22	75
dpca4g348480.842	22	76
dpca4g348500.842	22	77
dpca4g348510.842	22	78
dpca4g348530.842	22	79
dpca4g348550.842	22	80
dpca4g348560.842	22	81
dpca4g348570.842	22	82
dpca4g348580.842	22	83
dpca4g348590.842	22	84
dpca4g348600.842	22	85
dpca4g348610.842	22	86
dpca4g348630.842	22	87
dpca4g348650.842	22	88
dpca4g348660.842	22	89
dpca4g348670.842	22	90
dpca4g348680.842	22	91
dpca4g348690.842	22	92
dpca4g348700.842	22	93
dpca4g348710.842	22	94
dpca4g348720.842	22	95
dpca4g348730.842	22	96
dpca4g348740.842	22	97
dpca4g348750.842	22	98
dpca4g348760.842	22	99
dpca4g348770.842	22	100
dpca4g348780.842	22	101
dpca4g348790.842	22	102
dpca4g348800.842	22	103
dpca4g348820.842	22	104
dpca4g348840.842	22	105
dpca4g348880.842	22	106
dpca4g348890.842	22	107
dpca4g348900.842	22	108
dpca4g348920.842	22	109
dpca4g348930.842	22	110
dpca4g348940.842	22	111
dpca4g348950.842	22	112
dpca4g349000.842	22	113
dpca4g349010.842	22	114
dpca4g349020.842	22	115
dpca4g349030.842	22	116
dpca4g349040.842	22	117
dpca4g349050.842	22	118
dpca4g349060.842	22	119
dpca4g349070.842	22	120
dpca4g349090.842	22	121
dpca4g349190.842	22	122
dpca4g349200.842	22	123
dpca4g349220.842	22	124
dpca4g349230.842	22	125
dpca4g349240.842	22	126
dpca4g349250.842	22	127
dpca4g349290.842	22	128
dpca4g349300.842	22	129
dpca4g349310.842	22	130
dpca4g349320.842	22	131
dpca4g349330.842	22	132
dpca4g349340.842	22	133
dpca4g349350.842	22	134
dpca4g349360.842	22	135
dpca4g349390.842	22	136
dpca4g349410.842	22	137
dpca4g349420.842	22	138
dpca4g349430.842	22	139
dpca4g349450.842	22	140
dpca4g349460.842	22	141
dpca4g349480.842	22	142
dpca4g349520.842	22	143
dpca4g349530.842	22	144
dpca4g349600.842	22	145
dpca4g349610.842	22	146
dpca4g349620.842	22	147
dpca4g349630.842	22	148
dpca4g349640.842	22	149
dpca4g349650.842	22	150
dpca4g349660.842	22	151
dpca4g349680.842	22	152
dpca4g349690.842	22	153
dpca4g349700.842	22	154
dpca4g349710.842	22	155
dpca4g349730.842	22	156
dpca4g349740.842	22	157
dpca4g349750.842	22	158
dpca4g349760.842	22	159
dpca4g349770.842	22	160
dpca4g349780.842	22	161
dpca4g349810.842	22	162
dpca4g349830.842	22	163
dpca4g349840.842	22	164
dpca4g349860.842	22	165
dpca4g349870.842	22	166
dpca4g349880.842	22	167
dpca4g349900.842	22	168
dpca4g349910.842	22	169
dpca4g349920.842	22	170
dpca4g349930.842	22	171
dpca4g349940.842	22	172
dpca4g349950.842	22	173
dpca4g349960.842	22	174
dpca4g349990.842	22	175
dpca4g350060.842	22	176
dpca4g350080.842	22	177
dpca4g350110.842	22	178
dpca4g350120.842	22	179
dpca4g350130.842	22	180
dpca4g350140.842	22	181
dpca4g350150.842	22	182
dpca4g350160.842	22	183
dpca4g350170.842	22	184
dpca4g350180.842	22	185
dpca4g350240.842	22	186
dpca4g350250.842	22	187
dpca4g350270.842	22	188
dpca4g350280.842	22	189
dpca4g350300.842	22	190
dpca4g350340.842	22	191
dpca4g350360.842	22	192
dpca4g350370.842	22	193
dpca4g350380.842	22	194
dpca4g350390.842	22	195
dpca4g350410.842	22	196
dpca4g350420.842	22	197
dpca4g350440.842	22	198
dpca4g350450.842	22	199
dpca4g350460.842	22	200
dpca4g350470.842	22	201
dpca4g350480.842	22	202
dpca4g350490.842	22	203
dpca4g350500.842	22	204
dpca4g350510.842	22	205
dpca4g350520.842	22	206
dpca4g350540.842	22	207
dpca4g350550.842	22	208
dpca4g350560.842	22	209
dpca4g350570.842	22	210
dpca4g350590.842	22	211
dpca4g350600.842	22	212
dpca4g350610.842	22	213
dpca4g350620.842	22	214
dpca4g350630.842	22	215
dpca4g350640.842	22	216
dpca4g350650.842	22	217
dpca4g350670.842	22	218
dpca4g350690.842	22	219
dpca4g350700.842	22	220
dpca4g350710.842	22	221
dpca4g350730.842	22	222
dpca4g350740.842	22	223
dpca4g350750.842	22	224
dpca4g350760.842	22	225
dpca4g350770.842	22	226
dpca4g350780.842	22	227
dpca4g350790.842	22	228
dpca4g350800.842	22	229
dpca4g350810.842	22	230
dpca4g350820.842	22	231
dpca4g350840.842	22	232
dpca4g350850.842	22	233
dpca4g350860.842	22	234
dpca4g350870.842	22	235
dpca4g350880.842	22	236
dpca4g350890.842	22	237
dpca4g350900.842	22	238
dpca4g350910.842	22	239
dpca4g350920.842	22	240
dpca4g350930.842	22	241
dpca4g350940.842	22	242
dpca4g350950.842	22	243
dpca4g350960.842	22	244
dpca4g350970.842	22	245
dpca4g350980.842	22	246
dpca4g350990.842	22	247
dpca4g351000.842	22	248
dpca4g351010.842	22	249
dpca4g351030.842	22	250
dpca4g351040.842	22	251
dpca4g351050.842	22	252
dpca4g351060.842	22	253
dpca4g351080.842	22	254
dpca4g351090.842	22	255
dpca4g351100.842	22	256
dpca4g351110.842	22	257
dpca4g351120.842	22	258
dpca4g351130.842	22	259
dpca4g351140.842	22	260
dpca4g351150.842	22	261
dpca4g351160.842	22	262
dpca4g351180.842	22	263
dpca4g351190.842	22	264
dpca4g351200.842	22	265
dpca4g351210.842	22	266
dpca4g351220.842	22	267
dpca4g351230.842	22	268
dpca4g351240.842	22	269
dpca4g351250.842	22	270
dpca4g351260.842	22	271
dpca4g351270.842	22	272
dpca4g351280.842	22	273
dpca4g351290.842	22	274
dpca4g351300.842	22	275
dpca4g351310.842	22	276
dpca4g351320.842	22	277
dpca4g351330.842	22	278
dpca4g351340.842	22	279
dpca4g351350.842	22	280
dpca4g351360.842	22	281
dpca4g351370.842	22	282
dpca4g351380.842	22	283
dpca4g351390.842	22	284
dpca4g351400.842	22	285
dpca4g351410.842	22	286
dpca4g351420.842	22	287
dpca4g351430.842	22	288
dpca4g351440.842	22	289
dpca4g351450.842	22	290
dpca4g351460.842	22	291
dpca4g351470.842	22	292
dpca4g351490.842	22	293
dpca4g351500.842	22	294
dpca4g351530.842	22	295
dpca4g351550.842	22	296
dpca4g351560.842	22	297
dpca4g351570.842	22	298
dpca4g351640.842	22	299
dpca4g351660.842	22	300
dpca4g351680.842	22	301
dpca4g351690.842	22	302
dpca4g351700.842	22	303
dpca4g351710.842	22	304
dpca4g351720.842	22	305
dpca4g351730.842	22	306
dpca4g351740.842	22	307
dpca4g351750.842	22	308
dpca4g351760.842	22	309
dpca4g351770.842	22	310
dpca4g351780.842	22	311
dpca4g351790.842	22	312
dpca4g351800.842	22	313
dpca4g351810.842	22	314
dpca4g351820.842	22	315
dpca4g351830.842	22	316
dpca4g351850.842	22	317
dpca4g351860.842	22	318
dpca4g351870.842	22	319
dpca4g351880.842	22	320
dpca4g351890.842	22	321
dpca4g351900.842	22	322
dpca4g351910.842	22	323
dpca4g351920.842	22	324
dpca4g351930.842	22	325
dpca4g351940.842	22	326
dpca4g351950.842	22	327
dpca4g351970.842	22	328
dpca4g352000.842	22	329
dpca4g352020.842	22	330
dpca4g352030.842	22	331
dpca4g352040.842	22	332
dpca4g352050.842	22	333
dpca4g352070.842	22	334
dpca4g352080.842	22	335
dpca4g352090.842	22	336
dpca4g352100.842	22	337
dpca4g352110.842	22	338
dpca4g352130.842	22	339
dpca4g352140.842	22	340
dpca4g352150.842	22	341
dpca4g352160.842	22	342
dpca4g352170.842	22	343
dpca4g352180.842	22	344
dpca4g352190.842	22	345
dpca4g352200.842	22	346
dpca4g352210.842	22	347
dpca4g352220.842	22	348
dpca4g352230.842	22	349
dpca4g352240.842	22	350
dpca4g352250.842	22	351
dpca4g352260.842	22	352
dpca4g352270.842	22	353
dpca4g352280.842	22	354
dpca4g352290.842	22	355
dpca4g352300.842	22	356
dpca4g352310.842	22	357
dpca4g352320.842	22	358
dpca4g352330.842	22	359
dpca4g352340.842	22	360
dpca4g352350.842	22	361
dpca4g352360.842	22	362
dpca4g352370.842	22	363
dpca4g352380.842	22	364
dpca4g352390.842	22	365
dpca4g352400.842	22	366
dpca4g352410.842	22	367
dpca4g352420.842	22	368
dpca4g352430.842	22	369
dpca4g352440.842	22	370
dpca4g352450.842	22	371
dpca4g352460.842	22	372
dpca4g352470.842	22	373
dpca4g352480.842	22	374
dpca4g352490.842	22	375
dpca4g352510.842	22	376
dpca4g352520.842	22	377
dpca4g352530.842	22	378
dpca4g352540.842	22	379
dpca4g352550.842	22	380
dpca4g352560.842	22	381
dpca4g352570.842	22	382
dpca4g352580.842	22	383
dpca4g352590.842	22	384
dpca4g352600.842	22	385
dpca4g352610.842	22	386
dpca4g352620.842	22	387
dpca4g352630.842	22	388
dpca4g352640.842	22	389
dpca4g352650.842	22	390
dpca4g352660.842	22	391
dpca4g352670.842	22	392
dpca4g352690.842	22	393
dpca4g352700.842	22	394
dpca4g352710.842	22	395
dpca4g352720.842	22	396
dpca4g352730.842	22	397
dpca4g352740.842	22	398
dpca4g352750.842	22	399
dpca4g352760.842	22	400
dpca4g352770.842	22	401
dpca5g352780.842	22	402
dpca5g352790.842	22	403
dpca5g352800.842	22	404
dpca5g352810.842	22	405
dpca5g352830.842	22	406
dpca5g352860.842	22	407
dpca5g352870.842	22	408
dpca5g352880.842	22	409
dpca5g352890.842	22	410
dpca5g352900.842	22	411
dpca5g352920.842	22	412
dpca5g352930.842	22	413
dpca5g352940.842	22	414
dpca5g352950.842	22	415
dpca5g352960.842	22	416
dpca5g352970.842	22	417
dpca5g353000.842	22	418
dpca5g353030.842	22	419
dpca5g353040.842	22	420
dpca5g353050.842	22	421
dpca5g353060.842	22	422
dpca5g353070.842	22	423
dpca5g353080.842	22	424
dpca5g353090.842	22	425
dpca5g353100.842	22	426
dpca5g353110.842	22	427
dpca5g353120.842	22	428
dpca5g353130.842	22	429
dpca5g353140.842	22	430
dpca5g353150.842	22	431
dpca5g353160.842	22	432
dpca5g353170.842	22	433
dpca5g353220.842	22	434
dpca5g353230.842	22	435
dpca5g353250.842	22	436
dpca5g353260.842	22	437
dpca5g353270.842	22	438
dpca5g353280.842	22	439
dpca5g353290.842	22	440
dpca5g353300.842	22	441
dpca5g353320.842	22	442
dpca5g353330.842	22	443
dpca5g353350.842	22	444
dpca5g353360.842	22	445
dpca5g353370.842	22	446
dpca5g353380.842	22	447
dpca5g353410.842	22	448
dpca5g353450.842	22	449
dpca5g353460.842	22	450
dpca5g353480.842	22	451
dpca5g353490.842	22	452
dpca5g353510.842	22	453
dpca5g353530.842	22	454
dpca5g353540.842	22	455
dpca5g353560.842	22	456
dpca5g353570.842	22	457
dpca5g353590.842	22	458
dpca5g353630.842	22	459
dpca5g353640.842	22	460
dpca5g353650.842	22	461
dpca5g353660.842	22	462
dpca5g353680.842	22	463
dpca5g353710.842	22	464
dpca5g353730.842	22	465
dpca5g353740.842	22	466
dpca5g353750.842	22	467
dpca5g353770.842	22	468
dpca5g353780.842	22	469
dpca5g353790.842	22	470
dpca5g353810.842	22	471
dpca5g353820.842	22	472
dpca5g353830.842	22	473
dpca5g353840.842	22	474
dpca5g353850.842	22	475
dpca5g353860.842	22	476
dpca5g353870.842	22	477
dpca5g353890.842	22	478
dpca5g353900.842	22	479
dpca5g353910.842	22	480
dpca5g353930.842	22	481
dpca5g353940.842	22	482
dpca5g353950.842	22	483
dpca5g353960.842	22	484
dpca5g353970.842	22	485
dpca5g353980.842	22	486
dpca5g353990.842	22	487
dpca5g354000.842	22	488
dpca5g354010.842	22	489
dpca5g354020.842	22	490
dpca5g354030.842	22	491
dpca5g354040.842	22	492
dpca5g354060.842	22	493
dpca5g354070.842	22	494
dpca5g354080.842	22	495
dpca5g354090.842	22	496
dpca5g354100.842	22	497
dpca5g354110.842	22	498
dpca5g354130.842	22	499
dpca5g354150.842	22	500
dpca5g354170.842	22	501
dpca5g354180.842	22	502
dpca5g354190.842	22	503
dpca5g354200.842	22	504
dpca5g354210.842	22	505
dpca5g354220.842	22	506
dpca5g354230.842	22	507
dpca5g354240.842	22	508
dpca5g354250.842	22	509
dpca5g354270.842	22	510
dpca5g354280.842	22	511
dpca5g354290.842	22	512
dpca5g354310.842	22	513
dpca5g354320.842	22	514
dpca5g354340.842	22	515
dpca5g354350.842	22	516
dpca5g354370.842	22	517
dpca5g354380.842	22	518
dpca5g354390.842	22	519
dpca5g354400.842	22	520
dpca5g354410.842	22	521
dpca5g354420.842	22	522
dpca5g354430.842	22	523
dpca5g354450.842	22	524
dpca5g354460.842	22	525
dpca5g354470.842	22	526
dpca5g354480.842	22	527
dpca5g354490.842	22	528
dpca5g354500.842	22	529
dpca5g354520.842	22	530
dpca5g354530.842	22	531
dpca5g354540.842	22	532
dpca5g354550.842	22	533
dpca5g354560.842	22	534
dpca5g354570.842	22	535
dpca5g354580.842	22	536
dpca5g354590.842	22	537
dpca5g354610.842	22	538
dpca5g354620.842	22	539
dpca5g354630.842	22	540
dpca5g354640.842	22	541
dpca5g354650.842	22	542
dpca5g354660.842	22	543
dpca5g354680.842	22	544
dpca5g354700.842	22	545
dpca5g354720.842	22	546
dpca5g354730.842	22	547
dpca5g354740.842	22	548
dpca5g354750.842	22	549
dpca5g354800.842	22	550
dpca5g354810.842	22	551
dpca5g354830.842	22	552
dpca5g354840.842	22	553
dpca5g354850.842	22	554
dpca5g354870.842	22	555
dpca5g354880.842	22	556
dpca5g354900.842	22	557
dpca5g354930.842	22	558
dpca5g354970.842	22	559
dpca5g354980.842	22	560
dpca5g355000.842	22	561
dpca5g355010.842	22	562
dpca5g355020.842	22	563
dpca5g355050.842	22	564
dpca5g355080.842	22	565
dpca5g355090.842	22	566
dpca5g355100.842	22	567
dpca5g355110.842	22	568
dpca5g355120.842	22	569
dpca5g355130.842	22	570
dpca5g355140.842	22	571
dpca5g355160.842	22	572
dpca5g355170.842	22	573
dpca5g355180.842	22	574
dpca5g355220.842	22	575
dpca5g355230.842	22	576
dpca5g355240.842	22	577
dpca5g355270.842	22	578
dpca5g355300.842	22	579
dpca5g355310.842	22	580
dpca5g355320.842	22	581
dpca5g355330.842	22	582
dpca5g355340.842	22	583
dpca5g355350.842	22	584
dpca5g355370.842	22	585
dpca5g355400.842	22	586
dpca5g355420.842	22	587
dpca5g355460.842	22	588
dpca5g355470.842	22	589
dpca5g355490.842	22	590
dpca5g355530.842	22	591
dpca5g355540.842	22	592
dpca5g355550.842	22	593
dpca5g355560.842	22	594
dpca5g355570.842	22	595
dpca5g355590.842	22	596
dpca5g355600.842	22	597
dpca5g355610.842	22	598
dpca5g355650.842	22	599
dpca5g355660.842	22	600
dpca5g355680.842	22	601
dpca5g355710.842	22	602
dpca5g355720.842	22	603
dpca5g355730.842	22	604
dpca5g355790.842	22	605
dpca5g355800.842	22	606
dpca5g355830.842	22	607
dpca5g355840.842	22	608
dpca5g355880.842	22	609
dpca5g355900.842	22	610
dpca5g355920.842	22	611
dpca5g355940.842	22	612
dpca5g355970.842	22	613
dpca5g355980.842	22	614
dpca5g355990.842	22	615
dpca5g356020.842	22	616
dpca5g356030.842	22	617
dpca5g356050.842	22	618
dpca5g356060.842	22	619
dpca5g356070.842	22	620
dpca5g356090.842	22	621
dpca5g356100.842	22	622
dpca5g356120.842	22	623
dpca5g356130.842	22	624
dpca5g356140.842	22	625
dpca5g356150.842	22	626
dpca5g356160.842	22	627
dpca5g356170.842	22	628
dpca5g356180.842	22	629
dpca5g356190.842	22	630
dpca5g356200.842	22	631
dpca5g356210.842	22	632
dpca5g356220.842	22	633
dpca5g356230.842	22	634
dpca5g356240.842	22	635
dpca5g356250.842	22	636
dpca5g356260.842	22	637
dpca5g356300.842	22	638
dpca5g356310.842	22	639
dpca5g356320.842	22	640
dpca5g356330.842	22	641
dpca5g356340.842	22	642
dpca5g356370.842	22	643
dpca5g356410.842	22	644
dpca5g356460.842	22	645
dpca5g356480.842	22	646
dpca5g356500.842	22	647
dpca5g356530.842	22	648
dpca5g356540.842	22	649
dpca5g356550.842	22	650
dpca5g356560.842	22	651
dpca5g356570.842	22	652
dpca5g356580.842	22	653
dpca5g356600.842	22	654
dpca5g356610.842	22	655
dpca5g356620.842	22	656
dpca5g356660.842	22	657
dpca5g356670.842	22	658
dpca5g356680.842	22	659
dpca5g356760.842	22	660
dpca5g356780.842	22	661
dpca5g356800.842	22	662
dpca5g356810.842	22	663
dpca5g356830.842	22	664
dpca5g356840.842	22	665
dpca5g356850.842	22	666
dpca5g356880.842	22	667
dpca5g356920.842	22	668
dpca5g356930.842	22	669
dpca5g356940.842	22	670
dpca5g356970.842	22	671
dpca5g356980.842	22	672
dpca5g357030.842	22	673
dpca5g357060.842	22	674
dpca5g357070.842	22	675
dpca5g357080.842	22	676
dpca5g357130.842	22	677
dpca5g357140.842	22	678
dpca5g357190.842	22	679
dpca5g357220.842	22	680
dpca5g357250.842	22	681
dpca5g357260.842	22	682
dpca5g357280.842	22	683
dpca5g357290.842	22	684
dpca5g357340.842	22	685
dpca5g357360.842	22	686
dpca5g357370.842	22	687
dpca5g357380.842	22	688
dpca5g357390.842	22	689
dpca5g357410.842	22	690
dpca5g357420.842	22	691
dpca5g357430.842	22	692
dpca5g357440.842	22	693
dpca5g357470.842	22	694
dpca5g357490.842	22	695
dpca5g357500.842	22	696
dpca5g357530.842	22	697
dpca5g357550.842	22	698
dpca5g357570.842	22	699
dpca5g357680.842	22	700
dpca5g357700.842	22	701
dpca5g357710.842	22	702
dpca5g357730.842	22	703
dpca5g357770.842	22	704
dpca5g357780.842	22	705
dpca5g357790.842	22	706
dpca5g357830.842	22	707
dpca5g357840.842	22	708
dpca5g357860.842	22	709
dpca5g357890.842	22	710
dpca5g357910.842	22	711
dpca5g357930.842	22	712
dpca5g357940.842	22	713
dpca5g357980.842	22	714
dpca5g358010.842	22	715
dpca5g358020.842	22	716
dpca5g358050.842	22	717
dpca5g358060.842	22	718
dpca5g358080.842	22	719
dpca5g358090.842	22	720
dpca5g358100.842	22	721
dpca5g358130.842	22	722
dpca5g358150.842	22	723
dpca5g358190.842	22	724
dpca5g358230.842	22	725
dpca5g358240.842	22	726
dpca5g358250.842	22	727
dpca5g358270.842	22	728
dpca5g358310.842	22	729
dpca5g358330.842	22	730
dpca5g358400.842	22	731
dpca5g358410.842	22	732
dpca5g358420.842	22	733
dpca5g358430.842	22	734
dpca5g358460.842	22	735
dpca5g358480.842	22	736
dpca5g358570.842	22	737
dpca5g358590.842	22	738
dpca5g358600.842	22	739
dpca5g358610.842	22	740
dpca5g358620.842	22	741
dpca5g358640.842	22	742
dpca5g358660.842	22	743
dpca5g358690.842	22	744
dpca5g358720.842	22	745
dpca5g358740.842	22	746
dpca5g358770.842	22	747
dpca5g358780.842	22	748
dpca5g358800.842	22	749
dpca5g358840.842	22	750
dpca5g358910.842	22	751
dpca5g358940.842	22	752
dpca5g358950.842	22	753
dpca5g358970.842	22	754
dpca5g358990.842	22	755
dpca5g359000.842	22	756
dpca5g359010.842	22	757
dpca5g359020.842	22	758
dpca5g359030.842	22	759
dpca5g359060.842	22	760
dpca5g359100.842	22	761
dpca5g359110.842	22	762
dpca5g359140.842	22	763
dpca5g359170.842	22	764
dpca5g359210.842	22	765
dpca5g359270.842	22	766
dpca5g359280.842	22	767
dpca5g359310.842	22	768
dpca5g359350.842	22	769
dpca5g359360.842	22	770
dpca5g359370.842	22	771
dpca5g359380.842	22	772
dpca5g359410.842	22	773
dpca5g359420.842	22	774
dpca5g359430.842	22	775
dpca5g359440.842	22	776
dpca5g359460.842	22	777
dpca5g359470.842	22	778
dpca5g359490.842	22	779
dpca5g359500.842	22	780
dpca5g359520.842	22	781
dpca5g359560.842	22	782
dpca5g359580.842	22	783
dpca5g359590.842	22	784
dpca5g359610.842	22	785
dpca5g359630.842	22	786
dpca5g359650.842	22	787
dpca5g359690.842	22	788
dpca5g359700.842	22	789
dpca5g359710.842	22	790
dpca5g359720.842	22	791
dpca5g359760.842	22	792
dpca5g359770.842	22	793
dpca5g359780.842	22	794
dpca5g359810.842	22	795
dpca5g359830.842	22	796
dpca5g359840.842	22	797
dpca5g359850.842	22	798
dpca5g359870.842	22	799
dpca5g359920.842	22	800
dpca5g359950.842	22	801
dpca5g359960.842	22	802
dpca5g359980.842	22	803
dpca5g360030.842	22	804
dpca5g360070.842	22	805
dpca5g360080.842	22	806
dpca5g360090.842	22	807
dpca5g360100.842	22	808
dpca5g360110.842	22	809
dpca5g360150.842	22	810
dpca5g360180.842	22	811
dpca5g360230.842	22	812
dpca5g360240.842	22	813
dpca5g360260.842	22	814
dpca5g360270.842	22	815
dpca5g360290.842	22	816
dpca5g360300.842	22	817
dpca5g360310.842	22	818
dpca5g360320.842	22	819
dpca5g360360.842	22	820
dpca5g360380.842	22	821
dpca5g360390.842	22	822
dpca5g360410.842	22	823
dpca5g360450.842	22	824
dpca5g360460.842	22	825
dpca5g360470.842	22	826
dpca5g360490.842	22	827
dpca5g360550.842	22	828
dpca5g360560.842	22	829
dpca5g360570.842	22	830
dpca5g360590.842	22	831
dpca5g360620.842	22	832
dpca5g360650.842	22	833
dpca5g360670.842	22	834
dpca5g360680.842	22	835
dpca5g360700.842	22	836
dpca5g360750.842	22	837
dpca5g360800.842	22	838
dpca5g360810.842	22	839
dpca5g360820.842	22	840
dpca5g360910.842	22	841
dpca5g360930.842	22	842
dpca5g360990.842	22	843
dpca5g361030.842	22	844
dpca5g361050.842	22	845
dpca5g361070.842	22	846
dpca5g361080.842	22	847
dpca5g361130.842	22	848
dpca5g361140.842	22	849
dpca5g361160.842	22	850
dpca5g361170.842	22	851
dpca5g361180.842	22	852
dpca5g361200.842	22	853
dpca5g361210.842	22	854
dpca5g361230.842	22	855
dpca5g361260.842	22	856
dpca5g361310.842	22	857
dpca5g361370.842	22	858
dpca5g361400.842	22	859
dpca5g361420.842	22	860
dpca5g361430.842	22	861
dpca5g361440.842	22	862
dpca5g361450.842	22	863
dpca5g361470.842	22	864
dpca5g361490.842	22	865
dpca5g361500.842	22	866
dpca5g361510.842	22	867
dpca5g361520.842	22	868
dpca5g361560.842	22	869
dpca5g361570.842	22	870
dpca5g361610.842	22	871
dpca5g361660.842	22	872
dpca5g361670.842	22	873
dpca5g361690.842	22	874
dpca5g361700.842	22	875
dpca5g361710.842	22	876
dpca5g361720.842	22	877
dpca5g361740.842	22	878
dpca5g361760.842	22	879
dpca5g361770.842	22	880
dpca5g361800.842	22	881
dpca5g361830.842	22	882
dpca5g361840.842	22	883
dpca5g361850.842	22	884
dpca5g361880.842	22	885
dpca5g361890.842	22	886
dpca5g361900.842	22	887
dpca5g361910.842	22	888
dpca5g362000.842	22	889
dpca5g362020.842	22	890
dpca5g362070.842	22	891
dpca5g362090.842	22	892
dpca5g362140.842	22	893
dpca5g362190.842	22	894
dpca5g362220.842	22	895
dpca5g362230.842	22	896
dpca5g362240.842	22	897
dpca5g362250.842	22	898
dpca5g362270.842	22	899
dpca5g362280.842	22	900
dpca5g362300.842	22	901
dpca5g362380.842	22	902
dpca5g362390.842	22	903
dpca5g362400.842	22	904
dpca5g362410.842	22	905
dpca5g362420.842	22	906
dpca5g362460.842	22	907
dpca5g362500.842	22	908
dpca5g362530.842	22	909
dpca5g362570.842	22	910
dpca5g362590.842	22	911
dpca5g362650.842	22	912
dpca5g362680.842	22	913
dpca5g362690.842	22	914
dpca5g362720.842	22	915
dpca5g362750.842	22	916
dpca5g362760.842	22	917
dpca5g362770.842	22	918
dpca5g362840.842	22	919
dpca5g362860.842	22	920
dpca5g362870.842	22	921
dpca5g362930.842	22	922
dpca5g362940.842	22	923
dpca5g362990.842	22	924
dpca5g363010.842	22	925
dpca5g363050.842	22	926
dpca5g363060.842	22	927
dpca5g363080.842	22	928
dpca5g363120.842	22	929
dpca5g363130.842	22	930
dpca5g363140.842	22	931
dpca5g363150.842	22	932
dpca5g363160.842	22	933
dpca5g363170.842	22	934
dpca5g363190.842	22	935
dpca5g363210.842	22	936
dpca5g363220.842	22	937
dpca5g363230.842	22	938
dpca5g363240.842	22	939
dpca5g363250.842	22	940
dpca5g363270.842	22	941
dpca5g363290.842	22	942
dpca5g363360.842	22	943
dpca5g363370.842	22	944
dpca5g363380.842	22	945
dpca5g363400.842	22	946
dpca5g363450.842	22	947
dpca5g363460.842	22	948
dpca5g363500.842	22	949
dpca5g363520.842	22	950
dpca5g363540.842	22	951
dpca5g363550.842	22	952
dpca5g363560.842	22	953
dpca5g363590.842	22	954
dpca5g363610.842	22	955
dpca5g363620.842	22	956
dpca5g363630.842	22	957
dpca5g363640.842	22	958
dpca5g363650.842	22	959
dpca5g363660.842	22	960
dpca5g363670.842	22	961
dpca5g363680.842	22	962
dpca5g363690.842	22	963
dpca5g363700.842	22	964
dpca5g363710.842	22	965
dpca5g363750.842	22	966
dpca5g363760.842	22	967
dpca5g363780.842	22	968
dpca5g363800.842	22	969
dpca5g363830.842	22	970
dpca5g363840.842	22	971
dpca5g363850.842	22	972
dpca5g363880.842	22	973
dpca5g363940.842	22	974
dpca5g363950.842	22	975
dpca5g363960.842	22	976
dpca5g363980.842	22	977
dpca5g363990.842	22	978
dpca5g364010.842	22	979
dpca5g364020.842	22	980
dpca5g364030.842	22	981
dpca5g364060.842	22	982
dpca5g364070.842	22	983
dpca5g364130.842	22	984
dpca5g364150.842	22	985
dpca5g364160.842	22	986
dpca5g364180.842	22	987
dpca5g364240.842	22	988
dpca5g364260.842	22	989
dpca5g364270.842	22	990
dpca5g364290.842	22	991
dpca5g364310.842	22	992
dpca5g364320.842	22	993
dpca5g364330.842	22	994
dpca5g364340.842	22	995
dpca5g364360.842	22	996
dpca5g364390.842	22	997
dpca5g364410.842	22	998
dpca5g364440.842	22	999
dpca5g364450.842	22	1000
dpca5g364460.842	22	1001
dpca5g364480.842	22	1002
dpca5g364490.842	22	1003
dpca5g364580.842	22	1004
dpca5g364590.842	22	1005
dpca5g364610.842	22	1006
dpca5g364620.842	22	1007
dpca5g364650.842	22	1008
dpca5g364660.842	22	1009
dpca5g364710.842	22	1010
dpca5g364720.842	22	1011
dpca5g364750.842	22	1012
dpca5g364790.842	22	1013
dpca5g364820.842	22	1014
dpca5g364840.842	22	1015
dpca5g364850.842	22	1016
dpca5g364860.842	22	1017
dpca5g364870.842	22	1018
dpca5g364890.842	22	1019
dpca5g364900.842	22	1020
dpca5g364920.842	22	1021
dpca5g364960.842	22	1022
dpca5g364970.842	22	1023
dpca5g364990.842	23	0
dpca5g365030.842	23	1
dpca5g365050.842	23	2
dpca5g365070.842	23	3
dpca5g365080.842	23	4
dpca5g365090.842	23	5
dpca5g365110.842	23	6
dpca5g365120.842	23	7
dpca5g365130.842	23	8
dpca5g365140.842	23	9
dpca5g365150.842	23	10
dpca5g365160.842	23	11
dpca5g365170.842	23	12
dpca5g365180.842	23	13
dpca5g365190.842	23	14
dpca5g365200.842	23	15
dpca5g365210.842	23	16
dpca5g365220.842	23	17
dpca5g365230.842	23	18
dpca5g365250.842	23	19
dpca5g365280.842	23	20
dpca5g365300.842	23	21
dpca5g365320.842	23	22
dpca5g365330.842	23	23
dpca5g365340.842	23	24
dpca5g365350.842	23	25
dpca5g365380.842	23	26
dpca5g365390.842	23	27
dpca5g365410.842	23	28
dpca5g365430.842	23	29
dpca5g365440.842	23	30
dpca5g365450.842	23	31
dpca5g365460.842	23	32
dpca5g365470.842	23	33
dpca5g365480.842	23	34
dpca5g365490.842	23	35
dpca5g365540.842	23	36
dpca5g365610.842	23	37
dpca5g365630.842	23	38
dpca5g365640.842	23	39
dpca5g365650.842	23	40
dpca5g365670.842	23	41
dpca5g365700.842	23	42
dpca5g365710.842	23	43
dpca5g365720.842	23	44
dpca5g365770.842	23	45
dpca5g365790.842	23	46
dpca5g365810.842	23	47
dpca5g365830.842	23	48
dpca5g365840.842	23	49
dpca5g365850.842	23	50
dpca5g365870.842	23	51
dpca5g365880.842	23	52
dpca5g365890.842	23	53
dpca5g365900.842	23	54
dpca5g365910.842	23	55
dpca5g365920.842	23	56
dpca5g365930.842	23	57
dpca5g365940.842	23	58
dpca5g365950.842	23	59
dpca5g365960.842	23	60
dpca5g365970.842	23	61
dpca5g365990.842	23	62
dpca5g366000.842	23	63
dpca5g366030.842	23	64
dpca5g366040.842	23	65
dpca5g366070.842	23	66
dpca5g366080.842	23	67
dpca5g366090.842	23	68
dpca5g366110.842	23	69
dpca5g366120.842	23	70
dpca5g366130.842	23	71
dpca5g366140.842	23	72
dpca5g366160.842	23	73
dpca5g366170.842	23	74
dpca5g366180.842	23	75
dpca5g366200.842	23	76
dpca5g366230.842	23	77
dpca5g366250.842	23	78
dpca5g366260.842	23	79
dpca5g366270.842	23	80
dpca5g366280.842	23	81
dpca5g366300.842	23	82
dpca5g366310.842	23	83
dpca5g366320.842	23	84
dpca5g366340.842	23	85
dpca5g366350.842	23	86
dpca5g366360.842	23	87
dpca5g366400.842	23	88
dpca5g366410.842	23	89
dpca5g366420.842	23	90
dpca5g366430.842	23	91
dpca5g366440.842	23	92
dpca5g366460.842	23	93
dpca5g366470.842	23	94
dpca5g366480.842	23	95
dpca5g366490.842	23	96
dpca5g366500.842	23	97
dpca5g366510.842	23	98
dpca5g366540.842	23	99
dpca5g366570.842	23	100
dpca5g366590.842	23	101
dpca5g366600.842	23	102
dpca5g366620.842	23	103
dpca5g366630.842	23	104
dpca5g366650.842	23	105
dpca5g366660.842	23	106
dpca5g366670.842	23	107
dpca5g366680.842	23	108
dpca5g366700.842	23	109
dpca5g366710.842	23	110
dpca5g366750.842	23	111
dpca5g366760.842	23	112
dpca5g366770.842	23	113
dpca5g366790.842	23	114
dpca5g366800.842	23	115
dpca5g366810.842	23	116
dpca5g366840.842	23	117
dpca5g366870.842	23	118
dpca5g366890.842	23	119
dpca5g366900.842	23	120
dpca5g366910.842	23	121
dpca5g366960.842	23	122
dpca5g367020.842	23	123
dpca5g367060.842	23	124
dpca5g367130.842	23	125
dpca5g367150.842	23	126
dpca5g367190.842	23	127
dpca5g367230.842	23	128
dpca5g367240.842	23	129
dpca5g367250.842	23	130
dpca5g367260.842	23	131
dpca5g367270.842	23	132
dpca5g367290.842	23	133
dpca5g367300.842	23	134
dpca5g367350.842	23	135
dpca5g367370.842	23	136
dpca5g367400.842	23	137
dpca5g367430.842	23	138
dpca5g367450.842	23	139
dpca5g367460.842	23	140
dpca5g367480.842	23	141
dpca5g367500.842	23	142
dpca5g367520.842	23	143
dpca5g367550.842	23	144
dpca5g367560.842	23	145
dpca5g367570.842	23	146
dpca5g367580.842	23	147
dpca5g367590.842	23	148
dpca5g367600.842	23	149
dpca5g367610.842	23	150
dpca5g367630.842	23	151
dpca5g367640.842	23	152
dpca5g367650.842	23	153
dpca5g367660.842	23	154
dpca5g367750.842	23	155
dpca5g367770.842	23	156
dpca5g367800.842	23	157
dpca5g367830.842	23	158
dpca5g367850.842	23	159
dpca5g367870.842	23	160
dpca5g367890.842	23	161
dpca5g367910.842	23	162
dpca5g367920.842	23	163
dpca5g367930.842	23	164
dpca5g367950.842	23	165
dpca5g367960.842	23	166
dpca5g367990.842	23	167
dpca5g368020.842	23	168
dpca5g368030.842	23	169
dpca5g368040.842	23	170
dpca5g368050.842	23	171
dpca5g368060.842	23	172
dpca5g368080.842	23	173
dpca5g368110.842	23	174
dpca5g368150.842	23	175
dpca5g368160.842	23	176
dpca5g368180.842	23	177
dpca5g368190.842	23	178
dpca5g368200.842	23	179
dpca5g368210.842	23	180
dpca5g368230.842	23	181
dpca5g368240.842	23	182
dpca5g368250.842	23	183
dpca5g368270.842	23	184
dpca5g368280.842	23	185
dpca5g368300.842	23	186
dpca5g368310.842	23	187
dpca5g368380.842	23	188
dpca5g368390.842	23	189
dpca5g368520.842	23	190
dpca5g368530.842	23	191
dpca5g368540.842	23	192
dpca5g368550.842	23	193
dpca5g368560.842	23	194
dpca5g368570.842	23	195
dpca5g368580.842	23	196
dpca5g368600.842	23	197
dpca5g368620.842	23	198
dpca5g368630.842	23	199
dpca5g368650.842	23	200
dpca5g368680.842	23	201
dpca5g368690.842	23	202
dpca5g368700.842	23	203
dpca5g368710.842	23	204
dpca5g368720.842	23	205
dpca5g368730.842	23	206
dpca5g368750.842	23	207
dpca5g368780.842	23	208
dpca5g368790.842	23	209
dpca5g368800.842	23	210
dpca5g368810.842	23	211
dpca5g368820.842	23	212
dpca5g368830.842	23	213
dpca5g368840.842	23	214
dpca5g368850.842	23	215
dpca5g368860.842	23	216
dpca5g368870.842	23	217
dpca5g368880.842	23	218
dpca5g368890.842	23	219
dpca5g368920.842	23	220
dpca5g368930.842	23	221
dpca5g368940.842	23	222
dpca5g368950.842	23	223
dpca5g368980.842	23	224
dpca5g368990.842	23	225
dpca5g369000.842	23	226
dpca5g369010.842	23	227
dpca5g369020.842	23	228
dpca5g369030.842	23	229
dpca5g369040.842	23	230
dpca5g369050.842	23	231
dpca5g369090.842	23	232
dpca5g369110.842	23	233
dpca5g369120.842	23	234
dpca5g369130.842	23	235
dpca5g369150.842	23	236
dpca5g369160.842	23	237
dpca5g369170.842	23	238
dpca5g369180.842	23	239
dpca5g369190.842	23	240
dpca5g369200.842	23	241
dpca5g369210.842	23	242
dpca5g369240.842	23	243
dpca5g369250.842	23	244
dpca5g369260.842	23	245
dpca5g369270.842	23	246
dpca5g369280.842	23	247
dpca5g369290.842	23	248
dpca5g369300.842	23	249
dpca5g369310.842	23	250
dpca5g369340.842	23	251
dpca5g369350.842	23	252
dpca5g369360.842	23	253
dpca5g369380.842	23	254
dpca5g369390.842	23	255
dpca5g369420.842	23	256
dpca5g369430.842	23	257
dpca5g369440.842	23	258
dpca5g369450.842	23	259
dpca5g369460.842	23	260
dpca5g369470.842	23	261
dpca5g369480.842	23	262
dpca5g369500.842	23	263
dpca5g369510.842	23	264
dpca5g369520.842	23	265
dpca5g369540.842	23	266
dpca5g369550.842	23	267
dpca5g369570.842	23	268
dpca5g369640.842	23	269
dpca5g369650.842	23	270
dpca5g369660.842	23	271
dpca5g369670.842	23	272
dpca5g369700.842	23	273
dpca5g369710.842	23	274
dpca5g369720.842	23	275
dpca5g369780.842	23	276
dpca5g369790.842	23	277
dpca5g369840.842	23	278
dpca5g369850.842	23	279
dpca5g369880.842	23	280
dpca5g369890.842	23	281
dpca5g369900.842	23	282
dpca5g369910.842	23	283
dpca5g369920.842	23	284
dpca5g369930.842	23	285
dpca5g369950.842	23	286
dpca5g369970.842	23	287
dpca5g369980.842	23	288
dpca5g370000.842	23	289
dpca5g370010.842	23	290
dpca5g370020.842	23	291
dpca5g370030.842	23	292
dpca5g370040.842	23	293
dpca5g370060.842	23	294
dpca5g370080.842	23	295
dpca5g370100.842	23	296
dpca5g370120.842	23	297
dpca5g370130.842	23	298
dpca5g370170.842	23	299
dpca5g370180.842	23	300
dpca5g370190.842	23	301
dpca5g370210.842	23	302
dpca5g370220.842	23	303
dpca5g370230.842	23	304
dpca5g370250.842	23	305
dpca5g370260.842	23	306
dpca5g370270.842	23	307
dpca5g370280.842	23	308
dpca5g370300.842	23	309
dpca5g370310.842	23	310
dpca5g370320.842	23	311
dpca5g370330.842	23	312
dpca5g370340.842	23	313
dpca5g370350.842	23	314
dpca5g370360.842	23	315
dpca5g370380.842	23	316
dpca5g370390.842	23	317
dpca5g370400.842	23	318
dpca5g370410.842	23	319
dpca5g370420.842	23	320
dpca5g370430.842	23	321
dpca5g370440.842	23	322
dpca5g370450.842	23	323
dpca5g370460.842	23	324
dpca5g370480.842	23	325
dpca5g370490.842	23	326
dpca5g370500.842	23	327
dpca5g370510.842	23	328
dpca5g370530.842	23	329
dpca5g370540.842	23	330
dpca5g370550.842	23	331
dpca5g370570.842	23	332
dpca5g370580.842	23	333
dpca5g370590.842	23	334
dpca5g370630.842	23	335
dpca5g370640.842	23	336
dpca5g370650.842	23	337
dpca5g370670.842	23	338
dpca5g370680.842	23	339
dpca5g370690.842	23	340
dpca5g370700.842	23	341
dpca5g370710.842	23	342
dpca5g370720.842	23	343
dpca5g370730.842	23	344
dpca5g370740.842	23	345
dpca5g370750.842	23	346
dpca5g370760.842	23	347
dpca5g370770.842	23	348
dpca5g370810.842	23	349
dpca5g370820.842	23	350
dpca5g370830.842	23	351
dpca5g370840.842	23	352
dpca5g370910.842	23	353
dpca5g370920.842	23	354
dpca5g370930.842	23	355
dpca5g370940.842	23	356
dpca5g370960.842	23	357
dpca5g370970.842	23	358
dpca5g370980.842	23	359
dpca5g370990.842	23	360
dpca5g371000.842	23	361
dpca5g371010.842	23	362
dpca5g371020.842	23	363
dpca5g371030.842	23	364
dpca5g371040.842	23	365
dpca5g371050.842	23	366
dpca5g371060.842	23	367
dpca5g371070.842	23	368
dpca5g371080.842	23	369
dpca5g371100.842	23	370
dpca5g371110.842	23	371
dpca5g371120.842	23	372
dpca5g371140.842	23	373
dpca5g371150.842	23	374
dpca5g371180.842	23	375
dpca5g371190.842	23	376
dpca5g371200.842	23	377
dpca5g371210.842	23	378
dpca5g371220.842	23	379
dpca5g371230.842	23	380
dpca5g371240.842	23	381
dpca5g371260.842	23	382
dpca5g371270.842	23	383
dpca5g371330.842	23	384
dpca5g371350.842	23	385
dpca5g371370.842	23	386
dpca5g371380.842	23	387
dpca5g371390.842	23	388
dpca5g371420.842	23	389
dpca5g371440.842	23	390
dpca5g371460.842	23	391
dpca5g371480.842	23	392
dpca5g371500.842	23	393
dpca5g371510.842	23	394
dpca5g371520.842	23	395
dpca5g371530.842	23	396
dpca5g371540.842	23	397
dpca5g371550.842	23	398
dpca5g371560.842	23	399
dpca5g371570.842	23	400
dpca5g371590.842	23	401
dpca5g371600.842	23	402
dpca5g371620.842	23	403
dpca5g371640.842	23	404
dpca5g371650.842	23	405
dpca5g371670.842	23	406
dpca5g371690.842	23	407
dpca5g371700.842	23	408
dpca5g371720.842	23	409
dpca5g371740.842	23	410
dpca5g371750.842	23	411
dpca5g371760.842	23	412
dpca5g371770.842	23	413
dpca5g371780.842	23	414
dpca5g371790.842	23	415
dpca5g371820.842	23	416
dpca5g371830.842	23	417
dpca5g371860.842	23	418
dpca5g371870.842	23	419
dpca5g371880.842	23	420
dpca5g371890.842	23	421
dpca5g371910.842	23	422
dpca5g371960.842	23	423
dpca5g371980.842	23	424
dpca5g371990.842	23	425
dpca5g372000.842	23	426
dpca5g372030.842	23	427
dpca5g372040.842	23	428
dpca5g372050.842	23	429
dpca5g372060.842	23	430
dpca5g372070.842	23	431
dpca5g372090.842	23	432
dpca5g372100.842	23	433
dpca5g372110.842	23	434
dpca5g372120.842	23	435
dpca5g372130.842	23	436
dpca5g372140.842	23	437
dpca5g372150.842	23	438
dpca5g372160.842	23	439
dpca5g372170.842	23	440
dpca5g372180.842	23	441
dpca5g372190.842	23	442
dpca5g372200.842	23	443
dpca5g372230.842	23	444
dpca5g372250.842	23	445
dpca5g372270.842	23	446
dpca5g372280.842	23	447
dpca5g372290.842	23	448
dpca5g372300.842	23	449
dpca5g372310.842	23	450
dpca5g372320.842	23	451
dpca5g372330.842	23	452
dpca5g372340.842	23	453
dpca5g372360.842	23	454
dpca5g372370.842	23	455
dpca5g372380.842	23	456
dpca5g372390.842	23	457
dpca5g372400.842	23	458
dpca5g372410.842	23	459
dpca5g372440.842	23	460
dpca5g372450.842	23	461
dpca5g372460.842	23	462
dpca5g372470.842	23	463
dpca5g372480.842	23	464
dpca5g372490.842	23	465
dpca5g372500.842	23	466
dpca5g372530.842	23	467
dpca5g372550.842	23	468
dpca5g372560.842	23	469
dpca5g372570.842	23	470
dpca5g372580.842	23	471
dpca5g372620.842	23	472
dpca5g372630.842	23	473
dpca5g372670.842	23	474
dpca5g372680.842	23	475
dpca5g372720.842	23	476
dpca5g372730.842	23	477
dpca5g372750.842	23	478
dpca5g372760.842	23	479
dpca5g372780.842	23	480
dpca5g372790.842	23	481
dpca5g372800.842	23	482
dpca5g372840.842	23	483
dpca5g372850.842	23	484
dpca5g372860.842	23	485
dpca5g372880.842	23	486
dpca5g372890.842	23	487
dpca5g372910.842	23	488
dpca5g372920.842	23	489
dpca5g372930.842	23	490
dpca5g372940.842	23	491
dpca5g372950.842	23	492
dpca5g372960.842	23	493
dpca5g372990.842	23	494
dpca5g373000.842	23	495
dpca5g373020.842	23	496
dpca5g373050.842	23	497
dpca5g373060.842	23	498
dpca5g373070.842	23	499
dpca5g373080.842	23	500
dpca5g373090.842	23	501
dpca5g373100.842	23	502
dpca5g373110.842	23	503
dpca5g373120.842	23	504
dpca5g373130.842	23	505
dpca5g373140.842	23	506
dpca5g373150.842	23	507
dpca5g373160.842	23	508
dpca5g373180.842	23	509
dpca5g373190.842	23	510
dpca5g373200.842	23	511
dpca5g373210.842	23	512
dpca5g373220.842	23	513
dpca5g373230.842	23	514
dpca5g373240.842	23	515
dpca5g373250.842	23	516
dpca5g373280.842	23	517
dpca5g373290.842	23	518
dpca5g373300.842	23	519
dpca5g373310.842	23	520
dpca5g373320.842	23	521
dpca5g373340.842	23	522
dpca5g373350.842	23	523
dpca5g373370.842	23	524
dpca5g373380.842	23	525
dpca5g373390.842	23	526
dpca5g373400.842	23	527
dpca5g373420.842	23	528
dpca5g373460.842	23	529
dpca5g373470.842	23	530
dpca5g373480.842	23	531
dpca5g373490.842	23	532
dpca5g373510.842	23	533
dpca5g373520.842	23	534
dpca5g373530.842	23	535
dpca5g373550.842	23	536
dpca5g373560.842	23	537
dpca5g373600.842	23	538
dpca5g373620.842	23	539
dpca5g373630.842	23	540
dpca5g373640.842	23	541
dpca5g373650.842	23	542
dpca5g373690.842	23	543
dpca5g373700.842	23	544
dpca5g373730.842	23	545
dpca5g373740.842	23	546
dpca5g373750.842	23	547
dpca5g373760.842	23	548
dpca5g373770.842	23	549
dpca5g373780.842	23	550
dpca5g373790.842	23	551
dpca5g373810.842	23	552
dpca5g373820.842	23	553
dpca5g373830.842	23	554
dpca5g373850.842	23	555
dpca5g373870.842	23	556
dpca5g373880.842	23	557
dpca5g373890.842	23	558
dpca5g373930.842	23	559
dpca5g373940.842	23	560
dpca5g373960.842	23	561
dpca5g373970.842	23	562
dpca5g373980.842	23	563
dpca5g373990.842	23	564
dpca5g374000.842	23	565
dpca5g374010.842	23	566
dpca5g374020.842	23	567
dpca5g374030.842	23	568
dpca5g374050.842	23	569
dpca5g374060.842	23	570
dpca5g374070.842	23	571
dpca5g374080.842	23	572
dpca5g374090.842	23	573
dpca5g374100.842	23	574
dpca5g374120.842	23	575
dpca5g374130.842	23	576
dpca5g374140.842	23	577
dpca5g374150.842	23	578
dpca5g374160.842	23	579
dpca5g374170.842	23	580
dpca5g374180.842	23	581
dpca5g374190.842	23	582
dpca5g374210.842	23	583
dpca5g374220.842	23	584
dpca5g374230.842	23	585
dpca5g374240.842	23	586
dpca5g374250.842	23	587
dpca5g374260.842	23	588
dpca5g374270.842	23	589
dpca5g374280.842	23	590
dpca5g374290.842	23	591
dpca5g374300.842	23	592
dpca5g374310.842	23	593
dpca5g374320.842	23	594
dpca5g374330.842	23	595
dpca5g374340.842	23	596
dpca5g374350.842	23	597
dpca5g374360.842	23	598
dpca5g374370.842	23	599
dpca5g374380.842	23	600
dpca5g374390.842	23	601
dpca5g374400.842	23	602
dpca5g374410.842	23	603
dpca5g374420.842	23	604
dpca5g374440.842	23	605
dpca5g374450.842	23	606
dpca5g374460.842	23	607
dpca5g374470.842	23	608
dpca5g374480.842	23	609
dpca5g374500.842	23	610
dpca5g374510.842	23	611
dpca5g374570.842	23	612
dpca5g374600.842	23	613
dpca5g374620.842	23	614
dpca5g374630.842	23	615
dpca5g374650.842	23	616
dpca5g374660.842	23	617
dpca5g374670.842	23	618
dpca5g374680.842	23	619
dpca5g374690.842	23	620
dpca5g374710.842	23	621
dpca5g374720.842	23	622
dpca5g374730.842	23	623
dpca5g374750.842	23	624
dpca5g374760.842	23	625
dpca5g374770.842	23	626
dpca5g374780.842	23	627
dpca5g374800.842	23	628
dpca5g374810.842	23	629
dpca5g374820.842	23	630
dpca5g374830.842	23	631
dpca5g374840.842	23	632
dpca5g374850.842	23	633
dpca5g374860.842	23	634
dpca5g374870.842	23	635
dpca5g374880.842	23	636
dpca5g374890.842	23	637
dpca5g374900.842	23	638
dpca5g374910.842	23	639
dpca5g374920.842	23	640
dpca5g374930.842	23	641
dpca5g374940.842	23	642
dpca5g374950.842	23	643
dpca5g374960.842	23	644
dpca5g374980.842	23	645
dpca5g374990.842	23	646
dpca5g375000.842	23	647
dpca5g375010.842	23	648
dpca5g375020.842	23	649
dpca5g375030.842	23	650
dpca5g375040.842	23	651
dpca5g375050.842	23	652
dpca5g375060.842	23	653
dpca5g375070.842	23	654
dpca5g375080.842	23	655
dpca5g375090.842	23	656
dpca5g375110.842	23	657
dpca5g375120.842	23	658
dpca5g375130.842	23	659
dpca5g375140.842	23	660
dpca5g375150.842	23	661
dpca5g375160.842	23	662
dpca5g375170.842	23	663
dpca5g375180.842	23	664
dpca5g375190.842	23	665
dpca5g375200.842	23	666
dpca5g375230.842	23	667
dpca5g375240.842	23	668
dpca5g375250.842	23	669
dpca5g375260.842	23	670
dpca5g375270.842	23	671
dpca5g375310.842	23	672
dpca5g375320.842	23	673
dpca5g375330.842	23	674
dpca5g375340.842	23	675
dpca5g375350.842	23	676
dpca5g375370.842	23	677
dpca5g375390.842	23	678
dpca5g375400.842	23	679
dpca5g375420.842	23	680
dpca5g375430.842	23	681
dpca5g375440.842	23	682
dpca5g375460.842	23	683
dpca5g375470.842	23	684
dpca5g375490.842	23	685
dpca5g375500.842	23	686
dpca5g375510.842	23	687
dpca5g375520.842	23	688
dpca5g375530.842	23	689
dpca5g375540.842	23	690
dpca5g375550.842	23	691
dpca5g375560.842	23	692
dpca5g375570.842	23	693
dpca5g375580.842	23	694
dpca5g375590.842	23	695
dpca5g375600.842	23	696
dpca5g375610.842	23	697
dpca5g375620.842	23	698
dpca5g375630.842	23	699
dpca5g375640.842	23	700
dpca5g375670.842	23	701
dpca5g375680.842	23	702
dpca5g375690.842	23	703
dpca5g375700.842	23	704
dpca5g375710.842	23	705
dpca5g375730.842	23	706
dpca5g375740.842	23	707
dpca5g375750.842	23	708
dpca5g375760.842	23	709
dpca5g375770.842	23	710
dpca5g375790.842	23	711
dpca5g375810.842	23	712
dpca5g375820.842	23	713
dpca5g375830.842	23	714
dpca5g375840.842	23	715
dpca5g375850.842	23	716
dpca5g375870.842	23	717
dpca5g375880.842	23	718
dpca5g375900.842	23	719
dpca5g375950.842	23	720
dpca5g375960.842	23	721
dpca5g375970.842	23	722
dpca5g375990.842	23	723
dpca5g376000.842	23	724
dpca5g376010.842	23	725
dpca5g376020.842	23	726
dpca5g376030.842	23	727
dpca5g376060.842	23	728
dpca5g376070.842	23	729
dpca5g376080.842	23	730
dpca5g376100.842	23	731
dpca5g376110.842	23	732
dpca5g376120.842	23	733
dpca5g376130.842	23	734
dpca5g376140.842	23	735
dpca5g376150.842	23	736
dpca5g376160.842	23	737
dpca5g376170.842	23	738
dpca5g376180.842	23	739
dpca5g376190.842	23	740
dpca5g376200.842	23	741
dpca5g376210.842	23	742
dpca5g376220.842	23	743
dpca5g376230.842	23	744
dpca5g376240.842	23	745
dpca5g376250.842	23	746
dpca5g376260.842	23	747
dpca5g376270.842	23	748
dpca5g376280.842	23	749
dpca5g376290.842	23	750
dpca5g376320.842	23	751
dpca5g376340.842	23	752
dpca5g376350.842	23	753
dpca5g376360.842	23	754
dpca5g376370.842	23	755
dpca5g376380.842	23	756
dpca5g376390.842	23	757
dpca5g376400.842	23	758
dpca5g376430.842	23	759
dpca5g376440.842	23	760
dpca5g376450.842	23	761
dpca5g376460.842	23	762
dpca5g376500.842	23	763
dpca5g376510.842	23	764
dpca5g376530.842	23	765
dpca5g376540.842	23	766
dpca5g376550.842	23	767
dpca5g376560.842	23	768
dpca5g376570.842	23	769
dpca5g376580.842	23	770
dpca5g376590.842	23	771
dpca5g376600.842	23	772
dpca5g376630.842	23	773
dpca5g376640.842	23	774
dpca5g376650.842	23	775
dpca5g376660.842	23	776
dpca5g376670.842	23	777
dpca5g376680.842	23	778
dpca5g376690.842	23	779
dpca5g376700.842	23	780
dpca5g376730.842	23	781
dpca5g376740.842	23	782
dpca5g376750.842	23	783
dpca5g376770.842	23	784
dpca5g376780.842	23	785
dpca5g376790.842	23	786
dpca5g376810.842	23	787
dpca5g376820.842	23	788
dpca5g376830.842	23	789
dpca5g376840.842	23	790
dpca5g376860.842	23	791
dpca5g376910.842	23	792
dpca5g376920.842	23	793
dpca5g376940.842	23	794
dpca5g376960.842	23	795
dpca5g376970.842	23	796
dpca5g376980.842	23	797
dpca5g376990.842	23	798
dpca5g377010.842	23	799
dpca5g377040.842	23	800
dpca5g377050.842	23	801
dpca5g377060.842	23	802
dpca5g377080.842	23	803
dpca5g377090.842	23	804
dpca5g377100.842	23	805
dpca5g377110.842	23	806
dpca5g377120.842	23	807
dpca5g377130.842	23	808
dpca5g377140.842	23	809
dpca5g377170.842	23	810
dpca5g377180.842	23	811
dpca5g377190.842	23	812
dpca5g377220.842	23	813
dpca5g377230.842	23	814
dpca5g377240.842	23	815
dpca5g377250.842	23	816
dpca5g377260.842	23	817
dpca5g377270.842	23	818
dpca5g377280.842	23	819
dpca5g377290.842	23	820
dpca5g377300.842	23	821
dpca5g377320.842	23	822
dpca5g377330.842	23	823
dpca5g377340.842	23	824
dpca5g377350.842	23	825
dpca5g377360.842	23	826
dpca5g377390.842	23	827
dpca5g377400.842	23	828
dpca5g377410.842	23	829
dpca5g377420.842	23	830
dpca5g377430.842	23	831
dpca5g377440.842	23	832
dpca5g377450.842	23	833
dpca5g377460.842	23	834
dpca5g377470.842	23	835
dpca5g377480.842	23	836
dpca5g377490.842	23	837
dpca5g377510.842	23	838
dpca5g377520.842	23	839
dpca5g377530.842	23	840
dpca5g377540.842	23	841
dpca5g377550.842	23	842
dpca5g377590.842	23	843
dpca5g377600.842	23	844
dpca5g377610.842	23	845
dpca5g377620.842	23	846
dpca5g377630.842	23	847
dpca5g377640.842	23	848
dpca5g377650.842	23	849
dpca5g377660.842	23	850
dpca5g377670.842	23	851
dpca5g377680.842	23	852
dpca5g377690.842	23	853
dpca5g377700.842	23	854
dpca5g377710.842	23	855
dpca5g377720.842	23	856
dpca5g377730.842	23	857
dpca5g377740.842	23	858
dpca5g377760.842	23	859
dpca5g377770.842	23	860
dpca5g377780.842	23	861
dpca5g377790.842	23	862
dpca5g377800.842	23	863
dpca5g377830.842	23	864
dpca5g377840.842	23	865
dpca5g377850.842	23	866
dpca5g377860.842	23	867
dpca5g377870.842	23	868
dpca5g377890.842	23	869
dpca5g377900.842	23	870
dpca5g377920.842	23	871
dpca5g377930.842	23	872
dpca5g377940.842	23	873
dpca5g377950.842	23	874
dpca5g377960.842	23	875
dpca5g377970.842	23	876
dpca5g377980.842	23	877
dpca5g378000.842	23	878
dpca5g378010.842	23	879
dpca5g378020.842	23	880
dpca5g378030.842	23	881
dpca5g378040.842	23	882
dpca5g378070.842	23	883
dpca5g378080.842	23	884
dpca5g378090.842	23	885
dpca5g378100.842	23	886
dpca5g378110.842	23	887
dpca5g378120.842	23	888
dpca5g378130.842	23	889
dpca5g378140.842	23	890
dpca5g378150.842	23	891
dpca5g378170.842	23	892
dpca5g378180.842	23	893
dpca5g378190.842	23	894
dpca5g378200.842	23	895
dpca5g378210.842	23	896
dpca5g378220.842	23	897
dpca5g378230.842	23	898
dpca5g378240.842	23	899
dpca5g378260.842	23	900
dpca5g378270.842	23	901
dpca5g378280.842	23	902
dpca5g378290.842	23	903
dpca5g378300.842	23	904
dpca5g378310.842	23	905
dpca5g378320.842	23	906
dpca5g378330.842	23	907
dpca5g378340.842	23	908
dpca5g378350.842	23	909
dpca5g378360.842	23	910
dpca5g378380.842	23	911
dpca5g378390.842	23	912
dpca5g378410.842	23	913
dpca5g378440.842	23	914
dpca5g378450.842	23	915
dpca5g378470.842	23	916
dpca5g378480.842	23	917
dpca5g378490.842	23	918
dpca5g378500.842	23	919
dpca5g378510.842	23	920
dpca5g378520.842	23	921
dpca5g378530.842	23	922
dpca5g378540.842	23	923
dpca5g378550.842	23	924
dpca5g378560.842	23	925
dpca5g378570.842	23	926
dpca5g378580.842	23	927
dpca5g378590.842	23	928
dpca5g378600.842	23	929
dpca5g378610.842	23	930
dpca5g378620.842	23	931
dpca5g378630.842	23	932
dpca5g378640.842	23	933
dpca5g378650.842	23	934
dpca5g378660.842	23	935
dpca5g378670.842	23	936
dpca5g378680.842	23	937
dpca5g378690.842	23	938
dpca5g378700.842	23	939
dpca5g378710.842	23	940
dpca5g378720.842	23	941
dpca5g378730.842	23	942
dpca5g378740.842	23	943
dpca5g378750.842	23	944
dpca5g378760.842	23	945
dpca5g378770.842	23	946
dpca5g378790.842	23	947
dpca5g378810.842	23	948
dpca5g378830.842	23	949
dpca5g378840.842	23	950
dpca5g378850.842	23	951
dpca5g378870.842	23	952
dpca5g378880.842	23	953
dpca5g378890.842	23	954
dpca5g378900.842	23	955
dpca5g378910.842	23	956
dpca5g378920.842	23	957
dpca5g378930.842	23	958
dpca5g378940.842	23	959
dpca5g378950.842	23	960
dpca5g378970.842	23	961
dpca5g379000.842	23	962
dpca5g379010.842	23	963
dpca5g379020.842	23	964
dpca5g379030.842	23	965
dpca5g379040.842	23	966
dpca5g379050.842	23	967
dpca5g379070.842	23	968
dpca5g379080.842	23	969
dpca5g379090.842	23	970
dpca5g379100.842	23	971
dpca5g379110.842	23	972
dpca5g379130.842	23	973
dpca5g379140.842	23	974
dpca5g379150.842	23	975
dpca5g379160.842	23	976
dpca5g379180.842	23	977
dpca5g379190.842	23	978
dpca5g379200.842	23	979
dpca5g379220.842	23	980
dpca5g379230.842	23	981
dpca5g379240.842	23	982
dpca5g379250.842	23	983
dpca5g379260.842	23	984
dpca5g379270.842	23	985
dpca5g379280.842	23	986
dpca5g379290.842	23	987
dpca5g379300.842	23	988
dpca5g379330.842	23	989
dpca5g379340.842	23	990
dpca5g379350.842	23	991
dpca5g379370.842	23	992
dpca5g379390.842	23	993
dpca5g379400.842	23	994
dpca5g379410.842	23	995
dpca5g379420.842	23	996
dpca5g379430.842	23	997
dpca5g379440.842	23	998
dpca5g379470.842	23	999
dpca5g379480.842	23	1000
dpca5g379490.842	23	1001
dpca5g379500.842	23	1002
dpca5g379510.842	23	1003
dpca5g379520.842	23	1004
dpca5g379530.842	23	1005
dpca5g379540.842	23	1006
dpca5g379560.842	23	1007
dpca5g379570.842	23	1008
dpca5g379590.842	23	1009
dpca5g379600.842	23	1010
dpca5g379610.842	23	1011
dpca5g379620.842	23	1012
dpca5g379630.842	23	1013
dpca5g379640.842	23	1014
dpca5g379650.842	23	1015
dpca5g379660.842	23	1016
dpca5g379730.842	23	1017
dpca5g379740.842	23	1018
dpca5g379750.842	23	1019
dpca5g379760.842	23	1020
dpca5g379780.842	23	1021
dpca5g379790.842	23	1022
dpca5g379810.842	23	1023
dpca5g379830.842	24	0
dpca5g379850.842	24	1
dpca5g379860.842	24	2
dpca5g379900.842	24	3
dpca5g379910.842	24	4
dpca5g379920.842	24	5
dpca5g379930.842	24	6
dpca5g379940.842	24	7
dpca5g379950.842	24	8
dpca5g379960.842	24	9
dpca5g379970.842	24	10
dpca5g379980.842	24	11
dpca5g379990.842	24	12
dpca5g380000.842	24	13
dpca5g380010.842	24	14
dpca5g380040.842	24	15
dpca5g380050.842	24	16
dpca5g380060.842	24	17
dpca5g380070.842	24	18
dpca5g380080.842	24	19
dpca5g380090.842	24	20
dpca5g380100.842	24	21
dpca5g380120.842	24	22
dpca5g380140.842	24	23
dpca5g380150.842	24	24
dpca5g380160.842	24	25
dpca5g380170.842	24	26
dpca5g380180.842	24	27
dpca5g380190.842	24	28
dpca5g380200.842	24	29
dpca5g380210.842	24	30
dpca5g380220.842	24	31
dpca5g380230.842	24	32
dpca5g380240.842	24	33
dpca5g380250.842	24	34
dpca5g380270.842	24	35
dpca5g380280.842	24	36
dpca5g380290.842	24	37
dpca5g380300.842	24	38
dpca5g380320.842	24	39
dpca5g380330.842	24	40
dpca5g380340.842	24	41
dpca5g380360.842	24	42
dpca5g380370.842	24	43
dpca5g380390.842	24	44
dpca5g380400.842	24	45
dpca5g380410.842	24	46
dpca5g380420.842	24	47
dpca5g380430.842	24	48
dpca5g380440.842	24	49
dpca5g380450.842	24	50
dpca5g380460.842	24	51
dpca5g380470.842	24	52
dpca5g380480.842	24	53
dpca5g380490.842	24	54
dpca5g380500.842	24	55
dpca5g380510.842	24	56
dpca5g380520.842	24	57
dpca5g380530.842	24	58
dpca5g380540.842	24	59
dpca5g380560.842	24	60
dpca5g380570.842	24	61
dpca5g380590.842	24	62
dpca5g380610.842	24	63
dpca5g380620.842	24	64
dpca5g380630.842	24	65
dpca5g380640.842	24	66
dpca5g380650.842	24	67
dpca5g380670.842	24	68
dpca5g380680.842	24	69
dpca5g380700.842	24	70
dpca5g380710.842	24	71
dpca5g380730.842	24	72
dpca5g380740.842	24	73
dpca5g380750.842	24	74
dpca5g380770.842	24	75
dpca5g380780.842	24	76
dpca5g380790.842	24	77
dpca5g380800.842	24	78
dpca5g380810.842	24	79
dpca5g380850.842	24	80
dpca5g380860.842	24	81
dpca5g380880.842	24	82
dpca5g380900.842	24	83
dpca5g380910.842	24	84
dpca5g380920.842	24	85
dpca5g380930.842	24	86
dpca5g380950.842	24	87
dpca5g380960.842	24	88
dpca5g380970.842	24	89
dpca5g380980.842	24	90
dpca5g380990.842	24	91
dpca5g381030.842	24	92
dpca5g381050.842	24	93
dpca5g381060.842	24	94
dpca5g381070.842	24	95
dpca5g381080.842	24	96
dpca5g381090.842	24	97
dpca5g381120.842	24	98
dpca5g381140.842	24	99
dpca5g381150.842	24	100
dpca5g381160.842	24	101
dpca5g381180.842	24	102
dpca5g381190.842	24	103
dpca5g381200.842	24	104
dpca5g381210.842	24	105
dpca5g381220.842	24	106
dpca5g381230.842	24	107
dpca5g381240.842	24	108
dpca5g381250.842	24	109
dpca5g381260.842	24	110
dpca5g381270.842	24	111
dpca5g381290.842	24	112
dpca5g381300.842	24	113
dpca5g381310.842	24	114
dpca5g381330.842	24	115
dpca5g381340.842	24	116
dpca5g381350.842	24	117
dpca5g381360.842	24	118
dpca5g381390.842	24	119
dpca5g381420.842	24	120
dpca5g381430.842	24	121
dpca5g381480.842	24	122
dpca5g381490.842	24	123
dpca5g381500.842	24	124
dpca5g381510.842	24	125
dpca5g381520.842	24	126
dpca5g381530.842	24	127
dpca5g381540.842	24	128
dpca5g381560.842	24	129
dpca5g381570.842	24	130
dpca5g381580.842	24	131
dpca5g381590.842	24	132
dpca5g381610.842	24	133
dpca5g381630.842	24	134
dpca5g381650.842	24	135
dpca5g381660.842	24	136
dpca5g381670.842	24	137
dpca5g381680.842	24	138
dpca5g381710.842	24	139
dpca5g381720.842	24	140
dpca5g381730.842	24	141
dpca5g381740.842	24	142
dpca5g381750.842	24	143
dpca5g381760.842	24	144
dpca5g381780.842	24	145
dpca5g381790.842	24	146
dpca5g381800.842	24	147
dpca5g381810.842	24	148
dpca5g381830.842	24	149
dpca5g381840.842	24	150
dpca5g381850.842	24	151
dpca5g381870.842	24	152
dpca5g381880.842	24	153
dpca5g381890.842	24	154
dpca5g381920.842	24	155
dpca5g381950.842	24	156
dpca5g381960.842	24	157
dpca5g381970.842	24	158
dpca5g381980.842	24	159
dpca5g382000.842	24	160
dpca5g382010.842	24	161
dpca5g382020.842	24	162
dpca5g382040.842	24	163
dpca5g382050.842	24	164
dpca5g382060.842	24	165
dpca5g382070.842	24	166
dpca5g382080.842	24	167
dpca5g382090.842	24	168
dpca5g382100.842	24	169
dpca5g382110.842	24	170
dpca5g382120.842	24	171
dpca5g382130.842	24	172
dpca5g382150.842	24	173
dpca5g382160.842	24	174
dpca5g382170.842	24	175
dpca5g382190.842	24	176
dpca5g382220.842	24	177
dpca5g382230.842	24	178
dpca5g382240.842	24	179
dpca5g382250.842	24	180
dpca5g382270.842	24	181
dpca5g382290.842	24	182
dpca5g382300.842	24	183
dpca5g382310.842	24	184
dpca5g382320.842	24	185
dpca5g382330.842	24	186
dpca5g382350.842	24	187
dpca5g382360.842	24	188
dpca5g382380.842	24	189
dpca5g382400.842	24	190
dpca5g382410.842	24	191
dpca5g382420.842	24	192
dpca5g382430.842	24	193
dpca5g382450.842	24	194
dpca5g382460.842	24	195
dpca5g382470.842	24	196
dpca5g382480.842	24	197
dpca5g382490.842	24	198
dpca5g382500.842	24	199
dpca5g382510.842	24	200
dpca5g382520.842	24	201
dpca5g382530.842	24	202
dpca5g382550.842	24	203
dpca5g382570.842	24	204
dpca5g382580.842	24	205
dpca5g382590.842	24	206
dpca5g382600.842	24	207
dpca5g382620.842	24	208
dpca5g382630.842	24	209
dpca5g382640.842	24	210
dpca5g382650.842	24	211
dpca5g382660.842	24	212
dpca5g382680.842	24	213
dpca5g382690.842	24	214
dpca5g382700.842	24	215
dpca5g382710.842	24	216
dpca5g382720.842	24	217
dpca5g382730.842	24	218
dpca5g382740.842	24	219
dpca5g382750.842	24	220
dpca5g382760.842	24	221
dpca5g382770.842	24	222
dpca5g382790.842	24	223
dpca5g382800.842	24	224
dpca5g382810.842	24	225
dpca5g382830.842	24	226
dpca5g382840.842	24	227
dpca5g382850.842	24	228
dpca5g382860.842	24	229
dpca5g382870.842	24	230
dpca5g382880.842	24	231
dpca5g382900.842	24	232
dpca5g382910.842	24	233
dpca5g382920.842	24	234
dpca5g382930.842	24	235
dpca5g382940.842	24	236
dpca5g382950.842	24	237
dpca5g382960.842	24	238
dpca5g382970.842	24	239
dpca5g382980.842	24	240
dpca5g382990.842	24	241
dpca5g383000.842	24	242
dpca5g383020.842	24	243
dpca5g383030.842	24	244
dpca5g383050.842	24	245
dpca5g383060.842	24	246
dpca5g383070.842	24	247
dpca5g383080.842	24	248
dpca5g383090.842	24	249
dpca5g383100.842	24	250
dpca5g383110.842	24	251
dpca5g383120.842	24	252
dpca5g383130.842	24	253
dpca5g383140.842	24	254
dpca5g383170.842	24	255
dpca5g383190.842	24	256
dpca5g383200.842	24	257
dpca5g383230.842	24	258
dpca5g383240.842	24	259
dpca5g383250.842	24	260
dpca5g383260.842	24	261
dpca5g383270.842	24	262
dpca5g383280.842	24	263
dpca5g383300.842	24	264
dpca5g383310.842	24	265
dpca5g383320.842	24	266
dpca5g383330.842	24	267
dpca5g383340.842	24	268
dpca5g383350.842	24	269
dpca5g383360.842	24	270
dpca5g383370.842	24	271
dpca5g383380.842	24	272
dpca5g383390.842	24	273
dpca5g383410.842	24	274
dpca5g383430.842	24	275
dpca5g383440.842	24	276
dpca5g383450.842	24	277
dpca5g383460.842	24	278
dpca5g383490.842	24	279
dpca5g383540.842	24	280
dpca5g383560.842	24	281
dpca5g383590.842	24	282
dpca5g383620.842	24	283
dpca5g383630.842	24	284
dpca5g383640.842	24	285
dpca5g383650.842	24	286
dpca5g383700.842	24	287
dpca5g383710.842	24	288
dpca5g383720.842	24	289
dpca5g383730.842	24	290
dpca5g383740.842	24	291
dpca5g383750.842	24	292
dpca5g383770.842	24	293
dpca5g383780.842	24	294
dpca5g383790.842	24	295
dpca5g383810.842	24	296
dpca5g383820.842	24	297
dpca5g383830.842	24	298
dpca5g383840.842	24	299
dpca5g383850.842	24	300
dpca5g383860.842	24	301
dpca5g383870.842	24	302
dpca5g383880.842	24	303
dpca5g383890.842	24	304
dpca5g383900.842	24	305
dpca5g383910.842	24	306
dpca5g383920.842	24	307
dpca5g383940.842	24	308
dpca5g383950.842	24	309
dpca5g383960.842	24	310
dpca5g383970.842	24	311
dpca5g384010.842	24	312
dpca5g384020.842	24	313
dpca5g384030.842	24	314
dpca5g384040.842	24	315
dpca5g384070.842	24	316
dpca5g384110.842	24	317
dpca5g384120.842	24	318
dpca5g384140.842	24	319
dpca5g384150.842	24	320
dpca5g384160.842	24	321
dpca5g384170.842	24	322
dpca5g384180.842	24	323
dpca5g384220.842	24	324
dpca5g384250.842	24	325
dpca5g384260.842	24	326
dpca5g384270.842	24	327
dpca5g384280.842	24	328
dpca5g384290.842	24	329
dpca5g384300.842	24	330
dpca5g384310.842	24	331
dpca5g384320.842	24	332
dpca5g384330.842	24	333
dpca5g384350.842	24	334
dpca5g384370.842	24	335
dpca5g384380.842	24	336
dpca5g384390.842	24	337
dpca5g384400.842	24	338
dpca5g384410.842	24	339
dpca5g384420.842	24	340
dpca5g384430.842	24	341
dpca5g384440.842	24	342
dpca5g384470.842	24	343
dpca5g384480.842	24	344
dpca5g384490.842	24	345
dpca5g384500.842	24	346
dpca5g384510.842	24	347
dpca5g384520.842	24	348
dpca5g384530.842	24	349
dpca5g384540.842	24	350
dpca5g384550.842	24	351
dpca5g384570.842	24	352
dpca5g384580.842	24	353
dpca5g384610.842	24	354
dpca5g384630.842	24	355
dpca5g384640.842	24	356
dpca5g384650.842	24	357
dpca5g384660.842	24	358
dpca5g384670.842	24	359
dpca5g384680.842	24	360
dpca5g384690.842	24	361
dpca5g384710.842	24	362
dpca5g384720.842	24	363
dpca5g384730.842	24	364
dpca5g384740.842	24	365
dpca5g384750.842	24	366
dpca5g384760.842	24	367
dpca5g384770.842	24	368
dpca5g384780.842	24	369
dpca5g384790.842	24	370
dpca5g384800.842	24	371
dpca5g384810.842	24	372
dpca5g384830.842	24	373
dpca5g384840.842	24	374
dpca5g384850.842	24	375
dpca5g384900.842	24	376
dpca5g384910.842	24	377
dpca5g384920.842	24	378
dpca5g384930.842	24	379
dpca5g384940.842	24	380
dpca5g384950.842	24	381
dpca5g384960.842	24	382
dpca5g384970.842	24	383
dpca5g384990.842	24	384
dpca5g385000.842	24	385
dpca5g385010.842	24	386
dpca5g385030.842	24	387
dpca5g385040.842	24	388
dpca5g385050.842	24	389
dpca5g385060.842	24	390
dpca5g385070.842	24	391
dpca5g385080.842	24	392
dpca5g385090.842	24	393
dpca5g385100.842	24	394
dpca5g385110.842	24	395
dpca5g385120.842	24	396
dpca5g385130.842	24	397
dpca5g385140.842	24	398
dpca5g385150.842	24	399
dpca5g385160.842	24	400
dpca5g385170.842	24	401
dpca5g385180.842	24	402
dpca5g385190.842	24	403
dpca5g385200.842	24	404
dpca5g385210.842	24	405
dpca5g385220.842	24	406
dpca5g385230.842	24	407
dpca5g385250.842	24	408
dpca5g385260.842	24	409
dpca5g385270.842	24	410
dpca5g385280.842	24	411
dpca5g385300.842	24	412
dpca5g385320.842	24	413
dpca5g385330.842	24	414
dpca5g385340.842	24	415
dpca5g385350.842	24	416
dpca5g385360.842	24	417
dpca5g385370.842	24	418
dpca5g385380.842	24	419
dpca5g385390.842	24	420
dpca5g385410.842	24	421
dpca5g385420.842	24	422
dpca5g385450.842	24	423
dpca5g385460.842	24	424
dpca5g385480.842	24	425
dpca5g385540.842	24	426
dpca5g385550.842	24	427
dpca5g385590.842	24	428
dpca5g385600.842	24	429
dpca5g385630.842	24	430
dpca5g385640.842	24	431
dpca5g385650.842	24	432
dpca5g385660.842	24	433
dpca5g385670.842	24	434
dpca5g385680.842	24	435
dpca5g385690.842	24	436
dpca5g385720.842	24	437
dpca5g385730.842	24	438
dpca5g385770.842	24	439
dpca5g385800.842	24	440
dpca5g385820.842	24	441
dpca5g385830.842	24	442
dpca5g385850.842	24	443
dpca5g385860.842	24	444
dpca5g385870.842	24	445
dpca5g385880.842	24	446
dpca5g385890.842	24	447
dpca5g385900.842	24	448
dpca5g385940.842	24	449
dpca5g385950.842	24	450
dpca5g385960.842	24	451
dpca5g385980.842	24	452
dpca5g385990.842	24	453
dpca5g386010.842	24	454
dpca5g386030.842	24	455
dpca5g386040.842	24	456
dpca5g386050.842	24	457
dpca5g386060.842	24	458
dpca5g386070.842	24	459
dpca5g386080.842	24	460
dpca5g386090.842	24	461
dpca5g386100.842	24	462
dpca5g386120.842	24	463
dpca5g386130.842	24	464
dpca5g386140.842	24	465
dpca5g386150.842	24	466
dpca5g386170.842	24	467
dpca5g386200.842	24	468
dpca5g386220.842	24	469
dpca5g386230.842	24	470
dpca5g386240.842	24	471
dpca5g386250.842	24	472
dpca5g386270.842	24	473
dpca5g386300.842	24	474
dpca5g386320.842	24	475
dpca5g386330.842	24	476
dpca5g386340.842	24	477
dpca5g386350.842	24	478
dpca5g386360.842	24	479
dpca5g386370.842	24	480
dpca5g386380.842	24	481
dpca5g386390.842	24	482
dpca5g386400.842	24	483
dpca5g386410.842	24	484
dpca5g386420.842	24	485
dpca5g386450.842	24	486
dpca5g386460.842	24	487
dpca5g386470.842	24	488
dpca5g386510.842	24	489
dpca5g386520.842	24	490
dpca5g386530.842	24	491
dpca5g386550.842	24	492
dpca5g386560.842	24	493
dpca5g386570.842	24	494
dpca5g386580.842	24	495
dpca5g386590.842	24	496
dpca5g386610.842	24	497
dpca5g386620.842	24	498
dpca5g386630.842	24	499
dpca5g386650.842	24	500
dpca5g386670.842	24	501
dpca5g386680.842	24	502
dpca5g386690.842	24	503
dpca5g386700.842	24	504
dpca5g386710.842	24	505
dpca5g386720.842	24	506
dpca5g386730.842	24	507
dpca5g386740.842	24	508
dpca5g386750.842	24	509
dpca5g386760.842	24	510
dpca5g386770.842	24	511
dpca5g386780.842	24	512
dpca5g386790.842	24	513
dpca5g386800.842	24	514
dpca5g386830.842	24	515
dpca5g386840.842	24	516
dpca5g386850.842	24	517
dpca5g386870.842	24	518
dpca5g386880.842	24	519
dpca5g386900.842	24	520
dpca5g386910.842	24	521
dpca5g386920.842	24	522
dpca5g386930.842	24	523
dpca5g386940.842	24	524
dpca5g386950.842	24	525
dpca5g386960.842	24	526
dpca5g386970.842	24	527
dpca5g386980.842	24	528
dpca5g386990.842	24	529
dpca5g387000.842	24	530
dpca5g387010.842	24	531
dpca5g387020.842	24	532
dpca5g387030.842	24	533
dpca5g387040.842	24	534
dpca5g387050.842	24	535
dpca5g387060.842	24	536
dpca5g387070.842	24	537
dpca5g387090.842	24	538
dpca5g387100.842	24	539
dpca5g387110.842	24	540
dpca5g387120.842	24	541
dpca5g387150.842	24	542
dpca5g387160.842	24	543
dpca5g387170.842	24	544
dpca5g387180.842	24	545
dpca5g387200.842	24	546
dpca5g387210.842	24	547
dpca5g387220.842	24	548
dpca5g387240.842	24	549
dpca5g387250.842	24	550
dpca5g387260.842	24	551
dpca5g387270.842	24	552
dpca5g387280.842	24	553
dpca5g387290.842	24	554
dpca5g387300.842	24	555
dpca5g387310.842	24	556
dpca5g387320.842	24	557
dpca5g387340.842	24	558
dpca5g387350.842	24	559
dpca5g387380.842	24	560
dpca5g387390.842	24	561
dpca5g387420.842	24	562
dpca5g387430.842	24	563
dpca5g387440.842	24	564
dpca5g387450.842	24	565
dpca5g387460.842	24	566
dpca5g387490.842	24	567
dpca5g387520.842	24	568
dpca5g387540.842	24	569
dpca5g387550.842	24	570
dpca5g387560.842	24	571
dpca5g387570.842	24	572
dpca5g387600.842	24	573
dpca5g387620.842	24	574
dpca5g387640.842	24	575
dpca5g387660.842	24	576
dpca5g387670.842	24	577
dpca5g387680.842	24	578
dpca5g387690.842	24	579
dpca5g387710.842	24	580
dpca5g387720.842	24	581
dpca5g387770.842	24	582
dpca5g387780.842	24	583
dpca5g387790.842	24	584
dpca5g387800.842	24	585
dpca5g387820.842	24	586
dpca5g387830.842	24	587
dpca5g387870.842	24	588
dpca5g387890.842	24	589
dpca5g387900.842	24	590
dpca5g387910.842	24	591
dpca5g387930.842	24	592
dpca5g387940.842	24	593
dpca5g387950.842	24	594
dpca5g387990.842	24	595
dpca5g388000.842	24	596
dpca5g388010.842	24	597
dpca5g388030.842	24	598
dpca5g388060.842	24	599
dpca5g388070.842	24	600
dpca5g388080.842	24	601
dpca5g388090.842	24	602
dpca5g388100.842	24	603
dpca5g388120.842	24	604
dpca5g388130.842	24	605
dpca5g388140.842	24	606
dpca5g388160.842	24	607
dpca5g388170.842	24	608
dpca5g388180.842	24	609
dpca5g388190.842	24	610
dpca5g388200.842	24	611
dpca5g388210.842	24	612
dpca5g388220.842	24	613
dpca5g388240.842	24	614
dpca5g388250.842	24	615
dpca5g388270.842	24	616
dpca5g388280.842	24	617
dpca5g388300.842	24	618
dpca5g388310.842	24	619
dpca5g388320.842	24	620
dpca5g388330.842	24	621
dpca5g388340.842	24	622
dpca5g388350.842	24	623
dpca5g388360.842	24	624
dpca5g388370.842	24	625
dpca5g388410.842	24	626
dpca5g388420.842	24	627
dpca5g388430.842	24	628
dpca5g388450.842	24	629
dpca5g388460.842	24	630
dpca5g388470.842	24	631
dpca5g388480.842	24	632
dpca5g388490.842	24	633
dpca5g388500.842	24	634
dpca5g388510.842	24	635
dpca5g388520.842	24	636
dpca5g388530.842	24	637
dpca5g388550.842	24	638
dpca5g388560.842	24	639
dpca5g388590.842	24	640
dpca5g388600.842	24	641
dpca5g388610.842	24	642
dpca5g388620.842	24	643
dpca5g388630.842	24	644
dpca5g388640.842	24	645
dpca5g388650.842	24	646
dpca5g388660.842	24	647
dpca5g388670.842	24	648
dpca5g388720.842	24	649
dpca5g388730.842	24	650
dpca5g388740.842	24	651
dpca5g388750.842	24	652
dpca5g388760.842	24	653
dpca5g388770.842	24	654
dpca5g388780.842	24	655
dpca5g388790.842	24	656
dpca5g388800.842	24	657
dpca5g388810.842	24	658
dpca5g388820.842	24	659
dpca5g388840.842	24	660
dpca5g388850.842	24	661
dpca5g388920.842	24	662
dpca5g388930.842	24	663
dpca5g388940.842	24	664
dpca5g388950.842	24	665
dpca5g388960.842	24	666
dpca5g388970.842	24	667
dpca5g388980.842	24	668
dpca5g388990.842	24	669
dpca5g389000.842	24	670
dpca5g389010.842	24	671
dpca5g389020.842	24	672
dpca5g389030.842	24	673
dpca5g389040.842	24	674
dpca5g389060.842	24	675
dpca5g389070.842	24	676
dpca5g389080.842	24	677
dpca5g389090.842	24	678
dpca5g389100.842	24	679
dpca5g389110.842	24	680
dpca5g389120.842	24	681
dpca5g389130.842	24	682
dpca5g389140.842	24	683
dpca5g389150.842	24	684
dpca5g389160.842	24	685
dpca5g389170.842	24	686
dpca5g389180.842	24	687
dpca5g389200.842	24	688
dpca5g389210.842	24	689
dpca5g389220.842	24	690
dpca5g389230.842	24	691
dpca5g389240.842	24	692
dpca5g389250.842	24	693
dpca5g389270.842	24	694
dpca5g389280.842	24	695
dpca5g389290.842	24	696
dpca5g389310.842	24	697
dpca5g389320.842	24	698
dpca5g389330.842	24	699
dpca5g389340.842	24	700
dpca5g389360.842	24	701
dpca5g389370.842	24	702
dpca5g389380.842	24	703
dpca5g389390.842	24	704
dpca5g389430.842	24	705
dpca5g389450.842	24	706
dpca5g389460.842	24	707
dpca5g389470.842	24	708
dpca5g389480.842	24	709
dpca5g389490.842	24	710
dpca5g389500.842	24	711
dpca5g389510.842	24	712
dpca5g389520.842	24	713
dpca5g389530.842	24	714
dpca5g389540.842	24	715
dpca5g389550.842	24	716
dpca5g389560.842	24	717
dpca5g389570.842	24	718
dpca5g389580.842	24	719
dpca5g389590.842	24	720
dpca5g389600.842	24	721
dpca5g389610.842	24	722
dpca5g389620.842	24	723
dpca5g389640.842	24	724
dpca5g389650.842	24	725
dpca5g389660.842	24	726
dpca5g389670.842	24	727
dpca5g389680.842	24	728
dpca5g389690.842	24	729
dpca5g389700.842	24	730
dpca5g389710.842	24	731
dpca5g389750.842	24	732
dpca5g389760.842	24	733
dpca5g389770.842	24	734
dpca5g389780.842	24	735
dpca5g389800.842	24	736
dpca5g389810.842	24	737
dpca5g389830.842	24	738
dpca5g389870.842	24	739
dpca5g389890.842	24	740
dpca5g389900.842	24	741
dpca5g389910.842	24	742
dpca5g389920.842	24	743
dpca5g389930.842	24	744
dpca5g389940.842	24	745
dpca5g389950.842	24	746
dpca5g389960.842	24	747
dpca5g389970.842	24	748
dpca5g389980.842	24	749
dpca5g389990.842	24	750
dpca5g390000.842	24	751
dpca5g390010.842	24	752
dpca5g390020.842	24	753
dpca5g390030.842	24	754
dpca5g390040.842	24	755
dpca5g390050.842	24	756
dpca5g390060.842	24	757
dpca5g390070.842	24	758
dpca5g390080.842	24	759
dpca5g390090.842	24	760
dpca5g390100.842	24	761
dpca5g390140.842	24	762
dpca5g390150.842	24	763
dpca5g390160.842	24	764
dpca5g390170.842	24	765
dpca5g390180.842	24	766
dpca5g390200.842	24	767
dpca5g390210.842	24	768
dpca5g390220.842	24	769
dpca5g390230.842	24	770
dpca5g390240.842	24	771
dpca5g390250.842	24	772
dpca5g390260.842	24	773
dpca5g390280.842	24	774
dpca5g390300.842	24	775
dpca5g390310.842	24	776
dpca5g390320.842	24	777
dpca5g390330.842	24	778
dpca5g390340.842	24	779
dpca5g390350.842	24	780
dpca5g390360.842	24	781
dpca5g390370.842	24	782
dpca5g390400.842	24	783
dpca5g390420.842	24	784
dpca5g390430.842	24	785
dpca5g390440.842	24	786
dpca5g390450.842	24	787
dpca5g390460.842	24	788
dpca5g390470.842	24	789
dpca5g390480.842	24	790
dpca5g390500.842	24	791
dpca5g390510.842	24	792
dpca5g390520.842	24	793
dpca5g390540.842	24	794
dpca5g390560.842	24	795
dpca5g390580.842	24	796
dpca5g390590.842	24	797
dpca5g390620.842	24	798
dpca5g390640.842	24	799
dpca5g390670.842	24	800
dpca5g390680.842	24	801
dpca5g390700.842	24	802
dpca5g390720.842	24	803
dpca5g390730.842	24	804
dpca5g390740.842	24	805
dpca5g390750.842	24	806
dpca5g390780.842	24	807
dpca5g390810.842	24	808
dpca5g390830.842	24	809
dpca5g390840.842	24	810
dpca5g390850.842	24	811
dpca5g390860.842	24	812
dpca5g390870.842	24	813
dpca5g390880.842	24	814
dpca5g390900.842	24	815
dpca5g390910.842	24	816
dpca5g390930.842	24	817
dpca5g390950.842	24	818
dpca5g390970.842	24	819
dpca5g390980.842	24	820
dpca5g390990.842	24	821
dpca5g391010.842	24	822
dpca5g391020.842	24	823
dpca5g391030.842	24	824
dpca5g391040.842	24	825
dpca5g391050.842	24	826
dpca5g391060.842	24	827
dpca5g391070.842	24	828
dpca5g391080.842	24	829
dpca5g391090.842	24	830
dpca5g391100.842	24	831
dpca5g391110.842	24	832
dpca5g391120.842	24	833
dpca5g391130.842	24	834
dpca5g391140.842	24	835
dpca5g391170.842	24	836
dpca5g391180.842	24	837
dpca5g391210.842	24	838
dpca5g391220.842	24	839
dpca5g391230.842	24	840
dpca5g391240.842	24	841
dpca5g391260.842	24	842
dpca5g391270.842	24	843
dpca5g391280.842	24	844
dpca5g391290.842	24	845
dpca5g391300.842	24	846
dpca5g391310.842	24	847
dpca5g391330.842	24	848
dpca5g391360.842	24	849
dpca5g391370.842	24	850
dpca5g391380.842	24	851
dpca5g391390.842	24	852
dpca5g391400.842	24	853
dpca5g391410.842	24	854
dpca5g391420.842	24	855
dpca5g391440.842	24	856
dpca5g391450.842	24	857
dpca5g391460.842	24	858
dpca5g391470.842	24	859
dpca5g391480.842	24	860
dpca5g391490.842	24	861
dpca5g391500.842	24	862
dpca5g391510.842	24	863
dpca5g391520.842	24	864
dpca5g391530.842	24	865
dpca5g391540.842	24	866
dpca5g391550.842	24	867
dpca5g391580.842	24	868
dpca5g391590.842	24	869
dpca5g391600.842	24	870
dpca5g391610.842	24	871
dpca5g391620.842	24	872
dpca5g391630.842	24	873
dpca5g391650.842	24	874
dpca5g391660.842	24	875
dpca5g391680.842	24	876
dpca5g391690.842	24	877
dpca5g391730.842	24	878
dpca5g391740.842	24	879
dpca5g391750.842	24	880
dpca5g391760.842	24	881
dpca5g391790.842	24	882
dpca5g391800.842	24	883
dpca5g391810.842	24	884
dpca5g391830.842	24	885
dpca5g391840.842	24	886
dpca5g391850.842	24	887
dpca5g391860.842	24	888
dpca5g391870.842	24	889
dpca5g391880.842	24	890
dpca5g391900.842	24	891
dpca5g391910.842	24	892
dpca5g391920.842	24	893
dpca5g391940.842	24	894
dpca5g391960.842	24	895
dpca5g391980.842	24	896
dpca5g392000.842	24	897
dpca5g392010.842	24	898
dpca5g392020.842	24	899
dpca5g392030.842	24	900
dpca5g392040.842	24	901
dpca5g392050.842	24	902
dpca5g392060.842	24	903
dpca5g392070.842	24	904
dpca5g392080.842	24	905
dpca5g392090.842	24	906
dpca5g392110.842	24	907
dpca5g392130.842	24	908
dpca5g392140.842	24	909
dpca5g392160.842	24	910
dpca5g392180.842	24	911
dpca5g392190.842	24	912
dpca5g392200.842	24	913
dpca5g392210.842	24	914
dpca5g392220.842	24	915
dpca5g392230.842	24	916
dpca5g392240.842	24	917
dpca5g392250.842	24	918
dpca5g392260.842	24	919
dpca5g392280.842	24	920
dpca5g392290.842	24	921
dpca5g392300.842	24	922
dpca5g392310.842	24	923
dpca5g392320.842	24	924
dpca5g392330.842	24	925
dpca5g392350.842	24	926
dpca5g392360.842	24	927
dpca5g392380.842	24	928
dpca5g392390.842	24	929
dpca5g392400.842	24	930
dpca5g392410.842	24	931
dpca5g392430.842	24	932
dpca5g392440.842	24	933
dpca5g392450.842	24	934
dpca5g392460.842	24	935
dpca5g392470.842	24	936
dpca5g392480.842	24	937
dpca5g392490.842	24	938
dpca5g392500.842	24	939
dpca5g392510.842	24	940
dpca5g392520.842	24	941
dpca5g392530.842	24	942
dpca5g392540.842	24	943
dpca5g392550.842	24	944
dpca5g392560.842	24	945
dpca5g392570.842	24	946
dpca5g392590.842	24	947
dpca5g392600.842	24	948
dpca5g392610.842	24	949
dpca5g392620.842	24	950
dpca5g392630.842	24	951
dpca5g392640.842	24	952
dpca5g392650.842	24	953
dpca5g392660.842	24	954
dpca5g392670.842	24	955
dpca5g392680.842	24	956
dpca5g392690.842	24	957
dpca5g392700.842	24	958
dpca5g392710.842	24	959
dpca5g392720.842	24	960
dpca5g392730.842	24	961
dpca5g392740.842	24	962
dpca5g392750.842	24	963
dpca5g392760.842	24	964
dpca5g392770.842	24	965
dpca5g392780.842	24	966
dpca5g392790.842	24	967
dpca5g392800.842	24	968
dpca5g392810.842	24	969
dpca5g392820.842	24	970
dpca5g392830.842	24	971
dpca5g392840.842	24	972
dpca5g392850.842	24	973
dpca5g392880.842	24	974
dpca5g392890.842	24	975
dpca5g392900.842	24	976
dpca5g392910.842	24	977
dpca5g392920.842	24	978
dpca5g392930.842	24	979
dpca5g392940.842	24	980
dpca5g392950.842	24	981
dpca5g392970.842	24	982
dpca5g392980.842	24	983
dpca5g392990.842	24	984
dpca5g393020.842	24	985
dpca5g393030.842	24	986
dpca5g393040.842	24	987
dpca5g393050.842	24	988
dpca5g393060.842	24	989
dpca5g393070.842	24	990
dpca5g393080.842	24	991
dpca5g393090.842	24	992
dpca5g393100.842	24	993
dpca5g393110.842	24	994
dpca5g393120.842	24	995
dpca5g393130.842	24	996
dpca5g393150.842	24	997
dpca5g393160.842	24	998
dpca5g393180.842	24	999
dpca5g393190.842	24	1000
dpca5g393200.842	24	1001
dpca5g393210.842	24	1002
dpca5g393230.842	24	1003
dpca5g393240.842	24	1004
dpca5g393280.842	24	1005
dpca5g393290.842	24	1006
dpca5g393300.842	24	1007
dpca5g393310.842	24	1008
dpca5g393330.842	24	1009
dpca5g393340.842	24	1010
dpca5g393350.842	24	1011
dpca5g393360.842	24	1012
dpca5g393370.842	24	1013
dpca5g393380.842	24	1014
dpca5g393390.842	24	1015
dpca5g393400.842	24	1016
dpca5g393410.842	24	1017
dpca5g393420.842	24	1018
dpca5g393450.842	24	1019
dpca5g393470.842	24	1020
dpca5g393480.842	24	1021
dpca5g393490.842	24	1022
dpca5g393500.842	24	1023
dpca5g393510.842	25	0
dpca5g393520.842	25	1
dpca5g393530.842	25	2
dpca5g393550.842	25	3
dpca5g393570.842	25	4
dpca5g393580.842	25	5
dpca5g393590.842	25	6
dpca5g393600.842	25	7
dpca5g393610.842	25	8
dpca5g393620.842	25	9
dpca5g393630.842	25	10
dpca5g393640.842	25	11
dpca5g393650.842	25	12
dpca5g393660.842	25	13
dpca5g393670.842	25	14
dpca5g393680.842	25	15
dpca5g393690.842	25	16
dpca5g393700.842	25	17
dpca5g393720.842	25	18
dpca5g393730.842	25	19
dpca5g393740.842	25	20
dpca5g393750.842	25	21
dpca5g393770.842	25	22
dpca5g393790.842	25	23
dpca5g393810.842	25	24
dpca5g393820.842	25	25
dpca5g393840.842	25	26
dpca5g393850.842	25	27
dpca5g393860.842	25	28
dpca5g393880.842	25	29
dpca5g393910.842	25	30
dpca5g393920.842	25	31
dpca5g393930.842	25	32
dpca5g393940.842	25	33
dpca5g393950.842	25	34
dpca5g393960.842	25	35
dpca5g393970.842	25	36
dpca5g393980.842	25	37
dpca5g393990.842	25	38
dpca5g394010.842	25	39
dpca5g394020.842	25	40
dpca5g394030.842	25	41
dpca5g394040.842	25	42
dpca5g394050.842	25	43
dpca5g394060.842	25	44
dpca5g394070.842	25	45
dpca5g394090.842	25	46
dpca5g394100.842	25	47
dpca5g394110.842	25	48
dpca5g394120.842	25	49
dpca5g394130.842	25	50
dpca5g394140.842	25	51
dpca5g394160.842	25	52
dpca5g394170.842	25	53
dpca5g394180.842	25	54
dpca5g394190.842	25	55
dpca5g394210.842	25	56
dpca5g394230.842	25	57
dpca5g394240.842	25	58
dpca5g394250.842	25	59
dpca5g394260.842	25	60
dpca5g394270.842	25	61
dpca5g394290.842	25	62
dpca5g394300.842	25	63
dpca5g394310.842	25	64
dpca5g394320.842	25	65
dpca5g394330.842	25	66
dpca5g394340.842	25	67
dpca5g394350.842	25	68
dpca5g394360.842	25	69
dpca5g394370.842	25	70
dpca5g394380.842	25	71
dpca5g394400.842	25	72
dpca5g394420.842	25	73
dpca5g394430.842	25	74
dpca5g394450.842	25	75
dpca5g394460.842	25	76
dpca5g394470.842	25	77
dpca5g394480.842	25	78
dpca5g394490.842	25	79
dpca5g394500.842	25	80
dpca5g394510.842	25	81
dpca5g394520.842	25	82
dpca5g394530.842	25	83
dpca5g394540.842	25	84
dpca5g394550.842	25	85
dpca5g394570.842	25	86
dpca5g394580.842	25	87
dpca5g394590.842	25	88
dpca5g394600.842	25	89
dpca5g394610.842	25	90
dpca5g394620.842	25	91
dpca5g394630.842	25	92
dpca5g394640.842	25	93
dpca5g394650.842	25	94
dpca5g394660.842	25	95
dpca5g394670.842	25	96
dpca5g394680.842	25	97
dpca5g394690.842	25	98
dpca5g394700.842	25	99
dpca5g394710.842	25	100
dpca5g394720.842	25	101
dpca5g394740.842	25	102
dpca5g394750.842	25	103
dpca5g394760.842	25	104
dpca5g394770.842	25	105
dpca5g394780.842	25	106
dpca5g394790.842	25	107
dpca5g394800.842	25	108
dpca5g394810.842	25	109
dpca5g394820.842	25	110
dpca5g394840.842	25	111
dpca5g394850.842	25	112
dpca5g394860.842	25	113
dpca5g394870.842	25	114
dpca5g394880.842	25	115
dpca5g394890.842	25	116
dpca5g394900.842	25	117
dpca5g394910.842	25	118
dpca5g394920.842	25	119
dpca5g394930.842	25	120
dpca5g394940.842	25	121
dpca5g394950.842	25	122
dpca5g394960.842	25	123
dpca5g394970.842	25	124
dpca5g394980.842	25	125
dpca5g394990.842	25	126
dpca5g395000.842	25	127
dpca5g395020.842	25	128
dpca5g395030.842	25	129
dpca5g395040.842	25	130
dpca5g395050.842	25	131
dpca5g395060.842	25	132
dpca5g395110.842	25	133
dpca5g395120.842	25	134
dpca5g395130.842	25	135
dpca5g395140.842	25	136
dpca5g395150.842	25	137
dpca5g395160.842	25	138
dpca5g395170.842	25	139
dpca5g395180.842	25	140
dpca5g395190.842	25	141
dpca5g395200.842	25	142
dpca5g395210.842	25	143
dpca5g395220.842	25	144
dpca5g395230.842	25	145
dpca5g395250.842	25	146
dpca5g395260.842	25	147
dpca5g395270.842	25	148
dpca5g395310.842	25	149
dpca5g395320.842	25	150
dpca5g395340.842	25	151
dpca5g395360.842	25	152
dpca5g395370.842	25	153
dpca5g395380.842	25	154
dpca5g395390.842	25	155
dpca5g395410.842	25	156
dpca5g395420.842	25	157
dpca5g395430.842	25	158
dpca5g395440.842	25	159
dpca5g395450.842	25	160
dpca5g395460.842	25	161
dpca5g395470.842	25	162
dpca5g395490.842	25	163
dpca5g395500.842	25	164
dpca5g395510.842	25	165
dpca5g395520.842	25	166
dpca5g395530.842	25	167
dpca5g395540.842	25	168
dpca5g395550.842	25	169
dpca5g395560.842	25	170
dpca5g395570.842	25	171
dpca5g395580.842	25	172
dpca5g395590.842	25	173
dpca5g395600.842	25	174
dpca5g395610.842	25	175
dpca5g395620.842	25	176
dpca5g395630.842	25	177
dpca5g395640.842	25	178
dpca5g395650.842	25	179
dpca5g395660.842	25	180
dpca5g395670.842	25	181
dpca5g395690.842	25	182
dpca5g395700.842	25	183
dpca5g395710.842	25	184
dpca5g395720.842	25	185
dpca5g395730.842	25	186
dpca5g395740.842	25	187
dpca5g395760.842	25	188
dpca5g395770.842	25	189
dpca5g395780.842	25	190
dpca5g395790.842	25	191
dpca5g395800.842	25	192
dpca5g395810.842	25	193
dpca5g395820.842	25	194
dpca5g395830.842	25	195
dpca5g395840.842	25	196
dpca5g395860.842	25	197
dpca5g395870.842	25	198
dpca5g395880.842	25	199
dpca5g395890.842	25	200
dpca5g395900.842	25	201
dpca5g395930.842	25	202
dpca5g395970.842	25	203
dpca5g396030.842	25	204
dpca5g396060.842	25	205
dpca5g396080.842	25	206
dpca5g396100.842	25	207
dpca5g396110.842	25	208
dpca5g396120.842	25	209
dpca5g396130.842	25	210
dpca5g396150.842	25	211
dpca5g396160.842	25	212
dpca5g396200.842	25	213
dpca5g396220.842	25	214
dpca5g396240.842	25	215
dpca5g396250.842	25	216
dpca5g396260.842	25	217
dpca5g396270.842	25	218
dpca5g396280.842	25	219
dpca5g396290.842	25	220
dpca5g396300.842	25	221
dpca5g396310.842	25	222
dpca5g396320.842	25	223
dpca5g396330.842	25	224
dpca5g396340.842	25	225
dpca5g396350.842	25	226
dpca5g396360.842	25	227
dpca5g396370.842	25	228
dpca5g396380.842	25	229
dpca5g396390.842	25	230
dpca5g396400.842	25	231
dpca5g396410.842	25	232
dpca5g396420.842	25	233
dpca5g396440.842	25	234
dpca5g396450.842	25	235
dpca5g396460.842	25	236
dpca5g396470.842	25	237
dpca5g396480.842	25	238
dpca5g396490.842	25	239
dpca5g396500.842	25	240
dpca5g396510.842	25	241
dpca5g396560.842	25	242
dpca5g396570.842	25	243
dpca5g396590.842	25	244
dpca5g396600.842	25	245
dpca5g396610.842	25	246
dpca5g396620.842	25	247
dpca5g396630.842	25	248
dpca5g396650.842	25	249
dpca5g396660.842	25	250
dpca5g396690.842	25	251
dpca5g396700.842	25	252
dpca5g396710.842	25	253
dpca5g396720.842	25	254
dpca5g396730.842	25	255
dpca5g396740.842	25	256
dpca5g396760.842	25	257
dpca5g396770.842	25	258
dpca5g396780.842	25	259
dpca5g396790.842	25	260
dpca5g396820.842	25	261
dpca5g396830.842	25	262
dpca5g396850.842	25	263
dpca5g396870.842	25	264
dpca5g396880.842	25	265
dpca5g396890.842	25	266
dpca5g396900.842	25	267
dpca5g396910.842	25	268
dpca5g396920.842	25	269
dpca5g396930.842	25	270
dpca5g396940.842	25	271
dpca5g396950.842	25	272
dpca5g396960.842	25	273
dpca5g396970.842	25	274
dpca5g396980.842	25	275
dpca5g396990.842	25	276
dpca5g397000.842	25	277
dpca5g397010.842	25	278
dpca5g397040.842	25	279
dpca5g397060.842	25	280
dpca5g397070.842	25	281
dpca5g397090.842	25	282
dpca5g397100.842	25	283
dpca5g397110.842	25	284
dpca5g397120.842	25	285
dpca5g397130.842	25	286
dpca5g397140.842	25	287
dpca5g397150.842	25	288
dpca5g397160.842	25	289
dpca5g397170.842	25	290
dpca5g397180.842	25	291
dpca5g397190.842	25	292
dpca5g397200.842	25	293
dpca5g397210.842	25	294
dpca5g397220.842	25	295
dpca5g397230.842	25	296
dpca5g397240.842	25	297
dpca5g397250.842	25	298
dpca5g397260.842	25	299
dpca5g397270.842	25	300
dpca5g397280.842	25	301
dpca5g397290.842	25	302
dpca5g397300.842	25	303
dpca5g397310.842	25	304
dpca5g397320.842	25	305
dpca5g397330.842	25	306
dpca5g397340.842	25	307
dpca5g397350.842	25	308
dpca5g397360.842	25	309
dpca5g397370.842	25	310
dpca5g397390.842	25	311
dpca5g397400.842	25	312
dpca5g397430.842	25	313
dpca5g397440.842	25	314
dpca5g397450.842	25	315
dpca5g397460.842	25	316
dpca5g397470.842	25	317
dpca5g397490.842	25	318
dpca5g397500.842	25	319
dpca5g397510.842	25	320
dpca5g397530.842	25	321
dpca5g397540.842	25	322
dpca5g397550.842	25	323
dpca5g397610.842	25	324
dpca5g397620.842	25	325
dpca5g397630.842	25	326
dpca5g397640.842	25	327
dpca5g397650.842	25	328
dpca5g397680.842	25	329
dpca5g397690.842	25	330
dpca5g397700.842	25	331
dpca5g397710.842	25	332
dpca5g397720.842	25	333
dpca5g397730.842	25	334
dpca5g397750.842	25	335
dpca5g397770.842	25	336
dpca5g397780.842	25	337
dpca5g397790.842	25	338
dpca5g397800.842	25	339
dpca5g397820.842	25	340
dpca5g397830.842	25	341
dpca5g397840.842	25	342
dpca5g397850.842	25	343
dpca5g397860.842	25	344
dpca5g397870.842	25	345
dpca5g397880.842	25	346
dpca5g397890.842	25	347
dpca5g397920.842	25	348
dpca5g397940.842	25	349
dpca5g397960.842	25	350
dpca5g397970.842	25	351
dpca5g397980.842	25	352
dpca5g397990.842	25	353
dpca5g398000.842	25	354
dpca5g398010.842	25	355
dpca5g398040.842	25	356
dpca5g398050.842	25	357
dpca5g398060.842	25	358
dpca5g398070.842	25	359
dpca5g398080.842	25	360
dpca5g398090.842	25	361
dpca5g398100.842	25	362
dpca5g398120.842	25	363
dpca5g398130.842	25	364
dpca5g398140.842	25	365
dpca5g398150.842	25	366
dpca5g398160.842	25	367
dpca5g398170.842	25	368
dpca5g398180.842	25	369
dpca5g398210.842	25	370
dpca5g398220.842	25	371
dpca5g398230.842	25	372
dpca5g398250.842	25	373
dpca5g398260.842	25	374
dpca5g398270.842	25	375
dpca5g398280.842	25	376
dpca5g398290.842	25	377
dpca5g398300.842	25	378
dpca5g398310.842	25	379
dpca5g398330.842	25	380
dpca5g398340.842	25	381
dpca5g398360.842	25	382
dpca5g398370.842	25	383
dpca5g398390.842	25	384
dpca5g398400.842	25	385
dpca5g398410.842	25	386
dpca5g398420.842	25	387
dpca5g398430.842	25	388
dpca5g398440.842	25	389
dpca5g398450.842	25	390
dpca5g398460.842	25	391
dpca5g398480.842	25	392
dpca5g398490.842	25	393
dpca5g398500.842	25	394
dpca5g398510.842	25	395
dpca5g398520.842	25	396
dpca5g398530.842	25	397
dpca5g398550.842	25	398
dpca5g398580.842	25	399
dpca5g398600.842	25	400
dpca5g398610.842	25	401
dpca5g398620.842	25	402
dpca5g398630.842	25	403
dpca5g398640.842	25	404
dpca5g398650.842	25	405
dpca5g398660.842	25	406
dpca5g398680.842	25	407
dpca5g398690.842	25	408
dpca5g398700.842	25	409
dpca5g398730.842	25	410
dpca5g398740.842	25	411
dpca5g398750.842	25	412
dpca5g398760.842	25	413
dpca5g398770.842	25	414
dpca5g398780.842	25	415
dpca5g398790.842	25	416
dpca5g398800.842	25	417
dpca5g398810.842	25	418
dpca5g398820.842	25	419
dpca5g398840.842	25	420
dpca5g398860.842	25	421
dpca5g398870.842	25	422
dpca5g398890.842	25	423
dpca5g398900.842	25	424
dpca5g398910.842	25	425
dpca5g398920.842	25	426
dpca5g398930.842	25	427
dpca5g398940.842	25	428
dpca5g398950.842	25	429
dpca5g398960.842	25	430
dpca5g398970.842	25	431
dpca5g398980.842	25	432
dpca5g398990.842	25	433
dpca5g399000.842	25	434
dpca5g399010.842	25	435
dpca5g399020.842	25	436
dpca5g399030.842	25	437
dpca5g399040.842	25	438
dpca5g399050.842	25	439
dpca5g399070.842	25	440
dpca5g399080.842	25	441
dpca5g399090.842	25	442
dpca5g399100.842	25	443
dpca5g399110.842	25	444
dpca5g399120.842	25	445
dpca5g399130.842	25	446
dpca5g399140.842	25	447
dpca5g399150.842	25	448
dpca5g399170.842	25	449
dpca5g399180.842	25	450
dpca5g399190.842	25	451
dpca5g399200.842	25	452
dpca5g399210.842	25	453
dpca5g399220.842	25	454
dpca5g399230.842	25	455
dpca5g399260.842	25	456
dpca5g399270.842	25	457
dpca5g399280.842	25	458
dpca5g399290.842	25	459
dpca5g399300.842	25	460
dpca5g399310.842	25	461
dpca5g399320.842	25	462
dpca5g399330.842	25	463
dpca5g399340.842	25	464
dpca5g399360.842	25	465
dpca5g399380.842	25	466
dpca5g399390.842	25	467
dpca5g399400.842	25	468
dpca5g399410.842	25	469
dpca5g399420.842	25	470
dpca5g399430.842	25	471
dpca5g399440.842	25	472
dpca5g399450.842	25	473
dpca5g399470.842	25	474
dpca5g399480.842	25	475
dpca5g399490.842	25	476
dpca5g399500.842	25	477
dpca5g399510.842	25	478
dpca5g399540.842	25	479
dpca5g399550.842	25	480
dpca5g399560.842	25	481
dpca5g399570.842	25	482
dpca5g399580.842	25	483
dpca5g399590.842	25	484
dpca5g399600.842	25	485
dpca5g399610.842	25	486
dpca5g399620.842	25	487
dpca5g399630.842	25	488
dpca5g399650.842	25	489
dpca5g399660.842	25	490
dpca5g399670.842	25	491
dpca5g399680.842	25	492
dpca5g399690.842	25	493
dpca5g399700.842	25	494
dpca5g399710.842	25	495
dpca5g399730.842	25	496
dpca5g399740.842	25	497
dpca5g399750.842	25	498
dpca5g399760.842	25	499
dpca5g399770.842	25	500
dpca5g399780.842	25	501
dpca5g399790.842	25	502
dpca5g399800.842	25	503
dpca5g399810.842	25	504
dpca5g399830.842	25	505
dpca5g399840.842	25	506
dpca5g399850.842	25	507
dpca5g399860.842	25	508
dpca5g399870.842	25	509
dpca5g399880.842	25	510
dpca5g399890.842	25	511
dpca5g399900.842	25	512
dpca5g399910.842	25	513
dpca5g399920.842	25	514
dpca5g399930.842	25	515
dpca5g399940.842	25	516
dpca5g399950.842	25	517
dpca5g399960.842	25	518
dpca5g399970.842	25	519
dpca5g399980.842	25	520
dpca5g399990.842	25	521
dpca5g400000.842	25	522
dpca5g400010.842	25	523
dpca5g400020.842	25	524
dpca5g400030.842	25	525
dpca5g400060.842	25	526
dpca5g400070.842	25	527
dpca5g400080.842	25	528
dpca5g400090.842	25	529
dpca5g400100.842	25	530
dpca5g400110.842	25	531
dpca5g400140.842	25	532
dpca5g400150.842	25	533
dpca5g400160.842	25	534
dpca5g400170.842	25	535
dpca5g400180.842	25	536
dpca5g400190.842	25	537
dpca5g400200.842	25	538
dpca5g400210.842	25	539
dpca5g400220.842	25	540
dpca5g400230.842	25	541
dpca5g400240.842	25	542
dpca5g400250.842	25	543
dpca5g400260.842	25	544
dpca5g400270.842	25	545
dpca5g400280.842	25	546
dpca5g400290.842	25	547
dpca5g400300.842	25	548
dpca5g400310.842	25	549
dpca5g400330.842	25	550
dpca5g400350.842	25	551
dpca5g400360.842	25	552
dpca5g400370.842	25	553
dpca5g400390.842	25	554
dpca5g400410.842	25	555
dpca5g400440.842	25	556
dpca5g400450.842	25	557
dpca5g400460.842	25	558
dpca5g400480.842	25	559
dpca5g400490.842	25	560
dpca5g400500.842	25	561
dpca5g400510.842	25	562
dpca5g400520.842	25	563
dpca5g400530.842	25	564
dpca5g400540.842	25	565
dpca5g400550.842	25	566
dpca5g400560.842	25	567
dpca5g400570.842	25	568
dpca5g400590.842	25	569
dpca5g400610.842	25	570
dpca5g400620.842	25	571
dpca5g400640.842	25	572
dpca5g400660.842	25	573
dpca5g400670.842	25	574
dpca5g400680.842	25	575
dpca5g400690.842	25	576
dpca5g400700.842	25	577
dpca5g400730.842	25	578
dpca5g400740.842	25	579
dpca5g400750.842	25	580
dpca5g400760.842	25	581
dpca5g400770.842	25	582
dpca5g400780.842	25	583
dpca5g400790.842	25	584
dpca5g400800.842	25	585
dpca5g400810.842	25	586
dpca5g400820.842	25	587
dpca5g400830.842	25	588
dpca5g400840.842	25	589
dpca5g400850.842	25	590
dpca5g400860.842	25	591
dpca5g400880.842	25	592
dpca5g400900.842	25	593
dpca5g400920.842	25	594
dpca5g400930.842	25	595
dpca5g400940.842	25	596
dpca5g400950.842	25	597
dpca5g400960.842	25	598
dpca5g400970.842	25	599
dpca5g400980.842	25	600
dpca5g401020.842	25	601
dpca5g401030.842	25	602
dpca5g401050.842	25	603
dpca5g401060.842	25	604
dpca5g401070.842	25	605
dpca5g401080.842	25	606
dpca5g401090.842	25	607
dpca5g401100.842	25	608
dpca5g401110.842	25	609
dpca5g401120.842	25	610
dpca5g401140.842	25	611
dpca5g401160.842	25	612
dpca5g401170.842	25	613
dpca5g401190.842	25	614
dpca5g401200.842	25	615
dpca5g401210.842	25	616
dpca5g401220.842	25	617
dpca5g401230.842	25	618
dpca5g401250.842	25	619
dpca5g401260.842	25	620
dpca5g401270.842	25	621
dpca5g401290.842	25	622
dpca5g401300.842	25	623
dpca5g401320.842	25	624
dpca5g401330.842	25	625
dpca5g401340.842	25	626
dpca5g401350.842	25	627
dpca5g401370.842	25	628
dpca5g401380.842	25	629
dpca5g401390.842	25	630
dpca5g401400.842	25	631
dpca5g401410.842	25	632
dpca5g401420.842	25	633
dpca5g401430.842	25	634
dpca5g401440.842	25	635
dpca5g401450.842	25	636
dpca5g401460.842	25	637
dpca5g401470.842	25	638
dpca5g401480.842	25	639
dpca5g401490.842	25	640
dpca5g401500.842	25	641
dpca5g401510.842	25	642
dpca5g401530.842	25	643
dpca5g401540.842	25	644
dpca5g401550.842	25	645
dpca5g401560.842	25	646
dpca5g401570.842	25	647
dpca5g401580.842	25	648
dpca5g401590.842	25	649
dpca5g401600.842	25	650
dpca5g401610.842	25	651
dpca5g401620.842	25	652
dpca5g401630.842	25	653
dpca5g401640.842	25	654
dpca5g401650.842	25	655
dpca5g401660.842	25	656
dpca5g401670.842	25	657
dpca5g401680.842	25	658
dpca5g401690.842	25	659
dpca5g401700.842	25	660
dpca5g401710.842	25	661
dpca5g401720.842	25	662
dpca5g401730.842	25	663
dpca5g401740.842	25	664
dpca5g401750.842	25	665
dpca5g401760.842	25	666
dpca5g401770.842	25	667
dpca5g401780.842	25	668
dpca5g401790.842	25	669
dpca5g401800.842	25	670
dpca5g401810.842	25	671
dpca5g401820.842	25	672
dpca5g401830.842	25	673
dpca5g401840.842	25	674
dpca5g401870.842	25	675
dpca5g401890.842	25	676
dpca5g401900.842	25	677
dpca5g401910.842	25	678
dpca5g401930.842	25	679
dpca5g401940.842	25	680
dpca5g401950.842	25	681
dpca5g401960.842	25	682
dpca5g401970.842	25	683
dpca5g401980.842	25	684
dpca5g402010.842	25	685
dpca5g402020.842	25	686
dpca5g402030.842	25	687
dpca5g402040.842	25	688
dpca5g402050.842	25	689
dpca5g402060.842	25	690
dpca5g402070.842	25	691
dpca5g402080.842	25	692
dpca5g402090.842	25	693
dpca5g402100.842	25	694
dpca5g402110.842	25	695
dpca5g402120.842	25	696
dpca5g402130.842	25	697
dpca5g402140.842	25	698
dpca5g402150.842	25	699
dpca5g402160.842	25	700
dpca5g402170.842	25	701
dpca5g402190.842	25	702
dpca5g402200.842	25	703
dpca5g402210.842	25	704
dpca5g402220.842	25	705
dpca5g402240.842	25	706
dpca5g402250.842	25	707
dpca5g402260.842	25	708
dpca5g402270.842	25	709
dpca5g402280.842	25	710
dpca5g402290.842	25	711
dpca5g402300.842	25	712
dpca5g402310.842	25	713
dpca5g402320.842	25	714
dpca5g402330.842	25	715
dpca5g402340.842	25	716
dpca5g402360.842	25	717
dpca5g402370.842	25	718
dpca5g402380.842	25	719
dpca5g402390.842	25	720
dpca5g402400.842	25	721
dpca5g402410.842	25	722
dpca5g402420.842	25	723
dpca5g402430.842	25	724
dpca5g402460.842	25	725
dpca5g402470.842	25	726
dpca5g402480.842	25	727
dpca5g402490.842	25	728
dpca5g402500.842	25	729
dpca5g402510.842	25	730
dpca5g402520.842	25	731
dpca5g402530.842	25	732
dpca5g402540.842	25	733
dpca5g402550.842	25	734
dpca5g402560.842	25	735
dpca5g402570.842	25	736
dpca5g402580.842	25	737
dpca5g402610.842	25	738
dpca5g402620.842	25	739
dpca5g402630.842	25	740
dpca5g402640.842	25	741
dpca5g402650.842	25	742
dpca5g402670.842	25	743
dpca5g402680.842	25	744
dpca5g402690.842	25	745
dpca5g402700.842	25	746
dpca5g402710.842	25	747
dpca5g402720.842	25	748
dpca5g402730.842	25	749
dpca5g402740.842	25	750
dpca5g402750.842	25	751
dpca5g402760.842	25	752
dpca5g402770.842	25	753
dpca5g402780.842	25	754
dpca5g402790.842	25	755
dpca5g402800.842	25	756
dpca5g402810.842	25	757
dpca5g402820.842	25	758
dpca5g402830.842	25	759
dpca5g402850.842	25	760
dpca5g402860.842	25	761
dpca5g402870.842	25	762
dpca5g402880.842	25	763
dpca5g402890.842	25	764
dpca5g402900.842	25	765
dpca5g402910.842	25	766
dpca5g402920.842	25	767
dpca5g402930.842	25	768
dpca5g402940.842	25	769
dpca5g402950.842	25	770
dpca5g402960.842	25	771
dpca5g402970.842	25	772
dpca5g402980.842	25	773
dpca5g402990.842	25	774
dpca5g403010.842	25	775
dpca5g403020.842	25	776
dpca5g403030.842	25	777
dpca5g403040.842	25	778
dpca5g403050.842	25	779
dpca5g403070.842	25	780
dpca5g403080.842	25	781
dpca5g403090.842	25	782
dpca5g403100.842	25	783
dpca5g403120.842	25	784
dpca5g403130.842	25	785
dpca5g403140.842	25	786
dpca5g403150.842	25	787
dpca5g403160.842	25	788
dpca5g403170.842	25	789
dpca5g403180.842	25	790
dpca5g403190.842	25	791
dpca5g403200.842	25	792
dpca5g403210.842	25	793
dpca5g403220.842	25	794
dpca5g403240.842	25	795
dpca5g403270.842	25	796
dpca5g403280.842	25	797
dpca5g403300.842	25	798
dpca5g403310.842	25	799
dpca5g403320.842	25	800
dpca5g403330.842	25	801
dpca5g403350.842	25	802
dpca5g403360.842	25	803
dpca5g403370.842	25	804
dpca5g403380.842	25	805
dpca5g403390.842	25	806
dpca5g403400.842	25	807
dpca5g403410.842	25	808
dpca5g403420.842	25	809
dpca5g403430.842	25	810
dpca5g403440.842	25	811
dpca5g403450.842	25	812
dpca5g403460.842	25	813
dpca5g403470.842	25	814
dpca5g403480.842	25	815
dpca5g403490.842	25	816
dpca5g403500.842	25	817
dpca5g403520.842	25	818
dpca5g403530.842	25	819
dpca5g403540.842	25	820
dpca5g403550.842	25	821
dpca5g403560.842	25	822
dpca5g403570.842	25	823
dpca5g403580.842	25	824
dpca5g403590.842	25	825
dpca5g403600.842	25	826
dpca5g403610.842	25	827
dpca5g403620.842	25	828
dpca5g403640.842	25	829
dpca5g403650.842	25	830
dpca5g403670.842	25	831
dpca5g403680.842	25	832
dpca5g403690.842	25	833
dpca5g403700.842	25	834
dpca5g403710.842	25	835
dpca5g403720.842	25	836
dpca5g403730.842	25	837
dpca5g403760.842	25	838
dpca5g403780.842	25	839
dpca5g403790.842	25	840
dpca5g403830.842	25	841
dpca5g403860.842	25	842
dpca5g403870.842	25	843
dpca5g403880.842	25	844
dpca5g403900.842	25	845
dpca5g403910.842	25	846
dpca5g403920.842	25	847
dpca5g403930.842	25	848
dpca5g403940.842	25	849
dpca5g403950.842	25	850
dpca5g403960.842	25	851
dpca5g403980.842	25	852
dpca5g403990.842	25	853
dpca5g404010.842	25	854
dpca5g404030.842	25	855
dpca5g404040.842	25	856
dpca5g404050.842	25	857
dpca5g404060.842	25	858
dpca5g404070.842	25	859
dpca5g404080.842	25	860
dpca5g404100.842	25	861
dpca5g404110.842	25	862
dpca5g404120.842	25	863
dpca5g404140.842	25	864
dpca5g404160.842	25	865
dpca5g404170.842	25	866
dpca5g404180.842	25	867
dpca5g404190.842	25	868
dpca5g404200.842	25	869
dpca5g404220.842	25	870
dpca5g404230.842	25	871
dpca5g404240.842	25	872
dpca5g404250.842	25	873
dpca5g404260.842	25	874
dpca5g404270.842	25	875
dpca5g404290.842	25	876
dpca5g404300.842	25	877
dpca5g404310.842	25	878
dpca5g404320.842	25	879
dpca5g404330.842	25	880
dpca5g404340.842	25	881
dpca5g404350.842	25	882
dpca5g404360.842	25	883
dpca5g404370.842	25	884
dpca5g404380.842	25	885
dpca5g404400.842	25	886
dpca5g404410.842	25	887
dpca5g404420.842	25	888
dpca5g404430.842	25	889
dpca5g404440.842	25	890
dpca5g404450.842	25	891
dpca5g404470.842	25	892
dpca5g404480.842	25	893
dpca5g404490.842	25	894
dpca5g404500.842	25	895
dpca5g404520.842	25	896
dpca5g404530.842	25	897
dpca5g404540.842	25	898
dpca5g404550.842	25	899
dpca5g404570.842	25	900
dpca5g404580.842	25	901
dpca5g404590.842	25	902
dpca5g404600.842	25	903
dpca5g404610.842	25	904
dpca5g404620.842	25	905
dpca5g404630.842	25	906
dpca5g404640.842	25	907
dpca5g404660.842	25	908
dpca5g404670.842	25	909
dpca5g404680.842	25	910
dpca5g404700.842	25	911
dpca5g404710.842	25	912
dpca5g404720.842	25	913
dpca5g404740.842	25	914
dpca5g404750.842	25	915
dpca5g404760.842	25	916
dpca5g404770.842	25	917
dpca5g404800.842	25	918
dpca5g404810.842	25	919
dpca5g404830.842	25	920
dpca5g404840.842	25	921
dpca5g404850.842	25	922
dpca5g404860.842	25	923
dpca5g404870.842	25	924
dpca5g404880.842	25	925
dpca5g404890.842	25	926
dpca5g404900.842	25	927
dpca5g404910.842	25	928
dpca5g404920.842	25	929
dpca5g404930.842	25	930
dpca5g404940.842	25	931
dpca5g404950.842	25	932
dpca5g404960.842	25	933
dpca5g404970.842	25	934
dpca5g405000.842	25	935
dpca5g405020.842	25	936
dpca5g405030.842	25	937
dpca5g405040.842	25	938
dpca5g405050.842	25	939
dpca5g405060.842	25	940
dpca5g405080.842	25	941
dpca5g405090.842	25	942
dpca5g405100.842	25	943
dpca5g405110.842	25	944
dpca5g405160.842	25	945
dpca5g405170.842	25	946
dpca5g405180.842	25	947
dpca5g405190.842	25	948
dpca5g405200.842	25	949
dpca5g405210.842	25	950
dpca5g405220.842	25	951
dpca5g405230.842	25	952
dpca5g405240.842	25	953
dpca5g405260.842	25	954
dpca5g405270.842	25	955
dpca5g405280.842	25	956
dpca5g405300.842	25	957
dpca5g405310.842	25	958
dpca5g405320.842	25	959
dpca5g405330.842	25	960
dpca5g405340.842	25	961
dpca5g405350.842	25	962
dpca5g405360.842	25	963
dpca5g405370.842	25	964
dpca5g405380.842	25	965
dpca5g405390.842	25	966
dpca5g405400.842	25	967
dpca5g405410.842	25	968
dpca5g405420.842	25	969
dpca5g405430.842	25	970
dpca5g405440.842	25	971
dpca5g405450.842	25	972
dpca5g405470.842	25	973
dpca5g405480.842	25	974
dpca5g405500.842	25	975
dpca5g405510.842	25	976
dpca5g405520.842	25	977
dpca5g405540.842	25	978
dpca5g405550.842	25	979
dpca5g405560.842	25	980
dpca5g405570.842	25	981
dpca5g405580.842	25	982
dpca5g405590.842	25	983
dpca5g405620.842	25	984
dpca5g405630.842	25	985
dpca5g405660.842	25	986
dpca5g405670.842	25	987
dpca5g405680.842	25	988
dpca5g405690.842	25	989
dpca5g405700.842	25	990
dpca5g405710.842	25	991
dpca5g405720.842	25	992
dpca5g405730.842	25	993
dpca5g405740.842	25	994
dpca5g405750.842	25	995
dpca5g405780.842	25	996
dpca5g405790.842	25	997
dpca5g405800.842	25	998
dpca5g405810.842	25	999
dpca5g405820.842	25	1000
dpca5g405830.842	25	1001
dpca5g405840.842	25	1002
dpca5g405850.842	25	1003
dpca5g405860.842	25	1004
dpca5g405870.842	25	1005
dpca5g405880.842	25	1006
dpca5g405890.842	25	1007
dpca5g405900.842	25	1008
dpca5g405910.842	25	1009
dpca5g405920.842	25	1010
dpca5g405930.842	25	1011
dpca5g405940.842	25	1012
dpca5g405950.842	25	1013
dpca5g405960.842	25	1014
dpca5g405970.842	25	1015
dpca5g405980.842	25	1016
dpca5g405990.842	25	1017
dpca5g406000.842	25	1018
dpca5g406010.842	25	1019
dpca5g406040.842	25	1020
dpca5g406050.842	25	1021
dpca5g406080.842	25	1022
dpca5g406090.842	25	1023
dpca5g406100.842	26	0
dpca5g406110.842	26	1
dpca5g406140.842	26	2
dpca5g406160.842	26	3
dpca5g406170.842	26	4
dpca5g406180.842	26	5
dpca5g406190.842	26	6
dpca5g406200.842	26	7
dpca5g406210.842	26	8
dpca5g406220.842	26	9
dpca5g406230.842	26	10
dpca5g406240.842	26	11
dpca5g406250.842	26	12
dpca5g406260.842	26	13
dpca5g406270.842	26	14
dpca5g406280.842	26	15
dpca5g406290.842	26	16
dpca5g406300.842	26	17
dpca5g406310.842	26	18
dpca5g406320.842	26	19
dpca5g406330.842	26	20
dpca5g406340.842	26	21
dpca5g406350.842	26	22
dpca5g406360.842	26	23
dpca5g406370.842	26	24
dpca5g406380.842	26	25
dpca5g406390.842	26	26
dpca5g406400.842	26	27
dpca5g406410.842	26	28
dpca5g406420.842	26	29
dpca5g406430.842	26	30
dpca5g406440.842	26	31
dpca5g406450.842	26	32
dpca5g406460.842	26	33
dpca5g406480.842	26	34
dpca5g406490.842	26	35
dpca5g406500.842	26	36
dpca5g406510.842	26	37
dpca5g406520.842	26	38
dpca5g406530.842	26	39
dpca5g406540.842	26	40
dpca5g406550.842	26	41
dpca5g406600.842	26	42
dpca5g406620.842	26	43
dpca5g406630.842	26	44
dpca5g406640.842	26	45
dpca5g406650.842	26	46
dpca5g406660.842	26	47
dpca5g406670.842	26	48
dpca5g406680.842	26	49
dpca5g406700.842	26	50
dpca5g406710.842	26	51
dpca5g406720.842	26	52
dpca5g406730.842	26	53
dpca5g406760.842	26	54
dpca5g406780.842	26	55
dpca5g406790.842	26	56
dpca5g406800.842	26	57
dpca5g406810.842	26	58
dpca5g406830.842	26	59
dpca5g406840.842	26	60
dpca5g406860.842	26	61
dpca5g406870.842	26	62
dpca5g406880.842	26	63
dpca5g406890.842	26	64
dpca5g406900.842	26	65
dpca5g406910.842	26	66
dpca5g406920.842	26	67
dpca5g406930.842	26	68
dpca5g406940.842	26	69
dpca5g406950.842	26	70
dpca5g406970.842	26	71
dpca5g406980.842	26	72
dpca5g406990.842	26	73
dpca5g407000.842	26	74
dpca5g407020.842	26	75
dpca5g407040.842	26	76
dpca5g407050.842	26	77
dpca5g407060.842	26	78
dpca5g407080.842	26	79
dpca5g407090.842	26	80
dpca5g407100.842	26	81
dpca5g407110.842	26	82
dpca5g407120.842	26	83
dpca5g407140.842	26	84
dpca5g407150.842	26	85
dpca5g407160.842	26	86
dpca5g407170.842	26	87
dpca5g407180.842	26	88
dpca5g407190.842	26	89
dpca5g407200.842	26	90
dpca5g407210.842	26	91
dpca5g407220.842	26	92
dpca5g407230.842	26	93
dpca5g407240.842	26	94
dpca5g407250.842	26	95
dpca5g407260.842	26	96
dpca5g407270.842	26	97
dpca5g407280.842	26	98
dpca5g407290.842	26	99
dpca5g407310.842	26	100
dpca5g407340.842	26	101
dpca5g407350.842	26	102
dpca5g407360.842	26	103
dpca5g407370.842	26	104
dpca5g407380.842	26	105
dpca5g407390.842	26	106
dpca5g407400.842	26	107
dpca5g407410.842	26	108
dpca5g407420.842	26	109
dpca5g407430.842	26	110
dpca5g407440.842	26	111
dpca5g407450.842	26	112
dpca5g407460.842	26	113
dpca5g407470.842	26	114
dpca5g407480.842	26	115
dpca5g407490.842	26	116
dpca5g407500.842	26	117
dpca5g407510.842	26	118
dpca5g407520.842	26	119
dpca5g407570.842	26	120
dpca5g407580.842	26	121
dpca5g407600.842	26	122
dpca5g407610.842	26	123
dpca5g407620.842	26	124
dpca5g407630.842	26	125
dpca5g407640.842	26	126
dpca5g407650.842	26	127
dpca5g407660.842	26	128
dpca5g407670.842	26	129
dpca5g407690.842	26	130
dpca5g407700.842	26	131
dpca5g407710.842	26	132
dpca5g407720.842	26	133
dpca5g407730.842	26	134
dpca5g407740.842	26	135
dpca5g407750.842	26	136
dpca5g407760.842	26	137
dpca5g407770.842	26	138
dpca5g407780.842	26	139
dpca5g407800.842	26	140
dpca5g407810.842	26	141
dpca5g407820.842	26	142
dpca5g407840.842	26	143
dpca5g407850.842	26	144
dpca5g407860.842	26	145
dpca5g407880.842	26	146
dpca5g407910.842	26	147
dpca5g407920.842	26	148
dpca5g407930.842	26	149
dpca5g407940.842	26	150
dpca5g407950.842	26	151
dpca5g407960.842	26	152
dpca5g407970.842	26	153
dpca5g407980.842	26	154
dpca5g407990.842	26	155
dpca5g408000.842	26	156
dpca5g408010.842	26	157
dpca5g408030.842	26	158
dpca5g408040.842	26	159
dpca5g408050.842	26	160
dpca5g408070.842	26	161
dpca5g408080.842	26	162
dpca5g408090.842	26	163
dpca5g408100.842	26	164
dpca5g408110.842	26	165
dpca5g408120.842	26	166
dpca5g408130.842	26	167
dpca5g408150.842	26	168
dpca5g408160.842	26	169
dpca5g408170.842	26	170
dpca5g408180.842	26	171
dpca5g408190.842	26	172
dpca5g408200.842	26	173
dpca5g408210.842	26	174
dpca5g408220.842	26	175
dpca5g408230.842	26	176
dpca5g408240.842	26	177
dpca5g408250.842	26	178
dpca5g408260.842	26	179
dpca5g408270.842	26	180
dpca5g408280.842	26	181
dpca5g408290.842	26	182
dpca5g408300.842	26	183
dpca5g408320.842	26	184
dpca5g408330.842	26	185
dpca5g408340.842	26	186
dpca5g408350.842	26	187
dpca5g408360.842	26	188
dpca5g408370.842	26	189
dpca5g408380.842	26	190
dpca5g408390.842	26	191
dpca5g408400.842	26	192
dpca5g408410.842	26	193
dpca5g408420.842	26	194
dpca5g408430.842	26	195
dpca5g408440.842	26	196
dpca5g408450.842	26	197
dpca5g408460.842	26	198
dpca5g408470.842	26	199
dpca5g408480.842	26	200
dpca5g408490.842	26	201
dpca5g408500.842	26	202
dpca5g408510.842	26	203
dpca5g408520.842	26	204
dpca5g408540.842	26	205
dpca5g408550.842	26	206
dpca5g408560.842	26	207
dpca5g408570.842	26	208
dpca5g408580.842	26	209
dpca5g408590.842	26	210
dpca5g408600.842	26	211
dpca5g408610.842	26	212
dpca5g408620.842	26	213
dpca5g408630.842	26	214
dpca5g408640.842	26	215
dpca5g408650.842	26	216
dpca5g408660.842	26	217
dpca5g408670.842	26	218
dpca5g408680.842	26	219
dpca5g408690.842	26	220
dpca5g408700.842	26	221
dpca5g408710.842	26	222
dpca5g408720.842	26	223
dpca5g408730.842	26	224
dpca5g408740.842	26	225
dpca5g408760.842	26	226
dpca5g408770.842	26	227
dpca5g408780.842	26	228
dpca5g408790.842	26	229
dpca5g408810.842	26	230
dpca5g408820.842	26	231
dpca5g408830.842	26	232
dpca5g408840.842	26	233
dpca5g408850.842	26	234
dpca5g408860.842	26	235
dpca5g408870.842	26	236
dpca5g408890.842	26	237
dpca5g408900.842	26	238
dpca5g408910.842	26	239
dpca5g408920.842	26	240
dpca5g408940.842	26	241
dpca5g408950.842	26	242
dpca5g408960.842	26	243
dpca5g408970.842	26	244
dpca5g408980.842	26	245
dpca5g408990.842	26	246
dpca5g409000.842	26	247
dpca5g409030.842	26	248
dpca5g409040.842	26	249
dpca5g409060.842	26	250
dpca5g409070.842	26	251
dpca5g409090.842	26	252
dpca5g409100.842	26	253
dpca5g409120.842	26	254
dpca5g409130.842	26	255
dpca5g409140.842	26	256
dpca5g409150.842	26	257
dpca5g409160.842	26	258
dpca5g409180.842	26	259
dpca5g409190.842	26	260
dpca5g409200.842	26	261
dpca5g409220.842	26	262
dpca5g409240.842	26	263
dpca5g409250.842	26	264
dpca5g409260.842	26	265
dpca5g409270.842	26	266
dpca5g409290.842	26	267
dpca5g409300.842	26	268
dpca5g409310.842	26	269
dpca5g409320.842	26	270
dpca5g409330.842	26	271
dpca5g409340.842	26	272
dpca5g409350.842	26	273
dpca5g409370.842	26	274
dpca5g409380.842	26	275
dpca5g409390.842	26	276
dpca5g409400.842	26	277
dpca5g409410.842	26	278
dpca5g409420.842	26	279
dpca5g409430.842	26	280
dpca5g409440.842	26	281
dpca5g409460.842	26	282
dpca5g409470.842	26	283
dpca5g409480.842	26	284
dpca5g409490.842	26	285
dpca5g409500.842	26	286
dpca5g409510.842	26	287
dpca5g409520.842	26	288
dpca5g409530.842	26	289
dpca5g409550.842	26	290
dpca5g409560.842	26	291
dpca5g409570.842	26	292
dpca5g409580.842	26	293
dpca5g409590.842	26	294
dpca5g409630.842	26	295
dpca5g409640.842	26	296
dpca5g409660.842	26	297
dpca5g409670.842	26	298
dpca5g409680.842	26	299
dpca5g409690.842	26	300
dpca5g409700.842	26	301
dpca5g409710.842	26	302
dpca5g409720.842	26	303
dpca5g409730.842	26	304
dpca5g409740.842	26	305
dpca5g409750.842	26	306
dpca5g409760.842	26	307
dpca5g409770.842	26	308
dpca5g409780.842	26	309
dpca5g409790.842	26	310
dpca5g409800.842	26	311
dpca5g409810.842	26	312
dpca5g409820.842	26	313
dpca5g409830.842	26	314
dpca5g409840.842	26	315
dpca5g409890.842	26	316
dpca5g409900.842	26	317
dpca5g409930.842	26	318
dpca5g409940.842	26	319
dpca5g409950.842	26	320
dpca5g409960.842	26	321
dpca5g409970.842	26	322
dpca5g409980.842	26	323
dpca5g409990.842	26	324
dpca5g410000.842	26	325
dpca5g410010.842	26	326
dpca5g410020.842	26	327
dpca5g410030.842	26	328
dpca5g410040.842	26	329
dpca5g410050.842	26	330
dpca5g410060.842	26	331
dpca5g410070.842	26	332
dpca5g410080.842	26	333
dpca5g410090.842	26	334
dpca5g410110.842	26	335
dpca5g410120.842	26	336
dpca5g410130.842	26	337
dpca5g410140.842	26	338
dpca5g410160.842	26	339
dpca5g410170.842	26	340
dpca5g410180.842	26	341
dpca5g410190.842	26	342
dpca5g410200.842	26	343
dpca5g410220.842	26	344
dpca5g410230.842	26	345
dpca5g410240.842	26	346
dpca5g410250.842	26	347
dpca5g410260.842	26	348
dpca5g410270.842	26	349
dpca5g410280.842	26	350
dpca5g410290.842	26	351
dpca5g410300.842	26	352
dpca5g410310.842	26	353
dpca5g410320.842	26	354
dpca5g410330.842	26	355
dpca5g410340.842	26	356
dpca5g410350.842	26	357
dpca5g410370.842	26	358
dpca5g410380.842	26	359
dpca5g410390.842	26	360
dpca5g410400.842	26	361
dpca5g410410.842	26	362
dpca5g410420.842	26	363
dpca5g410430.842	26	364
dpca5g410440.842	26	365
dpca5g410450.842	26	366
dpca5g410460.842	26	367
dpca5g410490.842	26	368
dpca5g410510.842	26	369
dpca5g410520.842	26	370
dpca5g410540.842	26	371
dpca5g410550.842	26	372
dpca5g410560.842	26	373
dpca5g410570.842	26	374
dpca5g410610.842	26	375
dpca5g410620.842	26	376
dpca5g410630.842	26	377
dpca5g410640.842	26	378
dpca5g410650.842	26	379
dpca5g410680.842	26	380
dpca5g410690.842	26	381
dpca5g410700.842	26	382
dpca5g410720.842	26	383
dpca5g410730.842	26	384
dpca5g410740.842	26	385
dpca5g410750.842	26	386
dpca5g410770.842	26	387
dpca5g410780.842	26	388
dpca5g410790.842	26	389
dpca5g410800.842	26	390
dpca5g410810.842	26	391
dpca5g410820.842	26	392
dpca5g410830.842	26	393
dpca5g410850.842	26	394
dpca5g410870.842	26	395
dpca5g410880.842	26	396
dpca5g410890.842	26	397
dpca5g410900.842	26	398
dpca5g410910.842	26	399
dpca5g410920.842	26	400
dpca5g410930.842	26	401
dpca5g410940.842	26	402
dpca5g410950.842	26	403
dpca5g410960.842	26	404
dpca5g410980.842	26	405
dpca5g410990.842	26	406
dpca5g411000.842	26	407
dpca5g411030.842	26	408
dpca5g411040.842	26	409
dpca5g411050.842	26	410
dpca5g411060.842	26	411
dpca5g411070.842	26	412
dpca5g411080.842	26	413
dpca5g411090.842	26	414
dpca5g411110.842	26	415
dpca5g411120.842	26	416
dpca5g411140.842	26	417
dpca5g411150.842	26	418
dpca5g411160.842	26	419
dpca5g411170.842	26	420
dpca5g411180.842	26	421
dpca5g411190.842	26	422
dpca5g411200.842	26	423
dpca5g411210.842	26	424
dpca5g411220.842	26	425
dpca5g411230.842	26	426
dpca5g411240.842	26	427
dpca5g411250.842	26	428
dpca5g411260.842	26	429
dpca5g411270.842	26	430
dpca5g411290.842	26	431
dpca5g411300.842	26	432
dpca5g411310.842	26	433
dpca5g411320.842	26	434
dpca5g411330.842	26	435
dpca5g411350.842	26	436
dpca5g411360.842	26	437
dpca5g411370.842	26	438
dpca5g411380.842	26	439
dpca5g411390.842	26	440
dpca5g411400.842	26	441
dpca5g411420.842	26	442
dpca5g411430.842	26	443
dpca5g411450.842	26	444
dpca5g411460.842	26	445
dpca5g411470.842	26	446
dpca5g411480.842	26	447
dpca5g411510.842	26	448
dpca5g411530.842	26	449
dpca5g411540.842	26	450
dpca5g411550.842	26	451
dpca5g411560.842	26	452
dpca5g411570.842	26	453
dpca5g411580.842	26	454
dpca5g411590.842	26	455
dpca5g411600.842	26	456
dpca5g411610.842	26	457
dpca5g411620.842	26	458
dpca5g411630.842	26	459
dpca5g411640.842	26	460
dpca5g411650.842	26	461
dpca5g411660.842	26	462
dpca5g411670.842	26	463
dpca5g411680.842	26	464
dpca5g411690.842	26	465
dpca5g411700.842	26	466
dpca5g411710.842	26	467
dpca5g411720.842	26	468
dpca5g411750.842	26	469
dpca5g411760.842	26	470
dpca5g411770.842	26	471
dpca5g411780.842	26	472
dpca5g411790.842	26	473
dpca5g411800.842	26	474
dpca5g411810.842	26	475
dpca5g411820.842	26	476
dpca5g411830.842	26	477
dpca5g411840.842	26	478
dpca5g411850.842	26	479
dpca5g411860.842	26	480
dpca5g411870.842	26	481
dpca5g411880.842	26	482
dpca5g411890.842	26	483
dpca5g411910.842	26	484
dpca5g411920.842	26	485
dpca5g411960.842	26	486
dpca5g411970.842	26	487
dpca5g412000.842	26	488
dpca5g412020.842	26	489
dpca5g412030.842	26	490
dpca5g412040.842	26	491
dpca5g412050.842	26	492
dpca5g412060.842	26	493
dpca5g412080.842	26	494
dpca5g412090.842	26	495
dpca5g412100.842	26	496
dpca5g412110.842	26	497
dpca5g412120.842	26	498
dpca5g412130.842	26	499
dpca5g412140.842	26	500
dpca5g412150.842	26	501
dpca5g412160.842	26	502
dpca5g412170.842	26	503
dpca5g412190.842	26	504
dpca5g412200.842	26	505
dpca5g412210.842	26	506
dpca5g412220.842	26	507
dpca5g412230.842	26	508
dpca5g412240.842	26	509
dpca5g412250.842	26	510
dpca5g412260.842	26	511
dpca5g412270.842	26	512
dpca5g412280.842	26	513
dpca5g412310.842	26	514
dpca5g412320.842	26	515
dpca5g412340.842	26	516
dpca5g412350.842	26	517
dpca5g412360.842	26	518
dpca5g412370.842	26	519
dpca5g412380.842	26	520
dpca5g412390.842	26	521
dpca5g412400.842	26	522
dpca5g412410.842	26	523
dpca5g412420.842	26	524
dpca5g412430.842	26	525
dpca5g412440.842	26	526
dpca5g412450.842	26	527
dpca5g412460.842	26	528
dpca5g412470.842	26	529
dpca5g412480.842	26	530
dpca5g412490.842	26	531
dpca5g412500.842	26	532
dpca5g412510.842	26	533
dpca5g412520.842	26	534
dpca5g412530.842	26	535
dpca5g412540.842	26	536
dpca5g412550.842	26	537
dpca5g412560.842	26	538
dpca5g412570.842	26	539
dpca5g412580.842	26	540
dpca5g412590.842	26	541
dpca5g412600.842	26	542
dpca5g412610.842	26	543
dpca5g412620.842	26	544
dpca5g412630.842	26	545
dpca5g412640.842	26	546
dpca5g412650.842	26	547
dpca5g412660.842	26	548
dpca5g412670.842	26	549
dpca5g412680.842	26	550
dpca5g412690.842	26	551
dpca5g412700.842	26	552
dpca5g412720.842	26	553
dpca5g412730.842	26	554
dpca5g412740.842	26	555
dpca5g412750.842	26	556
dpca5g412760.842	26	557
dpca5g412770.842	26	558
dpca5g412780.842	26	559
dpca5g412790.842	26	560
dpca5g412800.842	26	561
dpca5g412810.842	26	562
dpca5g412830.842	26	563
dpca5g412840.842	26	564
dpca5g412850.842	26	565
dpca5g412860.842	26	566
dpca5g412870.842	26	567
dpca5g412880.842	26	568
dpca5g412890.842	26	569
dpca5g412900.842	26	570
dpca5g412910.842	26	571
dpca5g412920.842	26	572
dpca5g412940.842	26	573
dpca5g412950.842	26	574
dpca5g412970.842	26	575
dpca5g412980.842	26	576
dpca5g412990.842	26	577
dpca5g413000.842	26	578
dpca5g413010.842	26	579
dpca5g413020.842	26	580
dpca5g413030.842	26	581
dpca5g413040.842	26	582
dpca5g413050.842	26	583
dpca5g413060.842	26	584
dpca5g413070.842	26	585
dpca5g413080.842	26	586
dpca5g413100.842	26	587
dpca5g413120.842	26	588
dpca5g413130.842	26	589
dpca5g413140.842	26	590
dpca5g413150.842	26	591
dpca5g413160.842	26	592
dpca5g413170.842	26	593
dpca5g413180.842	26	594
dpca5g413190.842	26	595
dpca5g413200.842	26	596
dpca5g413210.842	26	597
dpca5g413220.842	26	598
dpca5g413230.842	26	599
dpca5g413240.842	26	600
dpca5g413250.842	26	601
dpca5g413260.842	26	602
dpca5g413270.842	26	603
dpca5g413280.842	26	604
dpca5g413290.842	26	605
dpca5g413300.842	26	606
dpca5g413310.842	26	607
dpca5g413320.842	26	608
dpca5g413330.842	26	609
dpca5g413340.842	26	610
dpca5g413350.842	26	611
dpca5g413360.842	26	612
dpca5g413370.842	26	613
dpca5g413390.842	26	614
dpca5g413410.842	26	615
dpca5g413420.842	26	616
dpca5g413430.842	26	617
dpca5g413440.842	26	618
dpca5g413450.842	26	619
dpca5g413460.842	26	620
dpca5g413470.842	26	621
dpca5g413480.842	26	622
dpca5g413490.842	26	623
dpca5g413500.842	26	624
dpca5g413510.842	26	625
dpca5g413520.842	26	626
dpca5g413530.842	26	627
dpca5g413540.842	26	628
dpca5g413550.842	26	629
dpca5g413570.842	26	630
dpca5g413580.842	26	631
dpca5g413590.842	26	632
dpca5g413600.842	26	633
dpca5g413620.842	26	634
dpca5g413630.842	26	635
dpca5g413640.842	26	636
dpca5g413650.842	26	637
dpca5g413660.842	26	638
dpca5g413680.842	26	639
dpca5g413700.842	26	640
dpca5g413710.842	26	641
dpca5g413720.842	26	642
dpca5g413730.842	26	643
dpca5g413740.842	26	644
dpca5g413760.842	26	645
dpca5g413780.842	26	646
dpca5g413790.842	26	647
dpca5g413800.842	26	648
dpca5g413810.842	26	649
dpca5g413820.842	26	650
dpca5g413840.842	26	651
dpca5g413860.842	26	652
dpca5g413870.842	26	653
dpca5g413880.842	26	654
dpca5g413890.842	26	655
dpca5g413900.842	26	656
dpca5g413910.842	26	657
dpca5g413920.842	26	658
dpca5g413940.842	26	659
dpca5g413950.842	26	660
dpca5g413960.842	26	661
dpca5g413970.842	26	662
dpca5g413980.842	26	663
dpca5g413990.842	26	664
dpca5g414000.842	26	665
dpca5g414010.842	26	666
dpca5g414030.842	26	667
dpca5g414040.842	26	668
dpca5g414050.842	26	669
dpca5g414060.842	26	670
dpca5g414070.842	26	671
dpca5g414080.842	26	672
dpca5g414090.842	26	673
dpca5g414100.842	26	674
dpca5g414110.842	26	675
dpca5g414120.842	26	676
dpca5g414130.842	26	677
dpca5g414150.842	26	678
dpca5g414170.842	26	679
dpca5g414180.842	26	680
dpca5g414190.842	26	681
dpca5g414200.842	26	682
dpca5g414210.842	26	683
dpca5g414220.842	26	684
dpca5g414230.842	26	685
dpca5g414240.842	26	686
dpca5g414250.842	26	687
dpca5g414260.842	26	688
dpca5g414270.842	26	689
dpca5g414280.842	26	690
dpca5g414290.842	26	691
dpca5g414300.842	26	692
dpca5g414310.842	26	693
dpca5g414330.842	26	694
dpca5g414340.842	26	695
dpca5g414350.842	26	696
dpca5g414360.842	26	697
dpca5g414370.842	26	698
dpca5g414380.842	26	699
dpca5g414400.842	26	700
dpca5g414410.842	26	701
dpca5g414420.842	26	702
dpca5g414430.842	26	703
dpca5g414440.842	26	704
dpca5g414450.842	26	705
dpca5g414460.842	26	706
dpca5g414470.842	26	707
dpca5g414490.842	26	708
dpca5g414500.842	26	709
dpca5g414510.842	26	710
dpca5g414520.842	26	711
dpca5g414540.842	26	712
dpca5g414550.842	26	713
dpca5g414570.842	26	714
dpca5g414580.842	26	715
dpca5g414590.842	26	716
dpca5g414600.842	26	717
dpca5g414640.842	26	718
dpca5g414650.842	26	719
dpca5g414660.842	26	720
dpca5g414670.842	26	721
dpca5g414680.842	26	722
dpca5g414690.842	26	723
dpca5g414700.842	26	724
dpca5g414710.842	26	725
dpca5g414720.842	26	726
dpca5g414730.842	26	727
dpca5g414740.842	26	728
dpca5g414750.842	26	729
dpca5g414760.842	26	730
dpca5g414770.842	26	731
dpca5g414780.842	26	732
dpca5g414790.842	26	733
dpca5g414800.842	26	734
dpca5g414820.842	26	735
dpca5g414830.842	26	736
dpca5g414840.842	26	737
dpca5g414850.842	26	738
dpca5g414860.842	26	739
dpca5g414870.842	26	740
dpca5g414880.842	26	741
dpca5g414890.842	26	742
dpca5g414900.842	26	743
dpca5g414910.842	26	744
dpca5g414920.842	26	745
dpca5g414940.842	26	746
dpca5g414950.842	26	747
dpca5g414960.842	26	748
dpca5g414970.842	26	749
dpca5g414980.842	26	750
dpca5g414990.842	26	751
dpca5g415000.842	26	752
dpca5g415010.842	26	753
dpca5g415020.842	26	754
dpca5g415030.842	26	755
dpca5g415040.842	26	756
dpca5g415050.842	26	757
dpca5g415060.842	26	758
dpca5g415080.842	26	759
dpca5g415090.842	26	760
dpca5g415110.842	26	761
dpca5g415130.842	26	762
dpca5g415140.842	26	763
dpca5g415150.842	26	764
dpca5g415160.842	26	765
dpca5g415170.842	26	766
dpca5g415180.842	26	767
dpca6g415190.842	26	768
dpca6g415200.842	26	769
dpca6g415210.842	26	770
dpca6g415220.842	26	771
dpca6g415230.842	26	772
dpca6g415240.842	26	773
dpca6g415250.842	26	774
dpca6g415260.842	26	775
dpca6g415270.842	26	776
dpca6g415280.842	26	777
dpca6g415290.842	26	778
dpca6g415300.842	26	779
dpca6g415310.842	26	780
dpca6g415320.842	26	781
dpca6g415330.842	26	782
dpca6g415340.842	26	783
dpca6g415360.842	26	784
dpca6g415370.842	26	785
dpca6g415380.842	26	786
dpca6g415390.842	26	787
dpca6g415400.842	26	788
dpca6g415410.842	26	789
dpca6g415420.842	26	790
dpca6g415430.842	26	791
dpca6g415440.842	26	792
dpca6g415450.842	26	793
dpca6g415460.842	26	794
dpca6g415470.842	26	795
dpca6g415480.842	26	796
dpca6g415490.842	26	797
dpca6g415500.842	26	798
dpca6g415530.842	26	799
dpca6g415540.842	26	800
dpca6g415550.842	26	801
dpca6g415560.842	26	802
dpca6g415570.842	26	803
dpca6g415580.842	26	804
dpca6g415590.842	26	805
dpca6g415600.842	26	806
dpca6g415610.842	26	807
dpca6g415620.842	26	808
dpca6g415630.842	26	809
dpca6g415640.842	26	810
dpca6g415650.842	26	811
dpca6g415660.842	26	812
dpca6g415670.842	26	813
dpca6g415680.842	26	814
dpca6g415690.842	26	815
dpca6g415700.842	26	816
dpca6g415710.842	26	817
dpca6g415720.842	26	818
dpca6g415730.842	26	819
dpca6g415740.842	26	820
dpca6g415750.842	26	821
dpca6g415760.842	26	822
dpca6g415770.842	26	823
dpca6g415780.842	26	824
dpca6g415790.842	26	825
dpca6g415800.842	26	826
dpca6g415810.842	26	827
dpca6g415820.842	26	828
dpca6g415830.842	26	829
dpca6g415840.842	26	830
dpca6g415850.842	26	831
dpca6g415860.842	26	832
dpca6g415870.842	26	833
dpca6g415880.842	26	834
dpca6g415890.842	26	835
dpca6g415900.842	26	836
dpca6g415910.842	26	837
dpca6g415920.842	26	838
dpca6g415930.842	26	839
dpca6g415940.842	26	840
dpca6g415950.842	26	841
dpca6g415970.842	26	842
dpca6g415980.842	26	843
dpca6g416000.842	26	844
dpca6g416010.842	26	845
dpca6g416020.842	26	846
dpca6g416030.842	26	847
dpca6g416040.842	26	848
dpca6g416050.842	26	849
dpca6g416060.842	26	850
dpca6g416070.842	26	851
dpca6g416080.842	26	852
dpca6g416100.842	26	853
dpca6g416110.842	26	854
dpca6g416120.842	26	855
dpca6g416130.842	26	856
dpca6g416170.842	26	857
dpca6g416180.842	26	858
dpca6g416190.842	26	859
dpca6g416200.842	26	860
dpca6g416210.842	26	861
dpca6g416220.842	26	862
dpca6g416230.842	26	863
dpca6g416240.842	26	864
dpca6g416260.842	26	865
dpca6g416270.842	26	866
dpca6g416280.842	26	867
dpca6g416300.842	26	868
dpca6g416310.842	26	869
dpca6g416320.842	26	870
dpca6g416330.842	26	871
dpca6g416340.842	26	872
dpca6g416350.842	26	873
dpca6g416360.842	26	874
dpca6g416370.842	26	875
dpca6g416380.842	26	876
dpca6g416390.842	26	877
dpca6g416400.842	26	878
dpca6g416410.842	26	879
dpca6g416440.842	26	880
dpca6g416450.842	26	881
dpca6g416460.842	26	882
dpca6g416470.842	26	883
dpca6g416480.842	26	884
dpca6g416490.842	26	885
dpca6g416500.842	26	886
dpca6g416510.842	26	887
dpca6g416520.842	26	888
dpca6g416530.842	26	889
dpca6g416540.842	26	890
dpca6g416550.842	26	891
dpca6g416570.842	26	892
dpca6g416580.842	26	893
dpca6g416590.842	26	894
dpca6g416600.842	26	895
dpca6g416610.842	26	896
dpca6g416620.842	26	897
dpca6g416630.842	26	898
dpca6g416640.842	26	899
dpca6g416650.842	26	900
dpca6g416660.842	26	901
dpca6g416670.842	26	902
dpca6g416680.842	26	903
dpca6g416690.842	26	904
dpca6g416700.842	26	905
dpca6g416710.842	26	906
dpca6g416720.842	26	907
dpca6g416730.842	26	908
dpca6g416740.842	26	909
dpca6g416750.842	26	910
dpca6g416760.842	26	911
dpca6g416770.842	26	912
dpca6g416780.842	26	913
dpca6g416790.842	26	914
dpca6g416800.842	26	915
dpca6g416810.842	26	916
dpca6g416820.842	26	917
dpca6g416830.842	26	918
dpca6g416840.842	26	919
dpca6g416860.842	26	920
dpca6g416870.842	26	921
dpca6g416880.842	26	922
dpca6g416890.842	26	923
dpca6g416900.842	26	924
dpca6g416910.842	26	925
dpca6g416920.842	26	926
dpca6g416930.842	26	927
dpca6g416940.842	26	928
dpca6g416950.842	26	929
dpca6g416970.842	26	930
dpca6g416980.842	26	931
dpca6g416990.842	26	932
dpca6g417000.842	26	933
dpca6g417010.842	26	934
dpca6g417020.842	26	935
dpca6g417030.842	26	936
dpca6g417050.842	26	937
dpca6g417060.842	26	938
dpca6g417070.842	26	939
dpca6g417080.842	26	940
dpca6g417090.842	26	941
dpca6g417100.842	26	942
dpca6g417110.842	26	943
dpca6g417120.842	26	944
dpca6g417130.842	26	945
dpca6g417140.842	26	946
dpca6g417150.842	26	947
dpca6g417160.842	26	948
dpca6g417170.842	26	949
dpca6g417180.842	26	950
dpca6g417190.842	26	951
dpca6g417200.842	26	952
dpca6g417210.842	26	953
dpca6g417220.842	26	954
dpca6g417230.842	26	955
dpca6g417240.842	26	956
dpca6g417250.842	26	957
dpca6g417260.842	26	958
dpca6g417270.842	26	959
dpca6g417280.842	26	960
dpca6g417290.842	26	961
dpca6g417300.842	26	962
dpca6g417310.842	26	963
dpca6g417320.842	26	964
dpca6g417350.842	26	965
dpca6g417360.842	26	966
dpca6g417380.842	26	967
dpca6g417390.842	26	968
dpca6g417420.842	26	969
dpca6g417430.842	26	970
dpca6g417440.842	26	971
dpca6g417450.842	26	972
dpca6g417460.842	26	973
dpca6g417470.842	26	974
dpca6g417480.842	26	975
dpca6g417500.842	26	976
dpca6g417510.842	26	977
dpca6g417520.842	26	978
dpca6g417530.842	26	979
dpca6g417540.842	26	980
dpca6g417550.842	26	981
dpca6g417560.842	26	982
dpca6g417570.842	26	983
dpca6g417580.842	26	984
dpca6g417590.842	26	985
dpca6g417600.842	26	986
dpca6g417610.842	26	987
dpca6g417620.842	26	988
dpca6g417630.842	26	989
dpca6g417640.842	26	990
dpca6g417650.842	26	991
dpca6g417660.842	26	992
dpca6g417670.842	26	993
dpca6g417680.842	26	994
dpca6g417690.842	26	995
dpca6g417700.842	26	996
dpca6g417710.842	26	997
dpca6g417720.842	26	998
dpca6g417730.842	26	999
dpca6g417740.842	26	1000
dpca6g417750.842	26	1001
dpca6g417760.842	26	1002
dpca6g417770.842	26	1003
dpca6g417780.842	26	1004
dpca6g417790.842	26	1005
dpca6g417800.842	26	1006
dpca6g417810.842	26	1007
dpca6g417820.842	26	1008
dpca6g417830.842	26	1009
dpca6g417840.842	26	1010
dpca6g417850.842	26	1011
dpca6g417860.842	26	1012
dpca6g417870.842	26	1013
dpca6g417880.842	26	1014
dpca6g417890.842	26	1015
dpca6g417900.842	26	1016
dpca6g417920.842	26	1017
dpca6g417930.842	26	1018
dpca6g417940.842	26	1019
dpca6g417950.842	26	1020
dpca6g417960.842	26	1021
dpca6g417970.842	26	1022
dpca6g417980.842	26	1023
dpca6g417990.842	27	0
dpca6g418000.842	27	1
dpca6g418010.842	27	2
dpca6g418020.842	27	3
dpca6g418030.842	27	4
dpca6g418040.842	27	5
dpca6g418050.842	27	6
dpca6g418060.842	27	7
dpca6g418070.842	27	8
dpca6g418080.842	27	9
dpca6g418110.842	27	10
dpca6g418120.842	27	11
dpca6g418130.842	27	12
dpca6g418140.842	27	13
dpca6g418160.842	27	14
dpca6g418170.842	27	15
dpca6g418180.842	27	16
dpca6g418190.842	27	17
dpca6g418200.842	27	18
dpca6g418210.842	27	19
dpca6g418220.842	27	20
dpca6g418230.842	27	21
dpca6g418240.842	27	22
dpca6g418250.842	27	23
dpca6g418260.842	27	24
dpca6g418300.842	27	25
dpca6g418310.842	27	26
dpca6g418320.842	27	27
dpca6g418330.842	27	28
dpca6g418350.842	27	29
dpca6g418360.842	27	30
dpca6g418370.842	27	31
dpca6g418380.842	27	32
dpca6g418390.842	27	33
dpca6g418400.842	27	34
dpca6g418410.842	27	35
dpca6g418430.842	27	36
dpca6g418440.842	27	37
dpca6g418450.842	27	38
dpca6g418460.842	27	39
dpca6g418470.842	27	40
dpca6g418480.842	27	41
dpca6g418500.842	27	42
dpca6g418510.842	27	43
dpca6g418530.842	27	44
dpca6g418550.842	27	45
dpca6g418560.842	27	46
dpca6g418580.842	27	47
dpca6g418590.842	27	48
dpca6g418600.842	27	49
dpca6g418610.842	27	50
dpca6g418620.842	27	51
dpca6g418630.842	27	52
dpca6g418640.842	27	53
dpca6g418650.842	27	54
dpca6g418660.842	27	55
dpca6g418670.842	27	56
dpca6g418680.842	27	57
dpca6g418690.842	27	58
dpca6g418700.842	27	59
dpca6g418710.842	27	60
dpca6g418730.842	27	61
dpca6g418740.842	27	62
dpca6g418750.842	27	63
dpca6g418790.842	27	64
dpca6g418800.842	27	65
dpca6g418810.842	27	66
dpca6g418850.842	27	67
dpca6g418860.842	27	68
dpca6g418870.842	27	69
dpca6g418880.842	27	70
dpca6g418890.842	27	71
dpca6g418900.842	27	72
dpca6g418910.842	27	73
dpca6g418940.842	27	74
dpca6g418950.842	27	75
dpca6g418960.842	27	76
dpca6g418970.842	27	77
dpca6g418980.842	27	78
dpca6g418990.842	27	79
dpca6g419000.842	27	80
dpca6g419010.842	27	81
dpca6g419020.842	27	82
dpca6g419030.842	27	83
dpca6g419040.842	27	84
dpca6g419060.842	27	85
dpca6g419080.842	27	86
dpca6g419090.842	27	87
dpca6g419110.842	27	88
dpca6g419130.842	27	89
dpca6g419140.842	27	90
dpca6g419150.842	27	91
dpca6g419160.842	27	92
dpca6g419170.842	27	93
dpca6g419180.842	27	94
dpca6g419190.842	27	95
dpca6g419220.842	27	96
dpca6g419240.842	27	97
dpca6g419250.842	27	98
dpca6g419260.842	27	99
dpca6g419270.842	27	100
dpca6g419280.842	27	101
dpca6g419290.842	27	102
dpca6g419300.842	27	103
dpca6g419310.842	27	104
dpca6g419320.842	27	105
dpca6g419330.842	27	106
dpca6g419340.842	27	107
dpca6g419350.842	27	108
dpca6g419360.842	27	109
dpca6g419370.842	27	110
dpca6g419380.842	27	111
dpca6g419390.842	27	112
dpca6g419400.842	27	113
dpca6g419410.842	27	114
dpca6g419420.842	27	115
dpca6g419430.842	27	116
dpca6g419470.842	27	117
dpca6g419500.842	27	118
dpca6g419510.842	27	119
dpca6g419520.842	27	120
dpca6g419530.842	27	121
dpca6g419540.842	27	122
dpca6g419550.842	27	123
dpca6g419560.842	27	124
dpca6g419580.842	27	125
dpca6g419590.842	27	126
dpca6g419600.842	27	127
dpca6g419640.842	27	128
dpca6g419650.842	27	129
dpca6g419660.842	27	130
dpca6g419680.842	27	131
dpca6g419690.842	27	132
dpca6g419700.842	27	133
dpca6g419710.842	27	134
dpca6g419720.842	27	135
dpca6g419750.842	27	136
dpca6g419760.842	27	137
dpca6g419770.842	27	138
dpca6g419780.842	27	139
dpca6g419800.842	27	140
dpca6g419810.842	27	141
dpca6g419820.842	27	142
dpca6g419830.842	27	143
dpca6g419840.842	27	144
dpca6g419850.842	27	145
dpca6g419860.842	27	146
dpca6g419880.842	27	147
dpca6g419900.842	27	148
dpca6g419910.842	27	149
dpca6g419920.842	27	150
dpca6g419930.842	27	151
dpca6g419940.842	27	152
dpca6g419960.842	27	153
dpca6g419970.842	27	154
dpca6g419990.842	27	155
dpca6g420000.842	27	156
dpca6g420010.842	27	157
dpca6g420020.842	27	158
dpca6g420030.842	27	159
dpca6g420040.842	27	160
dpca6g420050.842	27	161
dpca6g420060.842	27	162
dpca6g420070.842	27	163
dpca6g420090.842	27	164
dpca6g420100.842	27	165
dpca6g420110.842	27	166
dpca6g420120.842	27	167
dpca6g420130.842	27	168
dpca6g420140.842	27	169
dpca6g420150.842	27	170
dpca6g420160.842	27	171
dpca6g420170.842	27	172
dpca6g420180.842	27	173
dpca6g420190.842	27	174
dpca6g420200.842	27	175
dpca6g420210.842	27	176
dpca6g420220.842	27	177
dpca6g420230.842	27	178
dpca6g420240.842	27	179
dpca6g420250.842	27	180
dpca6g420260.842	27	181
dpca6g420270.842	27	182
dpca6g420290.842	27	183
dpca6g420300.842	27	184
dpca6g420310.842	27	185
dpca6g420320.842	27	186
dpca6g420330.842	27	187
dpca6g420340.842	27	188
dpca6g420350.842	27	189
dpca6g420360.842	27	190
dpca6g420370.842	27	191
dpca6g420390.842	27	192
dpca6g420410.842	27	193
dpca6g420420.842	27	194
dpca6g420450.842	27	195
dpca6g420460.842	27	196
dpca6g420470.842	27	197
dpca6g420490.842	27	198
dpca6g420510.842	27	199
dpca6g420520.842	27	200
dpca6g420530.842	27	201
dpca6g420540.842	27	202
dpca6g420550.842	27	203
dpca6g420560.842	27	204
dpca6g420590.842	27	205
dpca6g420600.842	27	206
dpca6g420610.842	27	207
dpca6g420620.842	27	208
dpca6g420630.842	27	209
dpca6g420640.842	27	210
dpca6g420650.842	27	211
dpca6g420660.842	27	212
dpca6g420680.842	27	213
dpca6g420690.842	27	214
dpca6g420700.842	27	215
dpca6g420710.842	27	216
dpca6g420720.842	27	217
dpca6g420730.842	27	218
dpca6g420740.842	27	219
dpca6g420760.842	27	220
dpca6g420770.842	27	221
dpca6g420780.842	27	222
dpca6g420790.842	27	223
dpca6g420800.842	27	224
dpca6g420810.842	27	225
dpca6g420820.842	27	226
dpca6g420830.842	27	227
dpca6g420840.842	27	228
dpca6g420850.842	27	229
dpca6g420860.842	27	230
dpca6g420870.842	27	231
dpca6g420880.842	27	232
dpca6g420890.842	27	233
dpca6g420910.842	27	234
dpca6g420920.842	27	235
dpca6g420940.842	27	236
dpca6g420970.842	27	237
dpca6g420980.842	27	238
dpca6g420990.842	27	239
dpca6g421000.842	27	240
dpca6g421010.842	27	241
dpca6g421030.842	27	242
dpca6g421050.842	27	243
dpca6g421060.842	27	244
dpca6g421070.842	27	245
dpca6g421080.842	27	246
dpca6g421100.842	27	247
dpca6g421110.842	27	248
dpca6g421120.842	27	249
dpca6g421150.842	27	250
dpca6g421160.842	27	251
dpca6g421170.842	27	252
dpca6g421180.842	27	253
dpca6g421190.842	27	254
dpca6g421200.842	27	255
dpca6g421210.842	27	256
dpca6g421220.842	27	257
dpca6g421230.842	27	258
dpca6g421240.842	27	259
dpca6g421270.842	27	260
dpca6g421280.842	27	261
dpca6g421290.842	27	262
dpca6g421300.842	27	263
dpca6g421310.842	27	264
dpca6g421320.842	27	265
dpca6g421360.842	27	266
dpca6g421370.842	27	267
dpca6g421380.842	27	268
dpca6g421400.842	27	269
dpca6g421410.842	27	270
dpca6g421420.842	27	271
dpca6g421430.842	27	272
dpca6g421440.842	27	273
dpca6g421450.842	27	274
dpca6g421460.842	27	275
dpca6g421480.842	27	276
dpca6g421490.842	27	277
dpca6g421500.842	27	278
dpca6g421520.842	27	279
dpca6g421530.842	27	280
dpca6g421550.842	27	281
dpca6g421560.842	27	282
dpca6g421570.842	27	283
dpca6g421580.842	27	284
dpca6g421590.842	27	285
dpca6g421600.842	27	286
dpca6g421610.842	27	287
dpca6g421630.842	27	288
dpca6g421640.842	27	289
dpca6g421650.842	27	290
dpca6g421660.842	27	291
dpca6g421670.842	27	292
dpca6g421680.842	27	293
dpca6g421690.842	27	294
dpca6g421700.842	27	295
dpca6g421710.842	27	296
dpca6g421720.842	27	297
dpca6g421740.842	27	298
dpca6g421750.842	27	299
dpca6g421790.842	27	300
dpca6g421800.842	27	301
dpca6g421810.842	27	302
dpca6g421820.842	27	303
dpca6g421830.842	27	304
dpca6g421840.842	27	305
dpca6g421850.842	27	306
dpca6g421860.842	27	307
dpca6g421880.842	27	308
dpca6g421890.842	27	309
dpca6g421900.842	27	310
dpca6g421930.842	27	311
dpca6g421940.842	27	312
dpca6g421950.842	27	313
dpca6g421960.842	27	314
dpca6g421970.842	27	315
dpca6g422010.842	27	316
dpca6g422020.842	27	317
dpca6g422030.842	27	318
dpca6g422040.842	27	319
dpca6g422060.842	27	320
dpca6g422070.842	27	321
dpca6g422080.842	27	322
dpca6g422090.842	27	323
dpca6g422100.842	27	324
dpca6g422110.842	27	325
dpca6g422120.842	27	326
dpca6g422130.842	27	327
dpca6g422140.842	27	328
dpca6g422150.842	27	329
dpca6g422170.842	27	330
dpca6g422180.842	27	331
dpca6g422190.842	27	332
dpca6g422210.842	27	333
dpca6g422240.842	27	334
dpca6g422250.842	27	335
dpca6g422280.842	27	336
dpca6g422290.842	27	337
dpca6g422300.842	27	338
dpca6g422340.842	27	339
dpca6g422350.842	27	340
dpca6g422360.842	27	341
dpca6g422370.842	27	342
dpca6g422380.842	27	343
dpca6g422390.842	27	344
dpca6g422400.842	27	345
dpca6g422420.842	27	346
dpca6g422430.842	27	347
dpca6g422440.842	27	348
dpca6g422470.842	27	349
dpca6g422480.842	27	350
dpca6g422490.842	27	351
dpca6g422510.842	27	352
dpca6g422520.842	27	353
dpca6g422530.842	27	354
dpca6g422540.842	27	355
dpca6g422550.842	27	356
dpca6g422560.842	27	357
dpca6g422570.842	27	358
dpca6g422580.842	27	359
dpca6g422590.842	27	360
dpca6g422600.842	27	361
dpca6g422620.842	27	362
dpca6g422630.842	27	363
dpca6g422640.842	27	364
dpca6g422650.842	27	365
dpca6g422670.842	27	366
dpca6g422690.842	27	367
dpca6g422710.842	27	368
dpca6g422730.842	27	369
dpca6g422770.842	27	370
dpca6g422790.842	27	371
dpca6g422800.842	27	372
dpca6g422810.842	27	373
dpca6g422830.842	27	374
dpca6g422840.842	27	375
dpca6g422850.842	27	376
dpca6g422860.842	27	377
dpca6g422880.842	27	378
dpca6g422900.842	27	379
dpca6g422920.842	27	380
dpca6g422930.842	27	381
dpca6g422940.842	27	382
dpca6g422950.842	27	383
dpca6g422960.842	27	384
dpca6g422970.842	27	385
dpca6g422980.842	27	386
dpca6g422990.842	27	387
dpca6g423000.842	27	388
dpca6g423010.842	27	389
dpca6g423020.842	27	390
dpca6g423030.842	27	391
dpca6g423040.842	27	392
dpca6g423050.842	27	393
dpca6g423060.842	27	394
dpca6g423080.842	27	395
dpca6g423090.842	27	396
dpca6g423110.842	27	397
dpca6g423130.842	27	398
dpca6g423160.842	27	399
dpca6g423170.842	27	400
dpca6g423180.842	27	401
dpca6g423190.842	27	402
dpca6g423240.842	27	403
dpca6g423250.842	27	404
dpca6g423270.842	27	405
dpca6g423280.842	27	406
dpca6g423290.842	27	407
dpca6g423300.842	27	408
dpca6g423320.842	27	409
dpca6g423340.842	27	410
dpca6g423350.842	27	411
dpca6g423390.842	27	412
dpca6g423400.842	27	413
dpca6g423410.842	27	414
dpca6g423420.842	27	415
dpca6g423430.842	27	416
dpca6g423440.842	27	417
dpca6g423450.842	27	418
dpca6g423460.842	27	419
dpca6g423470.842	27	420
dpca6g423480.842	27	421
dpca6g423490.842	27	422
dpca6g423500.842	27	423
dpca6g423510.842	27	424
dpca6g423520.842	27	425
dpca6g423530.842	27	426
dpca6g423540.842	27	427
dpca6g423550.842	27	428
dpca6g423560.842	27	429
dpca6g423580.842	27	430
dpca6g423600.842	27	431
dpca6g423620.842	27	432
dpca6g423630.842	27	433
dpca6g423640.842	27	434
dpca6g423650.842	27	435
dpca6g423660.842	27	436
dpca6g423670.842	27	437
dpca6g423680.842	27	438
dpca6g423690.842	27	439
dpca6g423700.842	27	440
dpca6g423710.842	27	441
dpca6g423730.842	27	442
dpca6g423740.842	27	443
dpca6g423750.842	27	444
dpca6g423760.842	27	445
dpca6g423770.842	27	446
dpca6g423780.842	27	447
dpca6g423790.842	27	448
dpca6g423800.842	27	449
dpca6g423820.842	27	450
dpca6g423830.842	27	451
dpca6g423840.842	27	452
dpca6g423850.842	27	453
dpca6g423860.842	27	454
dpca6g423870.842	27	455
dpca6g423880.842	27	456
dpca6g423890.842	27	457
dpca6g423910.842	27	458
dpca6g423920.842	27	459
dpca6g423930.842	27	460
dpca6g423940.842	27	461
dpca6g423950.842	27	462
dpca6g423960.842	27	463
dpca6g423970.842	27	464
dpca6g423980.842	27	465
dpca6g423990.842	27	466
dpca6g424000.842	27	467
dpca6g424040.842	27	468
dpca6g424050.842	27	469
dpca6g424090.842	27	470
dpca6g424100.842	27	471
dpca6g424110.842	27	472
dpca6g424120.842	27	473
dpca6g424140.842	27	474
dpca6g424150.842	27	475
dpca6g424160.842	27	476
dpca6g424180.842	27	477
dpca6g424190.842	27	478
dpca6g424200.842	27	479
dpca6g424210.842	27	480
dpca6g424220.842	27	481
dpca6g424230.842	27	482
dpca6g424240.842	27	483
dpca6g424250.842	27	484
dpca6g424260.842	27	485
dpca6g424270.842	27	486
dpca6g424280.842	27	487
dpca6g424290.842	27	488
dpca6g424300.842	27	489
dpca6g424310.842	27	490
dpca6g424320.842	27	491
dpca6g424340.842	27	492
dpca6g424350.842	27	493
dpca6g424360.842	27	494
dpca6g424370.842	27	495
dpca6g424380.842	27	496
dpca6g424390.842	27	497
dpca6g424410.842	27	498
dpca6g424420.842	27	499
dpca6g424430.842	27	500
dpca6g424450.842	27	501
dpca6g424460.842	27	502
dpca6g424470.842	27	503
dpca6g424490.842	27	504
dpca6g424500.842	27	505
dpca6g424520.842	27	506
dpca6g424550.842	27	507
dpca6g424560.842	27	508
dpca6g424570.842	27	509
dpca6g424580.842	27	510
dpca6g424590.842	27	511
dpca6g424620.842	27	512
dpca6g424630.842	27	513
dpca6g424640.842	27	514
dpca6g424650.842	27	515
dpca6g424660.842	27	516
dpca6g424670.842	27	517
dpca6g424680.842	27	518
dpca6g424700.842	27	519
dpca6g424710.842	27	520
dpca6g424720.842	27	521
dpca6g424740.842	27	522
dpca6g424750.842	27	523
dpca6g424760.842	27	524
dpca6g424770.842	27	525
dpca6g424790.842	27	526
dpca6g424800.842	27	527
dpca6g424810.842	27	528
dpca6g424820.842	27	529
dpca6g424830.842	27	530
dpca6g424840.842	27	531
dpca6g424860.842	27	532
dpca6g424880.842	27	533
dpca6g424900.842	27	534
dpca6g424910.842	27	535
dpca6g424920.842	27	536
dpca6g424930.842	27	537
dpca6g424940.842	27	538
dpca6g424950.842	27	539
dpca6g424960.842	27	540
dpca6g424970.842	27	541
dpca6g424980.842	27	542
dpca6g425010.842	27	543
dpca6g425020.842	27	544
dpca6g425030.842	27	545
dpca6g425040.842	27	546
dpca6g425050.842	27	547
dpca6g425060.842	27	548
dpca6g425070.842	27	549
dpca6g425080.842	27	550
dpca6g425090.842	27	551
dpca6g425100.842	27	552
dpca6g425110.842	27	553
dpca6g425120.842	27	554
dpca6g425130.842	27	555
dpca6g425140.842	27	556
dpca6g425150.842	27	557
dpca6g425160.842	27	558
dpca6g425170.842	27	559
dpca6g425180.842	27	560
dpca6g425190.842	27	561
dpca6g425200.842	27	562
dpca6g425210.842	27	563
dpca6g425220.842	27	564
dpca6g425290.842	27	565
dpca6g425300.842	27	566
dpca6g425320.842	27	567
dpca6g425330.842	27	568
dpca6g425340.842	27	569
dpca6g425350.842	27	570
dpca6g425360.842	27	571
dpca6g425370.842	27	572
dpca6g425380.842	27	573
dpca6g425410.842	27	574
dpca6g425420.842	27	575
dpca6g425430.842	27	576
dpca6g425440.842	27	577
dpca6g425450.842	27	578
dpca6g425460.842	27	579
dpca6g425470.842	27	580
dpca6g425480.842	27	581
dpca6g425490.842	27	582
dpca6g425500.842	27	583
dpca6g425540.842	27	584
dpca6g425550.842	27	585
dpca6g425560.842	27	586
dpca6g425570.842	27	587
dpca6g425580.842	27	588
dpca6g425590.842	27	589
dpca6g425600.842	27	590
dpca6g425620.842	27	591
dpca6g425630.842	27	592
dpca6g425640.842	27	593
dpca6g425650.842	27	594
dpca6g425660.842	27	595
dpca6g425670.842	27	596
dpca6g425680.842	27	597
dpca6g425690.842	27	598
dpca6g425700.842	27	599
dpca6g425710.842	27	600
dpca6g425720.842	27	601
dpca6g425740.842	27	602
dpca6g425750.842	27	603
dpca6g425760.842	27	604
dpca6g425770.842	27	605
dpca6g425780.842	27	606
dpca6g425790.842	27	607
dpca6g425800.842	27	608
dpca6g425810.842	27	609
dpca6g425820.842	27	610
dpca6g425850.842	27	611
dpca6g425860.842	27	612
dpca6g425870.842	27	613
dpca6g425880.842	27	614
dpca6g425900.842	27	615
dpca6g425910.842	27	616
dpca6g425930.842	27	617
dpca6g425940.842	27	618
dpca6g425950.842	27	619
dpca6g425960.842	27	620
dpca6g425970.842	27	621
dpca6g425980.842	27	622
dpca6g425990.842	27	623
dpca6g426000.842	27	624
dpca6g426010.842	27	625
dpca6g426020.842	27	626
dpca6g426030.842	27	627
dpca6g426040.842	27	628
dpca6g426050.842	27	629
dpca6g426060.842	27	630
dpca6g426100.842	27	631
dpca6g426120.842	27	632
dpca6g426130.842	27	633
dpca6g426140.842	27	634
dpca6g426150.842	27	635
dpca6g426160.842	27	636
dpca6g426170.842	27	637
dpca6g426180.842	27	638
dpca6g426190.842	27	639
dpca6g426200.842	27	640
dpca6g426210.842	27	641
dpca6g426220.842	27	642
dpca6g426240.842	27	643
dpca6g426250.842	27	644
dpca6g426260.842	27	645
dpca6g426270.842	27	646
dpca6g426290.842	27	647
dpca6g426360.842	27	648
dpca6g426370.842	27	649
dpca6g426380.842	27	650
dpca6g426400.842	27	651
dpca6g426440.842	27	652
dpca6g426460.842	27	653
dpca6g426470.842	27	654
dpca6g426490.842	27	655
dpca6g426520.842	27	656
dpca6g426530.842	27	657
dpca6g426540.842	27	658
dpca6g426550.842	27	659
dpca6g426570.842	27	660
dpca6g426580.842	27	661
dpca6g426590.842	27	662
dpca6g426600.842	27	663
dpca6g426610.842	27	664
dpca6g426620.842	27	665
dpca6g426630.842	27	666
dpca6g426650.842	27	667
dpca6g426660.842	27	668
dpca6g426670.842	27	669
dpca6g426680.842	27	670
dpca6g426690.842	27	671
dpca6g426700.842	27	672
dpca6g426710.842	27	673
dpca6g426720.842	27	674
dpca6g426730.842	27	675
dpca6g426740.842	27	676
dpca6g426750.842	27	677
dpca6g426780.842	27	678
dpca6g426790.842	27	679
dpca6g426810.842	27	680
dpca6g426820.842	27	681
dpca6g426830.842	27	682
dpca6g426840.842	27	683
dpca6g426850.842	27	684
dpca6g426860.842	27	685
dpca6g426870.842	27	686
dpca6g426890.842	27	687
dpca6g426900.842	27	688
dpca6g426910.842	27	689
dpca6g426920.842	27	690
dpca6g426930.842	27	691
dpca6g426940.842	27	692
dpca6g426950.842	27	693
dpca6g426970.842	27	694
dpca6g426990.842	27	695
dpca6g427000.842	27	696
dpca6g427020.842	27	697
dpca6g427030.842	27	698
dpca6g427040.842	27	699
dpca6g427050.842	27	700
dpca6g427060.842	27	701
dpca6g427070.842	27	702
dpca6g427080.842	27	703
dpca6g427090.842	27	704
dpca6g427100.842	27	705
dpca6g427110.842	27	706
dpca6g427120.842	27	707
dpca6g427130.842	27	708
dpca6g427150.842	27	709
dpca6g427160.842	27	710
dpca6g427170.842	27	711
dpca6g427180.842	27	712
dpca6g427190.842	27	713
dpca6g427200.842	27	714
dpca6g427210.842	27	715
dpca6g427220.842	27	716
dpca6g427230.842	27	717
dpca6g427240.842	27	718
dpca6g427250.842	27	719
dpca6g427260.842	27	720
dpca6g427280.842	27	721
dpca6g427290.842	27	722
dpca6g427300.842	27	723
dpca6g427310.842	27	724
dpca6g427320.842	27	725
dpca6g427330.842	27	726
dpca6g427340.842	27	727
dpca6g427350.842	27	728
dpca6g427360.842	27	729
dpca6g427370.842	27	730
dpca6g427380.842	27	731
dpca6g427390.842	27	732
dpca6g427400.842	27	733
dpca6g427440.842	27	734
dpca6g427450.842	27	735
dpca6g427460.842	27	736
dpca6g427470.842	27	737
dpca6g427490.842	27	738
dpca6g427520.842	27	739
dpca6g427540.842	27	740
dpca6g427550.842	27	741
dpca6g427560.842	27	742
dpca6g427570.842	27	743
dpca6g427580.842	27	744
dpca6g427600.842	27	745
dpca6g427610.842	27	746
dpca6g427620.842	27	747
dpca6g427630.842	27	748
dpca6g427640.842	27	749
dpca6g427650.842	27	750
dpca6g427660.842	27	751
dpca6g427670.842	27	752
dpca6g427710.842	27	753
dpca6g427720.842	27	754
dpca6g427750.842	27	755
dpca6g427760.842	27	756
dpca6g427770.842	27	757
dpca6g427780.842	27	758
dpca6g427790.842	27	759
dpca6g427820.842	27	760
dpca6g427830.842	27	761
dpca6g427840.842	27	762
dpca6g427860.842	27	763
dpca6g427870.842	27	764
dpca6g427880.842	27	765
dpca6g427890.842	27	766
dpca6g427900.842	27	767
dpca6g427910.842	27	768
dpca6g427930.842	27	769
dpca6g427940.842	27	770
dpca6g427950.842	27	771
dpca6g427980.842	27	772
dpca6g427990.842	27	773
dpca6g428000.842	27	774
dpca6g428010.842	27	775
dpca6g428020.842	27	776
dpca6g428030.842	27	777
dpca6g428040.842	27	778
dpca6g428050.842	27	779
dpca6g428060.842	27	780
dpca6g428070.842	27	781
dpca6g428080.842	27	782
dpca6g428090.842	27	783
dpca6g428100.842	27	784
dpca6g428110.842	27	785
dpca6g428120.842	27	786
dpca6g428130.842	27	787
dpca6g428140.842	27	788
dpca6g428150.842	27	789
dpca6g428170.842	27	790
dpca6g428200.842	27	791
dpca6g428230.842	27	792
dpca6g428240.842	27	793
dpca6g428250.842	27	794
dpca6g428260.842	27	795
dpca6g428270.842	27	796
dpca6g428280.842	27	797
dpca6g428300.842	27	798
dpca6g428310.842	27	799
dpca6g428320.842	27	800
dpca6g428330.842	27	801
dpca6g428340.842	27	802
dpca6g428350.842	27	803
dpca6g428360.842	27	804
dpca6g428370.842	27	805
dpca6g428380.842	27	806
dpca6g428390.842	27	807
dpca6g428400.842	27	808
dpca6g428410.842	27	809
dpca6g428420.842	27	810
dpca6g428430.842	27	811
dpca6g428440.842	27	812
dpca6g428450.842	27	813
dpca6g428460.842	27	814
dpca6g428470.842	27	815
dpca6g428480.842	27	816
dpca6g428500.842	27	817
dpca6g428520.842	27	818
dpca6g428530.842	27	819
dpca6g428540.842	27	820
dpca6g428580.842	27	821
dpca6g428590.842	27	822
dpca6g428600.842	27	823
dpca6g428620.842	27	824
dpca6g428630.842	27	825
dpca6g428640.842	27	826
dpca6g428650.842	27	827
dpca6g428660.842	27	828
dpca6g428670.842	27	829
dpca6g428680.842	27	830
dpca6g428690.842	27	831
dpca6g428700.842	27	832
dpca6g428710.842	27	833
dpca6g428720.842	27	834
dpca6g428730.842	27	835
dpca6g428740.842	27	836
dpca6g428750.842	27	837
dpca6g428760.842	27	838
dpca6g428770.842	27	839
dpca6g428780.842	27	840
dpca6g428790.842	27	841
dpca6g428810.842	27	842
dpca6g428820.842	27	843
dpca6g428830.842	27	844
dpca6g428840.842	27	845
dpca6g428850.842	27	846
dpca6g428860.842	27	847
dpca6g428870.842	27	848
dpca6g428880.842	27	849
dpca6g428890.842	27	850
dpca6g428900.842	27	851
dpca6g428910.842	27	852
dpca6g428920.842	27	853
dpca6g428930.842	27	854
dpca6g428940.842	27	855
dpca6g428960.842	27	856
dpca6g428970.842	27	857
dpca6g428980.842	27	858
dpca6g428990.842	27	859
dpca6g429000.842	27	860
dpca6g429010.842	27	861
dpca6g429020.842	27	862
dpca6g429030.842	27	863
dpca6g429040.842	27	864
dpca6g429060.842	27	865
dpca6g429070.842	27	866
dpca6g429090.842	27	867
dpca6g429120.842	27	868
dpca6g429130.842	27	869
dpca6g429140.842	27	870
dpca6g429160.842	27	871
dpca6g429180.842	27	872
dpca6g429190.842	27	873
dpca6g429200.842	27	874
dpca6g429210.842	27	875
dpca6g429220.842	27	876
dpca6g429230.842	27	877
dpca6g429250.842	27	878
dpca6g429290.842	27	879
dpca6g429300.842	27	880
dpca6g429310.842	27	881
dpca6g429320.842	27	882
dpca6g429330.842	27	883
dpca6g429340.842	27	884
dpca6g429350.842	27	885
dpca6g429360.842	27	886
dpca6g429370.842	27	887
dpca6g429420.842	27	888
dpca6g429430.842	27	889
dpca6g429440.842	27	890
dpca6g429450.842	27	891
dpca6g429460.842	27	892
dpca6g429470.842	27	893
dpca6g429480.842	27	894
dpca6g429490.842	27	895
dpca6g429500.842	27	896
dpca6g429510.842	27	897
dpca6g429520.842	27	898
dpca6g429530.842	27	899
dpca6g429540.842	27	900
dpca6g429550.842	27	901
dpca6g429560.842	27	902
dpca6g429570.842	27	903
dpca6g429580.842	27	904
dpca6g429590.842	27	905
dpca6g429600.842	27	906
dpca6g429630.842	27	907
dpca6g429640.842	27	908
dpca6g429660.842	27	909
dpca6g429670.842	27	910
dpca6g429680.842	27	911
dpca6g429690.842	27	912
dpca6g429700.842	27	913
dpca6g429720.842	27	914
dpca6g429730.842	27	915
dpca6g429750.842	27	916
dpca6g429760.842	27	917
dpca6g429780.842	27	918
dpca6g429790.842	27	919
dpca6g429800.842	27	920
dpca6g429810.842	27	921
dpca6g429820.842	27	922
dpca6g429840.842	27	923
dpca6g429870.842	27	924
dpca6g429880.842	27	925
dpca6g429890.842	27	926
dpca6g429900.842	27	927
dpca6g429930.842	27	928
dpca6g429940.842	27	929
dpca6g429960.842	27	930
dpca6g429990.842	27	931
dpca6g430000.842	27	932
dpca6g430010.842	27	933
dpca6g430060.842	27	934
dpca6g430070.842	27	935
dpca6g430080.842	27	936
dpca6g430090.842	27	937
dpca6g430110.842	27	938
dpca6g430120.842	27	939
dpca6g430130.842	27	940
dpca6g430140.842	27	941
dpca6g430150.842	27	942
dpca6g430160.842	27	943
dpca6g430170.842	27	944
dpca6g430180.842	27	945
dpca6g430190.842	27	946
dpca6g430200.842	27	947
dpca6g430230.842	27	948
dpca6g430240.842	27	949
dpca6g430250.842	27	950
dpca6g430270.842	27	951
dpca6g430290.842	27	952
dpca6g430310.842	27	953
dpca6g430320.842	27	954
dpca6g430340.842	27	955
dpca6g430360.842	27	956
dpca6g430370.842	27	957
dpca6g430380.842	27	958
dpca6g430390.842	27	959
dpca6g430400.842	27	960
dpca6g430430.842	27	961
dpca6g430440.842	27	962
dpca6g430450.842	27	963
dpca6g430460.842	27	964
dpca6g430470.842	27	965
dpca6g430480.842	27	966
dpca6g430490.842	27	967
dpca6g430500.842	27	968
dpca6g430520.842	27	969
dpca6g430530.842	27	970
dpca6g430540.842	27	971
dpca6g430550.842	27	972
dpca6g430560.842	27	973
dpca6g430610.842	27	974
dpca6g430630.842	27	975
dpca6g430640.842	27	976
dpca6g430650.842	27	977
dpca6g430660.842	27	978
dpca6g430680.842	27	979
dpca6g430690.842	27	980
dpca6g430730.842	27	981
dpca6g430740.842	27	982
dpca6g430760.842	27	983
dpca6g430780.842	27	984
dpca6g430790.842	27	985
dpca6g430800.842	27	986
dpca6g430810.842	27	987
dpca6g430820.842	27	988
dpca6g430830.842	27	989
dpca6g430890.842	27	990
dpca6g430900.842	27	991
dpca6g430910.842	27	992
dpca6g430970.842	27	993
dpca6g430990.842	27	994
dpca6g431000.842	27	995
dpca6g431020.842	27	996
dpca6g431060.842	27	997
dpca6g431080.842	27	998
dpca6g431090.842	27	999
dpca6g431100.842	27	1000
dpca6g431110.842	27	1001
dpca6g431120.842	27	1002
dpca6g431130.842	27	1003
dpca6g431150.842	27	1004
dpca6g431170.842	27	1005
dpca6g431220.842	27	1006
dpca6g431230.842	27	1007
dpca6g431240.842	27	1008
dpca6g431250.842	27	1009
dpca6g431310.842	27	1010
dpca6g431350.842	27	1011
dpca6g431360.842	27	1012
dpca6g431370.842	27	1013
dpca6g431380.842	27	1014
dpca6g431390.842	27	1015
dpca6g431400.842	27	1016
dpca6g431430.842	27	1017
dpca6g431450.842	27	1018
dpca6g431460.842	27	1019
dpca6g431470.842	27	1020
dpca6g431480.842	27	1021
dpca6g431490.842	27	1022
dpca6g431550.842	27	1023
dpca6g431640.842	28	0
dpca6g431650.842	28	1
dpca6g431680.842	28	2
dpca6g431690.842	28	3
dpca6g431700.842	28	4
dpca6g431710.842	28	5
dpca6g431720.842	28	6
dpca6g431730.842	28	7
dpca6g431740.842	28	8
dpca6g431750.842	28	9
dpca6g431760.842	28	10
dpca6g431770.842	28	11
dpca6g431780.842	28	12
dpca6g431790.842	28	13
dpca6g431800.842	28	14
dpca6g431820.842	28	15
dpca6g431840.842	28	16
dpca6g431850.842	28	17
dpca6g431860.842	28	18
dpca6g431880.842	28	19
dpca6g431890.842	28	20
dpca6g431900.842	28	21
dpca6g431920.842	28	22
dpca6g431930.842	28	23
dpca6g431940.842	28	24
dpca6g431950.842	28	25
dpca6g431960.842	28	26
dpca6g431970.842	28	27
dpca6g431980.842	28	28
dpca6g431990.842	28	29
dpca6g432000.842	28	30
dpca6g432020.842	28	31
dpca6g432030.842	28	32
dpca6g432040.842	28	33
dpca6g432090.842	28	34
dpca6g432100.842	28	35
dpca6g432150.842	28	36
dpca6g432160.842	28	37
dpca6g432170.842	28	38
dpca6g432180.842	28	39
dpca6g432190.842	28	40
dpca6g432200.842	28	41
dpca6g432210.842	28	42
dpca6g432220.842	28	43
dpca6g432230.842	28	44
dpca6g432240.842	28	45
dpca6g432250.842	28	46
dpca6g432260.842	28	47
dpca6g432280.842	28	48
dpca6g432290.842	28	49
dpca6g432300.842	28	50
dpca6g432320.842	28	51
dpca6g432330.842	28	52
dpca6g432340.842	28	53
dpca6g432350.842	28	54
dpca6g432390.842	28	55
dpca6g432400.842	28	56
dpca6g432410.842	28	57
dpca6g432420.842	28	58
dpca6g432440.842	28	59
dpca6g432450.842	28	60
dpca6g432460.842	28	61
dpca6g432470.842	28	62
dpca6g432480.842	28	63
dpca6g432490.842	28	64
dpca6g432500.842	28	65
dpca6g432510.842	28	66
dpca6g432520.842	28	67
dpca6g432530.842	28	68
dpca6g432540.842	28	69
dpca6g432550.842	28	70
dpca6g432560.842	28	71
dpca6g432570.842	28	72
dpca6g432580.842	28	73
dpca6g432590.842	28	74
dpca6g432600.842	28	75
dpca6g432630.842	28	76
dpca6g432640.842	28	77
dpca6g432650.842	28	78
dpca6g432660.842	28	79
dpca6g432680.842	28	80
dpca6g432690.842	28	81
dpca6g432700.842	28	82
dpca6g432710.842	28	83
dpca6g432720.842	28	84
dpca6g432730.842	28	85
dpca6g432740.842	28	86
dpca6g432750.842	28	87
dpca6g432760.842	28	88
dpca6g432770.842	28	89
dpca6g432780.842	28	90
dpca6g432790.842	28	91
dpca6g432810.842	28	92
dpca6g432840.842	28	93
dpca6g432860.842	28	94
dpca6g432870.842	28	95
dpca6g432890.842	28	96
dpca6g432900.842	28	97
dpca6g432910.842	28	98
dpca6g432920.842	28	99
dpca6g432940.842	28	100
dpca6g432950.842	28	101
dpca6g432960.842	28	102
dpca6g432980.842	28	103
dpca6g433000.842	28	104
dpca6g433010.842	28	105
dpca6g433030.842	28	106
dpca6g433050.842	28	107
dpca6g433060.842	28	108
dpca6g433070.842	28	109
dpca6g433080.842	28	110
dpca6g433090.842	28	111
dpca6g433100.842	28	112
dpca6g433110.842	28	113
dpca6g433120.842	28	114
dpca6g433130.842	28	115
dpca6g433140.842	28	116
dpca6g433160.842	28	117
dpca6g433170.842	28	118
dpca6g433180.842	28	119
dpca6g433190.842	28	120
dpca6g433210.842	28	121
dpca6g433220.842	28	122
dpca6g433230.842	28	123
dpca6g433270.842	28	124
dpca6g433280.842	28	125
dpca6g433290.842	28	126
dpca6g433300.842	28	127
dpca6g433310.842	28	128
dpca6g433320.842	28	129
dpca6g433340.842	28	130
dpca6g433350.842	28	131
dpca6g433370.842	28	132
dpca6g433380.842	28	133
dpca6g433400.842	28	134
dpca6g433410.842	28	135
dpca6g433430.842	28	136
dpca6g433440.842	28	137
dpca6g433450.842	28	138
dpca6g433460.842	28	139
dpca6g433470.842	28	140
dpca6g433500.842	28	141
dpca6g433510.842	28	142
dpca6g433520.842	28	143
dpca6g433530.842	28	144
dpca6g433590.842	28	145
dpca6g433600.842	28	146
dpca6g433620.842	28	147
dpca6g433640.842	28	148
dpca6g433660.842	28	149
dpca6g433670.842	28	150
dpca6g433680.842	28	151
dpca6g433700.842	28	152
dpca6g433710.842	28	153
dpca6g433740.842	28	154
dpca6g433770.842	28	155
dpca6g433800.842	28	156
dpca6g433810.842	28	157
dpca6g433820.842	28	158
dpca6g433850.842	28	159
dpca6g433870.842	28	160
dpca6g433880.842	28	161
dpca6g433890.842	28	162
dpca6g433900.842	28	163
dpca6g433910.842	28	164
dpca6g433920.842	28	165
dpca6g433930.842	28	166
dpca6g433940.842	28	167
dpca6g433950.842	28	168
dpca6g433960.842	28	169
dpca6g433980.842	28	170
dpca6g433990.842	28	171
dpca6g434000.842	28	172
dpca6g434010.842	28	173
dpca6g434020.842	28	174
dpca6g434030.842	28	175
dpca6g434040.842	28	176
dpca6g434050.842	28	177
dpca6g434070.842	28	178
dpca6g434090.842	28	179
dpca6g434100.842	28	180
dpca6g434110.842	28	181
dpca6g434120.842	28	182
dpca6g434130.842	28	183
dpca6g434140.842	28	184
dpca6g434150.842	28	185
dpca6g434160.842	28	186
dpca6g434170.842	28	187
dpca6g434180.842	28	188
dpca6g434200.842	28	189
dpca6g434210.842	28	190
dpca6g434220.842	28	191
dpca6g434250.842	28	192
dpca6g434260.842	28	193
dpca6g434270.842	28	194
dpca6g434280.842	28	195
dpca6g434290.842	28	196
dpca6g434300.842	28	197
dpca6g434310.842	28	198
dpca6g434320.842	28	199
dpca6g434330.842	28	200
dpca6g434340.842	28	201
dpca6g434350.842	28	202
dpca6g434360.842	28	203
dpca6g434370.842	28	204
dpca6g434380.842	28	205
dpca6g434400.842	28	206
dpca6g434410.842	28	207
dpca6g434420.842	28	208
dpca6g434430.842	28	209
dpca6g434440.842	28	210
dpca6g434450.842	28	211
dpca6g434460.842	28	212
dpca6g434470.842	28	213
dpca6g434490.842	28	214
dpca6g434500.842	28	215
dpca6g434510.842	28	216
dpca6g434520.842	28	217
dpca6g434530.842	28	218
dpca6g434540.842	28	219
dpca6g434560.842	28	220
dpca6g434570.842	28	221
dpca6g434590.842	28	222
dpca6g434600.842	28	223
dpca6g434610.842	28	224
dpca6g434620.842	28	225
dpca6g434630.842	28	226
dpca6g434640.842	28	227
dpca6g434650.842	28	228
dpca6g434660.842	28	229
dpca6g434670.842	28	230
dpca6g434690.842	28	231
dpca6g434710.842	28	232
dpca6g434730.842	28	233
dpca6g434740.842	28	234
dpca6g434750.842	28	235
dpca6g434760.842	28	236
dpca6g434770.842	28	237
dpca6g434790.842	28	238
dpca6g434800.842	28	239
dpca6g434810.842	28	240
dpca6g434820.842	28	241
dpca6g434830.842	28	242
dpca6g434840.842	28	243
dpca6g434870.842	28	244
dpca6g434880.842	28	245
dpca6g434890.842	28	246
dpca6g434900.842	28	247
dpca6g434920.842	28	248
dpca6g434930.842	28	249
dpca6g434940.842	28	250
dpca6g434960.842	28	251
dpca6g435010.842	28	252
dpca6g435020.842	28	253
dpca6g435050.842	28	254
dpca6g435060.842	28	255
dpca6g435080.842	28	256
dpca6g435110.842	28	257
dpca6g435120.842	28	258
dpca6g435140.842	28	259
dpca6g435190.842	28	260
dpca6g435200.842	28	261
dpca6g435220.842	28	262
dpca6g435230.842	28	263
dpca6g435240.842	28	264
dpca6g435250.842	28	265
dpca6g435270.842	28	266
dpca6g435280.842	28	267
dpca6g435290.842	28	268
dpca6g435300.842	28	269
dpca6g435310.842	28	270
dpca6g435320.842	28	271
dpca6g435340.842	28	272
dpca6g435350.842	28	273
dpca6g435370.842	28	274
dpca6g435380.842	28	275
dpca6g435400.842	28	276
dpca6g435410.842	28	277
dpca6g435420.842	28	278
dpca6g435430.842	28	279
dpca6g435440.842	28	280
dpca6g435450.842	28	281
dpca6g435460.842	28	282
dpca6g435480.842	28	283
dpca6g435490.842	28	284
dpca6g435500.842	28	285
dpca6g435510.842	28	286
dpca6g435520.842	28	287
dpca6g435530.842	28	288
dpca6g435540.842	28	289
dpca6g435550.842	28	290
dpca6g435560.842	28	291
dpca6g435570.842	28	292
dpca6g435580.842	28	293
dpca6g435590.842	28	294
dpca6g435600.842	28	295
dpca6g435610.842	28	296
dpca6g435620.842	28	297
dpca6g435640.842	28	298
dpca6g435670.842	28	299
dpca6g435680.842	28	300
dpca6g435690.842	28	301
dpca6g435700.842	28	302
dpca6g435720.842	28	303
dpca6g435730.842	28	304
dpca6g435740.842	28	305
dpca6g435750.842	28	306
dpca6g435760.842	28	307
dpca6g435770.842	28	308
dpca6g435780.842	28	309
dpca6g435790.842	28	310
dpca6g435800.842	28	311
dpca6g435810.842	28	312
dpca6g435820.842	28	313
dpca6g435830.842	28	314
dpca6g435840.842	28	315
dpca6g435850.842	28	316
dpca6g435860.842	28	317
dpca6g435880.842	28	318
dpca6g435890.842	28	319
dpca6g435900.842	28	320
dpca6g435910.842	28	321
dpca6g435920.842	28	322
dpca6g435930.842	28	323
dpca6g435940.842	28	324
dpca6g435950.842	28	325
dpca6g435960.842	28	326
dpca6g435970.842	28	327
dpca6g435980.842	28	328
dpca6g435990.842	28	329
dpca6g436020.842	28	330
dpca6g436060.842	28	331
dpca6g436080.842	28	332
dpca6g436120.842	28	333
dpca6g436130.842	28	334
dpca6g436140.842	28	335
dpca6g436150.842	28	336
dpca6g436160.842	28	337
dpca6g436200.842	28	338
dpca6g436210.842	28	339
dpca6g436220.842	28	340
dpca6g436230.842	28	341
dpca6g436240.842	28	342
dpca6g436250.842	28	343
dpca6g436260.842	28	344
dpca6g436280.842	28	345
dpca6g436290.842	28	346
dpca6g436330.842	28	347
dpca6g436340.842	28	348
dpca6g436370.842	28	349
dpca6g436380.842	28	350
dpca6g436390.842	28	351
dpca6g436400.842	28	352
dpca6g436410.842	28	353
dpca6g436420.842	28	354
dpca6g436440.842	28	355
dpca6g436450.842	28	356
dpca6g436460.842	28	357
dpca6g436470.842	28	358
dpca6g436480.842	28	359
dpca6g436490.842	28	360
dpca6g436500.842	28	361
dpca6g436510.842	28	362
dpca6g436520.842	28	363
dpca6g436530.842	28	364
dpca6g436540.842	28	365
dpca6g436550.842	28	366
dpca6g436560.842	28	367
dpca6g436570.842	28	368
dpca6g436590.842	28	369
dpca6g436600.842	28	370
dpca6g436610.842	28	371
dpca6g436630.842	28	372
dpca6g436650.842	28	373
dpca6g436680.842	28	374
dpca6g436700.842	28	375
dpca6g436710.842	28	376
dpca6g436720.842	28	377
dpca6g436730.842	28	378
dpca6g436760.842	28	379
dpca6g436770.842	28	380
dpca6g436780.842	28	381
dpca6g436790.842	28	382
dpca6g436800.842	28	383
dpca6g436810.842	28	384
dpca6g436840.842	28	385
dpca6g436850.842	28	386
dpca6g436860.842	28	387
dpca6g436870.842	28	388
dpca6g436880.842	28	389
dpca6g436910.842	28	390
dpca6g436920.842	28	391
dpca6g436930.842	28	392
dpca6g436940.842	28	393
dpca6g436950.842	28	394
dpca6g436980.842	28	395
dpca6g437010.842	28	396
dpca6g437020.842	28	397
dpca6g437030.842	28	398
dpca6g437040.842	28	399
dpca6g437090.842	28	400
dpca6g437100.842	28	401
dpca6g437120.842	28	402
dpca6g437130.842	28	403
dpca6g437140.842	28	404
dpca6g437150.842	28	405
dpca6g437160.842	28	406
dpca6g437170.842	28	407
dpca6g437180.842	28	408
dpca6g437190.842	28	409
dpca6g437200.842	28	410
dpca6g437210.842	28	411
dpca6g437260.842	28	412
dpca6g437280.842	28	413
dpca6g437290.842	28	414
dpca6g437300.842	28	415
dpca6g437310.842	28	416
dpca6g437330.842	28	417
dpca6g437390.842	28	418
dpca6g437400.842	28	419
dpca6g437420.842	28	420
dpca6g437440.842	28	421
dpca6g437450.842	28	422
dpca6g437460.842	28	423
dpca6g437470.842	28	424
dpca6g437480.842	28	425
dpca6g437490.842	28	426
dpca6g437530.842	28	427
dpca6g437540.842	28	428
dpca6g437550.842	28	429
dpca6g437560.842	28	430
dpca6g437590.842	28	431
dpca6g437600.842	28	432
dpca6g437610.842	28	433
dpca6g437620.842	28	434
dpca6g437670.842	28	435
dpca6g437680.842	28	436
dpca6g437690.842	28	437
dpca6g437760.842	28	438
dpca6g437770.842	28	439
dpca6g437780.842	28	440
dpca6g437790.842	28	441
dpca6g437810.842	28	442
dpca6g437820.842	28	443
dpca6g437850.842	28	444
dpca6g437860.842	28	445
dpca6g437870.842	28	446
dpca6g437880.842	28	447
dpca6g437890.842	28	448
dpca6g437900.842	28	449
dpca6g437910.842	28	450
dpca6g437940.842	28	451
dpca6g437950.842	28	452
dpca6g437960.842	28	453
dpca6g437970.842	28	454
dpca6g437980.842	28	455
dpca6g437990.842	28	456
dpca6g438000.842	28	457
dpca6g438010.842	28	458
dpca6g438020.842	28	459
dpca6g438030.842	28	460
dpca6g438050.842	28	461
dpca6g438060.842	28	462
dpca6g438070.842	28	463
dpca6g438080.842	28	464
dpca6g438090.842	28	465
dpca6g438100.842	28	466
dpca6g438110.842	28	467
dpca6g438130.842	28	468
dpca6g438140.842	28	469
dpca6g438180.842	28	470
dpca6g438190.842	28	471
dpca6g438200.842	28	472
dpca6g438210.842	28	473
dpca6g438230.842	28	474
dpca6g438240.842	28	475
dpca6g438270.842	28	476
dpca6g438280.842	28	477
dpca6g438330.842	28	478
dpca6g438350.842	28	479
dpca6g438360.842	28	480
dpca6g438370.842	28	481
dpca6g438380.842	28	482
dpca6g438410.842	28	483
dpca6g438420.842	28	484
dpca6g438430.842	28	485
dpca6g438440.842	28	486
dpca6g438450.842	28	487
dpca6g438470.842	28	488
dpca6g438480.842	28	489
dpca6g438490.842	28	490
dpca6g438510.842	28	491
dpca6g438520.842	28	492
dpca6g438540.842	28	493
dpca6g438570.842	28	494
dpca6g438580.842	28	495
dpca6g438600.842	28	496
dpca6g438610.842	28	497
dpca6g438620.842	28	498
dpca6g438630.842	28	499
dpca6g438640.842	28	500
dpca6g438660.842	28	501
dpca6g438670.842	28	502
dpca6g438680.842	28	503
dpca6g438690.842	28	504
dpca6g438700.842	28	505
dpca6g438710.842	28	506
dpca6g438720.842	28	507
dpca6g438740.842	28	508
dpca6g438750.842	28	509
dpca6g438760.842	28	510
dpca6g438770.842	28	511
dpca6g438780.842	28	512
dpca6g438790.842	28	513
dpca6g438800.842	28	514
dpca6g438810.842	28	515
dpca6g438820.842	28	516
dpca6g438830.842	28	517
dpca6g438840.842	28	518
dpca6g438850.842	28	519
dpca6g438860.842	28	520
dpca6g438870.842	28	521
dpca6g438880.842	28	522
dpca6g438890.842	28	523
dpca6g438900.842	28	524
dpca6g438910.842	28	525
dpca6g438920.842	28	526
dpca6g438930.842	28	527
dpca6g438940.842	28	528
dpca6g438950.842	28	529
dpca6g438960.842	28	530
dpca6g438970.842	28	531
dpca6g438990.842	28	532
dpca6g439000.842	28	533
dpca6g439010.842	28	534
dpca6g439020.842	28	535
dpca6g439030.842	28	536
dpca6g439040.842	28	537
dpca6g439060.842	28	538
dpca6g439070.842	28	539
dpca6g439080.842	28	540
dpca6g439090.842	28	541
dpca6g439100.842	28	542
dpca6g439140.842	28	543
dpca6g439160.842	28	544
dpca6g439180.842	28	545
dpca6g439200.842	28	546
dpca6g439210.842	28	547
dpca6g439220.842	28	548
dpca6g439230.842	28	549
dpca6g439250.842	28	550
dpca6g439270.842	28	551
dpca6g439280.842	28	552
dpca6g439290.842	28	553
dpca6g439300.842	28	554
dpca6g439340.842	28	555
dpca6g439350.842	28	556
dpca6g439360.842	28	557
dpca6g439370.842	28	558
dpca6g439380.842	28	559
dpca6g439390.842	28	560
dpca6g439400.842	28	561
dpca6g439410.842	28	562
dpca6g439420.842	28	563
dpca6g439450.842	28	564
dpca6g439460.842	28	565
dpca6g439470.842	28	566
dpca6g439490.842	28	567
dpca6g439530.842	28	568
dpca6g439570.842	28	569
dpca6g439580.842	28	570
dpca6g439610.842	28	571
dpca6g439640.842	28	572
dpca6g439650.842	28	573
dpca6g439670.842	28	574
dpca6g439680.842	28	575
dpca6g439700.842	28	576
dpca6g439720.842	28	577
dpca6g439790.842	28	578
dpca6g439800.842	28	579
dpca6g439810.842	28	580
dpca6g439820.842	28	581
dpca6g439830.842	28	582
dpca6g439840.842	28	583
dpca6g439850.842	28	584
dpca6g439860.842	28	585
dpca6g439880.842	28	586
dpca6g439890.842	28	587
dpca6g439900.842	28	588
dpca6g439910.842	28	589
dpca6g439920.842	28	590
dpca6g439930.842	28	591
dpca6g439940.842	28	592
dpca6g439970.842	28	593
dpca6g440000.842	28	594
dpca6g440020.842	28	595
dpca6g440040.842	28	596
dpca6g440050.842	28	597
dpca6g440060.842	28	598
dpca6g440070.842	28	599
dpca6g440080.842	28	600
dpca6g440090.842	28	601
dpca6g440100.842	28	602
dpca6g440110.842	28	603
dpca6g440130.842	28	604
dpca6g440140.842	28	605
dpca6g440160.842	28	606
dpca6g440170.842	28	607
dpca6g440180.842	28	608
dpca6g440210.842	28	609
dpca6g440220.842	28	610
dpca6g440230.842	28	611
dpca6g440240.842	28	612
dpca6g440250.842	28	613
dpca6g440280.842	28	614
dpca6g440290.842	28	615
dpca6g440300.842	28	616
dpca6g440310.842	28	617
dpca6g440320.842	28	618
dpca6g440330.842	28	619
dpca6g440340.842	28	620
dpca6g440350.842	28	621
dpca6g440390.842	28	622
dpca6g440420.842	28	623
dpca6g440440.842	28	624
dpca6g440450.842	28	625
dpca6g440460.842	28	626
dpca6g440470.842	28	627
dpca6g440480.842	28	628
dpca6g440490.842	28	629
dpca6g440510.842	28	630
dpca6g440520.842	28	631
dpca6g440530.842	28	632
dpca6g440540.842	28	633
dpca6g440570.842	28	634
dpca6g440580.842	28	635
dpca6g440590.842	28	636
dpca6g440600.842	28	637
dpca6g440620.842	28	638
dpca6g440630.842	28	639
dpca6g440640.842	28	640
dpca6g440660.842	28	641
dpca6g440680.842	28	642
dpca6g440690.842	28	643
dpca6g440700.842	28	644
dpca6g440710.842	28	645
dpca6g440720.842	28	646
dpca6g440740.842	28	647
dpca6g440750.842	28	648
dpca6g440760.842	28	649
dpca6g440770.842	28	650
dpca6g440780.842	28	651
dpca6g440820.842	28	652
dpca6g440830.842	28	653
dpca6g440840.842	28	654
dpca6g440850.842	28	655
dpca6g440860.842	28	656
dpca6g440870.842	28	657
dpca6g440880.842	28	658
dpca6g440890.842	28	659
dpca6g440900.842	28	660
dpca6g440910.842	28	661
dpca6g440920.842	28	662
dpca6g440930.842	28	663
dpca6g440950.842	28	664
dpca6g440960.842	28	665
dpca6g440970.842	28	666
dpca6g440980.842	28	667
dpca6g440990.842	28	668
dpca6g441000.842	28	669
dpca6g441010.842	28	670
dpca6g441020.842	28	671
dpca6g441040.842	28	672
dpca6g441060.842	28	673
dpca6g441070.842	28	674
dpca6g441080.842	28	675
dpca6g441090.842	28	676
dpca6g441100.842	28	677
dpca6g441110.842	28	678
dpca6g441120.842	28	679
dpca6g441130.842	28	680
dpca6g441140.842	28	681
dpca6g441150.842	28	682
dpca6g441160.842	28	683
dpca6g441180.842	28	684
dpca6g441210.842	28	685
dpca6g441230.842	28	686
dpca6g441240.842	28	687
dpca6g441250.842	28	688
dpca6g441260.842	28	689
dpca6g441280.842	28	690
dpca6g441290.842	28	691
dpca6g441300.842	28	692
dpca6g441310.842	28	693
dpca6g441350.842	28	694
dpca6g441360.842	28	695
dpca6g441380.842	28	696
dpca6g441390.842	28	697
dpca6g441420.842	28	698
dpca6g441430.842	28	699
dpca6g441440.842	28	700
dpca6g441450.842	28	701
dpca6g441460.842	28	702
dpca6g441470.842	28	703
dpca6g441490.842	28	704
dpca6g441520.842	28	705
dpca6g441530.842	28	706
dpca6g441540.842	28	707
dpca6g441550.842	28	708
dpca6g441560.842	28	709
dpca6g441570.842	28	710
dpca6g441580.842	28	711
dpca6g441590.842	28	712
dpca6g441610.842	28	713
dpca6g441630.842	28	714
dpca6g441650.842	28	715
dpca6g441670.842	28	716
dpca6g441690.842	28	717
dpca6g441700.842	28	718
dpca6g441710.842	28	719
dpca6g441750.842	28	720
dpca6g441760.842	28	721
dpca6g441770.842	28	722
dpca6g441790.842	28	723
dpca6g441800.842	28	724
dpca6g441830.842	28	725
dpca6g441840.842	28	726
dpca6g441860.842	28	727
dpca6g441870.842	28	728
dpca6g441880.842	28	729
dpca6g441890.842	28	730
dpca6g441900.842	28	731
dpca6g441920.842	28	732
dpca6g441940.842	28	733
dpca6g441950.842	28	734
dpca6g441960.842	28	735
dpca6g441970.842	28	736
dpca6g441980.842	28	737
dpca6g442030.842	28	738
dpca6g442040.842	28	739
dpca6g442060.842	28	740
dpca6g442070.842	28	741
dpca6g442080.842	28	742
dpca6g442090.842	28	743
dpca6g442100.842	28	744
dpca6g442120.842	28	745
dpca6g442140.842	28	746
dpca6g442150.842	28	747
dpca6g442160.842	28	748
dpca6g442170.842	28	749
dpca6g442180.842	28	750
dpca6g442200.842	28	751
dpca6g442210.842	28	752
dpca6g442220.842	28	753
dpca6g442230.842	28	754
dpca6g442240.842	28	755
dpca6g442250.842	28	756
dpca6g442260.842	28	757
dpca6g442270.842	28	758
dpca6g442300.842	28	759
dpca6g442310.842	28	760
dpca6g442320.842	28	761
dpca6g442330.842	28	762
dpca6g442340.842	28	763
dpca6g442350.842	28	764
dpca6g442360.842	28	765
dpca6g442370.842	28	766
dpca6g442380.842	28	767
dpca6g442400.842	28	768
dpca6g442410.842	28	769
dpca6g442420.842	28	770
dpca6g442440.842	28	771
dpca6g442470.842	28	772
dpca6g442480.842	28	773
dpca6g442490.842	28	774
dpca6g442500.842	28	775
dpca6g442510.842	28	776
dpca6g442520.842	28	777
dpca6g442530.842	28	778
dpca6g442550.842	28	779
dpca6g442560.842	28	780
dpca6g442580.842	28	781
dpca6g442590.842	28	782
dpca6g442610.842	28	783
dpca6g442620.842	28	784
dpca6g442630.842	28	785
dpca6g442640.842	28	786
dpca6g442650.842	28	787
dpca6g442660.842	28	788
dpca6g442680.842	28	789
dpca6g442690.842	28	790
dpca6g442710.842	28	791
dpca6g442720.842	28	792
dpca6g442730.842	28	793
dpca6g442740.842	28	794
dpca6g442750.842	28	795
dpca6g442780.842	28	796
dpca6g442790.842	28	797
dpca6g442800.842	28	798
dpca6g442840.842	28	799
dpca6g442850.842	28	800
dpca6g442860.842	28	801
dpca6g442870.842	28	802
dpca6g442880.842	28	803
dpca6g442920.842	28	804
dpca6g442930.842	28	805
dpca6g442950.842	28	806
dpca6g442960.842	28	807
dpca6g442990.842	28	808
dpca6g443000.842	28	809
dpca6g443010.842	28	810
dpca6g443020.842	28	811
dpca6g443030.842	28	812
dpca6g443040.842	28	813
dpca6g443050.842	28	814
dpca6g443060.842	28	815
dpca6g443070.842	28	816
dpca6g443080.842	28	817
dpca6g443090.842	28	818
dpca6g443100.842	28	819
dpca6g443110.842	28	820
dpca6g443140.842	28	821
dpca6g443150.842	28	822
dpca6g443160.842	28	823
dpca6g443170.842	28	824
dpca6g443180.842	28	825
dpca6g443190.842	28	826
dpca6g443200.842	28	827
dpca6g443210.842	28	828
dpca6g443230.842	28	829
dpca6g443240.842	28	830
dpca6g443250.842	28	831
dpca6g443260.842	28	832
dpca6g443300.842	28	833
dpca6g443310.842	28	834
dpca6g443320.842	28	835
dpca6g443330.842	28	836
dpca6g443340.842	28	837
dpca6g443350.842	28	838
dpca6g443390.842	28	839
dpca6g443400.842	28	840
dpca6g443450.842	28	841
dpca6g443460.842	28	842
dpca6g443470.842	28	843
dpca6g443480.842	28	844
dpca6g443490.842	28	845
dpca6g443500.842	28	846
dpca6g443520.842	28	847
dpca6g443530.842	28	848
dpca6g443540.842	28	849
dpca6g443560.842	28	850
dpca6g443570.842	28	851
dpca6g443580.842	28	852
dpca6g443590.842	28	853
dpca6g443600.842	28	854
dpca6g443610.842	28	855
dpca6g443630.842	28	856
dpca6g443650.842	28	857
dpca6g443670.842	28	858
dpca6g443680.842	28	859
dpca6g443700.842	28	860
dpca6g443710.842	28	861
dpca6g443720.842	28	862
dpca6g443730.842	28	863
dpca6g443750.842	28	864
dpca6g443760.842	28	865
dpca6g443780.842	28	866
dpca6g443790.842	28	867
dpca6g443800.842	28	868
dpca6g443810.842	28	869
dpca6g443820.842	28	870
dpca6g443830.842	28	871
dpca6g443840.842	28	872
dpca6g443860.842	28	873
dpca6g443880.842	28	874
dpca6g443890.842	28	875
dpca6g443900.842	28	876
dpca6g443910.842	28	877
dpca6g443930.842	28	878
dpca6g443950.842	28	879
dpca6g443960.842	28	880
dpca6g444020.842	28	881
dpca6g444080.842	28	882
dpca6g444090.842	28	883
dpca6g444110.842	28	884
dpca6g444120.842	28	885
dpca6g444130.842	28	886
dpca6g444150.842	28	887
dpca6g444160.842	28	888
dpca6g444180.842	28	889
dpca6g444200.842	28	890
dpca6g444230.842	28	891
dpca6g444240.842	28	892
dpca6g444250.842	28	893
dpca6g444260.842	28	894
dpca6g444270.842	28	895
dpca6g444280.842	28	896
dpca6g444330.842	28	897
dpca6g444340.842	28	898
dpca6g444350.842	28	899
dpca6g444360.842	28	900
dpca6g444380.842	28	901
dpca6g444410.842	28	902
dpca6g444430.842	28	903
dpca6g444470.842	28	904
dpca6g444490.842	28	905
dpca6g444500.842	28	906
dpca6g444510.842	28	907
dpca6g444530.842	28	908
dpca6g444540.842	28	909
dpca6g444550.842	28	910
dpca6g444560.842	28	911
dpca6g444580.842	28	912
dpca6g444640.842	28	913
dpca6g444650.842	28	914
dpca6g444680.842	28	915
dpca6g444690.842	28	916
dpca6g444720.842	28	917
dpca6g444760.842	28	918
dpca6g444770.842	28	919
dpca6g444780.842	28	920
dpca6g444790.842	28	921
dpca6g444800.842	28	922
dpca6g444810.842	28	923
dpca6g444820.842	28	924
dpca6g444830.842	28	925
dpca6g444840.842	28	926
dpca6g444850.842	28	927
dpca6g444860.842	28	928
dpca6g444870.842	28	929
dpca6g444880.842	28	930
dpca6g444890.842	28	931
dpca6g444900.842	28	932
dpca6g444910.842	28	933
dpca6g444920.842	28	934
dpca6g444930.842	28	935
dpca6g444940.842	28	936
dpca6g444950.842	28	937
dpca6g444960.842	28	938
dpca6g444970.842	28	939
dpca6g444980.842	28	940
dpca6g444990.842	28	941
dpca6g445000.842	28	942
dpca6g445010.842	28	943
dpca6g445020.842	28	944
dpca6g445030.842	28	945
dpca6g445040.842	28	946
dpca6g445050.842	28	947
dpca6g445060.842	28	948
dpca6g445070.842	28	949
dpca6g445090.842	28	950
dpca6g445100.842	28	951
dpca6g445130.842	28	952
dpca6g445210.842	28	953
dpca6g445220.842	28	954
dpca6g445230.842	28	955
dpca6g445310.842	28	956
dpca6g445320.842	28	957
dpca6g445330.842	28	958
dpca6g445340.842	28	959
dpca6g445360.842	28	960
dpca6g445370.842	28	961
dpca6g445390.842	28	962
dpca6g445400.842	28	963
dpca6g445460.842	28	964
dpca6g445470.842	28	965
dpca6g445490.842	28	966
dpca6g445500.842	28	967
dpca6g445550.842	28	968
dpca6g445560.842	28	969
dpca6g445570.842	28	970
dpca6g445580.842	28	971
dpca6g445590.842	28	972
dpca6g445600.842	28	973
dpca6g445620.842	28	974
dpca6g445630.842	28	975
dpca6g445640.842	28	976
dpca6g445650.842	28	977
dpca6g445670.842	28	978
dpca6g445680.842	28	979
dpca6g445710.842	28	980
dpca6g445720.842	28	981
dpca6g445740.842	28	982
dpca6g445750.842	28	983
dpca6g445770.842	28	984
dpca6g445780.842	28	985
dpca6g445790.842	28	986
dpca6g445810.842	28	987
dpca6g445820.842	28	988
dpca6g445830.842	28	989
dpca6g445850.842	28	990
dpca6g445870.842	28	991
dpca6g445890.842	28	992
dpca6g445900.842	28	993
dpca6g445910.842	28	994
dpca6g445950.842	28	995
dpca6g445960.842	28	996
dpca6g445970.842	28	997
dpca6g445980.842	28	998
dpca6g445990.842	28	999
dpca6g446000.842	28	1000
dpca6g446010.842	28	1001
dpca6g446060.842	28	1002
dpca6g446070.842	28	1003
dpca6g446080.842	28	1004
dpca6g446090.842	28	1005
dpca6g446100.842	28	1006
dpca6g446110.842	28	1007
dpca6g446120.842	28	1008
dpca6g446130.842	28	1009
dpca6g446140.842	28	1010
dpca6g446150.842	28	1011
dpca6g446180.842	28	1012
dpca6g446190.842	28	1013
dpca6g446200.842	28	1014
dpca6g446210.842	28	1015
dpca6g446220.842	28	1016
dpca6g446230.842	28	1017
dpca6g446240.842	28	1018
dpca6g446250.842	28	1019
dpca6g446260.842	28	1020
dpca6g446270.842	28	1021
dpca6g446280.842	28	1022
dpca6g446290.842	28	1023
dpca6g446300.842	29	0
dpca6g446320.842	29	1
dpca6g446330.842	29	2
dpca6g446340.842	29	3
dpca6g446350.842	29	4
dpca6g446360.842	29	5
dpca6g446380.842	29	6
dpca6g446390.842	29	7
dpca6g446400.842	29	8
dpca6g446410.842	29	9
dpca6g446420.842	29	10
dpca6g446430.842	29	11
dpca6g446440.842	29	12
dpca6g446450.842	29	13
dpca6g446460.842	29	14
dpca6g446490.842	29	15
dpca6g446520.842	29	16
dpca6g446530.842	29	17
dpca6g446550.842	29	18
dpca6g446560.842	29	19
dpca6g446570.842	29	20
dpca6g446580.842	29	21
dpca6g446590.842	29	22
dpca6g446600.842	29	23
dpca6g446620.842	29	24
dpca6g446630.842	29	25
dpca6g446660.842	29	26
dpca6g446670.842	29	27
dpca6g446680.842	29	28
dpca6g446700.842	29	29
dpca6g446730.842	29	30
dpca6g446740.842	29	31
dpca6g446750.842	29	32
dpca6g446800.842	29	33
dpca6g446870.842	29	34
dpca6g446890.842	29	35
dpca6g446900.842	29	36
dpca6g446910.842	29	37
dpca6g446920.842	29	38
dpca6g446940.842	29	39
dpca6g447010.842	29	40
dpca6g447030.842	29	41
dpca6g447050.842	29	42
dpca6g447060.842	29	43
dpca6g447080.842	29	44
dpca6g447090.842	29	45
dpca6g447100.842	29	46
dpca6g447110.842	29	47
dpca6g447120.842	29	48
dpca6g447160.842	29	49
dpca6g447170.842	29	50
dpca6g447180.842	29	51
dpca6g447190.842	29	52
dpca6g447200.842	29	53
dpca6g447210.842	29	54
dpca6g447230.842	29	55
dpca6g447240.842	29	56
dpca6g447250.842	29	57
dpca6g447260.842	29	58
dpca6g447270.842	29	59
dpca6g447280.842	29	60
dpca6g447300.842	29	61
dpca6g447320.842	29	62
dpca6g447330.842	29	63
dpca6g447350.842	29	64
dpca6g447360.842	29	65
dpca6g447380.842	29	66
dpca6g447390.842	29	67
dpca6g447400.842	29	68
dpca6g447410.842	29	69
dpca6g447440.842	29	70
dpca6g447450.842	29	71
dpca6g447460.842	29	72
dpca6g447470.842	29	73
dpca6g447480.842	29	74
dpca6g447490.842	29	75
dpca6g447500.842	29	76
dpca6g447510.842	29	77
dpca6g447520.842	29	78
dpca6g447530.842	29	79
dpca6g447540.842	29	80
dpca6g447550.842	29	81
dpca6g447570.842	29	82
dpca6g447590.842	29	83
dpca6g447600.842	29	84
dpca6g447640.842	29	85
dpca6g447650.842	29	86
dpca6g447660.842	29	87
dpca6g447690.842	29	88
dpca6g447710.842	29	89
dpca6g447720.842	29	90
dpca6g447740.842	29	91
dpca6g447750.842	29	92
dpca6g447760.842	29	93
dpca6g447770.842	29	94
dpca6g447780.842	29	95
dpca6g447790.842	29	96
dpca6g447800.842	29	97
dpca6g447820.842	29	98
dpca6g447860.842	29	99
dpca6g447890.842	29	100
dpca6g447900.842	29	101
dpca6g447910.842	29	102
dpca6g447930.842	29	103
dpca6g447940.842	29	104
dpca6g447970.842	29	105
dpca6g447980.842	29	106
dpca6g448090.842	29	107
dpca6g448140.842	29	108
dpca6g448150.842	29	109
dpca6g448160.842	29	110
dpca6g448170.842	29	111
dpca6g448190.842	29	112
dpca6g448200.842	29	113
dpca6g448230.842	29	114
dpca6g448250.842	29	115
dpca6g448260.842	29	116
dpca6g448290.842	29	117
dpca6g448310.842	29	118
dpca6g448320.842	29	119
dpca6g448330.842	29	120
dpca6g448360.842	29	121
dpca6g448370.842	29	122
dpca6g448390.842	29	123
dpca6g448400.842	29	124
dpca6g448430.842	29	125
dpca6g448450.842	29	126
dpca6g448480.842	29	127
dpca6g448490.842	29	128
dpca6g448500.842	29	129
dpca6g448510.842	29	130
dpca6g448520.842	29	131
dpca6g448530.842	29	132
dpca6g448540.842	29	133
dpca6g448570.842	29	134
dpca6g448590.842	29	135
dpca6g448610.842	29	136
dpca6g448700.842	29	137
dpca6g448720.842	29	138
dpca6g448730.842	29	139
dpca6g448740.842	29	140
dpca6g448750.842	29	141
dpca6g448760.842	29	142
dpca6g448770.842	29	143
dpca6g448780.842	29	144
dpca6g448790.842	29	145
dpca6g448800.842	29	146
dpca6g448810.842	29	147
dpca6g448820.842	29	148
dpca6g448830.842	29	149
dpca6g448840.842	29	150
dpca6g448860.842	29	151
dpca6g448880.842	29	152
dpca6g448900.842	29	153
dpca6g448930.842	29	154
dpca6g448940.842	29	155
dpca6g448950.842	29	156
dpca6g448970.842	29	157
dpca6g449010.842	29	158
dpca6g449030.842	29	159
dpca6g449040.842	29	160
dpca6g449080.842	29	161
dpca6g449120.842	29	162
dpca6g449130.842	29	163
dpca6g449140.842	29	164
dpca6g449150.842	29	165
dpca6g449160.842	29	166
dpca6g449170.842	29	167
dpca6g449180.842	29	168
dpca6g449190.842	29	169
dpca6g449200.842	29	170
dpca6g449210.842	29	171
dpca6g449220.842	29	172
dpca6g449240.842	29	173
dpca6g449320.842	29	174
dpca6g449340.842	29	175
dpca6g449350.842	29	176
dpca6g449360.842	29	177
dpca6g449370.842	29	178
dpca6g449380.842	29	179
dpca6g449390.842	29	180
dpca6g449430.842	29	181
dpca6g449440.842	29	182
dpca6g449450.842	29	183
dpca6g449470.842	29	184
dpca6g449480.842	29	185
dpca6g449490.842	29	186
dpca6g449500.842	29	187
dpca6g449510.842	29	188
dpca6g449530.842	29	189
dpca6g449540.842	29	190
dpca6g449550.842	29	191
dpca6g449590.842	29	192
dpca6g449600.842	29	193
dpca6g449620.842	29	194
dpca6g449650.842	29	195
dpca6g449660.842	29	196
dpca6g449700.842	29	197
dpca6g449730.842	29	198
dpca6g449740.842	29	199
dpca6g449750.842	29	200
dpca6g449810.842	29	201
dpca6g449830.842	29	202
dpca6g449840.842	29	203
dpca6g449860.842	29	204
dpca6g449870.842	29	205
dpca6g449890.842	29	206
dpca6g449910.842	29	207
dpca6g449940.842	29	208
dpca6g449950.842	29	209
dpca6g449980.842	29	210
dpca6g450010.842	29	211
dpca6g450030.842	29	212
dpca6g450040.842	29	213
dpca6g450050.842	29	214
dpca6g450070.842	29	215
dpca6g450080.842	29	216
dpca6g450090.842	29	217
dpca6g450100.842	29	218
dpca6g450110.842	29	219
dpca6g450130.842	29	220
dpca6g450150.842	29	221
dpca6g450160.842	29	222
dpca6g450180.842	29	223
dpca6g450220.842	29	224
dpca6g450240.842	29	225
dpca6g450260.842	29	226
dpca6g450270.842	29	227
dpca6g450290.842	29	228
dpca6g450320.842	29	229
dpca6g450330.842	29	230
dpca6g450340.842	29	231
dpca6g450350.842	29	232
dpca6g450370.842	29	233
dpca6g450380.842	29	234
dpca6g450390.842	29	235
dpca6g450400.842	29	236
dpca6g450410.842	29	237
dpca6g450440.842	29	238
dpca6g450450.842	29	239
dpca6g450460.842	29	240
dpca6g450470.842	29	241
dpca6g450490.842	29	242
dpca6g450500.842	29	243
dpca6g450510.842	29	244
dpca6g450520.842	29	245
dpca6g450540.842	29	246
dpca6g450570.842	29	247
dpca6g450640.842	29	248
dpca6g450670.842	29	249
dpca6g450680.842	29	250
dpca6g450690.842	29	251
dpca6g450710.842	29	252
dpca6g450720.842	29	253
dpca6g450750.842	29	254
dpca6g450770.842	29	255
dpca6g450780.842	29	256
dpca6g450790.842	29	257
dpca6g450800.842	29	258
dpca6g450830.842	29	259
dpca6g450840.842	29	260
dpca6g450850.842	29	261
dpca6g450860.842	29	262
dpca6g450880.842	29	263
dpca6g450920.842	29	264
dpca6g450970.842	29	265
dpca6g450990.842	29	266
dpca6g451000.842	29	267
dpca6g451010.842	29	268
dpca6g451030.842	29	269
dpca6g451040.842	29	270
dpca6g451050.842	29	271
dpca6g451060.842	29	272
dpca6g451080.842	29	273
dpca6g451100.842	29	274
dpca6g451110.842	29	275
dpca6g451120.842	29	276
dpca6g451130.842	29	277
dpca6g451140.842	29	278
dpca6g451150.842	29	279
dpca6g451160.842	29	280
dpca6g451180.842	29	281
dpca6g451190.842	29	282
dpca6g451210.842	29	283
dpca6g451220.842	29	284
dpca6g451240.842	29	285
dpca6g451320.842	29	286
dpca6g451330.842	29	287
dpca6g451340.842	29	288
dpca6g451350.842	29	289
dpca6g451370.842	29	290
dpca6g451380.842	29	291
dpca6g451400.842	29	292
dpca6g451410.842	29	293
dpca6g451420.842	29	294
dpca6g451430.842	29	295
dpca6g451440.842	29	296
dpca6g451450.842	29	297
dpca6g451460.842	29	298
dpca6g451470.842	29	299
dpca6g451480.842	29	300
dpca6g451490.842	29	301
dpca6g451500.842	29	302
dpca6g451510.842	29	303
dpca6g451520.842	29	304
dpca6g451540.842	29	305
dpca6g451550.842	29	306
dpca6g451560.842	29	307
dpca6g451570.842	29	308
dpca6g451590.842	29	309
dpca6g451600.842	29	310
dpca6g451610.842	29	311
dpca6g451630.842	29	312
dpca6g451640.842	29	313
dpca6g451650.842	29	314
dpca6g451660.842	29	315
dpca6g451670.842	29	316
dpca6g451690.842	29	317
dpca6g451700.842	29	318
dpca6g451710.842	29	319
dpca6g451720.842	29	320
dpca6g451750.842	29	321
dpca6g451770.842	29	322
dpca6g451790.842	29	323
dpca6g451800.842	29	324
dpca6g451810.842	29	325
dpca6g451820.842	29	326
dpca6g451830.842	29	327
dpca6g451840.842	29	328
dpca6g451910.842	29	329
dpca6g451920.842	29	330
dpca6g451930.842	29	331
dpca6g451940.842	29	332
dpca6g451950.842	29	333
dpca6g451980.842	29	334
dpca6g451990.842	29	335
dpca6g452000.842	29	336
dpca6g452030.842	29	337
dpca6g452040.842	29	338
dpca6g452070.842	29	339
dpca6g452090.842	29	340
dpca6g452100.842	29	341
dpca6g452130.842	29	342
dpca6g452140.842	29	343
dpca6g452180.842	29	344
dpca6g452200.842	29	345
dpca6g452210.842	29	346
dpca6g452220.842	29	347
dpca6g452230.842	29	348
dpca6g452240.842	29	349
dpca6g452250.842	29	350
dpca6g452270.842	29	351
dpca6g452280.842	29	352
dpca6g452300.842	29	353
dpca6g452310.842	29	354
dpca6g452350.842	29	355
dpca6g452360.842	29	356
dpca6g452370.842	29	357
dpca6g452390.842	29	358
dpca6g452400.842	29	359
dpca6g452420.842	29	360
dpca6g452430.842	29	361
dpca6g452440.842	29	362
dpca6g452470.842	29	363
dpca6g452490.842	29	364
dpca6g452500.842	29	365
dpca6g452510.842	29	366
dpca6g452520.842	29	367
dpca6g452550.842	29	368
dpca6g452580.842	29	369
dpca6g452600.842	29	370
dpca6g452610.842	29	371
dpca6g452630.842	29	372
dpca6g452640.842	29	373
dpca6g452650.842	29	374
dpca6g452660.842	29	375
dpca6g452680.842	29	376
dpca6g452690.842	29	377
dpca6g452700.842	29	378
dpca6g452710.842	29	379
dpca6g452740.842	29	380
dpca6g452750.842	29	381
dpca6g452760.842	29	382
dpca6g452780.842	29	383
dpca6g452830.842	29	384
dpca6g452840.842	29	385
dpca6g452860.842	29	386
dpca6g452870.842	29	387
dpca6g452880.842	29	388
dpca6g452890.842	29	389
dpca6g452920.842	29	390
dpca6g452930.842	29	391
dpca6g452960.842	29	392
dpca6g453000.842	29	393
dpca6g453020.842	29	394
dpca6g453030.842	29	395
dpca6g453050.842	29	396
dpca6g453060.842	29	397
dpca6g453070.842	29	398
dpca6g453080.842	29	399
dpca6g453090.842	29	400
dpca6g453100.842	29	401
dpca6g453110.842	29	402
dpca6g453130.842	29	403
dpca6g453140.842	29	404
dpca6g453150.842	29	405
dpca6g453160.842	29	406
dpca6g453170.842	29	407
dpca6g453180.842	29	408
dpca6g453200.842	29	409
dpca6g453210.842	29	410
dpca6g453220.842	29	411
dpca6g453230.842	29	412
dpca6g453240.842	29	413
dpca6g453260.842	29	414
dpca6g453270.842	29	415
dpca6g453280.842	29	416
dpca6g453290.842	29	417
dpca6g453300.842	29	418
dpca6g453330.842	29	419
dpca6g453340.842	29	420
dpca6g453360.842	29	421
dpca6g453370.842	29	422
dpca6g453420.842	29	423
dpca6g453460.842	29	424
dpca6g453490.842	29	425
dpca6g453500.842	29	426
dpca6g453520.842	29	427
dpca6g453550.842	29	428
dpca6g453590.842	29	429
dpca6g453600.842	29	430
dpca6g453610.842	29	431
dpca6g453640.842	29	432
dpca6g453650.842	29	433
dpca6g453660.842	29	434
dpca6g453670.842	29	435
dpca6g453720.842	29	436
dpca6g453730.842	29	437
dpca6g453760.842	29	438
dpca6g453770.842	29	439
dpca6g453780.842	29	440
dpca6g453790.842	29	441
dpca6g453800.842	29	442
dpca6g453810.842	29	443
dpca6g453820.842	29	444
dpca6g453840.842	29	445
dpca6g453850.842	29	446
dpca6g453860.842	29	447
dpca6g453870.842	29	448
dpca6g453880.842	29	449
dpca6g453890.842	29	450
dpca6g453900.842	29	451
dpca6g453910.842	29	452
dpca6g453920.842	29	453
dpca6g453930.842	29	454
dpca6g453940.842	29	455
dpca6g453960.842	29	456
dpca6g453990.842	29	457
dpca6g454040.842	29	458
dpca6g454050.842	29	459
dpca6g454060.842	29	460
dpca6g454070.842	29	461
dpca6g454080.842	29	462
dpca6g454090.842	29	463
dpca6g454100.842	29	464
dpca6g454120.842	29	465
dpca6g454140.842	29	466
dpca6g454160.842	29	467
dpca6g454170.842	29	468
dpca6g454180.842	29	469
dpca6g454190.842	29	470
dpca6g454240.842	29	471
dpca6g454250.842	29	472
dpca6g454260.842	29	473
dpca6g454270.842	29	474
dpca6g454290.842	29	475
dpca6g454310.842	29	476
dpca6g454330.842	29	477
dpca6g454340.842	29	478
dpca6g454350.842	29	479
dpca6g454360.842	29	480
dpca6g454390.842	29	481
dpca6g454410.842	29	482
dpca6g454420.842	29	483
dpca6g454460.842	29	484
dpca6g454480.842	29	485
dpca6g454490.842	29	486
dpca6g454520.842	29	487
dpca6g454530.842	29	488
dpca6g454540.842	29	489
dpca6g454550.842	29	490
dpca6g454570.842	29	491
dpca6g454580.842	29	492
dpca6g454610.842	29	493
dpca6g454630.842	29	494
dpca6g454640.842	29	495
dpca6g454650.842	29	496
dpca6g454660.842	29	497
dpca6g454670.842	29	498
dpca6g454720.842	29	499
dpca6g454730.842	29	500
dpca6g454740.842	29	501
dpca6g454750.842	29	502
dpca6g454760.842	29	503
dpca6g454770.842	29	504
dpca6g454780.842	29	505
dpca6g454790.842	29	506
dpca6g454800.842	29	507
dpca6g454810.842	29	508
dpca6g454830.842	29	509
dpca6g454860.842	29	510
dpca6g454870.842	29	511
dpca6g454880.842	29	512
dpca6g454890.842	29	513
dpca6g454910.842	29	514
dpca6g454930.842	29	515
dpca6g454940.842	29	516
dpca6g454950.842	29	517
dpca6g454960.842	29	518
dpca6g454970.842	29	519
dpca6g454980.842	29	520
dpca6g455030.842	29	521
dpca6g455050.842	29	522
dpca6g455060.842	29	523
dpca6g455070.842	29	524
dpca6g455090.842	29	525
dpca6g455120.842	29	526
dpca6g455130.842	29	527
dpca6g455140.842	29	528
dpca6g455180.842	29	529
dpca6g455200.842	29	530
dpca6g455230.842	29	531
dpca6g455270.842	29	532
dpca6g455280.842	29	533
dpca6g455290.842	29	534
dpca6g455320.842	29	535
dpca6g455330.842	29	536
dpca6g455350.842	29	537
dpca6g455360.842	29	538
dpca6g455370.842	29	539
dpca6g455390.842	29	540
dpca6g455400.842	29	541
dpca6g455410.842	29	542
dpca6g455420.842	29	543
dpca6g455430.842	29	544
dpca6g455460.842	29	545
dpca6g455470.842	29	546
dpca6g455490.842	29	547
dpca6g455500.842	29	548
dpca6g455510.842	29	549
dpca6g455520.842	29	550
dpca6g455540.842	29	551
dpca6g455560.842	29	552
dpca6g455600.842	29	553
dpca6g455660.842	29	554
dpca6g455670.842	29	555
dpca6g455700.842	29	556
dpca6g455710.842	29	557
dpca6g455720.842	29	558
dpca6g455740.842	29	559
dpca6g455750.842	29	560
dpca6g455760.842	29	561
dpca6g455770.842	29	562
dpca6g455790.842	29	563
dpca6g455800.842	29	564
dpca6g455810.842	29	565
dpca6g455820.842	29	566
dpca6g455830.842	29	567
dpca6g455840.842	29	568
dpca6g455860.842	29	569
dpca6g455880.842	29	570
dpca6g455890.842	29	571
dpca6g455900.842	29	572
dpca6g455910.842	29	573
dpca6g455920.842	29	574
dpca6g455930.842	29	575
dpca6g455940.842	29	576
dpca6g455990.842	29	577
dpca6g456010.842	29	578
dpca6g456020.842	29	579
dpca6g456040.842	29	580
dpca6g456050.842	29	581
dpca6g456060.842	29	582
dpca6g456070.842	29	583
dpca6g456090.842	29	584
dpca6g456100.842	29	585
dpca6g456110.842	29	586
dpca6g456120.842	29	587
dpca6g456150.842	29	588
dpca6g456160.842	29	589
dpca6g456180.842	29	590
dpca6g456190.842	29	591
dpca6g456200.842	29	592
dpca6g456210.842	29	593
dpca6g456220.842	29	594
dpca6g456230.842	29	595
dpca6g456240.842	29	596
dpca6g456250.842	29	597
dpca6g456280.842	29	598
dpca6g456290.842	29	599
dpca6g456300.842	29	600
dpca6g456310.842	29	601
dpca6g456320.842	29	602
dpca6g456330.842	29	603
dpca6g456340.842	29	604
dpca6g456350.842	29	605
dpca6g456380.842	29	606
dpca6g456390.842	29	607
dpca6g456410.842	29	608
dpca6g456420.842	29	609
dpca6g456430.842	29	610
dpca6g456490.842	29	611
dpca6g456500.842	29	612
dpca6g456510.842	29	613
dpca6g456530.842	29	614
dpca6g456540.842	29	615
dpca6g456570.842	29	616
dpca6g456580.842	29	617
dpca6g456610.842	29	618
dpca6g456620.842	29	619
dpca6g456640.842	29	620
dpca6g456680.842	29	621
dpca6g456690.842	29	622
dpca6g456700.842	29	623
dpca6g456720.842	29	624
dpca6g456740.842	29	625
dpca6g456760.842	29	626
dpca6g456820.842	29	627
dpca6g456830.842	29	628
dpca6g456840.842	29	629
dpca6g456860.842	29	630
dpca6g456890.842	29	631
dpca6g456910.842	29	632
dpca6g456920.842	29	633
dpca6g456990.842	29	634
dpca6g457030.842	29	635
dpca6g457040.842	29	636
dpca6g457060.842	29	637
dpca6g457090.842	29	638
dpca6g457100.842	29	639
dpca6g457170.842	29	640
dpca6g457210.842	29	641
dpca6g457250.842	29	642
dpca6g457280.842	29	643
dpca6g457300.842	29	644
dpca6g457310.842	29	645
dpca6g457330.842	29	646
dpca6g457360.842	29	647
dpca6g457380.842	29	648
dpca6g457390.842	29	649
dpca6g457400.842	29	650
dpca6g457410.842	29	651
dpca6g457420.842	29	652
dpca6g457430.842	29	653
dpca6g457440.842	29	654
dpca6g457450.842	29	655
dpca6g457480.842	29	656
dpca6g457490.842	29	657
dpca6g457500.842	29	658
dpca6g457510.842	29	659
dpca6g457520.842	29	660
dpca6g457540.842	29	661
dpca6g457550.842	29	662
dpca6g457590.842	29	663
dpca6g457600.842	29	664
dpca6g457610.842	29	665
dpca6g457650.842	29	666
dpca6g457690.842	29	667
dpca6g457700.842	29	668
dpca6g457710.842	29	669
dpca6g457730.842	29	670
dpca6g457750.842	29	671
dpca6g457760.842	29	672
dpca6g457770.842	29	673
dpca6g457780.842	29	674
dpca6g457810.842	29	675
dpca6g457830.842	29	676
dpca6g457840.842	29	677
dpca6g457860.842	29	678
dpca6g457870.842	29	679
dpca6g457880.842	29	680
dpca6g457910.842	29	681
dpca6g457920.842	29	682
dpca6g457940.842	29	683
dpca6g457950.842	29	684
dpca6g457960.842	29	685
dpca6g457970.842	29	686
dpca6g457980.842	29	687
dpca6g457990.842	29	688
dpca6g458000.842	29	689
dpca6g458010.842	29	690
dpca6g458040.842	29	691
dpca6g458050.842	29	692
dpca6g458070.842	29	693
dpca6g458090.842	29	694
dpca6g458100.842	29	695
dpca6g458120.842	29	696
dpca6g458130.842	29	697
dpca6g458170.842	29	698
dpca6g458180.842	29	699
dpca6g458190.842	29	700
dpca6g458210.842	29	701
dpca6g458230.842	29	702
dpca6g458240.842	29	703
dpca6g458260.842	29	704
dpca6g458290.842	29	705
dpca6g458320.842	29	706
dpca6g458330.842	29	707
dpca6g458350.842	29	708
dpca6g458360.842	29	709
dpca6g458400.842	29	710
dpca6g458410.842	29	711
dpca6g458420.842	29	712
dpca6g458460.842	29	713
dpca6g458470.842	29	714
dpca6g458480.842	29	715
dpca6g458490.842	29	716
dpca6g458500.842	29	717
dpca6g458540.842	29	718
dpca6g458550.842	29	719
dpca6g458560.842	29	720
dpca6g458610.842	29	721
dpca6g458620.842	29	722
dpca6g458630.842	29	723
dpca6g458650.842	29	724
dpca6g458660.842	29	725
dpca6g458670.842	29	726
dpca6g458680.842	29	727
dpca6g458700.842	29	728
dpca6g458720.842	29	729
dpca6g458730.842	29	730
dpca6g458750.842	29	731
dpca6g458760.842	29	732
dpca6g458770.842	29	733
dpca6g458780.842	29	734
dpca6g458790.842	29	735
dpca6g458800.842	29	736
dpca6g458810.842	29	737
dpca6g458820.842	29	738
dpca6g458850.842	29	739
dpca6g458860.842	29	740
dpca6g458870.842	29	741
dpca6g458880.842	29	742
dpca6g458930.842	29	743
dpca6g458940.842	29	744
dpca6g458950.842	29	745
dpca6g458970.842	29	746
dpca6g458980.842	29	747
dpca6g458990.842	29	748
dpca6g459000.842	29	749
dpca6g459040.842	29	750
dpca6g459050.842	29	751
dpca6g459070.842	29	752
dpca6g459090.842	29	753
dpca6g459100.842	29	754
dpca6g459150.842	29	755
dpca6g459190.842	29	756
dpca6g459230.842	29	757
dpca6g459240.842	29	758
dpca6g459250.842	29	759
dpca6g459260.842	29	760
dpca6g459270.842	29	761
dpca6g459280.842	29	762
dpca6g459290.842	29	763
dpca6g459300.842	29	764
dpca6g459310.842	29	765
dpca6g459320.842	29	766
dpca6g459330.842	29	767
dpca6g459340.842	29	768
dpca6g459380.842	29	769
dpca6g459390.842	29	770
dpca6g459410.842	29	771
dpca6g459470.842	29	772
dpca6g459480.842	29	773
dpca6g459490.842	29	774
dpca6g459520.842	29	775
dpca6g459560.842	29	776
dpca6g459570.842	29	777
dpca6g459620.842	29	778
dpca6g459630.842	29	779
dpca6g459650.842	29	780
dpca6g459660.842	29	781
dpca6g459670.842	29	782
dpca6g459680.842	29	783
dpca6g459690.842	29	784
dpca6g459710.842	29	785
dpca6g459720.842	29	786
dpca6g459730.842	29	787
dpca6g459740.842	29	788
dpca6g459750.842	29	789
dpca6g459780.842	29	790
dpca6g459790.842	29	791
dpca6g459810.842	29	792
dpca6g459840.842	29	793
dpca6g459850.842	29	794
dpca6g459860.842	29	795
dpca6g459870.842	29	796
dpca6g459880.842	29	797
dpca6g459890.842	29	798
dpca6g459920.842	29	799
dpca6g459930.842	29	800
dpca6g459940.842	29	801
dpca6g459950.842	29	802
dpca6g459970.842	29	803
dpca6g459980.842	29	804
dpca6g460010.842	29	805
dpca6g460020.842	29	806
dpca6g460040.842	29	807
dpca6g460090.842	29	808
dpca6g460100.842	29	809
dpca6g460110.842	29	810
dpca6g460160.842	29	811
dpca6g460170.842	29	812
dpca6g460200.842	29	813
dpca6g460210.842	29	814
dpca6g460220.842	29	815
dpca6g460230.842	29	816
dpca6g460240.842	29	817
dpca6g460270.842	29	818
dpca6g460290.842	29	819
dpca6g460310.842	29	820
dpca6g460340.842	29	821
dpca6g460360.842	29	822
dpca6g460370.842	29	823
dpca6g460390.842	29	824
dpca6g460410.842	29	825
dpca6g460420.842	29	826
dpca6g460430.842	29	827
dpca6g460450.842	29	828
dpca6g460470.842	29	829
dpca6g460490.842	29	830
dpca6g460530.842	29	831
dpca6g460540.842	29	832
dpca6g460570.842	29	833
dpca6g460620.842	29	834
dpca6g460710.842	29	835
dpca6g460730.842	29	836
dpca6g460750.842	29	837
dpca6g460770.842	29	838
dpca6g460780.842	29	839
dpca6g460800.842	29	840
dpca6g460840.842	29	841
dpca6g460850.842	29	842
dpca6g460860.842	29	843
dpca6g460870.842	29	844
dpca6g460880.842	29	845
dpca6g460930.842	29	846
dpca6g460990.842	29	847
dpca6g461060.842	29	848
dpca6g461080.842	29	849
dpca6g461140.842	29	850
dpca6g461160.842	29	851
dpca6g461190.842	29	852
dpca6g461210.842	29	853
dpca6g461220.842	29	854
dpca6g461230.842	29	855
dpca6g461240.842	29	856
dpca6g461250.842	29	857
dpca6g461270.842	29	858
dpca6g461310.842	29	859
dpca6g461340.842	29	860
dpca6g461380.842	29	861
dpca6g461390.842	29	862
dpca6g461410.842	29	863
dpca6g461420.842	29	864
dpca6g461430.842	29	865
dpca6g461440.842	29	866
dpca6g461460.842	29	867
dpca6g461480.842	29	868
dpca6g461510.842	29	869
dpca6g461520.842	29	870
dpca6g461570.842	29	871
dpca6g461580.842	29	872
dpca6g461620.842	29	873
dpca6g461690.842	29	874
dpca6g461700.842	29	875
dpca6g461710.842	29	876
dpca6g461730.842	29	877
dpca6g461780.842	29	878
dpca6g461820.842	29	879
dpca6g461850.842	29	880
dpca6g461870.842	29	881
dpca6g461880.842	29	882
dpca6g461890.842	29	883
dpca6g461900.842	29	884
dpca6g461920.842	29	885
dpca6g461950.842	29	886
dpca6g462000.842	29	887
dpca6g462010.842	29	888
dpca6g462040.842	29	889
dpca6g462050.842	29	890
dpca6g462060.842	29	891
dpca6g462070.842	29	892
dpca6g462080.842	29	893
dpca6g462110.842	29	894
dpca6g462120.842	29	895
dpca6g462140.842	29	896
dpca6g462170.842	29	897
dpca6g462180.842	29	898
dpca6g462190.842	29	899
dpca6g462200.842	29	900
dpca6g462210.842	29	901
dpca6g462250.842	29	902
dpca6g462260.842	29	903
dpca6g462270.842	29	904
dpca6g462280.842	29	905
dpca6g462290.842	29	906
dpca6g462310.842	29	907
dpca6g462320.842	29	908
dpca6g462330.842	29	909
dpca6g462350.842	29	910
dpca6g462380.842	29	911
dpca6g462420.842	29	912
dpca6g462460.842	29	913
dpca6g462470.842	29	914
dpca6g462490.842	29	915
dpca6g462530.842	29	916
dpca6g462560.842	29	917
dpca6g462580.842	29	918
dpca6g462650.842	29	919
dpca6g462670.842	29	920
dpca6g462680.842	29	921
dpca6g462700.842	29	922
dpca6g462740.842	29	923
dpca6g462780.842	29	924
dpca6g462790.842	29	925
dpca6g462800.842	29	926
dpca6g462810.842	29	927
dpca6g462820.842	29	928
dpca6g462850.842	29	929
dpca6g462870.842	29	930
dpca6g462880.842	29	931
dpca6g462900.842	29	932
dpca6g462910.842	29	933
dpca6g462930.842	29	934
dpca6g462940.842	29	935
dpca6g462950.842	29	936
dpca6g462980.842	29	937
dpca6g462990.842	29	938
dpca6g463000.842	29	939
dpca6g463020.842	29	940
dpca6g463070.842	29	941
dpca6g463090.842	29	942
dpca6g463110.842	29	943
dpca6g463120.842	29	944
dpca6g463130.842	29	945
dpca6g463150.842	29	946
dpca6g463170.842	29	947
dpca6g463220.842	29	948
dpca6g463240.842	29	949
dpca6g463250.842	29	950
dpca6g463270.842	29	951
dpca6g463280.842	29	952
dpca6g463300.842	29	953
dpca6g463330.842	29	954
dpca6g463340.842	29	955
dpca6g463380.842	29	956
dpca6g463400.842	29	957
dpca6g463450.842	29	958
dpca6g463470.842	29	959
dpca6g463510.842	29	960
dpca6g463560.842	29	961
dpca6g463600.842	29	962
dpca6g463620.842	29	963
dpca6g463650.842	29	964
dpca6g463660.842	29	965
dpca6g463680.842	29	966
dpca6g463690.842	29	967
dpca6g463720.842	29	968
dpca6g463740.842	29	969
dpca6g463780.842	29	970
dpca6g463820.842	29	971
dpca6g463840.842	29	972
dpca6g463870.842	29	973
dpca6g463900.842	29	974
dpca6g463910.842	29	975
dpca6g463940.842	29	976
dpca6g463950.842	29	977
dpca6g463990.842	29	978
dpca6g464020.842	29	979
dpca6g464040.842	29	980
dpca6g464060.842	29	981
dpca6g464080.842	29	982
dpca6g464110.842	29	983
dpca6g464120.842	29	984
dpca6g464140.842	29	985
dpca6g464150.842	29	986
dpca6g464240.842	29	987
dpca6g464260.842	29	988
dpca6g464270.842	29	989
dpca6g464310.842	29	990
dpca6g464320.842	29	991
dpca6g464330.842	29	992
dpca6g464340.842	29	993
dpca6g464370.842	29	994
dpca6g464390.842	29	995
dpca6g464410.842	29	996
dpca6g464420.842	29	997
dpca6g464480.842	29	998
dpca6g464560.842	29	999
dpca6g464570.842	29	1000
dpca6g464580.842	29	1001
dpca6g464590.842	29	1002
dpca6g464600.842	29	1003
dpca6g464630.842	29	1004
dpca6g464640.842	29	1005
dpca6g464650.842	29	1006
dpca6g464670.842	29	1007
dpca6g464690.842	29	1008
dpca6g464710.842	29	1009
dpca6g464720.842	29	1010
dpca6g464730.842	29	1011
dpca6g464740.842	29	1012
dpca6g464790.842	29	1013
dpca6g464800.842	29	1014
dpca6g464820.842	29	1015
dpca6g464840.842	29	1016
dpca6g464850.842	29	1017
dpca6g464890.842	29	1018
dpca6g464960.842	29	1019
dpca6g464970.842	29	1020
dpca6g465010.842	29	1021
dpca6g465020.842	29	1022
dpca6g465030.842	29	1023
dpca6g465050.842	30	0
dpca6g465090.842	30	1
dpca6g465100.842	30	2
dpca6g465110.842	30	3
dpca6g465120.842	30	4
dpca6g465180.842	30	5
dpca6g465200.842	30	6
dpca6g465210.842	30	7
dpca6g465230.842	30	8
dpca6g465250.842	30	9
dpca6g465300.842	30	10
dpca6g465320.842	30	11
dpca6g465420.842	30	12
dpca6g465470.842	30	13
dpca6g465490.842	30	14
dpca6g465500.842	30	15
dpca6g465540.842	30	16
dpca6g465550.842	30	17
dpca6g465570.842	30	18
dpca6g465580.842	30	19
dpca6g465590.842	30	20
dpca6g465610.842	30	21
dpca6g465650.842	30	22
dpca6g465670.842	30	23
dpca6g465700.842	30	24
dpca6g465780.842	30	25
dpca6g465790.842	30	26
dpca6g465810.842	30	27
dpca6g465820.842	30	28
dpca6g465830.842	30	29
dpca6g465850.842	30	30
dpca6g465860.842	30	31
dpca6g465870.842	30	32
dpca6g465880.842	30	33
dpca6g465900.842	30	34
dpca6g465920.842	30	35
dpca6g465930.842	30	36
dpca6g465980.842	30	37
dpca6g466000.842	30	38
dpca6g466030.842	30	39
dpca6g466090.842	30	40
dpca6g466100.842	30	41
dpca6g466120.842	30	42
dpca6g466140.842	30	43
dpca6g466200.842	30	44
dpca6g466210.842	30	45
dpca6g466230.842	30	46
dpca6g466250.842	30	47
dpca6g466260.842	30	48
dpca6g466290.842	30	49
dpca6g466300.842	30	50
dpca6g466320.842	30	51
dpca6g466330.842	30	52
dpca6g466380.842	30	53
dpca6g466390.842	30	54
dpca6g466400.842	30	55
dpca6g466420.842	30	56
dpca6g466460.842	30	57
dpca6g466470.842	30	58
dpca6g466480.842	30	59
dpca6g466510.842	30	60
dpca6g466520.842	30	61
dpca6g466530.842	30	62
dpca6g466570.842	30	63
dpca6g466580.842	30	64
dpca6g466600.842	30	65
dpca6g466610.842	30	66
dpca6g466640.842	30	67
dpca6g466660.842	30	68
dpca6g466690.842	30	69
dpca6g466720.842	30	70
dpca6g466730.842	30	71
dpca6g466740.842	30	72
dpca6g466750.842	30	73
dpca6g466790.842	30	74
dpca6g466800.842	30	75
dpca6g466820.842	30	76
dpca6g466830.842	30	77
dpca6g466860.842	30	78
dpca6g466870.842	30	79
dpca6g466920.842	30	80
dpca6g466930.842	30	81
dpca6g466950.842	30	82
dpca6g466960.842	30	83
dpca6g466970.842	30	84
dpca6g466990.842	30	85
dpca6g467010.842	30	86
dpca6g467040.842	30	87
dpca6g467060.842	30	88
dpca6g467070.842	30	89
dpca6g467080.842	30	90
dpca6g467100.842	30	91
dpca6g467150.842	30	92
dpca6g467170.842	30	93
dpca6g467210.842	30	94
dpca6g467250.842	30	95
dpca6g467260.842	30	96
dpca6g467270.842	30	97
dpca6g467300.842	30	98
dpca6g467310.842	30	99
dpca6g467420.842	30	100
dpca6g467440.842	30	101
dpca6g467480.842	30	102
dpca6g467490.842	30	103
dpca6g467510.842	30	104
dpca6g467520.842	30	105
dpca6g467530.842	30	106
dpca6g467590.842	30	107
dpca6g467610.842	30	108
dpca6g467630.842	30	109
dpca6g467660.842	30	110
dpca6g467670.842	30	111
dpca6g467710.842	30	112
dpca6g467740.842	30	113
dpca6g467750.842	30	114
dpca6g467760.842	30	115
dpca6g467780.842	30	116
dpca6g467790.842	30	117
dpca6g467810.842	30	118
dpca6g467880.842	30	119
dpca6g467890.842	30	120
dpca6g467910.842	30	121
dpca6g467920.842	30	122
dpca6g467930.842	30	123
dpca6g467940.842	30	124
dpca6g467980.842	30	125
dpca6g468060.842	30	126
dpca6g468080.842	30	127
dpca6g468120.842	30	128
dpca6g468130.842	30	129
dpca6g468140.842	30	130
dpca6g468150.842	30	131
dpca6g468170.842	30	132
dpca6g468180.842	30	133
dpca6g468190.842	30	134
dpca6g468200.842	30	135
dpca6g468220.842	30	136
dpca6g468230.842	30	137
dpca6g468240.842	30	138
dpca6g468250.842	30	139
dpca6g468320.842	30	140
dpca6g468350.842	30	141
dpca6g468360.842	30	142
dpca6g468390.842	30	143
dpca6g468400.842	30	144
dpca6g468410.842	30	145
dpca6g468440.842	30	146
dpca6g468450.842	30	147
dpca6g468460.842	30	148
dpca6g468480.842	30	149
dpca6g468540.842	30	150
dpca6g468560.842	30	151
dpca6g468580.842	30	152
dpca6g468620.842	30	153
dpca6g468630.842	30	154
dpca6g468650.842	30	155
dpca6g468680.842	30	156
dpca6g468690.842	30	157
dpca6g468700.842	30	158
dpca6g468750.842	30	159
dpca6g468780.842	30	160
dpca6g468790.842	30	161
dpca6g468800.842	30	162
dpca6g468880.842	30	163
dpca6g468900.842	30	164
dpca6g468910.842	30	165
dpca6g468970.842	30	166
dpca6g468980.842	30	167
dpca6g468990.842	30	168
dpca6g469000.842	30	169
dpca6g469050.842	30	170
dpca6g469070.842	30	171
dpca6g469110.842	30	172
dpca6g469120.842	30	173
dpca6g469150.842	30	174
dpca6g469180.842	30	175
dpca6g469220.842	30	176
dpca6g469230.842	30	177
dpca6g469240.842	30	178
dpca6g469250.842	30	179
dpca6g469260.842	30	180
dpca6g469270.842	30	181
dpca6g469280.842	30	182
dpca6g469300.842	30	183
dpca6g469330.842	30	184
dpca6g469340.842	30	185
dpca6g469350.842	30	186
dpca6g469360.842	30	187
dpca6g469390.842	30	188
dpca6g469400.842	30	189
dpca6g469430.842	30	190
dpca6g469570.842	30	191
dpca6g469590.842	30	192
dpca6g469600.842	30	193
dpca6g469650.842	30	194
dpca6g469670.842	30	195
dpca6g469710.842	30	196
dpca6g469730.842	30	197
dpca6g469780.842	30	198
dpca6g469790.842	30	199
dpca6g469800.842	30	200
dpca6g469810.842	30	201
dpca6g469830.842	30	202
dpca6g469850.842	30	203
dpca6g469860.842	30	204
dpca6g469870.842	30	205
dpca6g469900.842	30	206
dpca6g469910.842	30	207
dpca6g469940.842	30	208
dpca6g469950.842	30	209
dpca6g469960.842	30	210
dpca6g469980.842	30	211
dpca6g470000.842	30	212
dpca6g470020.842	30	213
dpca6g470040.842	30	214
dpca6g470060.842	30	215
dpca6g470070.842	30	216
dpca6g470110.842	30	217
dpca6g470120.842	30	218
dpca6g470140.842	30	219
dpca6g470150.842	30	220
dpca6g470190.842	30	221
dpca6g470200.842	30	222
dpca6g470210.842	30	223
dpca6g470220.842	30	224
dpca6g470230.842	30	225
dpca6g470250.842	30	226
dpca6g470270.842	30	227
dpca6g470340.842	30	228
dpca6g470360.842	30	229
dpca6g470390.842	30	230
dpca6g470410.842	30	231
dpca6g470420.842	30	232
dpca6g470460.842	30	233
dpca6g470480.842	30	234
dpca6g470500.842	30	235
dpca6g470560.842	30	236
dpca6g470570.842	30	237
dpca6g470590.842	30	238
dpca6g470610.842	30	239
dpca6g470620.842	30	240
dpca6g470650.842	30	241
dpca6g470690.842	30	242
dpca6g470700.842	30	243
dpca6g470730.842	30	244
dpca6g470770.842	30	245
dpca6g470780.842	30	246
dpca6g470790.842	30	247
dpca6g470810.842	30	248
dpca6g470830.842	30	249
dpca6g470850.842	30	250
dpca6g470860.842	30	251
dpca6g470880.842	30	252
dpca6g470910.842	30	253
dpca6g470930.842	30	254
dpca6g470960.842	30	255
dpca6g470970.842	30	256
dpca6g471000.842	30	257
dpca6g471030.842	30	258
dpca6g471040.842	30	259
dpca6g471060.842	30	260
dpca6g471090.842	30	261
dpca6g471130.842	30	262
dpca6g471140.842	30	263
dpca6g471170.842	30	264
dpca6g471200.842	30	265
dpca6g471220.842	30	266
dpca6g471230.842	30	267
dpca6g471240.842	30	268
dpca6g471250.842	30	269
dpca6g471270.842	30	270
dpca6g471320.842	30	271
dpca6g471330.842	30	272
dpca6g471360.842	30	273
dpca6g471390.842	30	274
dpca6g471410.842	30	275
dpca6g471420.842	30	276
dpca6g471430.842	30	277
dpca6g471490.842	30	278
dpca6g471530.842	30	279
dpca6g471540.842	30	280
dpca6g471550.842	30	281
dpca6g471560.842	30	282
dpca6g471620.842	30	283
dpca6g471640.842	30	284
dpca6g471700.842	30	285
dpca6g471730.842	30	286
dpca6g471790.842	30	287
dpca6g471800.842	30	288
dpca6g471820.842	30	289
dpca6g471840.842	30	290
dpca6g471860.842	30	291
dpca6g471870.842	30	292
dpca6g471880.842	30	293
dpca6g471890.842	30	294
dpca6g471910.842	30	295
dpca6g471920.842	30	296
dpca6g471930.842	30	297
dpca6g471940.842	30	298
dpca6g471970.842	30	299
dpca6g471990.842	30	300
dpca6g472020.842	30	301
dpca6g472040.842	30	302
dpca6g472060.842	30	303
dpca6g472080.842	30	304
dpca6g472100.842	30	305
dpca6g472140.842	30	306
dpca6g472150.842	30	307
dpca6g472180.842	30	308
dpca6g472190.842	30	309
dpca6g472200.842	30	310
dpca6g472220.842	30	311
dpca6g472230.842	30	312
dpca6g472240.842	30	313
dpca6g472250.842	30	314
dpca6g472270.842	30	315
dpca6g472280.842	30	316
dpca6g472290.842	30	317
dpca6g472300.842	30	318
dpca6g472310.842	30	319
dpca6g472350.842	30	320
dpca6g472360.842	30	321
dpca6g472370.842	30	322
dpca6g472390.842	30	323
dpca6g472400.842	30	324
dpca6g472410.842	30	325
dpca6g472420.842	30	326
dpca6g472450.842	30	327
dpca6g472500.842	30	328
dpca6g472530.842	30	329
dpca6g472550.842	30	330
dpca6g472620.842	30	331
dpca6g472640.842	30	332
dpca6g472690.842	30	333
dpca6g472700.842	30	334
dpca6g472730.842	30	335
dpca6g472740.842	30	336
dpca6g472750.842	30	337
dpca6g472770.842	30	338
dpca6g472790.842	30	339
dpca6g472820.842	30	340
dpca6g472830.842	30	341
dpca6g472850.842	30	342
dpca6g472860.842	30	343
dpca6g472880.842	30	344
dpca6g472890.842	30	345
dpca6g472900.842	30	346
dpca6g472930.842	30	347
dpca6g472940.842	30	348
dpca6g472970.842	30	349
dpca6g473040.842	30	350
dpca6g473070.842	30	351
dpca6g473090.842	30	352
dpca6g473120.842	30	353
dpca6g473130.842	30	354
dpca6g473140.842	30	355
dpca6g473160.842	30	356
dpca6g473170.842	30	357
dpca6g473190.842	30	358
dpca6g473230.842	30	359
dpca6g473240.842	30	360
dpca6g473300.842	30	361
dpca6g473310.842	30	362
dpca6g473320.842	30	363
dpca6g473330.842	30	364
dpca6g473350.842	30	365
dpca6g473390.842	30	366
dpca6g473430.842	30	367
dpca6g473470.842	30	368
dpca6g473480.842	30	369
dpca6g473490.842	30	370
dpca6g473500.842	30	371
dpca6g473510.842	30	372
dpca6g473520.842	30	373
dpca6g473540.842	30	374
dpca6g473560.842	30	375
dpca6g473590.842	30	376
dpca6g473600.842	30	377
dpca6g473620.842	30	378
dpca6g473640.842	30	379
dpca6g473660.842	30	380
dpca6g473670.842	30	381
dpca6g473680.842	30	382
dpca6g473720.842	30	383
dpca6g473730.842	30	384
dpca6g473740.842	30	385
dpca6g473760.842	30	386
dpca6g473800.842	30	387
dpca6g473810.842	30	388
dpca6g473820.842	30	389
dpca6g473860.842	30	390
dpca6g473890.842	30	391
dpca6g473900.842	30	392
dpca6g473910.842	30	393
dpca6g473920.842	30	394
dpca6g473930.842	30	395
dpca6g473940.842	30	396
dpca6g473950.842	30	397
dpca6g473980.842	30	398
dpca6g474000.842	30	399
dpca6g474010.842	30	400
dpca6g474040.842	30	401
dpca6g474050.842	30	402
dpca6g474070.842	30	403
dpca6g474090.842	30	404
dpca6g474100.842	30	405
dpca6g474110.842	30	406
dpca6g474120.842	30	407
dpca6g474190.842	30	408
dpca6g474220.842	30	409
dpca6g474240.842	30	410
dpca6g474250.842	30	411
dpca6g474260.842	30	412
dpca6g474300.842	30	413
dpca6g474310.842	30	414
dpca6g474320.842	30	415
dpca6g474330.842	30	416
dpca6g474340.842	30	417
dpca6g474360.842	30	418
dpca6g474370.842	30	419
dpca6g474380.842	30	420
dpca6g474390.842	30	421
dpca6g474400.842	30	422
dpca6g474410.842	30	423
dpca6g474420.842	30	424
dpca6g474430.842	30	425
dpca6g474450.842	30	426
dpca6g474460.842	30	427
dpca6g474480.842	30	428
dpca6g474500.842	30	429
dpca6g474510.842	30	430
dpca6g474520.842	30	431
dpca6g474530.842	30	432
dpca6g474540.842	30	433
dpca6g474550.842	30	434
dpca6g474560.842	30	435
dpca6g474570.842	30	436
dpca6g474580.842	30	437
dpca6g474590.842	30	438
dpca6g474600.842	30	439
dpca6g474610.842	30	440
dpca6g474620.842	30	441
dpca6g474640.842	30	442
dpca6g474650.842	30	443
dpca6g474660.842	30	444
dpca6g474680.842	30	445
dpca6g474690.842	30	446
dpca6g474710.842	30	447
dpca6g474720.842	30	448
dpca6g474730.842	30	449
dpca6g474740.842	30	450
dpca6g474750.842	30	451
dpca6g474760.842	30	452
dpca6g474790.842	30	453
dpca6g474800.842	30	454
dpca6g474820.842	30	455
dpca6g474830.842	30	456
dpca6g474840.842	30	457
dpca6g474850.842	30	458
dpca6g474860.842	30	459
dpca6g474870.842	30	460
dpca6g474890.842	30	461
dpca6g474910.842	30	462
dpca6g474920.842	30	463
dpca6g474930.842	30	464
dpca6g474940.842	30	465
dpca6g474950.842	30	466
dpca6g474960.842	30	467
dpca6g474980.842	30	468
dpca6g475010.842	30	469
dpca6g475020.842	30	470
dpca6g475030.842	30	471
dpca6g475040.842	30	472
dpca6g475050.842	30	473
dpca6g475060.842	30	474
dpca6g475070.842	30	475
dpca6g475080.842	30	476
dpca6g475090.842	30	477
dpca6g475140.842	30	478
dpca6g475170.842	30	479
dpca6g475180.842	30	480
dpca6g475190.842	30	481
dpca6g475200.842	30	482
dpca6g475230.842	30	483
dpca6g475240.842	30	484
dpca6g475250.842	30	485
dpca6g475260.842	30	486
dpca6g475270.842	30	487
dpca6g475300.842	30	488
dpca6g475310.842	30	489
dpca6g475320.842	30	490
dpca6g475360.842	30	491
dpca6g475380.842	30	492
dpca6g475390.842	30	493
dpca6g475400.842	30	494
dpca6g475410.842	30	495
dpca6g475440.842	30	496
dpca6g475480.842	30	497
dpca6g475490.842	30	498
dpca6g475500.842	30	499
dpca6g475510.842	30	500
dpca6g475520.842	30	501
dpca6g475540.842	30	502
dpca6g475550.842	30	503
dpca6g475560.842	30	504
dpca6g475570.842	30	505
dpca6g475580.842	30	506
dpca6g475640.842	30	507
dpca6g475660.842	30	508
dpca6g475680.842	30	509
dpca6g475690.842	30	510
dpca6g475700.842	30	511
dpca6g475710.842	30	512
dpca6g475730.842	30	513
dpca6g475740.842	30	514
dpca6g475760.842	30	515
dpca6g475790.842	30	516
dpca6g475810.842	30	517
dpca6g475820.842	30	518
dpca6g475830.842	30	519
dpca6g475870.842	30	520
dpca6g475880.842	30	521
dpca6g475890.842	30	522
dpca6g475920.842	30	523
dpca6g475930.842	30	524
dpca6g475950.842	30	525
dpca6g475960.842	30	526
dpca6g475970.842	30	527
dpca6g475990.842	30	528
dpca6g476020.842	30	529
dpca6g476050.842	30	530
dpca6g476060.842	30	531
dpca6g476080.842	30	532
dpca6g476090.842	30	533
dpca6g476110.842	30	534
dpca6g476120.842	30	535
dpca6g476130.842	30	536
dpca6g476140.842	30	537
dpca6g476150.842	30	538
dpca6g476160.842	30	539
dpca6g476170.842	30	540
dpca6g476180.842	30	541
dpca6g476190.842	30	542
dpca6g476200.842	30	543
dpca6g476210.842	30	544
dpca6g476220.842	30	545
dpca6g476230.842	30	546
dpca6g476240.842	30	547
dpca6g476260.842	30	548
dpca6g476270.842	30	549
dpca6g476290.842	30	550
dpca6g476300.842	30	551
dpca6g476310.842	30	552
dpca6g476320.842	30	553
dpca6g476330.842	30	554
dpca6g476340.842	30	555
dpca6g476350.842	30	556
dpca6g476370.842	30	557
dpca6g476380.842	30	558
dpca6g476390.842	30	559
dpca6g476420.842	30	560
dpca6g476430.842	30	561
dpca6g476440.842	30	562
dpca6g476450.842	30	563
dpca6g476460.842	30	564
dpca6g476470.842	30	565
dpca6g476480.842	30	566
dpca6g476490.842	30	567
dpca6g476510.842	30	568
dpca6g476520.842	30	569
dpca6g476530.842	30	570
dpca6g476560.842	30	571
dpca6g476590.842	30	572
dpca6g476600.842	30	573
dpca6g476670.842	30	574
dpca6g476700.842	30	575
dpca6g476720.842	30	576
dpca6g476780.842	30	577
dpca6g476790.842	30	578
dpca6g476800.842	30	579
dpca6g476810.842	30	580
dpca6g476820.842	30	581
dpca6g476830.842	30	582
dpca6g476850.842	30	583
dpca6g476860.842	30	584
dpca6g476870.842	30	585
dpca6g476880.842	30	586
dpca6g476890.842	30	587
dpca6g476900.842	30	588
dpca6g476920.842	30	589
dpca6g476930.842	30	590
dpca6g476940.842	30	591
dpca6g476950.842	30	592
dpca6g476960.842	30	593
dpca6g477040.842	30	594
dpca6g477050.842	30	595
dpca6g477060.842	30	596
dpca6g477070.842	30	597
dpca6g477080.842	30	598
dpca6g477090.842	30	599
dpca6g477100.842	30	600
dpca6g477110.842	30	601
dpca6g477120.842	30	602
dpca6g477130.842	30	603
dpca6g477140.842	30	604
dpca6g477150.842	30	605
dpca6g477160.842	30	606
dpca6g477170.842	30	607
dpca6g477180.842	30	608
dpca6g477220.842	30	609
dpca6g477250.842	30	610
dpca6g477280.842	30	611
dpca6g477300.842	30	612
dpca6g477330.842	30	613
dpca6g477340.842	30	614
dpca6g477350.842	30	615
dpca6g477360.842	30	616
dpca6g477370.842	30	617
dpca6g477390.842	30	618
dpca6g477410.842	30	619
dpca6g477430.842	30	620
dpca6g477440.842	30	621
dpca6g477490.842	30	622
dpca6g477500.842	30	623
dpca6g477510.842	30	624
dpca6g477540.842	30	625
dpca6g477580.842	30	626
dpca6g477600.842	30	627
dpca6g477610.842	30	628
dpca6g477660.842	30	629
dpca6g477670.842	30	630
dpca6g477680.842	30	631
dpca6g477710.842	30	632
dpca6g477740.842	30	633
dpca6g477750.842	30	634
dpca6g477760.842	30	635
dpca6g477770.842	30	636
dpca6g477820.842	30	637
dpca6g477830.842	30	638
dpca6g477860.842	30	639
dpca6g477870.842	30	640
dpca6g477880.842	30	641
dpca6g477890.842	30	642
dpca6g477900.842	30	643
dpca6g477930.842	30	644
dpca6g477970.842	30	645
dpca6g477980.842	30	646
dpca6g478000.842	30	647
dpca6g478030.842	30	648
dpca6g478040.842	30	649
dpca6g478050.842	30	650
dpca6g478080.842	30	651
dpca6g478090.842	30	652
dpca6g478110.842	30	653
dpca6g478120.842	30	654
dpca6g478150.842	30	655
dpca6g478190.842	30	656
dpca6g478200.842	30	657
dpca6g478250.842	30	658
dpca6g478290.842	30	659
dpca6g478300.842	30	660
dpca6g478310.842	30	661
dpca6g478320.842	30	662
dpca6g478330.842	30	663
dpca6g478350.842	30	664
dpca6g478370.842	30	665
dpca6g478380.842	30	666
dpca6g478390.842	30	667
dpca6g478400.842	30	668
dpca6g478410.842	30	669
dpca6g478430.842	30	670
dpca6g478440.842	30	671
dpca6g478450.842	30	672
dpca6g478460.842	30	673
dpca6g478470.842	30	674
dpca6g478500.842	30	675
dpca6g478510.842	30	676
dpca6g478520.842	30	677
dpca6g478540.842	30	678
dpca6g478550.842	30	679
dpca6g478560.842	30	680
dpca6g478570.842	30	681
dpca6g478580.842	30	682
dpca6g478590.842	30	683
dpca6g478600.842	30	684
dpca6g478610.842	30	685
dpca6g478630.842	30	686
dpca6g478660.842	30	687
dpca6g478670.842	30	688
dpca6g478680.842	30	689
dpca6g478690.842	30	690
dpca6g478700.842	30	691
dpca6g478710.842	30	692
dpca6g478720.842	30	693
dpca6g478750.842	30	694
dpca6g478770.842	30	695
dpca6g478780.842	30	696
dpca6g478800.842	30	697
dpca6g478810.842	30	698
dpca6g478820.842	30	699
dpca6g478840.842	30	700
dpca6g478850.842	30	701
dpca6g478860.842	30	702
dpca6g478880.842	30	703
dpca6g478890.842	30	704
dpca6g478900.842	30	705
dpca6g478930.842	30	706
dpca6g478940.842	30	707
dpca6g478950.842	30	708
dpca6g478960.842	30	709
dpca6g478970.842	30	710
dpca6g478980.842	30	711
dpca6g478990.842	30	712
dpca6g479000.842	30	713
dpca6g479010.842	30	714
dpca6g479040.842	30	715
dpca6g479050.842	30	716
dpca6g479060.842	30	717
dpca6g479070.842	30	718
dpca6g479080.842	30	719
dpca6g479090.842	30	720
dpca6g479100.842	30	721
dpca6g479110.842	30	722
dpca6g479120.842	30	723
dpca6g479150.842	30	724
dpca6g479160.842	30	725
dpca6g479180.842	30	726
dpca6g479200.842	30	727
dpca6g479210.842	30	728
dpca6g479220.842	30	729
dpca6g479230.842	30	730
dpca6g479240.842	30	731
dpca6g479250.842	30	732
dpca6g479260.842	30	733
dpca6g479280.842	30	734
dpca6g479290.842	30	735
dpca6g479300.842	30	736
dpca6g479320.842	30	737
dpca6g479340.842	30	738
dpca6g479350.842	30	739
dpca6g479360.842	30	740
dpca6g479380.842	30	741
dpca6g479390.842	30	742
dpca6g479400.842	30	743
dpca6g479410.842	30	744
dpca6g479420.842	30	745
dpca6g479430.842	30	746
dpca6g479440.842	30	747
dpca6g479450.842	30	748
dpca6g479460.842	30	749
dpca6g479470.842	30	750
dpca6g479480.842	30	751
dpca6g479500.842	30	752
dpca6g479510.842	30	753
dpca6g479520.842	30	754
dpca6g479530.842	30	755
dpca6g479540.842	30	756
dpca6g479560.842	30	757
dpca6g479570.842	30	758
dpca6g479580.842	30	759
dpca6g479590.842	30	760
dpca6g479600.842	30	761
dpca6g479610.842	30	762
dpca6g479620.842	30	763
dpca6g479630.842	30	764
dpca6g479640.842	30	765
dpca6g479660.842	30	766
dpca6g479670.842	30	767
dpca6g479690.842	30	768
dpca6g479700.842	30	769
dpca6g479720.842	30	770
dpca6g479730.842	30	771
dpca6g479740.842	30	772
dpca6g479760.842	30	773
dpca6g479860.842	30	774
dpca6g479900.842	30	775
dpca6g479910.842	30	776
dpca6g479920.842	30	777
dpca6g479930.842	30	778
dpca6g479980.842	30	779
dpca6g479990.842	30	780
dpca6g480000.842	30	781
dpca6g480010.842	30	782
dpca6g480050.842	30	783
dpca6g480060.842	30	784
dpca6g480080.842	30	785
dpca6g480090.842	30	786
dpca6g480100.842	30	787
dpca6g480110.842	30	788
dpca6g480120.842	30	789
dpca6g480130.842	30	790
dpca6g480140.842	30	791
dpca6g480150.842	30	792
dpca6g480160.842	30	793
dpca6g480180.842	30	794
dpca6g480190.842	30	795
dpca6g480210.842	30	796
dpca6g480220.842	30	797
dpca6g480240.842	30	798
dpca6g480250.842	30	799
dpca6g480260.842	30	800
dpca6g480270.842	30	801
dpca6g480280.842	30	802
dpca6g480290.842	30	803
dpca6g480300.842	30	804
dpca6g480310.842	30	805
dpca6g480320.842	30	806
dpca6g480340.842	30	807
dpca6g480360.842	30	808
dpca6g480370.842	30	809
dpca6g480380.842	30	810
dpca6g480390.842	30	811
dpca6g480400.842	30	812
dpca6g480430.842	30	813
dpca6g480440.842	30	814
dpca6g480450.842	30	815
dpca6g480470.842	30	816
dpca6g480500.842	30	817
dpca6g480510.842	30	818
dpca6g480520.842	30	819
dpca6g480530.842	30	820
dpca6g480540.842	30	821
dpca6g480550.842	30	822
dpca6g480590.842	30	823
dpca6g480600.842	30	824
dpca6g480610.842	30	825
dpca6g480630.842	30	826
dpca6g480650.842	30	827
dpca6g480660.842	30	828
dpca6g480690.842	30	829
dpca6g480700.842	30	830
dpca6g480710.842	30	831
dpca6g480720.842	30	832
dpca6g480730.842	30	833
dpca6g480740.842	30	834
dpca6g480750.842	30	835
dpca6g480760.842	30	836
dpca6g480780.842	30	837
dpca6g480810.842	30	838
dpca6g480830.842	30	839
dpca6g480840.842	30	840
dpca6g480850.842	30	841
dpca6g480860.842	30	842
dpca6g480870.842	30	843
dpca6g480890.842	30	844
dpca6g480900.842	30	845
dpca6g480910.842	30	846
dpca6g480990.842	30	847
dpca6g481000.842	30	848
dpca6g481010.842	30	849
dpca6g481020.842	30	850
dpca6g481030.842	30	851
dpca6g481040.842	30	852
dpca6g481050.842	30	853
dpca6g481070.842	30	854
dpca6g481100.842	30	855
dpca6g481120.842	30	856
dpca6g481140.842	30	857
dpca6g481150.842	30	858
dpca6g481160.842	30	859
dpca6g481200.842	30	860
dpca6g481210.842	30	861
dpca6g481240.842	30	862
dpca6g481260.842	30	863
dpca6g481270.842	30	864
dpca6g481280.842	30	865
dpca6g481290.842	30	866
dpca6g481300.842	30	867
dpca6g481310.842	30	868
dpca6g481320.842	30	869
dpca6g481330.842	30	870
dpca6g481340.842	30	871
dpca6g481350.842	30	872
dpca6g481360.842	30	873
dpca6g481370.842	30	874
dpca6g481380.842	30	875
dpca6g481390.842	30	876
dpca6g481410.842	30	877
dpca6g481440.842	30	878
dpca6g481450.842	30	879
dpca6g481470.842	30	880
dpca6g481480.842	30	881
dpca6g481500.842	30	882
dpca6g481520.842	30	883
dpca6g481530.842	30	884
dpca6g481540.842	30	885
dpca6g481550.842	30	886
dpca6g481560.842	30	887
dpca6g481570.842	30	888
dpca6g481580.842	30	889
dpca6g481600.842	30	890
dpca6g481610.842	30	891
dpca6g481620.842	30	892
dpca6g481650.842	30	893
dpca6g481660.842	30	894
dpca6g481670.842	30	895
dpca6g481680.842	30	896
dpca6g481690.842	30	897
dpca6g481700.842	30	898
dpca6g481720.842	30	899
dpca6g481730.842	30	900
dpca6g481740.842	30	901
dpca6g481760.842	30	902
dpca6g481770.842	30	903
dpca6g481780.842	30	904
dpca6g481800.842	30	905
dpca6g481810.842	30	906
dpca6g481830.842	30	907
dpca6g481840.842	30	908
dpca6g481850.842	30	909
dpca6g481860.842	30	910
dpca6g481870.842	30	911
dpca6g481880.842	30	912
dpca6g481930.842	30	913
dpca6g481940.842	30	914
dpca6g481950.842	30	915
dpca6g481960.842	30	916
dpca6g481970.842	30	917
dpca6g481980.842	30	918
dpca6g482000.842	30	919
dpca6g482020.842	30	920
dpca6g482030.842	30	921
dpca6g482040.842	30	922
dpca6g482050.842	30	923
dpca6g482060.842	30	924
dpca6g482080.842	30	925
dpca6g482110.842	30	926
dpca6g482120.842	30	927
dpca6g482130.842	30	928
dpca6g482140.842	30	929
dpca6g482160.842	30	930
dpca6g482170.842	30	931
dpca6g482180.842	30	932
dpca6g482190.842	30	933
dpca6g482240.842	30	934
dpca6g482250.842	30	935
dpca6g482260.842	30	936
dpca6g482300.842	30	937
dpca6g482320.842	30	938
dpca6g482330.842	30	939
dpca6g482340.842	30	940
dpca6g482360.842	30	941
dpca6g482370.842	30	942
dpca6g482400.842	30	943
dpca6g482410.842	30	944
dpca6g482420.842	30	945
dpca6g482430.842	30	946
dpca6g482440.842	30	947
dpca6g482450.842	30	948
dpca6g482470.842	30	949
dpca6g482480.842	30	950
dpca6g482490.842	30	951
dpca6g482500.842	30	952
dpca6g482520.842	30	953
dpca6g482530.842	30	954
dpca6g482540.842	30	955
dpca6g482550.842	30	956
dpca6g482570.842	30	957
dpca6g482580.842	30	958
dpca6g482590.842	30	959
dpca6g482600.842	30	960
dpca6g482650.842	30	961
dpca6g482660.842	30	962
dpca6g482670.842	30	963
dpca6g482690.842	30	964
dpca6g482720.842	30	965
dpca6g482730.842	30	966
dpca6g482740.842	30	967
dpca6g482750.842	30	968
dpca6g482770.842	30	969
dpca6g482790.842	30	970
dpca6g482820.842	30	971
dpca6g482850.842	30	972
dpca6g482860.842	30	973
dpca6g482870.842	30	974
dpca6g482880.842	30	975
dpca6g482890.842	30	976
dpca6g482900.842	30	977
dpca6g482910.842	30	978
dpca6g482930.842	30	979
dpca6g482940.842	30	980
dpca6g482950.842	30	981
dpca6g482960.842	30	982
dpca6g482980.842	30	983
dpca6g483000.842	30	984
dpca6g483010.842	30	985
dpca6g483020.842	30	986
dpca6g483030.842	30	987
dpca6g483040.842	30	988
dpca6g483050.842	30	989
dpca6g483060.842	30	990
dpca6g483070.842	30	991
dpca6g483110.842	30	992
dpca6g483150.842	30	993
dpca6g483160.842	30	994
dpca6g483170.842	30	995
dpca6g483180.842	30	996
dpca6g483200.842	30	997
dpca6g483220.842	30	998
dpca6g483250.842	30	999
dpca6g483260.842	30	1000
dpca6g483270.842	30	1001
dpca6g483310.842	30	1002
dpca6g483320.842	30	1003
dpca6g483340.842	30	1004
dpca6g483350.842	30	1005
dpca6g483360.842	30	1006
dpca6g483380.842	30	1007
dpca6g483390.842	30	1008
dpca6g483400.842	30	1009
dpca6g483410.842	30	1010
dpca6g483430.842	30	1011
dpca6g483440.842	30	1012
dpca6g483450.842	30	1013
dpca6g483460.842	30	1014
dpca6g483470.842	30	1015
dpca6g483490.842	30	1016
dpca6g483500.842	30	1017
dpca6g483510.842	30	1018
dpca6g483520.842	30	1019
dpca6g483530.842	30	1020
dpca6g483540.842	30	1021
dpca6g483550.842	30	1022
dpca6g483560.842	30	1023
dpca6g483570.842	31	0
dpca6g483580.842	31	1
dpca6g483610.842	31	2
dpca6g483620.842	31	3
dpca6g483630.842	31	4
dpca6g483640.842	31	5
dpca6g483660.842	31	6
dpca6g483670.842	31	7
dpca6g483680.842	31	8
dpca6g483690.842	31	9
dpca6g483700.842	31	10
dpca6g483710.842	31	11
dpca6g483720.842	31	12
dpca6g483730.842	31	13
dpca6g483740.842	31	14
dpca6g483760.842	31	15
dpca6g483770.842	31	16
dpca6g483790.842	31	17
dpca6g483800.842	31	18
dpca6g483810.842	31	19
dpca6g483820.842	31	20
dpca6g483830.842	31	21
dpca6g483840.842	31	22
dpca6g483850.842	31	23
dpca6g483870.842	31	24
dpca6g483880.842	31	25
dpca6g483890.842	31	26
dpca6g483900.842	31	27
dpca6g483920.842	31	28
dpca6g483940.842	31	29
dpca6g483970.842	31	30
dpca6g483980.842	31	31
dpca6g483990.842	31	32
dpca6g484000.842	31	33
dpca6g484010.842	31	34
dpca6g484020.842	31	35
dpca6g484030.842	31	36
dpca6g484050.842	31	37
dpca6g484060.842	31	38
dpca6g484070.842	31	39
dpca6g484080.842	31	40
dpca6g484090.842	31	41
dpca6g484100.842	31	42
dpca6g484110.842	31	43
dpca6g484120.842	31	44
dpca6g484130.842	31	45
dpca6g484140.842	31	46
dpca6g484150.842	31	47
dpca6g484160.842	31	48
dpca6g484170.842	31	49
dpca6g484180.842	31	50
dpca6g484190.842	31	51
dpca6g484200.842	31	52
dpca6g484210.842	31	53
dpca6g484220.842	31	54
dpca6g484230.842	31	55
dpca6g484250.842	31	56
dpca6g484260.842	31	57
dpca6g484280.842	31	58
dpca6g484290.842	31	59
dpca6g484300.842	31	60
dpca6g484310.842	31	61
dpca6g484330.842	31	62
dpca6g484340.842	31	63
dpca6g484350.842	31	64
dpca6g484370.842	31	65
dpca6g484390.842	31	66
dpca6g484400.842	31	67
dpca6g484410.842	31	68
dpca6g484420.842	31	69
dpca6g484440.842	31	70
dpca6g484450.842	31	71
dpca6g484460.842	31	72
dpca6g484480.842	31	73
dpca6g484490.842	31	74
dpca6g484500.842	31	75
dpca6g484510.842	31	76
dpca6g484520.842	31	77
dpca6g484530.842	31	78
dpca6g484570.842	31	79
dpca6g484580.842	31	80
dpca6g484590.842	31	81
dpca6g484600.842	31	82
dpca6g484610.842	31	83
dpca6g484620.842	31	84
dpca6g484630.842	31	85
dpca6g484640.842	31	86
dpca6g484650.842	31	87
dpca6g484660.842	31	88
dpca6g484670.842	31	89
dpca6g484680.842	31	90
dpca6g484700.842	31	91
dpca6g484710.842	31	92
dpca6g484730.842	31	93
dpca6g484740.842	31	94
dpca6g484750.842	31	95
dpca6g484760.842	31	96
dpca6g484790.842	31	97
dpca6g484820.842	31	98
dpca6g484830.842	31	99
dpca6g484840.842	31	100
dpca6g484850.842	31	101
dpca6g484870.842	31	102
dpca6g484880.842	31	103
dpca6g484890.842	31	104
dpca6g484900.842	31	105
dpca6g484910.842	31	106
dpca6g484920.842	31	107
dpca6g484940.842	31	108
dpca6g484950.842	31	109
dpca6g484960.842	31	110
dpca6g484970.842	31	111
dpca6g484980.842	31	112
dpca6g484990.842	31	113
dpca6g485020.842	31	114
dpca6g485030.842	31	115
dpca6g485040.842	31	116
dpca6g485050.842	31	117
dpca6g485060.842	31	118
dpca6g485070.842	31	119
dpca6g485080.842	31	120
dpca6g485100.842	31	121
dpca6g485110.842	31	122
dpca6g485130.842	31	123
dpca6g485140.842	31	124
dpca6g485150.842	31	125
dpca6g485160.842	31	126
dpca6g485170.842	31	127
dpca6g485210.842	31	128
dpca6g485220.842	31	129
dpca6g485230.842	31	130
dpca6g485240.842	31	131
dpca6g485250.842	31	132
dpca6g485260.842	31	133
dpca6g485280.842	31	134
dpca6g485290.842	31	135
dpca6g485340.842	31	136
dpca6g485350.842	31	137
dpca6g485360.842	31	138
dpca6g485370.842	31	139
dpca6g485380.842	31	140
dpca6g485390.842	31	141
dpca6g485400.842	31	142
dpca6g485410.842	31	143
dpca6g485420.842	31	144
dpca6g485430.842	31	145
dpca6g485440.842	31	146
dpca6g485460.842	31	147
dpca6g485470.842	31	148
dpca6g485480.842	31	149
dpca6g485490.842	31	150
dpca6g485500.842	31	151
dpca6g485510.842	31	152
dpca6g485520.842	31	153
dpca6g485530.842	31	154
dpca6g485550.842	31	155
dpca6g485560.842	31	156
dpca6g485570.842	31	157
dpca6g485580.842	31	158
dpca6g485590.842	31	159
dpca6g485610.842	31	160
dpca6g485620.842	31	161
dpca6g485630.842	31	162
dpca6g485640.842	31	163
dpca6g485650.842	31	164
dpca6g485660.842	31	165
dpca6g485670.842	31	166
dpca6g485680.842	31	167
dpca6g485700.842	31	168
dpca6g485710.842	31	169
dpca6g485720.842	31	170
dpca6g485730.842	31	171
dpca6g485740.842	31	172
dpca6g485750.842	31	173
dpca6g485760.842	31	174
dpca6g485770.842	31	175
dpca6g485780.842	31	176
dpca6g485800.842	31	177
dpca6g485820.842	31	178
dpca6g485840.842	31	179
dpca6g485860.842	31	180
dpca6g485870.842	31	181
dpca6g485880.842	31	182
dpca6g485890.842	31	183
dpca6g485900.842	31	184
dpca6g485910.842	31	185
dpca6g485930.842	31	186
dpca6g485940.842	31	187
dpca6g485950.842	31	188
dpca6g485970.842	31	189
dpca6g485980.842	31	190
dpca6g485990.842	31	191
dpca6g486010.842	31	192
dpca6g486020.842	31	193
dpca6g486030.842	31	194
dpca6g486040.842	31	195
dpca6g486050.842	31	196
dpca6g486060.842	31	197
dpca6g486080.842	31	198
dpca6g486090.842	31	199
dpca6g486110.842	31	200
dpca6g486120.842	31	201
dpca6g486130.842	31	202
dpca6g486150.842	31	203
dpca6g486160.842	31	204
dpca6g486200.842	31	205
dpca6g486210.842	31	206
dpca6g486220.842	31	207
dpca6g486230.842	31	208
dpca6g486240.842	31	209
dpca6g486270.842	31	210
dpca6g486280.842	31	211
dpca6g486290.842	31	212
dpca6g486300.842	31	213
dpca6g486310.842	31	214
dpca6g486360.842	31	215
dpca6g486370.842	31	216
dpca6g486380.842	31	217
dpca6g486400.842	31	218
dpca6g486410.842	31	219
dpca6g486420.842	31	220
dpca6g486430.842	31	221
dpca6g486470.842	31	222
dpca6g486480.842	31	223
dpca6g486500.842	31	224
dpca6g486510.842	31	225
dpca6g486520.842	31	226
dpca6g486530.842	31	227
dpca6g486540.842	31	228
dpca6g486550.842	31	229
dpca6g486560.842	31	230
dpca6g486580.842	31	231
dpca6g486590.842	31	232
dpca6g486600.842	31	233
dpca6g486610.842	31	234
dpca6g486620.842	31	235
dpca6g486630.842	31	236
dpca6g486640.842	31	237
dpca6g486660.842	31	238
dpca6g486680.842	31	239
dpca6g486690.842	31	240
dpca6g486700.842	31	241
dpca6g486720.842	31	242
dpca6g486730.842	31	243
dpca6g486760.842	31	244
dpca6g486780.842	31	245
dpca6g486790.842	31	246
dpca6g486820.842	31	247
dpca6g486830.842	31	248
dpca6g486850.842	31	249
dpca6g486860.842	31	250
dpca6g486870.842	31	251
dpca6g486880.842	31	252
dpca6g486890.842	31	253
dpca6g486900.842	31	254
dpca6g486920.842	31	255
dpca6g486930.842	31	256
dpca6g486940.842	31	257
dpca6g486950.842	31	258
dpca6g486970.842	31	259
dpca6g486980.842	31	260
dpca6g486990.842	31	261
dpca6g487000.842	31	262
dpca6g487020.842	31	263
dpca6g487030.842	31	264
dpca6g487040.842	31	265
dpca6g487050.842	31	266
dpca6g487070.842	31	267
dpca6g487100.842	31	268
dpca6g487110.842	31	269
dpca6g487120.842	31	270
dpca6g487130.842	31	271
dpca6g487140.842	31	272
dpca6g487150.842	31	273
dpca6g487160.842	31	274
dpca6g487170.842	31	275
dpca6g487190.842	31	276
dpca6g487200.842	31	277
dpca6g487230.842	31	278
dpca6g487240.842	31	279
dpca6g487250.842	31	280
dpca6g487260.842	31	281
dpca6g487270.842	31	282
dpca6g487290.842	31	283
dpca6g487300.842	31	284
dpca6g487310.842	31	285
dpca6g487320.842	31	286
dpca6g487330.842	31	287
dpca6g487340.842	31	288
dpca6g487350.842	31	289
dpca6g487360.842	31	290
dpca6g487370.842	31	291
dpca6g487380.842	31	292
dpca6g487390.842	31	293
dpca6g487400.842	31	294
dpca6g487410.842	31	295
dpca6g487420.842	31	296
dpca6g487430.842	31	297
dpca6g487440.842	31	298
dpca6g487450.842	31	299
dpca6g487460.842	31	300
dpca6g487470.842	31	301
dpca6g487480.842	31	302
dpca6g487490.842	31	303
dpca6g487500.842	31	304
dpca6g487520.842	31	305
dpca6g487530.842	31	306
dpca6g487540.842	31	307
dpca6g487560.842	31	308
dpca6g487640.842	31	309
dpca6g487660.842	31	310
dpca6g487690.842	31	311
dpca6g487700.842	31	312
dpca6g487720.842	31	313
dpca6g487740.842	31	314
dpca6g487760.842	31	315
dpca6g487770.842	31	316
dpca6g487790.842	31	317
dpca6g487800.842	31	318
dpca6g487810.842	31	319
dpca6g487820.842	31	320
dpca6g487830.842	31	321
dpca6g487840.842	31	322
dpca6g487850.842	31	323
dpca6g487860.842	31	324
dpca6g487870.842	31	325
dpca6g487890.842	31	326
dpca6g487910.842	31	327
dpca6g487970.842	31	328
dpca6g487980.842	31	329
dpca6g487990.842	31	330
dpca6g488000.842	31	331
dpca6g488060.842	31	332
dpca6g488090.842	31	333
dpca6g488100.842	31	334
dpca6g488110.842	31	335
dpca6g488130.842	31	336
dpca6g488140.842	31	337
dpca6g488150.842	31	338
dpca6g488160.842	31	339
dpca6g488170.842	31	340
dpca6g488180.842	31	341
dpca6g488190.842	31	342
dpca6g488220.842	31	343
dpca6g488230.842	31	344
dpca6g488240.842	31	345
dpca6g488310.842	31	346
dpca6g488330.842	31	347
dpca6g488340.842	31	348
dpca6g488370.842	31	349
dpca6g488380.842	31	350
dpca6g488410.842	31	351
dpca6g488420.842	31	352
dpca6g488430.842	31	353
dpca6g488450.842	31	354
dpca6g488460.842	31	355
dpca6g488470.842	31	356
dpca6g488480.842	31	357
dpca6g488510.842	31	358
dpca6g488520.842	31	359
dpca6g488530.842	31	360
dpca6g488540.842	31	361
dpca6g488560.842	31	362
dpca6g488570.842	31	363
dpca6g488580.842	31	364
dpca6g488600.842	31	365
dpca6g488610.842	31	366
dpca6g488620.842	31	367
dpca6g488630.842	31	368
dpca6g488650.842	31	369
dpca6g488660.842	31	370
dpca6g488670.842	31	371
dpca6g488680.842	31	372
dpca6g488690.842	31	373
dpca6g488710.842	31	374
dpca6g488720.842	31	375
dpca6g488730.842	31	376
dpca6g488740.842	31	377
dpca6g488750.842	31	378
dpca6g488760.842	31	379
dpca6g488790.842	31	380
dpca6g488800.842	31	381
dpca6g488810.842	31	382
dpca6g488820.842	31	383
dpca6g488830.842	31	384
dpca6g488840.842	31	385
dpca6g488850.842	31	386
dpca6g488860.842	31	387
dpca6g488870.842	31	388
dpca6g488880.842	31	389
dpca6g488890.842	31	390
dpca6g488910.842	31	391
dpca6g488930.842	31	392
dpca6g488940.842	31	393
dpca6g488950.842	31	394
dpca6g488970.842	31	395
dpca6g488980.842	31	396
dpca6g488990.842	31	397
dpca6g489000.842	31	398
dpca6g489010.842	31	399
dpca6g489030.842	31	400
dpca6g489040.842	31	401
dpca6g489050.842	31	402
dpca6g489060.842	31	403
dpca6g489090.842	31	404
dpca6g489100.842	31	405
dpca6g489110.842	31	406
dpca6g489120.842	31	407
dpca6g489130.842	31	408
dpca6g489140.842	31	409
dpca6g489150.842	31	410
dpca6g489180.842	31	411
dpca6g489190.842	31	412
dpca6g489210.842	31	413
dpca6g489220.842	31	414
dpca6g489230.842	31	415
dpca6g489240.842	31	416
dpca6g489250.842	31	417
dpca6g489260.842	31	418
dpca6g489290.842	31	419
dpca6g489320.842	31	420
dpca6g489330.842	31	421
dpca6g489350.842	31	422
dpca6g489360.842	31	423
dpca6g489370.842	31	424
dpca6g489380.842	31	425
dpca6g489390.842	31	426
dpca6g489400.842	31	427
dpca6g489410.842	31	428
dpca6g489430.842	31	429
dpca6g489480.842	31	430
dpca6g489490.842	31	431
dpca6g489500.842	31	432
dpca6g489510.842	31	433
dpca6g489520.842	31	434
dpca6g489540.842	31	435
dpca6g489550.842	31	436
dpca6g489570.842	31	437
dpca6g489580.842	31	438
dpca6g489590.842	31	439
dpca6g489600.842	31	440
dpca6g489620.842	31	441
dpca6g489630.842	31	442
dpca6g489670.842	31	443
dpca6g489690.842	31	444
dpca6g489700.842	31	445
dpca6g489730.842	31	446
dpca6g489740.842	31	447
dpca6g489750.842	31	448
dpca6g489760.842	31	449
dpca6g489780.842	31	450
dpca6g489790.842	31	451
dpca6g489810.842	31	452
dpca6g489820.842	31	453
dpca6g489830.842	31	454
dpca6g489840.842	31	455
dpca6g489850.842	31	456
dpca6g489860.842	31	457
dpca6g489870.842	31	458
dpca6g489890.842	31	459
dpca6g489910.842	31	460
dpca6g489920.842	31	461
dpca6g489930.842	31	462
dpca6g489940.842	31	463
dpca6g489950.842	31	464
dpca6g489970.842	31	465
dpca6g489990.842	31	466
dpca6g490010.842	31	467
dpca6g490030.842	31	468
dpca6g490040.842	31	469
dpca6g490050.842	31	470
dpca6g490060.842	31	471
dpca6g490090.842	31	472
dpca6g490100.842	31	473
dpca6g490110.842	31	474
dpca6g490120.842	31	475
dpca6g490130.842	31	476
dpca6g490140.842	31	477
dpca6g490150.842	31	478
dpca6g490160.842	31	479
dpca6g490170.842	31	480
dpca6g490180.842	31	481
dpca6g490190.842	31	482
dpca6g490200.842	31	483
dpca6g490210.842	31	484
dpca6g490220.842	31	485
dpca6g490230.842	31	486
dpca6g490240.842	31	487
dpca6g490250.842	31	488
dpca6g490260.842	31	489
dpca6g490270.842	31	490
dpca6g490280.842	31	491
dpca6g490290.842	31	492
dpca6g490300.842	31	493
dpca6g490310.842	31	494
dpca6g490320.842	31	495
dpca6g490330.842	31	496
dpca6g490340.842	31	497
dpca6g490350.842	31	498
dpca6g490360.842	31	499
dpca6g490380.842	31	500
dpca6g490400.842	31	501
dpca6g490420.842	31	502
dpca6g490430.842	31	503
dpca6g490440.842	31	504
dpca6g490460.842	31	505
dpca6g490470.842	31	506
dpca6g490480.842	31	507
dpca6g490490.842	31	508
dpca6g490500.842	31	509
dpca6g490510.842	31	510
dpca6g490520.842	31	511
dpca6g490530.842	31	512
dpca6g490540.842	31	513
dpca6g490550.842	31	514
dpca6g490560.842	31	515
dpca6g490580.842	31	516
dpca6g490590.842	31	517
dpca6g490600.842	31	518
dpca6g490610.842	31	519
dpca6g490620.842	31	520
dpca6g490630.842	31	521
dpca6g490640.842	31	522
dpca6g490650.842	31	523
dpca6g490660.842	31	524
dpca6g490670.842	31	525
dpca6g490680.842	31	526
dpca6g490690.842	31	527
dpca6g490700.842	31	528
dpca6g490710.842	31	529
dpca6g490720.842	31	530
dpca6g490730.842	31	531
dpca6g490740.842	31	532
dpca6g490770.842	31	533
dpca6g490790.842	31	534
dpca6g490810.842	31	535
dpca6g490840.842	31	536
dpca6g490850.842	31	537
dpca6g490860.842	31	538
dpca6g490880.842	31	539
dpca6g490940.842	31	540
dpca6g490970.842	31	541
dpca6g490980.842	31	542
dpca6g490990.842	31	543
dpca6g491000.842	31	544
dpca6g491020.842	31	545
dpca6g491040.842	31	546
dpca6g491050.842	31	547
dpca6g491100.842	31	548
dpca6g491110.842	31	549
dpca6g491120.842	31	550
dpca6g491130.842	31	551
dpca6g491140.842	31	552
dpca6g491150.842	31	553
dpca6g491160.842	31	554
dpca6g491170.842	31	555
dpca6g491180.842	31	556
dpca6g491200.842	31	557
dpca6g491210.842	31	558
dpca6g491220.842	31	559
dpca6g491230.842	31	560
dpca6g491240.842	31	561
dpca6g491250.842	31	562
dpca6g491260.842	31	563
dpca6g491270.842	31	564
dpca6g491280.842	31	565
dpca6g491290.842	31	566
dpca6g491300.842	31	567
dpca6g491310.842	31	568
dpca6g491320.842	31	569
dpca6g491330.842	31	570
dpca6g491340.842	31	571
dpca6g491350.842	31	572
dpca6g491370.842	31	573
dpca6g491430.842	31	574
dpca6g491440.842	31	575
dpca6g491450.842	31	576
dpca6g491460.842	31	577
dpca6g491470.842	31	578
dpca6g491490.842	31	579
dpca6g491510.842	31	580
dpca6g491520.842	31	581
dpca6g491550.842	31	582
dpca6g491560.842	31	583
dpca6g491570.842	31	584
dpca6g491580.842	31	585
dpca6g491590.842	31	586
dpca6g491610.842	31	587
dpca6g491620.842	31	588
dpca6g491630.842	31	589
dpca6g491640.842	31	590
dpca6g491650.842	31	591
dpca6g491660.842	31	592
dpca6g491670.842	31	593
dpca6g491680.842	31	594
dpca6g491690.842	31	595
dpca6g491700.842	31	596
dpca6g491710.842	31	597
dpca6g491720.842	31	598
dpca6g491730.842	31	599
dpca6g491740.842	31	600
dpca6g491750.842	31	601
dpca6g491760.842	31	602
dpca6g491770.842	31	603
dpca6g491780.842	31	604
dpca6g491800.842	31	605
dpca6g491810.842	31	606
dpca6g491820.842	31	607
dpca6g491830.842	31	608
dpca6g491840.842	31	609
dpca6g491850.842	31	610
dpca6g491860.842	31	611
dpca6g491870.842	31	612
dpca6g491880.842	31	613
dpca6g491900.842	31	614
dpca6g491910.842	31	615
dpca6g491950.842	31	616
dpca6g491960.842	31	617
dpca6g491980.842	31	618
dpca6g491990.842	31	619
dpca6g492000.842	31	620
dpca6g492010.842	31	621
dpca6g492020.842	31	622
dpca6g492030.842	31	623
dpca6g492040.842	31	624
dpca6g492050.842	31	625
dpca6g492060.842	31	626
dpca6g492070.842	31	627
dpca6g492080.842	31	628
dpca6g492090.842	31	629
dpca6g492100.842	31	630
dpca6g492120.842	31	631
dpca6g492130.842	31	632
dpca6g492140.842	31	633
dpca6g492150.842	31	634
dpca6g492170.842	31	635
dpca6g492180.842	31	636
dpca6g492190.842	31	637
dpca6g492200.842	31	638
dpca6g492210.842	31	639
dpca6g492220.842	31	640
dpca6g492230.842	31	641
dpca6g492250.842	31	642
dpca6g492270.842	31	643
dpca6g492300.842	31	644
dpca6g492310.842	31	645
dpca6g492330.842	31	646
dpca6g492340.842	31	647
dpca6g492350.842	31	648
dpca6g492360.842	31	649
dpca6g492370.842	31	650
dpca6g492380.842	31	651
dpca6g492390.842	31	652
dpca6g492400.842	31	653
dpca6g492420.842	31	654
dpca6g492430.842	31	655
dpca6g492450.842	31	656
dpca6g492460.842	31	657
dpca6g492470.842	31	658
dpca6g492480.842	31	659
dpca6g492490.842	31	660
dpca6g492500.842	31	661
dpca6g492510.842	31	662
dpca6g492520.842	31	663
dpca6g492530.842	31	664
dpca6g492540.842	31	665
dpca6g492550.842	31	666
dpca6g492560.842	31	667
dpca6g492570.842	31	668
dpca6g492580.842	31	669
dpca6g492590.842	31	670
dpca6g492600.842	31	671
dpca6g492610.842	31	672
dpca6g492620.842	31	673
dpca6g492630.842	31	674
dpca6g492640.842	31	675
dpca6g492650.842	31	676
dpca6g492660.842	31	677
dpca6g492690.842	31	678
dpca6g492700.842	31	679
dpca6g492710.842	31	680
dpca6g492750.842	31	681
dpca6g492760.842	31	682
dpca6g492780.842	31	683
dpca6g492790.842	31	684
dpca6g492810.842	31	685
dpca6g492820.842	31	686
dpca6g492830.842	31	687
dpca6g492840.842	31	688
dpca6g492850.842	31	689
dpca6g492860.842	31	690
dpca6g492870.842	31	691
dpca6g492890.842	31	692
dpca6g492900.842	31	693
dpca6g492920.842	31	694
dpca6g492930.842	31	695
dpca6g492950.842	31	696
dpca6g492960.842	31	697
dpca6g492970.842	31	698
dpca6g492980.842	31	699
dpca6g492990.842	31	700
dpca6g493000.842	31	701
dpca6g493010.842	31	702
dpca6g493030.842	31	703
dpca6g493040.842	31	704
dpca6g493050.842	31	705
dpca6g493070.842	31	706
dpca6g493080.842	31	707
dpca6g493100.842	31	708
dpca6g493120.842	31	709
dpca6g493130.842	31	710
dpca6g493150.842	31	711
dpca6g493160.842	31	712
dpca6g493170.842	31	713
dpca6g493180.842	31	714
dpca6g493190.842	31	715
dpca6g493200.842	31	716
dpca6g493210.842	31	717
dpca6g493220.842	31	718
dpca6g493230.842	31	719
dpca6g493240.842	31	720
dpca6g493250.842	31	721
dpca6g493260.842	31	722
dpca6g493290.842	31	723
dpca6g493300.842	31	724
dpca6g493310.842	31	725
dpca6g493320.842	31	726
dpca6g493330.842	31	727
dpca6g493340.842	31	728
dpca6g493350.842	31	729
dpca6g493360.842	31	730
dpca6g493370.842	31	731
dpca6g493380.842	31	732
dpca6g493390.842	31	733
dpca6g493400.842	31	734
dpca6g493430.842	31	735
dpca6g493450.842	31	736
dpca6g493460.842	31	737
dpca6g493470.842	31	738
dpca6g493490.842	31	739
dpca6g493500.842	31	740
dpca6g493520.842	31	741
dpca6g493530.842	31	742
dpca6g493540.842	31	743
dpca6g493550.842	31	744
dpca6g493560.842	31	745
dpca6g493570.842	31	746
dpca6g493580.842	31	747
dpca6g493590.842	31	748
dpca6g493610.842	31	749
dpca6g493620.842	31	750
dpca6g493630.842	31	751
dpca6g493640.842	31	752
dpca6g493650.842	31	753
dpca6g493660.842	31	754
dpca6g493670.842	31	755
dpca6g493680.842	31	756
dpca6g493690.842	31	757
dpca6g493700.842	31	758
dpca6g493710.842	31	759
dpca6g493720.842	31	760
dpca6g493730.842	31	761
dpca6g493750.842	31	762
dpca6g493770.842	31	763
dpca6g493780.842	31	764
dpca6g493790.842	31	765
dpca6g493830.842	31	766
dpca6g493840.842	31	767
dpca6g493850.842	31	768
dpca6g493860.842	31	769
dpca6g493870.842	31	770
dpca6g493890.842	31	771
dpca6g493900.842	31	772
dpca6g493930.842	31	773
dpca6g493940.842	31	774
dpca6g493960.842	31	775
dpca6g493980.842	31	776
dpca6g493990.842	31	777
dpca6g494010.842	31	778
dpca6g494040.842	31	779
dpca6g494050.842	31	780
dpca6g494060.842	31	781
dpca6g494070.842	31	782
dpca6g494080.842	31	783
dpca6g494130.842	31	784
dpca6g494140.842	31	785
dpca6g494150.842	31	786
dpca6g494160.842	31	787
dpca6g494170.842	31	788
dpca6g494180.842	31	789
dpca6g494190.842	31	790
dpca6g494200.842	31	791
dpca6g494210.842	31	792
dpca6g494220.842	31	793
dpca6g494230.842	31	794
dpca6g494240.842	31	795
dpca6g494250.842	31	796
dpca6g494260.842	31	797
dpca6g494280.842	31	798
dpca6g494300.842	31	799
dpca6g494310.842	31	800
dpca6g494320.842	31	801
dpca6g494340.842	31	802
dpca6g494350.842	31	803
dpca6g494360.842	31	804
dpca6g494380.842	31	805
dpca6g494390.842	31	806
dpca6g494400.842	31	807
dpca6g494430.842	31	808
dpca6g494440.842	31	809
dpca6g494450.842	31	810
dpca6g494460.842	31	811
dpca6g494470.842	31	812
dpca6g494480.842	31	813
dpca6g494490.842	31	814
dpca6g494500.842	31	815
dpca6g494510.842	31	816
dpca6g494520.842	31	817
dpca6g494530.842	31	818
dpca6g494540.842	31	819
dpca6g494550.842	31	820
dpca6g494560.842	31	821
dpca6g494570.842	31	822
dpca6g494580.842	31	823
dpca6g494590.842	31	824
dpca6g494600.842	31	825
dpca6g494610.842	31	826
dpca6g494630.842	31	827
dpca6g494640.842	31	828
dpca6g494650.842	31	829
dpca6g494660.842	31	830
dpca6g494670.842	31	831
dpca6g494680.842	31	832
dpca6g494690.842	31	833
dpca6g494700.842	31	834
dpca6g494710.842	31	835
dpca6g494730.842	31	836
dpca6g494740.842	31	837
dpca6g494780.842	31	838
dpca6g494800.842	31	839
dpca6g494810.842	31	840
dpca6g494820.842	31	841
dpca6g494830.842	31	842
dpca6g494840.842	31	843
dpca6g494860.842	31	844
dpca6g494870.842	31	845
dpca6g494880.842	31	846
dpca6g494890.842	31	847
dpca6g494900.842	31	848
dpca6g494910.842	31	849
dpca6g494930.842	31	850
dpca6g494950.842	31	851
dpca6g494970.842	31	852
dpca6g494980.842	31	853
dpca6g494990.842	31	854
dpca6g495020.842	31	855
dpca6g495030.842	31	856
dpca6g495040.842	31	857
dpca6g495050.842	31	858
dpca6g495060.842	31	859
dpca6g495070.842	31	860
dpca6g495080.842	31	861
dpca6g495100.842	31	862
dpca6g495110.842	31	863
dpca6g495120.842	31	864
dpca6g495130.842	31	865
dpca6g495140.842	31	866
dpca6g495150.842	31	867
dpca6g495160.842	31	868
dpca6g495170.842	31	869
dpca6g495180.842	31	870
dpca6g495190.842	31	871
dpca6g495200.842	31	872
dpca6g495210.842	31	873
dpca6g495220.842	31	874
dpca6g495230.842	31	875
dpca6g495240.842	31	876
dpca6g495250.842	31	877
dpca6g495280.842	31	878
dpca6g495290.842	31	879
dpca6g495300.842	31	880
dpca6g495310.842	31	881
dpca6g495320.842	31	882
dpca6g495330.842	31	883
dpca6g495340.842	31	884
dpca6g495350.842	31	885
dpca6g495380.842	31	886
dpca6g495390.842	31	887
dpca6g495410.842	31	888
dpca6g495440.842	31	889
dpca6g495460.842	31	890
dpca6g495480.842	31	891
dpca6g495510.842	31	892
dpca6g495520.842	31	893
dpca6g495530.842	31	894
dpca6g495540.842	31	895
dpca6g495550.842	31	896
dpca6g495560.842	31	897
dpca6g495580.842	31	898
dpca6g495600.842	31	899
dpca6g495610.842	31	900
dpca6g495620.842	31	901
dpca6g495630.842	31	902
dpca6g495640.842	31	903
dpca6g495650.842	31	904
dpca6g495660.842	31	905
dpca6g495670.842	31	906
dpca6g495680.842	31	907
dpca6g495690.842	31	908
dpca6g495700.842	31	909
dpca6g495710.842	31	910
dpca6g495720.842	31	911
dpca6g495750.842	31	912
dpca6g495770.842	31	913
dpca6g495780.842	31	914
dpca6g495790.842	31	915
dpca6g495820.842	31	916
dpca6g495830.842	31	917
dpca6g495840.842	31	918
dpca6g495870.842	31	919
dpca6g495880.842	31	920
dpca6g495890.842	31	921
dpca6g495900.842	31	922
dpca6g495910.842	31	923
dpca6g495920.842	31	924
dpca6g495940.842	31	925
dpca6g495950.842	31	926
dpca6g495960.842	31	927
dpca6g495980.842	31	928
dpca6g495990.842	31	929
dpca6g496020.842	31	930
dpca6g496030.842	31	931
dpca6g496060.842	31	932
dpca6g496070.842	31	933
dpca6g496080.842	31	934
dpca6g496090.842	31	935
dpca6g496100.842	31	936
dpca6g496110.842	31	937
dpca6g496120.842	31	938
dpca6g496130.842	31	939
dpca6g496140.842	31	940
dpca6g496160.842	31	941
dpca6g496170.842	31	942
dpca6g496180.842	31	943
dpca6g496190.842	31	944
dpca6g496200.842	31	945
dpca6g496210.842	31	946
dpca6g496220.842	31	947
dpca6g496230.842	31	948
dpca6g496240.842	31	949
dpca6g496250.842	31	950
dpca6g496260.842	31	951
dpca6g496270.842	31	952
dpca6g496280.842	31	953
dpca6g496290.842	31	954
dpca6g496300.842	31	955
dpca6g496310.842	31	956
dpca6g496320.842	31	957
dpca6g496330.842	31	958
dpca6g496340.842	31	959
dpca6g496350.842	31	960
dpca6g496360.842	31	961
dpca6g496370.842	31	962
dpca6g496380.842	31	963
dpca6g496390.842	31	964
dpca6g496420.842	31	965
dpca6g496430.842	31	966
dpca6g496440.842	31	967
dpca6g496450.842	31	968
dpca6g496460.842	31	969
dpca6g496470.842	31	970
dpca6g496480.842	31	971
dpca6g496490.842	31	972
dpca6g496510.842	31	973
dpca6g496520.842	31	974
dpca6g496530.842	31	975
dpca6g496540.842	31	976
dpca6g496550.842	31	977
dpca6g496560.842	31	978
dpca6g496580.842	31	979
dpca6g496590.842	31	980
dpca6g496600.842	31	981
dpca6g496610.842	31	982
dpca6g496620.842	31	983
dpca6g496630.842	31	984
dpca6g496640.842	31	985
dpca6g496650.842	31	986
dpca6g496660.842	31	987
dpca6g496680.842	31	988
dpca6g496690.842	31	989
dpca6g496700.842	31	990
dpca6g496710.842	31	991
dpca6g496720.842	31	992
dpca6g496730.842	31	993
dpca6g496750.842	31	994
dpca6g496760.842	31	995
dpca6g496770.842	31	996
dpca6g496780.842	31	997
dpca6g496790.842	31	998
dpca6g496800.842	31	999
dpca6g496810.842	31	1000
dpca6g496820.842	31	1001
dpca6g496830.842	31	1002
dpca6g496840.842	31	1003
dpca6g496860.842	31	1004
dpca6g496870.842	31	1005
dpca6g496880.842	31	1006
dpca6g496890.842	31	1007
dpca6g496930.842	31	1008
dpca6g496940.842	31	1009
dpca6g496950.842	31	1010
dpca6g496960.842	31	1011
dpca6g496970.842	31	1012
dpca6g496980.842	31	1013
dpca6g496990.842	31	1014
dpca6g497000.842	31	1015
dpca6g497010.842	31	1016
dpca6g497020.842	31	1017
dpca6g497030.842	31	1018
dpca6g497040.842	31	1019
dpca6g497050.842	31	1020
dpca6g497060.842	31	1021
dpca6g497070.842	31	1022
dpca6g497090.842	31	1023
dpca6g497100.842	32	0
dpca6g497110.842	32	1
dpca6g497120.842	32	2
dpca6g497130.842	32	3
dpca6g497140.842	32	4
dpca6g497150.842	32	5
dpca6g497160.842	32	6
dpca6g497170.842	32	7
dpca6g497190.842	32	8
dpca6g497200.842	32	9
dpca6g497210.842	32	10
dpca6g497220.842	32	11
dpca6g497230.842	32	12
dpca6g497250.842	32	13
dpca6g497260.842	32	14
dpca6g497270.842	32	15
dpca6g497300.842	32	16
dpca6g497310.842	32	17
dpca6g497340.842	32	18
dpca6g497350.842	32	19
dpca6g497360.842	32	20
dpca6g497370.842	32	21
dpca6g497380.842	32	22
dpca6g497390.842	32	23
dpca6g497400.842	32	24
dpca6g497410.842	32	25
dpca6g497420.842	32	26
dpca6g497430.842	32	27
dpca6g497440.842	32	28
dpca6g497460.842	32	29
dpca6g497470.842	32	30
dpca6g497480.842	32	31
dpca6g497490.842	32	32
dpca6g497500.842	32	33
dpca6g497510.842	32	34
dpca6g497520.842	32	35
dpca6g497540.842	32	36
dpca6g497550.842	32	37
dpca6g497560.842	32	38
dpca6g497570.842	32	39
dpca6g497580.842	32	40
dpca6g497590.842	32	41
dpca6g497600.842	32	42
dpca6g497610.842	32	43
dpca6g497620.842	32	44
dpca6g497630.842	32	45
dpca6g497640.842	32	46
dpca6g497650.842	32	47
dpca6g497660.842	32	48
dpca6g497670.842	32	49
dpca6g497680.842	32	50
dpca6g497690.842	32	51
dpca6g497700.842	32	52
dpca6g497710.842	32	53
dpca6g497720.842	32	54
dpca6g497730.842	32	55
dpca6g497740.842	32	56
dpca6g497750.842	32	57
dpca6g497760.842	32	58
dpca6g497770.842	32	59
dpca6g497780.842	32	60
dpca6g497790.842	32	61
dpca6g497800.842	32	62
dpca6g497810.842	32	63
dpca6g497820.842	32	64
dpca6g497830.842	32	65
dpca6g497840.842	32	66
dpca6g497850.842	32	67
dpca6g497860.842	32	68
dpca6g497870.842	32	69
dpca6g497880.842	32	70
dpca6g497890.842	32	71
dpca6g497900.842	32	72
dpca6g497910.842	32	73
dpca6g497920.842	32	74
dpca6g497930.842	32	75
dpca6g497940.842	32	76
dpca6g497950.842	32	77
dpca6g497960.842	32	78
dpca6g497980.842	32	79
dpca6g497990.842	32	80
dpca6g498000.842	32	81
dpca6g498010.842	32	82
dpca6g498020.842	32	83
dpca6g498030.842	32	84
dpca6g498040.842	32	85
dpca6g498050.842	32	86
dpca6g498060.842	32	87
dpca6g498070.842	32	88
dpca6g498080.842	32	89
dpca6g498090.842	32	90
dpca6g498100.842	32	91
dpca6g498120.842	32	92
dpca6g498130.842	32	93
dpca6g498140.842	32	94
dpca6g498150.842	32	95
dpca6g498160.842	32	96
dpca6g498170.842	32	97
dpca6g498190.842	32	98
dpca6g498200.842	32	99
dpca6g498220.842	32	100
dpca6g498230.842	32	101
dpca6g498240.842	32	102
dpca6g498250.842	32	103
dpca6g498260.842	32	104
dpca6g498270.842	32	105
dpca6g498280.842	32	106
dpca6g498290.842	32	107
dpca6g498300.842	32	108
dpca6g498310.842	32	109
dpca6g498320.842	32	110
dpca7g498340.842	32	111
dpca7g498350.842	32	112
dpca7g498360.842	32	113
dpca7g498370.842	32	114
dpca7g498380.842	32	115
dpca7g498390.842	32	116
dpca7g498400.842	32	117
dpca7g498410.842	32	118
dpca7g498420.842	32	119
dpca7g498430.842	32	120
dpca7g498440.842	32	121
dpca7g498450.842	32	122
dpca7g498460.842	32	123
dpca7g498470.842	32	124
dpca7g498480.842	32	125
dpca7g498490.842	32	126
dpca7g498500.842	32	127
dpca7g498510.842	32	128
dpca7g498520.842	32	129
dpca7g498530.842	32	130
dpca7g498540.842	32	131
dpca7g498550.842	32	132
dpca7g498560.842	32	133
dpca7g498570.842	32	134
dpca7g498580.842	32	135
dpca7g498590.842	32	136
dpca7g498600.842	32	137
dpca7g498610.842	32	138
dpca7g498620.842	32	139
dpca7g498630.842	32	140
dpca7g498640.842	32	141
dpca7g498650.842	32	142
dpca7g498660.842	32	143
dpca7g498670.842	32	144
dpca7g498680.842	32	145
dpca7g498690.842	32	146
dpca7g498700.842	32	147
dpca7g498710.842	32	148
dpca7g498740.842	32	149
dpca7g498750.842	32	150
dpca7g498760.842	32	151
dpca7g498770.842	32	152
dpca7g498780.842	32	153
dpca7g498790.842	32	154
dpca7g498810.842	32	155
dpca7g498820.842	32	156
dpca7g498850.842	32	157
dpca7g498860.842	32	158
dpca7g498870.842	32	159
dpca7g498880.842	32	160
dpca7g498890.842	32	161
dpca7g498900.842	32	162
dpca7g498910.842	32	163
dpca7g498920.842	32	164
dpca7g498930.842	32	165
dpca7g498940.842	32	166
dpca7g498950.842	32	167
dpca7g498960.842	32	168
dpca7g498970.842	32	169
dpca7g498980.842	32	170
dpca7g498990.842	32	171
dpca7g499000.842	32	172
dpca7g499010.842	32	173
dpca7g499020.842	32	174
dpca7g499030.842	32	175
dpca7g499040.842	32	176
dpca7g499050.842	32	177
dpca7g499060.842	32	178
dpca7g499070.842	32	179
dpca7g499080.842	32	180
dpca7g499090.842	32	181
dpca7g499100.842	32	182
dpca7g499110.842	32	183
dpca7g499120.842	32	184
dpca7g499140.842	32	185
dpca7g499150.842	32	186
dpca7g499160.842	32	187
dpca7g499190.842	32	188
dpca7g499200.842	32	189
dpca7g499210.842	32	190
dpca7g499220.842	32	191
dpca7g499230.842	32	192
dpca7g499250.842	32	193
dpca7g499260.842	32	194
dpca7g499270.842	32	195
dpca7g499280.842	32	196
dpca7g499290.842	32	197
dpca7g499300.842	32	198
dpca7g499310.842	32	199
dpca7g499330.842	32	200
dpca7g499340.842	32	201
dpca7g499350.842	32	202
dpca7g499360.842	32	203
dpca7g499370.842	32	204
dpca7g499380.842	32	205
dpca7g499390.842	32	206
dpca7g499400.842	32	207
dpca7g499410.842	32	208
dpca7g499420.842	32	209
dpca7g499430.842	32	210
dpca7g499440.842	32	211
dpca7g499450.842	32	212
dpca7g499460.842	32	213
dpca7g499470.842	32	214
dpca7g499480.842	32	215
dpca7g499490.842	32	216
dpca7g499500.842	32	217
dpca7g499520.842	32	218
dpca7g499530.842	32	219
dpca7g499540.842	32	220
dpca7g499550.842	32	221
dpca7g499560.842	32	222
dpca7g499570.842	32	223
dpca7g499580.842	32	224
dpca7g499590.842	32	225
dpca7g499600.842	32	226
dpca7g499610.842	32	227
dpca7g499620.842	32	228
dpca7g499630.842	32	229
dpca7g499640.842	32	230
dpca7g499650.842	32	231
dpca7g499660.842	32	232
dpca7g499670.842	32	233
dpca7g499680.842	32	234
dpca7g499690.842	32	235
dpca7g499700.842	32	236
dpca7g499710.842	32	237
dpca7g499720.842	32	238
dpca7g499740.842	32	239
dpca7g499750.842	32	240
dpca7g499760.842	32	241
dpca7g499770.842	32	242
dpca7g499790.842	32	243
dpca7g499800.842	32	244
dpca7g499820.842	32	245
dpca7g499830.842	32	246
dpca7g499850.842	32	247
dpca7g499860.842	32	248
dpca7g499870.842	32	249
dpca7g499880.842	32	250
dpca7g499890.842	32	251
dpca7g499900.842	32	252
dpca7g499910.842	32	253
dpca7g499920.842	32	254
dpca7g499930.842	32	255
dpca7g499940.842	32	256
dpca7g499950.842	32	257
dpca7g499960.842	32	258
dpca7g499970.842	32	259
dpca7g499980.842	32	260
dpca7g499990.842	32	261
dpca7g500000.842	32	262
dpca7g500010.842	32	263
dpca7g500020.842	32	264
dpca7g500030.842	32	265
dpca7g500040.842	32	266
dpca7g500070.842	32	267
dpca7g500080.842	32	268
dpca7g500090.842	32	269
dpca7g500100.842	32	270
dpca7g500110.842	32	271
dpca7g500120.842	32	272
dpca7g500130.842	32	273
dpca7g500140.842	32	274
dpca7g500150.842	32	275
dpca7g500160.842	32	276
dpca7g500170.842	32	277
dpca7g500180.842	32	278
dpca7g500190.842	32	279
dpca7g500230.842	32	280
dpca7g500240.842	32	281
dpca7g500250.842	32	282
dpca7g500270.842	32	283
dpca7g500280.842	32	284
dpca7g500300.842	32	285
dpca7g500310.842	32	286
dpca7g500320.842	32	287
dpca7g500330.842	32	288
dpca7g500340.842	32	289
dpca7g500350.842	32	290
dpca7g500360.842	32	291
dpca7g500370.842	32	292
dpca7g500380.842	32	293
dpca7g500390.842	32	294
dpca7g500400.842	32	295
dpca7g500430.842	32	296
dpca7g500440.842	32	297
dpca7g500450.842	32	298
dpca7g500460.842	32	299
dpca7g500470.842	32	300
dpca7g500480.842	32	301
dpca7g500490.842	32	302
dpca7g500500.842	32	303
dpca7g500510.842	32	304
dpca7g500520.842	32	305
dpca7g500530.842	32	306
dpca7g500540.842	32	307
dpca7g500550.842	32	308
dpca7g500560.842	32	309
dpca7g500570.842	32	310
dpca7g500580.842	32	311
dpca7g500590.842	32	312
dpca7g500600.842	32	313
dpca7g500610.842	32	314
dpca7g500620.842	32	315
dpca7g500630.842	32	316
dpca7g500640.842	32	317
dpca7g500650.842	32	318
dpca7g500660.842	32	319
dpca7g500680.842	32	320
dpca7g500690.842	32	321
dpca7g500710.842	32	322
dpca7g500720.842	32	323
dpca7g500730.842	32	324
dpca7g500740.842	32	325
dpca7g500750.842	32	326
dpca7g500760.842	32	327
dpca7g500770.842	32	328
dpca7g500780.842	32	329
dpca7g500800.842	32	330
dpca7g500810.842	32	331
dpca7g500820.842	32	332
dpca7g500830.842	32	333
dpca7g500850.842	32	334
dpca7g500860.842	32	335
dpca7g500910.842	32	336
dpca7g500930.842	32	337
dpca7g500940.842	32	338
dpca7g500950.842	32	339
dpca7g500960.842	32	340
dpca7g500970.842	32	341
dpca7g500980.842	32	342
dpca7g500990.842	32	343
dpca7g501010.842	32	344
dpca7g501020.842	32	345
dpca7g501030.842	32	346
dpca7g501060.842	32	347
dpca7g501070.842	32	348
dpca7g501080.842	32	349
dpca7g501090.842	32	350
dpca7g501110.842	32	351
dpca7g501120.842	32	352
dpca7g501150.842	32	353
dpca7g501160.842	32	354
dpca7g501170.842	32	355
dpca7g501180.842	32	356
dpca7g501190.842	32	357
dpca7g501200.842	32	358
dpca7g501210.842	32	359
dpca7g501230.842	32	360
dpca7g501240.842	32	361
dpca7g501250.842	32	362
dpca7g501260.842	32	363
dpca7g501270.842	32	364
dpca7g501280.842	32	365
dpca7g501290.842	32	366
dpca7g501310.842	32	367
dpca7g501320.842	32	368
dpca7g501330.842	32	369
dpca7g501340.842	32	370
dpca7g501350.842	32	371
dpca7g501360.842	32	372
dpca7g501370.842	32	373
dpca7g501380.842	32	374
dpca7g501410.842	32	375
dpca7g501420.842	32	376
dpca7g501440.842	32	377
dpca7g501460.842	32	378
dpca7g501470.842	32	379
dpca7g501480.842	32	380
dpca7g501500.842	32	381
dpca7g501520.842	32	382
dpca7g501530.842	32	383
dpca7g501540.842	32	384
dpca7g501550.842	32	385
dpca7g501560.842	32	386
dpca7g501570.842	32	387
dpca7g501580.842	32	388
dpca7g501590.842	32	389
dpca7g501600.842	32	390
dpca7g501610.842	32	391
dpca7g501630.842	32	392
dpca7g501640.842	32	393
dpca7g501650.842	32	394
dpca7g501670.842	32	395
dpca7g501690.842	32	396
dpca7g501700.842	32	397
dpca7g501720.842	32	398
dpca7g501740.842	32	399
dpca7g501770.842	32	400
dpca7g501780.842	32	401
dpca7g501790.842	32	402
dpca7g501800.842	32	403
dpca7g501820.842	32	404
dpca7g501830.842	32	405
dpca7g501840.842	32	406
dpca7g501850.842	32	407
dpca7g501890.842	32	408
dpca7g501900.842	32	409
dpca7g501910.842	32	410
dpca7g501920.842	32	411
dpca7g501930.842	32	412
dpca7g501940.842	32	413
dpca7g501970.842	32	414
dpca7g501990.842	32	415
dpca7g502000.842	32	416
dpca7g502010.842	32	417
dpca7g502020.842	32	418
dpca7g502030.842	32	419
dpca7g502040.842	32	420
dpca7g502050.842	32	421
dpca7g502060.842	32	422
dpca7g502070.842	32	423
dpca7g502080.842	32	424
dpca7g502090.842	32	425
dpca7g502100.842	32	426
dpca7g502110.842	32	427
dpca7g502120.842	32	428
dpca7g502140.842	32	429
dpca7g502150.842	32	430
dpca7g502160.842	32	431
dpca7g502170.842	32	432
dpca7g502180.842	32	433
dpca7g502200.842	32	434
dpca7g502210.842	32	435
dpca7g502220.842	32	436
dpca7g502240.842	32	437
dpca7g502250.842	32	438
dpca7g502270.842	32	439
dpca7g502280.842	32	440
dpca7g502290.842	32	441
dpca7g502300.842	32	442
dpca7g502310.842	32	443
dpca7g502320.842	32	444
dpca7g502330.842	32	445
dpca7g502340.842	32	446
dpca7g502350.842	32	447
dpca7g502360.842	32	448
dpca7g502370.842	32	449
dpca7g502380.842	32	450
dpca7g502390.842	32	451
dpca7g502400.842	32	452
dpca7g502410.842	32	453
dpca7g502420.842	32	454
dpca7g502430.842	32	455
dpca7g502440.842	32	456
dpca7g502450.842	32	457
dpca7g502460.842	32	458
dpca7g502470.842	32	459
dpca7g502480.842	32	460
dpca7g502490.842	32	461
dpca7g502500.842	32	462
dpca7g502510.842	32	463
dpca7g502520.842	32	464
dpca7g502530.842	32	465
dpca7g502540.842	32	466
dpca7g502550.842	32	467
dpca7g502560.842	32	468
dpca7g502570.842	32	469
dpca7g502590.842	32	470
dpca7g502610.842	32	471
dpca7g502620.842	32	472
dpca7g502630.842	32	473
dpca7g502640.842	32	474
dpca7g502670.842	32	475
dpca7g502680.842	32	476
dpca7g502690.842	32	477
dpca7g502700.842	32	478
dpca7g502710.842	32	479
dpca7g502720.842	32	480
dpca7g502730.842	32	481
dpca7g502740.842	32	482
dpca7g502750.842	32	483
dpca7g502760.842	32	484
dpca7g502770.842	32	485
dpca7g502780.842	32	486
dpca7g502790.842	32	487
dpca7g502800.842	32	488
dpca7g502810.842	32	489
dpca7g502820.842	32	490
dpca7g502830.842	32	491
dpca7g502840.842	32	492
dpca7g502850.842	32	493
dpca7g502860.842	32	494
dpca7g502880.842	32	495
dpca7g502890.842	32	496
dpca7g502900.842	32	497
dpca7g502910.842	32	498
dpca7g502920.842	32	499
dpca7g502930.842	32	500
dpca7g502940.842	32	501
dpca7g502950.842	32	502
dpca7g502960.842	32	503
dpca7g502970.842	32	504
dpca7g503000.842	32	505
dpca7g503030.842	32	506
dpca7g503050.842	32	507
dpca7g503070.842	32	508
dpca7g503090.842	32	509
dpca7g503100.842	32	510
dpca7g503110.842	32	511
dpca7g503120.842	32	512
dpca7g503140.842	32	513
dpca7g503150.842	32	514
dpca7g503160.842	32	515
dpca7g503170.842	32	516
dpca7g503180.842	32	517
dpca7g503200.842	32	518
dpca7g503210.842	32	519
dpca7g503220.842	32	520
dpca7g503240.842	32	521
dpca7g503250.842	32	522
dpca7g503270.842	32	523
dpca7g503280.842	32	524
dpca7g503290.842	32	525
dpca7g503300.842	32	526
dpca7g503320.842	32	527
dpca7g503330.842	32	528
dpca7g503340.842	32	529
dpca7g503350.842	32	530
dpca7g503360.842	32	531
dpca7g503370.842	32	532
dpca7g503380.842	32	533
dpca7g503390.842	32	534
dpca7g503400.842	32	535
dpca7g503410.842	32	536
dpca7g503440.842	32	537
dpca7g503470.842	32	538
dpca7g503480.842	32	539
dpca7g503490.842	32	540
dpca7g503500.842	32	541
dpca7g503510.842	32	542
dpca7g503530.842	32	543
dpca7g503540.842	32	544
dpca7g503550.842	32	545
dpca7g503560.842	32	546
dpca7g503570.842	32	547
dpca7g503580.842	32	548
dpca7g503590.842	32	549
dpca7g503600.842	32	550
dpca7g503610.842	32	551
dpca7g503620.842	32	552
dpca7g503630.842	32	553
dpca7g503640.842	32	554
dpca7g503650.842	32	555
dpca7g503670.842	32	556
dpca7g503680.842	32	557
dpca7g503700.842	32	558
dpca7g503710.842	32	559
dpca7g503720.842	32	560
dpca7g503730.842	32	561
dpca7g503740.842	32	562
dpca7g503750.842	32	563
dpca7g503760.842	32	564
dpca7g503770.842	32	565
dpca7g503780.842	32	566
dpca7g503800.842	32	567
dpca7g503810.842	32	568
dpca7g503820.842	32	569
dpca7g503840.842	32	570
dpca7g503850.842	32	571
dpca7g503860.842	32	572
dpca7g503870.842	32	573
dpca7g503880.842	32	574
dpca7g503890.842	32	575
dpca7g503900.842	32	576
dpca7g503920.842	32	577
dpca7g503940.842	32	578
dpca7g503960.842	32	579
dpca7g503970.842	32	580
dpca7g503980.842	32	581
dpca7g503990.842	32	582
dpca7g504000.842	32	583
dpca7g504010.842	32	584
dpca7g504020.842	32	585
dpca7g504030.842	32	586
dpca7g504040.842	32	587
dpca7g504050.842	32	588
dpca7g504060.842	32	589
dpca7g504070.842	32	590
dpca7g504080.842	32	591
dpca7g504100.842	32	592
dpca7g504110.842	32	593
dpca7g504120.842	32	594
dpca7g504130.842	32	595
dpca7g504140.842	32	596
dpca7g504150.842	32	597
dpca7g504160.842	32	598
dpca7g504170.842	32	599
dpca7g504180.842	32	600
dpca7g504190.842	32	601
dpca7g504200.842	32	602
dpca7g504210.842	32	603
dpca7g504220.842	32	604
dpca7g504230.842	32	605
dpca7g504240.842	32	606
dpca7g504260.842	32	607
dpca7g504270.842	32	608
dpca7g504280.842	32	609
dpca7g504290.842	32	610
dpca7g504300.842	32	611
dpca7g504310.842	32	612
dpca7g504320.842	32	613
dpca7g504330.842	32	614
dpca7g504340.842	32	615
dpca7g504350.842	32	616
dpca7g504360.842	32	617
dpca7g504370.842	32	618
dpca7g504380.842	32	619
dpca7g504390.842	32	620
dpca7g504410.842	32	621
dpca7g504420.842	32	622
dpca7g504430.842	32	623
dpca7g504440.842	32	624
dpca7g504450.842	32	625
dpca7g504460.842	32	626
dpca7g504510.842	32	627
dpca7g504520.842	32	628
dpca7g504530.842	32	629
dpca7g504540.842	32	630
dpca7g504550.842	32	631
dpca7g504560.842	32	632
dpca7g504570.842	32	633
dpca7g504580.842	32	634
dpca7g504590.842	32	635
dpca7g504600.842	32	636
dpca7g504610.842	32	637
dpca7g504620.842	32	638
dpca7g504630.842	32	639
dpca7g504650.842	32	640
dpca7g504660.842	32	641
dpca7g504670.842	32	642
dpca7g504680.842	32	643
dpca7g504690.842	32	644
dpca7g504700.842	32	645
dpca7g504710.842	32	646
dpca7g504720.842	32	647
dpca7g504730.842	32	648
dpca7g504740.842	32	649
dpca7g504750.842	32	650
dpca7g504760.842	32	651
dpca7g504770.842	32	652
dpca7g504780.842	32	653
dpca7g504790.842	32	654
dpca7g504800.842	32	655
dpca7g504810.842	32	656
dpca7g504820.842	32	657
dpca7g504830.842	32	658
dpca7g504840.842	32	659
dpca7g504850.842	32	660
dpca7g504860.842	32	661
dpca7g504880.842	32	662
dpca7g504890.842	32	663
dpca7g504900.842	32	664
dpca7g504910.842	32	665
dpca7g504920.842	32	666
dpca7g504930.842	32	667
dpca7g504940.842	32	668
dpca7g504950.842	32	669
dpca7g504960.842	32	670
dpca7g504970.842	32	671
dpca7g504980.842	32	672
dpca7g504990.842	32	673
dpca7g505000.842	32	674
dpca7g505010.842	32	675
dpca7g505020.842	32	676
dpca7g505040.842	32	677
dpca7g505050.842	32	678
dpca7g505100.842	32	679
dpca7g505110.842	32	680
dpca7g505140.842	32	681
dpca7g505150.842	32	682
dpca7g505160.842	32	683
dpca7g505170.842	32	684
dpca7g505180.842	32	685
dpca7g505190.842	32	686
dpca7g505200.842	32	687
dpca7g505210.842	32	688
dpca7g505230.842	32	689
dpca7g505240.842	32	690
dpca7g505250.842	32	691
dpca7g505260.842	32	692
dpca7g505270.842	32	693
dpca7g505280.842	32	694
dpca7g505290.842	32	695
dpca7g505300.842	32	696
dpca7g505320.842	32	697
dpca7g505330.842	32	698
dpca7g505340.842	32	699
dpca7g505350.842	32	700
dpca7g505360.842	32	701
dpca7g505370.842	32	702
dpca7g505380.842	32	703
dpca7g505390.842	32	704
dpca7g505400.842	32	705
dpca7g505410.842	32	706
dpca7g505420.842	32	707
dpca7g505430.842	32	708
dpca7g505450.842	32	709
dpca7g505470.842	32	710
dpca7g505480.842	32	711
dpca7g505510.842	32	712
dpca7g505520.842	32	713
dpca7g505540.842	32	714
dpca7g505550.842	32	715
dpca7g505560.842	32	716
dpca7g505580.842	32	717
dpca7g505600.842	32	718
dpca7g505610.842	32	719
dpca7g505620.842	32	720
dpca7g505650.842	32	721
dpca7g505660.842	32	722
dpca7g505670.842	32	723
dpca7g505680.842	32	724
dpca7g505690.842	32	725
dpca7g505700.842	32	726
dpca7g505760.842	32	727
dpca7g505770.842	32	728
dpca7g505780.842	32	729
dpca7g505810.842	32	730
dpca7g505820.842	32	731
dpca7g505840.842	32	732
dpca7g505850.842	32	733
dpca7g505860.842	32	734
dpca7g505880.842	32	735
dpca7g505890.842	32	736
dpca7g505900.842	32	737
dpca7g505910.842	32	738
dpca7g505920.842	32	739
dpca7g505930.842	32	740
dpca7g505940.842	32	741
dpca7g505950.842	32	742
dpca7g505960.842	32	743
dpca7g505970.842	32	744
dpca7g505980.842	32	745
dpca7g505990.842	32	746
dpca7g506000.842	32	747
dpca7g506010.842	32	748
dpca7g506020.842	32	749
dpca7g506030.842	32	750
dpca7g506040.842	32	751
dpca7g506050.842	32	752
dpca7g506060.842	32	753
dpca7g506070.842	32	754
dpca7g506080.842	32	755
dpca7g506090.842	32	756
dpca7g506100.842	32	757
dpca7g506110.842	32	758
dpca7g506120.842	32	759
dpca7g506130.842	32	760
dpca7g506140.842	32	761
dpca7g506150.842	32	762
dpca7g506160.842	32	763
dpca7g506170.842	32	764
dpca7g506190.842	32	765
dpca7g506200.842	32	766
dpca7g506210.842	32	767
dpca7g506220.842	32	768
dpca7g506240.842	32	769
dpca7g506250.842	32	770
dpca7g506260.842	32	771
dpca7g506270.842	32	772
dpca7g506280.842	32	773
dpca7g506290.842	32	774
dpca7g506310.842	32	775
dpca7g506330.842	32	776
dpca7g506340.842	32	777
dpca7g506350.842	32	778
dpca7g506360.842	32	779
dpca7g506370.842	32	780
dpca7g506380.842	32	781
dpca7g506390.842	32	782
dpca7g506400.842	32	783
dpca7g506410.842	32	784
dpca7g506440.842	32	785
dpca7g506450.842	32	786
dpca7g506470.842	32	787
dpca7g506480.842	32	788
dpca7g506490.842	32	789
dpca7g506500.842	32	790
dpca7g506510.842	32	791
dpca7g506530.842	32	792
dpca7g506540.842	32	793
dpca7g506550.842	32	794
dpca7g506570.842	32	795
dpca7g506580.842	32	796
dpca7g506590.842	32	797
dpca7g506600.842	32	798
dpca7g506610.842	32	799
dpca7g506620.842	32	800
dpca7g506630.842	32	801
dpca7g506650.842	32	802
dpca7g506670.842	32	803
dpca7g506680.842	32	804
dpca7g506690.842	32	805
dpca7g506700.842	32	806
dpca7g506710.842	32	807
dpca7g506770.842	32	808
dpca7g506780.842	32	809
dpca7g506800.842	32	810
dpca7g506830.842	32	811
dpca7g506840.842	32	812
dpca7g506850.842	32	813
dpca7g506860.842	32	814
dpca7g506870.842	32	815
dpca7g506900.842	32	816
dpca7g506910.842	32	817
dpca7g506920.842	32	818
dpca7g506930.842	32	819
dpca7g506940.842	32	820
dpca7g506950.842	32	821
dpca7g506960.842	32	822
dpca7g506980.842	32	823
dpca7g506990.842	32	824
dpca7g507000.842	32	825
dpca7g507010.842	32	826
dpca7g507020.842	32	827
dpca7g507030.842	32	828
dpca7g507040.842	32	829
dpca7g507050.842	32	830
dpca7g507060.842	32	831
dpca7g507070.842	32	832
dpca7g507080.842	32	833
dpca7g507090.842	32	834
dpca7g507100.842	32	835
dpca7g507110.842	32	836
dpca7g507120.842	32	837
dpca7g507130.842	32	838
dpca7g507140.842	32	839
dpca7g507150.842	32	840
dpca7g507160.842	32	841
dpca7g507170.842	32	842
dpca7g507180.842	32	843
dpca7g507190.842	32	844
dpca7g507200.842	32	845
dpca7g507210.842	32	846
dpca7g507220.842	32	847
dpca7g507240.842	32	848
dpca7g507250.842	32	849
dpca7g507260.842	32	850
dpca7g507270.842	32	851
dpca7g507280.842	32	852
dpca7g507290.842	32	853
dpca7g507300.842	32	854
dpca7g507310.842	32	855
dpca7g507320.842	32	856
dpca7g507330.842	32	857
dpca7g507350.842	32	858
dpca7g507360.842	32	859
dpca7g507370.842	32	860
dpca7g507400.842	32	861
dpca7g507410.842	32	862
dpca7g507420.842	32	863
dpca7g507430.842	32	864
dpca7g507440.842	32	865
dpca7g507450.842	32	866
dpca7g507460.842	32	867
dpca7g507470.842	32	868
dpca7g507480.842	32	869
dpca7g507490.842	32	870
dpca7g507500.842	32	871
dpca7g507510.842	32	872
dpca7g507520.842	32	873
dpca7g507530.842	32	874
dpca7g507540.842	32	875
dpca7g507550.842	32	876
dpca7g507560.842	32	877
dpca7g507570.842	32	878
dpca7g507580.842	32	879
dpca7g507590.842	32	880
dpca7g507600.842	32	881
dpca7g507610.842	32	882
dpca7g507630.842	32	883
dpca7g507640.842	32	884
dpca7g507650.842	32	885
dpca7g507660.842	32	886
dpca7g507680.842	32	887
dpca7g507690.842	32	888
dpca7g507700.842	32	889
dpca7g507720.842	32	890
dpca7g507730.842	32	891
dpca7g507740.842	32	892
dpca7g507780.842	32	893
dpca7g507790.842	32	894
dpca7g507800.842	32	895
dpca7g507810.842	32	896
dpca7g507820.842	32	897
dpca7g507850.842	32	898
dpca7g507910.842	32	899
dpca7g507930.842	32	900
dpca7g507940.842	32	901
dpca7g507950.842	32	902
dpca7g507960.842	32	903
dpca7g507970.842	32	904
dpca7g507980.842	32	905
dpca7g507990.842	32	906
dpca7g508000.842	32	907
dpca7g508010.842	32	908
dpca7g508020.842	32	909
dpca7g508030.842	32	910
dpca7g508060.842	32	911
dpca7g508070.842	32	912
dpca7g508080.842	32	913
dpca7g508090.842	32	914
dpca7g508100.842	32	915
dpca7g508120.842	32	916
dpca7g508130.842	32	917
dpca7g508140.842	32	918
dpca7g508150.842	32	919
dpca7g508160.842	32	920
dpca7g508170.842	32	921
dpca7g508180.842	32	922
dpca7g508190.842	32	923
dpca7g508200.842	32	924
dpca7g508220.842	32	925
dpca7g508230.842	32	926
dpca7g508240.842	32	927
dpca7g508250.842	32	928
dpca7g508260.842	32	929
dpca7g508270.842	32	930
dpca7g508280.842	32	931
dpca7g508290.842	32	932
dpca7g508300.842	32	933
dpca7g508330.842	32	934
dpca7g508340.842	32	935
dpca7g508350.842	32	936
dpca7g508370.842	32	937
dpca7g508400.842	32	938
dpca7g508410.842	32	939
dpca7g508420.842	32	940
dpca7g508440.842	32	941
dpca7g508460.842	32	942
dpca7g508480.842	32	943
dpca7g508490.842	32	944
dpca7g508510.842	32	945
dpca7g508540.842	32	946
dpca7g508550.842	32	947
dpca7g508560.842	32	948
dpca7g508570.842	32	949
dpca7g508580.842	32	950
dpca7g508590.842	32	951
dpca7g508600.842	32	952
dpca7g508620.842	32	953
dpca7g508630.842	32	954
dpca7g508640.842	32	955
dpca7g508650.842	32	956
dpca7g508660.842	32	957
dpca7g508670.842	32	958
dpca7g508680.842	32	959
dpca7g508690.842	32	960
dpca7g508700.842	32	961
dpca7g508710.842	32	962
dpca7g508720.842	32	963
dpca7g508730.842	32	964
dpca7g508740.842	32	965
dpca7g508750.842	32	966
dpca7g508760.842	32	967
dpca7g508790.842	32	968
dpca7g508800.842	32	969
dpca7g508810.842	32	970
dpca7g508820.842	32	971
dpca7g508840.842	32	972
dpca7g508850.842	32	973
dpca7g508860.842	32	974
dpca7g508880.842	32	975
dpca7g508910.842	32	976
dpca7g508920.842	32	977
dpca7g508930.842	32	978
dpca7g508940.842	32	979
dpca7g508950.842	32	980
dpca7g508960.842	32	981
dpca7g508970.842	32	982
dpca7g508980.842	32	983
dpca7g508990.842	32	984
dpca7g509000.842	32	985
dpca7g509010.842	32	986
dpca7g509020.842	32	987
dpca7g509030.842	32	988
dpca7g509040.842	32	989
dpca7g509050.842	32	990
dpca7g509070.842	32	991
dpca7g509100.842	32	992
dpca7g509110.842	32	993
dpca7g509120.842	32	994
dpca7g509130.842	32	995
dpca7g509140.842	32	996
dpca7g509150.842	32	997
dpca7g509160.842	32	998
dpca7g509170.842	32	999
dpca7g509180.842	32	1000
dpca7g509190.842	32	1001
dpca7g509200.842	32	1002
dpca7g509210.842	32	1003
dpca7g509220.842	32	1004
dpca7g509230.842	32	1005
dpca7g509250.842	32	1006
dpca7g509270.842	32	1007
dpca7g509280.842	32	1008
dpca7g509290.842	32	1009
dpca7g509300.842	32	1010
dpca7g509310.842	32	1011
dpca7g509330.842	32	1012
dpca7g509340.842	32	1013
dpca7g509390.842	32	1014
dpca7g509420.842	32	1015
dpca7g509430.842	32	1016
dpca7g509440.842	32	1017
dpca7g509450.842	32	1018
dpca7g509460.842	32	1019
dpca7g509470.842	32	1020
dpca7g509480.842	32	1021
dpca7g509490.842	32	1022
dpca7g509510.842	32	1023
dpca7g509520.842	33	0
dpca7g509530.842	33	1
dpca7g509540.842	33	2
dpca7g509550.842	33	3
dpca7g509560.842	33	4
dpca7g509570.842	33	5
dpca7g509580.842	33	6
dpca7g509590.842	33	7
dpca7g509600.842	33	8
dpca7g509610.842	33	9
dpca7g509620.842	33	10
dpca7g509640.842	33	11
dpca7g509650.842	33	12
dpca7g509660.842	33	13
dpca7g509670.842	33	14
dpca7g509680.842	33	15
dpca7g509690.842	33	16
dpca7g509700.842	33	17
dpca7g509710.842	33	18
dpca7g509720.842	33	19
dpca7g509730.842	33	20
dpca7g509740.842	33	21
dpca7g509750.842	33	22
dpca7g509760.842	33	23
dpca7g509770.842	33	24
dpca7g509790.842	33	25
dpca7g509800.842	33	26
dpca7g509830.842	33	27
dpca7g509840.842	33	28
dpca7g509850.842	33	29
dpca7g509860.842	33	30
dpca7g509870.842	33	31
dpca7g509900.842	33	32
dpca7g509910.842	33	33
dpca7g509920.842	33	34
dpca7g509930.842	33	35
dpca7g509940.842	33	36
dpca7g509950.842	33	37
dpca7g509960.842	33	38
dpca7g509980.842	33	39
dpca7g509990.842	33	40
dpca7g510000.842	33	41
dpca7g510010.842	33	42
dpca7g510020.842	33	43
dpca7g510030.842	33	44
dpca7g510040.842	33	45
dpca7g510050.842	33	46
dpca7g510060.842	33	47
dpca7g510130.842	33	48
dpca7g510160.842	33	49
dpca7g510210.842	33	50
dpca7g510220.842	33	51
dpca7g510230.842	33	52
dpca7g510240.842	33	53
dpca7g510250.842	33	54
dpca7g510260.842	33	55
dpca7g510270.842	33	56
dpca7g510280.842	33	57
dpca7g510290.842	33	58
dpca7g510300.842	33	59
dpca7g510310.842	33	60
dpca7g510320.842	33	61
dpca7g510330.842	33	62
dpca7g510340.842	33	63
dpca7g510350.842	33	64
dpca7g510360.842	33	65
dpca7g510370.842	33	66
dpca7g510380.842	33	67
dpca7g510390.842	33	68
dpca7g510400.842	33	69
dpca7g510410.842	33	70
dpca7g510420.842	33	71
dpca7g510460.842	33	72
dpca7g510470.842	33	73
dpca7g510500.842	33	74
dpca7g510510.842	33	75
dpca7g510520.842	33	76
dpca7g510550.842	33	77
dpca7g510590.842	33	78
dpca7g510610.842	33	79
dpca7g510620.842	33	80
dpca7g510630.842	33	81
dpca7g510640.842	33	82
dpca7g510660.842	33	83
dpca7g510680.842	33	84
dpca7g510730.842	33	85
dpca7g510740.842	33	86
dpca7g510770.842	33	87
dpca7g510780.842	33	88
dpca7g510790.842	33	89
dpca7g510800.842	33	90
dpca7g510810.842	33	91
dpca7g510820.842	33	92
dpca7g510830.842	33	93
dpca7g510840.842	33	94
dpca7g510850.842	33	95
dpca7g510860.842	33	96
dpca7g510890.842	33	97
dpca7g510910.842	33	98
dpca7g510920.842	33	99
dpca7g510930.842	33	100
dpca7g510940.842	33	101
dpca7g510950.842	33	102
dpca7g510960.842	33	103
dpca7g510980.842	33	104
dpca7g510990.842	33	105
dpca7g511000.842	33	106
dpca7g511010.842	33	107
dpca7g511020.842	33	108
dpca7g511030.842	33	109
dpca7g511040.842	33	110
dpca7g511050.842	33	111
dpca7g511060.842	33	112
dpca7g511070.842	33	113
dpca7g511080.842	33	114
dpca7g511090.842	33	115
dpca7g511100.842	33	116
dpca7g511110.842	33	117
dpca7g511130.842	33	118
dpca7g511140.842	33	119
dpca7g511170.842	33	120
dpca7g511180.842	33	121
dpca7g511190.842	33	122
dpca7g511200.842	33	123
dpca7g511210.842	33	124
dpca7g511220.842	33	125
dpca7g511230.842	33	126
dpca7g511240.842	33	127
dpca7g511250.842	33	128
dpca7g511260.842	33	129
dpca7g511270.842	33	130
dpca7g511290.842	33	131
dpca7g511300.842	33	132
dpca7g511310.842	33	133
dpca7g511320.842	33	134
dpca7g511330.842	33	135
dpca7g511340.842	33	136
dpca7g511350.842	33	137
dpca7g511360.842	33	138
dpca7g511370.842	33	139
dpca7g511390.842	33	140
dpca7g511410.842	33	141
dpca7g511430.842	33	142
dpca7g511440.842	33	143
dpca7g511460.842	33	144
dpca7g511470.842	33	145
dpca7g511480.842	33	146
dpca7g511490.842	33	147
dpca7g511500.842	33	148
dpca7g511510.842	33	149
dpca7g511530.842	33	150
dpca7g511540.842	33	151
dpca7g511550.842	33	152
dpca7g511560.842	33	153
dpca7g511580.842	33	154
dpca7g511590.842	33	155
dpca7g511600.842	33	156
dpca7g511610.842	33	157
dpca7g511620.842	33	158
dpca7g511640.842	33	159
dpca7g511650.842	33	160
dpca7g511670.842	33	161
dpca7g511680.842	33	162
dpca7g511700.842	33	163
dpca7g511710.842	33	164
dpca7g511720.842	33	165
dpca7g511730.842	33	166
dpca7g511740.842	33	167
dpca7g511750.842	33	168
dpca7g511760.842	33	169
dpca7g511770.842	33	170
dpca7g511780.842	33	171
dpca7g511790.842	33	172
dpca7g511800.842	33	173
dpca7g511810.842	33	174
dpca7g511820.842	33	175
dpca7g511830.842	33	176
dpca7g511860.842	33	177
dpca7g511880.842	33	178
dpca7g511890.842	33	179
dpca7g511900.842	33	180
dpca7g511910.842	33	181
dpca7g511920.842	33	182
dpca7g511930.842	33	183
dpca7g511940.842	33	184
dpca7g511950.842	33	185
dpca7g511960.842	33	186
dpca7g511970.842	33	187
dpca7g511980.842	33	188
dpca7g511990.842	33	189
dpca7g512000.842	33	190
dpca7g512010.842	33	191
dpca7g512020.842	33	192
dpca7g512030.842	33	193
dpca7g512040.842	33	194
dpca7g512070.842	33	195
dpca7g512080.842	33	196
dpca7g512090.842	33	197
dpca7g512100.842	33	198
dpca7g512110.842	33	199
dpca7g512140.842	33	200
dpca7g512150.842	33	201
dpca7g512160.842	33	202
dpca7g512170.842	33	203
dpca7g512180.842	33	204
dpca7g512190.842	33	205
dpca7g512200.842	33	206
dpca7g512210.842	33	207
dpca7g512220.842	33	208
dpca7g512230.842	33	209
dpca7g512250.842	33	210
dpca7g512260.842	33	211
dpca7g512270.842	33	212
dpca7g512280.842	33	213
dpca7g512290.842	33	214
dpca7g512300.842	33	215
dpca7g512330.842	33	216
dpca7g512340.842	33	217
dpca7g512350.842	33	218
dpca7g512360.842	33	219
dpca7g512370.842	33	220
dpca7g512400.842	33	221
dpca7g512420.842	33	222
dpca7g512440.842	33	223
dpca7g512460.842	33	224
dpca7g512470.842	33	225
dpca7g512480.842	33	226
dpca7g512490.842	33	227
dpca7g512500.842	33	228
dpca7g512510.842	33	229
dpca7g512520.842	33	230
dpca7g512530.842	33	231
dpca7g512540.842	33	232
dpca7g512550.842	33	233
dpca7g512560.842	33	234
dpca7g512570.842	33	235
dpca7g512580.842	33	236
dpca7g512590.842	33	237
dpca7g512600.842	33	238
dpca7g512610.842	33	239
dpca7g512620.842	33	240
dpca7g512630.842	33	241
dpca7g512640.842	33	242
dpca7g512650.842	33	243
dpca7g512660.842	33	244
dpca7g512670.842	33	245
dpca7g512680.842	33	246
dpca7g512690.842	33	247
dpca7g512700.842	33	248
dpca7g512710.842	33	249
dpca7g512720.842	33	250
dpca7g512730.842	33	251
dpca7g512740.842	33	252
dpca7g512750.842	33	253
dpca7g512760.842	33	254
dpca7g512770.842	33	255
dpca7g512780.842	33	256
dpca7g512830.842	33	257
dpca7g512840.842	33	258
dpca7g512850.842	33	259
dpca7g512860.842	33	260
dpca7g512870.842	33	261
dpca7g512880.842	33	262
dpca7g512900.842	33	263
dpca7g512910.842	33	264
dpca7g512950.842	33	265
dpca7g512960.842	33	266
dpca7g512970.842	33	267
dpca7g512980.842	33	268
dpca7g512990.842	33	269
dpca7g513000.842	33	270
dpca7g513020.842	33	271
dpca7g513050.842	33	272
dpca7g513060.842	33	273
dpca7g513070.842	33	274
dpca7g513080.842	33	275
dpca7g513090.842	33	276
dpca7g513110.842	33	277
dpca7g513120.842	33	278
dpca7g513130.842	33	279
dpca7g513150.842	33	280
dpca7g513170.842	33	281
dpca7g513190.842	33	282
dpca7g513200.842	33	283
dpca7g513210.842	33	284
dpca7g513230.842	33	285
dpca7g513240.842	33	286
dpca7g513260.842	33	287
dpca7g513270.842	33	288
dpca7g513290.842	33	289
dpca7g513300.842	33	290
dpca7g513320.842	33	291
dpca7g513330.842	33	292
dpca7g513340.842	33	293
dpca7g513350.842	33	294
dpca7g513360.842	33	295
dpca7g513380.842	33	296
dpca7g513390.842	33	297
dpca7g513400.842	33	298
dpca7g513420.842	33	299
dpca7g513430.842	33	300
dpca7g513450.842	33	301
dpca7g513470.842	33	302
dpca7g513480.842	33	303
dpca7g513500.842	33	304
dpca7g513510.842	33	305
dpca7g513520.842	33	306
dpca7g513540.842	33	307
dpca7g513550.842	33	308
dpca7g513570.842	33	309
dpca7g513600.842	33	310
dpca7g513610.842	33	311
dpca7g513620.842	33	312
dpca7g513630.842	33	313
dpca7g513640.842	33	314
dpca7g513650.842	33	315
dpca7g513660.842	33	316
dpca7g513670.842	33	317
dpca7g513700.842	33	318
dpca7g513720.842	33	319
dpca7g513730.842	33	320
dpca7g513740.842	33	321
dpca7g513750.842	33	322
dpca7g513760.842	33	323
dpca7g513770.842	33	324
dpca7g513780.842	33	325
dpca7g513790.842	33	326
dpca7g513800.842	33	327
dpca7g513820.842	33	328
dpca7g513850.842	33	329
dpca7g513860.842	33	330
dpca7g513870.842	33	331
dpca7g513880.842	33	332
dpca7g513890.842	33	333
dpca7g513900.842	33	334
dpca7g513910.842	33	335
dpca7g513930.842	33	336
dpca7g513960.842	33	337
dpca7g513970.842	33	338
dpca7g513980.842	33	339
dpca7g514010.842	33	340
dpca7g514020.842	33	341
dpca7g514030.842	33	342
dpca7g514040.842	33	343
dpca7g514050.842	33	344
dpca7g514070.842	33	345
dpca7g514100.842	33	346
dpca7g514110.842	33	347
dpca7g514120.842	33	348
dpca7g514130.842	33	349
dpca7g514140.842	33	350
dpca7g514150.842	33	351
dpca7g514160.842	33	352
dpca7g514170.842	33	353
dpca7g514180.842	33	354
dpca7g514190.842	33	355
dpca7g514200.842	33	356
dpca7g514210.842	33	357
dpca7g514220.842	33	358
dpca7g514230.842	33	359
dpca7g514240.842	33	360
dpca7g514250.842	33	361
dpca7g514260.842	33	362
dpca7g514270.842	33	363
dpca7g514280.842	33	364
dpca7g514290.842	33	365
dpca7g514300.842	33	366
dpca7g514320.842	33	367
dpca7g514330.842	33	368
dpca7g514360.842	33	369
dpca7g514370.842	33	370
dpca7g514380.842	33	371
dpca7g514390.842	33	372
dpca7g514410.842	33	373
dpca7g514420.842	33	374
dpca7g514430.842	33	375
dpca7g514440.842	33	376
dpca7g514450.842	33	377
dpca7g514460.842	33	378
dpca7g514470.842	33	379
dpca7g514480.842	33	380
dpca7g514490.842	33	381
dpca7g514500.842	33	382
dpca7g514510.842	33	383
dpca7g514530.842	33	384
dpca7g514540.842	33	385
dpca7g514550.842	33	386
dpca7g514560.842	33	387
dpca7g514570.842	33	388
dpca7g514580.842	33	389
dpca7g514590.842	33	390
dpca7g514600.842	33	391
dpca7g514620.842	33	392
dpca7g514630.842	33	393
dpca7g514670.842	33	394
dpca7g514680.842	33	395
dpca7g514700.842	33	396
dpca7g514720.842	33	397
dpca7g514730.842	33	398
dpca7g514740.842	33	399
dpca7g514750.842	33	400
dpca7g514760.842	33	401
dpca7g514770.842	33	402
dpca7g514780.842	33	403
dpca7g514790.842	33	404
dpca7g514800.842	33	405
dpca7g514820.842	33	406
dpca7g514830.842	33	407
dpca7g514840.842	33	408
dpca7g514850.842	33	409
dpca7g514860.842	33	410
dpca7g514870.842	33	411
dpca7g514900.842	33	412
dpca7g514910.842	33	413
dpca7g514920.842	33	414
dpca7g514930.842	33	415
dpca7g514940.842	33	416
dpca7g514950.842	33	417
dpca7g514970.842	33	418
dpca7g514990.842	33	419
dpca7g515000.842	33	420
dpca7g515010.842	33	421
dpca7g515020.842	33	422
dpca7g515040.842	33	423
dpca7g515050.842	33	424
dpca7g515060.842	33	425
dpca7g515070.842	33	426
dpca7g515080.842	33	427
dpca7g515100.842	33	428
dpca7g515130.842	33	429
dpca7g515140.842	33	430
dpca7g515150.842	33	431
dpca7g515160.842	33	432
dpca7g515170.842	33	433
dpca7g515180.842	33	434
dpca7g515190.842	33	435
dpca7g515210.842	33	436
dpca7g515230.842	33	437
dpca7g515240.842	33	438
dpca7g515260.842	33	439
dpca7g515270.842	33	440
dpca7g515280.842	33	441
dpca7g515290.842	33	442
dpca7g515300.842	33	443
dpca7g515310.842	33	444
dpca7g515320.842	33	445
dpca7g515330.842	33	446
dpca7g515370.842	33	447
dpca7g515390.842	33	448
dpca7g515400.842	33	449
dpca7g515410.842	33	450
dpca7g515420.842	33	451
dpca7g515430.842	33	452
dpca7g515440.842	33	453
dpca7g515480.842	33	454
dpca7g515490.842	33	455
dpca7g515510.842	33	456
dpca7g515520.842	33	457
dpca7g515530.842	33	458
dpca7g515540.842	33	459
dpca7g515550.842	33	460
dpca7g515560.842	33	461
dpca7g515570.842	33	462
dpca7g515580.842	33	463
dpca7g515600.842	33	464
dpca7g515610.842	33	465
dpca7g515630.842	33	466
dpca7g515640.842	33	467
dpca7g515650.842	33	468
dpca7g515660.842	33	469
dpca7g515670.842	33	470
dpca7g515680.842	33	471
dpca7g515690.842	33	472
dpca7g515700.842	33	473
dpca7g515710.842	33	474
dpca7g515720.842	33	475
dpca7g515730.842	33	476
dpca7g515740.842	33	477
dpca7g515750.842	33	478
dpca7g515760.842	33	479
dpca7g515780.842	33	480
dpca7g515790.842	33	481
dpca7g515800.842	33	482
dpca7g515810.842	33	483
dpca7g515820.842	33	484
dpca7g515830.842	33	485
dpca7g515840.842	33	486
dpca7g515850.842	33	487
dpca7g515860.842	33	488
dpca7g515870.842	33	489
dpca7g515880.842	33	490
dpca7g515890.842	33	491
dpca7g515910.842	33	492
dpca7g515940.842	33	493
dpca7g515950.842	33	494
dpca7g515960.842	33	495
dpca7g515970.842	33	496
dpca7g515990.842	33	497
dpca7g516000.842	33	498
dpca7g516010.842	33	499
dpca7g516020.842	33	500
dpca7g516030.842	33	501
dpca7g516050.842	33	502
dpca7g516060.842	33	503
dpca7g516080.842	33	504
dpca7g516110.842	33	505
dpca7g516120.842	33	506
dpca7g516130.842	33	507
dpca7g516140.842	33	508
dpca7g516150.842	33	509
dpca7g516160.842	33	510
dpca7g516170.842	33	511
dpca7g516180.842	33	512
dpca7g516190.842	33	513
dpca7g516200.842	33	514
dpca7g516210.842	33	515
dpca7g516220.842	33	516
dpca7g516230.842	33	517
dpca7g516240.842	33	518
dpca7g516250.842	33	519
dpca7g516260.842	33	520
dpca7g516270.842	33	521
dpca7g516280.842	33	522
dpca7g516310.842	33	523
dpca7g516320.842	33	524
dpca7g516370.842	33	525
dpca7g516380.842	33	526
dpca7g516390.842	33	527
dpca7g516410.842	33	528
dpca7g516420.842	33	529
dpca7g516430.842	33	530
dpca7g516440.842	33	531
dpca7g516500.842	33	532
dpca7g516510.842	33	533
dpca7g516520.842	33	534
dpca7g516540.842	33	535
dpca7g516550.842	33	536
dpca7g516560.842	33	537
dpca7g516570.842	33	538
dpca7g516590.842	33	539
dpca7g516610.842	33	540
dpca7g516650.842	33	541
dpca7g516680.842	33	542
dpca7g516700.842	33	543
dpca7g516710.842	33	544
dpca7g516720.842	33	545
dpca7g516730.842	33	546
dpca7g516740.842	33	547
dpca7g516770.842	33	548
dpca7g516790.842	33	549
dpca7g516800.842	33	550
dpca7g516810.842	33	551
dpca7g516820.842	33	552
dpca7g516870.842	33	553
dpca7g516880.842	33	554
dpca7g516890.842	33	555
dpca7g516900.842	33	556
dpca7g516910.842	33	557
dpca7g516920.842	33	558
dpca7g516930.842	33	559
dpca7g516970.842	33	560
dpca7g517010.842	33	561
dpca7g517020.842	33	562
dpca7g517030.842	33	563
dpca7g517050.842	33	564
dpca7g517060.842	33	565
dpca7g517070.842	33	566
dpca7g517090.842	33	567
dpca7g517100.842	33	568
dpca7g517110.842	33	569
dpca7g517130.842	33	570
dpca7g517150.842	33	571
dpca7g517160.842	33	572
dpca7g517170.842	33	573
dpca7g517180.842	33	574
dpca7g517190.842	33	575
dpca7g517200.842	33	576
dpca7g517250.842	33	577
dpca7g517280.842	33	578
dpca7g517290.842	33	579
dpca7g517310.842	33	580
dpca7g517320.842	33	581
dpca7g517340.842	33	582
dpca7g517350.842	33	583
dpca7g517360.842	33	584
dpca7g517380.842	33	585
dpca7g517390.842	33	586
dpca7g517400.842	33	587
dpca7g517410.842	33	588
dpca7g517420.842	33	589
dpca7g517430.842	33	590
dpca7g517460.842	33	591
dpca7g517500.842	33	592
dpca7g517510.842	33	593
dpca7g517520.842	33	594
dpca7g517530.842	33	595
dpca7g517590.842	33	596
dpca7g517600.842	33	597
dpca7g517610.842	33	598
dpca7g517650.842	33	599
dpca7g517680.842	33	600
dpca7g517690.842	33	601
dpca7g517700.842	33	602
dpca7g517710.842	33	603
dpca7g517720.842	33	604
dpca7g517730.842	33	605
dpca7g517740.842	33	606
dpca7g517750.842	33	607
dpca7g517760.842	33	608
dpca7g517780.842	33	609
dpca7g517790.842	33	610
dpca7g517800.842	33	611
dpca7g517810.842	33	612
dpca7g517830.842	33	613
dpca7g517840.842	33	614
dpca7g517850.842	33	615
dpca7g517880.842	33	616
dpca7g517900.842	33	617
dpca7g517910.842	33	618
dpca7g517920.842	33	619
dpca7g517930.842	33	620
dpca7g517960.842	33	621
dpca7g517980.842	33	622
dpca7g518000.842	33	623
dpca7g518010.842	33	624
dpca7g518020.842	33	625
dpca7g518030.842	33	626
dpca7g518040.842	33	627
dpca7g518050.842	33	628
dpca7g518060.842	33	629
dpca7g518070.842	33	630
dpca7g518080.842	33	631
dpca7g518100.842	33	632
dpca7g518110.842	33	633
dpca7g518120.842	33	634
dpca7g518130.842	33	635
dpca7g518140.842	33	636
dpca7g518150.842	33	637
dpca7g518180.842	33	638
dpca7g518190.842	33	639
dpca7g518200.842	33	640
dpca7g518210.842	33	641
dpca7g518220.842	33	642
dpca7g518250.842	33	643
dpca7g518260.842	33	644
dpca7g518270.842	33	645
dpca7g518280.842	33	646
dpca7g518290.842	33	647
dpca7g518300.842	33	648
dpca7g518310.842	33	649
dpca7g518330.842	33	650
dpca7g518340.842	33	651
dpca7g518350.842	33	652
dpca7g518370.842	33	653
dpca7g518380.842	33	654
dpca7g518390.842	33	655
dpca7g518400.842	33	656
dpca7g518410.842	33	657
dpca7g518420.842	33	658
dpca7g518430.842	33	659
dpca7g518440.842	33	660
dpca7g518450.842	33	661
dpca7g518460.842	33	662
dpca7g518470.842	33	663
dpca7g518510.842	33	664
dpca7g518540.842	33	665
dpca7g518550.842	33	666
dpca7g518560.842	33	667
dpca7g518570.842	33	668
dpca7g518580.842	33	669
dpca7g518590.842	33	670
dpca7g518600.842	33	671
dpca7g518610.842	33	672
dpca7g518620.842	33	673
dpca7g518630.842	33	674
dpca7g518640.842	33	675
dpca7g518650.842	33	676
dpca7g518660.842	33	677
dpca7g518670.842	33	678
dpca7g518680.842	33	679
dpca7g518690.842	33	680
dpca7g518700.842	33	681
dpca7g518710.842	33	682
dpca7g518730.842	33	683
dpca7g518740.842	33	684
dpca7g518750.842	33	685
dpca7g518770.842	33	686
dpca7g518780.842	33	687
dpca7g518790.842	33	688
dpca7g518800.842	33	689
dpca7g518810.842	33	690
dpca7g518840.842	33	691
dpca7g518850.842	33	692
dpca7g518860.842	33	693
dpca7g518870.842	33	694
dpca7g518880.842	33	695
dpca7g518890.842	33	696
dpca7g518900.842	33	697
dpca7g518910.842	33	698
dpca7g518930.842	33	699
dpca7g518940.842	33	700
dpca7g518950.842	33	701
dpca7g518960.842	33	702
dpca7g518980.842	33	703
dpca7g518990.842	33	704
dpca7g519000.842	33	705
dpca7g519010.842	33	706
dpca7g519020.842	33	707
dpca7g519040.842	33	708
dpca7g519050.842	33	709
dpca7g519070.842	33	710
dpca7g519090.842	33	711
dpca7g519100.842	33	712
dpca7g519110.842	33	713
dpca7g519120.842	33	714
dpca7g519130.842	33	715
dpca7g519140.842	33	716
dpca7g519160.842	33	717
dpca7g519170.842	33	718
dpca7g519180.842	33	719
dpca7g519190.842	33	720
dpca7g519200.842	33	721
dpca7g519210.842	33	722
dpca7g519240.842	33	723
dpca7g519250.842	33	724
dpca7g519270.842	33	725
dpca7g519280.842	33	726
dpca7g519290.842	33	727
dpca7g519310.842	33	728
dpca7g519330.842	33	729
dpca7g519340.842	33	730
dpca7g519350.842	33	731
dpca7g519370.842	33	732
dpca7g519380.842	33	733
dpca7g519450.842	33	734
dpca7g519470.842	33	735
dpca7g519480.842	33	736
dpca7g519490.842	33	737
dpca7g519500.842	33	738
dpca7g519510.842	33	739
dpca7g519530.842	33	740
dpca7g519540.842	33	741
dpca7g519550.842	33	742
dpca7g519560.842	33	743
dpca7g519570.842	33	744
dpca7g519580.842	33	745
dpca7g519590.842	33	746
dpca7g519600.842	33	747
dpca7g519620.842	33	748
dpca7g519640.842	33	749
dpca7g519650.842	33	750
dpca7g519660.842	33	751
dpca7g519670.842	33	752
dpca7g519700.842	33	753
dpca7g519710.842	33	754
dpca7g519720.842	33	755
dpca7g519730.842	33	756
dpca7g519740.842	33	757
dpca7g519750.842	33	758
dpca7g519760.842	33	759
dpca7g519780.842	33	760
dpca7g519790.842	33	761
dpca7g519800.842	33	762
dpca7g519810.842	33	763
dpca7g519840.842	33	764
dpca7g519850.842	33	765
dpca7g519860.842	33	766
dpca7g519870.842	33	767
dpca7g519900.842	33	768
dpca7g519920.842	33	769
dpca7g519930.842	33	770
dpca7g519940.842	33	771
dpca7g519950.842	33	772
dpca7g519960.842	33	773
dpca7g519970.842	33	774
dpca7g519990.842	33	775
dpca7g520000.842	33	776
dpca7g520010.842	33	777
dpca7g520030.842	33	778
dpca7g520040.842	33	779
dpca7g520050.842	33	780
dpca7g520060.842	33	781
dpca7g520070.842	33	782
dpca7g520080.842	33	783
dpca7g520090.842	33	784
dpca7g520100.842	33	785
dpca7g520110.842	33	786
dpca7g520130.842	33	787
dpca7g520140.842	33	788
dpca7g520160.842	33	789
dpca7g520170.842	33	790
dpca7g520190.842	33	791
dpca7g520210.842	33	792
dpca7g520230.842	33	793
dpca7g520240.842	33	794
dpca7g520260.842	33	795
dpca7g520300.842	33	796
dpca7g520310.842	33	797
dpca7g520330.842	33	798
dpca7g520340.842	33	799
dpca7g520360.842	33	800
dpca7g520370.842	33	801
dpca7g520430.842	33	802
dpca7g520450.842	33	803
dpca7g520460.842	33	804
dpca7g520470.842	33	805
dpca7g520480.842	33	806
dpca7g520490.842	33	807
dpca7g520500.842	33	808
dpca7g520510.842	33	809
dpca7g520520.842	33	810
dpca7g520560.842	33	811
dpca7g520570.842	33	812
dpca7g520580.842	33	813
dpca7g520610.842	33	814
dpca7g520620.842	33	815
dpca7g520630.842	33	816
dpca7g520640.842	33	817
dpca7g520650.842	33	818
dpca7g520660.842	33	819
dpca7g520670.842	33	820
dpca7g520690.842	33	821
dpca7g520730.842	33	822
dpca7g520750.842	33	823
dpca7g520760.842	33	824
dpca7g520770.842	33	825
dpca7g520780.842	33	826
dpca7g520790.842	33	827
dpca7g520800.842	33	828
dpca7g520820.842	33	829
dpca7g520840.842	33	830
dpca7g520860.842	33	831
dpca7g520870.842	33	832
dpca7g520880.842	33	833
dpca7g520890.842	33	834
dpca7g520900.842	33	835
dpca7g520910.842	33	836
dpca7g520920.842	33	837
dpca7g520930.842	33	838
dpca7g520940.842	33	839
dpca7g520960.842	33	840
dpca7g520990.842	33	841
dpca7g521020.842	33	842
dpca7g521030.842	33	843
dpca7g521040.842	33	844
dpca7g521050.842	33	845
dpca7g521060.842	33	846
dpca7g521080.842	33	847
dpca7g521090.842	33	848
dpca7g521100.842	33	849
dpca7g521110.842	33	850
dpca7g521120.842	33	851
dpca7g521130.842	33	852
dpca7g521140.842	33	853
dpca7g521150.842	33	854
dpca7g521160.842	33	855
dpca7g521180.842	33	856
dpca7g521190.842	33	857
dpca7g521200.842	33	858
dpca7g521210.842	33	859
dpca7g521220.842	33	860
dpca7g521240.842	33	861
dpca7g521250.842	33	862
dpca7g521280.842	33	863
dpca7g521290.842	33	864
dpca7g521300.842	33	865
dpca7g521310.842	33	866
dpca7g521330.842	33	867
dpca7g521340.842	33	868
dpca7g521350.842	33	869
dpca7g521380.842	33	870
dpca7g521390.842	33	871
dpca7g521400.842	33	872
dpca7g521410.842	33	873
dpca7g521430.842	33	874
dpca7g521480.842	33	875
dpca7g521490.842	33	876
dpca7g521500.842	33	877
dpca7g521510.842	33	878
dpca7g521520.842	33	879
dpca7g521540.842	33	880
dpca7g521550.842	33	881
dpca7g521560.842	33	882
dpca7g521570.842	33	883
dpca7g521580.842	33	884
dpca7g521590.842	33	885
dpca7g521600.842	33	886
dpca7g521610.842	33	887
dpca7g521620.842	33	888
dpca7g521630.842	33	889
dpca7g521640.842	33	890
dpca7g521650.842	33	891
dpca7g521660.842	33	892
dpca7g521670.842	33	893
dpca7g521680.842	33	894
dpca7g521690.842	33	895
dpca7g521700.842	33	896
dpca7g521710.842	33	897
dpca7g521720.842	33	898
dpca7g521740.842	33	899
dpca7g521750.842	33	900
dpca7g521760.842	33	901
dpca7g521770.842	33	902
dpca7g521780.842	33	903
dpca7g521790.842	33	904
dpca7g521810.842	33	905
dpca7g521820.842	33	906
dpca7g521830.842	33	907
dpca7g521840.842	33	908
dpca7g521850.842	33	909
dpca7g521860.842	33	910
dpca7g521870.842	33	911
dpca7g521890.842	33	912
dpca7g521900.842	33	913
dpca7g521910.842	33	914
dpca7g521920.842	33	915
dpca7g521940.842	33	916
dpca7g521950.842	33	917
dpca7g521960.842	33	918
dpca7g521970.842	33	919
dpca7g521990.842	33	920
dpca7g522000.842	33	921
dpca7g522010.842	33	922
dpca7g522020.842	33	923
dpca7g522050.842	33	924
dpca7g522070.842	33	925
dpca7g522080.842	33	926
dpca7g522110.842	33	927
dpca7g522120.842	33	928
dpca7g522130.842	33	929
dpca7g522140.842	33	930
dpca7g522150.842	33	931
dpca7g522160.842	33	932
dpca7g522170.842	33	933
dpca7g522180.842	33	934
dpca7g522210.842	33	935
dpca7g522220.842	33	936
dpca7g522240.842	33	937
dpca7g522270.842	33	938
dpca7g522280.842	33	939
dpca7g522290.842	33	940
dpca7g522310.842	33	941
dpca7g522320.842	33	942
dpca7g522330.842	33	943
dpca7g522340.842	33	944
dpca7g522370.842	33	945
dpca7g522390.842	33	946
dpca7g522400.842	33	947
dpca7g522420.842	33	948
dpca7g522430.842	33	949
dpca7g522450.842	33	950
dpca7g522460.842	33	951
dpca7g522470.842	33	952
dpca7g522480.842	33	953
dpca7g522500.842	33	954
dpca7g522510.842	33	955
dpca7g522520.842	33	956
dpca7g522530.842	33	957
dpca7g522540.842	33	958
dpca7g522550.842	33	959
dpca7g522560.842	33	960
dpca7g522570.842	33	961
dpca7g522580.842	33	962
dpca7g522590.842	33	963
dpca7g522610.842	33	964
dpca7g522620.842	33	965
dpca7g522630.842	33	966
dpca7g522650.842	33	967
dpca7g522670.842	33	968
dpca7g522680.842	33	969
dpca7g522690.842	33	970
dpca7g522700.842	33	971
dpca7g522710.842	33	972
dpca7g522720.842	33	973
dpca7g522730.842	33	974
dpca7g522740.842	33	975
dpca7g522750.842	33	976
dpca7g522760.842	33	977
dpca7g522770.842	33	978
dpca7g522790.842	33	979
dpca7g522800.842	33	980
dpca7g522810.842	33	981
dpca7g522820.842	33	982
dpca7g522830.842	33	983
dpca7g522840.842	33	984
dpca7g522850.842	33	985
dpca7g522860.842	33	986
dpca7g522870.842	33	987
dpca7g522880.842	33	988
dpca7g522890.842	33	989
dpca7g522910.842	33	990
dpca7g522920.842	33	991
dpca7g522940.842	33	992
dpca7g522950.842	33	993
dpca7g522960.842	33	994
dpca7g522970.842	33	995
dpca7g522980.842	33	996
dpca7g522990.842	33	997
dpca7g523000.842	33	998
dpca7g523010.842	33	999
dpca7g523030.842	33	1000
dpca7g523040.842	33	1001
dpca7g523050.842	33	1002
dpca7g523060.842	33	1003
dpca7g523070.842	33	1004
dpca7g523080.842	33	1005
dpca7g523090.842	33	1006
dpca7g523110.842	33	1007
dpca7g523120.842	33	1008
dpca7g523130.842	33	1009
dpca7g523140.842	33	1010
dpca7g523150.842	33	1011
dpca7g523160.842	33	1012
dpca7g523170.842	33	1013
dpca7g523180.842	33	1014
dpca7g523190.842	33	1015
dpca7g523200.842	33	1016
dpca7g523220.842	33	1017
dpca7g523230.842	33	1018
dpca7g523240.842	33	1019
dpca7g523270.842	33	1020
dpca7g523320.842	33	1021
dpca7g523360.842	33	1022
dpca7g523380.842	33	1023
dpca7g523400.842	34	0
dpca7g523410.842	34	1
dpca7g523430.842	34	2
dpca7g523440.842	34	3
dpca7g523460.842	34	4
dpca7g523470.842	34	5
dpca7g523480.842	34	6
dpca7g523490.842	34	7
dpca7g523500.842	34	8
dpca7g523510.842	34	9
dpca7g523520.842	34	10
dpca7g523530.842	34	11
dpca7g523540.842	34	12
dpca7g523550.842	34	13
dpca7g523560.842	34	14
dpca7g523570.842	34	15
dpca7g523580.842	34	16
dpca7g523590.842	34	17
dpca7g523600.842	34	18
dpca7g523610.842	34	19
dpca7g523620.842	34	20
dpca7g523630.842	34	21
dpca7g523640.842	34	22
dpca7g523650.842	34	23
dpca7g523660.842	34	24
dpca7g523670.842	34	25
dpca7g523680.842	34	26
dpca7g523690.842	34	27
dpca7g523710.842	34	28
dpca7g523720.842	34	29
dpca7g523730.842	34	30
dpca7g523760.842	34	31
dpca7g523770.842	34	32
dpca7g523780.842	34	33
dpca7g523820.842	34	34
dpca7g523840.842	34	35
dpca7g523850.842	34	36
dpca7g523860.842	34	37
dpca7g523870.842	34	38
dpca7g523890.842	34	39
dpca7g523900.842	34	40
dpca7g523920.842	34	41
dpca7g523930.842	34	42
dpca7g523980.842	34	43
dpca7g523990.842	34	44
dpca7g524000.842	34	45
dpca7g524010.842	34	46
dpca7g524020.842	34	47
dpca7g524030.842	34	48
dpca7g524040.842	34	49
dpca7g524060.842	34	50
dpca7g524070.842	34	51
dpca7g524080.842	34	52
dpca7g524090.842	34	53
dpca7g524100.842	34	54
dpca7g524110.842	34	55
dpca7g524130.842	34	56
dpca7g524140.842	34	57
dpca7g524150.842	34	58
dpca7g524160.842	34	59
dpca7g524180.842	34	60
dpca7g524210.842	34	61
dpca7g524220.842	34	62
dpca7g524250.842	34	63
dpca7g524260.842	34	64
dpca7g524280.842	34	65
dpca7g524290.842	34	66
dpca7g524300.842	34	67
dpca7g524310.842	34	68
dpca7g524320.842	34	69
dpca7g524330.842	34	70
dpca7g524340.842	34	71
dpca7g524350.842	34	72
dpca7g524360.842	34	73
dpca7g524370.842	34	74
dpca7g524380.842	34	75
dpca7g524390.842	34	76
dpca7g524420.842	34	77
dpca7g524430.842	34	78
dpca7g524440.842	34	79
dpca7g524450.842	34	80
dpca7g524460.842	34	81
dpca7g524480.842	34	82
dpca7g524490.842	34	83
dpca7g524500.842	34	84
dpca7g524510.842	34	85
dpca7g524520.842	34	86
dpca7g524540.842	34	87
dpca7g524560.842	34	88
dpca7g524590.842	34	89
dpca7g524600.842	34	90
dpca7g524610.842	34	91
dpca7g524620.842	34	92
dpca7g524640.842	34	93
dpca7g524670.842	34	94
dpca7g524680.842	34	95
dpca7g524690.842	34	96
dpca7g524720.842	34	97
dpca7g524730.842	34	98
dpca7g524740.842	34	99
dpca7g524750.842	34	100
dpca7g524780.842	34	101
dpca7g524790.842	34	102
dpca7g524800.842	34	103
dpca7g524810.842	34	104
dpca7g524820.842	34	105
dpca7g524830.842	34	106
dpca7g524840.842	34	107
dpca7g524850.842	34	108
dpca7g524870.842	34	109
dpca7g524880.842	34	110
dpca7g524890.842	34	111
dpca7g524900.842	34	112
dpca7g524910.842	34	113
dpca7g524920.842	34	114
dpca7g524930.842	34	115
dpca7g524940.842	34	116
dpca7g524950.842	34	117
dpca7g524960.842	34	118
dpca7g524970.842	34	119
dpca7g524980.842	34	120
dpca7g524990.842	34	121
dpca7g525010.842	34	122
dpca7g525020.842	34	123
dpca7g525030.842	34	124
dpca7g525040.842	34	125
dpca7g525050.842	34	126
dpca7g525060.842	34	127
dpca7g525070.842	34	128
dpca7g525080.842	34	129
dpca7g525090.842	34	130
dpca7g525100.842	34	131
dpca7g525110.842	34	132
dpca7g525140.842	34	133
dpca7g525150.842	34	134
dpca7g525180.842	34	135
dpca7g525190.842	34	136
dpca7g525210.842	34	137
dpca7g525230.842	34	138
dpca7g525240.842	34	139
dpca7g525280.842	34	140
dpca7g525290.842	34	141
dpca7g525300.842	34	142
dpca7g525310.842	34	143
dpca7g525320.842	34	144
dpca7g525330.842	34	145
dpca7g525340.842	34	146
dpca7g525350.842	34	147
dpca7g525360.842	34	148
dpca7g525370.842	34	149
dpca7g525380.842	34	150
dpca7g525440.842	34	151
dpca7g525450.842	34	152
dpca7g525460.842	34	153
dpca7g525470.842	34	154
dpca7g525480.842	34	155
dpca7g525500.842	34	156
dpca7g525510.842	34	157
dpca7g525520.842	34	158
dpca7g525570.842	34	159
dpca7g525580.842	34	160
dpca7g525650.842	34	161
dpca7g525680.842	34	162
dpca7g525690.842	34	163
dpca7g525700.842	34	164
dpca7g525710.842	34	165
dpca7g525730.842	34	166
dpca7g525750.842	34	167
dpca7g525780.842	34	168
dpca7g525790.842	34	169
dpca7g525800.842	34	170
dpca7g525810.842	34	171
dpca7g525820.842	34	172
dpca7g525830.842	34	173
dpca7g525840.842	34	174
dpca7g525850.842	34	175
dpca7g525860.842	34	176
dpca7g525870.842	34	177
dpca7g525890.842	34	178
dpca7g525900.842	34	179
dpca7g525910.842	34	180
dpca7g525920.842	34	181
dpca7g525930.842	34	182
dpca7g525950.842	34	183
dpca7g525970.842	34	184
dpca7g525990.842	34	185
dpca7g526000.842	34	186
dpca7g526010.842	34	187
dpca7g526020.842	34	188
dpca7g526030.842	34	189
dpca7g526040.842	34	190
dpca7g526050.842	34	191
dpca7g526100.842	34	192
dpca7g526110.842	34	193
dpca7g526120.842	34	194
dpca7g526130.842	34	195
dpca7g526140.842	34	196
dpca7g526150.842	34	197
dpca7g526160.842	34	198
dpca7g526170.842	34	199
dpca7g526180.842	34	200
dpca7g526190.842	34	201
dpca7g526200.842	34	202
dpca7g526210.842	34	203
dpca7g526220.842	34	204
dpca7g526240.842	34	205
dpca7g526260.842	34	206
dpca7g526270.842	34	207
dpca7g526280.842	34	208
dpca7g526300.842	34	209
dpca7g526310.842	34	210
dpca7g526330.842	34	211
dpca7g526340.842	34	212
dpca7g526350.842	34	213
dpca7g526360.842	34	214
dpca7g526370.842	34	215
dpca7g526380.842	34	216
dpca7g526390.842	34	217
dpca7g526410.842	34	218
dpca7g526440.842	34	219
dpca7g526450.842	34	220
dpca7g526480.842	34	221
dpca7g526490.842	34	222
dpca7g526500.842	34	223
dpca7g526510.842	34	224
dpca7g526520.842	34	225
dpca7g526530.842	34	226
dpca7g526540.842	34	227
dpca7g526560.842	34	228
dpca7g526570.842	34	229
dpca7g526590.842	34	230
dpca7g526610.842	34	231
dpca7g526620.842	34	232
dpca7g526630.842	34	233
dpca7g526640.842	34	234
dpca7g526650.842	34	235
dpca7g526680.842	34	236
dpca7g526710.842	34	237
dpca7g526730.842	34	238
dpca7g526740.842	34	239
dpca7g526750.842	34	240
dpca7g526760.842	34	241
dpca7g526770.842	34	242
dpca7g526790.842	34	243
dpca7g526800.842	34	244
dpca7g526810.842	34	245
dpca7g526820.842	34	246
dpca7g526830.842	34	247
dpca7g526860.842	34	248
dpca7g526880.842	34	249
dpca7g526890.842	34	250
dpca7g526900.842	34	251
dpca7g526930.842	34	252
dpca7g526940.842	34	253
dpca7g526960.842	34	254
dpca7g526970.842	34	255
dpca7g526980.842	34	256
dpca7g526990.842	34	257
dpca7g527000.842	34	258
dpca7g527010.842	34	259
dpca7g527020.842	34	260
dpca7g527050.842	34	261
dpca7g527060.842	34	262
dpca7g527080.842	34	263
dpca7g527090.842	34	264
dpca7g527100.842	34	265
dpca7g527110.842	34	266
dpca7g527120.842	34	267
dpca7g527130.842	34	268
dpca7g527140.842	34	269
dpca7g527150.842	34	270
dpca7g527160.842	34	271
dpca7g527210.842	34	272
dpca7g527230.842	34	273
dpca7g527250.842	34	274
dpca7g527260.842	34	275
dpca7g527280.842	34	276
dpca7g527290.842	34	277
dpca7g527300.842	34	278
dpca7g527320.842	34	279
dpca7g527340.842	34	280
dpca7g527350.842	34	281
dpca7g527390.842	34	282
dpca7g527410.842	34	283
dpca7g527420.842	34	284
dpca7g527430.842	34	285
dpca7g527440.842	34	286
dpca7g527450.842	34	287
dpca7g527460.842	34	288
dpca7g527480.842	34	289
dpca7g527500.842	34	290
dpca7g527530.842	34	291
dpca7g527540.842	34	292
dpca7g527560.842	34	293
dpca7g527640.842	34	294
dpca7g527670.842	34	295
dpca7g527690.842	34	296
dpca7g527700.842	34	297
dpca7g527710.842	34	298
dpca7g527730.842	34	299
dpca7g527740.842	34	300
dpca7g527750.842	34	301
dpca7g527760.842	34	302
dpca7g527770.842	34	303
dpca7g527780.842	34	304
dpca7g527790.842	34	305
dpca7g527800.842	34	306
dpca7g527810.842	34	307
dpca7g527820.842	34	308
dpca7g527830.842	34	309
dpca7g527880.842	34	310
dpca7g527890.842	34	311
dpca7g527910.842	34	312
dpca7g527970.842	34	313
dpca7g527990.842	34	314
dpca7g528010.842	34	315
dpca7g528040.842	34	316
dpca7g528050.842	34	317
dpca7g528070.842	34	318
dpca7g528100.842	34	319
dpca7g528110.842	34	320
dpca7g528120.842	34	321
dpca7g528130.842	34	322
dpca7g528140.842	34	323
dpca7g528150.842	34	324
dpca7g528160.842	34	325
dpca7g528170.842	34	326
dpca7g528190.842	34	327
dpca7g528200.842	34	328
dpca7g528210.842	34	329
dpca7g528220.842	34	330
dpca7g528300.842	34	331
dpca7g528310.842	34	332
dpca7g528320.842	34	333
dpca7g528340.842	34	334
dpca7g528360.842	34	335
dpca7g528380.842	34	336
dpca7g528400.842	34	337
dpca7g528420.842	34	338
dpca7g528450.842	34	339
dpca7g528460.842	34	340
dpca7g528490.842	34	341
dpca7g528510.842	34	342
dpca7g528520.842	34	343
dpca7g528530.842	34	344
dpca7g528540.842	34	345
dpca7g528550.842	34	346
dpca7g528590.842	34	347
dpca7g528610.842	34	348
dpca7g528640.842	34	349
dpca7g528690.842	34	350
dpca7g528700.842	34	351
dpca7g528720.842	34	352
dpca7g528730.842	34	353
dpca7g528760.842	34	354
dpca7g528780.842	34	355
dpca7g528790.842	34	356
dpca7g528800.842	34	357
dpca7g528820.842	34	358
dpca7g528870.842	34	359
dpca7g528880.842	34	360
dpca7g528950.842	34	361
dpca7g528960.842	34	362
dpca7g529020.842	34	363
dpca7g529040.842	34	364
dpca7g529050.842	34	365
dpca7g529060.842	34	366
dpca7g529070.842	34	367
dpca7g529080.842	34	368
dpca7g529090.842	34	369
dpca7g529100.842	34	370
dpca7g529120.842	34	371
dpca7g529130.842	34	372
dpca7g529150.842	34	373
dpca7g529160.842	34	374
dpca7g529170.842	34	375
dpca7g529180.842	34	376
dpca7g529190.842	34	377
dpca7g529210.842	34	378
dpca7g529230.842	34	379
dpca7g529240.842	34	380
dpca7g529250.842	34	381
dpca7g529260.842	34	382
dpca7g529270.842	34	383
dpca7g529280.842	34	384
dpca7g529290.842	34	385
dpca7g529300.842	34	386
dpca7g529310.842	34	387
dpca7g529340.842	34	388
dpca7g529350.842	34	389
dpca7g529380.842	34	390
dpca7g529400.842	34	391
dpca7g529440.842	34	392
dpca7g529450.842	34	393
dpca7g529460.842	34	394
dpca7g529470.842	34	395
dpca7g529480.842	34	396
dpca7g529490.842	34	397
dpca7g529500.842	34	398
dpca7g529510.842	34	399
dpca7g529560.842	34	400
dpca7g529580.842	34	401
dpca7g529590.842	34	402
dpca7g529600.842	34	403
dpca7g529610.842	34	404
dpca7g529620.842	34	405
dpca7g529630.842	34	406
dpca7g529640.842	34	407
dpca7g529650.842	34	408
dpca7g529660.842	34	409
dpca7g529670.842	34	410
dpca7g529690.842	34	411
dpca7g529700.842	34	412
dpca7g529720.842	34	413
dpca7g529730.842	34	414
dpca7g529770.842	34	415
dpca7g529790.842	34	416
dpca7g529800.842	34	417
dpca7g529830.842	34	418
dpca7g529860.842	34	419
dpca7g529870.842	34	420
dpca7g529880.842	34	421
dpca7g529890.842	34	422
dpca7g529900.842	34	423
dpca7g529930.842	34	424
dpca7g529940.842	34	425
dpca7g529950.842	34	426
dpca7g529960.842	34	427
dpca7g529970.842	34	428
dpca7g529980.842	34	429
dpca7g530000.842	34	430
dpca7g530030.842	34	431
dpca7g530040.842	34	432
dpca7g530050.842	34	433
dpca7g530070.842	34	434
dpca7g530080.842	34	435
dpca7g530120.842	34	436
dpca7g530160.842	34	437
dpca7g530170.842	34	438
dpca7g530180.842	34	439
dpca7g530190.842	34	440
dpca7g530200.842	34	441
dpca7g530210.842	34	442
dpca7g530220.842	34	443
dpca7g530240.842	34	444
dpca7g530270.842	34	445
dpca7g530290.842	34	446
dpca7g530330.842	34	447
dpca7g530370.842	34	448
dpca7g530380.842	34	449
dpca7g530450.842	34	450
dpca7g530500.842	34	451
dpca7g530530.842	34	452
dpca7g530550.842	34	453
dpca7g530560.842	34	454
dpca7g530570.842	34	455
dpca7g530590.842	34	456
dpca7g530620.842	34	457
dpca7g530630.842	34	458
dpca7g530650.842	34	459
dpca7g530670.842	34	460
dpca7g530680.842	34	461
dpca7g530710.842	34	462
dpca7g530720.842	34	463
dpca7g530760.842	34	464
dpca7g530770.842	34	465
dpca7g530780.842	34	466
dpca7g530790.842	34	467
dpca7g530800.842	34	468
dpca7g530810.842	34	469
dpca7g530820.842	34	470
dpca7g530830.842	34	471
dpca7g530840.842	34	472
dpca7g530880.842	34	473
dpca7g530910.842	34	474
dpca7g530920.842	34	475
dpca7g530930.842	34	476
dpca7g530950.842	34	477
dpca7g530960.842	34	478
dpca7g531000.842	34	479
dpca7g531010.842	34	480
dpca7g531030.842	34	481
dpca7g531050.842	34	482
dpca7g531060.842	34	483
dpca7g531080.842	34	484
dpca7g531090.842	34	485
dpca7g531100.842	34	486
dpca7g531120.842	34	487
dpca7g531130.842	34	488
dpca7g531150.842	34	489
dpca7g531170.842	34	490
dpca7g531180.842	34	491
dpca7g531190.842	34	492
dpca7g531210.842	34	493
dpca7g531220.842	34	494
dpca7g531240.842	34	495
dpca7g531250.842	34	496
dpca7g531310.842	34	497
dpca7g531330.842	34	498
dpca7g531360.842	34	499
dpca7g531380.842	34	500
dpca7g531390.842	34	501
dpca7g531400.842	34	502
dpca7g531410.842	34	503
dpca7g531420.842	34	504
dpca7g531440.842	34	505
dpca7g531450.842	34	506
dpca7g531460.842	34	507
dpca7g531510.842	34	508
dpca7g531520.842	34	509
dpca7g531570.842	34	510
dpca7g531590.842	34	511
dpca7g531600.842	34	512
dpca7g531620.842	34	513
dpca7g531640.842	34	514
dpca7g531660.842	34	515
dpca7g531670.842	34	516
dpca7g531690.842	34	517
dpca7g531700.842	34	518
dpca7g531710.842	34	519
dpca7g531730.842	34	520
dpca7g531740.842	34	521
dpca7g531800.842	34	522
dpca7g531810.842	34	523
dpca7g531820.842	34	524
dpca7g531850.842	34	525
dpca7g531890.842	34	526
dpca7g531920.842	34	527
dpca7g531940.842	34	528
dpca7g531960.842	34	529
dpca7g532000.842	34	530
dpca7g532010.842	34	531
dpca7g532020.842	34	532
dpca7g532030.842	34	533
dpca7g532040.842	34	534
dpca7g532080.842	34	535
dpca7g532100.842	34	536
dpca7g532130.842	34	537
dpca7g532140.842	34	538
dpca7g532150.842	34	539
dpca7g532170.842	34	540
dpca7g532190.842	34	541
dpca7g532210.842	34	542
dpca7g532220.842	34	543
dpca7g532230.842	34	544
dpca7g532240.842	34	545
dpca7g532250.842	34	546
dpca7g532270.842	34	547
dpca7g532300.842	34	548
dpca7g532310.842	34	549
dpca7g532320.842	34	550
dpca7g532330.842	34	551
dpca7g532340.842	34	552
dpca7g532370.842	34	553
dpca7g532380.842	34	554
dpca7g532400.842	34	555
dpca7g532410.842	34	556
dpca7g532420.842	34	557
dpca7g532430.842	34	558
dpca7g532470.842	34	559
dpca7g532500.842	34	560
dpca7g532550.842	34	561
dpca7g532560.842	34	562
dpca7g532570.842	34	563
dpca7g532580.842	34	564
dpca7g532600.842	34	565
dpca7g532620.842	34	566
dpca7g532650.842	34	567
dpca7g532660.842	34	568
dpca7g532700.842	34	569
dpca7g532720.842	34	570
dpca7g532730.842	34	571
dpca7g532740.842	34	572
dpca7g532760.842	34	573
dpca7g532770.842	34	574
dpca7g532780.842	34	575
dpca7g532810.842	34	576
dpca7g532830.842	34	577
dpca7g532840.842	34	578
dpca7g532880.842	34	579
dpca7g532890.842	34	580
dpca7g532900.842	34	581
dpca7g532920.842	34	582
dpca7g532940.842	34	583
dpca7g532950.842	34	584
dpca7g532970.842	34	585
dpca7g532980.842	34	586
dpca7g533010.842	34	587
dpca7g533040.842	34	588
dpca7g533060.842	34	589
dpca7g533070.842	34	590
dpca7g533080.842	34	591
dpca7g533100.842	34	592
dpca7g533110.842	34	593
dpca7g533140.842	34	594
dpca7g533150.842	34	595
dpca7g533160.842	34	596
dpca7g533170.842	34	597
dpca7g533180.842	34	598
dpca7g533190.842	34	599
dpca7g533210.842	34	600
dpca7g533220.842	34	601
dpca7g533230.842	34	602
dpca7g533240.842	34	603
dpca7g533250.842	34	604
dpca7g533260.842	34	605
dpca7g533270.842	34	606
dpca7g533290.842	34	607
dpca7g533300.842	34	608
dpca7g533320.842	34	609
dpca7g533330.842	34	610
dpca7g533350.842	34	611
dpca7g533360.842	34	612
dpca7g533370.842	34	613
dpca7g533380.842	34	614
dpca7g533390.842	34	615
dpca7g533400.842	34	616
dpca7g533410.842	34	617
dpca7g533420.842	34	618
dpca7g533440.842	34	619
dpca7g533450.842	34	620
dpca7g533470.842	34	621
dpca7g533490.842	34	622
dpca7g533500.842	34	623
dpca7g533530.842	34	624
dpca7g533560.842	34	625
dpca7g533570.842	34	626
dpca7g533590.842	34	627
dpca7g533700.842	34	628
dpca7g533710.842	34	629
dpca7g533740.842	34	630
dpca7g533780.842	34	631
dpca7g533790.842	34	632
dpca7g533800.842	34	633
dpca7g533820.842	34	634
dpca7g533840.842	34	635
dpca7g533850.842	34	636
dpca7g533860.842	34	637
dpca7g533870.842	34	638
dpca7g533880.842	34	639
dpca7g533890.842	34	640
dpca7g533900.842	34	641
dpca7g533910.842	34	642
dpca7g533920.842	34	643
dpca7g534020.842	34	644
dpca7g534030.842	34	645
dpca7g534040.842	34	646
dpca7g534050.842	34	647
dpca7g534060.842	34	648
dpca7g534080.842	34	649
dpca7g534090.842	34	650
dpca7g534100.842	34	651
dpca7g534110.842	34	652
dpca7g534130.842	34	653
dpca7g534170.842	34	654
dpca7g534190.842	34	655
dpca7g534200.842	34	656
dpca7g534210.842	34	657
dpca7g534220.842	34	658
dpca7g534270.842	34	659
dpca7g534280.842	34	660
dpca7g534290.842	34	661
dpca7g534310.842	34	662
dpca7g534320.842	34	663
dpca7g534330.842	34	664
dpca7g534350.842	34	665
dpca7g534380.842	34	666
dpca7g534390.842	34	667
dpca7g534420.842	34	668
dpca7g534450.842	34	669
dpca7g534460.842	34	670
dpca7g534470.842	34	671
dpca7g534480.842	34	672
dpca7g534490.842	34	673
dpca7g534530.842	34	674
dpca7g534570.842	34	675
dpca7g534600.842	34	676
dpca7g534630.842	34	677
dpca7g534640.842	34	678
dpca7g534670.842	34	679
dpca7g534680.842	34	680
dpca7g534690.842	34	681
dpca7g534730.842	34	682
dpca7g534740.842	34	683
dpca7g534750.842	34	684
dpca7g534770.842	34	685
dpca7g534780.842	34	686
dpca7g534800.842	34	687
dpca7g534810.842	34	688
dpca7g534820.842	34	689
dpca7g534860.842	34	690
dpca7g534870.842	34	691
dpca7g534890.842	34	692
dpca7g534920.842	34	693
dpca7g534930.842	34	694
dpca7g534940.842	34	695
dpca7g534990.842	34	696
dpca7g535000.842	34	697
dpca7g535010.842	34	698
dpca7g535060.842	34	699
dpca7g535070.842	34	700
dpca7g535110.842	34	701
dpca7g535120.842	34	702
dpca7g535130.842	34	703
dpca7g535150.842	34	704
dpca7g535160.842	34	705
dpca7g535170.842	34	706
dpca7g535180.842	34	707
dpca7g535210.842	34	708
dpca7g535220.842	34	709
dpca7g535240.842	34	710
dpca7g535250.842	34	711
dpca7g535270.842	34	712
dpca7g535280.842	34	713
dpca7g535300.842	34	714
dpca7g535310.842	34	715
dpca7g535320.842	34	716
dpca7g535330.842	34	717
dpca7g535340.842	34	718
dpca7g535400.842	34	719
dpca7g535410.842	34	720
dpca7g535420.842	34	721
dpca7g535430.842	34	722
dpca7g535450.842	34	723
dpca7g535460.842	34	724
dpca7g535480.842	34	725
dpca7g535500.842	34	726
dpca7g535510.842	34	727
dpca7g535540.842	34	728
dpca7g535550.842	34	729
dpca7g535560.842	34	730
dpca7g535590.842	34	731
dpca7g535600.842	34	732
dpca7g535610.842	34	733
dpca7g535620.842	34	734
dpca7g535630.842	34	735
dpca7g535640.842	34	736
dpca7g535650.842	34	737
dpca7g535660.842	34	738
dpca7g535670.842	34	739
dpca7g535700.842	34	740
dpca7g535710.842	34	741
dpca7g535720.842	34	742
dpca7g535740.842	34	743
dpca7g535750.842	34	744
dpca7g535760.842	34	745
dpca7g535770.842	34	746
dpca7g535780.842	34	747
dpca7g535790.842	34	748
dpca7g535800.842	34	749
dpca7g535810.842	34	750
dpca7g535820.842	34	751
dpca7g535860.842	34	752
dpca7g535880.842	34	753
dpca7g535900.842	34	754
dpca7g535910.842	34	755
dpca7g535930.842	34	756
dpca7g535940.842	34	757
dpca7g535970.842	34	758
dpca7g535980.842	34	759
dpca7g535990.842	34	760
dpca7g536000.842	34	761
dpca7g536010.842	34	762
dpca7g536020.842	34	763
dpca7g536040.842	34	764
dpca7g536060.842	34	765
dpca7g536080.842	34	766
dpca7g536090.842	34	767
dpca7g536100.842	34	768
dpca7g536130.842	34	769
dpca7g536140.842	34	770
dpca7g536160.842	34	771
dpca7g536170.842	34	772
dpca7g536180.842	34	773
dpca7g536190.842	34	774
dpca7g536200.842	34	775
dpca7g536210.842	34	776
dpca7g536230.842	34	777
dpca7g536240.842	34	778
dpca7g536250.842	34	779
dpca7g536290.842	34	780
dpca7g536300.842	34	781
dpca7g536310.842	34	782
dpca7g536330.842	34	783
dpca7g536340.842	34	784
dpca7g536350.842	34	785
dpca7g536360.842	34	786
dpca7g536400.842	34	787
dpca7g536430.842	34	788
dpca7g536480.842	34	789
dpca7g536500.842	34	790
dpca7g536520.842	34	791
dpca7g536530.842	34	792
dpca7g536540.842	34	793
dpca7g536550.842	34	794
dpca7g536560.842	34	795
dpca7g536570.842	34	796
dpca7g536580.842	34	797
dpca7g536590.842	34	798
dpca7g536600.842	34	799
dpca7g536610.842	34	800
dpca7g536620.842	34	801
dpca7g536630.842	34	802
dpca7g536640.842	34	803
dpca7g536650.842	34	804
dpca7g536660.842	34	805
dpca7g536680.842	34	806
dpca7g536700.842	34	807
dpca7g536710.842	34	808
dpca7g536730.842	34	809
dpca7g536740.842	34	810
dpca7g536750.842	34	811
dpca7g536760.842	34	812
dpca7g536780.842	34	813
dpca7g536790.842	34	814
dpca7g536800.842	34	815
dpca7g536820.842	34	816
dpca7g536830.842	34	817
dpca7g536850.842	34	818
dpca7g536860.842	34	819
dpca7g536870.842	34	820
dpca7g536900.842	34	821
dpca7g536910.842	34	822
dpca7g536930.842	34	823
dpca7g536940.842	34	824
dpca7g536960.842	34	825
dpca7g536970.842	34	826
dpca7g537000.842	34	827
dpca7g537010.842	34	828
dpca7g537020.842	34	829
dpca7g537030.842	34	830
dpca7g537040.842	34	831
dpca7g537050.842	34	832
dpca7g537070.842	34	833
dpca7g537120.842	34	834
dpca7g537130.842	34	835
dpca7g537190.842	34	836
dpca7g537260.842	34	837
dpca7g537270.842	34	838
dpca7g537340.842	34	839
dpca7g537390.842	34	840
dpca7g537400.842	34	841
dpca7g537410.842	34	842
dpca7g537430.842	34	843
dpca7g537440.842	34	844
dpca7g537450.842	34	845
dpca7g537460.842	34	846
dpca7g537470.842	34	847
dpca7g537490.842	34	848
dpca7g537520.842	34	849
dpca7g537560.842	34	850
dpca7g537600.842	34	851
dpca7g537610.842	34	852
dpca7g537640.842	34	853
dpca7g537650.842	34	854
dpca7g537660.842	34	855
dpca7g537670.842	34	856
dpca7g537680.842	34	857
dpca7g537700.842	34	858
dpca7g537710.842	34	859
dpca7g537720.842	34	860
dpca7g537730.842	34	861
dpca7g537760.842	34	862
dpca7g537770.842	34	863
dpca7g537780.842	34	864
dpca7g537790.842	34	865
dpca7g537800.842	34	866
dpca7g537810.842	34	867
dpca7g537820.842	34	868
dpca7g537840.842	34	869
dpca7g537860.842	34	870
dpca7g537870.842	34	871
dpca7g537890.842	34	872
dpca7g537900.842	34	873
dpca7g537910.842	34	874
dpca7g537920.842	34	875
dpca7g537930.842	34	876
dpca7g537940.842	34	877
dpca7g537950.842	34	878
dpca7g537960.842	34	879
dpca7g538000.842	34	880
dpca7g538010.842	34	881
dpca7g538020.842	34	882
dpca7g538030.842	34	883
dpca7g538040.842	34	884
dpca7g538070.842	34	885
dpca7g538100.842	34	886
dpca7g538140.842	34	887
dpca7g538150.842	34	888
dpca7g538160.842	34	889
dpca7g538170.842	34	890
dpca7g538180.842	34	891
dpca7g538190.842	34	892
dpca7g538200.842	34	893
dpca7g538220.842	34	894
dpca7g538230.842	34	895
dpca7g538240.842	34	896
dpca7g538280.842	34	897
dpca7g538310.842	34	898
dpca7g538340.842	34	899
dpca7g538370.842	34	900
dpca7g538380.842	34	901
dpca7g538390.842	34	902
dpca7g538400.842	34	903
dpca7g538420.842	34	904
dpca7g538430.842	34	905
dpca7g538440.842	34	906
dpca7g538450.842	34	907
dpca7g538480.842	34	908
dpca7g538490.842	34	909
dpca7g538500.842	34	910
dpca7g538510.842	34	911
dpca7g538540.842	34	912
dpca7g538550.842	34	913
dpca7g538560.842	34	914
dpca7g538570.842	34	915
dpca7g538580.842	34	916
dpca7g538590.842	34	917
dpca7g538600.842	34	918
dpca7g538610.842	34	919
dpca7g538630.842	34	920
dpca7g538670.842	34	921
dpca7g538680.842	34	922
dpca7g538700.842	34	923
dpca7g538710.842	34	924
dpca7g538730.842	34	925
dpca7g538760.842	34	926
dpca7g538770.842	34	927
dpca7g538780.842	34	928
dpca7g538790.842	34	929
dpca7g538840.842	34	930
dpca7g538860.842	34	931
dpca7g538870.842	34	932
dpca7g538890.842	34	933
dpca7g538900.842	34	934
dpca7g538910.842	34	935
dpca7g538920.842	34	936
dpca7g538930.842	34	937
dpca7g538950.842	34	938
dpca7g538960.842	34	939
dpca7g538970.842	34	940
dpca7g538980.842	34	941
dpca7g538990.842	34	942
dpca7g539000.842	34	943
dpca7g539010.842	34	944
dpca7g539030.842	34	945
dpca7g539040.842	34	946
dpca7g539090.842	34	947
dpca7g539100.842	34	948
dpca7g539110.842	34	949
dpca7g539130.842	34	950
dpca7g539140.842	34	951
dpca7g539170.842	34	952
dpca7g539190.842	34	953
dpca7g539210.842	34	954
dpca7g539220.842	34	955
dpca7g539260.842	34	956
dpca7g539320.842	34	957
dpca7g539330.842	34	958
dpca7g539340.842	34	959
dpca7g539350.842	34	960
dpca7g539360.842	34	961
dpca7g539380.842	34	962
dpca7g539400.842	34	963
dpca7g539410.842	34	964
dpca7g539420.842	34	965
dpca7g539430.842	34	966
dpca7g539450.842	34	967
dpca7g539460.842	34	968
dpca7g539470.842	34	969
dpca7g539500.842	34	970
dpca7g539510.842	34	971
dpca7g539520.842	34	972
dpca7g539530.842	34	973
dpca7g539550.842	34	974
dpca7g539570.842	34	975
dpca7g539600.842	34	976
dpca7g539680.842	34	977
dpca7g539690.842	34	978
dpca7g539700.842	34	979
dpca7g539710.842	34	980
dpca7g539720.842	34	981
dpca7g539730.842	34	982
dpca7g539740.842	34	983
dpca7g539750.842	34	984
dpca7g539760.842	34	985
dpca7g539790.842	34	986
dpca7g539800.842	34	987
dpca7g539830.842	34	988
dpca7g539840.842	34	989
dpca7g539850.842	34	990
dpca7g539860.842	34	991
dpca7g539870.842	34	992
dpca7g539910.842	34	993
dpca7g539930.842	34	994
dpca7g539960.842	34	995
dpca7g540000.842	34	996
dpca7g540040.842	34	997
dpca7g540050.842	34	998
dpca7g540070.842	34	999
dpca7g540100.842	34	1000
dpca7g540110.842	34	1001
dpca7g540160.842	34	1002
dpca7g540190.842	34	1003
dpca7g540200.842	34	1004
dpca7g540210.842	34	1005
dpca7g540230.842	34	1006
dpca7g540250.842	34	1007
dpca7g540260.842	34	1008
dpca7g540300.842	34	1009
dpca7g540420.842	34	1010
dpca7g540440.842	34	1011
dpca7g540470.842	34	1012
dpca7g540480.842	34	1013
dpca7g540510.842	34	1014
dpca7g540520.842	34	1015
dpca7g540530.842	34	1016
dpca7g540540.842	34	1017
dpca7g540550.842	34	1018
dpca7g540560.842	34	1019
dpca7g540570.842	34	1020
dpca7g540620.842	34	1021
dpca7g540640.842	34	1022
dpca7g540660.842	34	1023
dpca7g540680.842	35	0
dpca7g540690.842	35	1
dpca7g540710.842	35	2
dpca7g540720.842	35	3
dpca7g540760.842	35	4
dpca7g540770.842	35	5
dpca7g540790.842	35	6
dpca7g540860.842	35	7
dpca7g540890.842	35	8
dpca7g540900.842	35	9
dpca7g541030.842	35	10
dpca7g541060.842	35	11
dpca7g541070.842	35	12
dpca7g541090.842	35	13
dpca7g541100.842	35	14
dpca7g541110.842	35	15
dpca7g541120.842	35	16
dpca7g541130.842	35	17
dpca7g541140.842	35	18
dpca7g541150.842	35	19
dpca7g541160.842	35	20
dpca7g541200.842	35	21
dpca7g541210.842	35	22
dpca7g541220.842	35	23
dpca7g541230.842	35	24
dpca7g541250.842	35	25
dpca7g541260.842	35	26
dpca7g541270.842	35	27
dpca7g541290.842	35	28
dpca7g541300.842	35	29
dpca7g541310.842	35	30
dpca7g541320.842	35	31
dpca7g541340.842	35	32
dpca7g541350.842	35	33
dpca7g541360.842	35	34
dpca7g541370.842	35	35
dpca7g541380.842	35	36
dpca7g541390.842	35	37
dpca7g541400.842	35	38
dpca7g541470.842	35	39
dpca7g541480.842	35	40
dpca7g541490.842	35	41
dpca7g541500.842	35	42
dpca7g541520.842	35	43
dpca7g541530.842	35	44
dpca7g541540.842	35	45
dpca7g541550.842	35	46
dpca7g541560.842	35	47
dpca7g541570.842	35	48
dpca7g541590.842	35	49
dpca7g541600.842	35	50
dpca7g541620.842	35	51
dpca7g541630.842	35	52
dpca7g541640.842	35	53
dpca7g541670.842	35	54
dpca7g541680.842	35	55
dpca7g541690.842	35	56
dpca7g541710.842	35	57
dpca7g541720.842	35	58
dpca7g541730.842	35	59
dpca7g541750.842	35	60
dpca7g541760.842	35	61
dpca7g541770.842	35	62
dpca7g541780.842	35	63
dpca7g541790.842	35	64
dpca7g541820.842	35	65
dpca7g541830.842	35	66
dpca7g541860.842	35	67
dpca7g541870.842	35	68
dpca7g541880.842	35	69
dpca7g541890.842	35	70
dpca7g541930.842	35	71
dpca7g541940.842	35	72
dpca7g541950.842	35	73
dpca7g541960.842	35	74
dpca7g541990.842	35	75
dpca7g542000.842	35	76
dpca7g542010.842	35	77
dpca7g542020.842	35	78
dpca7g542030.842	35	79
dpca7g542050.842	35	80
dpca7g542060.842	35	81
dpca7g542070.842	35	82
dpca7g542090.842	35	83
dpca7g542100.842	35	84
dpca7g542150.842	35	85
dpca7g542160.842	35	86
dpca7g542200.842	35	87
dpca7g542220.842	35	88
dpca7g542230.842	35	89
dpca7g542270.842	35	90
dpca7g542290.842	35	91
dpca7g542400.842	35	92
dpca7g542410.842	35	93
dpca7g542420.842	35	94
dpca7g542430.842	35	95
dpca7g542440.842	35	96
dpca7g542450.842	35	97
dpca7g542500.842	35	98
dpca7g542530.842	35	99
dpca7g542600.842	35	100
dpca7g542610.842	35	101
dpca7g542620.842	35	102
dpca7g542660.842	35	103
dpca7g542670.842	35	104
dpca7g542680.842	35	105
dpca7g542690.842	35	106
dpca7g542710.842	35	107
dpca7g542730.842	35	108
dpca7g542780.842	35	109
dpca7g542790.842	35	110
dpca7g542800.842	35	111
dpca7g542810.842	35	112
dpca7g542820.842	35	113
dpca7g542830.842	35	114
dpca7g542840.842	35	115
dpca7g542870.842	35	116
dpca7g542880.842	35	117
dpca7g542890.842	35	118
dpca7g542940.842	35	119
dpca7g542960.842	35	120
dpca7g542970.842	35	121
dpca7g542980.842	35	122
dpca7g543000.842	35	123
dpca7g543010.842	35	124
dpca7g543030.842	35	125
dpca7g543040.842	35	126
dpca7g543090.842	35	127
dpca7g543110.842	35	128
dpca7g543120.842	35	129
dpca7g543170.842	35	130
dpca7g543200.842	35	131
dpca7g543260.842	35	132
dpca7g543280.842	35	133
dpca7g543290.842	35	134
dpca7g543330.842	35	135
dpca7g543370.842	35	136
dpca7g543420.842	35	137
dpca7g543430.842	35	138
dpca7g543440.842	35	139
dpca7g543450.842	35	140
dpca7g543460.842	35	141
dpca7g543480.842	35	142
dpca7g543510.842	35	143
dpca7g543520.842	35	144
dpca7g543530.842	35	145
dpca7g543540.842	35	146
dpca7g543570.842	35	147
dpca7g543610.842	35	148
dpca7g543620.842	35	149
dpca7g543630.842	35	150
dpca7g543640.842	35	151
dpca7g543660.842	35	152
dpca7g543670.842	35	153
dpca7g543680.842	35	154
dpca7g543720.842	35	155
dpca7g543740.842	35	156
dpca7g543750.842	35	157
dpca7g543760.842	35	158
dpca7g543770.842	35	159
dpca7g543830.842	35	160
dpca7g543850.842	35	161
dpca7g543860.842	35	162
dpca7g543870.842	35	163
dpca7g543880.842	35	164
dpca7g543910.842	35	165
dpca7g544010.842	35	166
dpca7g544020.842	35	167
dpca7g544090.842	35	168
dpca7g544100.842	35	169
dpca7g544140.842	35	170
dpca7g544160.842	35	171
dpca7g544200.842	35	172
dpca7g544280.842	35	173
dpca7g544290.842	35	174
dpca7g544310.842	35	175
dpca7g544340.842	35	176
dpca7g544380.842	35	177
dpca7g544390.842	35	178
dpca7g544420.842	35	179
dpca7g544450.842	35	180
dpca7g544480.842	35	181
dpca7g544500.842	35	182
dpca7g544570.842	35	183
dpca7g544580.842	35	184
dpca7g544600.842	35	185
dpca7g544610.842	35	186
dpca7g544620.842	35	187
dpca7g544650.842	35	188
dpca7g544670.842	35	189
dpca7g544690.842	35	190
dpca7g544700.842	35	191
dpca7g544730.842	35	192
dpca7g544740.842	35	193
dpca7g544750.842	35	194
dpca7g544760.842	35	195
dpca7g544770.842	35	196
dpca7g544790.842	35	197
dpca7g544820.842	35	198
dpca7g544860.842	35	199
dpca7g544920.842	35	200
dpca7g544940.842	35	201
dpca7g544950.842	35	202
dpca7g544960.842	35	203
dpca7g544970.842	35	204
dpca7g544990.842	35	205
dpca7g545000.842	35	206
dpca7g545030.842	35	207
dpca7g545040.842	35	208
dpca7g545080.842	35	209
dpca7g545100.842	35	210
dpca7g545110.842	35	211
dpca7g545120.842	35	212
dpca7g545170.842	35	213
dpca7g545230.842	35	214
dpca7g545260.842	35	215
dpca7g545300.842	35	216
dpca7g545340.842	35	217
dpca7g545350.842	35	218
dpca7g545360.842	35	219
dpca7g545370.842	35	220
dpca7g545400.842	35	221
dpca7g545410.842	35	222
dpca7g545440.842	35	223
dpca7g545450.842	35	224
dpca7g545470.842	35	225
dpca7g545520.842	35	226
dpca7g545570.842	35	227
dpca7g545600.842	35	228
dpca7g545610.842	35	229
dpca7g545640.842	35	230
dpca7g545650.842	35	231
dpca7g545660.842	35	232
dpca7g545690.842	35	233
dpca7g545710.842	35	234
dpca7g545730.842	35	235
dpca7g545780.842	35	236
dpca7g545790.842	35	237
dpca7g545800.842	35	238
dpca7g545810.842	35	239
dpca7g545840.842	35	240
dpca7g545890.842	35	241
dpca7g545900.842	35	242
dpca7g545960.842	35	243
dpca7g545970.842	35	244
dpca7g545980.842	35	245
dpca7g545990.842	35	246
dpca7g546000.842	35	247
dpca7g546010.842	35	248
dpca7g546020.842	35	249
dpca7g546030.842	35	250
dpca7g546080.842	35	251
dpca7g546130.842	35	252
dpca7g546150.842	35	253
dpca7g546160.842	35	254
dpca7g546180.842	35	255
dpca7g546190.842	35	256
dpca7g546200.842	35	257
dpca7g546220.842	35	258
dpca7g546250.842	35	259
dpca7g546270.842	35	260
dpca7g546280.842	35	261
dpca7g546290.842	35	262
dpca7g546330.842	35	263
dpca7g546340.842	35	264
dpca7g546350.842	35	265
dpca7g546370.842	35	266
dpca7g546380.842	35	267
dpca7g546390.842	35	268
dpca7g546400.842	35	269
dpca7g546420.842	35	270
dpca7g546450.842	35	271
dpca7g546480.842	35	272
dpca7g546490.842	35	273
dpca7g546500.842	35	274
dpca7g546520.842	35	275
dpca7g546530.842	35	276
dpca7g546560.842	35	277
dpca7g546610.842	35	278
dpca7g546640.842	35	279
dpca7g546650.842	35	280
dpca7g546660.842	35	281
dpca7g546680.842	35	282
dpca7g546720.842	35	283
dpca7g546730.842	35	284
dpca7g546750.842	35	285
dpca7g546760.842	35	286
dpca7g546820.842	35	287
dpca7g546830.842	35	288
dpca7g546840.842	35	289
dpca7g546850.842	35	290
dpca7g546860.842	35	291
dpca7g546870.842	35	292
dpca7g546890.842	35	293
dpca7g546900.842	35	294
dpca7g546910.842	35	295
dpca7g546930.842	35	296
dpca7g546950.842	35	297
dpca7g547020.842	35	298
dpca7g547030.842	35	299
dpca7g547060.842	35	300
dpca7g547080.842	35	301
dpca7g547110.842	35	302
dpca7g547130.842	35	303
dpca7g547140.842	35	304
dpca7g547190.842	35	305
dpca7g547200.842	35	306
dpca7g547230.842	35	307
dpca7g547240.842	35	308
dpca7g547250.842	35	309
dpca7g547260.842	35	310
dpca7g547280.842	35	311
dpca7g547320.842	35	312
dpca7g547340.842	35	313
dpca7g547350.842	35	314
dpca7g547370.842	35	315
dpca7g547380.842	35	316
dpca7g547400.842	35	317
dpca7g547410.842	35	318
dpca7g547420.842	35	319
dpca7g547430.842	35	320
dpca7g547490.842	35	321
dpca7g547510.842	35	322
dpca7g547520.842	35	323
dpca7g547550.842	35	324
dpca7g547560.842	35	325
dpca7g547600.842	35	326
dpca7g547650.842	35	327
dpca7g547680.842	35	328
dpca7g547690.842	35	329
dpca7g547700.842	35	330
dpca7g547710.842	35	331
dpca7g547730.842	35	332
dpca7g547760.842	35	333
dpca7g547800.842	35	334
dpca7g547850.842	35	335
dpca7g547860.842	35	336
dpca7g547870.842	35	337
dpca7g547880.842	35	338
dpca7g547890.842	35	339
dpca7g547910.842	35	340
dpca7g547930.842	35	341
dpca7g547940.842	35	342
dpca7g547950.842	35	343
dpca7g547970.842	35	344
dpca7g548000.842	35	345
dpca7g548010.842	35	346
dpca7g548020.842	35	347
dpca7g548060.842	35	348
dpca7g548070.842	35	349
dpca7g548080.842	35	350
dpca7g548090.842	35	351
dpca7g548120.842	35	352
dpca7g548130.842	35	353
dpca7g548250.842	35	354
dpca7g548260.842	35	355
dpca7g548320.842	35	356
dpca7g548330.842	35	357
dpca7g548360.842	35	358
dpca7g548370.842	35	359
dpca7g548390.842	35	360
dpca7g548420.842	35	361
dpca7g548480.842	35	362
dpca7g548500.842	35	363
dpca7g548520.842	35	364
dpca7g548530.842	35	365
dpca7g548540.842	35	366
dpca7g548550.842	35	367
dpca7g548580.842	35	368
dpca7g548590.842	35	369
dpca7g548630.842	35	370
dpca7g548740.842	35	371
dpca7g548750.842	35	372
dpca7g548770.842	35	373
dpca7g548780.842	35	374
dpca7g548840.842	35	375
dpca7g548860.842	35	376
dpca7g548870.842	35	377
dpca7g548900.842	35	378
dpca7g548950.842	35	379
dpca7g548960.842	35	380
dpca7g548990.842	35	381
dpca7g549030.842	35	382
dpca7g549040.842	35	383
dpca7g549050.842	35	384
dpca7g549080.842	35	385
dpca7g549090.842	35	386
dpca7g549100.842	35	387
dpca7g549180.842	35	388
dpca7g549220.842	35	389
dpca7g549240.842	35	390
dpca7g549250.842	35	391
dpca7g549290.842	35	392
dpca7g549300.842	35	393
dpca7g549320.842	35	394
dpca7g549330.842	35	395
dpca7g549400.842	35	396
dpca7g549410.842	35	397
dpca7g549430.842	35	398
dpca7g549440.842	35	399
dpca7g549450.842	35	400
dpca7g549490.842	35	401
dpca7g549560.842	35	402
dpca7g549600.842	35	403
dpca7g549640.842	35	404
dpca7g549670.842	35	405
dpca7g549700.842	35	406
dpca7g549710.842	35	407
dpca7g549780.842	35	408
dpca7g549840.842	35	409
dpca7g549860.842	35	410
dpca7g549870.842	35	411
dpca7g549880.842	35	412
dpca7g549890.842	35	413
dpca7g549930.842	35	414
dpca7g549940.842	35	415
dpca7g549960.842	35	416
dpca7g549990.842	35	417
dpca7g550040.842	35	418
dpca7g550060.842	35	419
dpca7g550110.842	35	420
dpca7g550130.842	35	421
dpca7g550160.842	35	422
dpca7g550180.842	35	423
dpca7g550190.842	35	424
dpca7g550230.842	35	425
dpca7g550240.842	35	426
dpca7g550270.842	35	427
dpca7g550280.842	35	428
dpca7g550290.842	35	429
dpca7g550320.842	35	430
dpca7g550330.842	35	431
dpca7g550360.842	35	432
dpca7g550390.842	35	433
dpca7g550410.842	35	434
dpca7g550430.842	35	435
dpca7g550450.842	35	436
dpca7g550460.842	35	437
dpca7g550470.842	35	438
dpca7g550480.842	35	439
dpca7g550550.842	35	440
dpca7g550600.842	35	441
dpca7g550620.842	35	442
dpca7g550710.842	35	443
dpca7g550720.842	35	444
dpca7g550730.842	35	445
dpca7g550740.842	35	446
dpca7g550760.842	35	447
dpca7g550790.842	35	448
dpca7g550810.842	35	449
dpca7g550840.842	35	450
dpca7g550850.842	35	451
dpca7g550870.842	35	452
dpca7g550920.842	35	453
dpca7g550970.842	35	454
dpca7g550980.842	35	455
dpca7g550990.842	35	456
dpca7g551000.842	35	457
dpca7g551010.842	35	458
dpca7g551030.842	35	459
dpca7g551100.842	35	460
dpca7g551110.842	35	461
dpca7g551140.842	35	462
dpca7g551150.842	35	463
dpca7g551160.842	35	464
dpca7g551170.842	35	465
dpca7g551180.842	35	466
dpca7g551200.842	35	467
dpca7g551230.842	35	468
dpca7g551300.842	35	469
dpca7g551310.842	35	470
dpca7g551320.842	35	471
dpca7g551330.842	35	472
dpca7g551360.842	35	473
dpca7g551410.842	35	474
dpca7g551420.842	35	475
dpca7g551450.842	35	476
dpca7g551460.842	35	477
dpca7g551470.842	35	478
dpca7g551480.842	35	479
dpca7g551490.842	35	480
dpca7g551500.842	35	481
dpca7g551510.842	35	482
dpca7g551520.842	35	483
dpca7g551530.842	35	484
dpca7g551550.842	35	485
dpca7g551580.842	35	486
dpca7g551610.842	35	487
dpca7g551640.842	35	488
dpca7g551650.842	35	489
dpca7g551670.842	35	490
dpca7g551680.842	35	491
dpca7g551690.842	35	492
dpca7g551700.842	35	493
dpca7g551710.842	35	494
dpca7g551720.842	35	495
dpca7g551730.842	35	496
dpca7g551760.842	35	497
dpca7g551770.842	35	498
dpca7g551780.842	35	499
dpca7g551790.842	35	500
dpca7g551800.842	35	501
dpca7g551820.842	35	502
dpca7g551830.842	35	503
dpca7g551870.842	35	504
dpca7g551880.842	35	505
dpca7g551890.842	35	506
dpca7g551910.842	35	507
dpca7g551920.842	35	508
dpca7g551940.842	35	509
dpca7g551950.842	35	510
dpca7g551980.842	35	511
dpca7g551990.842	35	512
dpca7g552060.842	35	513
dpca7g552090.842	35	514
dpca7g552120.842	35	515
dpca7g552130.842	35	516
dpca7g552140.842	35	517
dpca7g552150.842	35	518
dpca7g552160.842	35	519
dpca7g552180.842	35	520
dpca7g552190.842	35	521
dpca7g552230.842	35	522
dpca7g552240.842	35	523
dpca7g552250.842	35	524
dpca7g552280.842	35	525
dpca7g552290.842	35	526
dpca7g552300.842	35	527
dpca7g552320.842	35	528
dpca7g552340.842	35	529
dpca7g552350.842	35	530
dpca7g552360.842	35	531
dpca7g552370.842	35	532
dpca7g552380.842	35	533
dpca7g552400.842	35	534
dpca7g552420.842	35	535
dpca7g552430.842	35	536
dpca7g552440.842	35	537
dpca7g552460.842	35	538
dpca7g552490.842	35	539
dpca7g552520.842	35	540
dpca7g552550.842	35	541
dpca7g552560.842	35	542
dpca7g552580.842	35	543
dpca7g552600.842	35	544
dpca7g552610.842	35	545
dpca7g552630.842	35	546
dpca7g552650.842	35	547
dpca7g552680.842	35	548
dpca7g552690.842	35	549
dpca7g552700.842	35	550
dpca7g552730.842	35	551
dpca7g552740.842	35	552
dpca7g552750.842	35	553
dpca7g552770.842	35	554
dpca7g552780.842	35	555
dpca7g552790.842	35	556
dpca7g552800.842	35	557
dpca7g552820.842	35	558
dpca7g552830.842	35	559
dpca7g552860.842	35	560
dpca7g552870.842	35	561
dpca7g552920.842	35	562
dpca7g552930.842	35	563
dpca7g552960.842	35	564
dpca7g552970.842	35	565
dpca7g552980.842	35	566
dpca7g552990.842	35	567
dpca7g553010.842	35	568
dpca7g553030.842	35	569
dpca7g553050.842	35	570
dpca7g553060.842	35	571
dpca7g553070.842	35	572
dpca7g553130.842	35	573
dpca7g553140.842	35	574
dpca7g553150.842	35	575
dpca7g553160.842	35	576
dpca7g553170.842	35	577
dpca7g553180.842	35	578
dpca7g553200.842	35	579
dpca7g553230.842	35	580
dpca7g553240.842	35	581
dpca7g553250.842	35	582
dpca7g553270.842	35	583
dpca7g553280.842	35	584
dpca7g553290.842	35	585
dpca7g553300.842	35	586
dpca7g553310.842	35	587
dpca7g553320.842	35	588
dpca7g553340.842	35	589
dpca7g553350.842	35	590
dpca7g553360.842	35	591
dpca7g553380.842	35	592
dpca7g553390.842	35	593
dpca7g553400.842	35	594
dpca7g553420.842	35	595
dpca7g553430.842	35	596
dpca7g553440.842	35	597
dpca7g553460.842	35	598
dpca7g553470.842	35	599
dpca7g553500.842	35	600
dpca7g553510.842	35	601
dpca7g553550.842	35	602
dpca7g553570.842	35	603
dpca7g553580.842	35	604
dpca7g553590.842	35	605
dpca7g553600.842	35	606
dpca7g553610.842	35	607
dpca7g553620.842	35	608
dpca7g553630.842	35	609
dpca7g553640.842	35	610
dpca7g553650.842	35	611
dpca7g553660.842	35	612
dpca7g553670.842	35	613
dpca7g553680.842	35	614
dpca7g553700.842	35	615
dpca7g553710.842	35	616
dpca7g553720.842	35	617
dpca7g553730.842	35	618
dpca7g553740.842	35	619
dpca7g553750.842	35	620
dpca7g553760.842	35	621
dpca7g553770.842	35	622
dpca7g553790.842	35	623
dpca7g553810.842	35	624
dpca7g553820.842	35	625
dpca7g553830.842	35	626
dpca7g553860.842	35	627
dpca7g553870.842	35	628
dpca7g553880.842	35	629
dpca7g553900.842	35	630
dpca7g553950.842	35	631
dpca7g553960.842	35	632
dpca7g553970.842	35	633
dpca7g553980.842	35	634
dpca7g554000.842	35	635
dpca7g554030.842	35	636
dpca7g554050.842	35	637
dpca7g554060.842	35	638
dpca7g554080.842	35	639
dpca7g554110.842	35	640
dpca7g554120.842	35	641
dpca7g554140.842	35	642
dpca7g554200.842	35	643
dpca7g554210.842	35	644
dpca7g554220.842	35	645
dpca7g554230.842	35	646
dpca7g554240.842	35	647
dpca7g554290.842	35	648
dpca7g554300.842	35	649
dpca7g554310.842	35	650
dpca7g554340.842	35	651
dpca7g554350.842	35	652
dpca7g554400.842	35	653
dpca7g554410.842	35	654
dpca7g554420.842	35	655
dpca7g554470.842	35	656
dpca7g554480.842	35	657
dpca7g554490.842	35	658
dpca7g554510.842	35	659
dpca7g554530.842	35	660
dpca7g554550.842	35	661
dpca7g554560.842	35	662
dpca7g554570.842	35	663
dpca7g554610.842	35	664
dpca7g554620.842	35	665
dpca7g554630.842	35	666
dpca7g554650.842	35	667
dpca7g554660.842	35	668
dpca7g554670.842	35	669
dpca7g554680.842	35	670
dpca7g554690.842	35	671
dpca7g554700.842	35	672
dpca7g554710.842	35	673
dpca7g554730.842	35	674
dpca7g554750.842	35	675
dpca7g554760.842	35	676
dpca7g554780.842	35	677
dpca7g554800.842	35	678
dpca7g554810.842	35	679
dpca7g554820.842	35	680
dpca7g554830.842	35	681
dpca7g554840.842	35	682
dpca7g554850.842	35	683
dpca7g554940.842	35	684
dpca7g554950.842	35	685
dpca7g554970.842	35	686
dpca7g554990.842	35	687
dpca7g555000.842	35	688
dpca7g555020.842	35	689
dpca7g555030.842	35	690
dpca7g555040.842	35	691
dpca7g555050.842	35	692
dpca7g555060.842	35	693
dpca7g555080.842	35	694
dpca7g555100.842	35	695
dpca7g555170.842	35	696
dpca7g555180.842	35	697
dpca7g555220.842	35	698
dpca7g555230.842	35	699
dpca7g555240.842	35	700
dpca7g555280.842	35	701
dpca7g555310.842	35	702
dpca7g555330.842	35	703
dpca7g555350.842	35	704
dpca7g555360.842	35	705
dpca7g555370.842	35	706
dpca7g555380.842	35	707
dpca7g555390.842	35	708
dpca7g555400.842	35	709
dpca7g555420.842	35	710
dpca7g555430.842	35	711
dpca7g555440.842	35	712
dpca7g555460.842	35	713
dpca7g555510.842	35	714
dpca7g555520.842	35	715
dpca7g555530.842	35	716
dpca7g555550.842	35	717
dpca7g555560.842	35	718
dpca7g555580.842	35	719
dpca7g555600.842	35	720
dpca7g555610.842	35	721
dpca7g555620.842	35	722
dpca7g555640.842	35	723
dpca7g555650.842	35	724
dpca7g555660.842	35	725
dpca7g555680.842	35	726
dpca7g555690.842	35	727
dpca7g555700.842	35	728
dpca7g555710.842	35	729
dpca7g555720.842	35	730
dpca7g555730.842	35	731
dpca7g555740.842	35	732
dpca7g555780.842	35	733
dpca7g555790.842	35	734
dpca7g555820.842	35	735
dpca7g555840.842	35	736
dpca7g555850.842	35	737
dpca7g555870.842	35	738
dpca7g555880.842	35	739
dpca7g555890.842	35	740
dpca7g555900.842	35	741
dpca7g555910.842	35	742
dpca7g555930.842	35	743
dpca7g555950.842	35	744
dpca7g555970.842	35	745
dpca7g555990.842	35	746
dpca7g556000.842	35	747
dpca7g556010.842	35	748
dpca7g556030.842	35	749
dpca7g556040.842	35	750
dpca7g556050.842	35	751
dpca7g556060.842	35	752
dpca7g556070.842	35	753
dpca7g556100.842	35	754
dpca7g556120.842	35	755
dpca7g556130.842	35	756
dpca7g556140.842	35	757
dpca7g556150.842	35	758
dpca7g556190.842	35	759
dpca7g556210.842	35	760
dpca7g556220.842	35	761
dpca7g556230.842	35	762
dpca7g556240.842	35	763
dpca7g556250.842	35	764
dpca7g556270.842	35	765
dpca7g556300.842	35	766
dpca7g556310.842	35	767
dpca7g556320.842	35	768
dpca7g556330.842	35	769
dpca7g556380.842	35	770
dpca7g556390.842	35	771
dpca7g556400.842	35	772
dpca7g556410.842	35	773
dpca7g556420.842	35	774
dpca7g556440.842	35	775
dpca7g556450.842	35	776
dpca7g556470.842	35	777
dpca7g556490.842	35	778
dpca7g556500.842	35	779
dpca7g556510.842	35	780
dpca7g556520.842	35	781
dpca7g556530.842	35	782
dpca7g556540.842	35	783
dpca7g556550.842	35	784
dpca7g556560.842	35	785
dpca7g556570.842	35	786
dpca7g556580.842	35	787
dpca7g556590.842	35	788
dpca7g556600.842	35	789
dpca7g556610.842	35	790
dpca7g556620.842	35	791
dpca7g556630.842	35	792
dpca7g556640.842	35	793
dpca7g556650.842	35	794
dpca7g556660.842	35	795
dpca7g556670.842	35	796
dpca7g556680.842	35	797
dpca7g556690.842	35	798
dpca7g556710.842	35	799
dpca7g556720.842	35	800
dpca7g556730.842	35	801
dpca7g556760.842	35	802
dpca7g556770.842	35	803
dpca7g556780.842	35	804
dpca7g556790.842	35	805
dpca7g556810.842	35	806
dpca7g556820.842	35	807
dpca7g556830.842	35	808
dpca7g556840.842	35	809
dpca7g556850.842	35	810
dpca7g556860.842	35	811
dpca7g556870.842	35	812
dpca7g556880.842	35	813
dpca7g556890.842	35	814
dpca7g556930.842	35	815
dpca7g556970.842	35	816
dpca7g556980.842	35	817
dpca7g556990.842	35	818
dpca7g557000.842	35	819
dpca7g557010.842	35	820
dpca7g557020.842	35	821
dpca7g557030.842	35	822
dpca7g557040.842	35	823
dpca7g557050.842	35	824
dpca7g557070.842	35	825
dpca7g557080.842	35	826
dpca7g557090.842	35	827
dpca7g557130.842	35	828
dpca7g557160.842	35	829
dpca7g557170.842	35	830
dpca7g557180.842	35	831
dpca7g557190.842	35	832
dpca7g557200.842	35	833
dpca7g557210.842	35	834
dpca7g557220.842	35	835
dpca7g557230.842	35	836
dpca7g557240.842	35	837
dpca7g557250.842	35	838
dpca7g557260.842	35	839
dpca7g557280.842	35	840
dpca7g557290.842	35	841
dpca7g557310.842	35	842
dpca7g557320.842	35	843
dpca7g557330.842	35	844
dpca7g557360.842	35	845
dpca7g557370.842	35	846
dpca7g557380.842	35	847
dpca7g557420.842	35	848
dpca7g557450.842	35	849
dpca7g557470.842	35	850
dpca7g557500.842	35	851
dpca7g557510.842	35	852
dpca7g557530.842	35	853
dpca7g557540.842	35	854
dpca7g557550.842	35	855
dpca7g557560.842	35	856
dpca7g557570.842	35	857
dpca7g557580.842	35	858
dpca7g557590.842	35	859
dpca7g557620.842	35	860
dpca7g557630.842	35	861
dpca7g557640.842	35	862
dpca7g557650.842	35	863
dpca7g557660.842	35	864
dpca7g557690.842	35	865
dpca7g557710.842	35	866
dpca7g557720.842	35	867
dpca7g557730.842	35	868
dpca7g557770.842	35	869
dpca7g557780.842	35	870
dpca7g557790.842	35	871
dpca7g557830.842	35	872
dpca7g557840.842	35	873
dpca7g557850.842	35	874
dpca7g557860.842	35	875
dpca7g557880.842	35	876
dpca7g557890.842	35	877
dpca7g557920.842	35	878
dpca7g557930.842	35	879
dpca7g557940.842	35	880
dpca7g557950.842	35	881
dpca7g557960.842	35	882
dpca7g557970.842	35	883
dpca7g557980.842	35	884
dpca7g557990.842	35	885
dpca7g558010.842	35	886
dpca7g558020.842	35	887
dpca7g558030.842	35	888
dpca7g558040.842	35	889
dpca7g558050.842	35	890
dpca7g558070.842	35	891
dpca7g558110.842	35	892
dpca7g558120.842	35	893
dpca7g558130.842	35	894
dpca7g558150.842	35	895
dpca7g558200.842	35	896
dpca7g558290.842	35	897
dpca7g558300.842	35	898
dpca7g558330.842	35	899
dpca7g558390.842	35	900
dpca7g558430.842	35	901
dpca7g558440.842	35	902
dpca7g558480.842	35	903
dpca7g558490.842	35	904
dpca7g558510.842	35	905
dpca7g558520.842	35	906
dpca7g558530.842	35	907
dpca7g558540.842	35	908
dpca7g558570.842	35	909
dpca7g558600.842	35	910
dpca7g558630.842	35	911
dpca7g558670.842	35	912
dpca7g558680.842	35	913
dpca7g558690.842	35	914
dpca7g558700.842	35	915
dpca7g558720.842	35	916
dpca7g558730.842	35	917
dpca7g558740.842	35	918
dpca7g558760.842	35	919
dpca7g558770.842	35	920
dpca7g558780.842	35	921
dpca7g558800.842	35	922
dpca7g558810.842	35	923
dpca7g558830.842	35	924
dpca7g558840.842	35	925
dpca7g558850.842	35	926
dpca7g558860.842	35	927
dpca7g558870.842	35	928
dpca7g558890.842	35	929
dpca7g558900.842	35	930
dpca7g558920.842	35	931
dpca7g558930.842	35	932
dpca7g558940.842	35	933
dpca7g558950.842	35	934
dpca7g558960.842	35	935
dpca7g558980.842	35	936
dpca7g559000.842	35	937
dpca7g559020.842	35	938
dpca7g559030.842	35	939
dpca7g559040.842	35	940
dpca7g559050.842	35	941
dpca7g559070.842	35	942
dpca7g559090.842	35	943
dpca7g559120.842	35	944
dpca7g559130.842	35	945
dpca7g559140.842	35	946
dpca7g559150.842	35	947
dpca7g559160.842	35	948
dpca7g559170.842	35	949
dpca7g559190.842	35	950
dpca7g559200.842	35	951
dpca7g559220.842	35	952
dpca7g559230.842	35	953
dpca7g559270.842	35	954
dpca7g559290.842	35	955
dpca7g559300.842	35	956
dpca7g559310.842	35	957
dpca7g559320.842	35	958
dpca7g559360.842	35	959
dpca7g559380.842	35	960
dpca7g559410.842	35	961
dpca7g559420.842	35	962
dpca7g559440.842	35	963
dpca7g559450.842	35	964
dpca7g559460.842	35	965
dpca7g559470.842	35	966
dpca7g559480.842	35	967
dpca7g559490.842	35	968
dpca7g559500.842	35	969
dpca7g559510.842	35	970
dpca7g559520.842	35	971
dpca7g559530.842	35	972
dpca7g559540.842	35	973
dpca7g559550.842	35	974
dpca7g559560.842	35	975
dpca7g559570.842	35	976
dpca7g559590.842	35	977
dpca7g559600.842	35	978
dpca7g559610.842	35	979
dpca7g559620.842	35	980
dpca7g559630.842	35	981
dpca7g559650.842	35	982
dpca7g559660.842	35	983
dpca7g559670.842	35	984
dpca7g559680.842	35	985
dpca7g559690.842	35	986
dpca7g559700.842	35	987
dpca7g559710.842	35	988
dpca7g559720.842	35	989
dpca7g559740.842	35	990
dpca7g559760.842	35	991
dpca7g559770.842	35	992
dpca7g559790.842	35	993
dpca7g559820.842	35	994
dpca7g559840.842	35	995
dpca7g559850.842	35	996
dpca7g559870.842	35	997
dpca7g559880.842	35	998
dpca7g559890.842	35	999
dpca7g559910.842	35	1000
dpca7g559930.842	35	1001
dpca7g559940.842	35	1002
dpca7g559950.842	35	1003
dpca7g559960.842	35	1004
dpca7g559970.842	35	1005
dpca7g559980.842	35	1006
dpca7g559990.842	35	1007
dpca7g560000.842	35	1008
dpca7g560010.842	35	1009
dpca7g560020.842	35	1010
dpca7g560050.842	35	1011
dpca7g560070.842	35	1012
dpca7g560130.842	35	1013
dpca7g560140.842	35	1014
dpca7g560150.842	35	1015
dpca7g560160.842	35	1016
dpca7g560170.842	35	1017
dpca7g560190.842	35	1018
dpca7g560200.842	35	1019
dpca7g560210.842	35	1020
dpca7g560220.842	35	1021
dpca7g560240.842	35	1022
dpca7g560260.842	35	1023
dpca7g560270.842	36	0
dpca7g560290.842	36	1
dpca7g560300.842	36	2
dpca7g560310.842	36	3
dpca7g560320.842	36	4
dpca7g560330.842	36	5
dpca7g560340.842	36	6
dpca7g560350.842	36	7
dpca7g560360.842	36	8
dpca7g560380.842	36	9
dpca7g560390.842	36	10
dpca7g560400.842	36	11
dpca7g560410.842	36	12
dpca7g560420.842	36	13
dpca7g560430.842	36	14
dpca7g560450.842	36	15
dpca7g560480.842	36	16
dpca7g560510.842	36	17
dpca7g560540.842	36	18
dpca7g560560.842	36	19
dpca7g560570.842	36	20
dpca7g560650.842	36	21
dpca7g560660.842	36	22
dpca7g560670.842	36	23
dpca7g560690.842	36	24
dpca7g560710.842	36	25
dpca7g560720.842	36	26
dpca7g560750.842	36	27
dpca7g560760.842	36	28
dpca7g560770.842	36	29
dpca7g560830.842	36	30
dpca7g560860.842	36	31
dpca7g560880.842	36	32
dpca7g560900.842	36	33
dpca7g560930.842	36	34
dpca7g560970.842	36	35
dpca7g560990.842	36	36
dpca7g561000.842	36	37
dpca7g561020.842	36	38
dpca7g561030.842	36	39
dpca7g561050.842	36	40
dpca7g561100.842	36	41
dpca7g561110.842	36	42
dpca7g561120.842	36	43
dpca7g561130.842	36	44
dpca7g561160.842	36	45
dpca7g561170.842	36	46
dpca7g561180.842	36	47
dpca7g561190.842	36	48
dpca7g561200.842	36	49
dpca7g561210.842	36	50
dpca7g561220.842	36	51
dpca7g561230.842	36	52
dpca7g561240.842	36	53
dpca7g561250.842	36	54
dpca7g561260.842	36	55
dpca7g561270.842	36	56
dpca7g561280.842	36	57
dpca7g561290.842	36	58
dpca7g561300.842	36	59
dpca7g561320.842	36	60
dpca7g561330.842	36	61
dpca7g561340.842	36	62
dpca7g561350.842	36	63
dpca7g561390.842	36	64
dpca7g561400.842	36	65
dpca7g561410.842	36	66
dpca7g561420.842	36	67
dpca7g561430.842	36	68
dpca7g561440.842	36	69
dpca7g561450.842	36	70
dpca7g561460.842	36	71
dpca7g561470.842	36	72
dpca7g561500.842	36	73
dpca7g561510.842	36	74
dpca7g561520.842	36	75
dpca7g561530.842	36	76
dpca7g561550.842	36	77
dpca7g561580.842	36	78
dpca7g561590.842	36	79
dpca7g561610.842	36	80
dpca7g561630.842	36	81
dpca7g561660.842	36	82
dpca7g561670.842	36	83
dpca7g561680.842	36	84
dpca7g561690.842	36	85
dpca7g561700.842	36	86
dpca7g561710.842	36	87
dpca7g561720.842	36	88
dpca7g561730.842	36	89
dpca7g561740.842	36	90
dpca7g561750.842	36	91
dpca7g561770.842	36	92
dpca7g561780.842	36	93
dpca7g561790.842	36	94
dpca7g561800.842	36	95
dpca7g561830.842	36	96
dpca7g561840.842	36	97
dpca7g561850.842	36	98
dpca7g561860.842	36	99
dpca7g561910.842	36	100
dpca7g561920.842	36	101
dpca7g561940.842	36	102
dpca7g561950.842	36	103
dpca7g561960.842	36	104
dpca7g561970.842	36	105
dpca7g561990.842	36	106
dpca7g562000.842	36	107
dpca7g562010.842	36	108
dpca7g562020.842	36	109
dpca7g562030.842	36	110
dpca7g562040.842	36	111
dpca7g562050.842	36	112
dpca7g562070.842	36	113
dpca7g562080.842	36	114
dpca7g562090.842	36	115
dpca7g562110.842	36	116
dpca7g562120.842	36	117
dpca7g562130.842	36	118
dpca7g562140.842	36	119
dpca7g562150.842	36	120
dpca7g562170.842	36	121
dpca7g562230.842	36	122
dpca7g562240.842	36	123
dpca7g562270.842	36	124
dpca7g562280.842	36	125
dpca7g562290.842	36	126
dpca7g562300.842	36	127
dpca7g562330.842	36	128
dpca7g562380.842	36	129
dpca7g562390.842	36	130
dpca7g562420.842	36	131
dpca7g562430.842	36	132
dpca7g562450.842	36	133
dpca7g562480.842	36	134
dpca7g562500.842	36	135
dpca7g562510.842	36	136
dpca7g562520.842	36	137
dpca7g562530.842	36	138
dpca7g562540.842	36	139
dpca7g562550.842	36	140
dpca7g562560.842	36	141
dpca7g562570.842	36	142
dpca7g562580.842	36	143
dpca7g562590.842	36	144
dpca7g562610.842	36	145
dpca7g562620.842	36	146
dpca7g562640.842	36	147
dpca7g562700.842	36	148
dpca7g562740.842	36	149
dpca7g562790.842	36	150
dpca7g562800.842	36	151
dpca7g562810.842	36	152
dpca7g562830.842	36	153
dpca7g562850.842	36	154
dpca7g562860.842	36	155
dpca7g562870.842	36	156
dpca7g562890.842	36	157
dpca7g562900.842	36	158
dpca7g562910.842	36	159
dpca7g562930.842	36	160
dpca7g562950.842	36	161
dpca7g562960.842	36	162
dpca7g562990.842	36	163
dpca7g563000.842	36	164
dpca7g563010.842	36	165
dpca7g563060.842	36	166
dpca7g563080.842	36	167
dpca7g563090.842	36	168
dpca7g563110.842	36	169
dpca7g563120.842	36	170
dpca7g563150.842	36	171
dpca7g563160.842	36	172
dpca7g563170.842	36	173
dpca7g563180.842	36	174
dpca7g563190.842	36	175
dpca7g563220.842	36	176
dpca7g563240.842	36	177
dpca7g563260.842	36	178
dpca7g563270.842	36	179
dpca7g563280.842	36	180
dpca7g563290.842	36	181
dpca7g563300.842	36	182
dpca7g563360.842	36	183
dpca7g563370.842	36	184
dpca7g563380.842	36	185
dpca7g563390.842	36	186
dpca7g563400.842	36	187
dpca7g563420.842	36	188
dpca7g563430.842	36	189
dpca7g563460.842	36	190
dpca7g563490.842	36	191
dpca7g563520.842	36	192
dpca7g563530.842	36	193
dpca7g563540.842	36	194
dpca7g563550.842	36	195
dpca7g563560.842	36	196
dpca7g563570.842	36	197
dpca7g563590.842	36	198
dpca7g563600.842	36	199
dpca7g563610.842	36	200
dpca7g563620.842	36	201
dpca7g563650.842	36	202
dpca7g563660.842	36	203
dpca7g563670.842	36	204
dpca7g563680.842	36	205
dpca7g563690.842	36	206
dpca7g563700.842	36	207
dpca7g563710.842	36	208
dpca7g563740.842	36	209
dpca7g563750.842	36	210
dpca7g563770.842	36	211
dpca7g563780.842	36	212
dpca7g563800.842	36	213
dpca7g563810.842	36	214
dpca7g563820.842	36	215
dpca7g563830.842	36	216
dpca7g563840.842	36	217
dpca7g563850.842	36	218
dpca7g563860.842	36	219
dpca7g563870.842	36	220
dpca7g563880.842	36	221
dpca7g563900.842	36	222
dpca7g563930.842	36	223
dpca7g563940.842	36	224
dpca7g563970.842	36	225
dpca7g563980.842	36	226
dpca7g563990.842	36	227
dpca7g564000.842	36	228
dpca7g564030.842	36	229
dpca7g564040.842	36	230
dpca7g564050.842	36	231
dpca7g564060.842	36	232
dpca7g564070.842	36	233
dpca7g564080.842	36	234
dpca7g564110.842	36	235
dpca7g564130.842	36	236
dpca7g564140.842	36	237
dpca7g564150.842	36	238
dpca7g564160.842	36	239
dpca7g564200.842	36	240
dpca7g564210.842	36	241
dpca7g564220.842	36	242
dpca7g564230.842	36	243
dpca7g564240.842	36	244
dpca7g564250.842	36	245
dpca7g564260.842	36	246
dpca7g564270.842	36	247
dpca7g564310.842	36	248
dpca7g564320.842	36	249
dpca7g564400.842	36	250
dpca7g564440.842	36	251
dpca7g564450.842	36	252
dpca7g564470.842	36	253
dpca7g564500.842	36	254
dpca7g564510.842	36	255
dpca7g564540.842	36	256
dpca7g564600.842	36	257
dpca7g564610.842	36	258
dpca7g564620.842	36	259
dpca7g564630.842	36	260
dpca7g564640.842	36	261
dpca7g564650.842	36	262
dpca7g564660.842	36	263
dpca7g564670.842	36	264
dpca7g564700.842	36	265
dpca7g564710.842	36	266
dpca7g564720.842	36	267
dpca7g564740.842	36	268
dpca7g564750.842	36	269
dpca7g564760.842	36	270
dpca7g564770.842	36	271
dpca7g564780.842	36	272
dpca7g564790.842	36	273
dpca7g564820.842	36	274
dpca7g564830.842	36	275
dpca7g564840.842	36	276
dpca7g564850.842	36	277
dpca7g564870.842	36	278
dpca7g564880.842	36	279
dpca7g564890.842	36	280
dpca7g564900.842	36	281
dpca7g564910.842	36	282
dpca7g564920.842	36	283
dpca7g564940.842	36	284
dpca7g564990.842	36	285
dpca7g565010.842	36	286
dpca7g565070.842	36	287
dpca7g565080.842	36	288
dpca7g565100.842	36	289
dpca7g565120.842	36	290
dpca7g565130.842	36	291
dpca7g565140.842	36	292
dpca7g565170.842	36	293
dpca7g565180.842	36	294
dpca7g565200.842	36	295
dpca7g565210.842	36	296
dpca7g565220.842	36	297
dpca7g565230.842	36	298
dpca7g565240.842	36	299
dpca7g565250.842	36	300
dpca7g565260.842	36	301
dpca7g565270.842	36	302
dpca7g565280.842	36	303
dpca7g565290.842	36	304
dpca7g565310.842	36	305
dpca7g565320.842	36	306
dpca7g565330.842	36	307
dpca7g565340.842	36	308
dpca7g565350.842	36	309
dpca7g565370.842	36	310
dpca7g565380.842	36	311
dpca7g565390.842	36	312
dpca7g565400.842	36	313
dpca7g565410.842	36	314
dpca7g565420.842	36	315
dpca7g565430.842	36	316
dpca7g565440.842	36	317
dpca7g565450.842	36	318
dpca7g565460.842	36	319
dpca7g565480.842	36	320
dpca7g565500.842	36	321
dpca7g565520.842	36	322
dpca7g565540.842	36	323
dpca7g565550.842	36	324
dpca7g565570.842	36	325
dpca7g565630.842	36	326
dpca7g565640.842	36	327
dpca7g565670.842	36	328
dpca7g565690.842	36	329
dpca7g565710.842	36	330
dpca7g565720.842	36	331
dpca7g565730.842	36	332
dpca7g565740.842	36	333
dpca7g565750.842	36	334
dpca7g565770.842	36	335
dpca7g565790.842	36	336
dpca7g565800.842	36	337
dpca7g565820.842	36	338
dpca7g565830.842	36	339
dpca7g565840.842	36	340
dpca7g565850.842	36	341
dpca7g565860.842	36	342
dpca7g565870.842	36	343
dpca7g565880.842	36	344
dpca7g565900.842	36	345
dpca7g565940.842	36	346
dpca7g565960.842	36	347
dpca7g565970.842	36	348
dpca7g565990.842	36	349
dpca7g566000.842	36	350
dpca7g566010.842	36	351
dpca7g566020.842	36	352
dpca7g566030.842	36	353
dpca7g566040.842	36	354
dpca7g566050.842	36	355
dpca7g566060.842	36	356
dpca7g566090.842	36	357
dpca7g566100.842	36	358
dpca7g566110.842	36	359
dpca7g566120.842	36	360
dpca7g566130.842	36	361
dpca7g566140.842	36	362
dpca7g566150.842	36	363
dpca7g566160.842	36	364
dpca7g566170.842	36	365
dpca7g566180.842	36	366
dpca7g566190.842	36	367
dpca7g566200.842	36	368
dpca7g566210.842	36	369
dpca7g566270.842	36	370
dpca7g566280.842	36	371
dpca7g566290.842	36	372
dpca7g566330.842	36	373
dpca7g566340.842	36	374
dpca7g566370.842	36	375
dpca7g566380.842	36	376
dpca7g566390.842	36	377
dpca7g566400.842	36	378
dpca7g566410.842	36	379
dpca7g566420.842	36	380
dpca7g566440.842	36	381
dpca7g566450.842	36	382
dpca7g566470.842	36	383
dpca7g566500.842	36	384
dpca7g566510.842	36	385
dpca7g566540.842	36	386
dpca7g566550.842	36	387
dpca7g566570.842	36	388
dpca7g566580.842	36	389
dpca7g566590.842	36	390
dpca7g566600.842	36	391
dpca7g566610.842	36	392
dpca7g566660.842	36	393
dpca7g566670.842	36	394
dpca7g566680.842	36	395
dpca7g566700.842	36	396
dpca7g566710.842	36	397
dpca7g566760.842	36	398
dpca7g566780.842	36	399
dpca7g566830.842	36	400
dpca7g566840.842	36	401
dpca7g566850.842	36	402
dpca7g566860.842	36	403
dpca7g566880.842	36	404
dpca7g566890.842	36	405
dpca7g566900.842	36	406
dpca7g566920.842	36	407
dpca7g566930.842	36	408
dpca7g566940.842	36	409
dpca7g566950.842	36	410
dpca7g566970.842	36	411
dpca7g566980.842	36	412
dpca7g566990.842	36	413
dpca7g567000.842	36	414
dpca7g567020.842	36	415
dpca7g567030.842	36	416
dpca7g567040.842	36	417
dpca7g567050.842	36	418
dpca7g567060.842	36	419
dpca7g567070.842	36	420
dpca7g567090.842	36	421
dpca7g567100.842	36	422
dpca7g567110.842	36	423
dpca7g567120.842	36	424
dpca7g567130.842	36	425
dpca7g567150.842	36	426
dpca7g567170.842	36	427
dpca7g567180.842	36	428
dpca7g567190.842	36	429
dpca7g567200.842	36	430
dpca7g567210.842	36	431
dpca7g567220.842	36	432
dpca7g567230.842	36	433
dpca7g567280.842	36	434
dpca7g567320.842	36	435
dpca7g567330.842	36	436
dpca7g567340.842	36	437
dpca7g567370.842	36	438
dpca7g567380.842	36	439
dpca7g567390.842	36	440
dpca7g567400.842	36	441
dpca7g567420.842	36	442
dpca7g567450.842	36	443
dpca7g567490.842	36	444
dpca7g567500.842	36	445
dpca7g567510.842	36	446
dpca7g567520.842	36	447
dpca7g567540.842	36	448
dpca7g567550.842	36	449
dpca7g567560.842	36	450
dpca7g567570.842	36	451
dpca7g567580.842	36	452
dpca7g567590.842	36	453
dpca7g567600.842	36	454
dpca7g567610.842	36	455
dpca7g567620.842	36	456
dpca7g567630.842	36	457
dpca7g567640.842	36	458
dpca7g567710.842	36	459
dpca7g567720.842	36	460
dpca7g567730.842	36	461
dpca7g567740.842	36	462
dpca7g567750.842	36	463
dpca7g567770.842	36	464
dpca7g567780.842	36	465
dpca7g567790.842	36	466
dpca7g567800.842	36	467
dpca7g567810.842	36	468
dpca7g567820.842	36	469
dpca7g567830.842	36	470
dpca7g567840.842	36	471
dpca7g567850.842	36	472
dpca7g567860.842	36	473
dpca7g567870.842	36	474
dpca7g567880.842	36	475
dpca7g567890.842	36	476
dpca7g567900.842	36	477
dpca7g567910.842	36	478
dpca7g567920.842	36	479
dpca7g567930.842	36	480
dpca7g567950.842	36	481
dpca7g567960.842	36	482
dpca7g567970.842	36	483
dpca7g567990.842	36	484
dpca7g568000.842	36	485
dpca7g568010.842	36	486
dpca7g568090.842	36	487
dpca7g568100.842	36	488
dpca7g568110.842	36	489
dpca7g568120.842	36	490
dpca7g568130.842	36	491
dpca7g568140.842	36	492
dpca7g568150.842	36	493
dpca7g568160.842	36	494
dpca7g568200.842	36	495
dpca7g568240.842	36	496
dpca7g568250.842	36	497
dpca7g568260.842	36	498
dpca7g568270.842	36	499
dpca7g568280.842	36	500
dpca7g568310.842	36	501
dpca7g568330.842	36	502
dpca7g568340.842	36	503
dpca7g568350.842	36	504
dpca7g568360.842	36	505
dpca7g568380.842	36	506
dpca7g568390.842	36	507
dpca7g568400.842	36	508
dpca7g568410.842	36	509
dpca7g568420.842	36	510
dpca7g568430.842	36	511
dpca7g568440.842	36	512
dpca7g568460.842	36	513
dpca7g568470.842	36	514
dpca7g568480.842	36	515
dpca7g568500.842	36	516
dpca7g568520.842	36	517
dpca7g568540.842	36	518
dpca7g568550.842	36	519
dpca7g568560.842	36	520
dpca7g568570.842	36	521
dpca7g568600.842	36	522
dpca7g568610.842	36	523
dpca7g568660.842	36	524
dpca7g568670.842	36	525
dpca7g568690.842	36	526
dpca7g568720.842	36	527
dpca7g568750.842	36	528
dpca7g568760.842	36	529
dpca7g568850.842	36	530
dpca7g568880.842	36	531
dpca7g568920.842	36	532
dpca7g568930.842	36	533
dpca7g568980.842	36	534
dpca7g569000.842	36	535
dpca7g569010.842	36	536
dpca7g569020.842	36	537
dpca7g569030.842	36	538
dpca7g569040.842	36	539
dpca7g569050.842	36	540
dpca7g569060.842	36	541
dpca7g569070.842	36	542
dpca7g569100.842	36	543
dpca7g569110.842	36	544
dpca7g569120.842	36	545
dpca7g569130.842	36	546
dpca7g569140.842	36	547
dpca7g569160.842	36	548
dpca7g569180.842	36	549
dpca7g569190.842	36	550
dpca7g569200.842	36	551
dpca7g569210.842	36	552
dpca7g569220.842	36	553
dpca7g569240.842	36	554
dpca7g569260.842	36	555
dpca7g569280.842	36	556
dpca7g569290.842	36	557
dpca7g569300.842	36	558
dpca7g569310.842	36	559
dpca7g569330.842	36	560
dpca7g569340.842	36	561
dpca7g569360.842	36	562
dpca7g569370.842	36	563
dpca7g569380.842	36	564
dpca7g569390.842	36	565
dpca7g569400.842	36	566
dpca7g569420.842	36	567
dpca7g569430.842	36	568
dpca7g569440.842	36	569
dpca7g569450.842	36	570
dpca7g569470.842	36	571
dpca7g569480.842	36	572
dpca7g569490.842	36	573
dpca7g569500.842	36	574
dpca7g569510.842	36	575
dpca7g569520.842	36	576
dpca7g569530.842	36	577
dpca7g569540.842	36	578
dpca7g569570.842	36	579
dpca7g569600.842	36	580
dpca7g569630.842	36	581
dpca7g569640.842	36	582
dpca7g569670.842	36	583
dpca7g569680.842	36	584
dpca7g569700.842	36	585
dpca7g569710.842	36	586
dpca7g569720.842	36	587
dpca7g569730.842	36	588
dpca7g569740.842	36	589
dpca7g569770.842	36	590
dpca7g569780.842	36	591
dpca7g569790.842	36	592
dpca7g569800.842	36	593
dpca7g569810.842	36	594
dpca7g569820.842	36	595
dpca7g569830.842	36	596
dpca7g569840.842	36	597
dpca7g569850.842	36	598
dpca7g569860.842	36	599
dpca7g569870.842	36	600
dpca7g569900.842	36	601
dpca7g569910.842	36	602
dpca7g569920.842	36	603
dpca7g569960.842	36	604
dpca7g569970.842	36	605
dpca7g569990.842	36	606
dpca7g570000.842	36	607
dpca7g570010.842	36	608
dpca7g570060.842	36	609
dpca7g570070.842	36	610
dpca7g570100.842	36	611
dpca7g570120.842	36	612
dpca7g570160.842	36	613
dpca7g570170.842	36	614
dpca7g570180.842	36	615
dpca7g570190.842	36	616
dpca7g570220.842	36	617
dpca7g570270.842	36	618
dpca7g570280.842	36	619
dpca7g570300.842	36	620
dpca7g570320.842	36	621
dpca7g570330.842	36	622
dpca7g570340.842	36	623
dpca7g570350.842	36	624
dpca7g570360.842	36	625
dpca7g570370.842	36	626
dpca7g570410.842	36	627
dpca7g570420.842	36	628
dpca7g570430.842	36	629
dpca7g570500.842	36	630
dpca7g570520.842	36	631
dpca7g570530.842	36	632
dpca7g570540.842	36	633
dpca7g570550.842	36	634
dpca7g570560.842	36	635
dpca7g570570.842	36	636
dpca7g570580.842	36	637
dpca7g570590.842	36	638
dpca7g570600.842	36	639
dpca7g570620.842	36	640
dpca7g570630.842	36	641
dpca7g570650.842	36	642
dpca7g570670.842	36	643
dpca7g570690.842	36	644
dpca7g570750.842	36	645
dpca7g570810.842	36	646
dpca7g570820.842	36	647
dpca7g570840.842	36	648
dpca7g570850.842	36	649
dpca7g570860.842	36	650
dpca7g570870.842	36	651
dpca7g570880.842	36	652
dpca7g570890.842	36	653
dpca7g570900.842	36	654
dpca7g570910.842	36	655
dpca7g570920.842	36	656
dpca7g570930.842	36	657
dpca7g570950.842	36	658
dpca7g570990.842	36	659
dpca7g571000.842	36	660
dpca7g571010.842	36	661
dpca7g571060.842	36	662
dpca7g571070.842	36	663
dpca7g571080.842	36	664
dpca7g571090.842	36	665
dpca7g571100.842	36	666
dpca7g571110.842	36	667
dpca7g571150.842	36	668
dpca7g571160.842	36	669
dpca7g571170.842	36	670
dpca7g571180.842	36	671
dpca7g571190.842	36	672
dpca7g571200.842	36	673
dpca7g571210.842	36	674
dpca7g571220.842	36	675
dpca7g571230.842	36	676
dpca7g571240.842	36	677
dpca7g571250.842	36	678
dpca7g571260.842	36	679
dpca7g571270.842	36	680
dpca7g571280.842	36	681
dpca7g571290.842	36	682
dpca7g571300.842	36	683
dpca7g571310.842	36	684
dpca7g571320.842	36	685
dpca7g571330.842	36	686
dpca7g571340.842	36	687
dpca7g571350.842	36	688
dpca7g571360.842	36	689
dpca7g571370.842	36	690
dpca7g571390.842	36	691
dpca7g571400.842	36	692
dpca7g571410.842	36	693
dpca7g571420.842	36	694
dpca7g571430.842	36	695
dpca7g571440.842	36	696
dpca7g571450.842	36	697
dpca7g571460.842	36	698
dpca7g571470.842	36	699
dpca7g571480.842	36	700
dpca7g571490.842	36	701
dpca7g571500.842	36	702
dpca7g571510.842	36	703
dpca7g571520.842	36	704
dpca7g571530.842	36	705
dpca7g571540.842	36	706
dpca7g571550.842	36	707
dpca7g571560.842	36	708
dpca7g571570.842	36	709
dpca7g571580.842	36	710
dpca7g571610.842	36	711
dpca7g571620.842	36	712
dpca7g571630.842	36	713
dpca7g571640.842	36	714
dpca7g571650.842	36	715
dpca7g571660.842	36	716
dpca7g571670.842	36	717
dpca7g571680.842	36	718
dpca7g571690.842	36	719
dpca7g571700.842	36	720
dpca7g571720.842	36	721
dpca7g571730.842	36	722
dpca7g571740.842	36	723
dpca7g571750.842	36	724
dpca7g571760.842	36	725
dpca7g571770.842	36	726
dpca7g571780.842	36	727
dpca7g571790.842	36	728
dpca7g571800.842	36	729
dpca7g571810.842	36	730
dpca7g571820.842	36	731
dpca7g571830.842	36	732
dpca7g571840.842	36	733
dpca7g571860.842	36	734
dpca7g571890.842	36	735
dpca7g571910.842	36	736
dpca7g571930.842	36	737
dpca7g571940.842	36	738
dpca7g571970.842	36	739
dpca7g572010.842	36	740
dpca7g572030.842	36	741
dpca7g572050.842	36	742
dpca7g572070.842	36	743
dpca7g572080.842	36	744
dpca7g572100.842	36	745
dpca7g572110.842	36	746
dpca7g572150.842	36	747
dpca7g572170.842	36	748
dpca7g572180.842	36	749
dpca7g572220.842	36	750
dpca7g572260.842	36	751
dpca7g572340.842	36	752
dpca7g572350.842	36	753
dpca7g572370.842	36	754
dpca7g572400.842	36	755
dpca7g572410.842	36	756
dpca7g572420.842	36	757
dpca7g572430.842	36	758
dpca7g572440.842	36	759
dpca7g572450.842	36	760
dpca7g572460.842	36	761
dpca7g572470.842	36	762
dpca7g572490.842	36	763
dpca7g572500.842	36	764
dpca7g572510.842	36	765
dpca7g572520.842	36	766
dpca7g572540.842	36	767
dpca7g572560.842	36	768
dpca7g572570.842	36	769
dpca7g572580.842	36	770
dpca7g572590.842	36	771
dpca7g572600.842	36	772
dpca7g572610.842	36	773
dpca7g572620.842	36	774
dpca7g572630.842	36	775
dpca7g572650.842	36	776
dpca7g572660.842	36	777
dpca7g572670.842	36	778
dpca7g572680.842	36	779
dpca7g572690.842	36	780
dpca7g572700.842	36	781
dpca7g572710.842	36	782
dpca7g572770.842	36	783
dpca7g572790.842	36	784
dpca7g572810.842	36	785
dpca7g572820.842	36	786
dpca7g572850.842	36	787
dpca7g572860.842	36	788
dpca7g572870.842	36	789
dpca7g572890.842	36	790
dpca7g572900.842	36	791
dpca7g572910.842	36	792
dpca7g572920.842	36	793
dpca7g572950.842	36	794
dpca7g572960.842	36	795
dpca7g572980.842	36	796
dpca7g573000.842	36	797
dpca7g573040.842	36	798
dpca7g573050.842	36	799
dpca7g573060.842	36	800
dpca7g573090.842	36	801
dpca7g573100.842	36	802
dpca7g573110.842	36	803
dpca7g573120.842	36	804
dpca7g573150.842	36	805
dpca7g573160.842	36	806
dpca7g573170.842	36	807
dpca7g573180.842	36	808
dpca7g573210.842	36	809
dpca7g573220.842	36	810
dpca7g573240.842	36	811
dpca7g573250.842	36	812
dpca7g573260.842	36	813
dpca7g573290.842	36	814
dpca7g573320.842	36	815
dpca7g573340.842	36	816
dpca7g573350.842	36	817
dpca7g573370.842	36	818
dpca7g573400.842	36	819
dpca7g573440.842	36	820
dpca7g573460.842	36	821
dpca7g573470.842	36	822
dpca7g573480.842	36	823
dpca7g573490.842	36	824
dpca7g573500.842	36	825
dpca7g573510.842	36	826
dpca7g573540.842	36	827
dpca7g573550.842	36	828
dpca7g573560.842	36	829
dpca7g573570.842	36	830
dpca7g573580.842	36	831
dpca7g573600.842	36	832
dpca7g573610.842	36	833
dpca7g573630.842	36	834
dpca7g573640.842	36	835
dpca7g573650.842	36	836
dpca7g573670.842	36	837
dpca7g573680.842	36	838
dpca7g573690.842	36	839
dpca7g573700.842	36	840
dpca7g573720.842	36	841
dpca7g573740.842	36	842
dpca7g573770.842	36	843
dpca7g573810.842	36	844
dpca7g573820.842	36	845
dpca7g573830.842	36	846
dpca7g573840.842	36	847
dpca7g573850.842	36	848
dpca7g573860.842	36	849
dpca7g573870.842	36	850
dpca7g573880.842	36	851
dpca7g573890.842	36	852
dpca7g573900.842	36	853
dpca7g573910.842	36	854
dpca7g573920.842	36	855
dpca7g573930.842	36	856
dpca7g573940.842	36	857
dpca7g573960.842	36	858
dpca7g573970.842	36	859
dpca7g573980.842	36	860
dpca7g573990.842	36	861
dpca7g574010.842	36	862
dpca7g574020.842	36	863
dpca7g574030.842	36	864
dpca7g574040.842	36	865
dpca7g574050.842	36	866
dpca7g574060.842	36	867
dpca7g574070.842	36	868
dpca7g574080.842	36	869
dpca7g574090.842	36	870
dpca7g574190.842	36	871
dpca7g574200.842	36	872
dpca7g574210.842	36	873
dpca7g574220.842	36	874
dpca7g574230.842	36	875
dpca7g574240.842	36	876
dpca7g574270.842	36	877
dpca7g574300.842	36	878
dpca7g574310.842	36	879
dpca7g574330.842	36	880
dpca7g574370.842	36	881
dpca7g574380.842	36	882
dpca7g574410.842	36	883
dpca7g574420.842	36	884
dpca7g574430.842	36	885
dpca7g574440.842	36	886
dpca7g574450.842	36	887
dpca7g574460.842	36	888
dpca7g574470.842	36	889
dpca7g574480.842	36	890
dpca7g574490.842	36	891
dpca7g574500.842	36	892
dpca7g574510.842	36	893
dpca7g574520.842	36	894
dpca7g574530.842	36	895
dpca7g574540.842	36	896
dpca7g574550.842	36	897
dpca7g574560.842	36	898
dpca7g574570.842	36	899
dpca7g574580.842	36	900
dpca7g574590.842	36	901
dpca7g574610.842	36	902
dpca7g574620.842	36	903
dpca7g574630.842	36	904
dpca7g574640.842	36	905
dpca7g574650.842	36	906
dpca7g574660.842	36	907
dpca7g574680.842	36	908
dpca7g574690.842	36	909
dpca7g574720.842	36	910
dpca7g574760.842	36	911
dpca7g574770.842	36	912
dpca7g574780.842	36	913
dpca7g574790.842	36	914
dpca7g574800.842	36	915
dpca7g574810.842	36	916
dpca7g574820.842	36	917
dpca7g574830.842	36	918
dpca7g574840.842	36	919
dpca7g574850.842	36	920
dpca7g574860.842	36	921
dpca7g574890.842	36	922
dpca7g574910.842	36	923
dpca7g574920.842	36	924
dpca7g574930.842	36	925
dpca7g574940.842	36	926
dpca7g574950.842	36	927
dpca7g574960.842	36	928
dpca7g574970.842	36	929
dpca7g574980.842	36	930
dpca7g574990.842	36	931
dpca7g575010.842	36	932
dpca7g575020.842	36	933
dpca7g575030.842	36	934
dpca7g575050.842	36	935
dpca7g575070.842	36	936
dpca7g575080.842	36	937
dpca7g575090.842	36	938
dpca7g575110.842	36	939
dpca7g575120.842	36	940
dpca7g575130.842	36	941
dpca7g575140.842	36	942
dpca7g575150.842	36	943
dpca7g575200.842	36	944
dpca7g575220.842	36	945
dpca7g575230.842	36	946
dpca7g575240.842	36	947
dpca7g575250.842	36	948
dpca7g575260.842	36	949
dpca7g575270.842	36	950
dpca7g575280.842	36	951
dpca7g575300.842	36	952
dpca7g575310.842	36	953
dpca7g575330.842	36	954
dpca7g575340.842	36	955
dpca7g575350.842	36	956
dpca7g575360.842	36	957
dpca7g575370.842	36	958
dpca7g575380.842	36	959
dpca7g575390.842	36	960
dpca7g575400.842	36	961
dpca7g575410.842	36	962
dpca7g575420.842	36	963
dpca7g575430.842	36	964
dpca7g575440.842	36	965
dpca7g575450.842	36	966
dpca7g575460.842	36	967
dpca7g575480.842	36	968
dpca7g575490.842	36	969
dpca7g575500.842	36	970
dpca7g575510.842	36	971
dpca7g575520.842	36	972
dpca7g575530.842	36	973
dpca7g575540.842	36	974
dpca7g575550.842	36	975
dpca7g575560.842	36	976
dpca7g575570.842	36	977
dpca7g575580.842	36	978
dpca7g575600.842	36	979
dpca7g575610.842	36	980
dpca7g575620.842	36	981
dpca7g575640.842	36	982
dpca7g575650.842	36	983
dpca7g575680.842	36	984
dpca7g575690.842	36	985
dpca7g575700.842	36	986
dpca7g575720.842	36	987
dpca7g575730.842	36	988
dpca7g575740.842	36	989
dpca7g575750.842	36	990
dpca7g575760.842	36	991
dpca7g575770.842	36	992
dpca7g575780.842	36	993
dpca7g575790.842	36	994
dpca7g575800.842	36	995
dpca7g575810.842	36	996
dpca7g575820.842	36	997
dpca7g575830.842	36	998
dpca7g575840.842	36	999
dpca7g575850.842	36	1000
dpca7g575860.842	36	1001
dpca7g575870.842	36	1002
dpca7g575880.842	36	1003
dpca7g575900.842	36	1004
dpca7g575910.842	36	1005
dpca7g575920.842	36	1006
dpca7g575930.842	36	1007
dpca7g575940.842	36	1008
dpca7g575950.842	36	1009
dpca7g575960.842	36	1010
dpca7g575970.842	36	1011
dpca7g575980.842	36	1012
dpca7g575990.842	36	1013
dpca7g576000.842	36	1014
dpca7g576010.842	36	1015
dpca7g576030.842	36	1016
dpca7g576040.842	36	1017
dpca7g576070.842	36	1018
dpca7g576090.842	36	1019
dpca7g576100.842	36	1020
dpca7g576110.842	36	1021
dpca7g576120.842	36	1022
dpca7g576130.842	36	1023
dpca7g576140.842	37	0
dpca7g576150.842	37	1
dpca7g576160.842	37	2
dpca7g576170.842	37	3
dpca7g576180.842	37	4
dpca7g576190.842	37	5
dpca7g576200.842	37	6
dpca7g576210.842	37	7
dpca7g576220.842	37	8
dpca7g576230.842	37	9
dpca7g576240.842	37	10
dpca7g576260.842	37	11
dpca7g576270.842	37	12
dpca7g576290.842	37	13
dpca7g576300.842	37	14
dpca7g576310.842	37	15
dpca7g576320.842	37	16
dpca7g576330.842	37	17
dpca7g576340.842	37	18
dpca7g576350.842	37	19
dpca7g576360.842	37	20
dpca7g576370.842	37	21
dpca7g576380.842	37	22
dpca7g576390.842	37	23
dpca7g576400.842	37	24
dpca7g576410.842	37	25
dpca7g576420.842	37	26
dpca7g576430.842	37	27
dpca7g576440.842	37	28
dpca7g576450.842	37	29
dpca7g576470.842	37	30
dpca7g576480.842	37	31
dpca7g576490.842	37	32
dpca7g576500.842	37	33
dpca7g576520.842	37	34
dpca7g576530.842	37	35
dpca7g576540.842	37	36
dpca7g576550.842	37	37
dpca7g576560.842	37	38
dpca7g576580.842	37	39
dpca7g576620.842	37	40
dpca7g576630.842	37	41
dpca7g576640.842	37	42
dpca7g576650.842	37	43
dpca7g576660.842	37	44
dpca7g576670.842	37	45
dpca7g576690.842	37	46
dpca7g576700.842	37	47
dpca7g576710.842	37	48
dpca7g576730.842	37	49
dpca7g576740.842	37	50
dpca7g576750.842	37	51
dpca7g576770.842	37	52
dpca7g576780.842	37	53
dpca7g576810.842	37	54
dpca7g576820.842	37	55
dpca7g576830.842	37	56
dpca7g576840.842	37	57
dpca7g576850.842	37	58
dpca7g576860.842	37	59
dpca7g576870.842	37	60
dpca7g576880.842	37	61
dpca7g576890.842	37	62
dpca7g576900.842	37	63
dpca7g576910.842	37	64
dpca7g576920.842	37	65
dpca7g576930.842	37	66
dpca7g576950.842	37	67
dpca7g576970.842	37	68
dpca7g576980.842	37	69
dpca7g576990.842	37	70
dpca7g577000.842	37	71
dpca7g577010.842	37	72
dpca7g577020.842	37	73
dpca7g577030.842	37	74
dpca7g577040.842	37	75
dpca7g577050.842	37	76
dpca7g577070.842	37	77
dpca7g577080.842	37	78
dpca7g577090.842	37	79
dpca7g577110.842	37	80
dpca7g577120.842	37	81
dpca7g577130.842	37	82
dpca7g577150.842	37	83
dpca7g577170.842	37	84
dpca7g577180.842	37	85
dpca7g577190.842	37	86
dpca7g577200.842	37	87
dpca7g577210.842	37	88
dpca7g577220.842	37	89
dpca7g577240.842	37	90
dpca7g577250.842	37	91
dpca7g577260.842	37	92
dpca7g577270.842	37	93
dpca7g577280.842	37	94
dpca7g577300.842	37	95
dpca7g577310.842	37	96
dpca7g577320.842	37	97
dpca7g577330.842	37	98
dpca7g577340.842	37	99
dpca7g577350.842	37	100
dpca7g577360.842	37	101
dpca7g577370.842	37	102
dpca7g577420.842	37	103
dpca7g577440.842	37	104
dpca7g577450.842	37	105
dpca7g577460.842	37	106
dpca7g577470.842	37	107
dpca7g577490.842	37	108
dpca7g577500.842	37	109
dpca7g577520.842	37	110
dpca7g577530.842	37	111
dpca7g577540.842	37	112
dpca7g577550.842	37	113
dpca7g577560.842	37	114
dpca7g577570.842	37	115
dpca7g577580.842	37	116
dpca7g577600.842	37	117
dpca7g577610.842	37	118
dpca7g577630.842	37	119
dpca7g577640.842	37	120
dpca7g577650.842	37	121
dpca7g577660.842	37	122
dpca7g577670.842	37	123
dpca7g577680.842	37	124
dpca7g577690.842	37	125
dpca7g577700.842	37	126
dpca7g577710.842	37	127
dpca7g577720.842	37	128
dpca7g577730.842	37	129
dpca7g577740.842	37	130
dpca7g577750.842	37	131
dpca7g577760.842	37	132
dpca7g577770.842	37	133
dpca7g577780.842	37	134
dpca7g577790.842	37	135
dpca7g577810.842	37	136
dpca7g577820.842	37	137
dpca7g577840.842	37	138
dpca7g577850.842	37	139
dpca7g577890.842	37	140
dpca7g577900.842	37	141
dpca7g577910.842	37	142
dpca7g577920.842	37	143
dpca7g577930.842	37	144
dpca7g577940.842	37	145
dpca7g577950.842	37	146
dpca7g577960.842	37	147
dpca7g577970.842	37	148
dpca7g577980.842	37	149
dpca7g577990.842	37	150
dpca7g578000.842	37	151
dpca7g578030.842	37	152
dpca7g578040.842	37	153
dpca7g578050.842	37	154
dpca7g578060.842	37	155
dpca7g578070.842	37	156
dpca7g578080.842	37	157
dpca7g578090.842	37	158
dpca7g578100.842	37	159
dpca7g578110.842	37	160
dpca7g578120.842	37	161
dpca7g578130.842	37	162
dpca7g578140.842	37	163
dpca7g578150.842	37	164
dpca7g578160.842	37	165
dpca7g578170.842	37	166
dpca7g578180.842	37	167
dpca7g578190.842	37	168
dpca7g578200.842	37	169
dpca7g578210.842	37	170
dpca7g578220.842	37	171
dpca7g578230.842	37	172
dpca7g578240.842	37	173
dpca7g578250.842	37	174
dpca7g578260.842	37	175
dpca7g578270.842	37	176
dpca7g578280.842	37	177
dpca7g578290.842	37	178
dpca7g578300.842	37	179
dpca7g578310.842	37	180
